ISO-10303-21;
HEADER;
FILE_DESCRIPTION(('FreeCAD Model'),'2;1');
FILE_NAME('Open CASCADE Shape Model','2026-09-12T22:05:55',('FreeCAD'),(
    'FreeCAD'),'Open CASCADE STEP processor 7.8','FreeCAD','Unknown');
FILE_SCHEMA(('AUTOMOTIVE_DESIGN { 1 0 10303 214 1 1 1 1 }'));
ENDSEC;
DATA;
#1 = APPLICATION_PROTOCOL_DEFINITION('international standard',
  'automotive_design',2000,#2);
#2 = APPLICATION_CONTEXT(
  'core data for automotive mechanical design processes');
#3 = SHAPE_DEFINITION_REPRESENTATION(#4,#10);
#4 = PRODUCT_DEFINITION_SHAPE('','',#5);
#5 = PRODUCT_DEFINITION('design','',#6,#9);
#6 = PRODUCT_DEFINITION_FORMATION('','',#7);
#7 = PRODUCT('Open CASCADE STEP translator 7.8 1',
  'Open CASCADE STEP translator 7.8 1','',(#8));
#8 = PRODUCT_CONTEXT('',#2,'mechanical');
#9 = PRODUCT_DEFINITION_CONTEXT('part definition',#2,'design');
#10 = SHAPE_REPRESENTATION('',(#11,#15,#1535,#1627,#1719,#1811,#1903,
    #2349,#2890,#3479,#3571),#3663);
#11 = AXIS2_PLACEMENT_3D('',#12,#13,#14);
#12 = CARTESIAN_POINT('',(0.,0.,0.));
#13 = DIRECTION('',(0.,0.,1.));
#14 = DIRECTION('',(1.,0.,-0.));
#15 = MANIFOLD_SOLID_BREP('',#16);
#16 = CLOSED_SHELL('',(#17,#57,#158,#183,#208,#303,#424,#496,#513,#530,
    #542,#617,#641,#784,#801,#826,#851,#876,#901,#918,#950,#974,#998,
    #1022,#1046,#1070,#1088,#1105,#1122,#1139,#1156,#1173,#1190,#1207,
    #1224,#1281,#1312,#1381,#1398,#1415,#1439,#1468,#1489,#1501,#1518));
#17 = ADVANCED_FACE('',(#18),#52,.F.);
#18 = FACE_BOUND('',#19,.F.);
#19 = EDGE_LOOP('',(#20,#30,#38,#46));
#20 = ORIENTED_EDGE('',*,*,#21,.F.);
#21 = EDGE_CURVE('',#22,#24,#26,.T.);
#22 = VERTEX_POINT('',#23);
#23 = CARTESIAN_POINT('',(-8.881784197001E-16,6.,130.));
#24 = VERTEX_POINT('',#25);
#25 = CARTESIAN_POINT('',(-8.881784197001E-16,74.,130.));
#26 = LINE('',#27,#28);
#27 = CARTESIAN_POINT('',(0.,0.,130.));
#28 = VECTOR('',#29,1.);
#29 = DIRECTION('',(0.,1.,0.));
#30 = ORIENTED_EDGE('',*,*,#31,.F.);
#31 = EDGE_CURVE('',#32,#22,#34,.T.);
#32 = VERTEX_POINT('',#33);
#33 = CARTESIAN_POINT('',(-8.881784197001E-16,6.,0.));
#34 = LINE('',#35,#36);
#35 = CARTESIAN_POINT('',(-8.881784197001E-16,6.,0.));
#36 = VECTOR('',#37,1.);
#37 = DIRECTION('',(0.,0.,1.));
#38 = ORIENTED_EDGE('',*,*,#39,.T.);
#39 = EDGE_CURVE('',#32,#40,#42,.T.);
#40 = VERTEX_POINT('',#41);
#41 = CARTESIAN_POINT('',(-8.881784197001E-16,74.,0.));
#42 = LINE('',#43,#44);
#43 = CARTESIAN_POINT('',(0.,0.,0.));
#44 = VECTOR('',#45,1.);
#45 = DIRECTION('',(0.,1.,0.));
#46 = ORIENTED_EDGE('',*,*,#47,.T.);
#47 = EDGE_CURVE('',#40,#24,#48,.T.);
#48 = LINE('',#49,#50);
#49 = CARTESIAN_POINT('',(-8.881784197001E-16,74.,0.));
#50 = VECTOR('',#51,1.);
#51 = DIRECTION('',(0.,0.,1.));
#52 = PLANE('',#53);
#53 = AXIS2_PLACEMENT_3D('',#54,#55,#56);
#54 = CARTESIAN_POINT('',(0.,0.,0.));
#55 = DIRECTION('',(1.,0.,0.));
#56 = DIRECTION('',(0.,0.,1.));
#57 = ADVANCED_FACE('',(#58,#119),#153,.T.);
#58 = FACE_BOUND('',#59,.T.);
#59 = EDGE_LOOP('',(#60,#61,#70,#78,#87,#95,#104,#112));
#60 = ORIENTED_EDGE('',*,*,#21,.F.);
#61 = ORIENTED_EDGE('',*,*,#62,.T.);
#62 = EDGE_CURVE('',#22,#63,#65,.T.);
#63 = VERTEX_POINT('',#64);
#64 = CARTESIAN_POINT('',(6.,-8.881784197001E-16,130.));
#65 = CIRCLE('',#66,6.);
#66 = AXIS2_PLACEMENT_3D('',#67,#68,#69);
#67 = CARTESIAN_POINT('',(6.,6.,130.));
#68 = DIRECTION('',(-0.,0.,1.));
#69 = DIRECTION('',(0.,-1.,0.));
#70 = ORIENTED_EDGE('',*,*,#71,.T.);
#71 = EDGE_CURVE('',#63,#72,#74,.T.);
#72 = VERTEX_POINT('',#73);
#73 = CARTESIAN_POINT('',(106.,-8.881784197001E-16,130.));
#74 = LINE('',#75,#76);
#75 = CARTESIAN_POINT('',(0.,0.,130.));
#76 = VECTOR('',#77,1.);
#77 = DIRECTION('',(1.,0.,0.));
#78 = ORIENTED_EDGE('',*,*,#79,.F.);
#79 = EDGE_CURVE('',#80,#72,#82,.T.);
#80 = VERTEX_POINT('',#81);
#81 = CARTESIAN_POINT('',(112.,6.,130.));
#82 = CIRCLE('',#83,6.);
#83 = AXIS2_PLACEMENT_3D('',#84,#85,#86);
#84 = CARTESIAN_POINT('',(106.,6.,130.));
#85 = DIRECTION('',(-0.,-0.,-1.));
#86 = DIRECTION('',(0.,-1.,0.));
#87 = ORIENTED_EDGE('',*,*,#88,.T.);
#88 = EDGE_CURVE('',#80,#89,#91,.T.);
#89 = VERTEX_POINT('',#90);
#90 = CARTESIAN_POINT('',(112.,74.,130.));
#91 = LINE('',#92,#93);
#92 = CARTESIAN_POINT('',(112.,0.,130.));
#93 = VECTOR('',#94,1.);
#94 = DIRECTION('',(0.,1.,0.));
#95 = ORIENTED_EDGE('',*,*,#96,.T.);
#96 = EDGE_CURVE('',#89,#97,#99,.T.);
#97 = VERTEX_POINT('',#98);
#98 = CARTESIAN_POINT('',(106.,80.,130.));
#99 = CIRCLE('',#100,6.);
#100 = AXIS2_PLACEMENT_3D('',#101,#102,#103);
#101 = CARTESIAN_POINT('',(106.,74.,130.));
#102 = DIRECTION('',(-0.,0.,1.));
#103 = DIRECTION('',(0.,-1.,0.));
#104 = ORIENTED_EDGE('',*,*,#105,.F.);
#105 = EDGE_CURVE('',#106,#97,#108,.T.);
#106 = VERTEX_POINT('',#107);
#107 = CARTESIAN_POINT('',(6.,80.,130.));
#108 = LINE('',#109,#110);
#109 = CARTESIAN_POINT('',(0.,80.,130.));
#110 = VECTOR('',#111,1.);
#111 = DIRECTION('',(1.,0.,0.));
#112 = ORIENTED_EDGE('',*,*,#113,.F.);
#113 = EDGE_CURVE('',#24,#106,#114,.T.);
#114 = CIRCLE('',#115,6.);
#115 = AXIS2_PLACEMENT_3D('',#116,#117,#118);
#116 = CARTESIAN_POINT('',(6.,74.,130.));
#117 = DIRECTION('',(-0.,-0.,-1.));
#118 = DIRECTION('',(0.,-1.,0.));
#119 = FACE_BOUND('',#120,.T.);
#120 = EDGE_LOOP('',(#121,#131,#139,#147));
#121 = ORIENTED_EDGE('',*,*,#122,.T.);
#122 = EDGE_CURVE('',#123,#125,#127,.T.);
#123 = VERTEX_POINT('',#124);
#124 = CARTESIAN_POINT('',(108.,4.,130.));
#125 = VERTEX_POINT('',#126);
#126 = CARTESIAN_POINT('',(4.,4.,130.));
#127 = LINE('',#128,#129);
#128 = CARTESIAN_POINT('',(2.,4.,130.));
#129 = VECTOR('',#130,1.);
#130 = DIRECTION('',(-1.,0.,0.));
#131 = ORIENTED_EDGE('',*,*,#132,.T.);
#132 = EDGE_CURVE('',#125,#133,#135,.T.);
#133 = VERTEX_POINT('',#134);
#134 = CARTESIAN_POINT('',(4.,76.,130.));
#135 = LINE('',#136,#137);
#136 = CARTESIAN_POINT('',(4.,2.,130.));
#137 = VECTOR('',#138,1.);
#138 = DIRECTION('',(0.,1.,0.));
#139 = ORIENTED_EDGE('',*,*,#140,.F.);
#140 = EDGE_CURVE('',#141,#133,#143,.T.);
#141 = VERTEX_POINT('',#142);
#142 = CARTESIAN_POINT('',(108.,76.,130.));
#143 = LINE('',#144,#145);
#144 = CARTESIAN_POINT('',(2.,76.,130.));
#145 = VECTOR('',#146,1.);
#146 = DIRECTION('',(-1.,0.,0.));
#147 = ORIENTED_EDGE('',*,*,#148,.F.);
#148 = EDGE_CURVE('',#123,#141,#149,.T.);
#149 = LINE('',#150,#151);
#150 = CARTESIAN_POINT('',(108.,2.,130.));
#151 = VECTOR('',#152,1.);
#152 = DIRECTION('',(0.,1.,0.));
#153 = PLANE('',#154);
#154 = AXIS2_PLACEMENT_3D('',#155,#156,#157);
#155 = CARTESIAN_POINT('',(0.,0.,130.));
#156 = DIRECTION('',(0.,0.,1.));
#157 = DIRECTION('',(1.,0.,0.));
#158 = ADVANCED_FACE('',(#159),#178,.T.);
#159 = FACE_BOUND('',#160,.T.);
#160 = EDGE_LOOP('',(#161,#170,#176,#177));
#161 = ORIENTED_EDGE('',*,*,#162,.T.);
#162 = EDGE_CURVE('',#32,#163,#165,.T.);
#163 = VERTEX_POINT('',#164);
#164 = CARTESIAN_POINT('',(6.,-8.881784197001E-16,0.));
#165 = CIRCLE('',#166,6.);
#166 = AXIS2_PLACEMENT_3D('',#167,#168,#169);
#167 = CARTESIAN_POINT('',(6.,6.,0.));
#168 = DIRECTION('',(-0.,0.,1.));
#169 = DIRECTION('',(0.,-1.,0.));
#170 = ORIENTED_EDGE('',*,*,#171,.T.);
#171 = EDGE_CURVE('',#163,#63,#172,.T.);
#172 = LINE('',#173,#174);
#173 = CARTESIAN_POINT('',(6.,-8.881784197001E-16,0.));
#174 = VECTOR('',#175,1.);
#175 = DIRECTION('',(0.,0.,1.));
#176 = ORIENTED_EDGE('',*,*,#62,.F.);
#177 = ORIENTED_EDGE('',*,*,#31,.F.);
#178 = CYLINDRICAL_SURFACE('',#179,6.);
#179 = AXIS2_PLACEMENT_3D('',#180,#181,#182);
#180 = CARTESIAN_POINT('',(6.,6.,0.));
#181 = DIRECTION('',(0.,0.,1.));
#182 = DIRECTION('',(-1.,0.,0.));
#183 = ADVANCED_FACE('',(#184),#203,.T.);
#184 = FACE_BOUND('',#185,.T.);
#185 = EDGE_LOOP('',(#186,#187,#188,#196));
#186 = ORIENTED_EDGE('',*,*,#47,.T.);
#187 = ORIENTED_EDGE('',*,*,#113,.T.);
#188 = ORIENTED_EDGE('',*,*,#189,.F.);
#189 = EDGE_CURVE('',#190,#106,#192,.T.);
#190 = VERTEX_POINT('',#191);
#191 = CARTESIAN_POINT('',(6.,80.,0.));
#192 = LINE('',#193,#194);
#193 = CARTESIAN_POINT('',(6.,80.,0.));
#194 = VECTOR('',#195,1.);
#195 = DIRECTION('',(0.,0.,1.));
#196 = ORIENTED_EDGE('',*,*,#197,.F.);
#197 = EDGE_CURVE('',#40,#190,#198,.T.);
#198 = CIRCLE('',#199,6.);
#199 = AXIS2_PLACEMENT_3D('',#200,#201,#202);
#200 = CARTESIAN_POINT('',(6.,74.,0.));
#201 = DIRECTION('',(-0.,-0.,-1.));
#202 = DIRECTION('',(0.,-1.,0.));
#203 = CYLINDRICAL_SURFACE('',#204,6.);
#204 = AXIS2_PLACEMENT_3D('',#205,#206,#207);
#205 = CARTESIAN_POINT('',(6.,74.,0.));
#206 = DIRECTION('',(0.,0.,1.));
#207 = DIRECTION('',(-1.,0.,0.));
#208 = ADVANCED_FACE('',(#209,#254,#265,#276,#287),#298,.F.);
#209 = FACE_BOUND('',#210,.F.);
#210 = EDGE_LOOP('',(#211,#212,#213,#221,#230,#238,#247,#253));
#211 = ORIENTED_EDGE('',*,*,#39,.F.);
#212 = ORIENTED_EDGE('',*,*,#162,.T.);
#213 = ORIENTED_EDGE('',*,*,#214,.T.);
#214 = EDGE_CURVE('',#163,#215,#217,.T.);
#215 = VERTEX_POINT('',#216);
#216 = CARTESIAN_POINT('',(106.,-8.881784197001E-16,0.));
#217 = LINE('',#218,#219);
#218 = CARTESIAN_POINT('',(0.,0.,0.));
#219 = VECTOR('',#220,1.);
#220 = DIRECTION('',(1.,0.,0.));
#221 = ORIENTED_EDGE('',*,*,#222,.F.);
#222 = EDGE_CURVE('',#223,#215,#225,.T.);
#223 = VERTEX_POINT('',#224);
#224 = CARTESIAN_POINT('',(112.,6.,0.));
#225 = CIRCLE('',#226,6.);
#226 = AXIS2_PLACEMENT_3D('',#227,#228,#229);
#227 = CARTESIAN_POINT('',(106.,6.,0.));
#228 = DIRECTION('',(-0.,-0.,-1.));
#229 = DIRECTION('',(0.,-1.,0.));
#230 = ORIENTED_EDGE('',*,*,#231,.T.);
#231 = EDGE_CURVE('',#223,#232,#234,.T.);
#232 = VERTEX_POINT('',#233);
#233 = CARTESIAN_POINT('',(112.,74.,0.));
#234 = LINE('',#235,#236);
#235 = CARTESIAN_POINT('',(112.,0.,0.));
#236 = VECTOR('',#237,1.);
#237 = DIRECTION('',(0.,1.,0.));
#238 = ORIENTED_EDGE('',*,*,#239,.T.);
#239 = EDGE_CURVE('',#232,#240,#242,.T.);
#240 = VERTEX_POINT('',#241);
#241 = CARTESIAN_POINT('',(106.,80.,0.));
#242 = CIRCLE('',#243,6.);
#243 = AXIS2_PLACEMENT_3D('',#244,#245,#246);
#244 = CARTESIAN_POINT('',(106.,74.,0.));
#245 = DIRECTION('',(-0.,0.,1.));
#246 = DIRECTION('',(0.,-1.,0.));
#247 = ORIENTED_EDGE('',*,*,#248,.F.);
#248 = EDGE_CURVE('',#190,#240,#249,.T.);
#249 = LINE('',#250,#251);
#250 = CARTESIAN_POINT('',(0.,80.,0.));
#251 = VECTOR('',#252,1.);
#252 = DIRECTION('',(1.,0.,0.));
#253 = ORIENTED_EDGE('',*,*,#197,.F.);
#254 = FACE_BOUND('',#255,.F.);
#255 = EDGE_LOOP('',(#256));
#256 = ORIENTED_EDGE('',*,*,#257,.F.);
#257 = EDGE_CURVE('',#258,#258,#260,.T.);
#258 = VERTEX_POINT('',#259);
#259 = CARTESIAN_POINT('',(12.1,10.,0.));
#260 = CIRCLE('',#261,2.1);
#261 = AXIS2_PLACEMENT_3D('',#262,#263,#264);
#262 = CARTESIAN_POINT('',(10.,10.,0.));
#263 = DIRECTION('',(0.,0.,1.));
#264 = DIRECTION('',(1.,0.,0.));
#265 = FACE_BOUND('',#266,.F.);
#266 = EDGE_LOOP('',(#267));
#267 = ORIENTED_EDGE('',*,*,#268,.F.);
#268 = EDGE_CURVE('',#269,#269,#271,.T.);
#269 = VERTEX_POINT('',#270);
#270 = CARTESIAN_POINT('',(104.1,10.,0.));
#271 = CIRCLE('',#272,2.1);
#272 = AXIS2_PLACEMENT_3D('',#273,#274,#275);
#273 = CARTESIAN_POINT('',(102.,10.,0.));
#274 = DIRECTION('',(0.,0.,1.));
#275 = DIRECTION('',(1.,0.,0.));
#276 = FACE_BOUND('',#277,.F.);
#277 = EDGE_LOOP('',(#278));
#278 = ORIENTED_EDGE('',*,*,#279,.F.);
#279 = EDGE_CURVE('',#280,#280,#282,.T.);
#280 = VERTEX_POINT('',#281);
#281 = CARTESIAN_POINT('',(12.1,70.,0.));
#282 = CIRCLE('',#283,2.1);
#283 = AXIS2_PLACEMENT_3D('',#284,#285,#286);
#284 = CARTESIAN_POINT('',(10.,70.,0.));
#285 = DIRECTION('',(0.,0.,1.));
#286 = DIRECTION('',(1.,0.,0.));
#287 = FACE_BOUND('',#288,.F.);
#288 = EDGE_LOOP('',(#289));
#289 = ORIENTED_EDGE('',*,*,#290,.F.);
#290 = EDGE_CURVE('',#291,#291,#293,.T.);
#291 = VERTEX_POINT('',#292);
#292 = CARTESIAN_POINT('',(104.1,70.,0.));
#293 = CIRCLE('',#294,2.1);
#294 = AXIS2_PLACEMENT_3D('',#295,#296,#297);
#295 = CARTESIAN_POINT('',(102.,70.,0.));
#296 = DIRECTION('',(0.,0.,1.));
#297 = DIRECTION('',(1.,0.,0.));
#298 = PLANE('',#299);
#299 = AXIS2_PLACEMENT_3D('',#300,#301,#302);
#300 = CARTESIAN_POINT('',(0.,0.,0.));
#301 = DIRECTION('',(0.,0.,1.));
#302 = DIRECTION('',(1.,0.,0.));
#303 = ADVANCED_FACE('',(#304,#315,#326,#386,#397,#408),#419,.F.);
#304 = FACE_BOUND('',#305,.F.);
#305 = EDGE_LOOP('',(#306,#307,#308,#309));
#306 = ORIENTED_EDGE('',*,*,#214,.F.);
#307 = ORIENTED_EDGE('',*,*,#171,.T.);
#308 = ORIENTED_EDGE('',*,*,#71,.T.);
#309 = ORIENTED_EDGE('',*,*,#310,.F.);
#310 = EDGE_CURVE('',#215,#72,#311,.T.);
#311 = LINE('',#312,#313);
#312 = CARTESIAN_POINT('',(106.,-8.881784197001E-16,0.));
#313 = VECTOR('',#314,1.);
#314 = DIRECTION('',(0.,0.,1.));
#315 = FACE_BOUND('',#316,.F.);
#316 = EDGE_LOOP('',(#317));
#317 = ORIENTED_EDGE('',*,*,#318,.F.);
#318 = EDGE_CURVE('',#319,#319,#321,.T.);
#319 = VERTEX_POINT('',#320);
#320 = CARTESIAN_POINT('',(41.,0.,101.6));
#321 = CIRCLE('',#322,1.6);
#322 = AXIS2_PLACEMENT_3D('',#323,#324,#325);
#323 = CARTESIAN_POINT('',(41.,0.,100.));
#324 = DIRECTION('',(0.,1.,0.));
#325 = DIRECTION('',(0.,0.,1.));
#326 = FACE_BOUND('',#327,.F.);
#327 = EDGE_LOOP('',(#328,#339,#348,#356,#364,#372,#380));
#328 = ORIENTED_EDGE('',*,*,#329,.F.);
#329 = EDGE_CURVE('',#330,#332,#334,.T.);
#330 = VERTEX_POINT('',#331);
#331 = CARTESIAN_POINT('',(56.,0.,86.6));
#332 = VERTEX_POINT('',#333);
#333 = CARTESIAN_POINT('',(57.24899959968,0.,86.));
#334 = CIRCLE('',#335,1.6);
#335 = AXIS2_PLACEMENT_3D('',#336,#337,#338);
#336 = CARTESIAN_POINT('',(56.,0.,85.));
#337 = DIRECTION('',(0.,1.,0.));
#338 = DIRECTION('',(0.,0.,1.));
#339 = ORIENTED_EDGE('',*,*,#340,.F.);
#340 = EDGE_CURVE('',#341,#330,#343,.T.);
#341 = VERTEX_POINT('',#342);
#342 = CARTESIAN_POINT('',(54.75100040032,0.,86.));
#343 = CIRCLE('',#344,1.6);
#344 = AXIS2_PLACEMENT_3D('',#345,#346,#347);
#345 = CARTESIAN_POINT('',(56.,0.,85.));
#346 = DIRECTION('',(0.,1.,0.));
#347 = DIRECTION('',(0.,0.,1.));
#348 = ORIENTED_EDGE('',*,*,#349,.F.);
#349 = EDGE_CURVE('',#350,#341,#352,.T.);
#350 = VERTEX_POINT('',#351);
#351 = CARTESIAN_POINT('',(50.,0.,86.));
#352 = LINE('',#353,#354);
#353 = CARTESIAN_POINT('',(25.,0.,86.));
#354 = VECTOR('',#355,1.);
#355 = DIRECTION('',(1.,0.,0.));
#356 = ORIENTED_EDGE('',*,*,#357,.T.);
#357 = EDGE_CURVE('',#350,#358,#360,.T.);
#358 = VERTEX_POINT('',#359);
#359 = CARTESIAN_POINT('',(50.,0.,66.));
#360 = LINE('',#361,#362);
#361 = CARTESIAN_POINT('',(50.,0.,33.));
#362 = VECTOR('',#363,1.);
#363 = DIRECTION('',(0.,0.,-1.));
#364 = ORIENTED_EDGE('',*,*,#365,.T.);
#365 = EDGE_CURVE('',#358,#366,#368,.T.);
#366 = VERTEX_POINT('',#367);
#367 = CARTESIAN_POINT('',(62.,0.,66.));
#368 = LINE('',#369,#370);
#369 = CARTESIAN_POINT('',(25.,0.,66.));
#370 = VECTOR('',#371,1.);
#371 = DIRECTION('',(1.,0.,0.));
#372 = ORIENTED_EDGE('',*,*,#373,.F.);
#373 = EDGE_CURVE('',#374,#366,#376,.T.);
#374 = VERTEX_POINT('',#375);
#375 = CARTESIAN_POINT('',(62.,0.,86.));
#376 = LINE('',#377,#378);
#377 = CARTESIAN_POINT('',(62.,0.,33.));
#378 = VECTOR('',#379,1.);
#379 = DIRECTION('',(0.,0.,-1.));
#380 = ORIENTED_EDGE('',*,*,#381,.F.);
#381 = EDGE_CURVE('',#332,#374,#382,.T.);
#382 = LINE('',#383,#384);
#383 = CARTESIAN_POINT('',(25.,0.,86.));
#384 = VECTOR('',#385,1.);
#385 = DIRECTION('',(1.,0.,0.));
#386 = FACE_BOUND('',#387,.F.);
#387 = EDGE_LOOP('',(#388));
#388 = ORIENTED_EDGE('',*,*,#389,.F.);
#389 = EDGE_CURVE('',#390,#390,#392,.T.);
#390 = VERTEX_POINT('',#391);
#391 = CARTESIAN_POINT('',(56.,0.,103.));
#392 = CIRCLE('',#393,3.);
#393 = AXIS2_PLACEMENT_3D('',#394,#395,#396);
#394 = CARTESIAN_POINT('',(56.,0.,100.));
#395 = DIRECTION('',(0.,1.,0.));
#396 = DIRECTION('',(0.,0.,1.));
#397 = FACE_BOUND('',#398,.F.);
#398 = EDGE_LOOP('',(#399));
#399 = ORIENTED_EDGE('',*,*,#400,.F.);
#400 = EDGE_CURVE('',#401,#401,#403,.T.);
#401 = VERTEX_POINT('',#402);
#402 = CARTESIAN_POINT('',(56.,0.,116.6));
#403 = CIRCLE('',#404,1.6);
#404 = AXIS2_PLACEMENT_3D('',#405,#406,#407);
#405 = CARTESIAN_POINT('',(56.,0.,115.));
#406 = DIRECTION('',(0.,1.,0.));
#407 = DIRECTION('',(0.,0.,1.));
#408 = FACE_BOUND('',#409,.F.);
#409 = EDGE_LOOP('',(#410));
#410 = ORIENTED_EDGE('',*,*,#411,.F.);
#411 = EDGE_CURVE('',#412,#412,#414,.T.);
#412 = VERTEX_POINT('',#413);
#413 = CARTESIAN_POINT('',(71.,0.,101.6));
#414 = CIRCLE('',#415,1.6);
#415 = AXIS2_PLACEMENT_3D('',#416,#417,#418);
#416 = CARTESIAN_POINT('',(71.,0.,100.));
#417 = DIRECTION('',(0.,1.,0.));
#418 = DIRECTION('',(0.,0.,1.));
#419 = PLANE('',#420);
#420 = AXIS2_PLACEMENT_3D('',#421,#422,#423);
#421 = CARTESIAN_POINT('',(0.,0.,0.));
#422 = DIRECTION('',(0.,1.,0.));
#423 = DIRECTION('',(0.,0.,1.));
#424 = ADVANCED_FACE('',(#425,#436,#447,#458,#469,#480),#491,.T.);
#425 = FACE_BOUND('',#426,.T.);
#426 = EDGE_LOOP('',(#427,#428,#429,#430));
#427 = ORIENTED_EDGE('',*,*,#248,.F.);
#428 = ORIENTED_EDGE('',*,*,#189,.T.);
#429 = ORIENTED_EDGE('',*,*,#105,.T.);
#430 = ORIENTED_EDGE('',*,*,#431,.F.);
#431 = EDGE_CURVE('',#240,#97,#432,.T.);
#432 = LINE('',#433,#434);
#433 = CARTESIAN_POINT('',(106.,80.,0.));
#434 = VECTOR('',#435,1.);
#435 = DIRECTION('',(0.,0.,1.));
#436 = FACE_BOUND('',#437,.T.);
#437 = EDGE_LOOP('',(#438));
#438 = ORIENTED_EDGE('',*,*,#439,.F.);
#439 = EDGE_CURVE('',#440,#440,#442,.T.);
#440 = VERTEX_POINT('',#441);
#441 = CARTESIAN_POINT('',(41.,80.,101.6));
#442 = CIRCLE('',#443,1.6);
#443 = AXIS2_PLACEMENT_3D('',#444,#445,#446);
#444 = CARTESIAN_POINT('',(41.,80.,100.));
#445 = DIRECTION('',(0.,1.,0.));
#446 = DIRECTION('',(0.,0.,1.));
#447 = FACE_BOUND('',#448,.T.);
#448 = EDGE_LOOP('',(#449));
#449 = ORIENTED_EDGE('',*,*,#450,.F.);
#450 = EDGE_CURVE('',#451,#451,#453,.T.);
#451 = VERTEX_POINT('',#452);
#452 = CARTESIAN_POINT('',(56.,80.,86.6));
#453 = CIRCLE('',#454,1.6);
#454 = AXIS2_PLACEMENT_3D('',#455,#456,#457);
#455 = CARTESIAN_POINT('',(56.,80.,85.));
#456 = DIRECTION('',(0.,1.,0.));
#457 = DIRECTION('',(0.,0.,1.));
#458 = FACE_BOUND('',#459,.T.);
#459 = EDGE_LOOP('',(#460));
#460 = ORIENTED_EDGE('',*,*,#461,.F.);
#461 = EDGE_CURVE('',#462,#462,#464,.T.);
#462 = VERTEX_POINT('',#463);
#463 = CARTESIAN_POINT('',(56.,80.,103.));
#464 = CIRCLE('',#465,3.);
#465 = AXIS2_PLACEMENT_3D('',#466,#467,#468);
#466 = CARTESIAN_POINT('',(56.,80.,100.));
#467 = DIRECTION('',(0.,1.,0.));
#468 = DIRECTION('',(0.,0.,1.));
#469 = FACE_BOUND('',#470,.T.);
#470 = EDGE_LOOP('',(#471));
#471 = ORIENTED_EDGE('',*,*,#472,.F.);
#472 = EDGE_CURVE('',#473,#473,#475,.T.);
#473 = VERTEX_POINT('',#474);
#474 = CARTESIAN_POINT('',(56.,80.,116.6));
#475 = CIRCLE('',#476,1.6);
#476 = AXIS2_PLACEMENT_3D('',#477,#478,#479);
#477 = CARTESIAN_POINT('',(56.,80.,115.));
#478 = DIRECTION('',(0.,1.,0.));
#479 = DIRECTION('',(0.,0.,1.));
#480 = FACE_BOUND('',#481,.T.);
#481 = EDGE_LOOP('',(#482));
#482 = ORIENTED_EDGE('',*,*,#483,.F.);
#483 = EDGE_CURVE('',#484,#484,#486,.T.);
#484 = VERTEX_POINT('',#485);
#485 = CARTESIAN_POINT('',(71.,80.,101.6));
#486 = CIRCLE('',#487,1.6);
#487 = AXIS2_PLACEMENT_3D('',#488,#489,#490);
#488 = CARTESIAN_POINT('',(71.,80.,100.));
#489 = DIRECTION('',(0.,1.,0.));
#490 = DIRECTION('',(0.,0.,1.));
#491 = PLANE('',#492);
#492 = AXIS2_PLACEMENT_3D('',#493,#494,#495);
#493 = CARTESIAN_POINT('',(0.,80.,0.));
#494 = DIRECTION('',(0.,1.,0.));
#495 = DIRECTION('',(0.,0.,1.));
#496 = ADVANCED_FACE('',(#497),#508,.T.);
#497 = FACE_BOUND('',#498,.T.);
#498 = EDGE_LOOP('',(#499,#505,#506,#507));
#499 = ORIENTED_EDGE('',*,*,#500,.T.);
#500 = EDGE_CURVE('',#223,#80,#501,.T.);
#501 = LINE('',#502,#503);
#502 = CARTESIAN_POINT('',(112.,6.,0.));
#503 = VECTOR('',#504,1.);
#504 = DIRECTION('',(0.,0.,1.));
#505 = ORIENTED_EDGE('',*,*,#79,.T.);
#506 = ORIENTED_EDGE('',*,*,#310,.F.);
#507 = ORIENTED_EDGE('',*,*,#222,.F.);
#508 = CYLINDRICAL_SURFACE('',#509,6.);
#509 = AXIS2_PLACEMENT_3D('',#510,#511,#512);
#510 = CARTESIAN_POINT('',(106.,6.,0.));
#511 = DIRECTION('',(0.,0.,1.));
#512 = DIRECTION('',(1.,0.,0.));
#513 = ADVANCED_FACE('',(#514),#525,.T.);
#514 = FACE_BOUND('',#515,.T.);
#515 = EDGE_LOOP('',(#516,#517,#518,#519));
#516 = ORIENTED_EDGE('',*,*,#239,.T.);
#517 = ORIENTED_EDGE('',*,*,#431,.T.);
#518 = ORIENTED_EDGE('',*,*,#96,.F.);
#519 = ORIENTED_EDGE('',*,*,#520,.F.);
#520 = EDGE_CURVE('',#232,#89,#521,.T.);
#521 = LINE('',#522,#523);
#522 = CARTESIAN_POINT('',(112.,74.,0.));
#523 = VECTOR('',#524,1.);
#524 = DIRECTION('',(0.,0.,1.));
#525 = CYLINDRICAL_SURFACE('',#526,6.);
#526 = AXIS2_PLACEMENT_3D('',#527,#528,#529);
#527 = CARTESIAN_POINT('',(106.,74.,0.));
#528 = DIRECTION('',(0.,0.,1.));
#529 = DIRECTION('',(1.,0.,0.));
#530 = ADVANCED_FACE('',(#531),#537,.T.);
#531 = FACE_BOUND('',#532,.T.);
#532 = EDGE_LOOP('',(#533,#534,#535,#536));
#533 = ORIENTED_EDGE('',*,*,#88,.F.);
#534 = ORIENTED_EDGE('',*,*,#500,.F.);
#535 = ORIENTED_EDGE('',*,*,#231,.T.);
#536 = ORIENTED_EDGE('',*,*,#520,.T.);
#537 = PLANE('',#538);
#538 = AXIS2_PLACEMENT_3D('',#539,#540,#541);
#539 = CARTESIAN_POINT('',(112.,0.,0.));
#540 = DIRECTION('',(1.,0.,0.));
#541 = DIRECTION('',(0.,0.,1.));
#542 = ADVANCED_FACE('',(#543,#568,#579,#590,#601),#612,.T.);
#543 = FACE_BOUND('',#544,.T.);
#544 = EDGE_LOOP('',(#545,#553,#561,#567));
#545 = ORIENTED_EDGE('',*,*,#546,.F.);
#546 = EDGE_CURVE('',#547,#123,#549,.T.);
#547 = VERTEX_POINT('',#548);
#548 = CARTESIAN_POINT('',(108.,4.,96.));
#549 = LINE('',#550,#551);
#550 = CARTESIAN_POINT('',(108.,4.,4.));
#551 = VECTOR('',#552,1.);
#552 = DIRECTION('',(0.,0.,1.));
#553 = ORIENTED_EDGE('',*,*,#554,.F.);
#554 = EDGE_CURVE('',#555,#547,#557,.T.);
#555 = VERTEX_POINT('',#556);
#556 = CARTESIAN_POINT('',(4.,4.,96.));
#557 = LINE('',#558,#559);
#558 = CARTESIAN_POINT('',(4.,4.,96.));
#559 = VECTOR('',#560,1.);
#560 = DIRECTION('',(1.,0.,0.));
#561 = ORIENTED_EDGE('',*,*,#562,.T.);
#562 = EDGE_CURVE('',#555,#125,#563,.T.);
#563 = LINE('',#564,#565);
#564 = CARTESIAN_POINT('',(4.,4.,4.));
#565 = VECTOR('',#566,1.);
#566 = DIRECTION('',(0.,0.,1.));
#567 = ORIENTED_EDGE('',*,*,#122,.F.);
#568 = FACE_BOUND('',#569,.T.);
#569 = EDGE_LOOP('',(#570));
#570 = ORIENTED_EDGE('',*,*,#571,.F.);
#571 = EDGE_CURVE('',#572,#572,#574,.T.);
#572 = VERTEX_POINT('',#573);
#573 = CARTESIAN_POINT('',(41.,4.,101.6));
#574 = CIRCLE('',#575,1.6);
#575 = AXIS2_PLACEMENT_3D('',#576,#577,#578);
#576 = CARTESIAN_POINT('',(41.,4.,100.));
#577 = DIRECTION('',(0.,1.,0.));
#578 = DIRECTION('',(0.,0.,1.));
#579 = FACE_BOUND('',#580,.T.);
#580 = EDGE_LOOP('',(#581));
#581 = ORIENTED_EDGE('',*,*,#582,.F.);
#582 = EDGE_CURVE('',#583,#583,#585,.T.);
#583 = VERTEX_POINT('',#584);
#584 = CARTESIAN_POINT('',(56.,4.,103.));
#585 = CIRCLE('',#586,3.);
#586 = AXIS2_PLACEMENT_3D('',#587,#588,#589);
#587 = CARTESIAN_POINT('',(56.,4.,100.));
#588 = DIRECTION('',(0.,1.,0.));
#589 = DIRECTION('',(0.,0.,1.));
#590 = FACE_BOUND('',#591,.T.);
#591 = EDGE_LOOP('',(#592));
#592 = ORIENTED_EDGE('',*,*,#593,.F.);
#593 = EDGE_CURVE('',#594,#594,#596,.T.);
#594 = VERTEX_POINT('',#595);
#595 = CARTESIAN_POINT('',(56.,4.,116.6));
#596 = CIRCLE('',#597,1.6);
#597 = AXIS2_PLACEMENT_3D('',#598,#599,#600);
#598 = CARTESIAN_POINT('',(56.,4.,115.));
#599 = DIRECTION('',(0.,1.,0.));
#600 = DIRECTION('',(0.,0.,1.));
#601 = FACE_BOUND('',#602,.T.);
#602 = EDGE_LOOP('',(#603));
#603 = ORIENTED_EDGE('',*,*,#604,.F.);
#604 = EDGE_CURVE('',#605,#605,#607,.T.);
#605 = VERTEX_POINT('',#606);
#606 = CARTESIAN_POINT('',(71.,4.,101.6));
#607 = CIRCLE('',#608,1.6);
#608 = AXIS2_PLACEMENT_3D('',#609,#610,#611);
#609 = CARTESIAN_POINT('',(71.,4.,100.));
#610 = DIRECTION('',(0.,1.,0.));
#611 = DIRECTION('',(0.,0.,1.));
#612 = PLANE('',#613);
#613 = AXIS2_PLACEMENT_3D('',#614,#615,#616);
#614 = CARTESIAN_POINT('',(4.,4.,4.));
#615 = DIRECTION('',(0.,1.,0.));
#616 = DIRECTION('',(0.,0.,1.));
#617 = ADVANCED_FACE('',(#618),#636,.F.);
#618 = FACE_BOUND('',#619,.F.);
#619 = EDGE_LOOP('',(#620,#621,#629,#635));
#620 = ORIENTED_EDGE('',*,*,#546,.F.);
#621 = ORIENTED_EDGE('',*,*,#622,.T.);
#622 = EDGE_CURVE('',#547,#623,#625,.T.);
#623 = VERTEX_POINT('',#624);
#624 = CARTESIAN_POINT('',(108.,76.,96.));
#625 = LINE('',#626,#627);
#626 = CARTESIAN_POINT('',(108.,4.,96.));
#627 = VECTOR('',#628,1.);
#628 = DIRECTION('',(0.,1.,0.));
#629 = ORIENTED_EDGE('',*,*,#630,.T.);
#630 = EDGE_CURVE('',#623,#141,#631,.T.);
#631 = LINE('',#632,#633);
#632 = CARTESIAN_POINT('',(108.,76.,4.));
#633 = VECTOR('',#634,1.);
#634 = DIRECTION('',(0.,0.,1.));
#635 = ORIENTED_EDGE('',*,*,#148,.F.);
#636 = PLANE('',#637);
#637 = AXIS2_PLACEMENT_3D('',#638,#639,#640);
#638 = CARTESIAN_POINT('',(108.,4.,4.));
#639 = DIRECTION('',(1.,0.,0.));
#640 = DIRECTION('',(0.,0.,1.));
#641 = ADVANCED_FACE('',(#642,#724,#735,#746,#757,#768),#779,.F.);
#642 = FACE_BOUND('',#643,.F.);
#643 = EDGE_LOOP('',(#644,#654,#662,#670,#678,#686,#694,#700,#701,#702,
    #710,#718));
#644 = ORIENTED_EDGE('',*,*,#645,.F.);
#645 = EDGE_CURVE('',#646,#648,#650,.T.);
#646 = VERTEX_POINT('',#647);
#647 = CARTESIAN_POINT('',(108.,76.,4.));
#648 = VERTEX_POINT('',#649);
#649 = CARTESIAN_POINT('',(108.,76.,92.));
#650 = LINE('',#651,#652);
#651 = CARTESIAN_POINT('',(108.,76.,4.));
#652 = VECTOR('',#653,1.);
#653 = DIRECTION('',(0.,0.,1.));
#654 = ORIENTED_EDGE('',*,*,#655,.F.);
#655 = EDGE_CURVE('',#656,#646,#658,.T.);
#656 = VERTEX_POINT('',#657);
#657 = CARTESIAN_POINT('',(4.,76.,4.));
#658 = LINE('',#659,#660);
#659 = CARTESIAN_POINT('',(4.,76.,4.));
#660 = VECTOR('',#661,1.);
#661 = DIRECTION('',(1.,0.,0.));
#662 = ORIENTED_EDGE('',*,*,#663,.T.);
#663 = EDGE_CURVE('',#656,#664,#666,.T.);
#664 = VERTEX_POINT('',#665);
#665 = CARTESIAN_POINT('',(4.,76.,92.));
#666 = LINE('',#667,#668);
#667 = CARTESIAN_POINT('',(4.,76.,4.));
#668 = VECTOR('',#669,1.);
#669 = DIRECTION('',(0.,0.,1.));
#670 = ORIENTED_EDGE('',*,*,#671,.T.);
#671 = EDGE_CURVE('',#664,#672,#674,.T.);
#672 = VERTEX_POINT('',#673);
#673 = CARTESIAN_POINT('',(45.9,76.,92.));
#674 = LINE('',#675,#676);
#675 = CARTESIAN_POINT('',(4.,76.,92.));
#676 = VECTOR('',#677,1.);
#677 = DIRECTION('',(1.,0.,0.));
#678 = ORIENTED_EDGE('',*,*,#679,.F.);
#679 = EDGE_CURVE('',#680,#672,#682,.T.);
#680 = VERTEX_POINT('',#681);
#681 = CARTESIAN_POINT('',(45.9,76.,96.));
#682 = LINE('',#683,#684);
#683 = CARTESIAN_POINT('',(45.9,76.,92.));
#684 = VECTOR('',#685,1.);
#685 = DIRECTION('',(0.,0.,-1.));
#686 = ORIENTED_EDGE('',*,*,#687,.F.);
#687 = EDGE_CURVE('',#688,#680,#690,.T.);
#688 = VERTEX_POINT('',#689);
#689 = CARTESIAN_POINT('',(4.,76.,96.));
#690 = LINE('',#691,#692);
#691 = CARTESIAN_POINT('',(4.,76.,96.));
#692 = VECTOR('',#693,1.);
#693 = DIRECTION('',(1.,0.,0.));
#694 = ORIENTED_EDGE('',*,*,#695,.T.);
#695 = EDGE_CURVE('',#688,#133,#696,.T.);
#696 = LINE('',#697,#698);
#697 = CARTESIAN_POINT('',(4.,76.,4.));
#698 = VECTOR('',#699,1.);
#699 = DIRECTION('',(0.,0.,1.));
#700 = ORIENTED_EDGE('',*,*,#140,.F.);
#701 = ORIENTED_EDGE('',*,*,#630,.F.);
#702 = ORIENTED_EDGE('',*,*,#703,.F.);
#703 = EDGE_CURVE('',#704,#623,#706,.T.);
#704 = VERTEX_POINT('',#705);
#705 = CARTESIAN_POINT('',(66.1,76.,96.));
#706 = LINE('',#707,#708);
#707 = CARTESIAN_POINT('',(4.,76.,96.));
#708 = VECTOR('',#709,1.);
#709 = DIRECTION('',(1.,0.,0.));
#710 = ORIENTED_EDGE('',*,*,#711,.T.);
#711 = EDGE_CURVE('',#704,#712,#714,.T.);
#712 = VERTEX_POINT('',#713);
#713 = CARTESIAN_POINT('',(66.1,76.,92.));
#714 = LINE('',#715,#716);
#715 = CARTESIAN_POINT('',(66.1,76.,92.));
#716 = VECTOR('',#717,1.);
#717 = DIRECTION('',(0.,0.,-1.));
#718 = ORIENTED_EDGE('',*,*,#719,.T.);
#719 = EDGE_CURVE('',#712,#648,#720,.T.);
#720 = LINE('',#721,#722);
#721 = CARTESIAN_POINT('',(4.,76.,92.));
#722 = VECTOR('',#723,1.);
#723 = DIRECTION('',(1.,0.,0.));
#724 = FACE_BOUND('',#725,.F.);
#725 = EDGE_LOOP('',(#726));
#726 = ORIENTED_EDGE('',*,*,#727,.F.);
#727 = EDGE_CURVE('',#728,#728,#730,.T.);
#728 = VERTEX_POINT('',#729);
#729 = CARTESIAN_POINT('',(41.,76.,101.6));
#730 = CIRCLE('',#731,1.6);
#731 = AXIS2_PLACEMENT_3D('',#732,#733,#734);
#732 = CARTESIAN_POINT('',(41.,76.,100.));
#733 = DIRECTION('',(0.,1.,0.));
#734 = DIRECTION('',(0.,0.,1.));
#735 = FACE_BOUND('',#736,.F.);
#736 = EDGE_LOOP('',(#737));
#737 = ORIENTED_EDGE('',*,*,#738,.F.);
#738 = EDGE_CURVE('',#739,#739,#741,.T.);
#739 = VERTEX_POINT('',#740);
#740 = CARTESIAN_POINT('',(56.,76.,86.6));
#741 = CIRCLE('',#742,1.6);
#742 = AXIS2_PLACEMENT_3D('',#743,#744,#745);
#743 = CARTESIAN_POINT('',(56.,76.,85.));
#744 = DIRECTION('',(0.,1.,0.));
#745 = DIRECTION('',(0.,0.,1.));
#746 = FACE_BOUND('',#747,.F.);
#747 = EDGE_LOOP('',(#748));
#748 = ORIENTED_EDGE('',*,*,#749,.F.);
#749 = EDGE_CURVE('',#750,#750,#752,.T.);
#750 = VERTEX_POINT('',#751);
#751 = CARTESIAN_POINT('',(56.,76.,103.));
#752 = CIRCLE('',#753,3.);
#753 = AXIS2_PLACEMENT_3D('',#754,#755,#756);
#754 = CARTESIAN_POINT('',(56.,76.,100.));
#755 = DIRECTION('',(0.,1.,0.));
#756 = DIRECTION('',(0.,0.,1.));
#757 = FACE_BOUND('',#758,.F.);
#758 = EDGE_LOOP('',(#759));
#759 = ORIENTED_EDGE('',*,*,#760,.F.);
#760 = EDGE_CURVE('',#761,#761,#763,.T.);
#761 = VERTEX_POINT('',#762);
#762 = CARTESIAN_POINT('',(56.,76.,116.6));
#763 = CIRCLE('',#764,1.6);
#764 = AXIS2_PLACEMENT_3D('',#765,#766,#767);
#765 = CARTESIAN_POINT('',(56.,76.,115.));
#766 = DIRECTION('',(0.,1.,0.));
#767 = DIRECTION('',(0.,0.,1.));
#768 = FACE_BOUND('',#769,.F.);
#769 = EDGE_LOOP('',(#770));
#770 = ORIENTED_EDGE('',*,*,#771,.F.);
#771 = EDGE_CURVE('',#772,#772,#774,.T.);
#772 = VERTEX_POINT('',#773);
#773 = CARTESIAN_POINT('',(71.,76.,101.6));
#774 = CIRCLE('',#775,1.6);
#775 = AXIS2_PLACEMENT_3D('',#776,#777,#778);
#776 = CARTESIAN_POINT('',(71.,76.,100.));
#777 = DIRECTION('',(0.,1.,0.));
#778 = DIRECTION('',(0.,0.,1.));
#779 = PLANE('',#780);
#780 = AXIS2_PLACEMENT_3D('',#781,#782,#783);
#781 = CARTESIAN_POINT('',(4.,76.,4.));
#782 = DIRECTION('',(0.,1.,0.));
#783 = DIRECTION('',(0.,0.,1.));
#784 = ADVANCED_FACE('',(#785),#796,.T.);
#785 = FACE_BOUND('',#786,.T.);
#786 = EDGE_LOOP('',(#787,#788,#794,#795));
#787 = ORIENTED_EDGE('',*,*,#562,.F.);
#788 = ORIENTED_EDGE('',*,*,#789,.T.);
#789 = EDGE_CURVE('',#555,#688,#790,.T.);
#790 = LINE('',#791,#792);
#791 = CARTESIAN_POINT('',(4.,4.,96.));
#792 = VECTOR('',#793,1.);
#793 = DIRECTION('',(0.,1.,0.));
#794 = ORIENTED_EDGE('',*,*,#695,.T.);
#795 = ORIENTED_EDGE('',*,*,#132,.F.);
#796 = PLANE('',#797);
#797 = AXIS2_PLACEMENT_3D('',#798,#799,#800);
#798 = CARTESIAN_POINT('',(4.,4.,4.));
#799 = DIRECTION('',(1.,0.,0.));
#800 = DIRECTION('',(0.,0.,1.));
#801 = ADVANCED_FACE('',(#802),#821,.F.);
#802 = FACE_BOUND('',#803,.F.);
#803 = EDGE_LOOP('',(#804,#813,#819,#820));
#804 = ORIENTED_EDGE('',*,*,#805,.F.);
#805 = EDGE_CURVE('',#806,#806,#808,.T.);
#806 = VERTEX_POINT('',#807);
#807 = CARTESIAN_POINT('',(12.1,10.,4.));
#808 = CIRCLE('',#809,2.1);
#809 = AXIS2_PLACEMENT_3D('',#810,#811,#812);
#810 = CARTESIAN_POINT('',(10.,10.,4.));
#811 = DIRECTION('',(0.,0.,1.));
#812 = DIRECTION('',(1.,0.,0.));
#813 = ORIENTED_EDGE('',*,*,#814,.F.);
#814 = EDGE_CURVE('',#258,#806,#815,.T.);
#815 = LINE('',#816,#817);
#816 = CARTESIAN_POINT('',(12.1,10.,0.));
#817 = VECTOR('',#818,1.);
#818 = DIRECTION('',(0.,0.,1.));
#819 = ORIENTED_EDGE('',*,*,#257,.T.);
#820 = ORIENTED_EDGE('',*,*,#814,.T.);
#821 = CYLINDRICAL_SURFACE('',#822,2.1);
#822 = AXIS2_PLACEMENT_3D('',#823,#824,#825);
#823 = CARTESIAN_POINT('',(10.,10.,0.));
#824 = DIRECTION('',(0.,0.,1.));
#825 = DIRECTION('',(1.,0.,0.));
#826 = ADVANCED_FACE('',(#827),#846,.F.);
#827 = FACE_BOUND('',#828,.F.);
#828 = EDGE_LOOP('',(#829,#838,#844,#845));
#829 = ORIENTED_EDGE('',*,*,#830,.F.);
#830 = EDGE_CURVE('',#831,#831,#833,.T.);
#831 = VERTEX_POINT('',#832);
#832 = CARTESIAN_POINT('',(104.1,10.,4.));
#833 = CIRCLE('',#834,2.1);
#834 = AXIS2_PLACEMENT_3D('',#835,#836,#837);
#835 = CARTESIAN_POINT('',(102.,10.,4.));
#836 = DIRECTION('',(0.,0.,1.));
#837 = DIRECTION('',(1.,0.,0.));
#838 = ORIENTED_EDGE('',*,*,#839,.F.);
#839 = EDGE_CURVE('',#269,#831,#840,.T.);
#840 = LINE('',#841,#842);
#841 = CARTESIAN_POINT('',(104.1,10.,0.));
#842 = VECTOR('',#843,1.);
#843 = DIRECTION('',(0.,0.,1.));
#844 = ORIENTED_EDGE('',*,*,#268,.T.);
#845 = ORIENTED_EDGE('',*,*,#839,.T.);
#846 = CYLINDRICAL_SURFACE('',#847,2.1);
#847 = AXIS2_PLACEMENT_3D('',#848,#849,#850);
#848 = CARTESIAN_POINT('',(102.,10.,0.));
#849 = DIRECTION('',(0.,0.,1.));
#850 = DIRECTION('',(1.,0.,0.));
#851 = ADVANCED_FACE('',(#852),#871,.F.);
#852 = FACE_BOUND('',#853,.F.);
#853 = EDGE_LOOP('',(#854,#863,#869,#870));
#854 = ORIENTED_EDGE('',*,*,#855,.F.);
#855 = EDGE_CURVE('',#856,#856,#858,.T.);
#856 = VERTEX_POINT('',#857);
#857 = CARTESIAN_POINT('',(12.1,70.,4.));
#858 = CIRCLE('',#859,2.1);
#859 = AXIS2_PLACEMENT_3D('',#860,#861,#862);
#860 = CARTESIAN_POINT('',(10.,70.,4.));
#861 = DIRECTION('',(0.,0.,1.));
#862 = DIRECTION('',(1.,0.,0.));
#863 = ORIENTED_EDGE('',*,*,#864,.F.);
#864 = EDGE_CURVE('',#280,#856,#865,.T.);
#865 = LINE('',#866,#867);
#866 = CARTESIAN_POINT('',(12.1,70.,0.));
#867 = VECTOR('',#868,1.);
#868 = DIRECTION('',(0.,0.,1.));
#869 = ORIENTED_EDGE('',*,*,#279,.T.);
#870 = ORIENTED_EDGE('',*,*,#864,.T.);
#871 = CYLINDRICAL_SURFACE('',#872,2.1);
#872 = AXIS2_PLACEMENT_3D('',#873,#874,#875);
#873 = CARTESIAN_POINT('',(10.,70.,0.));
#874 = DIRECTION('',(0.,0.,1.));
#875 = DIRECTION('',(1.,0.,0.));
#876 = ADVANCED_FACE('',(#877),#896,.F.);
#877 = FACE_BOUND('',#878,.F.);
#878 = EDGE_LOOP('',(#879,#888,#894,#895));
#879 = ORIENTED_EDGE('',*,*,#880,.F.);
#880 = EDGE_CURVE('',#881,#881,#883,.T.);
#881 = VERTEX_POINT('',#882);
#882 = CARTESIAN_POINT('',(104.1,70.,4.));
#883 = CIRCLE('',#884,2.1);
#884 = AXIS2_PLACEMENT_3D('',#885,#886,#887);
#885 = CARTESIAN_POINT('',(102.,70.,4.));
#886 = DIRECTION('',(0.,0.,1.));
#887 = DIRECTION('',(1.,0.,0.));
#888 = ORIENTED_EDGE('',*,*,#889,.F.);
#889 = EDGE_CURVE('',#291,#881,#890,.T.);
#890 = LINE('',#891,#892);
#891 = CARTESIAN_POINT('',(104.1,70.,0.));
#892 = VECTOR('',#893,1.);
#893 = DIRECTION('',(0.,0.,1.));
#894 = ORIENTED_EDGE('',*,*,#290,.T.);
#895 = ORIENTED_EDGE('',*,*,#889,.T.);
#896 = CYLINDRICAL_SURFACE('',#897,2.1);
#897 = AXIS2_PLACEMENT_3D('',#898,#899,#900);
#898 = CARTESIAN_POINT('',(102.,70.,0.));
#899 = DIRECTION('',(0.,0.,1.));
#900 = DIRECTION('',(1.,0.,0.));
#901 = ADVANCED_FACE('',(#902),#913,.F.);
#902 = FACE_BOUND('',#903,.F.);
#903 = EDGE_LOOP('',(#904,#905,#911,#912));
#904 = ORIENTED_EDGE('',*,*,#571,.F.);
#905 = ORIENTED_EDGE('',*,*,#906,.F.);
#906 = EDGE_CURVE('',#319,#572,#907,.T.);
#907 = LINE('',#908,#909);
#908 = CARTESIAN_POINT('',(41.,0.,101.6));
#909 = VECTOR('',#910,1.);
#910 = DIRECTION('',(0.,1.,0.));
#911 = ORIENTED_EDGE('',*,*,#318,.T.);
#912 = ORIENTED_EDGE('',*,*,#906,.T.);
#913 = CYLINDRICAL_SURFACE('',#914,1.6);
#914 = AXIS2_PLACEMENT_3D('',#915,#916,#917);
#915 = CARTESIAN_POINT('',(41.,0.,100.));
#916 = DIRECTION('',(0.,1.,0.));
#917 = DIRECTION('',(0.,0.,1.));
#918 = ADVANCED_FACE('',(#919),#945,.F.);
#919 = FACE_BOUND('',#920,.F.);
#920 = EDGE_LOOP('',(#921,#932,#938,#939));
#921 = ORIENTED_EDGE('',*,*,#922,.F.);
#922 = EDGE_CURVE('',#923,#925,#927,.T.);
#923 = VERTEX_POINT('',#924);
#924 = CARTESIAN_POINT('',(56.,4.,86.6));
#925 = VERTEX_POINT('',#926);
#926 = CARTESIAN_POINT('',(57.24899959968,4.,86.));
#927 = CIRCLE('',#928,1.6);
#928 = AXIS2_PLACEMENT_3D('',#929,#930,#931);
#929 = CARTESIAN_POINT('',(56.,4.,85.));
#930 = DIRECTION('',(0.,1.,0.));
#931 = DIRECTION('',(0.,0.,1.));
#932 = ORIENTED_EDGE('',*,*,#933,.F.);
#933 = EDGE_CURVE('',#330,#923,#934,.T.);
#934 = LINE('',#935,#936);
#935 = CARTESIAN_POINT('',(56.,0.,86.6));
#936 = VECTOR('',#937,1.);
#937 = DIRECTION('',(0.,1.,0.));
#938 = ORIENTED_EDGE('',*,*,#329,.T.);
#939 = ORIENTED_EDGE('',*,*,#940,.T.);
#940 = EDGE_CURVE('',#332,#925,#941,.T.);
#941 = LINE('',#942,#943);
#942 = CARTESIAN_POINT('',(57.24899959968,0.,86.));
#943 = VECTOR('',#944,1.);
#944 = DIRECTION('',(0.,1.,0.));
#945 = CYLINDRICAL_SURFACE('',#946,1.6);
#946 = AXIS2_PLACEMENT_3D('',#947,#948,#949);
#947 = CARTESIAN_POINT('',(56.,0.,85.));
#948 = DIRECTION('',(0.,1.,0.));
#949 = DIRECTION('',(0.,0.,1.));
#950 = ADVANCED_FACE('',(#951),#969,.F.);
#951 = FACE_BOUND('',#952,.F.);
#952 = EDGE_LOOP('',(#953,#954,#962,#968));
#953 = ORIENTED_EDGE('',*,*,#381,.T.);
#954 = ORIENTED_EDGE('',*,*,#955,.T.);
#955 = EDGE_CURVE('',#374,#956,#958,.T.);
#956 = VERTEX_POINT('',#957);
#957 = CARTESIAN_POINT('',(62.,4.,86.));
#958 = LINE('',#959,#960);
#959 = CARTESIAN_POINT('',(62.,-1.,86.));
#960 = VECTOR('',#961,1.);
#961 = DIRECTION('',(0.,1.,0.));
#962 = ORIENTED_EDGE('',*,*,#963,.F.);
#963 = EDGE_CURVE('',#925,#956,#964,.T.);
#964 = LINE('',#965,#966);
#965 = CARTESIAN_POINT('',(27.,4.,86.));
#966 = VECTOR('',#967,1.);
#967 = DIRECTION('',(1.,0.,0.));
#968 = ORIENTED_EDGE('',*,*,#940,.F.);
#969 = PLANE('',#970);
#970 = AXIS2_PLACEMENT_3D('',#971,#972,#973);
#971 = CARTESIAN_POINT('',(50.,-1.,86.));
#972 = DIRECTION('',(0.,0.,1.));
#973 = DIRECTION('',(1.,0.,0.));
#974 = ADVANCED_FACE('',(#975),#993,.F.);
#975 = FACE_BOUND('',#976,.F.);
#976 = EDGE_LOOP('',(#977,#978,#979,#987));
#977 = ORIENTED_EDGE('',*,*,#955,.F.);
#978 = ORIENTED_EDGE('',*,*,#373,.T.);
#979 = ORIENTED_EDGE('',*,*,#980,.T.);
#980 = EDGE_CURVE('',#366,#981,#983,.T.);
#981 = VERTEX_POINT('',#982);
#982 = CARTESIAN_POINT('',(62.,4.,66.));
#983 = LINE('',#984,#985);
#984 = CARTESIAN_POINT('',(62.,-1.,66.));
#985 = VECTOR('',#986,1.);
#986 = DIRECTION('',(0.,1.,0.));
#987 = ORIENTED_EDGE('',*,*,#988,.F.);
#988 = EDGE_CURVE('',#956,#981,#989,.T.);
#989 = LINE('',#990,#991);
#990 = CARTESIAN_POINT('',(62.,4.,35.));
#991 = VECTOR('',#992,1.);
#992 = DIRECTION('',(0.,0.,-1.));
#993 = PLANE('',#994);
#994 = AXIS2_PLACEMENT_3D('',#995,#996,#997);
#995 = CARTESIAN_POINT('',(62.,-1.,66.));
#996 = DIRECTION('',(1.,0.,0.));
#997 = DIRECTION('',(0.,0.,1.));
#998 = ADVANCED_FACE('',(#999),#1017,.T.);
#999 = FACE_BOUND('',#1000,.T.);
#1000 = EDGE_LOOP('',(#1001,#1009,#1010,#1011));
#1001 = ORIENTED_EDGE('',*,*,#1002,.F.);
#1002 = EDGE_CURVE('',#358,#1003,#1005,.T.);
#1003 = VERTEX_POINT('',#1004);
#1004 = CARTESIAN_POINT('',(50.,4.,66.));
#1005 = LINE('',#1006,#1007);
#1006 = CARTESIAN_POINT('',(50.,-1.,66.));
#1007 = VECTOR('',#1008,1.);
#1008 = DIRECTION('',(0.,1.,0.));
#1009 = ORIENTED_EDGE('',*,*,#365,.T.);
#1010 = ORIENTED_EDGE('',*,*,#980,.T.);
#1011 = ORIENTED_EDGE('',*,*,#1012,.F.);
#1012 = EDGE_CURVE('',#1003,#981,#1013,.T.);
#1013 = LINE('',#1014,#1015);
#1014 = CARTESIAN_POINT('',(27.,4.,66.));
#1015 = VECTOR('',#1016,1.);
#1016 = DIRECTION('',(1.,0.,0.));
#1017 = PLANE('',#1018);
#1018 = AXIS2_PLACEMENT_3D('',#1019,#1020,#1021);
#1019 = CARTESIAN_POINT('',(50.,-1.,66.));
#1020 = DIRECTION('',(0.,0.,1.));
#1021 = DIRECTION('',(1.,0.,0.));
#1022 = ADVANCED_FACE('',(#1023),#1041,.T.);
#1023 = FACE_BOUND('',#1024,.T.);
#1024 = EDGE_LOOP('',(#1025,#1033,#1034,#1035));
#1025 = ORIENTED_EDGE('',*,*,#1026,.F.);
#1026 = EDGE_CURVE('',#350,#1027,#1029,.T.);
#1027 = VERTEX_POINT('',#1028);
#1028 = CARTESIAN_POINT('',(50.,4.,86.));
#1029 = LINE('',#1030,#1031);
#1030 = CARTESIAN_POINT('',(50.,-1.,86.));
#1031 = VECTOR('',#1032,1.);
#1032 = DIRECTION('',(0.,1.,0.));
#1033 = ORIENTED_EDGE('',*,*,#357,.T.);
#1034 = ORIENTED_EDGE('',*,*,#1002,.T.);
#1035 = ORIENTED_EDGE('',*,*,#1036,.F.);
#1036 = EDGE_CURVE('',#1027,#1003,#1037,.T.);
#1037 = LINE('',#1038,#1039);
#1038 = CARTESIAN_POINT('',(50.,4.,35.));
#1039 = VECTOR('',#1040,1.);
#1040 = DIRECTION('',(0.,0.,-1.));
#1041 = PLANE('',#1042);
#1042 = AXIS2_PLACEMENT_3D('',#1043,#1044,#1045);
#1043 = CARTESIAN_POINT('',(50.,-1.,66.));
#1044 = DIRECTION('',(1.,0.,0.));
#1045 = DIRECTION('',(0.,0.,1.));
#1046 = ADVANCED_FACE('',(#1047),#1065,.F.);
#1047 = FACE_BOUND('',#1048,.F.);
#1048 = EDGE_LOOP('',(#1049,#1050,#1051,#1059));
#1049 = ORIENTED_EDGE('',*,*,#1026,.F.);
#1050 = ORIENTED_EDGE('',*,*,#349,.T.);
#1051 = ORIENTED_EDGE('',*,*,#1052,.T.);
#1052 = EDGE_CURVE('',#341,#1053,#1055,.T.);
#1053 = VERTEX_POINT('',#1054);
#1054 = CARTESIAN_POINT('',(54.75100040032,4.,86.));
#1055 = LINE('',#1056,#1057);
#1056 = CARTESIAN_POINT('',(54.75100040032,0.,86.));
#1057 = VECTOR('',#1058,1.);
#1058 = DIRECTION('',(0.,1.,0.));
#1059 = ORIENTED_EDGE('',*,*,#1060,.F.);
#1060 = EDGE_CURVE('',#1027,#1053,#1061,.T.);
#1061 = LINE('',#1062,#1063);
#1062 = CARTESIAN_POINT('',(27.,4.,86.));
#1063 = VECTOR('',#1064,1.);
#1064 = DIRECTION('',(1.,0.,0.));
#1065 = PLANE('',#1066);
#1066 = AXIS2_PLACEMENT_3D('',#1067,#1068,#1069);
#1067 = CARTESIAN_POINT('',(50.,-1.,86.));
#1068 = DIRECTION('',(0.,0.,1.));
#1069 = DIRECTION('',(1.,0.,0.));
#1070 = ADVANCED_FACE('',(#1071),#1083,.F.);
#1071 = FACE_BOUND('',#1072,.F.);
#1072 = EDGE_LOOP('',(#1073,#1074,#1081,#1082));
#1073 = ORIENTED_EDGE('',*,*,#933,.T.);
#1074 = ORIENTED_EDGE('',*,*,#1075,.F.);
#1075 = EDGE_CURVE('',#1053,#923,#1076,.T.);
#1076 = CIRCLE('',#1077,1.6);
#1077 = AXIS2_PLACEMENT_3D('',#1078,#1079,#1080);
#1078 = CARTESIAN_POINT('',(56.,4.,85.));
#1079 = DIRECTION('',(0.,1.,0.));
#1080 = DIRECTION('',(0.,0.,1.));
#1081 = ORIENTED_EDGE('',*,*,#1052,.F.);
#1082 = ORIENTED_EDGE('',*,*,#340,.T.);
#1083 = CYLINDRICAL_SURFACE('',#1084,1.6);
#1084 = AXIS2_PLACEMENT_3D('',#1085,#1086,#1087);
#1085 = CARTESIAN_POINT('',(56.,0.,85.));
#1086 = DIRECTION('',(0.,1.,0.));
#1087 = DIRECTION('',(0.,0.,1.));
#1088 = ADVANCED_FACE('',(#1089),#1100,.F.);
#1089 = FACE_BOUND('',#1090,.F.);
#1090 = EDGE_LOOP('',(#1091,#1092,#1098,#1099));
#1091 = ORIENTED_EDGE('',*,*,#582,.F.);
#1092 = ORIENTED_EDGE('',*,*,#1093,.F.);
#1093 = EDGE_CURVE('',#390,#583,#1094,.T.);
#1094 = LINE('',#1095,#1096);
#1095 = CARTESIAN_POINT('',(56.,0.,103.));
#1096 = VECTOR('',#1097,1.);
#1097 = DIRECTION('',(0.,1.,0.));
#1098 = ORIENTED_EDGE('',*,*,#389,.T.);
#1099 = ORIENTED_EDGE('',*,*,#1093,.T.);
#1100 = CYLINDRICAL_SURFACE('',#1101,3.);
#1101 = AXIS2_PLACEMENT_3D('',#1102,#1103,#1104);
#1102 = CARTESIAN_POINT('',(56.,0.,100.));
#1103 = DIRECTION('',(0.,1.,0.));
#1104 = DIRECTION('',(0.,0.,1.));
#1105 = ADVANCED_FACE('',(#1106),#1117,.F.);
#1106 = FACE_BOUND('',#1107,.F.);
#1107 = EDGE_LOOP('',(#1108,#1109,#1115,#1116));
#1108 = ORIENTED_EDGE('',*,*,#593,.F.);
#1109 = ORIENTED_EDGE('',*,*,#1110,.F.);
#1110 = EDGE_CURVE('',#401,#594,#1111,.T.);
#1111 = LINE('',#1112,#1113);
#1112 = CARTESIAN_POINT('',(56.,0.,116.6));
#1113 = VECTOR('',#1114,1.);
#1114 = DIRECTION('',(0.,1.,0.));
#1115 = ORIENTED_EDGE('',*,*,#400,.T.);
#1116 = ORIENTED_EDGE('',*,*,#1110,.T.);
#1117 = CYLINDRICAL_SURFACE('',#1118,1.6);
#1118 = AXIS2_PLACEMENT_3D('',#1119,#1120,#1121);
#1119 = CARTESIAN_POINT('',(56.,0.,115.));
#1120 = DIRECTION('',(0.,1.,0.));
#1121 = DIRECTION('',(0.,0.,1.));
#1122 = ADVANCED_FACE('',(#1123),#1134,.F.);
#1123 = FACE_BOUND('',#1124,.F.);
#1124 = EDGE_LOOP('',(#1125,#1126,#1132,#1133));
#1125 = ORIENTED_EDGE('',*,*,#604,.F.);
#1126 = ORIENTED_EDGE('',*,*,#1127,.F.);
#1127 = EDGE_CURVE('',#412,#605,#1128,.T.);
#1128 = LINE('',#1129,#1130);
#1129 = CARTESIAN_POINT('',(71.,0.,101.6));
#1130 = VECTOR('',#1131,1.);
#1131 = DIRECTION('',(0.,1.,0.));
#1132 = ORIENTED_EDGE('',*,*,#411,.T.);
#1133 = ORIENTED_EDGE('',*,*,#1127,.T.);
#1134 = CYLINDRICAL_SURFACE('',#1135,1.6);
#1135 = AXIS2_PLACEMENT_3D('',#1136,#1137,#1138);
#1136 = CARTESIAN_POINT('',(71.,0.,100.));
#1137 = DIRECTION('',(0.,1.,0.));
#1138 = DIRECTION('',(0.,0.,1.));
#1139 = ADVANCED_FACE('',(#1140),#1151,.F.);
#1140 = FACE_BOUND('',#1141,.F.);
#1141 = EDGE_LOOP('',(#1142,#1148,#1149,#1150));
#1142 = ORIENTED_EDGE('',*,*,#1143,.T.);
#1143 = EDGE_CURVE('',#728,#440,#1144,.T.);
#1144 = LINE('',#1145,#1146);
#1145 = CARTESIAN_POINT('',(41.,0.,101.6));
#1146 = VECTOR('',#1147,1.);
#1147 = DIRECTION('',(0.,1.,0.));
#1148 = ORIENTED_EDGE('',*,*,#439,.F.);
#1149 = ORIENTED_EDGE('',*,*,#1143,.F.);
#1150 = ORIENTED_EDGE('',*,*,#727,.T.);
#1151 = CYLINDRICAL_SURFACE('',#1152,1.6);
#1152 = AXIS2_PLACEMENT_3D('',#1153,#1154,#1155);
#1153 = CARTESIAN_POINT('',(41.,0.,100.));
#1154 = DIRECTION('',(0.,1.,0.));
#1155 = DIRECTION('',(0.,0.,1.));
#1156 = ADVANCED_FACE('',(#1157),#1168,.F.);
#1157 = FACE_BOUND('',#1158,.F.);
#1158 = EDGE_LOOP('',(#1159,#1165,#1166,#1167));
#1159 = ORIENTED_EDGE('',*,*,#1160,.T.);
#1160 = EDGE_CURVE('',#739,#451,#1161,.T.);
#1161 = LINE('',#1162,#1163);
#1162 = CARTESIAN_POINT('',(56.,0.,86.6));
#1163 = VECTOR('',#1164,1.);
#1164 = DIRECTION('',(0.,1.,0.));
#1165 = ORIENTED_EDGE('',*,*,#450,.F.);
#1166 = ORIENTED_EDGE('',*,*,#1160,.F.);
#1167 = ORIENTED_EDGE('',*,*,#738,.T.);
#1168 = CYLINDRICAL_SURFACE('',#1169,1.6);
#1169 = AXIS2_PLACEMENT_3D('',#1170,#1171,#1172);
#1170 = CARTESIAN_POINT('',(56.,0.,85.));
#1171 = DIRECTION('',(0.,1.,0.));
#1172 = DIRECTION('',(0.,0.,1.));
#1173 = ADVANCED_FACE('',(#1174),#1185,.F.);
#1174 = FACE_BOUND('',#1175,.F.);
#1175 = EDGE_LOOP('',(#1176,#1182,#1183,#1184));
#1176 = ORIENTED_EDGE('',*,*,#1177,.T.);
#1177 = EDGE_CURVE('',#750,#462,#1178,.T.);
#1178 = LINE('',#1179,#1180);
#1179 = CARTESIAN_POINT('',(56.,0.,103.));
#1180 = VECTOR('',#1181,1.);
#1181 = DIRECTION('',(0.,1.,0.));
#1182 = ORIENTED_EDGE('',*,*,#461,.F.);
#1183 = ORIENTED_EDGE('',*,*,#1177,.F.);
#1184 = ORIENTED_EDGE('',*,*,#749,.T.);
#1185 = CYLINDRICAL_SURFACE('',#1186,3.);
#1186 = AXIS2_PLACEMENT_3D('',#1187,#1188,#1189);
#1187 = CARTESIAN_POINT('',(56.,0.,100.));
#1188 = DIRECTION('',(0.,1.,0.));
#1189 = DIRECTION('',(0.,0.,1.));
#1190 = ADVANCED_FACE('',(#1191),#1202,.F.);
#1191 = FACE_BOUND('',#1192,.F.);
#1192 = EDGE_LOOP('',(#1193,#1199,#1200,#1201));
#1193 = ORIENTED_EDGE('',*,*,#1194,.T.);
#1194 = EDGE_CURVE('',#761,#473,#1195,.T.);
#1195 = LINE('',#1196,#1197);
#1196 = CARTESIAN_POINT('',(56.,0.,116.6));
#1197 = VECTOR('',#1198,1.);
#1198 = DIRECTION('',(0.,1.,0.));
#1199 = ORIENTED_EDGE('',*,*,#472,.F.);
#1200 = ORIENTED_EDGE('',*,*,#1194,.F.);
#1201 = ORIENTED_EDGE('',*,*,#760,.T.);
#1202 = CYLINDRICAL_SURFACE('',#1203,1.6);
#1203 = AXIS2_PLACEMENT_3D('',#1204,#1205,#1206);
#1204 = CARTESIAN_POINT('',(56.,0.,115.));
#1205 = DIRECTION('',(0.,1.,0.));
#1206 = DIRECTION('',(0.,0.,1.));
#1207 = ADVANCED_FACE('',(#1208),#1219,.F.);
#1208 = FACE_BOUND('',#1209,.F.);
#1209 = EDGE_LOOP('',(#1210,#1216,#1217,#1218));
#1210 = ORIENTED_EDGE('',*,*,#1211,.T.);
#1211 = EDGE_CURVE('',#772,#484,#1212,.T.);
#1212 = LINE('',#1213,#1214);
#1213 = CARTESIAN_POINT('',(71.,0.,101.6));
#1214 = VECTOR('',#1215,1.);
#1215 = DIRECTION('',(0.,1.,0.));
#1216 = ORIENTED_EDGE('',*,*,#483,.F.);
#1217 = ORIENTED_EDGE('',*,*,#1211,.F.);
#1218 = ORIENTED_EDGE('',*,*,#771,.T.);
#1219 = CYLINDRICAL_SURFACE('',#1220,1.6);
#1220 = AXIS2_PLACEMENT_3D('',#1221,#1222,#1223);
#1221 = CARTESIAN_POINT('',(71.,0.,100.));
#1222 = DIRECTION('',(0.,1.,0.));
#1223 = DIRECTION('',(0.,0.,1.));
#1224 = ADVANCED_FACE('',(#1225,#1254,#1265),#1276,.T.);
#1225 = FACE_BOUND('',#1226,.T.);
#1226 = EDGE_LOOP('',(#1227,#1228,#1229,#1230,#1231,#1232,#1240,#1248));
#1227 = ORIENTED_EDGE('',*,*,#687,.F.);
#1228 = ORIENTED_EDGE('',*,*,#789,.F.);
#1229 = ORIENTED_EDGE('',*,*,#554,.T.);
#1230 = ORIENTED_EDGE('',*,*,#622,.T.);
#1231 = ORIENTED_EDGE('',*,*,#703,.F.);
#1232 = ORIENTED_EDGE('',*,*,#1233,.F.);
#1233 = EDGE_CURVE('',#1234,#704,#1236,.T.);
#1234 = VERTEX_POINT('',#1235);
#1235 = CARTESIAN_POINT('',(66.1,39.5,96.));
#1236 = LINE('',#1237,#1238);
#1237 = CARTESIAN_POINT('',(66.1,39.5,96.));
#1238 = VECTOR('',#1239,1.);
#1239 = DIRECTION('',(0.,1.,0.));
#1240 = ORIENTED_EDGE('',*,*,#1241,.F.);
#1241 = EDGE_CURVE('',#1242,#1234,#1244,.T.);
#1242 = VERTEX_POINT('',#1243);
#1243 = CARTESIAN_POINT('',(45.9,39.5,96.));
#1244 = LINE('',#1245,#1246);
#1245 = CARTESIAN_POINT('',(45.9,39.5,96.));
#1246 = VECTOR('',#1247,1.);
#1247 = DIRECTION('',(1.,0.,0.));
#1248 = ORIENTED_EDGE('',*,*,#1249,.T.);
#1249 = EDGE_CURVE('',#1242,#680,#1250,.T.);
#1250 = LINE('',#1251,#1252);
#1251 = CARTESIAN_POINT('',(45.9,39.5,96.));
#1252 = VECTOR('',#1253,1.);
#1253 = DIRECTION('',(0.,1.,0.));
#1254 = FACE_BOUND('',#1255,.T.);
#1255 = EDGE_LOOP('',(#1256));
#1256 = ORIENTED_EDGE('',*,*,#1257,.F.);
#1257 = EDGE_CURVE('',#1258,#1258,#1260,.T.);
#1258 = VERTEX_POINT('',#1259);
#1259 = CARTESIAN_POINT('',(33.35,59.75,96.));
#1260 = CIRCLE('',#1261,2.1);
#1261 = AXIS2_PLACEMENT_3D('',#1262,#1263,#1264);
#1262 = CARTESIAN_POINT('',(31.25,59.75,96.));
#1263 = DIRECTION('',(0.,0.,1.));
#1264 = DIRECTION('',(1.,0.,0.));
#1265 = FACE_BOUND('',#1266,.T.);
#1266 = EDGE_LOOP('',(#1267));
#1267 = ORIENTED_EDGE('',*,*,#1268,.F.);
#1268 = EDGE_CURVE('',#1269,#1269,#1271,.T.);
#1269 = VERTEX_POINT('',#1270);
#1270 = CARTESIAN_POINT('',(82.85,59.75,96.));
#1271 = CIRCLE('',#1272,2.1);
#1272 = AXIS2_PLACEMENT_3D('',#1273,#1274,#1275);
#1273 = CARTESIAN_POINT('',(80.75,59.75,96.));
#1274 = DIRECTION('',(0.,0.,1.));
#1275 = DIRECTION('',(1.,0.,0.));
#1276 = PLANE('',#1277);
#1277 = AXIS2_PLACEMENT_3D('',#1278,#1279,#1280);
#1278 = CARTESIAN_POINT('',(4.,4.,96.));
#1279 = DIRECTION('',(0.,0.,1.));
#1280 = DIRECTION('',(1.,0.,0.));
#1281 = ADVANCED_FACE('',(#1282),#1307,.F.);
#1282 = FACE_BOUND('',#1283,.F.);
#1283 = EDGE_LOOP('',(#1284,#1294,#1300,#1301));
#1284 = ORIENTED_EDGE('',*,*,#1285,.F.);
#1285 = EDGE_CURVE('',#1286,#1288,#1290,.T.);
#1286 = VERTEX_POINT('',#1287);
#1287 = CARTESIAN_POINT('',(108.,4.,4.));
#1288 = VERTEX_POINT('',#1289);
#1289 = CARTESIAN_POINT('',(108.,4.,92.));
#1290 = LINE('',#1291,#1292);
#1291 = CARTESIAN_POINT('',(108.,4.,4.));
#1292 = VECTOR('',#1293,1.);
#1293 = DIRECTION('',(0.,0.,1.));
#1294 = ORIENTED_EDGE('',*,*,#1295,.T.);
#1295 = EDGE_CURVE('',#1286,#646,#1296,.T.);
#1296 = LINE('',#1297,#1298);
#1297 = CARTESIAN_POINT('',(108.,4.,4.));
#1298 = VECTOR('',#1299,1.);
#1299 = DIRECTION('',(0.,1.,0.));
#1300 = ORIENTED_EDGE('',*,*,#645,.T.);
#1301 = ORIENTED_EDGE('',*,*,#1302,.F.);
#1302 = EDGE_CURVE('',#1288,#648,#1303,.T.);
#1303 = LINE('',#1304,#1305);
#1304 = CARTESIAN_POINT('',(108.,4.,92.));
#1305 = VECTOR('',#1306,1.);
#1306 = DIRECTION('',(0.,1.,0.));
#1307 = PLANE('',#1308);
#1308 = AXIS2_PLACEMENT_3D('',#1309,#1310,#1311);
#1309 = CARTESIAN_POINT('',(108.,4.,4.));
#1310 = DIRECTION('',(1.,0.,0.));
#1311 = DIRECTION('',(0.,0.,1.));
#1312 = ADVANCED_FACE('',(#1313,#1354,#1365),#1376,.F.);
#1313 = FACE_BOUND('',#1314,.F.);
#1314 = EDGE_LOOP('',(#1315,#1316,#1324,#1330,#1331,#1332,#1340,#1348));
#1315 = ORIENTED_EDGE('',*,*,#671,.F.);
#1316 = ORIENTED_EDGE('',*,*,#1317,.F.);
#1317 = EDGE_CURVE('',#1318,#664,#1320,.T.);
#1318 = VERTEX_POINT('',#1319);
#1319 = CARTESIAN_POINT('',(4.,4.,92.));
#1320 = LINE('',#1321,#1322);
#1321 = CARTESIAN_POINT('',(4.,4.,92.));
#1322 = VECTOR('',#1323,1.);
#1323 = DIRECTION('',(0.,1.,0.));
#1324 = ORIENTED_EDGE('',*,*,#1325,.T.);
#1325 = EDGE_CURVE('',#1318,#1288,#1326,.T.);
#1326 = LINE('',#1327,#1328);
#1327 = CARTESIAN_POINT('',(4.,4.,92.));
#1328 = VECTOR('',#1329,1.);
#1329 = DIRECTION('',(1.,0.,0.));
#1330 = ORIENTED_EDGE('',*,*,#1302,.T.);
#1331 = ORIENTED_EDGE('',*,*,#719,.F.);
#1332 = ORIENTED_EDGE('',*,*,#1333,.F.);
#1333 = EDGE_CURVE('',#1334,#712,#1336,.T.);
#1334 = VERTEX_POINT('',#1335);
#1335 = CARTESIAN_POINT('',(66.1,39.5,92.));
#1336 = LINE('',#1337,#1338);
#1337 = CARTESIAN_POINT('',(66.1,39.5,92.));
#1338 = VECTOR('',#1339,1.);
#1339 = DIRECTION('',(0.,1.,0.));
#1340 = ORIENTED_EDGE('',*,*,#1341,.F.);
#1341 = EDGE_CURVE('',#1342,#1334,#1344,.T.);
#1342 = VERTEX_POINT('',#1343);
#1343 = CARTESIAN_POINT('',(45.9,39.5,92.));
#1344 = LINE('',#1345,#1346);
#1345 = CARTESIAN_POINT('',(45.9,39.5,92.));
#1346 = VECTOR('',#1347,1.);
#1347 = DIRECTION('',(1.,0.,0.));
#1348 = ORIENTED_EDGE('',*,*,#1349,.T.);
#1349 = EDGE_CURVE('',#1342,#672,#1350,.T.);
#1350 = LINE('',#1351,#1352);
#1351 = CARTESIAN_POINT('',(45.9,39.5,92.));
#1352 = VECTOR('',#1353,1.);
#1353 = DIRECTION('',(0.,1.,0.));
#1354 = FACE_BOUND('',#1355,.F.);
#1355 = EDGE_LOOP('',(#1356));
#1356 = ORIENTED_EDGE('',*,*,#1357,.F.);
#1357 = EDGE_CURVE('',#1358,#1358,#1360,.T.);
#1358 = VERTEX_POINT('',#1359);
#1359 = CARTESIAN_POINT('',(33.35,59.75,92.));
#1360 = CIRCLE('',#1361,2.1);
#1361 = AXIS2_PLACEMENT_3D('',#1362,#1363,#1364);
#1362 = CARTESIAN_POINT('',(31.25,59.75,92.));
#1363 = DIRECTION('',(0.,0.,1.));
#1364 = DIRECTION('',(1.,0.,0.));
#1365 = FACE_BOUND('',#1366,.F.);
#1366 = EDGE_LOOP('',(#1367));
#1367 = ORIENTED_EDGE('',*,*,#1368,.F.);
#1368 = EDGE_CURVE('',#1369,#1369,#1371,.T.);
#1369 = VERTEX_POINT('',#1370);
#1370 = CARTESIAN_POINT('',(82.85,59.75,92.));
#1371 = CIRCLE('',#1372,2.1);
#1372 = AXIS2_PLACEMENT_3D('',#1373,#1374,#1375);
#1373 = CARTESIAN_POINT('',(80.75,59.75,92.));
#1374 = DIRECTION('',(0.,0.,1.));
#1375 = DIRECTION('',(1.,0.,0.));
#1376 = PLANE('',#1377);
#1377 = AXIS2_PLACEMENT_3D('',#1378,#1379,#1380);
#1378 = CARTESIAN_POINT('',(4.,4.,92.));
#1379 = DIRECTION('',(0.,0.,1.));
#1380 = DIRECTION('',(1.,0.,0.));
#1381 = ADVANCED_FACE('',(#1382),#1393,.F.);
#1382 = FACE_BOUND('',#1383,.F.);
#1383 = EDGE_LOOP('',(#1384,#1390,#1391,#1392));
#1384 = ORIENTED_EDGE('',*,*,#1385,.F.);
#1385 = EDGE_CURVE('',#1334,#1234,#1386,.T.);
#1386 = LINE('',#1387,#1388);
#1387 = CARTESIAN_POINT('',(66.1,39.5,92.));
#1388 = VECTOR('',#1389,1.);
#1389 = DIRECTION('',(0.,0.,1.));
#1390 = ORIENTED_EDGE('',*,*,#1333,.T.);
#1391 = ORIENTED_EDGE('',*,*,#711,.F.);
#1392 = ORIENTED_EDGE('',*,*,#1233,.F.);
#1393 = PLANE('',#1394);
#1394 = AXIS2_PLACEMENT_3D('',#1395,#1396,#1397);
#1395 = CARTESIAN_POINT('',(66.1,39.5,92.));
#1396 = DIRECTION('',(1.,0.,0.));
#1397 = DIRECTION('',(0.,0.,1.));
#1398 = ADVANCED_FACE('',(#1399),#1410,.T.);
#1399 = FACE_BOUND('',#1400,.T.);
#1400 = EDGE_LOOP('',(#1401,#1407,#1408,#1409));
#1401 = ORIENTED_EDGE('',*,*,#1402,.F.);
#1402 = EDGE_CURVE('',#1342,#1242,#1403,.T.);
#1403 = LINE('',#1404,#1405);
#1404 = CARTESIAN_POINT('',(45.9,39.5,92.));
#1405 = VECTOR('',#1406,1.);
#1406 = DIRECTION('',(0.,0.,1.));
#1407 = ORIENTED_EDGE('',*,*,#1349,.T.);
#1408 = ORIENTED_EDGE('',*,*,#679,.F.);
#1409 = ORIENTED_EDGE('',*,*,#1249,.F.);
#1410 = PLANE('',#1411);
#1411 = AXIS2_PLACEMENT_3D('',#1412,#1413,#1414);
#1412 = CARTESIAN_POINT('',(45.9,39.5,92.));
#1413 = DIRECTION('',(1.,0.,0.));
#1414 = DIRECTION('',(0.,0.,1.));
#1415 = ADVANCED_FACE('',(#1416),#1434,.T.);
#1416 = FACE_BOUND('',#1417,.T.);
#1417 = EDGE_LOOP('',(#1418,#1426,#1432,#1433));
#1418 = ORIENTED_EDGE('',*,*,#1419,.F.);
#1419 = EDGE_CURVE('',#1420,#1318,#1422,.T.);
#1420 = VERTEX_POINT('',#1421);
#1421 = CARTESIAN_POINT('',(4.,4.,4.));
#1422 = LINE('',#1423,#1424);
#1423 = CARTESIAN_POINT('',(4.,4.,4.));
#1424 = VECTOR('',#1425,1.);
#1425 = DIRECTION('',(0.,0.,1.));
#1426 = ORIENTED_EDGE('',*,*,#1427,.T.);
#1427 = EDGE_CURVE('',#1420,#656,#1428,.T.);
#1428 = LINE('',#1429,#1430);
#1429 = CARTESIAN_POINT('',(4.,4.,4.));
#1430 = VECTOR('',#1431,1.);
#1431 = DIRECTION('',(0.,1.,0.));
#1432 = ORIENTED_EDGE('',*,*,#663,.T.);
#1433 = ORIENTED_EDGE('',*,*,#1317,.F.);
#1434 = PLANE('',#1435);
#1435 = AXIS2_PLACEMENT_3D('',#1436,#1437,#1438);
#1436 = CARTESIAN_POINT('',(4.,4.,4.));
#1437 = DIRECTION('',(1.,0.,0.));
#1438 = DIRECTION('',(0.,0.,1.));
#1439 = ADVANCED_FACE('',(#1440,#1451,#1454,#1457,#1460),#1463,.T.);
#1440 = FACE_BOUND('',#1441,.T.);
#1441 = EDGE_LOOP('',(#1442,#1443,#1449,#1450));
#1442 = ORIENTED_EDGE('',*,*,#1427,.F.);
#1443 = ORIENTED_EDGE('',*,*,#1444,.T.);
#1444 = EDGE_CURVE('',#1420,#1286,#1445,.T.);
#1445 = LINE('',#1446,#1447);
#1446 = CARTESIAN_POINT('',(4.,4.,4.));
#1447 = VECTOR('',#1448,1.);
#1448 = DIRECTION('',(1.,0.,0.));
#1449 = ORIENTED_EDGE('',*,*,#1295,.T.);
#1450 = ORIENTED_EDGE('',*,*,#655,.F.);
#1451 = FACE_BOUND('',#1452,.T.);
#1452 = EDGE_LOOP('',(#1453));
#1453 = ORIENTED_EDGE('',*,*,#805,.F.);
#1454 = FACE_BOUND('',#1455,.T.);
#1455 = EDGE_LOOP('',(#1456));
#1456 = ORIENTED_EDGE('',*,*,#830,.F.);
#1457 = FACE_BOUND('',#1458,.T.);
#1458 = EDGE_LOOP('',(#1459));
#1459 = ORIENTED_EDGE('',*,*,#855,.F.);
#1460 = FACE_BOUND('',#1461,.T.);
#1461 = EDGE_LOOP('',(#1462));
#1462 = ORIENTED_EDGE('',*,*,#880,.F.);
#1463 = PLANE('',#1464);
#1464 = AXIS2_PLACEMENT_3D('',#1465,#1466,#1467);
#1465 = CARTESIAN_POINT('',(4.,4.,4.));
#1466 = DIRECTION('',(0.,0.,1.));
#1467 = DIRECTION('',(1.,0.,0.));
#1468 = ADVANCED_FACE('',(#1469,#1475),#1484,.T.);
#1469 = FACE_BOUND('',#1470,.T.);
#1470 = EDGE_LOOP('',(#1471,#1472,#1473,#1474));
#1471 = ORIENTED_EDGE('',*,*,#1285,.F.);
#1472 = ORIENTED_EDGE('',*,*,#1444,.F.);
#1473 = ORIENTED_EDGE('',*,*,#1419,.T.);
#1474 = ORIENTED_EDGE('',*,*,#1325,.T.);
#1475 = FACE_BOUND('',#1476,.T.);
#1476 = EDGE_LOOP('',(#1477,#1478,#1479,#1480,#1481,#1482,#1483));
#1477 = ORIENTED_EDGE('',*,*,#922,.F.);
#1478 = ORIENTED_EDGE('',*,*,#1075,.F.);
#1479 = ORIENTED_EDGE('',*,*,#1060,.F.);
#1480 = ORIENTED_EDGE('',*,*,#1036,.T.);
#1481 = ORIENTED_EDGE('',*,*,#1012,.T.);
#1482 = ORIENTED_EDGE('',*,*,#988,.F.);
#1483 = ORIENTED_EDGE('',*,*,#963,.F.);
#1484 = PLANE('',#1485);
#1485 = AXIS2_PLACEMENT_3D('',#1486,#1487,#1488);
#1486 = CARTESIAN_POINT('',(4.,4.,4.));
#1487 = DIRECTION('',(0.,1.,0.));
#1488 = DIRECTION('',(0.,0.,1.));
#1489 = ADVANCED_FACE('',(#1490),#1496,.T.);
#1490 = FACE_BOUND('',#1491,.T.);
#1491 = EDGE_LOOP('',(#1492,#1493,#1494,#1495));
#1492 = ORIENTED_EDGE('',*,*,#1341,.F.);
#1493 = ORIENTED_EDGE('',*,*,#1402,.T.);
#1494 = ORIENTED_EDGE('',*,*,#1241,.T.);
#1495 = ORIENTED_EDGE('',*,*,#1385,.F.);
#1496 = PLANE('',#1497);
#1497 = AXIS2_PLACEMENT_3D('',#1498,#1499,#1500);
#1498 = CARTESIAN_POINT('',(45.9,39.5,92.));
#1499 = DIRECTION('',(0.,1.,0.));
#1500 = DIRECTION('',(0.,0.,1.));
#1501 = ADVANCED_FACE('',(#1502),#1513,.F.);
#1502 = FACE_BOUND('',#1503,.F.);
#1503 = EDGE_LOOP('',(#1504,#1505,#1511,#1512));
#1504 = ORIENTED_EDGE('',*,*,#1257,.F.);
#1505 = ORIENTED_EDGE('',*,*,#1506,.F.);
#1506 = EDGE_CURVE('',#1358,#1258,#1507,.T.);
#1507 = LINE('',#1508,#1509);
#1508 = CARTESIAN_POINT('',(33.35,59.75,92.));
#1509 = VECTOR('',#1510,1.);
#1510 = DIRECTION('',(0.,0.,1.));
#1511 = ORIENTED_EDGE('',*,*,#1357,.T.);
#1512 = ORIENTED_EDGE('',*,*,#1506,.T.);
#1513 = CYLINDRICAL_SURFACE('',#1514,2.1);
#1514 = AXIS2_PLACEMENT_3D('',#1515,#1516,#1517);
#1515 = CARTESIAN_POINT('',(31.25,59.75,92.));
#1516 = DIRECTION('',(0.,0.,1.));
#1517 = DIRECTION('',(1.,0.,0.));
#1518 = ADVANCED_FACE('',(#1519),#1530,.F.);
#1519 = FACE_BOUND('',#1520,.F.);
#1520 = EDGE_LOOP('',(#1521,#1522,#1528,#1529));
#1521 = ORIENTED_EDGE('',*,*,#1268,.F.);
#1522 = ORIENTED_EDGE('',*,*,#1523,.F.);
#1523 = EDGE_CURVE('',#1369,#1269,#1524,.T.);
#1524 = LINE('',#1525,#1526);
#1525 = CARTESIAN_POINT('',(82.85,59.75,92.));
#1526 = VECTOR('',#1527,1.);
#1527 = DIRECTION('',(0.,0.,1.));
#1528 = ORIENTED_EDGE('',*,*,#1368,.T.);
#1529 = ORIENTED_EDGE('',*,*,#1523,.T.);
#1530 = CYLINDRICAL_SURFACE('',#1531,2.1);
#1531 = AXIS2_PLACEMENT_3D('',#1532,#1533,#1534);
#1532 = CARTESIAN_POINT('',(80.75,59.75,92.));
#1533 = DIRECTION('',(0.,0.,1.));
#1534 = DIRECTION('',(1.,0.,0.));
#1535 = MANIFOLD_SOLID_BREP('',#1536);
#1536 = CLOSED_SHELL('',(#1537,#1570,#1590,#1610));
#1537 = ADVANCED_FACE('',(#1538),#1565,.T.);
#1538 = FACE_BOUND('',#1539,.T.);
#1539 = EDGE_LOOP('',(#1540,#1549,#1557,#1564));
#1540 = ORIENTED_EDGE('',*,*,#1541,.F.);
#1541 = EDGE_CURVE('',#1542,#1542,#1544,.T.);
#1542 = VERTEX_POINT('',#1543);
#1543 = CARTESIAN_POINT('',(11.,8.,132.));
#1544 = CIRCLE('',#1545,3.);
#1545 = AXIS2_PLACEMENT_3D('',#1546,#1547,#1548);
#1546 = CARTESIAN_POINT('',(8.,8.,132.));
#1547 = DIRECTION('',(0.,0.,1.));
#1548 = DIRECTION('',(1.,0.,0.));
#1549 = ORIENTED_EDGE('',*,*,#1550,.F.);
#1550 = EDGE_CURVE('',#1551,#1542,#1553,.T.);
#1551 = VERTEX_POINT('',#1552);
#1552 = CARTESIAN_POINT('',(11.,8.,130.));
#1553 = LINE('',#1554,#1555);
#1554 = CARTESIAN_POINT('',(11.,8.,130.));
#1555 = VECTOR('',#1556,1.);
#1556 = DIRECTION('',(0.,0.,1.));
#1557 = ORIENTED_EDGE('',*,*,#1558,.T.);
#1558 = EDGE_CURVE('',#1551,#1551,#1559,.T.);
#1559 = CIRCLE('',#1560,3.);
#1560 = AXIS2_PLACEMENT_3D('',#1561,#1562,#1563);
#1561 = CARTESIAN_POINT('',(8.,8.,130.));
#1562 = DIRECTION('',(0.,0.,1.));
#1563 = DIRECTION('',(1.,0.,0.));
#1564 = ORIENTED_EDGE('',*,*,#1550,.T.);
#1565 = CYLINDRICAL_SURFACE('',#1566,3.);
#1566 = AXIS2_PLACEMENT_3D('',#1567,#1568,#1569);
#1567 = CARTESIAN_POINT('',(8.,8.,130.));
#1568 = DIRECTION('',(0.,0.,1.));
#1569 = DIRECTION('',(1.,0.,0.));
#1570 = ADVANCED_FACE('',(#1571,#1574),#1585,.T.);
#1571 = FACE_BOUND('',#1572,.T.);
#1572 = EDGE_LOOP('',(#1573));
#1573 = ORIENTED_EDGE('',*,*,#1541,.T.);
#1574 = FACE_BOUND('',#1575,.T.);
#1575 = EDGE_LOOP('',(#1576));
#1576 = ORIENTED_EDGE('',*,*,#1577,.F.);
#1577 = EDGE_CURVE('',#1578,#1578,#1580,.T.);
#1578 = VERTEX_POINT('',#1579);
#1579 = CARTESIAN_POINT('',(9.25,8.,132.));
#1580 = CIRCLE('',#1581,1.25);
#1581 = AXIS2_PLACEMENT_3D('',#1582,#1583,#1584);
#1582 = CARTESIAN_POINT('',(8.,8.,132.));
#1583 = DIRECTION('',(0.,0.,1.));
#1584 = DIRECTION('',(1.,0.,0.));
#1585 = PLANE('',#1586);
#1586 = AXIS2_PLACEMENT_3D('',#1587,#1588,#1589);
#1587 = CARTESIAN_POINT('',(8.,8.,132.));
#1588 = DIRECTION('',(0.,0.,1.));
#1589 = DIRECTION('',(1.,0.,0.));
#1590 = ADVANCED_FACE('',(#1591,#1594),#1605,.F.);
#1591 = FACE_BOUND('',#1592,.F.);
#1592 = EDGE_LOOP('',(#1593));
#1593 = ORIENTED_EDGE('',*,*,#1558,.T.);
#1594 = FACE_BOUND('',#1595,.F.);
#1595 = EDGE_LOOP('',(#1596));
#1596 = ORIENTED_EDGE('',*,*,#1597,.F.);
#1597 = EDGE_CURVE('',#1598,#1598,#1600,.T.);
#1598 = VERTEX_POINT('',#1599);
#1599 = CARTESIAN_POINT('',(9.25,8.,130.));
#1600 = CIRCLE('',#1601,1.25);
#1601 = AXIS2_PLACEMENT_3D('',#1602,#1603,#1604);
#1602 = CARTESIAN_POINT('',(8.,8.,130.));
#1603 = DIRECTION('',(0.,0.,1.));
#1604 = DIRECTION('',(1.,0.,0.));
#1605 = PLANE('',#1606);
#1606 = AXIS2_PLACEMENT_3D('',#1607,#1608,#1609);
#1607 = CARTESIAN_POINT('',(8.,8.,130.));
#1608 = DIRECTION('',(0.,0.,1.));
#1609 = DIRECTION('',(1.,0.,0.));
#1610 = ADVANCED_FACE('',(#1611),#1622,.F.);
#1611 = FACE_BOUND('',#1612,.F.);
#1612 = EDGE_LOOP('',(#1613,#1619,#1620,#1621));
#1613 = ORIENTED_EDGE('',*,*,#1614,.T.);
#1614 = EDGE_CURVE('',#1598,#1578,#1615,.T.);
#1615 = LINE('',#1616,#1617);
#1616 = CARTESIAN_POINT('',(9.25,8.,128.));
#1617 = VECTOR('',#1618,1.);
#1618 = DIRECTION('',(0.,0.,1.));
#1619 = ORIENTED_EDGE('',*,*,#1577,.F.);
#1620 = ORIENTED_EDGE('',*,*,#1614,.F.);
#1621 = ORIENTED_EDGE('',*,*,#1597,.T.);
#1622 = CYLINDRICAL_SURFACE('',#1623,1.25);
#1623 = AXIS2_PLACEMENT_3D('',#1624,#1625,#1626);
#1624 = CARTESIAN_POINT('',(8.,8.,128.));
#1625 = DIRECTION('',(0.,0.,1.));
#1626 = DIRECTION('',(1.,0.,0.));
#1627 = MANIFOLD_SOLID_BREP('',#1628);
#1628 = CLOSED_SHELL('',(#1629,#1662,#1682,#1702));
#1629 = ADVANCED_FACE('',(#1630),#1657,.T.);
#1630 = FACE_BOUND('',#1631,.T.);
#1631 = EDGE_LOOP('',(#1632,#1641,#1649,#1656));
#1632 = ORIENTED_EDGE('',*,*,#1633,.F.);
#1633 = EDGE_CURVE('',#1634,#1634,#1636,.T.);
#1634 = VERTEX_POINT('',#1635);
#1635 = CARTESIAN_POINT('',(107.,8.,132.));
#1636 = CIRCLE('',#1637,3.);
#1637 = AXIS2_PLACEMENT_3D('',#1638,#1639,#1640);
#1638 = CARTESIAN_POINT('',(104.,8.,132.));
#1639 = DIRECTION('',(0.,0.,1.));
#1640 = DIRECTION('',(1.,0.,0.));
#1641 = ORIENTED_EDGE('',*,*,#1642,.F.);
#1642 = EDGE_CURVE('',#1643,#1634,#1645,.T.);
#1643 = VERTEX_POINT('',#1644);
#1644 = CARTESIAN_POINT('',(107.,8.,130.));
#1645 = LINE('',#1646,#1647);
#1646 = CARTESIAN_POINT('',(107.,8.,130.));
#1647 = VECTOR('',#1648,1.);
#1648 = DIRECTION('',(0.,0.,1.));
#1649 = ORIENTED_EDGE('',*,*,#1650,.T.);
#1650 = EDGE_CURVE('',#1643,#1643,#1651,.T.);
#1651 = CIRCLE('',#1652,3.);
#1652 = AXIS2_PLACEMENT_3D('',#1653,#1654,#1655);
#1653 = CARTESIAN_POINT('',(104.,8.,130.));
#1654 = DIRECTION('',(0.,0.,1.));
#1655 = DIRECTION('',(1.,0.,0.));
#1656 = ORIENTED_EDGE('',*,*,#1642,.T.);
#1657 = CYLINDRICAL_SURFACE('',#1658,3.);
#1658 = AXIS2_PLACEMENT_3D('',#1659,#1660,#1661);
#1659 = CARTESIAN_POINT('',(104.,8.,130.));
#1660 = DIRECTION('',(0.,0.,1.));
#1661 = DIRECTION('',(1.,0.,0.));
#1662 = ADVANCED_FACE('',(#1663,#1666),#1677,.T.);
#1663 = FACE_BOUND('',#1664,.T.);
#1664 = EDGE_LOOP('',(#1665));
#1665 = ORIENTED_EDGE('',*,*,#1633,.T.);
#1666 = FACE_BOUND('',#1667,.T.);
#1667 = EDGE_LOOP('',(#1668));
#1668 = ORIENTED_EDGE('',*,*,#1669,.F.);
#1669 = EDGE_CURVE('',#1670,#1670,#1672,.T.);
#1670 = VERTEX_POINT('',#1671);
#1671 = CARTESIAN_POINT('',(105.25,8.,132.));
#1672 = CIRCLE('',#1673,1.25);
#1673 = AXIS2_PLACEMENT_3D('',#1674,#1675,#1676);
#1674 = CARTESIAN_POINT('',(104.,8.,132.));
#1675 = DIRECTION('',(0.,0.,1.));
#1676 = DIRECTION('',(1.,0.,0.));
#1677 = PLANE('',#1678);
#1678 = AXIS2_PLACEMENT_3D('',#1679,#1680,#1681);
#1679 = CARTESIAN_POINT('',(104.,8.,132.));
#1680 = DIRECTION('',(0.,0.,1.));
#1681 = DIRECTION('',(1.,0.,0.));
#1682 = ADVANCED_FACE('',(#1683,#1686),#1697,.F.);
#1683 = FACE_BOUND('',#1684,.F.);
#1684 = EDGE_LOOP('',(#1685));
#1685 = ORIENTED_EDGE('',*,*,#1650,.T.);
#1686 = FACE_BOUND('',#1687,.F.);
#1687 = EDGE_LOOP('',(#1688));
#1688 = ORIENTED_EDGE('',*,*,#1689,.F.);
#1689 = EDGE_CURVE('',#1690,#1690,#1692,.T.);
#1690 = VERTEX_POINT('',#1691);
#1691 = CARTESIAN_POINT('',(105.25,8.,130.));
#1692 = CIRCLE('',#1693,1.25);
#1693 = AXIS2_PLACEMENT_3D('',#1694,#1695,#1696);
#1694 = CARTESIAN_POINT('',(104.,8.,130.));
#1695 = DIRECTION('',(0.,0.,1.));
#1696 = DIRECTION('',(1.,0.,0.));
#1697 = PLANE('',#1698);
#1698 = AXIS2_PLACEMENT_3D('',#1699,#1700,#1701);
#1699 = CARTESIAN_POINT('',(104.,8.,130.));
#1700 = DIRECTION('',(0.,0.,1.));
#1701 = DIRECTION('',(1.,0.,0.));
#1702 = ADVANCED_FACE('',(#1703),#1714,.F.);
#1703 = FACE_BOUND('',#1704,.F.);
#1704 = EDGE_LOOP('',(#1705,#1711,#1712,#1713));
#1705 = ORIENTED_EDGE('',*,*,#1706,.T.);
#1706 = EDGE_CURVE('',#1690,#1670,#1707,.T.);
#1707 = LINE('',#1708,#1709);
#1708 = CARTESIAN_POINT('',(105.25,8.,128.));
#1709 = VECTOR('',#1710,1.);
#1710 = DIRECTION('',(0.,0.,1.));
#1711 = ORIENTED_EDGE('',*,*,#1669,.F.);
#1712 = ORIENTED_EDGE('',*,*,#1706,.F.);
#1713 = ORIENTED_EDGE('',*,*,#1689,.T.);
#1714 = CYLINDRICAL_SURFACE('',#1715,1.25);
#1715 = AXIS2_PLACEMENT_3D('',#1716,#1717,#1718);
#1716 = CARTESIAN_POINT('',(104.,8.,128.));
#1717 = DIRECTION('',(0.,0.,1.));
#1718 = DIRECTION('',(1.,0.,0.));
#1719 = MANIFOLD_SOLID_BREP('',#1720);
#1720 = CLOSED_SHELL('',(#1721,#1754,#1774,#1794));
#1721 = ADVANCED_FACE('',(#1722),#1749,.T.);
#1722 = FACE_BOUND('',#1723,.T.);
#1723 = EDGE_LOOP('',(#1724,#1733,#1741,#1748));
#1724 = ORIENTED_EDGE('',*,*,#1725,.F.);
#1725 = EDGE_CURVE('',#1726,#1726,#1728,.T.);
#1726 = VERTEX_POINT('',#1727);
#1727 = CARTESIAN_POINT('',(11.,72.,132.));
#1728 = CIRCLE('',#1729,3.);
#1729 = AXIS2_PLACEMENT_3D('',#1730,#1731,#1732);
#1730 = CARTESIAN_POINT('',(8.,72.,132.));
#1731 = DIRECTION('',(0.,0.,1.));
#1732 = DIRECTION('',(1.,0.,0.));
#1733 = ORIENTED_EDGE('',*,*,#1734,.F.);
#1734 = EDGE_CURVE('',#1735,#1726,#1737,.T.);
#1735 = VERTEX_POINT('',#1736);
#1736 = CARTESIAN_POINT('',(11.,72.,130.));
#1737 = LINE('',#1738,#1739);
#1738 = CARTESIAN_POINT('',(11.,72.,130.));
#1739 = VECTOR('',#1740,1.);
#1740 = DIRECTION('',(0.,0.,1.));
#1741 = ORIENTED_EDGE('',*,*,#1742,.T.);
#1742 = EDGE_CURVE('',#1735,#1735,#1743,.T.);
#1743 = CIRCLE('',#1744,3.);
#1744 = AXIS2_PLACEMENT_3D('',#1745,#1746,#1747);
#1745 = CARTESIAN_POINT('',(8.,72.,130.));
#1746 = DIRECTION('',(0.,0.,1.));
#1747 = DIRECTION('',(1.,0.,0.));
#1748 = ORIENTED_EDGE('',*,*,#1734,.T.);
#1749 = CYLINDRICAL_SURFACE('',#1750,3.);
#1750 = AXIS2_PLACEMENT_3D('',#1751,#1752,#1753);
#1751 = CARTESIAN_POINT('',(8.,72.,130.));
#1752 = DIRECTION('',(0.,0.,1.));
#1753 = DIRECTION('',(1.,0.,0.));
#1754 = ADVANCED_FACE('',(#1755,#1758),#1769,.T.);
#1755 = FACE_BOUND('',#1756,.T.);
#1756 = EDGE_LOOP('',(#1757));
#1757 = ORIENTED_EDGE('',*,*,#1725,.T.);
#1758 = FACE_BOUND('',#1759,.T.);
#1759 = EDGE_LOOP('',(#1760));
#1760 = ORIENTED_EDGE('',*,*,#1761,.F.);
#1761 = EDGE_CURVE('',#1762,#1762,#1764,.T.);
#1762 = VERTEX_POINT('',#1763);
#1763 = CARTESIAN_POINT('',(9.25,72.,132.));
#1764 = CIRCLE('',#1765,1.25);
#1765 = AXIS2_PLACEMENT_3D('',#1766,#1767,#1768);
#1766 = CARTESIAN_POINT('',(8.,72.,132.));
#1767 = DIRECTION('',(0.,0.,1.));
#1768 = DIRECTION('',(1.,0.,0.));
#1769 = PLANE('',#1770);
#1770 = AXIS2_PLACEMENT_3D('',#1771,#1772,#1773);
#1771 = CARTESIAN_POINT('',(8.,72.,132.));
#1772 = DIRECTION('',(0.,0.,1.));
#1773 = DIRECTION('',(1.,0.,0.));
#1774 = ADVANCED_FACE('',(#1775,#1778),#1789,.F.);
#1775 = FACE_BOUND('',#1776,.F.);
#1776 = EDGE_LOOP('',(#1777));
#1777 = ORIENTED_EDGE('',*,*,#1742,.T.);
#1778 = FACE_BOUND('',#1779,.F.);
#1779 = EDGE_LOOP('',(#1780));
#1780 = ORIENTED_EDGE('',*,*,#1781,.F.);
#1781 = EDGE_CURVE('',#1782,#1782,#1784,.T.);
#1782 = VERTEX_POINT('',#1783);
#1783 = CARTESIAN_POINT('',(9.25,72.,130.));
#1784 = CIRCLE('',#1785,1.25);
#1785 = AXIS2_PLACEMENT_3D('',#1786,#1787,#1788);
#1786 = CARTESIAN_POINT('',(8.,72.,130.));
#1787 = DIRECTION('',(0.,0.,1.));
#1788 = DIRECTION('',(1.,0.,0.));
#1789 = PLANE('',#1790);
#1790 = AXIS2_PLACEMENT_3D('',#1791,#1792,#1793);
#1791 = CARTESIAN_POINT('',(8.,72.,130.));
#1792 = DIRECTION('',(0.,0.,1.));
#1793 = DIRECTION('',(1.,0.,0.));
#1794 = ADVANCED_FACE('',(#1795),#1806,.F.);
#1795 = FACE_BOUND('',#1796,.F.);
#1796 = EDGE_LOOP('',(#1797,#1803,#1804,#1805));
#1797 = ORIENTED_EDGE('',*,*,#1798,.T.);
#1798 = EDGE_CURVE('',#1782,#1762,#1799,.T.);
#1799 = LINE('',#1800,#1801);
#1800 = CARTESIAN_POINT('',(9.25,72.,128.));
#1801 = VECTOR('',#1802,1.);
#1802 = DIRECTION('',(0.,0.,1.));
#1803 = ORIENTED_EDGE('',*,*,#1761,.F.);
#1804 = ORIENTED_EDGE('',*,*,#1798,.F.);
#1805 = ORIENTED_EDGE('',*,*,#1781,.T.);
#1806 = CYLINDRICAL_SURFACE('',#1807,1.25);
#1807 = AXIS2_PLACEMENT_3D('',#1808,#1809,#1810);
#1808 = CARTESIAN_POINT('',(8.,72.,128.));
#1809 = DIRECTION('',(0.,0.,1.));
#1810 = DIRECTION('',(1.,0.,0.));
#1811 = MANIFOLD_SOLID_BREP('',#1812);
#1812 = CLOSED_SHELL('',(#1813,#1846,#1866,#1886));
#1813 = ADVANCED_FACE('',(#1814),#1841,.T.);
#1814 = FACE_BOUND('',#1815,.T.);
#1815 = EDGE_LOOP('',(#1816,#1825,#1833,#1840));
#1816 = ORIENTED_EDGE('',*,*,#1817,.F.);
#1817 = EDGE_CURVE('',#1818,#1818,#1820,.T.);
#1818 = VERTEX_POINT('',#1819);
#1819 = CARTESIAN_POINT('',(107.,72.,132.));
#1820 = CIRCLE('',#1821,3.);
#1821 = AXIS2_PLACEMENT_3D('',#1822,#1823,#1824);
#1822 = CARTESIAN_POINT('',(104.,72.,132.));
#1823 = DIRECTION('',(0.,0.,1.));
#1824 = DIRECTION('',(1.,0.,0.));
#1825 = ORIENTED_EDGE('',*,*,#1826,.F.);
#1826 = EDGE_CURVE('',#1827,#1818,#1829,.T.);
#1827 = VERTEX_POINT('',#1828);
#1828 = CARTESIAN_POINT('',(107.,72.,130.));
#1829 = LINE('',#1830,#1831);
#1830 = CARTESIAN_POINT('',(107.,72.,130.));
#1831 = VECTOR('',#1832,1.);
#1832 = DIRECTION('',(0.,0.,1.));
#1833 = ORIENTED_EDGE('',*,*,#1834,.T.);
#1834 = EDGE_CURVE('',#1827,#1827,#1835,.T.);
#1835 = CIRCLE('',#1836,3.);
#1836 = AXIS2_PLACEMENT_3D('',#1837,#1838,#1839);
#1837 = CARTESIAN_POINT('',(104.,72.,130.));
#1838 = DIRECTION('',(0.,0.,1.));
#1839 = DIRECTION('',(1.,0.,0.));
#1840 = ORIENTED_EDGE('',*,*,#1826,.T.);
#1841 = CYLINDRICAL_SURFACE('',#1842,3.);
#1842 = AXIS2_PLACEMENT_3D('',#1843,#1844,#1845);
#1843 = CARTESIAN_POINT('',(104.,72.,130.));
#1844 = DIRECTION('',(0.,0.,1.));
#1845 = DIRECTION('',(1.,0.,0.));
#1846 = ADVANCED_FACE('',(#1847,#1850),#1861,.T.);
#1847 = FACE_BOUND('',#1848,.T.);
#1848 = EDGE_LOOP('',(#1849));
#1849 = ORIENTED_EDGE('',*,*,#1817,.T.);
#1850 = FACE_BOUND('',#1851,.T.);
#1851 = EDGE_LOOP('',(#1852));
#1852 = ORIENTED_EDGE('',*,*,#1853,.F.);
#1853 = EDGE_CURVE('',#1854,#1854,#1856,.T.);
#1854 = VERTEX_POINT('',#1855);
#1855 = CARTESIAN_POINT('',(105.25,72.,132.));
#1856 = CIRCLE('',#1857,1.25);
#1857 = AXIS2_PLACEMENT_3D('',#1858,#1859,#1860);
#1858 = CARTESIAN_POINT('',(104.,72.,132.));
#1859 = DIRECTION('',(0.,0.,1.));
#1860 = DIRECTION('',(1.,0.,0.));
#1861 = PLANE('',#1862);
#1862 = AXIS2_PLACEMENT_3D('',#1863,#1864,#1865);
#1863 = CARTESIAN_POINT('',(104.,72.,132.));
#1864 = DIRECTION('',(0.,0.,1.));
#1865 = DIRECTION('',(1.,0.,0.));
#1866 = ADVANCED_FACE('',(#1867,#1870),#1881,.F.);
#1867 = FACE_BOUND('',#1868,.F.);
#1868 = EDGE_LOOP('',(#1869));
#1869 = ORIENTED_EDGE('',*,*,#1834,.T.);
#1870 = FACE_BOUND('',#1871,.F.);
#1871 = EDGE_LOOP('',(#1872));
#1872 = ORIENTED_EDGE('',*,*,#1873,.F.);
#1873 = EDGE_CURVE('',#1874,#1874,#1876,.T.);
#1874 = VERTEX_POINT('',#1875);
#1875 = CARTESIAN_POINT('',(105.25,72.,130.));
#1876 = CIRCLE('',#1877,1.25);
#1877 = AXIS2_PLACEMENT_3D('',#1878,#1879,#1880);
#1878 = CARTESIAN_POINT('',(104.,72.,130.));
#1879 = DIRECTION('',(0.,0.,1.));
#1880 = DIRECTION('',(1.,0.,0.));
#1881 = PLANE('',#1882);
#1882 = AXIS2_PLACEMENT_3D('',#1883,#1884,#1885);
#1883 = CARTESIAN_POINT('',(104.,72.,130.));
#1884 = DIRECTION('',(0.,0.,1.));
#1885 = DIRECTION('',(1.,0.,0.));
#1886 = ADVANCED_FACE('',(#1887),#1898,.F.);
#1887 = FACE_BOUND('',#1888,.F.);
#1888 = EDGE_LOOP('',(#1889,#1895,#1896,#1897));
#1889 = ORIENTED_EDGE('',*,*,#1890,.T.);
#1890 = EDGE_CURVE('',#1874,#1854,#1891,.T.);
#1891 = LINE('',#1892,#1893);
#1892 = CARTESIAN_POINT('',(105.25,72.,128.));
#1893 = VECTOR('',#1894,1.);
#1894 = DIRECTION('',(0.,0.,1.));
#1895 = ORIENTED_EDGE('',*,*,#1853,.F.);
#1896 = ORIENTED_EDGE('',*,*,#1890,.F.);
#1897 = ORIENTED_EDGE('',*,*,#1873,.T.);
#1898 = CYLINDRICAL_SURFACE('',#1899,1.25);
#1899 = AXIS2_PLACEMENT_3D('',#1900,#1901,#1902);
#1900 = CARTESIAN_POINT('',(104.,72.,128.));
#1901 = DIRECTION('',(0.,0.,1.));
#1902 = DIRECTION('',(1.,0.,0.));
#1903 = MANIFOLD_SOLID_BREP('',#1904);
#1904 = CLOSED_SHELL('',(#1905,#1945,#2056,#2081,#2106,#2201,#2218,#2235
    ,#2252,#2269,#2281,#2298,#2315,#2332));
#1905 = ADVANCED_FACE('',(#1906),#1940,.F.);
#1906 = FACE_BOUND('',#1907,.F.);
#1907 = EDGE_LOOP('',(#1908,#1918,#1926,#1934));
#1908 = ORIENTED_EDGE('',*,*,#1909,.F.);
#1909 = EDGE_CURVE('',#1910,#1912,#1914,.T.);
#1910 = VERTEX_POINT('',#1911);
#1911 = CARTESIAN_POINT('',(-8.881784197001E-16,6.,135.));
#1912 = VERTEX_POINT('',#1913);
#1913 = CARTESIAN_POINT('',(-8.881784197001E-16,74.,135.));
#1914 = LINE('',#1915,#1916);
#1915 = CARTESIAN_POINT('',(0.,0.,135.));
#1916 = VECTOR('',#1917,1.);
#1917 = DIRECTION('',(0.,1.,0.));
#1918 = ORIENTED_EDGE('',*,*,#1919,.F.);
#1919 = EDGE_CURVE('',#1920,#1910,#1922,.T.);
#1920 = VERTEX_POINT('',#1921);
#1921 = CARTESIAN_POINT('',(-8.881784197001E-16,6.,132.));
#1922 = LINE('',#1923,#1924);
#1923 = CARTESIAN_POINT('',(-8.881784197001E-16,6.,132.));
#1924 = VECTOR('',#1925,1.);
#1925 = DIRECTION('',(0.,0.,1.));
#1926 = ORIENTED_EDGE('',*,*,#1927,.T.);
#1927 = EDGE_CURVE('',#1920,#1928,#1930,.T.);
#1928 = VERTEX_POINT('',#1929);
#1929 = CARTESIAN_POINT('',(-8.881784197001E-16,74.,132.));
#1930 = LINE('',#1931,#1932);
#1931 = CARTESIAN_POINT('',(0.,0.,132.));
#1932 = VECTOR('',#1933,1.);
#1933 = DIRECTION('',(0.,1.,0.));
#1934 = ORIENTED_EDGE('',*,*,#1935,.T.);
#1935 = EDGE_CURVE('',#1928,#1912,#1936,.T.);
#1936 = LINE('',#1937,#1938);
#1937 = CARTESIAN_POINT('',(-8.881784197001E-16,74.,132.));
#1938 = VECTOR('',#1939,1.);
#1939 = DIRECTION('',(0.,0.,1.));
#1940 = PLANE('',#1941);
#1941 = AXIS2_PLACEMENT_3D('',#1942,#1943,#1944);
#1942 = CARTESIAN_POINT('',(0.,0.,132.));
#1943 = DIRECTION('',(1.,0.,0.));
#1944 = DIRECTION('',(0.,0.,1.));
#1945 = ADVANCED_FACE('',(#1946,#2007,#2018,#2029,#2040),#2051,.T.);
#1946 = FACE_BOUND('',#1947,.T.);
#1947 = EDGE_LOOP('',(#1948,#1949,#1958,#1966,#1975,#1983,#1992,#2000));
#1948 = ORIENTED_EDGE('',*,*,#1909,.F.);
#1949 = ORIENTED_EDGE('',*,*,#1950,.T.);
#1950 = EDGE_CURVE('',#1910,#1951,#1953,.T.);
#1951 = VERTEX_POINT('',#1952);
#1952 = CARTESIAN_POINT('',(6.,-8.881784197001E-16,135.));
#1953 = CIRCLE('',#1954,6.);
#1954 = AXIS2_PLACEMENT_3D('',#1955,#1956,#1957);
#1955 = CARTESIAN_POINT('',(6.,6.,135.));
#1956 = DIRECTION('',(-0.,0.,1.));
#1957 = DIRECTION('',(0.,-1.,0.));
#1958 = ORIENTED_EDGE('',*,*,#1959,.T.);
#1959 = EDGE_CURVE('',#1951,#1960,#1962,.T.);
#1960 = VERTEX_POINT('',#1961);
#1961 = CARTESIAN_POINT('',(106.,-8.881784197001E-16,135.));
#1962 = LINE('',#1963,#1964);
#1963 = CARTESIAN_POINT('',(0.,0.,135.));
#1964 = VECTOR('',#1965,1.);
#1965 = DIRECTION('',(1.,0.,0.));
#1966 = ORIENTED_EDGE('',*,*,#1967,.F.);
#1967 = EDGE_CURVE('',#1968,#1960,#1970,.T.);
#1968 = VERTEX_POINT('',#1969);
#1969 = CARTESIAN_POINT('',(112.,6.,135.));
#1970 = CIRCLE('',#1971,6.);
#1971 = AXIS2_PLACEMENT_3D('',#1972,#1973,#1974);
#1972 = CARTESIAN_POINT('',(106.,6.,135.));
#1973 = DIRECTION('',(-0.,-0.,-1.));
#1974 = DIRECTION('',(0.,-1.,0.));
#1975 = ORIENTED_EDGE('',*,*,#1976,.T.);
#1976 = EDGE_CURVE('',#1968,#1977,#1979,.T.);
#1977 = VERTEX_POINT('',#1978);
#1978 = CARTESIAN_POINT('',(112.,74.,135.));
#1979 = LINE('',#1980,#1981);
#1980 = CARTESIAN_POINT('',(112.,0.,135.));
#1981 = VECTOR('',#1982,1.);
#1982 = DIRECTION('',(0.,1.,0.));
#1983 = ORIENTED_EDGE('',*,*,#1984,.T.);
#1984 = EDGE_CURVE('',#1977,#1985,#1987,.T.);
#1985 = VERTEX_POINT('',#1986);
#1986 = CARTESIAN_POINT('',(106.,80.,135.));
#1987 = CIRCLE('',#1988,6.);
#1988 = AXIS2_PLACEMENT_3D('',#1989,#1990,#1991);
#1989 = CARTESIAN_POINT('',(106.,74.,135.));
#1990 = DIRECTION('',(-0.,0.,1.));
#1991 = DIRECTION('',(0.,-1.,0.));
#1992 = ORIENTED_EDGE('',*,*,#1993,.F.);
#1993 = EDGE_CURVE('',#1994,#1985,#1996,.T.);
#1994 = VERTEX_POINT('',#1995);
#1995 = CARTESIAN_POINT('',(6.,80.,135.));
#1996 = LINE('',#1997,#1998);
#1997 = CARTESIAN_POINT('',(0.,80.,135.));
#1998 = VECTOR('',#1999,1.);
#1999 = DIRECTION('',(1.,0.,0.));
#2000 = ORIENTED_EDGE('',*,*,#2001,.F.);
#2001 = EDGE_CURVE('',#1912,#1994,#2002,.T.);
#2002 = CIRCLE('',#2003,6.);
#2003 = AXIS2_PLACEMENT_3D('',#2004,#2005,#2006);
#2004 = CARTESIAN_POINT('',(6.,74.,135.));
#2005 = DIRECTION('',(-0.,-0.,-1.));
#2006 = DIRECTION('',(0.,-1.,0.));
#2007 = FACE_BOUND('',#2008,.T.);
#2008 = EDGE_LOOP('',(#2009));
#2009 = ORIENTED_EDGE('',*,*,#2010,.F.);
#2010 = EDGE_CURVE('',#2011,#2011,#2013,.T.);
#2011 = VERTEX_POINT('',#2012);
#2012 = CARTESIAN_POINT('',(9.25,8.,135.));
#2013 = CIRCLE('',#2014,1.25);
#2014 = AXIS2_PLACEMENT_3D('',#2015,#2016,#2017);
#2015 = CARTESIAN_POINT('',(8.,8.,135.));
#2016 = DIRECTION('',(0.,0.,1.));
#2017 = DIRECTION('',(1.,0.,0.));
#2018 = FACE_BOUND('',#2019,.T.);
#2019 = EDGE_LOOP('',(#2020));
#2020 = ORIENTED_EDGE('',*,*,#2021,.F.);
#2021 = EDGE_CURVE('',#2022,#2022,#2024,.T.);
#2022 = VERTEX_POINT('',#2023);
#2023 = CARTESIAN_POINT('',(105.25,8.,135.));
#2024 = CIRCLE('',#2025,1.25);
#2025 = AXIS2_PLACEMENT_3D('',#2026,#2027,#2028);
#2026 = CARTESIAN_POINT('',(104.,8.,135.));
#2027 = DIRECTION('',(0.,0.,1.));
#2028 = DIRECTION('',(1.,0.,0.));
#2029 = FACE_BOUND('',#2030,.T.);
#2030 = EDGE_LOOP('',(#2031));
#2031 = ORIENTED_EDGE('',*,*,#2032,.F.);
#2032 = EDGE_CURVE('',#2033,#2033,#2035,.T.);
#2033 = VERTEX_POINT('',#2034);
#2034 = CARTESIAN_POINT('',(9.25,72.,135.));
#2035 = CIRCLE('',#2036,1.25);
#2036 = AXIS2_PLACEMENT_3D('',#2037,#2038,#2039);
#2037 = CARTESIAN_POINT('',(8.,72.,135.));
#2038 = DIRECTION('',(0.,0.,1.));
#2039 = DIRECTION('',(1.,0.,0.));
#2040 = FACE_BOUND('',#2041,.T.);
#2041 = EDGE_LOOP('',(#2042));
#2042 = ORIENTED_EDGE('',*,*,#2043,.F.);
#2043 = EDGE_CURVE('',#2044,#2044,#2046,.T.);
#2044 = VERTEX_POINT('',#2045);
#2045 = CARTESIAN_POINT('',(105.25,72.,135.));
#2046 = CIRCLE('',#2047,1.25);
#2047 = AXIS2_PLACEMENT_3D('',#2048,#2049,#2050);
#2048 = CARTESIAN_POINT('',(104.,72.,135.));
#2049 = DIRECTION('',(0.,0.,1.));
#2050 = DIRECTION('',(1.,0.,0.));
#2051 = PLANE('',#2052);
#2052 = AXIS2_PLACEMENT_3D('',#2053,#2054,#2055);
#2053 = CARTESIAN_POINT('',(0.,0.,135.));
#2054 = DIRECTION('',(0.,0.,1.));
#2055 = DIRECTION('',(1.,0.,0.));
#2056 = ADVANCED_FACE('',(#2057),#2076,.T.);
#2057 = FACE_BOUND('',#2058,.T.);
#2058 = EDGE_LOOP('',(#2059,#2068,#2074,#2075));
#2059 = ORIENTED_EDGE('',*,*,#2060,.T.);
#2060 = EDGE_CURVE('',#1920,#2061,#2063,.T.);
#2061 = VERTEX_POINT('',#2062);
#2062 = CARTESIAN_POINT('',(6.,-8.881784197001E-16,132.));
#2063 = CIRCLE('',#2064,6.);
#2064 = AXIS2_PLACEMENT_3D('',#2065,#2066,#2067);
#2065 = CARTESIAN_POINT('',(6.,6.,132.));
#2066 = DIRECTION('',(-0.,0.,1.));
#2067 = DIRECTION('',(0.,-1.,0.));
#2068 = ORIENTED_EDGE('',*,*,#2069,.T.);
#2069 = EDGE_CURVE('',#2061,#1951,#2070,.T.);
#2070 = LINE('',#2071,#2072);
#2071 = CARTESIAN_POINT('',(6.,-8.881784197001E-16,132.));
#2072 = VECTOR('',#2073,1.);
#2073 = DIRECTION('',(0.,0.,1.));
#2074 = ORIENTED_EDGE('',*,*,#1950,.F.);
#2075 = ORIENTED_EDGE('',*,*,#1919,.F.);
#2076 = CYLINDRICAL_SURFACE('',#2077,6.);
#2077 = AXIS2_PLACEMENT_3D('',#2078,#2079,#2080);
#2078 = CARTESIAN_POINT('',(6.,6.,132.));
#2079 = DIRECTION('',(0.,0.,1.));
#2080 = DIRECTION('',(-1.,0.,0.));
#2081 = ADVANCED_FACE('',(#2082),#2101,.T.);
#2082 = FACE_BOUND('',#2083,.T.);
#2083 = EDGE_LOOP('',(#2084,#2085,#2086,#2094));
#2084 = ORIENTED_EDGE('',*,*,#1935,.T.);
#2085 = ORIENTED_EDGE('',*,*,#2001,.T.);
#2086 = ORIENTED_EDGE('',*,*,#2087,.F.);
#2087 = EDGE_CURVE('',#2088,#1994,#2090,.T.);
#2088 = VERTEX_POINT('',#2089);
#2089 = CARTESIAN_POINT('',(6.,80.,132.));
#2090 = LINE('',#2091,#2092);
#2091 = CARTESIAN_POINT('',(6.,80.,132.));
#2092 = VECTOR('',#2093,1.);
#2093 = DIRECTION('',(0.,0.,1.));
#2094 = ORIENTED_EDGE('',*,*,#2095,.F.);
#2095 = EDGE_CURVE('',#1928,#2088,#2096,.T.);
#2096 = CIRCLE('',#2097,6.);
#2097 = AXIS2_PLACEMENT_3D('',#2098,#2099,#2100);
#2098 = CARTESIAN_POINT('',(6.,74.,132.));
#2099 = DIRECTION('',(-0.,-0.,-1.));
#2100 = DIRECTION('',(0.,-1.,0.));
#2101 = CYLINDRICAL_SURFACE('',#2102,6.);
#2102 = AXIS2_PLACEMENT_3D('',#2103,#2104,#2105);
#2103 = CARTESIAN_POINT('',(6.,74.,132.));
#2104 = DIRECTION('',(0.,0.,1.));
#2105 = DIRECTION('',(-1.,0.,0.));
#2106 = ADVANCED_FACE('',(#2107,#2152,#2163,#2174,#2185),#2196,.F.);
#2107 = FACE_BOUND('',#2108,.F.);
#2108 = EDGE_LOOP('',(#2109,#2110,#2111,#2119,#2128,#2136,#2145,#2151));
#2109 = ORIENTED_EDGE('',*,*,#1927,.F.);
#2110 = ORIENTED_EDGE('',*,*,#2060,.T.);
#2111 = ORIENTED_EDGE('',*,*,#2112,.T.);
#2112 = EDGE_CURVE('',#2061,#2113,#2115,.T.);
#2113 = VERTEX_POINT('',#2114);
#2114 = CARTESIAN_POINT('',(106.,-8.881784197001E-16,132.));
#2115 = LINE('',#2116,#2117);
#2116 = CARTESIAN_POINT('',(0.,0.,132.));
#2117 = VECTOR('',#2118,1.);
#2118 = DIRECTION('',(1.,0.,0.));
#2119 = ORIENTED_EDGE('',*,*,#2120,.F.);
#2120 = EDGE_CURVE('',#2121,#2113,#2123,.T.);
#2121 = VERTEX_POINT('',#2122);
#2122 = CARTESIAN_POINT('',(112.,6.,132.));
#2123 = CIRCLE('',#2124,6.);
#2124 = AXIS2_PLACEMENT_3D('',#2125,#2126,#2127);
#2125 = CARTESIAN_POINT('',(106.,6.,132.));
#2126 = DIRECTION('',(-0.,-0.,-1.));
#2127 = DIRECTION('',(0.,-1.,0.));
#2128 = ORIENTED_EDGE('',*,*,#2129,.T.);
#2129 = EDGE_CURVE('',#2121,#2130,#2132,.T.);
#2130 = VERTEX_POINT('',#2131);
#2131 = CARTESIAN_POINT('',(112.,74.,132.));
#2132 = LINE('',#2133,#2134);
#2133 = CARTESIAN_POINT('',(112.,0.,132.));
#2134 = VECTOR('',#2135,1.);
#2135 = DIRECTION('',(0.,1.,0.));
#2136 = ORIENTED_EDGE('',*,*,#2137,.T.);
#2137 = EDGE_CURVE('',#2130,#2138,#2140,.T.);
#2138 = VERTEX_POINT('',#2139);
#2139 = CARTESIAN_POINT('',(106.,80.,132.));
#2140 = CIRCLE('',#2141,6.);
#2141 = AXIS2_PLACEMENT_3D('',#2142,#2143,#2144);
#2142 = CARTESIAN_POINT('',(106.,74.,132.));
#2143 = DIRECTION('',(-0.,0.,1.));
#2144 = DIRECTION('',(0.,-1.,0.));
#2145 = ORIENTED_EDGE('',*,*,#2146,.F.);
#2146 = EDGE_CURVE('',#2088,#2138,#2147,.T.);
#2147 = LINE('',#2148,#2149);
#2148 = CARTESIAN_POINT('',(0.,80.,132.));
#2149 = VECTOR('',#2150,1.);
#2150 = DIRECTION('',(1.,0.,0.));
#2151 = ORIENTED_EDGE('',*,*,#2095,.F.);
#2152 = FACE_BOUND('',#2153,.F.);
#2153 = EDGE_LOOP('',(#2154));
#2154 = ORIENTED_EDGE('',*,*,#2155,.F.);
#2155 = EDGE_CURVE('',#2156,#2156,#2158,.T.);
#2156 = VERTEX_POINT('',#2157);
#2157 = CARTESIAN_POINT('',(9.25,8.,132.));
#2158 = CIRCLE('',#2159,1.25);
#2159 = AXIS2_PLACEMENT_3D('',#2160,#2161,#2162);
#2160 = CARTESIAN_POINT('',(8.,8.,132.));
#2161 = DIRECTION('',(0.,0.,1.));
#2162 = DIRECTION('',(1.,0.,0.));
#2163 = FACE_BOUND('',#2164,.F.);
#2164 = EDGE_LOOP('',(#2165));
#2165 = ORIENTED_EDGE('',*,*,#2166,.F.);
#2166 = EDGE_CURVE('',#2167,#2167,#2169,.T.);
#2167 = VERTEX_POINT('',#2168);
#2168 = CARTESIAN_POINT('',(105.25,8.,132.));
#2169 = CIRCLE('',#2170,1.25);
#2170 = AXIS2_PLACEMENT_3D('',#2171,#2172,#2173);
#2171 = CARTESIAN_POINT('',(104.,8.,132.));
#2172 = DIRECTION('',(0.,0.,1.));
#2173 = DIRECTION('',(1.,0.,0.));
#2174 = FACE_BOUND('',#2175,.F.);
#2175 = EDGE_LOOP('',(#2176));
#2176 = ORIENTED_EDGE('',*,*,#2177,.F.);
#2177 = EDGE_CURVE('',#2178,#2178,#2180,.T.);
#2178 = VERTEX_POINT('',#2179);
#2179 = CARTESIAN_POINT('',(9.25,72.,132.));
#2180 = CIRCLE('',#2181,1.25);
#2181 = AXIS2_PLACEMENT_3D('',#2182,#2183,#2184);
#2182 = CARTESIAN_POINT('',(8.,72.,132.));
#2183 = DIRECTION('',(0.,0.,1.));
#2184 = DIRECTION('',(1.,0.,0.));
#2185 = FACE_BOUND('',#2186,.F.);
#2186 = EDGE_LOOP('',(#2187));
#2187 = ORIENTED_EDGE('',*,*,#2188,.F.);
#2188 = EDGE_CURVE('',#2189,#2189,#2191,.T.);
#2189 = VERTEX_POINT('',#2190);
#2190 = CARTESIAN_POINT('',(105.25,72.,132.));
#2191 = CIRCLE('',#2192,1.25);
#2192 = AXIS2_PLACEMENT_3D('',#2193,#2194,#2195);
#2193 = CARTESIAN_POINT('',(104.,72.,132.));
#2194 = DIRECTION('',(0.,0.,1.));
#2195 = DIRECTION('',(1.,0.,0.));
#2196 = PLANE('',#2197);
#2197 = AXIS2_PLACEMENT_3D('',#2198,#2199,#2200);
#2198 = CARTESIAN_POINT('',(0.,0.,132.));
#2199 = DIRECTION('',(0.,0.,1.));
#2200 = DIRECTION('',(1.,0.,0.));
#2201 = ADVANCED_FACE('',(#2202),#2213,.F.);
#2202 = FACE_BOUND('',#2203,.F.);
#2203 = EDGE_LOOP('',(#2204,#2205,#2206,#2207));
#2204 = ORIENTED_EDGE('',*,*,#2112,.F.);
#2205 = ORIENTED_EDGE('',*,*,#2069,.T.);
#2206 = ORIENTED_EDGE('',*,*,#1959,.T.);
#2207 = ORIENTED_EDGE('',*,*,#2208,.F.);
#2208 = EDGE_CURVE('',#2113,#1960,#2209,.T.);
#2209 = LINE('',#2210,#2211);
#2210 = CARTESIAN_POINT('',(106.,-8.881784197001E-16,132.));
#2211 = VECTOR('',#2212,1.);
#2212 = DIRECTION('',(0.,0.,1.));
#2213 = PLANE('',#2214);
#2214 = AXIS2_PLACEMENT_3D('',#2215,#2216,#2217);
#2215 = CARTESIAN_POINT('',(0.,0.,132.));
#2216 = DIRECTION('',(0.,1.,0.));
#2217 = DIRECTION('',(0.,0.,1.));
#2218 = ADVANCED_FACE('',(#2219),#2230,.T.);
#2219 = FACE_BOUND('',#2220,.T.);
#2220 = EDGE_LOOP('',(#2221,#2222,#2223,#2224));
#2221 = ORIENTED_EDGE('',*,*,#2146,.F.);
#2222 = ORIENTED_EDGE('',*,*,#2087,.T.);
#2223 = ORIENTED_EDGE('',*,*,#1993,.T.);
#2224 = ORIENTED_EDGE('',*,*,#2225,.F.);
#2225 = EDGE_CURVE('',#2138,#1985,#2226,.T.);
#2226 = LINE('',#2227,#2228);
#2227 = CARTESIAN_POINT('',(106.,80.,132.));
#2228 = VECTOR('',#2229,1.);
#2229 = DIRECTION('',(0.,0.,1.));
#2230 = PLANE('',#2231);
#2231 = AXIS2_PLACEMENT_3D('',#2232,#2233,#2234);
#2232 = CARTESIAN_POINT('',(0.,80.,132.));
#2233 = DIRECTION('',(0.,1.,0.));
#2234 = DIRECTION('',(0.,0.,1.));
#2235 = ADVANCED_FACE('',(#2236),#2247,.T.);
#2236 = FACE_BOUND('',#2237,.T.);
#2237 = EDGE_LOOP('',(#2238,#2244,#2245,#2246));
#2238 = ORIENTED_EDGE('',*,*,#2239,.T.);
#2239 = EDGE_CURVE('',#2121,#1968,#2240,.T.);
#2240 = LINE('',#2241,#2242);
#2241 = CARTESIAN_POINT('',(112.,6.,132.));
#2242 = VECTOR('',#2243,1.);
#2243 = DIRECTION('',(0.,0.,1.));
#2244 = ORIENTED_EDGE('',*,*,#1967,.T.);
#2245 = ORIENTED_EDGE('',*,*,#2208,.F.);
#2246 = ORIENTED_EDGE('',*,*,#2120,.F.);
#2247 = CYLINDRICAL_SURFACE('',#2248,6.);
#2248 = AXIS2_PLACEMENT_3D('',#2249,#2250,#2251);
#2249 = CARTESIAN_POINT('',(106.,6.,132.));
#2250 = DIRECTION('',(0.,0.,1.));
#2251 = DIRECTION('',(1.,0.,0.));
#2252 = ADVANCED_FACE('',(#2253),#2264,.T.);
#2253 = FACE_BOUND('',#2254,.T.);
#2254 = EDGE_LOOP('',(#2255,#2256,#2257,#2258));
#2255 = ORIENTED_EDGE('',*,*,#2137,.T.);
#2256 = ORIENTED_EDGE('',*,*,#2225,.T.);
#2257 = ORIENTED_EDGE('',*,*,#1984,.F.);
#2258 = ORIENTED_EDGE('',*,*,#2259,.F.);
#2259 = EDGE_CURVE('',#2130,#1977,#2260,.T.);
#2260 = LINE('',#2261,#2262);
#2261 = CARTESIAN_POINT('',(112.,74.,132.));
#2262 = VECTOR('',#2263,1.);
#2263 = DIRECTION('',(0.,0.,1.));
#2264 = CYLINDRICAL_SURFACE('',#2265,6.);
#2265 = AXIS2_PLACEMENT_3D('',#2266,#2267,#2268);
#2266 = CARTESIAN_POINT('',(106.,74.,132.));
#2267 = DIRECTION('',(0.,0.,1.));
#2268 = DIRECTION('',(1.,0.,0.));
#2269 = ADVANCED_FACE('',(#2270),#2276,.T.);
#2270 = FACE_BOUND('',#2271,.T.);
#2271 = EDGE_LOOP('',(#2272,#2273,#2274,#2275));
#2272 = ORIENTED_EDGE('',*,*,#1976,.F.);
#2273 = ORIENTED_EDGE('',*,*,#2239,.F.);
#2274 = ORIENTED_EDGE('',*,*,#2129,.T.);
#2275 = ORIENTED_EDGE('',*,*,#2259,.T.);
#2276 = PLANE('',#2277);
#2277 = AXIS2_PLACEMENT_3D('',#2278,#2279,#2280);
#2278 = CARTESIAN_POINT('',(112.,0.,132.));
#2279 = DIRECTION('',(1.,0.,0.));
#2280 = DIRECTION('',(0.,0.,1.));
#2281 = ADVANCED_FACE('',(#2282),#2293,.F.);
#2282 = FACE_BOUND('',#2283,.F.);
#2283 = EDGE_LOOP('',(#2284,#2285,#2291,#2292));
#2284 = ORIENTED_EDGE('',*,*,#2010,.F.);
#2285 = ORIENTED_EDGE('',*,*,#2286,.F.);
#2286 = EDGE_CURVE('',#2156,#2011,#2287,.T.);
#2287 = LINE('',#2288,#2289);
#2288 = CARTESIAN_POINT('',(9.25,8.,132.));
#2289 = VECTOR('',#2290,1.);
#2290 = DIRECTION('',(0.,0.,1.));
#2291 = ORIENTED_EDGE('',*,*,#2155,.T.);
#2292 = ORIENTED_EDGE('',*,*,#2286,.T.);
#2293 = CYLINDRICAL_SURFACE('',#2294,1.25);
#2294 = AXIS2_PLACEMENT_3D('',#2295,#2296,#2297);
#2295 = CARTESIAN_POINT('',(8.,8.,132.));
#2296 = DIRECTION('',(0.,0.,1.));
#2297 = DIRECTION('',(1.,0.,0.));
#2298 = ADVANCED_FACE('',(#2299),#2310,.F.);
#2299 = FACE_BOUND('',#2300,.F.);
#2300 = EDGE_LOOP('',(#2301,#2302,#2308,#2309));
#2301 = ORIENTED_EDGE('',*,*,#2021,.F.);
#2302 = ORIENTED_EDGE('',*,*,#2303,.F.);
#2303 = EDGE_CURVE('',#2167,#2022,#2304,.T.);
#2304 = LINE('',#2305,#2306);
#2305 = CARTESIAN_POINT('',(105.25,8.,132.));
#2306 = VECTOR('',#2307,1.);
#2307 = DIRECTION('',(0.,0.,1.));
#2308 = ORIENTED_EDGE('',*,*,#2166,.T.);
#2309 = ORIENTED_EDGE('',*,*,#2303,.T.);
#2310 = CYLINDRICAL_SURFACE('',#2311,1.25);
#2311 = AXIS2_PLACEMENT_3D('',#2312,#2313,#2314);
#2312 = CARTESIAN_POINT('',(104.,8.,132.));
#2313 = DIRECTION('',(0.,0.,1.));
#2314 = DIRECTION('',(1.,0.,0.));
#2315 = ADVANCED_FACE('',(#2316),#2327,.F.);
#2316 = FACE_BOUND('',#2317,.F.);
#2317 = EDGE_LOOP('',(#2318,#2319,#2325,#2326));
#2318 = ORIENTED_EDGE('',*,*,#2032,.F.);
#2319 = ORIENTED_EDGE('',*,*,#2320,.F.);
#2320 = EDGE_CURVE('',#2178,#2033,#2321,.T.);
#2321 = LINE('',#2322,#2323);
#2322 = CARTESIAN_POINT('',(9.25,72.,132.));
#2323 = VECTOR('',#2324,1.);
#2324 = DIRECTION('',(0.,0.,1.));
#2325 = ORIENTED_EDGE('',*,*,#2177,.T.);
#2326 = ORIENTED_EDGE('',*,*,#2320,.T.);
#2327 = CYLINDRICAL_SURFACE('',#2328,1.25);
#2328 = AXIS2_PLACEMENT_3D('',#2329,#2330,#2331);
#2329 = CARTESIAN_POINT('',(8.,72.,132.));
#2330 = DIRECTION('',(0.,0.,1.));
#2331 = DIRECTION('',(1.,0.,0.));
#2332 = ADVANCED_FACE('',(#2333),#2344,.F.);
#2333 = FACE_BOUND('',#2334,.F.);
#2334 = EDGE_LOOP('',(#2335,#2336,#2342,#2343));
#2335 = ORIENTED_EDGE('',*,*,#2043,.F.);
#2336 = ORIENTED_EDGE('',*,*,#2337,.F.);
#2337 = EDGE_CURVE('',#2189,#2044,#2338,.T.);
#2338 = LINE('',#2339,#2340);
#2339 = CARTESIAN_POINT('',(105.25,72.,132.));
#2340 = VECTOR('',#2341,1.);
#2341 = DIRECTION('',(0.,0.,1.));
#2342 = ORIENTED_EDGE('',*,*,#2188,.T.);
#2343 = ORIENTED_EDGE('',*,*,#2337,.T.);
#2344 = CYLINDRICAL_SURFACE('',#2345,1.25);
#2345 = AXIS2_PLACEMENT_3D('',#2346,#2347,#2348);
#2346 = CARTESIAN_POINT('',(104.,72.,132.));
#2347 = DIRECTION('',(0.,0.,1.));
#2348 = DIRECTION('',(1.,0.,0.));
#2349 = MANIFOLD_SOLID_BREP('',#2350);
#2350 = CLOSED_SHELL('',(#2351,#2391,#2521,#2545,#2634,#2651,#2668,#2685
    ,#2702,#2719,#2731,#2748,#2765,#2782,#2813,#2837,#2861,#2878));
#2351 = ADVANCED_FACE('',(#2352),#2386,.F.);
#2352 = FACE_BOUND('',#2353,.F.);
#2353 = EDGE_LOOP('',(#2354,#2364,#2372,#2380));
#2354 = ORIENTED_EDGE('',*,*,#2355,.F.);
#2355 = EDGE_CURVE('',#2356,#2358,#2360,.T.);
#2356 = VERTEX_POINT('',#2357);
#2357 = CARTESIAN_POINT('',(41.9,80.,-71.5));
#2358 = VERTEX_POINT('',#2359);
#2359 = CARTESIAN_POINT('',(41.9,80.,119.));
#2360 = LINE('',#2361,#2362);
#2361 = CARTESIAN_POINT('',(41.9,80.,-71.5));
#2362 = VECTOR('',#2363,1.);
#2363 = DIRECTION('',(0.,0.,1.));
#2364 = ORIENTED_EDGE('',*,*,#2365,.T.);
#2365 = EDGE_CURVE('',#2356,#2366,#2368,.T.);
#2366 = VERTEX_POINT('',#2367);
#2367 = CARTESIAN_POINT('',(41.9,88.,-71.5));
#2368 = LINE('',#2369,#2370);
#2369 = CARTESIAN_POINT('',(41.9,80.,-71.5));
#2370 = VECTOR('',#2371,1.);
#2371 = DIRECTION('',(0.,1.,0.));
#2372 = ORIENTED_EDGE('',*,*,#2373,.T.);
#2373 = EDGE_CURVE('',#2366,#2374,#2376,.T.);
#2374 = VERTEX_POINT('',#2375);
#2375 = CARTESIAN_POINT('',(41.9,88.,119.));
#2376 = LINE('',#2377,#2378);
#2377 = CARTESIAN_POINT('',(41.9,88.,-71.5));
#2378 = VECTOR('',#2379,1.);
#2379 = DIRECTION('',(0.,0.,1.));
#2380 = ORIENTED_EDGE('',*,*,#2381,.F.);
#2381 = EDGE_CURVE('',#2358,#2374,#2382,.T.);
#2382 = LINE('',#2383,#2384);
#2383 = CARTESIAN_POINT('',(41.9,80.,119.));
#2384 = VECTOR('',#2385,1.);
#2385 = DIRECTION('',(0.,1.,0.));
#2386 = PLANE('',#2387);
#2387 = AXIS2_PLACEMENT_3D('',#2388,#2389,#2390);
#2388 = CARTESIAN_POINT('',(41.9,80.,-71.5));
#2389 = DIRECTION('',(1.,0.,0.));
#2390 = DIRECTION('',(0.,0.,1.));
#2391 = ADVANCED_FACE('',(#2392,#2449,#2460,#2471,#2482),#2516,.F.);
#2392 = FACE_BOUND('',#2393,.F.);
#2393 = EDGE_LOOP('',(#2394,#2404,#2410,#2411,#2419,#2427,#2435,#2443));
#2394 = ORIENTED_EDGE('',*,*,#2395,.F.);
#2395 = EDGE_CURVE('',#2396,#2398,#2400,.T.);
#2396 = VERTEX_POINT('',#2397);
#2397 = CARTESIAN_POINT('',(70.1,80.,-71.5));
#2398 = VERTEX_POINT('',#2399);
#2399 = CARTESIAN_POINT('',(70.1,80.,119.));
#2400 = LINE('',#2401,#2402);
#2401 = CARTESIAN_POINT('',(70.1,80.,-71.5));
#2402 = VECTOR('',#2403,1.);
#2403 = DIRECTION('',(0.,0.,1.));
#2404 = ORIENTED_EDGE('',*,*,#2405,.F.);
#2405 = EDGE_CURVE('',#2356,#2396,#2406,.T.);
#2406 = LINE('',#2407,#2408);
#2407 = CARTESIAN_POINT('',(41.9,80.,-71.5));
#2408 = VECTOR('',#2409,1.);
#2409 = DIRECTION('',(1.,0.,0.));
#2410 = ORIENTED_EDGE('',*,*,#2355,.T.);
#2411 = ORIENTED_EDGE('',*,*,#2412,.T.);
#2412 = EDGE_CURVE('',#2358,#2413,#2415,.T.);
#2413 = VERTEX_POINT('',#2414);
#2414 = CARTESIAN_POINT('',(45.9,80.,119.));
#2415 = LINE('',#2416,#2417);
#2416 = CARTESIAN_POINT('',(41.9,80.,119.));
#2417 = VECTOR('',#2418,1.);
#2418 = DIRECTION('',(1.,0.,0.));
#2419 = ORIENTED_EDGE('',*,*,#2420,.F.);
#2420 = EDGE_CURVE('',#2421,#2413,#2423,.T.);
#2421 = VERTEX_POINT('',#2422);
#2422 = CARTESIAN_POINT('',(45.9,80.,81.));
#2423 = LINE('',#2424,#2425);
#2424 = CARTESIAN_POINT('',(45.9,80.,81.));
#2425 = VECTOR('',#2426,1.);
#2426 = DIRECTION('',(0.,0.,1.));
#2427 = ORIENTED_EDGE('',*,*,#2428,.T.);
#2428 = EDGE_CURVE('',#2421,#2429,#2431,.T.);
#2429 = VERTEX_POINT('',#2430);
#2430 = CARTESIAN_POINT('',(66.1,80.,81.));
#2431 = LINE('',#2432,#2433);
#2432 = CARTESIAN_POINT('',(45.9,80.,81.));
#2433 = VECTOR('',#2434,1.);
#2434 = DIRECTION('',(1.,0.,0.));
#2435 = ORIENTED_EDGE('',*,*,#2436,.T.);
#2436 = EDGE_CURVE('',#2429,#2437,#2439,.T.);
#2437 = VERTEX_POINT('',#2438);
#2438 = CARTESIAN_POINT('',(66.1,80.,119.));
#2439 = LINE('',#2440,#2441);
#2440 = CARTESIAN_POINT('',(66.1,80.,81.));
#2441 = VECTOR('',#2442,1.);
#2442 = DIRECTION('',(0.,0.,1.));
#2443 = ORIENTED_EDGE('',*,*,#2444,.T.);
#2444 = EDGE_CURVE('',#2437,#2398,#2445,.T.);
#2445 = LINE('',#2446,#2447);
#2446 = CARTESIAN_POINT('',(41.9,80.,119.));
#2447 = VECTOR('',#2448,1.);
#2448 = DIRECTION('',(1.,0.,0.));
#2449 = FACE_BOUND('',#2450,.F.);
#2450 = EDGE_LOOP('',(#2451));
#2451 = ORIENTED_EDGE('',*,*,#2452,.F.);
#2452 = EDGE_CURVE('',#2453,#2453,#2455,.T.);
#2453 = VERTEX_POINT('',#2454);
#2454 = CARTESIAN_POINT('',(56.,80.,-64.9));
#2455 = CIRCLE('',#2456,1.6);
#2456 = AXIS2_PLACEMENT_3D('',#2457,#2458,#2459);
#2457 = CARTESIAN_POINT('',(56.,80.,-66.5));
#2458 = DIRECTION('',(0.,1.,0.));
#2459 = DIRECTION('',(0.,0.,1.));
#2460 = FACE_BOUND('',#2461,.F.);
#2461 = EDGE_LOOP('',(#2462));
#2462 = ORIENTED_EDGE('',*,*,#2463,.F.);
#2463 = EDGE_CURVE('',#2464,#2464,#2466,.T.);
#2464 = VERTEX_POINT('',#2465);
#2465 = CARTESIAN_POINT('',(56.,80.,-48.5));
#2466 = CIRCLE('',#2467,3.);
#2467 = AXIS2_PLACEMENT_3D('',#2468,#2469,#2470);
#2468 = CARTESIAN_POINT('',(56.,80.,-51.5));
#2469 = DIRECTION('',(0.,1.,0.));
#2470 = DIRECTION('',(0.,0.,1.));
#2471 = FACE_BOUND('',#2472,.F.);
#2472 = EDGE_LOOP('',(#2473));
#2473 = ORIENTED_EDGE('',*,*,#2474,.F.);
#2474 = EDGE_CURVE('',#2475,#2475,#2477,.T.);
#2475 = VERTEX_POINT('',#2476);
#2476 = CARTESIAN_POINT('',(56.,80.,-34.9));
#2477 = CIRCLE('',#2478,1.6);
#2478 = AXIS2_PLACEMENT_3D('',#2479,#2480,#2481);
#2479 = CARTESIAN_POINT('',(56.,80.,-36.5));
#2480 = DIRECTION('',(0.,1.,0.));
#2481 = DIRECTION('',(0.,0.,1.));
#2482 = FACE_BOUND('',#2483,.F.);
#2483 = EDGE_LOOP('',(#2484,#2494,#2502,#2510));
#2484 = ORIENTED_EDGE('',*,*,#2485,.F.);
#2485 = EDGE_CURVE('',#2486,#2488,#2490,.T.);
#2486 = VERTEX_POINT('',#2487);
#2487 = CARTESIAN_POINT('',(53.5,80.,-31.5));
#2488 = VERTEX_POINT('',#2489);
#2489 = CARTESIAN_POINT('',(53.5,80.,76.));
#2490 = LINE('',#2491,#2492);
#2491 = CARTESIAN_POINT('',(53.5,80.,-31.5));
#2492 = VECTOR('',#2493,1.);
#2493 = DIRECTION('',(0.,0.,1.));
#2494 = ORIENTED_EDGE('',*,*,#2495,.T.);
#2495 = EDGE_CURVE('',#2486,#2496,#2498,.T.);
#2496 = VERTEX_POINT('',#2497);
#2497 = CARTESIAN_POINT('',(58.5,80.,-31.5));
#2498 = LINE('',#2499,#2500);
#2499 = CARTESIAN_POINT('',(53.5,80.,-31.5));
#2500 = VECTOR('',#2501,1.);
#2501 = DIRECTION('',(1.,0.,0.));
#2502 = ORIENTED_EDGE('',*,*,#2503,.T.);
#2503 = EDGE_CURVE('',#2496,#2504,#2506,.T.);
#2504 = VERTEX_POINT('',#2505);
#2505 = CARTESIAN_POINT('',(58.5,80.,76.));
#2506 = LINE('',#2507,#2508);
#2507 = CARTESIAN_POINT('',(58.5,80.,-31.5));
#2508 = VECTOR('',#2509,1.);
#2509 = DIRECTION('',(0.,0.,1.));
#2510 = ORIENTED_EDGE('',*,*,#2511,.F.);
#2511 = EDGE_CURVE('',#2488,#2504,#2512,.T.);
#2512 = LINE('',#2513,#2514);
#2513 = CARTESIAN_POINT('',(53.5,80.,76.));
#2514 = VECTOR('',#2515,1.);
#2515 = DIRECTION('',(1.,0.,0.));
#2516 = PLANE('',#2517);
#2517 = AXIS2_PLACEMENT_3D('',#2518,#2519,#2520);
#2518 = CARTESIAN_POINT('',(41.9,80.,-71.5));
#2519 = DIRECTION('',(0.,1.,0.));
#2520 = DIRECTION('',(0.,0.,1.));
#2521 = ADVANCED_FACE('',(#2522),#2540,.T.);
#2522 = FACE_BOUND('',#2523,.T.);
#2523 = EDGE_LOOP('',(#2524,#2532,#2533,#2534));
#2524 = ORIENTED_EDGE('',*,*,#2525,.F.);
#2525 = EDGE_CURVE('',#2374,#2526,#2528,.T.);
#2526 = VERTEX_POINT('',#2527);
#2527 = CARTESIAN_POINT('',(45.9,88.,119.));
#2528 = LINE('',#2529,#2530);
#2529 = CARTESIAN_POINT('',(41.9,88.,119.));
#2530 = VECTOR('',#2531,1.);
#2531 = DIRECTION('',(1.,0.,0.));
#2532 = ORIENTED_EDGE('',*,*,#2381,.F.);
#2533 = ORIENTED_EDGE('',*,*,#2412,.T.);
#2534 = ORIENTED_EDGE('',*,*,#2535,.T.);
#2535 = EDGE_CURVE('',#2413,#2526,#2536,.T.);
#2536 = LINE('',#2537,#2538);
#2537 = CARTESIAN_POINT('',(45.9,80.,119.));
#2538 = VECTOR('',#2539,1.);
#2539 = DIRECTION('',(0.,1.,0.));
#2540 = PLANE('',#2541);
#2541 = AXIS2_PLACEMENT_3D('',#2542,#2543,#2544);
#2542 = CARTESIAN_POINT('',(41.9,80.,119.));
#2543 = DIRECTION('',(0.,0.,1.));
#2544 = DIRECTION('',(1.,0.,0.));
#2545 = ADVANCED_FACE('',(#2546,#2596,#2607,#2618),#2629,.T.);
#2546 = FACE_BOUND('',#2547,.T.);
#2547 = EDGE_LOOP('',(#2548,#2558,#2564,#2565,#2566,#2574,#2582,#2590));
#2548 = ORIENTED_EDGE('',*,*,#2549,.F.);
#2549 = EDGE_CURVE('',#2550,#2552,#2554,.T.);
#2550 = VERTEX_POINT('',#2551);
#2551 = CARTESIAN_POINT('',(70.1,88.,-71.5));
#2552 = VERTEX_POINT('',#2553);
#2553 = CARTESIAN_POINT('',(70.1,88.,119.));
#2554 = LINE('',#2555,#2556);
#2555 = CARTESIAN_POINT('',(70.1,88.,-71.5));
#2556 = VECTOR('',#2557,1.);
#2557 = DIRECTION('',(0.,0.,1.));
#2558 = ORIENTED_EDGE('',*,*,#2559,.F.);
#2559 = EDGE_CURVE('',#2366,#2550,#2560,.T.);
#2560 = LINE('',#2561,#2562);
#2561 = CARTESIAN_POINT('',(41.9,88.,-71.5));
#2562 = VECTOR('',#2563,1.);
#2563 = DIRECTION('',(1.,0.,0.));
#2564 = ORIENTED_EDGE('',*,*,#2373,.T.);
#2565 = ORIENTED_EDGE('',*,*,#2525,.T.);
#2566 = ORIENTED_EDGE('',*,*,#2567,.F.);
#2567 = EDGE_CURVE('',#2568,#2526,#2570,.T.);
#2568 = VERTEX_POINT('',#2569);
#2569 = CARTESIAN_POINT('',(45.9,88.,81.));
#2570 = LINE('',#2571,#2572);
#2571 = CARTESIAN_POINT('',(45.9,88.,81.));
#2572 = VECTOR('',#2573,1.);
#2573 = DIRECTION('',(0.,0.,1.));
#2574 = ORIENTED_EDGE('',*,*,#2575,.T.);
#2575 = EDGE_CURVE('',#2568,#2576,#2578,.T.);
#2576 = VERTEX_POINT('',#2577);
#2577 = CARTESIAN_POINT('',(66.1,88.,81.));
#2578 = LINE('',#2579,#2580);
#2579 = CARTESIAN_POINT('',(45.9,88.,81.));
#2580 = VECTOR('',#2581,1.);
#2581 = DIRECTION('',(1.,0.,0.));
#2582 = ORIENTED_EDGE('',*,*,#2583,.T.);
#2583 = EDGE_CURVE('',#2576,#2584,#2586,.T.);
#2584 = VERTEX_POINT('',#2585);
#2585 = CARTESIAN_POINT('',(66.1,88.,119.));
#2586 = LINE('',#2587,#2588);
#2587 = CARTESIAN_POINT('',(66.1,88.,81.));
#2588 = VECTOR('',#2589,1.);
#2589 = DIRECTION('',(0.,0.,1.));
#2590 = ORIENTED_EDGE('',*,*,#2591,.T.);
#2591 = EDGE_CURVE('',#2584,#2552,#2592,.T.);
#2592 = LINE('',#2593,#2594);
#2593 = CARTESIAN_POINT('',(41.9,88.,119.));
#2594 = VECTOR('',#2595,1.);
#2595 = DIRECTION('',(1.,0.,0.));
#2596 = FACE_BOUND('',#2597,.T.);
#2597 = EDGE_LOOP('',(#2598));
#2598 = ORIENTED_EDGE('',*,*,#2599,.F.);
#2599 = EDGE_CURVE('',#2600,#2600,#2602,.T.);
#2600 = VERTEX_POINT('',#2601);
#2601 = CARTESIAN_POINT('',(56.,88.,-64.9));
#2602 = CIRCLE('',#2603,1.6);
#2603 = AXIS2_PLACEMENT_3D('',#2604,#2605,#2606);
#2604 = CARTESIAN_POINT('',(56.,88.,-66.5));
#2605 = DIRECTION('',(0.,1.,0.));
#2606 = DIRECTION('',(0.,0.,1.));
#2607 = FACE_BOUND('',#2608,.T.);
#2608 = EDGE_LOOP('',(#2609));
#2609 = ORIENTED_EDGE('',*,*,#2610,.F.);
#2610 = EDGE_CURVE('',#2611,#2611,#2613,.T.);
#2611 = VERTEX_POINT('',#2612);
#2612 = CARTESIAN_POINT('',(56.,88.,-48.5));
#2613 = CIRCLE('',#2614,3.);
#2614 = AXIS2_PLACEMENT_3D('',#2615,#2616,#2617);
#2615 = CARTESIAN_POINT('',(56.,88.,-51.5));
#2616 = DIRECTION('',(0.,1.,0.));
#2617 = DIRECTION('',(0.,0.,1.));
#2618 = FACE_BOUND('',#2619,.T.);
#2619 = EDGE_LOOP('',(#2620));
#2620 = ORIENTED_EDGE('',*,*,#2621,.F.);
#2621 = EDGE_CURVE('',#2622,#2622,#2624,.T.);
#2622 = VERTEX_POINT('',#2623);
#2623 = CARTESIAN_POINT('',(56.,88.,-34.9));
#2624 = CIRCLE('',#2625,1.6);
#2625 = AXIS2_PLACEMENT_3D('',#2626,#2627,#2628);
#2626 = CARTESIAN_POINT('',(56.,88.,-36.5));
#2627 = DIRECTION('',(0.,1.,0.));
#2628 = DIRECTION('',(0.,0.,1.));
#2629 = PLANE('',#2630);
#2630 = AXIS2_PLACEMENT_3D('',#2631,#2632,#2633);
#2631 = CARTESIAN_POINT('',(41.9,88.,-71.5));
#2632 = DIRECTION('',(0.,1.,0.));
#2633 = DIRECTION('',(0.,0.,1.));
#2634 = ADVANCED_FACE('',(#2635),#2646,.F.);
#2635 = FACE_BOUND('',#2636,.F.);
#2636 = EDGE_LOOP('',(#2637,#2638,#2639,#2645));
#2637 = ORIENTED_EDGE('',*,*,#2365,.F.);
#2638 = ORIENTED_EDGE('',*,*,#2405,.T.);
#2639 = ORIENTED_EDGE('',*,*,#2640,.T.);
#2640 = EDGE_CURVE('',#2396,#2550,#2641,.T.);
#2641 = LINE('',#2642,#2643);
#2642 = CARTESIAN_POINT('',(70.1,80.,-71.5));
#2643 = VECTOR('',#2644,1.);
#2644 = DIRECTION('',(0.,1.,0.));
#2645 = ORIENTED_EDGE('',*,*,#2559,.F.);
#2646 = PLANE('',#2647);
#2647 = AXIS2_PLACEMENT_3D('',#2648,#2649,#2650);
#2648 = CARTESIAN_POINT('',(41.9,80.,-71.5));
#2649 = DIRECTION('',(0.,0.,1.));
#2650 = DIRECTION('',(1.,0.,0.));
#2651 = ADVANCED_FACE('',(#2652),#2663,.T.);
#2652 = FACE_BOUND('',#2653,.T.);
#2653 = EDGE_LOOP('',(#2654,#2655,#2656,#2657));
#2654 = ORIENTED_EDGE('',*,*,#2395,.F.);
#2655 = ORIENTED_EDGE('',*,*,#2640,.T.);
#2656 = ORIENTED_EDGE('',*,*,#2549,.T.);
#2657 = ORIENTED_EDGE('',*,*,#2658,.F.);
#2658 = EDGE_CURVE('',#2398,#2552,#2659,.T.);
#2659 = LINE('',#2660,#2661);
#2660 = CARTESIAN_POINT('',(70.1,80.,119.));
#2661 = VECTOR('',#2662,1.);
#2662 = DIRECTION('',(0.,1.,0.));
#2663 = PLANE('',#2664);
#2664 = AXIS2_PLACEMENT_3D('',#2665,#2666,#2667);
#2665 = CARTESIAN_POINT('',(70.1,80.,-71.5));
#2666 = DIRECTION('',(1.,0.,0.));
#2667 = DIRECTION('',(0.,0.,1.));
#2668 = ADVANCED_FACE('',(#2669),#2680,.T.);
#2669 = FACE_BOUND('',#2670,.T.);
#2670 = EDGE_LOOP('',(#2671,#2672,#2678,#2679));
#2671 = ORIENTED_EDGE('',*,*,#2591,.F.);
#2672 = ORIENTED_EDGE('',*,*,#2673,.F.);
#2673 = EDGE_CURVE('',#2437,#2584,#2674,.T.);
#2674 = LINE('',#2675,#2676);
#2675 = CARTESIAN_POINT('',(66.1,80.,119.));
#2676 = VECTOR('',#2677,1.);
#2677 = DIRECTION('',(0.,1.,0.));
#2678 = ORIENTED_EDGE('',*,*,#2444,.T.);
#2679 = ORIENTED_EDGE('',*,*,#2658,.T.);
#2680 = PLANE('',#2681);
#2681 = AXIS2_PLACEMENT_3D('',#2682,#2683,#2684);
#2682 = CARTESIAN_POINT('',(41.9,80.,119.));
#2683 = DIRECTION('',(0.,0.,1.));
#2684 = DIRECTION('',(1.,0.,0.));
#2685 = ADVANCED_FACE('',(#2686),#2697,.F.);
#2686 = FACE_BOUND('',#2687,.F.);
#2687 = EDGE_LOOP('',(#2688,#2689,#2695,#2696));
#2688 = ORIENTED_EDGE('',*,*,#2436,.F.);
#2689 = ORIENTED_EDGE('',*,*,#2690,.T.);
#2690 = EDGE_CURVE('',#2429,#2576,#2691,.T.);
#2691 = LINE('',#2692,#2693);
#2692 = CARTESIAN_POINT('',(66.1,80.,81.));
#2693 = VECTOR('',#2694,1.);
#2694 = DIRECTION('',(0.,1.,0.));
#2695 = ORIENTED_EDGE('',*,*,#2583,.T.);
#2696 = ORIENTED_EDGE('',*,*,#2673,.F.);
#2697 = PLANE('',#2698);
#2698 = AXIS2_PLACEMENT_3D('',#2699,#2700,#2701);
#2699 = CARTESIAN_POINT('',(66.1,80.,81.));
#2700 = DIRECTION('',(1.,0.,0.));
#2701 = DIRECTION('',(0.,0.,1.));
#2702 = ADVANCED_FACE('',(#2703),#2714,.T.);
#2703 = FACE_BOUND('',#2704,.T.);
#2704 = EDGE_LOOP('',(#2705,#2711,#2712,#2713));
#2705 = ORIENTED_EDGE('',*,*,#2706,.F.);
#2706 = EDGE_CURVE('',#2421,#2568,#2707,.T.);
#2707 = LINE('',#2708,#2709);
#2708 = CARTESIAN_POINT('',(45.9,80.,81.));
#2709 = VECTOR('',#2710,1.);
#2710 = DIRECTION('',(0.,1.,0.));
#2711 = ORIENTED_EDGE('',*,*,#2428,.T.);
#2712 = ORIENTED_EDGE('',*,*,#2690,.T.);
#2713 = ORIENTED_EDGE('',*,*,#2575,.F.);
#2714 = PLANE('',#2715);
#2715 = AXIS2_PLACEMENT_3D('',#2716,#2717,#2718);
#2716 = CARTESIAN_POINT('',(45.9,80.,81.));
#2717 = DIRECTION('',(0.,0.,1.));
#2718 = DIRECTION('',(1.,0.,0.));
#2719 = ADVANCED_FACE('',(#2720),#2726,.T.);
#2720 = FACE_BOUND('',#2721,.T.);
#2721 = EDGE_LOOP('',(#2722,#2723,#2724,#2725));
#2722 = ORIENTED_EDGE('',*,*,#2420,.F.);
#2723 = ORIENTED_EDGE('',*,*,#2706,.T.);
#2724 = ORIENTED_EDGE('',*,*,#2567,.T.);
#2725 = ORIENTED_EDGE('',*,*,#2535,.F.);
#2726 = PLANE('',#2727);
#2727 = AXIS2_PLACEMENT_3D('',#2728,#2729,#2730);
#2728 = CARTESIAN_POINT('',(45.9,80.,81.));
#2729 = DIRECTION('',(1.,0.,0.));
#2730 = DIRECTION('',(0.,0.,1.));
#2731 = ADVANCED_FACE('',(#2732),#2743,.F.);
#2732 = FACE_BOUND('',#2733,.F.);
#2733 = EDGE_LOOP('',(#2734,#2735,#2741,#2742));
#2734 = ORIENTED_EDGE('',*,*,#2599,.F.);
#2735 = ORIENTED_EDGE('',*,*,#2736,.F.);
#2736 = EDGE_CURVE('',#2453,#2600,#2737,.T.);
#2737 = LINE('',#2738,#2739);
#2738 = CARTESIAN_POINT('',(56.,80.,-64.9));
#2739 = VECTOR('',#2740,1.);
#2740 = DIRECTION('',(0.,1.,0.));
#2741 = ORIENTED_EDGE('',*,*,#2452,.T.);
#2742 = ORIENTED_EDGE('',*,*,#2736,.T.);
#2743 = CYLINDRICAL_SURFACE('',#2744,1.6);
#2744 = AXIS2_PLACEMENT_3D('',#2745,#2746,#2747);
#2745 = CARTESIAN_POINT('',(56.,80.,-66.5));
#2746 = DIRECTION('',(0.,1.,0.));
#2747 = DIRECTION('',(0.,0.,1.));
#2748 = ADVANCED_FACE('',(#2749),#2760,.F.);
#2749 = FACE_BOUND('',#2750,.F.);
#2750 = EDGE_LOOP('',(#2751,#2752,#2758,#2759));
#2751 = ORIENTED_EDGE('',*,*,#2610,.F.);
#2752 = ORIENTED_EDGE('',*,*,#2753,.F.);
#2753 = EDGE_CURVE('',#2464,#2611,#2754,.T.);
#2754 = LINE('',#2755,#2756);
#2755 = CARTESIAN_POINT('',(56.,80.,-48.5));
#2756 = VECTOR('',#2757,1.);
#2757 = DIRECTION('',(0.,1.,0.));
#2758 = ORIENTED_EDGE('',*,*,#2463,.T.);
#2759 = ORIENTED_EDGE('',*,*,#2753,.T.);
#2760 = CYLINDRICAL_SURFACE('',#2761,3.);
#2761 = AXIS2_PLACEMENT_3D('',#2762,#2763,#2764);
#2762 = CARTESIAN_POINT('',(56.,80.,-51.5));
#2763 = DIRECTION('',(0.,1.,0.));
#2764 = DIRECTION('',(0.,0.,1.));
#2765 = ADVANCED_FACE('',(#2766),#2777,.F.);
#2766 = FACE_BOUND('',#2767,.F.);
#2767 = EDGE_LOOP('',(#2768,#2769,#2775,#2776));
#2768 = ORIENTED_EDGE('',*,*,#2621,.F.);
#2769 = ORIENTED_EDGE('',*,*,#2770,.F.);
#2770 = EDGE_CURVE('',#2475,#2622,#2771,.T.);
#2771 = LINE('',#2772,#2773);
#2772 = CARTESIAN_POINT('',(56.,80.,-34.9));
#2773 = VECTOR('',#2774,1.);
#2774 = DIRECTION('',(0.,1.,0.));
#2775 = ORIENTED_EDGE('',*,*,#2474,.T.);
#2776 = ORIENTED_EDGE('',*,*,#2770,.T.);
#2777 = CYLINDRICAL_SURFACE('',#2778,1.6);
#2778 = AXIS2_PLACEMENT_3D('',#2779,#2780,#2781);
#2779 = CARTESIAN_POINT('',(56.,80.,-36.5));
#2780 = DIRECTION('',(0.,1.,0.));
#2781 = DIRECTION('',(0.,0.,1.));
#2782 = ADVANCED_FACE('',(#2783),#2808,.T.);
#2783 = FACE_BOUND('',#2784,.T.);
#2784 = EDGE_LOOP('',(#2785,#2786,#2794,#2802));
#2785 = ORIENTED_EDGE('',*,*,#2485,.F.);
#2786 = ORIENTED_EDGE('',*,*,#2787,.T.);
#2787 = EDGE_CURVE('',#2486,#2788,#2790,.T.);
#2788 = VERTEX_POINT('',#2789);
#2789 = CARTESIAN_POINT('',(53.5,82.,-31.5));
#2790 = LINE('',#2791,#2792);
#2791 = CARTESIAN_POINT('',(53.5,80.,-31.5));
#2792 = VECTOR('',#2793,1.);
#2793 = DIRECTION('',(0.,1.,0.));
#2794 = ORIENTED_EDGE('',*,*,#2795,.T.);
#2795 = EDGE_CURVE('',#2788,#2796,#2798,.T.);
#2796 = VERTEX_POINT('',#2797);
#2797 = CARTESIAN_POINT('',(53.5,82.,76.));
#2798 = LINE('',#2799,#2800);
#2799 = CARTESIAN_POINT('',(53.5,82.,-31.5));
#2800 = VECTOR('',#2801,1.);
#2801 = DIRECTION('',(0.,0.,1.));
#2802 = ORIENTED_EDGE('',*,*,#2803,.F.);
#2803 = EDGE_CURVE('',#2488,#2796,#2804,.T.);
#2804 = LINE('',#2805,#2806);
#2805 = CARTESIAN_POINT('',(53.5,80.,76.));
#2806 = VECTOR('',#2807,1.);
#2807 = DIRECTION('',(0.,1.,0.));
#2808 = PLANE('',#2809);
#2809 = AXIS2_PLACEMENT_3D('',#2810,#2811,#2812);
#2810 = CARTESIAN_POINT('',(53.5,80.,-31.5));
#2811 = DIRECTION('',(1.,0.,0.));
#2812 = DIRECTION('',(0.,0.,1.));
#2813 = ADVANCED_FACE('',(#2814),#2832,.F.);
#2814 = FACE_BOUND('',#2815,.F.);
#2815 = EDGE_LOOP('',(#2816,#2817,#2818,#2826));
#2816 = ORIENTED_EDGE('',*,*,#2803,.F.);
#2817 = ORIENTED_EDGE('',*,*,#2511,.T.);
#2818 = ORIENTED_EDGE('',*,*,#2819,.T.);
#2819 = EDGE_CURVE('',#2504,#2820,#2822,.T.);
#2820 = VERTEX_POINT('',#2821);
#2821 = CARTESIAN_POINT('',(58.5,82.,76.));
#2822 = LINE('',#2823,#2824);
#2823 = CARTESIAN_POINT('',(58.5,80.,76.));
#2824 = VECTOR('',#2825,1.);
#2825 = DIRECTION('',(0.,1.,0.));
#2826 = ORIENTED_EDGE('',*,*,#2827,.F.);
#2827 = EDGE_CURVE('',#2796,#2820,#2828,.T.);
#2828 = LINE('',#2829,#2830);
#2829 = CARTESIAN_POINT('',(53.5,82.,76.));
#2830 = VECTOR('',#2831,1.);
#2831 = DIRECTION('',(1.,0.,0.));
#2832 = PLANE('',#2833);
#2833 = AXIS2_PLACEMENT_3D('',#2834,#2835,#2836);
#2834 = CARTESIAN_POINT('',(53.5,80.,76.));
#2835 = DIRECTION('',(0.,0.,1.));
#2836 = DIRECTION('',(1.,0.,0.));
#2837 = ADVANCED_FACE('',(#2838),#2856,.F.);
#2838 = FACE_BOUND('',#2839,.F.);
#2839 = EDGE_LOOP('',(#2840,#2841,#2849,#2855));
#2840 = ORIENTED_EDGE('',*,*,#2503,.F.);
#2841 = ORIENTED_EDGE('',*,*,#2842,.T.);
#2842 = EDGE_CURVE('',#2496,#2843,#2845,.T.);
#2843 = VERTEX_POINT('',#2844);
#2844 = CARTESIAN_POINT('',(58.5,82.,-31.5));
#2845 = LINE('',#2846,#2847);
#2846 = CARTESIAN_POINT('',(58.5,80.,-31.5));
#2847 = VECTOR('',#2848,1.);
#2848 = DIRECTION('',(0.,1.,0.));
#2849 = ORIENTED_EDGE('',*,*,#2850,.T.);
#2850 = EDGE_CURVE('',#2843,#2820,#2851,.T.);
#2851 = LINE('',#2852,#2853);
#2852 = CARTESIAN_POINT('',(58.5,82.,-31.5));
#2853 = VECTOR('',#2854,1.);
#2854 = DIRECTION('',(0.,0.,1.));
#2855 = ORIENTED_EDGE('',*,*,#2819,.F.);
#2856 = PLANE('',#2857);
#2857 = AXIS2_PLACEMENT_3D('',#2858,#2859,#2860);
#2858 = CARTESIAN_POINT('',(58.5,80.,-31.5));
#2859 = DIRECTION('',(1.,0.,0.));
#2860 = DIRECTION('',(0.,0.,1.));
#2861 = ADVANCED_FACE('',(#2862),#2873,.T.);
#2862 = FACE_BOUND('',#2863,.T.);
#2863 = EDGE_LOOP('',(#2864,#2865,#2866,#2867));
#2864 = ORIENTED_EDGE('',*,*,#2787,.F.);
#2865 = ORIENTED_EDGE('',*,*,#2495,.T.);
#2866 = ORIENTED_EDGE('',*,*,#2842,.T.);
#2867 = ORIENTED_EDGE('',*,*,#2868,.F.);
#2868 = EDGE_CURVE('',#2788,#2843,#2869,.T.);
#2869 = LINE('',#2870,#2871);
#2870 = CARTESIAN_POINT('',(53.5,82.,-31.5));
#2871 = VECTOR('',#2872,1.);
#2872 = DIRECTION('',(1.,0.,0.));
#2873 = PLANE('',#2874);
#2874 = AXIS2_PLACEMENT_3D('',#2875,#2876,#2877);
#2875 = CARTESIAN_POINT('',(53.5,80.,-31.5));
#2876 = DIRECTION('',(0.,0.,1.));
#2877 = DIRECTION('',(1.,0.,0.));
#2878 = ADVANCED_FACE('',(#2879),#2885,.F.);
#2879 = FACE_BOUND('',#2880,.F.);
#2880 = EDGE_LOOP('',(#2881,#2882,#2883,#2884));
#2881 = ORIENTED_EDGE('',*,*,#2868,.F.);
#2882 = ORIENTED_EDGE('',*,*,#2795,.T.);
#2883 = ORIENTED_EDGE('',*,*,#2827,.T.);
#2884 = ORIENTED_EDGE('',*,*,#2850,.F.);
#2885 = PLANE('',#2886);
#2886 = AXIS2_PLACEMENT_3D('',#2887,#2888,#2889);
#2887 = CARTESIAN_POINT('',(53.5,82.,-31.5));
#2888 = DIRECTION('',(0.,1.,0.));
#2889 = DIRECTION('',(0.,0.,1.));
#2890 = MANIFOLD_SOLID_BREP('',#2891);
#2891 = CLOSED_SHELL('',(#2892,#2932,#3046,#3070,#3143,#3161,#3177,#3209
    ,#3221,#3238,#3269,#3293,#3317,#3334,#3351,#3368,#3384,#3413,#3425,
    #3445,#3470));
#2892 = ADVANCED_FACE('',(#2893),#2927,.F.);
#2893 = FACE_BOUND('',#2894,.F.);
#2894 = EDGE_LOOP('',(#2895,#2905,#2913,#2921));
#2895 = ORIENTED_EDGE('',*,*,#2896,.F.);
#2896 = EDGE_CURVE('',#2897,#2899,#2901,.T.);
#2897 = VERTEX_POINT('',#2898);
#2898 = CARTESIAN_POINT('',(41.9,80.,-227.5));
#2899 = VERTEX_POINT('',#2900);
#2900 = CARTESIAN_POINT('',(41.9,80.,-71.5));
#2901 = LINE('',#2902,#2903);
#2902 = CARTESIAN_POINT('',(41.9,80.,-227.5));
#2903 = VECTOR('',#2904,1.);
#2904 = DIRECTION('',(0.,0.,1.));
#2905 = ORIENTED_EDGE('',*,*,#2906,.T.);
#2906 = EDGE_CURVE('',#2897,#2907,#2909,.T.);
#2907 = VERTEX_POINT('',#2908);
#2908 = CARTESIAN_POINT('',(41.9,88.,-227.5));
#2909 = LINE('',#2910,#2911);
#2910 = CARTESIAN_POINT('',(41.9,80.,-227.5));
#2911 = VECTOR('',#2912,1.);
#2912 = DIRECTION('',(0.,1.,0.));
#2913 = ORIENTED_EDGE('',*,*,#2914,.T.);
#2914 = EDGE_CURVE('',#2907,#2915,#2917,.T.);
#2915 = VERTEX_POINT('',#2916);
#2916 = CARTESIAN_POINT('',(41.9,88.,-71.5));
#2917 = LINE('',#2918,#2919);
#2918 = CARTESIAN_POINT('',(41.9,88.,-227.5));
#2919 = VECTOR('',#2920,1.);
#2920 = DIRECTION('',(0.,0.,1.));
#2921 = ORIENTED_EDGE('',*,*,#2922,.F.);
#2922 = EDGE_CURVE('',#2899,#2915,#2923,.T.);
#2923 = LINE('',#2924,#2925);
#2924 = CARTESIAN_POINT('',(41.9,80.,-71.5));
#2925 = VECTOR('',#2926,1.);
#2926 = DIRECTION('',(0.,1.,0.));
#2927 = PLANE('',#2928);
#2928 = AXIS2_PLACEMENT_3D('',#2929,#2930,#2931);
#2929 = CARTESIAN_POINT('',(41.9,80.,-227.5));
#2930 = DIRECTION('',(1.,0.,0.));
#2931 = DIRECTION('',(0.,0.,1.));
#2932 = ADVANCED_FACE('',(#2933,#2974,#2985,#3019,#3030),#3041,.F.);
#2933 = FACE_BOUND('',#2934,.F.);
#2934 = EDGE_LOOP('',(#2935,#2943,#2944,#2952,#2960,#2968));
#2935 = ORIENTED_EDGE('',*,*,#2936,.F.);
#2936 = EDGE_CURVE('',#2897,#2937,#2939,.T.);
#2937 = VERTEX_POINT('',#2938);
#2938 = CARTESIAN_POINT('',(45.753049234041,80.,-227.5));
#2939 = LINE('',#2940,#2941);
#2940 = CARTESIAN_POINT('',(41.9,80.,-227.5));
#2941 = VECTOR('',#2942,1.);
#2942 = DIRECTION('',(1.,0.,0.));
#2943 = ORIENTED_EDGE('',*,*,#2896,.T.);
#2944 = ORIENTED_EDGE('',*,*,#2945,.T.);
#2945 = EDGE_CURVE('',#2899,#2946,#2948,.T.);
#2946 = VERTEX_POINT('',#2947);
#2947 = CARTESIAN_POINT('',(70.1,80.,-71.5));
#2948 = LINE('',#2949,#2950);
#2949 = CARTESIAN_POINT('',(41.9,80.,-71.5));
#2950 = VECTOR('',#2951,1.);
#2951 = DIRECTION('',(1.,0.,0.));
#2952 = ORIENTED_EDGE('',*,*,#2953,.F.);
#2953 = EDGE_CURVE('',#2954,#2946,#2956,.T.);
#2954 = VERTEX_POINT('',#2955);
#2955 = CARTESIAN_POINT('',(70.1,80.,-227.5));
#2956 = LINE('',#2957,#2958);
#2957 = CARTESIAN_POINT('',(70.1,80.,-227.5));
#2958 = VECTOR('',#2959,1.);
#2959 = DIRECTION('',(0.,0.,1.));
#2960 = ORIENTED_EDGE('',*,*,#2961,.F.);
#2961 = EDGE_CURVE('',#2962,#2954,#2964,.T.);
#2962 = VERTEX_POINT('',#2963);
#2963 = CARTESIAN_POINT('',(66.24695076596,80.,-227.5));
#2964 = LINE('',#2965,#2966);
#2965 = CARTESIAN_POINT('',(41.9,80.,-227.5));
#2966 = VECTOR('',#2967,1.);
#2967 = DIRECTION('',(1.,0.,0.));
#2968 = ORIENTED_EDGE('',*,*,#2969,.F.);
#2969 = EDGE_CURVE('',#2937,#2962,#2970,.T.);
#2970 = LINE('',#2971,#2972);
#2971 = CARTESIAN_POINT('',(41.9,80.,-227.5));
#2972 = VECTOR('',#2973,1.);
#2973 = DIRECTION('',(1.,0.,0.));
#2974 = FACE_BOUND('',#2975,.F.);
#2975 = EDGE_LOOP('',(#2976));
#2976 = ORIENTED_EDGE('',*,*,#2977,.F.);
#2977 = EDGE_CURVE('',#2978,#2978,#2980,.T.);
#2978 = VERTEX_POINT('',#2979);
#2979 = CARTESIAN_POINT('',(56.,80.,-104.9));
#2980 = CIRCLE('',#2981,1.6);
#2981 = AXIS2_PLACEMENT_3D('',#2982,#2983,#2984);
#2982 = CARTESIAN_POINT('',(56.,80.,-106.5));
#2983 = DIRECTION('',(0.,1.,0.));
#2984 = DIRECTION('',(0.,0.,1.));
#2985 = FACE_BOUND('',#2986,.F.);
#2986 = EDGE_LOOP('',(#2987,#2997,#3005,#3013));
#2987 = ORIENTED_EDGE('',*,*,#2988,.F.);
#2988 = EDGE_CURVE('',#2989,#2991,#2993,.T.);
#2989 = VERTEX_POINT('',#2990);
#2990 = CARTESIAN_POINT('',(53.5,80.,-202.5));
#2991 = VERTEX_POINT('',#2992);
#2992 = CARTESIAN_POINT('',(53.5,80.,-111.5));
#2993 = LINE('',#2994,#2995);
#2994 = CARTESIAN_POINT('',(53.5,80.,-202.5));
#2995 = VECTOR('',#2996,1.);
#2996 = DIRECTION('',(0.,0.,1.));
#2997 = ORIENTED_EDGE('',*,*,#2998,.T.);
#2998 = EDGE_CURVE('',#2989,#2999,#3001,.T.);
#2999 = VERTEX_POINT('',#3000);
#3000 = CARTESIAN_POINT('',(58.5,80.,-202.5));
#3001 = LINE('',#3002,#3003);
#3002 = CARTESIAN_POINT('',(53.5,80.,-202.5));
#3003 = VECTOR('',#3004,1.);
#3004 = DIRECTION('',(1.,0.,0.));
#3005 = ORIENTED_EDGE('',*,*,#3006,.T.);
#3006 = EDGE_CURVE('',#2999,#3007,#3009,.T.);
#3007 = VERTEX_POINT('',#3008);
#3008 = CARTESIAN_POINT('',(58.5,80.,-111.5));
#3009 = LINE('',#3010,#3011);
#3010 = CARTESIAN_POINT('',(58.5,80.,-202.5));
#3011 = VECTOR('',#3012,1.);
#3012 = DIRECTION('',(0.,0.,1.));
#3013 = ORIENTED_EDGE('',*,*,#3014,.F.);
#3014 = EDGE_CURVE('',#2991,#3007,#3015,.T.);
#3015 = LINE('',#3016,#3017);
#3016 = CARTESIAN_POINT('',(53.5,80.,-111.5));
#3017 = VECTOR('',#3018,1.);
#3018 = DIRECTION('',(1.,0.,0.));
#3019 = FACE_BOUND('',#3020,.F.);
#3020 = EDGE_LOOP('',(#3021));
#3021 = ORIENTED_EDGE('',*,*,#3022,.F.);
#3022 = EDGE_CURVE('',#3023,#3023,#3025,.T.);
#3023 = VERTEX_POINT('',#3024);
#3024 = CARTESIAN_POINT('',(56.,80.,-88.5));
#3025 = CIRCLE('',#3026,3.);
#3026 = AXIS2_PLACEMENT_3D('',#3027,#3028,#3029);
#3027 = CARTESIAN_POINT('',(56.,80.,-91.5));
#3028 = DIRECTION('',(0.,1.,0.));
#3029 = DIRECTION('',(0.,0.,1.));
#3030 = FACE_BOUND('',#3031,.F.);
#3031 = EDGE_LOOP('',(#3032));
#3032 = ORIENTED_EDGE('',*,*,#3033,.F.);
#3033 = EDGE_CURVE('',#3034,#3034,#3036,.T.);
#3034 = VERTEX_POINT('',#3035);
#3035 = CARTESIAN_POINT('',(56.,80.,-74.9));
#3036 = CIRCLE('',#3037,1.6);
#3037 = AXIS2_PLACEMENT_3D('',#3038,#3039,#3040);
#3038 = CARTESIAN_POINT('',(56.,80.,-76.5));
#3039 = DIRECTION('',(0.,1.,0.));
#3040 = DIRECTION('',(0.,0.,1.));
#3041 = PLANE('',#3042);
#3042 = AXIS2_PLACEMENT_3D('',#3043,#3044,#3045);
#3043 = CARTESIAN_POINT('',(41.9,80.,-227.5));
#3044 = DIRECTION('',(0.,1.,0.));
#3045 = DIRECTION('',(0.,0.,1.));
#3046 = ADVANCED_FACE('',(#3047),#3065,.T.);
#3047 = FACE_BOUND('',#3048,.T.);
#3048 = EDGE_LOOP('',(#3049,#3050,#3051,#3059));
#3049 = ORIENTED_EDGE('',*,*,#2922,.F.);
#3050 = ORIENTED_EDGE('',*,*,#2945,.T.);
#3051 = ORIENTED_EDGE('',*,*,#3052,.T.);
#3052 = EDGE_CURVE('',#2946,#3053,#3055,.T.);
#3053 = VERTEX_POINT('',#3054);
#3054 = CARTESIAN_POINT('',(70.1,88.,-71.5));
#3055 = LINE('',#3056,#3057);
#3056 = CARTESIAN_POINT('',(70.1,80.,-71.5));
#3057 = VECTOR('',#3058,1.);
#3058 = DIRECTION('',(0.,1.,0.));
#3059 = ORIENTED_EDGE('',*,*,#3060,.F.);
#3060 = EDGE_CURVE('',#2915,#3053,#3061,.T.);
#3061 = LINE('',#3062,#3063);
#3062 = CARTESIAN_POINT('',(41.9,88.,-71.5));
#3063 = VECTOR('',#3064,1.);
#3064 = DIRECTION('',(1.,0.,0.));
#3065 = PLANE('',#3066);
#3066 = AXIS2_PLACEMENT_3D('',#3067,#3068,#3069);
#3067 = CARTESIAN_POINT('',(41.9,80.,-71.5));
#3068 = DIRECTION('',(0.,0.,1.));
#3069 = DIRECTION('',(1.,0.,0.));
#3070 = ADVANCED_FACE('',(#3071,#3105,#3116,#3127),#3138,.T.);
#3071 = FACE_BOUND('',#3072,.T.);
#3072 = EDGE_LOOP('',(#3073,#3081,#3082,#3083,#3091,#3099));
#3073 = ORIENTED_EDGE('',*,*,#3074,.F.);
#3074 = EDGE_CURVE('',#2907,#3075,#3077,.T.);
#3075 = VERTEX_POINT('',#3076);
#3076 = CARTESIAN_POINT('',(45.753049234041,88.,-227.5));
#3077 = LINE('',#3078,#3079);
#3078 = CARTESIAN_POINT('',(41.9,88.,-227.5));
#3079 = VECTOR('',#3080,1.);
#3080 = DIRECTION('',(1.,0.,0.));
#3081 = ORIENTED_EDGE('',*,*,#2914,.T.);
#3082 = ORIENTED_EDGE('',*,*,#3060,.T.);
#3083 = ORIENTED_EDGE('',*,*,#3084,.F.);
#3084 = EDGE_CURVE('',#3085,#3053,#3087,.T.);
#3085 = VERTEX_POINT('',#3086);
#3086 = CARTESIAN_POINT('',(70.1,88.,-227.5));
#3087 = LINE('',#3088,#3089);
#3088 = CARTESIAN_POINT('',(70.1,88.,-227.5));
#3089 = VECTOR('',#3090,1.);
#3090 = DIRECTION('',(0.,0.,1.));
#3091 = ORIENTED_EDGE('',*,*,#3092,.F.);
#3092 = EDGE_CURVE('',#3093,#3085,#3095,.T.);
#3093 = VERTEX_POINT('',#3094);
#3094 = CARTESIAN_POINT('',(66.24695076596,88.,-227.5));
#3095 = LINE('',#3096,#3097);
#3096 = CARTESIAN_POINT('',(41.9,88.,-227.5));
#3097 = VECTOR('',#3098,1.);
#3098 = DIRECTION('',(1.,0.,0.));
#3099 = ORIENTED_EDGE('',*,*,#3100,.F.);
#3100 = EDGE_CURVE('',#3075,#3093,#3101,.T.);
#3101 = LINE('',#3102,#3103);
#3102 = CARTESIAN_POINT('',(41.9,88.,-227.5));
#3103 = VECTOR('',#3104,1.);
#3104 = DIRECTION('',(1.,0.,0.));
#3105 = FACE_BOUND('',#3106,.T.);
#3106 = EDGE_LOOP('',(#3107));
#3107 = ORIENTED_EDGE('',*,*,#3108,.F.);
#3108 = EDGE_CURVE('',#3109,#3109,#3111,.T.);
#3109 = VERTEX_POINT('',#3110);
#3110 = CARTESIAN_POINT('',(56.,88.,-104.9));
#3111 = CIRCLE('',#3112,1.6);
#3112 = AXIS2_PLACEMENT_3D('',#3113,#3114,#3115);
#3113 = CARTESIAN_POINT('',(56.,88.,-106.5));
#3114 = DIRECTION('',(0.,1.,0.));
#3115 = DIRECTION('',(0.,0.,1.));
#3116 = FACE_BOUND('',#3117,.T.);
#3117 = EDGE_LOOP('',(#3118));
#3118 = ORIENTED_EDGE('',*,*,#3119,.F.);
#3119 = EDGE_CURVE('',#3120,#3120,#3122,.T.);
#3120 = VERTEX_POINT('',#3121);
#3121 = CARTESIAN_POINT('',(56.,88.,-88.5));
#3122 = CIRCLE('',#3123,3.);
#3123 = AXIS2_PLACEMENT_3D('',#3124,#3125,#3126);
#3124 = CARTESIAN_POINT('',(56.,88.,-91.5));
#3125 = DIRECTION('',(0.,1.,0.));
#3126 = DIRECTION('',(0.,0.,1.));
#3127 = FACE_BOUND('',#3128,.T.);
#3128 = EDGE_LOOP('',(#3129));
#3129 = ORIENTED_EDGE('',*,*,#3130,.F.);
#3130 = EDGE_CURVE('',#3131,#3131,#3133,.T.);
#3131 = VERTEX_POINT('',#3132);
#3132 = CARTESIAN_POINT('',(56.,88.,-74.9));
#3133 = CIRCLE('',#3134,1.6);
#3134 = AXIS2_PLACEMENT_3D('',#3135,#3136,#3137);
#3135 = CARTESIAN_POINT('',(56.,88.,-76.5));
#3136 = DIRECTION('',(0.,1.,0.));
#3137 = DIRECTION('',(0.,0.,1.));
#3138 = PLANE('',#3139);
#3139 = AXIS2_PLACEMENT_3D('',#3140,#3141,#3142);
#3140 = CARTESIAN_POINT('',(41.9,88.,-227.5));
#3141 = DIRECTION('',(0.,1.,0.));
#3142 = DIRECTION('',(0.,0.,1.));
#3143 = ADVANCED_FACE('',(#3144),#3156,.F.);
#3144 = FACE_BOUND('',#3145,.F.);
#3145 = EDGE_LOOP('',(#3146,#3147,#3148,#3149));
#3146 = ORIENTED_EDGE('',*,*,#3074,.F.);
#3147 = ORIENTED_EDGE('',*,*,#2906,.F.);
#3148 = ORIENTED_EDGE('',*,*,#2936,.T.);
#3149 = ORIENTED_EDGE('',*,*,#3150,.F.);
#3150 = EDGE_CURVE('',#3075,#2937,#3151,.T.);
#3151 = CIRCLE('',#3152,11.);
#3152 = AXIS2_PLACEMENT_3D('',#3153,#3154,#3155);
#3153 = CARTESIAN_POINT('',(56.,84.,-227.5));
#3154 = DIRECTION('',(0.,0.,1.));
#3155 = DIRECTION('',(1.,0.,0.));
#3156 = PLANE('',#3157);
#3157 = AXIS2_PLACEMENT_3D('',#3158,#3159,#3160);
#3158 = CARTESIAN_POINT('',(41.9,80.,-227.5));
#3159 = DIRECTION('',(0.,0.,1.));
#3160 = DIRECTION('',(1.,0.,0.));
#3161 = ADVANCED_FACE('',(#3162),#3172,.T.);
#3162 = FACE_BOUND('',#3163,.T.);
#3163 = EDGE_LOOP('',(#3164,#3171));
#3164 = ORIENTED_EDGE('',*,*,#3165,.T.);
#3165 = EDGE_CURVE('',#2937,#2962,#3166,.T.);
#3166 = CIRCLE('',#3167,11.);
#3167 = AXIS2_PLACEMENT_3D('',#3168,#3169,#3170);
#3168 = CARTESIAN_POINT('',(56.,84.,-227.5));
#3169 = DIRECTION('',(0.,0.,1.));
#3170 = DIRECTION('',(1.,0.,0.));
#3171 = ORIENTED_EDGE('',*,*,#2969,.F.);
#3172 = PLANE('',#3173);
#3173 = AXIS2_PLACEMENT_3D('',#3174,#3175,#3176);
#3174 = CARTESIAN_POINT('',(56.,84.,-227.5));
#3175 = DIRECTION('',(0.,0.,1.));
#3176 = DIRECTION('',(1.,0.,0.));
#3177 = ADVANCED_FACE('',(#3178),#3204,.F.);
#3178 = FACE_BOUND('',#3179,.F.);
#3179 = EDGE_LOOP('',(#3180,#3181,#3190,#3197,#3198));
#3180 = ORIENTED_EDGE('',*,*,#3092,.F.);
#3181 = ORIENTED_EDGE('',*,*,#3182,.F.);
#3182 = EDGE_CURVE('',#3183,#3093,#3185,.T.);
#3183 = VERTEX_POINT('',#3184);
#3184 = CARTESIAN_POINT('',(67.,84.,-227.5));
#3185 = CIRCLE('',#3186,11.);
#3186 = AXIS2_PLACEMENT_3D('',#3187,#3188,#3189);
#3187 = CARTESIAN_POINT('',(56.,84.,-227.5));
#3188 = DIRECTION('',(0.,0.,1.));
#3189 = DIRECTION('',(1.,0.,0.));
#3190 = ORIENTED_EDGE('',*,*,#3191,.F.);
#3191 = EDGE_CURVE('',#2962,#3183,#3192,.T.);
#3192 = CIRCLE('',#3193,11.);
#3193 = AXIS2_PLACEMENT_3D('',#3194,#3195,#3196);
#3194 = CARTESIAN_POINT('',(56.,84.,-227.5));
#3195 = DIRECTION('',(0.,0.,1.));
#3196 = DIRECTION('',(1.,0.,0.));
#3197 = ORIENTED_EDGE('',*,*,#2961,.T.);
#3198 = ORIENTED_EDGE('',*,*,#3199,.T.);
#3199 = EDGE_CURVE('',#2954,#3085,#3200,.T.);
#3200 = LINE('',#3201,#3202);
#3201 = CARTESIAN_POINT('',(70.1,80.,-227.5));
#3202 = VECTOR('',#3203,1.);
#3203 = DIRECTION('',(0.,1.,0.));
#3204 = PLANE('',#3205);
#3205 = AXIS2_PLACEMENT_3D('',#3206,#3207,#3208);
#3206 = CARTESIAN_POINT('',(41.9,80.,-227.5));
#3207 = DIRECTION('',(0.,0.,1.));
#3208 = DIRECTION('',(1.,0.,0.));
#3209 = ADVANCED_FACE('',(#3210),#3216,.T.);
#3210 = FACE_BOUND('',#3211,.T.);
#3211 = EDGE_LOOP('',(#3212,#3213,#3214,#3215));
#3212 = ORIENTED_EDGE('',*,*,#2953,.F.);
#3213 = ORIENTED_EDGE('',*,*,#3199,.T.);
#3214 = ORIENTED_EDGE('',*,*,#3084,.T.);
#3215 = ORIENTED_EDGE('',*,*,#3052,.F.);
#3216 = PLANE('',#3217);
#3217 = AXIS2_PLACEMENT_3D('',#3218,#3219,#3220);
#3218 = CARTESIAN_POINT('',(70.1,80.,-227.5));
#3219 = DIRECTION('',(1.,0.,0.));
#3220 = DIRECTION('',(0.,0.,1.));
#3221 = ADVANCED_FACE('',(#3222),#3233,.F.);
#3222 = FACE_BOUND('',#3223,.F.);
#3223 = EDGE_LOOP('',(#3224,#3225,#3231,#3232));
#3224 = ORIENTED_EDGE('',*,*,#3108,.F.);
#3225 = ORIENTED_EDGE('',*,*,#3226,.F.);
#3226 = EDGE_CURVE('',#2978,#3109,#3227,.T.);
#3227 = LINE('',#3228,#3229);
#3228 = CARTESIAN_POINT('',(56.,80.,-104.9));
#3229 = VECTOR('',#3230,1.);
#3230 = DIRECTION('',(0.,1.,0.));
#3231 = ORIENTED_EDGE('',*,*,#2977,.T.);
#3232 = ORIENTED_EDGE('',*,*,#3226,.T.);
#3233 = CYLINDRICAL_SURFACE('',#3234,1.6);
#3234 = AXIS2_PLACEMENT_3D('',#3235,#3236,#3237);
#3235 = CARTESIAN_POINT('',(56.,80.,-106.5));
#3236 = DIRECTION('',(0.,1.,0.));
#3237 = DIRECTION('',(0.,0.,1.));
#3238 = ADVANCED_FACE('',(#3239),#3264,.T.);
#3239 = FACE_BOUND('',#3240,.T.);
#3240 = EDGE_LOOP('',(#3241,#3242,#3250,#3258));
#3241 = ORIENTED_EDGE('',*,*,#2988,.F.);
#3242 = ORIENTED_EDGE('',*,*,#3243,.T.);
#3243 = EDGE_CURVE('',#2989,#3244,#3246,.T.);
#3244 = VERTEX_POINT('',#3245);
#3245 = CARTESIAN_POINT('',(53.5,82.,-202.5));
#3246 = LINE('',#3247,#3248);
#3247 = CARTESIAN_POINT('',(53.5,80.,-202.5));
#3248 = VECTOR('',#3249,1.);
#3249 = DIRECTION('',(0.,1.,0.));
#3250 = ORIENTED_EDGE('',*,*,#3251,.T.);
#3251 = EDGE_CURVE('',#3244,#3252,#3254,.T.);
#3252 = VERTEX_POINT('',#3253);
#3253 = CARTESIAN_POINT('',(53.5,82.,-111.5));
#3254 = LINE('',#3255,#3256);
#3255 = CARTESIAN_POINT('',(53.5,82.,-202.5));
#3256 = VECTOR('',#3257,1.);
#3257 = DIRECTION('',(0.,0.,1.));
#3258 = ORIENTED_EDGE('',*,*,#3259,.F.);
#3259 = EDGE_CURVE('',#2991,#3252,#3260,.T.);
#3260 = LINE('',#3261,#3262);
#3261 = CARTESIAN_POINT('',(53.5,80.,-111.5));
#3262 = VECTOR('',#3263,1.);
#3263 = DIRECTION('',(0.,1.,0.));
#3264 = PLANE('',#3265);
#3265 = AXIS2_PLACEMENT_3D('',#3266,#3267,#3268);
#3266 = CARTESIAN_POINT('',(53.5,80.,-202.5));
#3267 = DIRECTION('',(1.,0.,0.));
#3268 = DIRECTION('',(0.,0.,1.));
#3269 = ADVANCED_FACE('',(#3270),#3288,.F.);
#3270 = FACE_BOUND('',#3271,.F.);
#3271 = EDGE_LOOP('',(#3272,#3273,#3274,#3282));
#3272 = ORIENTED_EDGE('',*,*,#3259,.F.);
#3273 = ORIENTED_EDGE('',*,*,#3014,.T.);
#3274 = ORIENTED_EDGE('',*,*,#3275,.T.);
#3275 = EDGE_CURVE('',#3007,#3276,#3278,.T.);
#3276 = VERTEX_POINT('',#3277);
#3277 = CARTESIAN_POINT('',(58.5,82.,-111.5));
#3278 = LINE('',#3279,#3280);
#3279 = CARTESIAN_POINT('',(58.5,80.,-111.5));
#3280 = VECTOR('',#3281,1.);
#3281 = DIRECTION('',(0.,1.,0.));
#3282 = ORIENTED_EDGE('',*,*,#3283,.F.);
#3283 = EDGE_CURVE('',#3252,#3276,#3284,.T.);
#3284 = LINE('',#3285,#3286);
#3285 = CARTESIAN_POINT('',(53.5,82.,-111.5));
#3286 = VECTOR('',#3287,1.);
#3287 = DIRECTION('',(1.,0.,0.));
#3288 = PLANE('',#3289);
#3289 = AXIS2_PLACEMENT_3D('',#3290,#3291,#3292);
#3290 = CARTESIAN_POINT('',(53.5,80.,-111.5));
#3291 = DIRECTION('',(0.,0.,1.));
#3292 = DIRECTION('',(1.,0.,0.));
#3293 = ADVANCED_FACE('',(#3294),#3312,.F.);
#3294 = FACE_BOUND('',#3295,.F.);
#3295 = EDGE_LOOP('',(#3296,#3297,#3305,#3311));
#3296 = ORIENTED_EDGE('',*,*,#3006,.F.);
#3297 = ORIENTED_EDGE('',*,*,#3298,.T.);
#3298 = EDGE_CURVE('',#2999,#3299,#3301,.T.);
#3299 = VERTEX_POINT('',#3300);
#3300 = CARTESIAN_POINT('',(58.5,82.,-202.5));
#3301 = LINE('',#3302,#3303);
#3302 = CARTESIAN_POINT('',(58.5,80.,-202.5));
#3303 = VECTOR('',#3304,1.);
#3304 = DIRECTION('',(0.,1.,0.));
#3305 = ORIENTED_EDGE('',*,*,#3306,.T.);
#3306 = EDGE_CURVE('',#3299,#3276,#3307,.T.);
#3307 = LINE('',#3308,#3309);
#3308 = CARTESIAN_POINT('',(58.5,82.,-202.5));
#3309 = VECTOR('',#3310,1.);
#3310 = DIRECTION('',(0.,0.,1.));
#3311 = ORIENTED_EDGE('',*,*,#3275,.F.);
#3312 = PLANE('',#3313);
#3313 = AXIS2_PLACEMENT_3D('',#3314,#3315,#3316);
#3314 = CARTESIAN_POINT('',(58.5,80.,-202.5));
#3315 = DIRECTION('',(1.,0.,0.));
#3316 = DIRECTION('',(0.,0.,1.));
#3317 = ADVANCED_FACE('',(#3318),#3329,.T.);
#3318 = FACE_BOUND('',#3319,.T.);
#3319 = EDGE_LOOP('',(#3320,#3321,#3322,#3323));
#3320 = ORIENTED_EDGE('',*,*,#3243,.F.);
#3321 = ORIENTED_EDGE('',*,*,#2998,.T.);
#3322 = ORIENTED_EDGE('',*,*,#3298,.T.);
#3323 = ORIENTED_EDGE('',*,*,#3324,.F.);
#3324 = EDGE_CURVE('',#3244,#3299,#3325,.T.);
#3325 = LINE('',#3326,#3327);
#3326 = CARTESIAN_POINT('',(53.5,82.,-202.5));
#3327 = VECTOR('',#3328,1.);
#3328 = DIRECTION('',(1.,0.,0.));
#3329 = PLANE('',#3330);
#3330 = AXIS2_PLACEMENT_3D('',#3331,#3332,#3333);
#3331 = CARTESIAN_POINT('',(53.5,80.,-202.5));
#3332 = DIRECTION('',(0.,0.,1.));
#3333 = DIRECTION('',(1.,0.,0.));
#3334 = ADVANCED_FACE('',(#3335),#3346,.F.);
#3335 = FACE_BOUND('',#3336,.F.);
#3336 = EDGE_LOOP('',(#3337,#3338,#3344,#3345));
#3337 = ORIENTED_EDGE('',*,*,#3119,.F.);
#3338 = ORIENTED_EDGE('',*,*,#3339,.F.);
#3339 = EDGE_CURVE('',#3023,#3120,#3340,.T.);
#3340 = LINE('',#3341,#3342);
#3341 = CARTESIAN_POINT('',(56.,80.,-88.5));
#3342 = VECTOR('',#3343,1.);
#3343 = DIRECTION('',(0.,1.,0.));
#3344 = ORIENTED_EDGE('',*,*,#3022,.T.);
#3345 = ORIENTED_EDGE('',*,*,#3339,.T.);
#3346 = CYLINDRICAL_SURFACE('',#3347,3.);
#3347 = AXIS2_PLACEMENT_3D('',#3348,#3349,#3350);
#3348 = CARTESIAN_POINT('',(56.,80.,-91.5));
#3349 = DIRECTION('',(0.,1.,0.));
#3350 = DIRECTION('',(0.,0.,1.));
#3351 = ADVANCED_FACE('',(#3352),#3363,.F.);
#3352 = FACE_BOUND('',#3353,.F.);
#3353 = EDGE_LOOP('',(#3354,#3355,#3361,#3362));
#3354 = ORIENTED_EDGE('',*,*,#3130,.F.);
#3355 = ORIENTED_EDGE('',*,*,#3356,.F.);
#3356 = EDGE_CURVE('',#3034,#3131,#3357,.T.);
#3357 = LINE('',#3358,#3359);
#3358 = CARTESIAN_POINT('',(56.,80.,-74.9));
#3359 = VECTOR('',#3360,1.);
#3360 = DIRECTION('',(0.,1.,0.));
#3361 = ORIENTED_EDGE('',*,*,#3033,.T.);
#3362 = ORIENTED_EDGE('',*,*,#3356,.T.);
#3363 = CYLINDRICAL_SURFACE('',#3364,1.6);
#3364 = AXIS2_PLACEMENT_3D('',#3365,#3366,#3367);
#3365 = CARTESIAN_POINT('',(56.,80.,-76.5));
#3366 = DIRECTION('',(0.,1.,0.));
#3367 = DIRECTION('',(0.,0.,1.));
#3368 = ADVANCED_FACE('',(#3369),#3379,.T.);
#3369 = FACE_BOUND('',#3370,.T.);
#3370 = EDGE_LOOP('',(#3371,#3372));
#3371 = ORIENTED_EDGE('',*,*,#3100,.T.);
#3372 = ORIENTED_EDGE('',*,*,#3373,.T.);
#3373 = EDGE_CURVE('',#3093,#3075,#3374,.T.);
#3374 = CIRCLE('',#3375,11.);
#3375 = AXIS2_PLACEMENT_3D('',#3376,#3377,#3378);
#3376 = CARTESIAN_POINT('',(56.,84.,-227.5));
#3377 = DIRECTION('',(0.,0.,1.));
#3378 = DIRECTION('',(1.,0.,0.));
#3379 = PLANE('',#3380);
#3380 = AXIS2_PLACEMENT_3D('',#3381,#3382,#3383);
#3381 = CARTESIAN_POINT('',(56.,84.,-227.5));
#3382 = DIRECTION('',(0.,0.,1.));
#3383 = DIRECTION('',(1.,0.,0.));
#3384 = ADVANCED_FACE('',(#3385),#3408,.T.);
#3385 = FACE_BOUND('',#3386,.T.);
#3386 = EDGE_LOOP('',(#3387,#3395,#3396,#3397,#3398,#3399,#3400,#3401));
#3387 = ORIENTED_EDGE('',*,*,#3388,.T.);
#3388 = EDGE_CURVE('',#3389,#3183,#3391,.T.);
#3389 = VERTEX_POINT('',#3390);
#3390 = CARTESIAN_POINT('',(67.,84.,-243.5));
#3391 = LINE('',#3392,#3393);
#3392 = CARTESIAN_POINT('',(67.,84.,-243.5));
#3393 = VECTOR('',#3394,1.);
#3394 = DIRECTION('',(0.,0.,1.));
#3395 = ORIENTED_EDGE('',*,*,#3191,.F.);
#3396 = ORIENTED_EDGE('',*,*,#3165,.F.);
#3397 = ORIENTED_EDGE('',*,*,#3150,.F.);
#3398 = ORIENTED_EDGE('',*,*,#3373,.F.);
#3399 = ORIENTED_EDGE('',*,*,#3182,.F.);
#3400 = ORIENTED_EDGE('',*,*,#3388,.F.);
#3401 = ORIENTED_EDGE('',*,*,#3402,.T.);
#3402 = EDGE_CURVE('',#3389,#3389,#3403,.T.);
#3403 = CIRCLE('',#3404,11.);
#3404 = AXIS2_PLACEMENT_3D('',#3405,#3406,#3407);
#3405 = CARTESIAN_POINT('',(56.,84.,-243.5));
#3406 = DIRECTION('',(0.,0.,1.));
#3407 = DIRECTION('',(1.,0.,0.));
#3408 = CYLINDRICAL_SURFACE('',#3409,11.);
#3409 = AXIS2_PLACEMENT_3D('',#3410,#3411,#3412);
#3410 = CARTESIAN_POINT('',(56.,84.,-243.5));
#3411 = DIRECTION('',(0.,0.,1.));
#3412 = DIRECTION('',(1.,0.,0.));
#3413 = ADVANCED_FACE('',(#3414),#3420,.F.);
#3414 = FACE_BOUND('',#3415,.F.);
#3415 = EDGE_LOOP('',(#3416,#3417,#3418,#3419));
#3416 = ORIENTED_EDGE('',*,*,#3324,.F.);
#3417 = ORIENTED_EDGE('',*,*,#3251,.T.);
#3418 = ORIENTED_EDGE('',*,*,#3283,.T.);
#3419 = ORIENTED_EDGE('',*,*,#3306,.F.);
#3420 = PLANE('',#3421);
#3421 = AXIS2_PLACEMENT_3D('',#3422,#3423,#3424);
#3422 = CARTESIAN_POINT('',(53.5,82.,-202.5));
#3423 = DIRECTION('',(0.,1.,0.));
#3424 = DIRECTION('',(0.,0.,1.));
#3425 = ADVANCED_FACE('',(#3426,#3429),#3440,.F.);
#3426 = FACE_BOUND('',#3427,.F.);
#3427 = EDGE_LOOP('',(#3428));
#3428 = ORIENTED_EDGE('',*,*,#3402,.T.);
#3429 = FACE_BOUND('',#3430,.F.);
#3430 = EDGE_LOOP('',(#3431));
#3431 = ORIENTED_EDGE('',*,*,#3432,.F.);
#3432 = EDGE_CURVE('',#3433,#3433,#3435,.T.);
#3433 = VERTEX_POINT('',#3434);
#3434 = CARTESIAN_POINT('',(62.,84.,-243.5));
#3435 = CIRCLE('',#3436,6.);
#3436 = AXIS2_PLACEMENT_3D('',#3437,#3438,#3439);
#3437 = CARTESIAN_POINT('',(56.,84.,-243.5));
#3438 = DIRECTION('',(0.,0.,1.));
#3439 = DIRECTION('',(1.,0.,0.));
#3440 = PLANE('',#3441);
#3441 = AXIS2_PLACEMENT_3D('',#3442,#3443,#3444);
#3442 = CARTESIAN_POINT('',(56.,84.,-243.5));
#3443 = DIRECTION('',(0.,0.,1.));
#3444 = DIRECTION('',(1.,0.,0.));
#3445 = ADVANCED_FACE('',(#3446),#3465,.F.);
#3446 = FACE_BOUND('',#3447,.F.);
#3447 = EDGE_LOOP('',(#3448,#3457,#3463,#3464));
#3448 = ORIENTED_EDGE('',*,*,#3449,.F.);
#3449 = EDGE_CURVE('',#3450,#3450,#3452,.T.);
#3450 = VERTEX_POINT('',#3451);
#3451 = CARTESIAN_POINT('',(62.,84.,-235.5));
#3452 = CIRCLE('',#3453,6.);
#3453 = AXIS2_PLACEMENT_3D('',#3454,#3455,#3456);
#3454 = CARTESIAN_POINT('',(56.,84.,-235.5));
#3455 = DIRECTION('',(0.,0.,1.));
#3456 = DIRECTION('',(1.,0.,0.));
#3457 = ORIENTED_EDGE('',*,*,#3458,.F.);
#3458 = EDGE_CURVE('',#3433,#3450,#3459,.T.);
#3459 = LINE('',#3460,#3461);
#3460 = CARTESIAN_POINT('',(62.,84.,-243.5));
#3461 = VECTOR('',#3462,1.);
#3462 = DIRECTION('',(0.,0.,1.));
#3463 = ORIENTED_EDGE('',*,*,#3432,.T.);
#3464 = ORIENTED_EDGE('',*,*,#3458,.T.);
#3465 = CYLINDRICAL_SURFACE('',#3466,6.);
#3466 = AXIS2_PLACEMENT_3D('',#3467,#3468,#3469);
#3467 = CARTESIAN_POINT('',(56.,84.,-243.5));
#3468 = DIRECTION('',(0.,0.,1.));
#3469 = DIRECTION('',(1.,0.,0.));
#3470 = ADVANCED_FACE('',(#3471),#3474,.F.);
#3471 = FACE_BOUND('',#3472,.F.);
#3472 = EDGE_LOOP('',(#3473));
#3473 = ORIENTED_EDGE('',*,*,#3449,.T.);
#3474 = PLANE('',#3475);
#3475 = AXIS2_PLACEMENT_3D('',#3476,#3477,#3478);
#3476 = CARTESIAN_POINT('',(56.,84.,-235.5));
#3477 = DIRECTION('',(0.,0.,1.));
#3478 = DIRECTION('',(1.,0.,0.));
#3479 = MANIFOLD_SOLID_BREP('',#3480);
#3480 = CLOSED_SHELL('',(#3481,#3514,#3534,#3554));
#3481 = ADVANCED_FACE('',(#3482),#3509,.T.);
#3482 = FACE_BOUND('',#3483,.T.);
#3483 = EDGE_LOOP('',(#3484,#3493,#3501,#3508));
#3484 = ORIENTED_EDGE('',*,*,#3485,.F.);
#3485 = EDGE_CURVE('',#3486,#3486,#3488,.T.);
#3486 = VERTEX_POINT('',#3487);
#3487 = CARTESIAN_POINT('',(77.,94.1,-56.5));
#3488 = CIRCLE('',#3489,21.);
#3489 = AXIS2_PLACEMENT_3D('',#3490,#3491,#3492);
#3490 = CARTESIAN_POINT('',(56.,94.1,-56.5));
#3491 = DIRECTION('',(0.,0.,1.));
#3492 = DIRECTION('',(1.,0.,0.));
#3493 = ORIENTED_EDGE('',*,*,#3494,.F.);
#3494 = EDGE_CURVE('',#3495,#3486,#3497,.T.);
#3495 = VERTEX_POINT('',#3496);
#3496 = CARTESIAN_POINT('',(77.,94.1,-86.5));
#3497 = LINE('',#3498,#3499);
#3498 = CARTESIAN_POINT('',(77.,94.1,-86.5));
#3499 = VECTOR('',#3500,1.);
#3500 = DIRECTION('',(0.,0.,1.));
#3501 = ORIENTED_EDGE('',*,*,#3502,.T.);
#3502 = EDGE_CURVE('',#3495,#3495,#3503,.T.);
#3503 = CIRCLE('',#3504,21.);
#3504 = AXIS2_PLACEMENT_3D('',#3505,#3506,#3507);
#3505 = CARTESIAN_POINT('',(56.,94.1,-86.5));
#3506 = DIRECTION('',(0.,0.,1.));
#3507 = DIRECTION('',(1.,0.,0.));
#3508 = ORIENTED_EDGE('',*,*,#3494,.T.);
#3509 = CYLINDRICAL_SURFACE('',#3510,21.);
#3510 = AXIS2_PLACEMENT_3D('',#3511,#3512,#3513);
#3511 = CARTESIAN_POINT('',(56.,94.1,-86.5));
#3512 = DIRECTION('',(0.,0.,1.));
#3513 = DIRECTION('',(1.,0.,0.));
#3514 = ADVANCED_FACE('',(#3515,#3518),#3529,.T.);
#3515 = FACE_BOUND('',#3516,.T.);
#3516 = EDGE_LOOP('',(#3517));
#3517 = ORIENTED_EDGE('',*,*,#3485,.T.);
#3518 = FACE_BOUND('',#3519,.T.);
#3519 = EDGE_LOOP('',(#3520));
#3520 = ORIENTED_EDGE('',*,*,#3521,.F.);
#3521 = EDGE_CURVE('',#3522,#3522,#3524,.T.);
#3522 = VERTEX_POINT('',#3523);
#3523 = CARTESIAN_POINT('',(73.,94.1,-56.5));
#3524 = CIRCLE('',#3525,17.);
#3525 = AXIS2_PLACEMENT_3D('',#3526,#3527,#3528);
#3526 = CARTESIAN_POINT('',(56.,94.1,-56.5));
#3527 = DIRECTION('',(0.,0.,1.));
#3528 = DIRECTION('',(1.,0.,0.));
#3529 = PLANE('',#3530);
#3530 = AXIS2_PLACEMENT_3D('',#3531,#3532,#3533);
#3531 = CARTESIAN_POINT('',(56.,94.1,-56.5));
#3532 = DIRECTION('',(0.,0.,1.));
#3533 = DIRECTION('',(1.,0.,0.));
#3534 = ADVANCED_FACE('',(#3535,#3538),#3549,.F.);
#3535 = FACE_BOUND('',#3536,.F.);
#3536 = EDGE_LOOP('',(#3537));
#3537 = ORIENTED_EDGE('',*,*,#3502,.T.);
#3538 = FACE_BOUND('',#3539,.F.);
#3539 = EDGE_LOOP('',(#3540));
#3540 = ORIENTED_EDGE('',*,*,#3541,.F.);
#3541 = EDGE_CURVE('',#3542,#3542,#3544,.T.);
#3542 = VERTEX_POINT('',#3543);
#3543 = CARTESIAN_POINT('',(73.,94.1,-86.5));
#3544 = CIRCLE('',#3545,17.);
#3545 = AXIS2_PLACEMENT_3D('',#3546,#3547,#3548);
#3546 = CARTESIAN_POINT('',(56.,94.1,-86.5));
#3547 = DIRECTION('',(0.,0.,1.));
#3548 = DIRECTION('',(1.,0.,0.));
#3549 = PLANE('',#3550);
#3550 = AXIS2_PLACEMENT_3D('',#3551,#3552,#3553);
#3551 = CARTESIAN_POINT('',(56.,94.1,-86.5));
#3552 = DIRECTION('',(0.,0.,1.));
#3553 = DIRECTION('',(1.,0.,0.));
#3554 = ADVANCED_FACE('',(#3555),#3566,.F.);
#3555 = FACE_BOUND('',#3556,.F.);
#3556 = EDGE_LOOP('',(#3557,#3558,#3564,#3565));
#3557 = ORIENTED_EDGE('',*,*,#3521,.F.);
#3558 = ORIENTED_EDGE('',*,*,#3559,.F.);
#3559 = EDGE_CURVE('',#3542,#3522,#3560,.T.);
#3560 = LINE('',#3561,#3562);
#3561 = CARTESIAN_POINT('',(73.,94.1,-86.5));
#3562 = VECTOR('',#3563,1.);
#3563 = DIRECTION('',(0.,0.,1.));
#3564 = ORIENTED_EDGE('',*,*,#3541,.T.);
#3565 = ORIENTED_EDGE('',*,*,#3559,.T.);
#3566 = CYLINDRICAL_SURFACE('',#3567,17.);
#3567 = AXIS2_PLACEMENT_3D('',#3568,#3569,#3570);
#3568 = CARTESIAN_POINT('',(56.,94.1,-86.5));
#3569 = DIRECTION('',(0.,0.,1.));
#3570 = DIRECTION('',(1.,0.,0.));
#3571 = MANIFOLD_SOLID_BREP('',#3572);
#3572 = CLOSED_SHELL('',(#3573,#3606,#3626,#3646));
#3573 = ADVANCED_FACE('',(#3574),#3601,.T.);
#3574 = FACE_BOUND('',#3575,.T.);
#3575 = EDGE_LOOP('',(#3576,#3585,#3593,#3600));
#3576 = ORIENTED_EDGE('',*,*,#3577,.F.);
#3577 = EDGE_CURVE('',#3578,#3578,#3580,.T.);
#3578 = VERTEX_POINT('',#3579);
#3579 = CARTESIAN_POINT('',(77.,94.1,115.));
#3580 = CIRCLE('',#3581,21.);
#3581 = AXIS2_PLACEMENT_3D('',#3582,#3583,#3584);
#3582 = CARTESIAN_POINT('',(56.,94.1,115.));
#3583 = DIRECTION('',(0.,0.,1.));
#3584 = DIRECTION('',(1.,0.,0.));
#3585 = ORIENTED_EDGE('',*,*,#3586,.F.);
#3586 = EDGE_CURVE('',#3587,#3578,#3589,.T.);
#3587 = VERTEX_POINT('',#3588);
#3588 = CARTESIAN_POINT('',(77.,94.1,85.));
#3589 = LINE('',#3590,#3591);
#3590 = CARTESIAN_POINT('',(77.,94.1,85.));
#3591 = VECTOR('',#3592,1.);
#3592 = DIRECTION('',(0.,0.,1.));
#3593 = ORIENTED_EDGE('',*,*,#3594,.T.);
#3594 = EDGE_CURVE('',#3587,#3587,#3595,.T.);
#3595 = CIRCLE('',#3596,21.);
#3596 = AXIS2_PLACEMENT_3D('',#3597,#3598,#3599);
#3597 = CARTESIAN_POINT('',(56.,94.1,85.));
#3598 = DIRECTION('',(0.,0.,1.));
#3599 = DIRECTION('',(1.,0.,0.));
#3600 = ORIENTED_EDGE('',*,*,#3586,.T.);
#3601 = CYLINDRICAL_SURFACE('',#3602,21.);
#3602 = AXIS2_PLACEMENT_3D('',#3603,#3604,#3605);
#3603 = CARTESIAN_POINT('',(56.,94.1,85.));
#3604 = DIRECTION('',(0.,0.,1.));
#3605 = DIRECTION('',(1.,0.,0.));
#3606 = ADVANCED_FACE('',(#3607,#3610),#3621,.T.);
#3607 = FACE_BOUND('',#3608,.T.);
#3608 = EDGE_LOOP('',(#3609));
#3609 = ORIENTED_EDGE('',*,*,#3577,.T.);
#3610 = FACE_BOUND('',#3611,.T.);
#3611 = EDGE_LOOP('',(#3612));
#3612 = ORIENTED_EDGE('',*,*,#3613,.F.);
#3613 = EDGE_CURVE('',#3614,#3614,#3616,.T.);
#3614 = VERTEX_POINT('',#3615);
#3615 = CARTESIAN_POINT('',(73.,94.1,115.));
#3616 = CIRCLE('',#3617,17.);
#3617 = AXIS2_PLACEMENT_3D('',#3618,#3619,#3620);
#3618 = CARTESIAN_POINT('',(56.,94.1,115.));
#3619 = DIRECTION('',(0.,0.,1.));
#3620 = DIRECTION('',(1.,0.,0.));
#3621 = PLANE('',#3622);
#3622 = AXIS2_PLACEMENT_3D('',#3623,#3624,#3625);
#3623 = CARTESIAN_POINT('',(56.,94.1,115.));
#3624 = DIRECTION('',(0.,0.,1.));
#3625 = DIRECTION('',(1.,0.,0.));
#3626 = ADVANCED_FACE('',(#3627,#3630),#3641,.F.);
#3627 = FACE_BOUND('',#3628,.F.);
#3628 = EDGE_LOOP('',(#3629));
#3629 = ORIENTED_EDGE('',*,*,#3594,.T.);
#3630 = FACE_BOUND('',#3631,.F.);
#3631 = EDGE_LOOP('',(#3632));
#3632 = ORIENTED_EDGE('',*,*,#3633,.F.);
#3633 = EDGE_CURVE('',#3634,#3634,#3636,.T.);
#3634 = VERTEX_POINT('',#3635);
#3635 = CARTESIAN_POINT('',(73.,94.1,85.));
#3636 = CIRCLE('',#3637,17.);
#3637 = AXIS2_PLACEMENT_3D('',#3638,#3639,#3640);
#3638 = CARTESIAN_POINT('',(56.,94.1,85.));
#3639 = DIRECTION('',(0.,0.,1.));
#3640 = DIRECTION('',(1.,0.,0.));
#3641 = PLANE('',#3642);
#3642 = AXIS2_PLACEMENT_3D('',#3643,#3644,#3645);
#3643 = CARTESIAN_POINT('',(56.,94.1,85.));
#3644 = DIRECTION('',(0.,0.,1.));
#3645 = DIRECTION('',(1.,0.,0.));
#3646 = ADVANCED_FACE('',(#3647),#3658,.F.);
#3647 = FACE_BOUND('',#3648,.F.);
#3648 = EDGE_LOOP('',(#3649,#3650,#3656,#3657));
#3649 = ORIENTED_EDGE('',*,*,#3613,.F.);
#3650 = ORIENTED_EDGE('',*,*,#3651,.F.);
#3651 = EDGE_CURVE('',#3634,#3614,#3652,.T.);
#3652 = LINE('',#3653,#3654);
#3653 = CARTESIAN_POINT('',(73.,94.1,85.));
#3654 = VECTOR('',#3655,1.);
#3655 = DIRECTION('',(0.,0.,1.));
#3656 = ORIENTED_EDGE('',*,*,#3633,.T.);
#3657 = ORIENTED_EDGE('',*,*,#3651,.T.);
#3658 = CYLINDRICAL_SURFACE('',#3659,17.);
#3659 = AXIS2_PLACEMENT_3D('',#3660,#3661,#3662);
#3660 = CARTESIAN_POINT('',(56.,94.1,85.));
#3661 = DIRECTION('',(0.,0.,1.));
#3662 = DIRECTION('',(1.,0.,0.));
#3663 = ( GEOMETRIC_REPRESENTATION_CONTEXT(3) 
GLOBAL_UNCERTAINTY_ASSIGNED_CONTEXT((#3667)) 
GLOBAL_UNIT_ASSIGNED_CONTEXT((#3664,#3665,#3666)) REPRESENTATION_CONTEXT
('Context #1','3D Context with UNIT and UNCERTAINTY') );
#3664 = ( LENGTH_UNIT() NAMED_UNIT(*) SI_UNIT(.MILLI.,.METRE.) );
#3665 = ( NAMED_UNIT(*) PLANE_ANGLE_UNIT() SI_UNIT($,.RADIAN.) );
#3666 = ( NAMED_UNIT(*) SI_UNIT($,.STERADIAN.) SOLID_ANGLE_UNIT() );
#3667 = UNCERTAINTY_MEASURE_WITH_UNIT(LENGTH_MEASURE(1.E-07),#3664,
  'distance_accuracy_value','confusion accuracy');
#3668 = PRODUCT_RELATED_PRODUCT_CATEGORY('part',$,(#7));
ENDSEC;
END-ISO-10303-21;
