ISO-10303-21;
HEADER;
FILE_DESCRIPTION(('FreeCAD Model'),'2;1');
FILE_NAME('Open CASCADE Shape Model','2026-09-12T17:00:25',('FreeCAD'),(
    'FreeCAD'),'Open CASCADE STEP processor 7.8','FreeCAD','Unknown');
FILE_SCHEMA(('AUTOMOTIVE_DESIGN { 1 0 10303 214 1 1 1 1 }'));
ENDSEC;
DATA;
#1 = APPLICATION_PROTOCOL_DEFINITION('international standard',
  'automotive_design',2000,#2);
#2 = APPLICATION_CONTEXT(
  'core data for automotive mechanical design processes');
#3 = SHAPE_DEFINITION_REPRESENTATION(#4,#10);
#4 = PRODUCT_DEFINITION_SHAPE('','',#5);
#5 = PRODUCT_DEFINITION('design','',#6,#9);
#6 = PRODUCT_DEFINITION_FORMATION('','',#7);
#7 = PRODUCT('Open CASCADE STEP translator 7.8 2',
  'Open CASCADE STEP translator 7.8 2','',(#8));
#8 = PRODUCT_CONTEXT('',#2,'mechanical');
#9 = PRODUCT_DEFINITION_CONTEXT('part definition',#2,'design');
#10 = SHAPE_REPRESENTATION('',(#11,#15,#1515,#3325,#4893,#6461,#8029),
  #9597);
#11 = AXIS2_PLACEMENT_3D('',#12,#13,#14);
#12 = CARTESIAN_POINT('',(0.,0.,0.));
#13 = DIRECTION('',(0.,0.,1.));
#14 = DIRECTION('',(1.,0.,-0.));
#15 = MANIFOLD_SOLID_BREP('',#16);
#16 = CLOSED_SHELL('',(#17,#57,#88,#478,#502,#851,#863,#880,#897,#914,
    #931,#948,#970,#987,#1004,#1016,#1047,#1071,#1095,#1112,#1129,#1146,
    #1163,#1180,#1197,#1219,#1236,#1253,#1265,#1282,#1299,#1316,#1333,
    #1350,#1367,#1384,#1401,#1418,#1435,#1452,#1469,#1486,#1503));
#17 = ADVANCED_FACE('',(#18),#52,.F.);
#18 = FACE_BOUND('',#19,.F.);
#19 = EDGE_LOOP('',(#20,#30,#38,#46));
#20 = ORIENTED_EDGE('',*,*,#21,.F.);
#21 = EDGE_CURVE('',#22,#24,#26,.T.);
#22 = VERTEX_POINT('',#23);
#23 = CARTESIAN_POINT('',(-250.,-145.,0.));
#24 = VERTEX_POINT('',#25);
#25 = CARTESIAN_POINT('',(-250.,-145.,6.));
#26 = LINE('',#27,#28);
#27 = CARTESIAN_POINT('',(-250.,-145.,0.));
#28 = VECTOR('',#29,1.);
#29 = DIRECTION('',(0.,0.,1.));
#30 = ORIENTED_EDGE('',*,*,#31,.T.);
#31 = EDGE_CURVE('',#22,#32,#34,.T.);
#32 = VERTEX_POINT('',#33);
#33 = CARTESIAN_POINT('',(-250.,145.,0.));
#34 = LINE('',#35,#36);
#35 = CARTESIAN_POINT('',(-250.,-145.,0.));
#36 = VECTOR('',#37,1.);
#37 = DIRECTION('',(0.,1.,0.));
#38 = ORIENTED_EDGE('',*,*,#39,.T.);
#39 = EDGE_CURVE('',#32,#40,#42,.T.);
#40 = VERTEX_POINT('',#41);
#41 = CARTESIAN_POINT('',(-250.,145.,6.));
#42 = LINE('',#43,#44);
#43 = CARTESIAN_POINT('',(-250.,145.,0.));
#44 = VECTOR('',#45,1.);
#45 = DIRECTION('',(0.,0.,1.));
#46 = ORIENTED_EDGE('',*,*,#47,.F.);
#47 = EDGE_CURVE('',#24,#40,#48,.T.);
#48 = LINE('',#49,#50);
#49 = CARTESIAN_POINT('',(-250.,-145.,6.));
#50 = VECTOR('',#51,1.);
#51 = DIRECTION('',(0.,1.,0.));
#52 = PLANE('',#53);
#53 = AXIS2_PLACEMENT_3D('',#54,#55,#56);
#54 = CARTESIAN_POINT('',(-250.,-145.,0.));
#55 = DIRECTION('',(1.,0.,0.));
#56 = DIRECTION('',(0.,0.,1.));
#57 = ADVANCED_FACE('',(#58),#83,.F.);
#58 = FACE_BOUND('',#59,.F.);
#59 = EDGE_LOOP('',(#60,#68,#69,#77));
#60 = ORIENTED_EDGE('',*,*,#61,.F.);
#61 = EDGE_CURVE('',#22,#62,#64,.T.);
#62 = VERTEX_POINT('',#63);
#63 = CARTESIAN_POINT('',(250.,-145.,0.));
#64 = LINE('',#65,#66);
#65 = CARTESIAN_POINT('',(-250.,-145.,0.));
#66 = VECTOR('',#67,1.);
#67 = DIRECTION('',(1.,0.,0.));
#68 = ORIENTED_EDGE('',*,*,#21,.T.);
#69 = ORIENTED_EDGE('',*,*,#70,.T.);
#70 = EDGE_CURVE('',#24,#71,#73,.T.);
#71 = VERTEX_POINT('',#72);
#72 = CARTESIAN_POINT('',(250.,-145.,6.));
#73 = LINE('',#74,#75);
#74 = CARTESIAN_POINT('',(-250.,-145.,6.));
#75 = VECTOR('',#76,1.);
#76 = DIRECTION('',(1.,0.,0.));
#77 = ORIENTED_EDGE('',*,*,#78,.F.);
#78 = EDGE_CURVE('',#62,#71,#79,.T.);
#79 = LINE('',#80,#81);
#80 = CARTESIAN_POINT('',(250.,-145.,0.));
#81 = VECTOR('',#82,1.);
#82 = DIRECTION('',(0.,0.,1.));
#83 = PLANE('',#84);
#84 = AXIS2_PLACEMENT_3D('',#85,#86,#87);
#85 = CARTESIAN_POINT('',(-250.,-145.,0.));
#86 = DIRECTION('',(0.,1.,0.));
#87 = DIRECTION('',(0.,0.,1.));
#88 = ADVANCED_FACE('',(#89,#107,#118,#129,#140,#151,#162,#196,#230,#241
    ,#252,#263,#274,#285,#319,#330,#341,#352,#363,#374,#385,#396,#407,
    #418,#429,#440,#451,#462),#473,.T.);
#89 = FACE_BOUND('',#90,.T.);
#90 = EDGE_LOOP('',(#91,#92,#93,#101));
#91 = ORIENTED_EDGE('',*,*,#47,.F.);
#92 = ORIENTED_EDGE('',*,*,#70,.T.);
#93 = ORIENTED_EDGE('',*,*,#94,.T.);
#94 = EDGE_CURVE('',#71,#95,#97,.T.);
#95 = VERTEX_POINT('',#96);
#96 = CARTESIAN_POINT('',(250.,145.,6.));
#97 = LINE('',#98,#99);
#98 = CARTESIAN_POINT('',(250.,-145.,6.));
#99 = VECTOR('',#100,1.);
#100 = DIRECTION('',(0.,1.,0.));
#101 = ORIENTED_EDGE('',*,*,#102,.F.);
#102 = EDGE_CURVE('',#40,#95,#103,.T.);
#103 = LINE('',#104,#105);
#104 = CARTESIAN_POINT('',(-250.,145.,6.));
#105 = VECTOR('',#106,1.);
#106 = DIRECTION('',(1.,0.,0.));
#107 = FACE_BOUND('',#108,.T.);
#108 = EDGE_LOOP('',(#109));
#109 = ORIENTED_EDGE('',*,*,#110,.F.);
#110 = EDGE_CURVE('',#111,#111,#113,.T.);
#111 = VERTEX_POINT('',#112);
#112 = CARTESIAN_POINT('',(-218.9,-135.,6.));
#113 = CIRCLE('',#114,2.1);
#114 = AXIS2_PLACEMENT_3D('',#115,#116,#117);
#115 = CARTESIAN_POINT('',(-221.,-135.,6.));
#116 = DIRECTION('',(0.,0.,1.));
#117 = DIRECTION('',(1.,0.,0.));
#118 = FACE_BOUND('',#119,.T.);
#119 = EDGE_LOOP('',(#120));
#120 = ORIENTED_EDGE('',*,*,#121,.F.);
#121 = EDGE_CURVE('',#122,#122,#124,.T.);
#122 = VERTEX_POINT('',#123);
#123 = CARTESIAN_POINT('',(-126.9,-135.,6.));
#124 = CIRCLE('',#125,2.1);
#125 = AXIS2_PLACEMENT_3D('',#126,#127,#128);
#126 = CARTESIAN_POINT('',(-129.,-135.,6.));
#127 = DIRECTION('',(0.,0.,1.));
#128 = DIRECTION('',(1.,0.,0.));
#129 = FACE_BOUND('',#130,.T.);
#130 = EDGE_LOOP('',(#131));
#131 = ORIENTED_EDGE('',*,*,#132,.F.);
#132 = EDGE_CURVE('',#133,#133,#135,.T.);
#133 = VERTEX_POINT('',#134);
#134 = CARTESIAN_POINT('',(-218.9,-75.,6.));
#135 = CIRCLE('',#136,2.1);
#136 = AXIS2_PLACEMENT_3D('',#137,#138,#139);
#137 = CARTESIAN_POINT('',(-221.,-75.,6.));
#138 = DIRECTION('',(0.,0.,1.));
#139 = DIRECTION('',(1.,0.,0.));
#140 = FACE_BOUND('',#141,.T.);
#141 = EDGE_LOOP('',(#142));
#142 = ORIENTED_EDGE('',*,*,#143,.F.);
#143 = EDGE_CURVE('',#144,#144,#146,.T.);
#144 = VERTEX_POINT('',#145);
#145 = CARTESIAN_POINT('',(-126.9,-75.,6.));
#146 = CIRCLE('',#147,2.1);
#147 = AXIS2_PLACEMENT_3D('',#148,#149,#150);
#148 = CARTESIAN_POINT('',(-129.,-75.,6.));
#149 = DIRECTION('',(0.,0.,1.));
#150 = DIRECTION('',(1.,0.,0.));
#151 = FACE_BOUND('',#152,.T.);
#152 = EDGE_LOOP('',(#153));
#153 = ORIENTED_EDGE('',*,*,#154,.F.);
#154 = EDGE_CURVE('',#155,#155,#157,.T.);
#155 = VERTEX_POINT('',#156);
#156 = CARTESIAN_POINT('',(-98.3,-85.,6.));
#157 = CIRCLE('',#158,1.7);
#158 = AXIS2_PLACEMENT_3D('',#159,#160,#161);
#159 = CARTESIAN_POINT('',(-100.,-85.,6.));
#160 = DIRECTION('',(0.,0.,1.));
#161 = DIRECTION('',(1.,0.,0.));
#162 = FACE_BOUND('',#163,.T.);
#163 = EDGE_LOOP('',(#164,#174,#182,#190));
#164 = ORIENTED_EDGE('',*,*,#165,.F.);
#165 = EDGE_CURVE('',#166,#168,#170,.T.);
#166 = VERTEX_POINT('',#167);
#167 = CARTESIAN_POINT('',(-48.5,-10.,6.));
#168 = VERTEX_POINT('',#169);
#169 = CARTESIAN_POINT('',(-42.5,-10.,6.));
#170 = LINE('',#171,#172);
#171 = CARTESIAN_POINT('',(-48.5,-10.,6.));
#172 = VECTOR('',#173,1.);
#173 = DIRECTION('',(1.,0.,0.));
#174 = ORIENTED_EDGE('',*,*,#175,.T.);
#175 = EDGE_CURVE('',#166,#176,#178,.T.);
#176 = VERTEX_POINT('',#177);
#177 = CARTESIAN_POINT('',(-48.5,10.,6.));
#178 = LINE('',#179,#180);
#179 = CARTESIAN_POINT('',(-48.5,-10.,6.));
#180 = VECTOR('',#181,1.);
#181 = DIRECTION('',(0.,1.,0.));
#182 = ORIENTED_EDGE('',*,*,#183,.T.);
#183 = EDGE_CURVE('',#176,#184,#186,.T.);
#184 = VERTEX_POINT('',#185);
#185 = CARTESIAN_POINT('',(-42.5,10.,6.));
#186 = LINE('',#187,#188);
#187 = CARTESIAN_POINT('',(-48.5,10.,6.));
#188 = VECTOR('',#189,1.);
#189 = DIRECTION('',(1.,0.,0.));
#190 = ORIENTED_EDGE('',*,*,#191,.F.);
#191 = EDGE_CURVE('',#168,#184,#192,.T.);
#192 = LINE('',#193,#194);
#193 = CARTESIAN_POINT('',(-42.5,-10.,6.));
#194 = VECTOR('',#195,1.);
#195 = DIRECTION('',(0.,1.,0.));
#196 = FACE_BOUND('',#197,.T.);
#197 = EDGE_LOOP('',(#198,#208,#216,#224));
#198 = ORIENTED_EDGE('',*,*,#199,.F.);
#199 = EDGE_CURVE('',#200,#202,#204,.T.);
#200 = VERTEX_POINT('',#201);
#201 = CARTESIAN_POINT('',(-37.5,-17.,6.));
#202 = VERTEX_POINT('',#203);
#203 = CARTESIAN_POINT('',(37.5,-17.,6.));
#204 = LINE('',#205,#206);
#205 = CARTESIAN_POINT('',(-37.5,-17.,6.));
#206 = VECTOR('',#207,1.);
#207 = DIRECTION('',(1.,0.,0.));
#208 = ORIENTED_EDGE('',*,*,#209,.T.);
#209 = EDGE_CURVE('',#200,#210,#212,.T.);
#210 = VERTEX_POINT('',#211);
#211 = CARTESIAN_POINT('',(-37.5,17.,6.));
#212 = LINE('',#213,#214);
#213 = CARTESIAN_POINT('',(-37.5,-17.,6.));
#214 = VECTOR('',#215,1.);
#215 = DIRECTION('',(0.,1.,0.));
#216 = ORIENTED_EDGE('',*,*,#217,.T.);
#217 = EDGE_CURVE('',#210,#218,#220,.T.);
#218 = VERTEX_POINT('',#219);
#219 = CARTESIAN_POINT('',(37.5,17.,6.));
#220 = LINE('',#221,#222);
#221 = CARTESIAN_POINT('',(-37.5,17.,6.));
#222 = VECTOR('',#223,1.);
#223 = DIRECTION('',(1.,0.,0.));
#224 = ORIENTED_EDGE('',*,*,#225,.F.);
#225 = EDGE_CURVE('',#202,#218,#226,.T.);
#226 = LINE('',#227,#228);
#227 = CARTESIAN_POINT('',(37.5,-17.,6.));
#228 = VECTOR('',#229,1.);
#229 = DIRECTION('',(0.,1.,0.));
#230 = FACE_BOUND('',#231,.T.);
#231 = EDGE_LOOP('',(#232));
#232 = ORIENTED_EDGE('',*,*,#233,.F.);
#233 = EDGE_CURVE('',#234,#234,#236,.T.);
#234 = VERTEX_POINT('',#235);
#235 = CARTESIAN_POINT('',(101.7,-85.,6.));
#236 = CIRCLE('',#237,1.7);
#237 = AXIS2_PLACEMENT_3D('',#238,#239,#240);
#238 = CARTESIAN_POINT('',(100.,-85.,6.));
#239 = DIRECTION('',(0.,0.,1.));
#240 = DIRECTION('',(1.,0.,0.));
#241 = FACE_BOUND('',#242,.T.);
#242 = EDGE_LOOP('',(#243));
#243 = ORIENTED_EDGE('',*,*,#244,.F.);
#244 = EDGE_CURVE('',#245,#245,#247,.T.);
#245 = VERTEX_POINT('',#246);
#246 = CARTESIAN_POINT('',(131.1,-135.,6.));
#247 = CIRCLE('',#248,2.1);
#248 = AXIS2_PLACEMENT_3D('',#249,#250,#251);
#249 = CARTESIAN_POINT('',(129.,-135.,6.));
#250 = DIRECTION('',(0.,0.,1.));
#251 = DIRECTION('',(1.,0.,0.));
#252 = FACE_BOUND('',#253,.T.);
#253 = EDGE_LOOP('',(#254));
#254 = ORIENTED_EDGE('',*,*,#255,.F.);
#255 = EDGE_CURVE('',#256,#256,#258,.T.);
#256 = VERTEX_POINT('',#257);
#257 = CARTESIAN_POINT('',(223.1,-135.,6.));
#258 = CIRCLE('',#259,2.1);
#259 = AXIS2_PLACEMENT_3D('',#260,#261,#262);
#260 = CARTESIAN_POINT('',(221.,-135.,6.));
#261 = DIRECTION('',(0.,0.,1.));
#262 = DIRECTION('',(1.,0.,0.));
#263 = FACE_BOUND('',#264,.T.);
#264 = EDGE_LOOP('',(#265));
#265 = ORIENTED_EDGE('',*,*,#266,.F.);
#266 = EDGE_CURVE('',#267,#267,#269,.T.);
#267 = VERTEX_POINT('',#268);
#268 = CARTESIAN_POINT('',(131.1,-75.,6.));
#269 = CIRCLE('',#270,2.1);
#270 = AXIS2_PLACEMENT_3D('',#271,#272,#273);
#271 = CARTESIAN_POINT('',(129.,-75.,6.));
#272 = DIRECTION('',(0.,0.,1.));
#273 = DIRECTION('',(1.,0.,0.));
#274 = FACE_BOUND('',#275,.T.);
#275 = EDGE_LOOP('',(#276));
#276 = ORIENTED_EDGE('',*,*,#277,.F.);
#277 = EDGE_CURVE('',#278,#278,#280,.T.);
#278 = VERTEX_POINT('',#279);
#279 = CARTESIAN_POINT('',(223.1,-75.,6.));
#280 = CIRCLE('',#281,2.1);
#281 = AXIS2_PLACEMENT_3D('',#282,#283,#284);
#282 = CARTESIAN_POINT('',(221.,-75.,6.));
#283 = DIRECTION('',(0.,0.,1.));
#284 = DIRECTION('',(1.,0.,0.));
#285 = FACE_BOUND('',#286,.T.);
#286 = EDGE_LOOP('',(#287,#297,#305,#313));
#287 = ORIENTED_EDGE('',*,*,#288,.F.);
#288 = EDGE_CURVE('',#289,#291,#293,.T.);
#289 = VERTEX_POINT('',#290);
#290 = CARTESIAN_POINT('',(42.5,-10.,6.));
#291 = VERTEX_POINT('',#292);
#292 = CARTESIAN_POINT('',(48.5,-10.,6.));
#293 = LINE('',#294,#295);
#294 = CARTESIAN_POINT('',(42.5,-10.,6.));
#295 = VECTOR('',#296,1.);
#296 = DIRECTION('',(1.,0.,0.));
#297 = ORIENTED_EDGE('',*,*,#298,.T.);
#298 = EDGE_CURVE('',#289,#299,#301,.T.);
#299 = VERTEX_POINT('',#300);
#300 = CARTESIAN_POINT('',(42.5,10.,6.));
#301 = LINE('',#302,#303);
#302 = CARTESIAN_POINT('',(42.5,-10.,6.));
#303 = VECTOR('',#304,1.);
#304 = DIRECTION('',(0.,1.,0.));
#305 = ORIENTED_EDGE('',*,*,#306,.T.);
#306 = EDGE_CURVE('',#299,#307,#309,.T.);
#307 = VERTEX_POINT('',#308);
#308 = CARTESIAN_POINT('',(48.5,10.,6.));
#309 = LINE('',#310,#311);
#310 = CARTESIAN_POINT('',(42.5,10.,6.));
#311 = VECTOR('',#312,1.);
#312 = DIRECTION('',(1.,0.,0.));
#313 = ORIENTED_EDGE('',*,*,#314,.F.);
#314 = EDGE_CURVE('',#291,#307,#315,.T.);
#315 = LINE('',#316,#317);
#316 = CARTESIAN_POINT('',(48.5,-10.,6.));
#317 = VECTOR('',#318,1.);
#318 = DIRECTION('',(0.,1.,0.));
#319 = FACE_BOUND('',#320,.T.);
#320 = EDGE_LOOP('',(#321));
#321 = ORIENTED_EDGE('',*,*,#322,.F.);
#322 = EDGE_CURVE('',#323,#323,#325,.T.);
#323 = VERTEX_POINT('',#324);
#324 = CARTESIAN_POINT('',(166.7,-20.,6.));
#325 = CIRCLE('',#326,1.7);
#326 = AXIS2_PLACEMENT_3D('',#327,#328,#329);
#327 = CARTESIAN_POINT('',(165.,-20.,6.));
#328 = DIRECTION('',(0.,0.,1.));
#329 = DIRECTION('',(1.,0.,0.));
#330 = FACE_BOUND('',#331,.T.);
#331 = EDGE_LOOP('',(#332));
#332 = ORIENTED_EDGE('',*,*,#333,.F.);
#333 = EDGE_CURVE('',#334,#334,#336,.T.);
#334 = VERTEX_POINT('',#335);
#335 = CARTESIAN_POINT('',(236.7,-20.,6.));
#336 = CIRCLE('',#337,1.7);
#337 = AXIS2_PLACEMENT_3D('',#338,#339,#340);
#338 = CARTESIAN_POINT('',(235.,-20.,6.));
#339 = DIRECTION('',(0.,0.,1.));
#340 = DIRECTION('',(1.,0.,0.));
#341 = FACE_BOUND('',#342,.T.);
#342 = EDGE_LOOP('',(#343));
#343 = ORIENTED_EDGE('',*,*,#344,.F.);
#344 = EDGE_CURVE('',#345,#345,#347,.T.);
#345 = VERTEX_POINT('',#346);
#346 = CARTESIAN_POINT('',(-218.9,75.,6.));
#347 = CIRCLE('',#348,2.1);
#348 = AXIS2_PLACEMENT_3D('',#349,#350,#351);
#349 = CARTESIAN_POINT('',(-221.,75.,6.));
#350 = DIRECTION('',(0.,0.,1.));
#351 = DIRECTION('',(1.,0.,0.));
#352 = FACE_BOUND('',#353,.T.);
#353 = EDGE_LOOP('',(#354));
#354 = ORIENTED_EDGE('',*,*,#355,.F.);
#355 = EDGE_CURVE('',#356,#356,#358,.T.);
#356 = VERTEX_POINT('',#357);
#357 = CARTESIAN_POINT('',(-126.9,75.,6.));
#358 = CIRCLE('',#359,2.1);
#359 = AXIS2_PLACEMENT_3D('',#360,#361,#362);
#360 = CARTESIAN_POINT('',(-129.,75.,6.));
#361 = DIRECTION('',(0.,0.,1.));
#362 = DIRECTION('',(1.,0.,0.));
#363 = FACE_BOUND('',#364,.T.);
#364 = EDGE_LOOP('',(#365));
#365 = ORIENTED_EDGE('',*,*,#366,.F.);
#366 = EDGE_CURVE('',#367,#367,#369,.T.);
#367 = VERTEX_POINT('',#368);
#368 = CARTESIAN_POINT('',(-218.9,135.,6.));
#369 = CIRCLE('',#370,2.1);
#370 = AXIS2_PLACEMENT_3D('',#371,#372,#373);
#371 = CARTESIAN_POINT('',(-221.,135.,6.));
#372 = DIRECTION('',(0.,0.,1.));
#373 = DIRECTION('',(1.,0.,0.));
#374 = FACE_BOUND('',#375,.T.);
#375 = EDGE_LOOP('',(#376));
#376 = ORIENTED_EDGE('',*,*,#377,.F.);
#377 = EDGE_CURVE('',#378,#378,#380,.T.);
#378 = VERTEX_POINT('',#379);
#379 = CARTESIAN_POINT('',(-126.9,135.,6.));
#380 = CIRCLE('',#381,2.1);
#381 = AXIS2_PLACEMENT_3D('',#382,#383,#384);
#382 = CARTESIAN_POINT('',(-129.,135.,6.));
#383 = DIRECTION('',(0.,0.,1.));
#384 = DIRECTION('',(1.,0.,0.));
#385 = FACE_BOUND('',#386,.T.);
#386 = EDGE_LOOP('',(#387));
#387 = ORIENTED_EDGE('',*,*,#388,.F.);
#388 = EDGE_CURVE('',#389,#389,#391,.T.);
#389 = VERTEX_POINT('',#390);
#390 = CARTESIAN_POINT('',(-98.3,85.,6.));
#391 = CIRCLE('',#392,1.7);
#392 = AXIS2_PLACEMENT_3D('',#393,#394,#395);
#393 = CARTESIAN_POINT('',(-100.,85.,6.));
#394 = DIRECTION('',(0.,0.,1.));
#395 = DIRECTION('',(1.,0.,0.));
#396 = FACE_BOUND('',#397,.T.);
#397 = EDGE_LOOP('',(#398));
#398 = ORIENTED_EDGE('',*,*,#399,.F.);
#399 = EDGE_CURVE('',#400,#400,#402,.T.);
#400 = VERTEX_POINT('',#401);
#401 = CARTESIAN_POINT('',(166.7,20.,6.));
#402 = CIRCLE('',#403,1.7);
#403 = AXIS2_PLACEMENT_3D('',#404,#405,#406);
#404 = CARTESIAN_POINT('',(165.,20.,6.));
#405 = DIRECTION('',(0.,0.,1.));
#406 = DIRECTION('',(1.,0.,0.));
#407 = FACE_BOUND('',#408,.T.);
#408 = EDGE_LOOP('',(#409));
#409 = ORIENTED_EDGE('',*,*,#410,.F.);
#410 = EDGE_CURVE('',#411,#411,#413,.T.);
#411 = VERTEX_POINT('',#412);
#412 = CARTESIAN_POINT('',(236.7,20.,6.));
#413 = CIRCLE('',#414,1.7);
#414 = AXIS2_PLACEMENT_3D('',#415,#416,#417);
#415 = CARTESIAN_POINT('',(235.,20.,6.));
#416 = DIRECTION('',(0.,0.,1.));
#417 = DIRECTION('',(1.,0.,0.));
#418 = FACE_BOUND('',#419,.T.);
#419 = EDGE_LOOP('',(#420));
#420 = ORIENTED_EDGE('',*,*,#421,.F.);
#421 = EDGE_CURVE('',#422,#422,#424,.T.);
#422 = VERTEX_POINT('',#423);
#423 = CARTESIAN_POINT('',(101.7,85.,6.));
#424 = CIRCLE('',#425,1.7);
#425 = AXIS2_PLACEMENT_3D('',#426,#427,#428);
#426 = CARTESIAN_POINT('',(100.,85.,6.));
#427 = DIRECTION('',(0.,0.,1.));
#428 = DIRECTION('',(1.,0.,0.));
#429 = FACE_BOUND('',#430,.T.);
#430 = EDGE_LOOP('',(#431));
#431 = ORIENTED_EDGE('',*,*,#432,.F.);
#432 = EDGE_CURVE('',#433,#433,#435,.T.);
#433 = VERTEX_POINT('',#434);
#434 = CARTESIAN_POINT('',(131.1,75.,6.));
#435 = CIRCLE('',#436,2.1);
#436 = AXIS2_PLACEMENT_3D('',#437,#438,#439);
#437 = CARTESIAN_POINT('',(129.,75.,6.));
#438 = DIRECTION('',(0.,0.,1.));
#439 = DIRECTION('',(1.,0.,0.));
#440 = FACE_BOUND('',#441,.T.);
#441 = EDGE_LOOP('',(#442));
#442 = ORIENTED_EDGE('',*,*,#443,.F.);
#443 = EDGE_CURVE('',#444,#444,#446,.T.);
#444 = VERTEX_POINT('',#445);
#445 = CARTESIAN_POINT('',(223.1,75.,6.));
#446 = CIRCLE('',#447,2.1);
#447 = AXIS2_PLACEMENT_3D('',#448,#449,#450);
#448 = CARTESIAN_POINT('',(221.,75.,6.));
#449 = DIRECTION('',(0.,0.,1.));
#450 = DIRECTION('',(1.,0.,0.));
#451 = FACE_BOUND('',#452,.T.);
#452 = EDGE_LOOP('',(#453));
#453 = ORIENTED_EDGE('',*,*,#454,.F.);
#454 = EDGE_CURVE('',#455,#455,#457,.T.);
#455 = VERTEX_POINT('',#456);
#456 = CARTESIAN_POINT('',(131.1,135.,6.));
#457 = CIRCLE('',#458,2.1);
#458 = AXIS2_PLACEMENT_3D('',#459,#460,#461);
#459 = CARTESIAN_POINT('',(129.,135.,6.));
#460 = DIRECTION('',(0.,0.,1.));
#461 = DIRECTION('',(1.,0.,0.));
#462 = FACE_BOUND('',#463,.T.);
#463 = EDGE_LOOP('',(#464));
#464 = ORIENTED_EDGE('',*,*,#465,.F.);
#465 = EDGE_CURVE('',#466,#466,#468,.T.);
#466 = VERTEX_POINT('',#467);
#467 = CARTESIAN_POINT('',(223.1,135.,6.));
#468 = CIRCLE('',#469,2.1);
#469 = AXIS2_PLACEMENT_3D('',#470,#471,#472);
#470 = CARTESIAN_POINT('',(221.,135.,6.));
#471 = DIRECTION('',(0.,0.,1.));
#472 = DIRECTION('',(1.,0.,0.));
#473 = PLANE('',#474);
#474 = AXIS2_PLACEMENT_3D('',#475,#476,#477);
#475 = CARTESIAN_POINT('',(-250.,-145.,6.));
#476 = DIRECTION('',(0.,0.,1.));
#477 = DIRECTION('',(1.,0.,0.));
#478 = ADVANCED_FACE('',(#479),#497,.T.);
#479 = FACE_BOUND('',#480,.T.);
#480 = EDGE_LOOP('',(#481,#489,#490,#491));
#481 = ORIENTED_EDGE('',*,*,#482,.F.);
#482 = EDGE_CURVE('',#32,#483,#485,.T.);
#483 = VERTEX_POINT('',#484);
#484 = CARTESIAN_POINT('',(250.,145.,0.));
#485 = LINE('',#486,#487);
#486 = CARTESIAN_POINT('',(-250.,145.,0.));
#487 = VECTOR('',#488,1.);
#488 = DIRECTION('',(1.,0.,0.));
#489 = ORIENTED_EDGE('',*,*,#39,.T.);
#490 = ORIENTED_EDGE('',*,*,#102,.T.);
#491 = ORIENTED_EDGE('',*,*,#492,.F.);
#492 = EDGE_CURVE('',#483,#95,#493,.T.);
#493 = LINE('',#494,#495);
#494 = CARTESIAN_POINT('',(250.,145.,0.));
#495 = VECTOR('',#496,1.);
#496 = DIRECTION('',(0.,0.,1.));
#497 = PLANE('',#498);
#498 = AXIS2_PLACEMENT_3D('',#499,#500,#501);
#499 = CARTESIAN_POINT('',(-250.,145.,0.));
#500 = DIRECTION('',(0.,1.,0.));
#501 = DIRECTION('',(0.,0.,1.));
#502 = ADVANCED_FACE('',(#503,#514,#525,#536,#547,#558,#569,#603,#614,
    #625,#636,#647,#658,#692,#703,#714,#725,#736,#747,#758,#769,#780,
    #791,#802,#813,#824,#835),#846,.F.);
#503 = FACE_BOUND('',#504,.F.);
#504 = EDGE_LOOP('',(#505,#506,#507,#513));
#505 = ORIENTED_EDGE('',*,*,#31,.F.);
#506 = ORIENTED_EDGE('',*,*,#61,.T.);
#507 = ORIENTED_EDGE('',*,*,#508,.T.);
#508 = EDGE_CURVE('',#62,#483,#509,.T.);
#509 = LINE('',#510,#511);
#510 = CARTESIAN_POINT('',(250.,-145.,0.));
#511 = VECTOR('',#512,1.);
#512 = DIRECTION('',(0.,1.,0.));
#513 = ORIENTED_EDGE('',*,*,#482,.F.);
#514 = FACE_BOUND('',#515,.F.);
#515 = EDGE_LOOP('',(#516));
#516 = ORIENTED_EDGE('',*,*,#517,.F.);
#517 = EDGE_CURVE('',#518,#518,#520,.T.);
#518 = VERTEX_POINT('',#519);
#519 = CARTESIAN_POINT('',(-218.9,-135.,0.));
#520 = CIRCLE('',#521,2.1);
#521 = AXIS2_PLACEMENT_3D('',#522,#523,#524);
#522 = CARTESIAN_POINT('',(-221.,-135.,0.));
#523 = DIRECTION('',(0.,0.,1.));
#524 = DIRECTION('',(1.,0.,0.));
#525 = FACE_BOUND('',#526,.F.);
#526 = EDGE_LOOP('',(#527));
#527 = ORIENTED_EDGE('',*,*,#528,.F.);
#528 = EDGE_CURVE('',#529,#529,#531,.T.);
#529 = VERTEX_POINT('',#530);
#530 = CARTESIAN_POINT('',(-126.9,-135.,0.));
#531 = CIRCLE('',#532,2.1);
#532 = AXIS2_PLACEMENT_3D('',#533,#534,#535);
#533 = CARTESIAN_POINT('',(-129.,-135.,0.));
#534 = DIRECTION('',(0.,0.,1.));
#535 = DIRECTION('',(1.,0.,0.));
#536 = FACE_BOUND('',#537,.F.);
#537 = EDGE_LOOP('',(#538));
#538 = ORIENTED_EDGE('',*,*,#539,.F.);
#539 = EDGE_CURVE('',#540,#540,#542,.T.);
#540 = VERTEX_POINT('',#541);
#541 = CARTESIAN_POINT('',(-218.9,-75.,0.));
#542 = CIRCLE('',#543,2.1);
#543 = AXIS2_PLACEMENT_3D('',#544,#545,#546);
#544 = CARTESIAN_POINT('',(-221.,-75.,0.));
#545 = DIRECTION('',(0.,0.,1.));
#546 = DIRECTION('',(1.,0.,0.));
#547 = FACE_BOUND('',#548,.F.);
#548 = EDGE_LOOP('',(#549));
#549 = ORIENTED_EDGE('',*,*,#550,.F.);
#550 = EDGE_CURVE('',#551,#551,#553,.T.);
#551 = VERTEX_POINT('',#552);
#552 = CARTESIAN_POINT('',(-126.9,-75.,0.));
#553 = CIRCLE('',#554,2.1);
#554 = AXIS2_PLACEMENT_3D('',#555,#556,#557);
#555 = CARTESIAN_POINT('',(-129.,-75.,0.));
#556 = DIRECTION('',(0.,0.,1.));
#557 = DIRECTION('',(1.,0.,0.));
#558 = FACE_BOUND('',#559,.F.);
#559 = EDGE_LOOP('',(#560));
#560 = ORIENTED_EDGE('',*,*,#561,.F.);
#561 = EDGE_CURVE('',#562,#562,#564,.T.);
#562 = VERTEX_POINT('',#563);
#563 = CARTESIAN_POINT('',(-98.3,-85.,0.));
#564 = CIRCLE('',#565,1.7);
#565 = AXIS2_PLACEMENT_3D('',#566,#567,#568);
#566 = CARTESIAN_POINT('',(-100.,-85.,0.));
#567 = DIRECTION('',(0.,0.,1.));
#568 = DIRECTION('',(1.,0.,0.));
#569 = FACE_BOUND('',#570,.F.);
#570 = EDGE_LOOP('',(#571,#581,#589,#597));
#571 = ORIENTED_EDGE('',*,*,#572,.F.);
#572 = EDGE_CURVE('',#573,#575,#577,.T.);
#573 = VERTEX_POINT('',#574);
#574 = CARTESIAN_POINT('',(-48.5,-10.,0.));
#575 = VERTEX_POINT('',#576);
#576 = CARTESIAN_POINT('',(-42.5,-10.,0.));
#577 = LINE('',#578,#579);
#578 = CARTESIAN_POINT('',(-48.5,-10.,0.));
#579 = VECTOR('',#580,1.);
#580 = DIRECTION('',(1.,0.,0.));
#581 = ORIENTED_EDGE('',*,*,#582,.T.);
#582 = EDGE_CURVE('',#573,#583,#585,.T.);
#583 = VERTEX_POINT('',#584);
#584 = CARTESIAN_POINT('',(-48.5,10.,0.));
#585 = LINE('',#586,#587);
#586 = CARTESIAN_POINT('',(-48.5,-10.,0.));
#587 = VECTOR('',#588,1.);
#588 = DIRECTION('',(0.,1.,0.));
#589 = ORIENTED_EDGE('',*,*,#590,.T.);
#590 = EDGE_CURVE('',#583,#591,#593,.T.);
#591 = VERTEX_POINT('',#592);
#592 = CARTESIAN_POINT('',(-42.5,10.,0.));
#593 = LINE('',#594,#595);
#594 = CARTESIAN_POINT('',(-48.5,10.,0.));
#595 = VECTOR('',#596,1.);
#596 = DIRECTION('',(1.,0.,0.));
#597 = ORIENTED_EDGE('',*,*,#598,.F.);
#598 = EDGE_CURVE('',#575,#591,#599,.T.);
#599 = LINE('',#600,#601);
#600 = CARTESIAN_POINT('',(-42.5,-10.,0.));
#601 = VECTOR('',#602,1.);
#602 = DIRECTION('',(0.,1.,0.));
#603 = FACE_BOUND('',#604,.F.);
#604 = EDGE_LOOP('',(#605));
#605 = ORIENTED_EDGE('',*,*,#606,.F.);
#606 = EDGE_CURVE('',#607,#607,#609,.T.);
#607 = VERTEX_POINT('',#608);
#608 = CARTESIAN_POINT('',(101.7,-85.,0.));
#609 = CIRCLE('',#610,1.7);
#610 = AXIS2_PLACEMENT_3D('',#611,#612,#613);
#611 = CARTESIAN_POINT('',(100.,-85.,0.));
#612 = DIRECTION('',(0.,0.,1.));
#613 = DIRECTION('',(1.,0.,0.));
#614 = FACE_BOUND('',#615,.F.);
#615 = EDGE_LOOP('',(#616));
#616 = ORIENTED_EDGE('',*,*,#617,.F.);
#617 = EDGE_CURVE('',#618,#618,#620,.T.);
#618 = VERTEX_POINT('',#619);
#619 = CARTESIAN_POINT('',(131.1,-135.,0.));
#620 = CIRCLE('',#621,2.1);
#621 = AXIS2_PLACEMENT_3D('',#622,#623,#624);
#622 = CARTESIAN_POINT('',(129.,-135.,0.));
#623 = DIRECTION('',(0.,0.,1.));
#624 = DIRECTION('',(1.,0.,0.));
#625 = FACE_BOUND('',#626,.F.);
#626 = EDGE_LOOP('',(#627));
#627 = ORIENTED_EDGE('',*,*,#628,.F.);
#628 = EDGE_CURVE('',#629,#629,#631,.T.);
#629 = VERTEX_POINT('',#630);
#630 = CARTESIAN_POINT('',(223.1,-135.,0.));
#631 = CIRCLE('',#632,2.1);
#632 = AXIS2_PLACEMENT_3D('',#633,#634,#635);
#633 = CARTESIAN_POINT('',(221.,-135.,0.));
#634 = DIRECTION('',(0.,0.,1.));
#635 = DIRECTION('',(1.,0.,0.));
#636 = FACE_BOUND('',#637,.F.);
#637 = EDGE_LOOP('',(#638));
#638 = ORIENTED_EDGE('',*,*,#639,.F.);
#639 = EDGE_CURVE('',#640,#640,#642,.T.);
#640 = VERTEX_POINT('',#641);
#641 = CARTESIAN_POINT('',(131.1,-75.,0.));
#642 = CIRCLE('',#643,2.1);
#643 = AXIS2_PLACEMENT_3D('',#644,#645,#646);
#644 = CARTESIAN_POINT('',(129.,-75.,0.));
#645 = DIRECTION('',(0.,0.,1.));
#646 = DIRECTION('',(1.,0.,0.));
#647 = FACE_BOUND('',#648,.F.);
#648 = EDGE_LOOP('',(#649));
#649 = ORIENTED_EDGE('',*,*,#650,.F.);
#650 = EDGE_CURVE('',#651,#651,#653,.T.);
#651 = VERTEX_POINT('',#652);
#652 = CARTESIAN_POINT('',(223.1,-75.,0.));
#653 = CIRCLE('',#654,2.1);
#654 = AXIS2_PLACEMENT_3D('',#655,#656,#657);
#655 = CARTESIAN_POINT('',(221.,-75.,0.));
#656 = DIRECTION('',(0.,0.,1.));
#657 = DIRECTION('',(1.,0.,0.));
#658 = FACE_BOUND('',#659,.F.);
#659 = EDGE_LOOP('',(#660,#670,#678,#686));
#660 = ORIENTED_EDGE('',*,*,#661,.F.);
#661 = EDGE_CURVE('',#662,#664,#666,.T.);
#662 = VERTEX_POINT('',#663);
#663 = CARTESIAN_POINT('',(42.5,-10.,0.));
#664 = VERTEX_POINT('',#665);
#665 = CARTESIAN_POINT('',(48.5,-10.,0.));
#666 = LINE('',#667,#668);
#667 = CARTESIAN_POINT('',(42.5,-10.,0.));
#668 = VECTOR('',#669,1.);
#669 = DIRECTION('',(1.,0.,0.));
#670 = ORIENTED_EDGE('',*,*,#671,.T.);
#671 = EDGE_CURVE('',#662,#672,#674,.T.);
#672 = VERTEX_POINT('',#673);
#673 = CARTESIAN_POINT('',(42.5,10.,0.));
#674 = LINE('',#675,#676);
#675 = CARTESIAN_POINT('',(42.5,-10.,0.));
#676 = VECTOR('',#677,1.);
#677 = DIRECTION('',(0.,1.,0.));
#678 = ORIENTED_EDGE('',*,*,#679,.T.);
#679 = EDGE_CURVE('',#672,#680,#682,.T.);
#680 = VERTEX_POINT('',#681);
#681 = CARTESIAN_POINT('',(48.5,10.,0.));
#682 = LINE('',#683,#684);
#683 = CARTESIAN_POINT('',(42.5,10.,0.));
#684 = VECTOR('',#685,1.);
#685 = DIRECTION('',(1.,0.,0.));
#686 = ORIENTED_EDGE('',*,*,#687,.F.);
#687 = EDGE_CURVE('',#664,#680,#688,.T.);
#688 = LINE('',#689,#690);
#689 = CARTESIAN_POINT('',(48.5,-10.,0.));
#690 = VECTOR('',#691,1.);
#691 = DIRECTION('',(0.,1.,0.));
#692 = FACE_BOUND('',#693,.F.);
#693 = EDGE_LOOP('',(#694));
#694 = ORIENTED_EDGE('',*,*,#695,.F.);
#695 = EDGE_CURVE('',#696,#696,#698,.T.);
#696 = VERTEX_POINT('',#697);
#697 = CARTESIAN_POINT('',(166.7,-20.,0.));
#698 = CIRCLE('',#699,1.7);
#699 = AXIS2_PLACEMENT_3D('',#700,#701,#702);
#700 = CARTESIAN_POINT('',(165.,-20.,0.));
#701 = DIRECTION('',(0.,0.,1.));
#702 = DIRECTION('',(1.,0.,0.));
#703 = FACE_BOUND('',#704,.F.);
#704 = EDGE_LOOP('',(#705));
#705 = ORIENTED_EDGE('',*,*,#706,.F.);
#706 = EDGE_CURVE('',#707,#707,#709,.T.);
#707 = VERTEX_POINT('',#708);
#708 = CARTESIAN_POINT('',(236.7,-20.,0.));
#709 = CIRCLE('',#710,1.7);
#710 = AXIS2_PLACEMENT_3D('',#711,#712,#713);
#711 = CARTESIAN_POINT('',(235.,-20.,0.));
#712 = DIRECTION('',(0.,0.,1.));
#713 = DIRECTION('',(1.,0.,0.));
#714 = FACE_BOUND('',#715,.F.);
#715 = EDGE_LOOP('',(#716));
#716 = ORIENTED_EDGE('',*,*,#717,.F.);
#717 = EDGE_CURVE('',#718,#718,#720,.T.);
#718 = VERTEX_POINT('',#719);
#719 = CARTESIAN_POINT('',(-218.9,75.,0.));
#720 = CIRCLE('',#721,2.1);
#721 = AXIS2_PLACEMENT_3D('',#722,#723,#724);
#722 = CARTESIAN_POINT('',(-221.,75.,0.));
#723 = DIRECTION('',(0.,0.,1.));
#724 = DIRECTION('',(1.,0.,0.));
#725 = FACE_BOUND('',#726,.F.);
#726 = EDGE_LOOP('',(#727));
#727 = ORIENTED_EDGE('',*,*,#728,.F.);
#728 = EDGE_CURVE('',#729,#729,#731,.T.);
#729 = VERTEX_POINT('',#730);
#730 = CARTESIAN_POINT('',(-126.9,75.,0.));
#731 = CIRCLE('',#732,2.1);
#732 = AXIS2_PLACEMENT_3D('',#733,#734,#735);
#733 = CARTESIAN_POINT('',(-129.,75.,0.));
#734 = DIRECTION('',(0.,0.,1.));
#735 = DIRECTION('',(1.,0.,0.));
#736 = FACE_BOUND('',#737,.F.);
#737 = EDGE_LOOP('',(#738));
#738 = ORIENTED_EDGE('',*,*,#739,.F.);
#739 = EDGE_CURVE('',#740,#740,#742,.T.);
#740 = VERTEX_POINT('',#741);
#741 = CARTESIAN_POINT('',(-218.9,135.,0.));
#742 = CIRCLE('',#743,2.1);
#743 = AXIS2_PLACEMENT_3D('',#744,#745,#746);
#744 = CARTESIAN_POINT('',(-221.,135.,0.));
#745 = DIRECTION('',(0.,0.,1.));
#746 = DIRECTION('',(1.,0.,0.));
#747 = FACE_BOUND('',#748,.F.);
#748 = EDGE_LOOP('',(#749));
#749 = ORIENTED_EDGE('',*,*,#750,.F.);
#750 = EDGE_CURVE('',#751,#751,#753,.T.);
#751 = VERTEX_POINT('',#752);
#752 = CARTESIAN_POINT('',(-126.9,135.,0.));
#753 = CIRCLE('',#754,2.1);
#754 = AXIS2_PLACEMENT_3D('',#755,#756,#757);
#755 = CARTESIAN_POINT('',(-129.,135.,0.));
#756 = DIRECTION('',(0.,0.,1.));
#757 = DIRECTION('',(1.,0.,0.));
#758 = FACE_BOUND('',#759,.F.);
#759 = EDGE_LOOP('',(#760));
#760 = ORIENTED_EDGE('',*,*,#761,.F.);
#761 = EDGE_CURVE('',#762,#762,#764,.T.);
#762 = VERTEX_POINT('',#763);
#763 = CARTESIAN_POINT('',(-98.3,85.,0.));
#764 = CIRCLE('',#765,1.7);
#765 = AXIS2_PLACEMENT_3D('',#766,#767,#768);
#766 = CARTESIAN_POINT('',(-100.,85.,0.));
#767 = DIRECTION('',(0.,0.,1.));
#768 = DIRECTION('',(1.,0.,0.));
#769 = FACE_BOUND('',#770,.F.);
#770 = EDGE_LOOP('',(#771));
#771 = ORIENTED_EDGE('',*,*,#772,.F.);
#772 = EDGE_CURVE('',#773,#773,#775,.T.);
#773 = VERTEX_POINT('',#774);
#774 = CARTESIAN_POINT('',(166.7,20.,0.));
#775 = CIRCLE('',#776,1.7);
#776 = AXIS2_PLACEMENT_3D('',#777,#778,#779);
#777 = CARTESIAN_POINT('',(165.,20.,0.));
#778 = DIRECTION('',(0.,0.,1.));
#779 = DIRECTION('',(1.,0.,0.));
#780 = FACE_BOUND('',#781,.F.);
#781 = EDGE_LOOP('',(#782));
#782 = ORIENTED_EDGE('',*,*,#783,.F.);
#783 = EDGE_CURVE('',#784,#784,#786,.T.);
#784 = VERTEX_POINT('',#785);
#785 = CARTESIAN_POINT('',(236.7,20.,0.));
#786 = CIRCLE('',#787,1.7);
#787 = AXIS2_PLACEMENT_3D('',#788,#789,#790);
#788 = CARTESIAN_POINT('',(235.,20.,0.));
#789 = DIRECTION('',(0.,0.,1.));
#790 = DIRECTION('',(1.,0.,0.));
#791 = FACE_BOUND('',#792,.F.);
#792 = EDGE_LOOP('',(#793));
#793 = ORIENTED_EDGE('',*,*,#794,.F.);
#794 = EDGE_CURVE('',#795,#795,#797,.T.);
#795 = VERTEX_POINT('',#796);
#796 = CARTESIAN_POINT('',(101.7,85.,0.));
#797 = CIRCLE('',#798,1.7);
#798 = AXIS2_PLACEMENT_3D('',#799,#800,#801);
#799 = CARTESIAN_POINT('',(100.,85.,0.));
#800 = DIRECTION('',(0.,0.,1.));
#801 = DIRECTION('',(1.,0.,0.));
#802 = FACE_BOUND('',#803,.F.);
#803 = EDGE_LOOP('',(#804));
#804 = ORIENTED_EDGE('',*,*,#805,.F.);
#805 = EDGE_CURVE('',#806,#806,#808,.T.);
#806 = VERTEX_POINT('',#807);
#807 = CARTESIAN_POINT('',(131.1,75.,0.));
#808 = CIRCLE('',#809,2.1);
#809 = AXIS2_PLACEMENT_3D('',#810,#811,#812);
#810 = CARTESIAN_POINT('',(129.,75.,0.));
#811 = DIRECTION('',(0.,0.,1.));
#812 = DIRECTION('',(1.,0.,0.));
#813 = FACE_BOUND('',#814,.F.);
#814 = EDGE_LOOP('',(#815));
#815 = ORIENTED_EDGE('',*,*,#816,.F.);
#816 = EDGE_CURVE('',#817,#817,#819,.T.);
#817 = VERTEX_POINT('',#818);
#818 = CARTESIAN_POINT('',(223.1,75.,0.));
#819 = CIRCLE('',#820,2.1);
#820 = AXIS2_PLACEMENT_3D('',#821,#822,#823);
#821 = CARTESIAN_POINT('',(221.,75.,0.));
#822 = DIRECTION('',(0.,0.,1.));
#823 = DIRECTION('',(1.,0.,0.));
#824 = FACE_BOUND('',#825,.F.);
#825 = EDGE_LOOP('',(#826));
#826 = ORIENTED_EDGE('',*,*,#827,.F.);
#827 = EDGE_CURVE('',#828,#828,#830,.T.);
#828 = VERTEX_POINT('',#829);
#829 = CARTESIAN_POINT('',(131.1,135.,0.));
#830 = CIRCLE('',#831,2.1);
#831 = AXIS2_PLACEMENT_3D('',#832,#833,#834);
#832 = CARTESIAN_POINT('',(129.,135.,0.));
#833 = DIRECTION('',(0.,0.,1.));
#834 = DIRECTION('',(1.,0.,0.));
#835 = FACE_BOUND('',#836,.F.);
#836 = EDGE_LOOP('',(#837));
#837 = ORIENTED_EDGE('',*,*,#838,.F.);
#838 = EDGE_CURVE('',#839,#839,#841,.T.);
#839 = VERTEX_POINT('',#840);
#840 = CARTESIAN_POINT('',(223.1,135.,0.));
#841 = CIRCLE('',#842,2.1);
#842 = AXIS2_PLACEMENT_3D('',#843,#844,#845);
#843 = CARTESIAN_POINT('',(221.,135.,0.));
#844 = DIRECTION('',(0.,0.,1.));
#845 = DIRECTION('',(1.,0.,0.));
#846 = PLANE('',#847);
#847 = AXIS2_PLACEMENT_3D('',#848,#849,#850);
#848 = CARTESIAN_POINT('',(-250.,-145.,0.));
#849 = DIRECTION('',(0.,0.,1.));
#850 = DIRECTION('',(1.,0.,0.));
#851 = ADVANCED_FACE('',(#852),#858,.T.);
#852 = FACE_BOUND('',#853,.T.);
#853 = EDGE_LOOP('',(#854,#855,#856,#857));
#854 = ORIENTED_EDGE('',*,*,#78,.F.);
#855 = ORIENTED_EDGE('',*,*,#508,.T.);
#856 = ORIENTED_EDGE('',*,*,#492,.T.);
#857 = ORIENTED_EDGE('',*,*,#94,.F.);
#858 = PLANE('',#859);
#859 = AXIS2_PLACEMENT_3D('',#860,#861,#862);
#860 = CARTESIAN_POINT('',(250.,-145.,0.));
#861 = DIRECTION('',(1.,0.,0.));
#862 = DIRECTION('',(0.,0.,1.));
#863 = ADVANCED_FACE('',(#864),#875,.F.);
#864 = FACE_BOUND('',#865,.F.);
#865 = EDGE_LOOP('',(#866,#867,#873,#874));
#866 = ORIENTED_EDGE('',*,*,#110,.F.);
#867 = ORIENTED_EDGE('',*,*,#868,.F.);
#868 = EDGE_CURVE('',#518,#111,#869,.T.);
#869 = LINE('',#870,#871);
#870 = CARTESIAN_POINT('',(-218.9,-135.,0.));
#871 = VECTOR('',#872,1.);
#872 = DIRECTION('',(0.,0.,1.));
#873 = ORIENTED_EDGE('',*,*,#517,.T.);
#874 = ORIENTED_EDGE('',*,*,#868,.T.);
#875 = CYLINDRICAL_SURFACE('',#876,2.1);
#876 = AXIS2_PLACEMENT_3D('',#877,#878,#879);
#877 = CARTESIAN_POINT('',(-221.,-135.,0.));
#878 = DIRECTION('',(0.,0.,1.));
#879 = DIRECTION('',(1.,0.,0.));
#880 = ADVANCED_FACE('',(#881),#892,.F.);
#881 = FACE_BOUND('',#882,.F.);
#882 = EDGE_LOOP('',(#883,#884,#890,#891));
#883 = ORIENTED_EDGE('',*,*,#121,.F.);
#884 = ORIENTED_EDGE('',*,*,#885,.F.);
#885 = EDGE_CURVE('',#529,#122,#886,.T.);
#886 = LINE('',#887,#888);
#887 = CARTESIAN_POINT('',(-126.9,-135.,0.));
#888 = VECTOR('',#889,1.);
#889 = DIRECTION('',(0.,0.,1.));
#890 = ORIENTED_EDGE('',*,*,#528,.T.);
#891 = ORIENTED_EDGE('',*,*,#885,.T.);
#892 = CYLINDRICAL_SURFACE('',#893,2.1);
#893 = AXIS2_PLACEMENT_3D('',#894,#895,#896);
#894 = CARTESIAN_POINT('',(-129.,-135.,0.));
#895 = DIRECTION('',(0.,0.,1.));
#896 = DIRECTION('',(1.,0.,0.));
#897 = ADVANCED_FACE('',(#898),#909,.F.);
#898 = FACE_BOUND('',#899,.F.);
#899 = EDGE_LOOP('',(#900,#901,#907,#908));
#900 = ORIENTED_EDGE('',*,*,#132,.F.);
#901 = ORIENTED_EDGE('',*,*,#902,.F.);
#902 = EDGE_CURVE('',#540,#133,#903,.T.);
#903 = LINE('',#904,#905);
#904 = CARTESIAN_POINT('',(-218.9,-75.,0.));
#905 = VECTOR('',#906,1.);
#906 = DIRECTION('',(0.,0.,1.));
#907 = ORIENTED_EDGE('',*,*,#539,.T.);
#908 = ORIENTED_EDGE('',*,*,#902,.T.);
#909 = CYLINDRICAL_SURFACE('',#910,2.1);
#910 = AXIS2_PLACEMENT_3D('',#911,#912,#913);
#911 = CARTESIAN_POINT('',(-221.,-75.,0.));
#912 = DIRECTION('',(0.,0.,1.));
#913 = DIRECTION('',(1.,0.,0.));
#914 = ADVANCED_FACE('',(#915),#926,.F.);
#915 = FACE_BOUND('',#916,.F.);
#916 = EDGE_LOOP('',(#917,#918,#924,#925));
#917 = ORIENTED_EDGE('',*,*,#143,.F.);
#918 = ORIENTED_EDGE('',*,*,#919,.F.);
#919 = EDGE_CURVE('',#551,#144,#920,.T.);
#920 = LINE('',#921,#922);
#921 = CARTESIAN_POINT('',(-126.9,-75.,0.));
#922 = VECTOR('',#923,1.);
#923 = DIRECTION('',(0.,0.,1.));
#924 = ORIENTED_EDGE('',*,*,#550,.T.);
#925 = ORIENTED_EDGE('',*,*,#919,.T.);
#926 = CYLINDRICAL_SURFACE('',#927,2.1);
#927 = AXIS2_PLACEMENT_3D('',#928,#929,#930);
#928 = CARTESIAN_POINT('',(-129.,-75.,0.));
#929 = DIRECTION('',(0.,0.,1.));
#930 = DIRECTION('',(1.,0.,0.));
#931 = ADVANCED_FACE('',(#932),#943,.F.);
#932 = FACE_BOUND('',#933,.F.);
#933 = EDGE_LOOP('',(#934,#935,#941,#942));
#934 = ORIENTED_EDGE('',*,*,#154,.F.);
#935 = ORIENTED_EDGE('',*,*,#936,.F.);
#936 = EDGE_CURVE('',#562,#155,#937,.T.);
#937 = LINE('',#938,#939);
#938 = CARTESIAN_POINT('',(-98.3,-85.,0.));
#939 = VECTOR('',#940,1.);
#940 = DIRECTION('',(0.,0.,1.));
#941 = ORIENTED_EDGE('',*,*,#561,.T.);
#942 = ORIENTED_EDGE('',*,*,#936,.T.);
#943 = CYLINDRICAL_SURFACE('',#944,1.7);
#944 = AXIS2_PLACEMENT_3D('',#945,#946,#947);
#945 = CARTESIAN_POINT('',(-100.,-85.,0.));
#946 = DIRECTION('',(0.,0.,1.));
#947 = DIRECTION('',(1.,0.,0.));
#948 = ADVANCED_FACE('',(#949),#965,.T.);
#949 = FACE_BOUND('',#950,.T.);
#950 = EDGE_LOOP('',(#951,#952,#958,#959));
#951 = ORIENTED_EDGE('',*,*,#572,.F.);
#952 = ORIENTED_EDGE('',*,*,#953,.T.);
#953 = EDGE_CURVE('',#573,#166,#954,.T.);
#954 = LINE('',#955,#956);
#955 = CARTESIAN_POINT('',(-48.5,-10.,0.));
#956 = VECTOR('',#957,1.);
#957 = DIRECTION('',(0.,0.,1.));
#958 = ORIENTED_EDGE('',*,*,#165,.T.);
#959 = ORIENTED_EDGE('',*,*,#960,.F.);
#960 = EDGE_CURVE('',#575,#168,#961,.T.);
#961 = LINE('',#962,#963);
#962 = CARTESIAN_POINT('',(-42.5,-10.,0.));
#963 = VECTOR('',#964,1.);
#964 = DIRECTION('',(0.,0.,1.));
#965 = PLANE('',#966);
#966 = AXIS2_PLACEMENT_3D('',#967,#968,#969);
#967 = CARTESIAN_POINT('',(-48.5,-10.,0.));
#968 = DIRECTION('',(0.,1.,0.));
#969 = DIRECTION('',(0.,0.,1.));
#970 = ADVANCED_FACE('',(#971),#982,.T.);
#971 = FACE_BOUND('',#972,.T.);
#972 = EDGE_LOOP('',(#973,#974,#975,#981));
#973 = ORIENTED_EDGE('',*,*,#953,.F.);
#974 = ORIENTED_EDGE('',*,*,#582,.T.);
#975 = ORIENTED_EDGE('',*,*,#976,.T.);
#976 = EDGE_CURVE('',#583,#176,#977,.T.);
#977 = LINE('',#978,#979);
#978 = CARTESIAN_POINT('',(-48.5,10.,0.));
#979 = VECTOR('',#980,1.);
#980 = DIRECTION('',(0.,0.,1.));
#981 = ORIENTED_EDGE('',*,*,#175,.F.);
#982 = PLANE('',#983);
#983 = AXIS2_PLACEMENT_3D('',#984,#985,#986);
#984 = CARTESIAN_POINT('',(-48.5,-10.,0.));
#985 = DIRECTION('',(1.,0.,0.));
#986 = DIRECTION('',(0.,0.,1.));
#987 = ADVANCED_FACE('',(#988),#999,.F.);
#988 = FACE_BOUND('',#989,.F.);
#989 = EDGE_LOOP('',(#990,#991,#992,#998));
#990 = ORIENTED_EDGE('',*,*,#960,.F.);
#991 = ORIENTED_EDGE('',*,*,#598,.T.);
#992 = ORIENTED_EDGE('',*,*,#993,.T.);
#993 = EDGE_CURVE('',#591,#184,#994,.T.);
#994 = LINE('',#995,#996);
#995 = CARTESIAN_POINT('',(-42.5,10.,0.));
#996 = VECTOR('',#997,1.);
#997 = DIRECTION('',(0.,0.,1.));
#998 = ORIENTED_EDGE('',*,*,#191,.F.);
#999 = PLANE('',#1000);
#1000 = AXIS2_PLACEMENT_3D('',#1001,#1002,#1003);
#1001 = CARTESIAN_POINT('',(-42.5,-10.,0.));
#1002 = DIRECTION('',(1.,0.,0.));
#1003 = DIRECTION('',(0.,0.,1.));
#1004 = ADVANCED_FACE('',(#1005),#1011,.F.);
#1005 = FACE_BOUND('',#1006,.F.);
#1006 = EDGE_LOOP('',(#1007,#1008,#1009,#1010));
#1007 = ORIENTED_EDGE('',*,*,#590,.F.);
#1008 = ORIENTED_EDGE('',*,*,#976,.T.);
#1009 = ORIENTED_EDGE('',*,*,#183,.T.);
#1010 = ORIENTED_EDGE('',*,*,#993,.F.);
#1011 = PLANE('',#1012);
#1012 = AXIS2_PLACEMENT_3D('',#1013,#1014,#1015);
#1013 = CARTESIAN_POINT('',(-48.5,10.,0.));
#1014 = DIRECTION('',(0.,1.,0.));
#1015 = DIRECTION('',(0.,0.,1.));
#1016 = ADVANCED_FACE('',(#1017),#1042,.T.);
#1017 = FACE_BOUND('',#1018,.T.);
#1018 = EDGE_LOOP('',(#1019,#1029,#1035,#1036));
#1019 = ORIENTED_EDGE('',*,*,#1020,.F.);
#1020 = EDGE_CURVE('',#1021,#1023,#1025,.T.);
#1021 = VERTEX_POINT('',#1022);
#1022 = CARTESIAN_POINT('',(-37.5,-17.,4.));
#1023 = VERTEX_POINT('',#1024);
#1024 = CARTESIAN_POINT('',(37.5,-17.,4.));
#1025 = LINE('',#1026,#1027);
#1026 = CARTESIAN_POINT('',(-37.5,-17.,4.));
#1027 = VECTOR('',#1028,1.);
#1028 = DIRECTION('',(1.,0.,0.));
#1029 = ORIENTED_EDGE('',*,*,#1030,.T.);
#1030 = EDGE_CURVE('',#1021,#200,#1031,.T.);
#1031 = LINE('',#1032,#1033);
#1032 = CARTESIAN_POINT('',(-37.5,-17.,4.));
#1033 = VECTOR('',#1034,1.);
#1034 = DIRECTION('',(0.,0.,1.));
#1035 = ORIENTED_EDGE('',*,*,#199,.T.);
#1036 = ORIENTED_EDGE('',*,*,#1037,.F.);
#1037 = EDGE_CURVE('',#1023,#202,#1038,.T.);
#1038 = LINE('',#1039,#1040);
#1039 = CARTESIAN_POINT('',(37.5,-17.,4.));
#1040 = VECTOR('',#1041,1.);
#1041 = DIRECTION('',(0.,0.,1.));
#1042 = PLANE('',#1043);
#1043 = AXIS2_PLACEMENT_3D('',#1044,#1045,#1046);
#1044 = CARTESIAN_POINT('',(-37.5,-17.,4.));
#1045 = DIRECTION('',(0.,1.,0.));
#1046 = DIRECTION('',(0.,0.,1.));
#1047 = ADVANCED_FACE('',(#1048),#1066,.T.);
#1048 = FACE_BOUND('',#1049,.T.);
#1049 = EDGE_LOOP('',(#1050,#1051,#1059,#1065));
#1050 = ORIENTED_EDGE('',*,*,#1030,.F.);
#1051 = ORIENTED_EDGE('',*,*,#1052,.T.);
#1052 = EDGE_CURVE('',#1021,#1053,#1055,.T.);
#1053 = VERTEX_POINT('',#1054);
#1054 = CARTESIAN_POINT('',(-37.5,17.,4.));
#1055 = LINE('',#1056,#1057);
#1056 = CARTESIAN_POINT('',(-37.5,-17.,4.));
#1057 = VECTOR('',#1058,1.);
#1058 = DIRECTION('',(0.,1.,0.));
#1059 = ORIENTED_EDGE('',*,*,#1060,.T.);
#1060 = EDGE_CURVE('',#1053,#210,#1061,.T.);
#1061 = LINE('',#1062,#1063);
#1062 = CARTESIAN_POINT('',(-37.5,17.,4.));
#1063 = VECTOR('',#1064,1.);
#1064 = DIRECTION('',(0.,0.,1.));
#1065 = ORIENTED_EDGE('',*,*,#209,.F.);
#1066 = PLANE('',#1067);
#1067 = AXIS2_PLACEMENT_3D('',#1068,#1069,#1070);
#1068 = CARTESIAN_POINT('',(-37.5,-17.,4.));
#1069 = DIRECTION('',(1.,0.,0.));
#1070 = DIRECTION('',(0.,0.,1.));
#1071 = ADVANCED_FACE('',(#1072),#1090,.F.);
#1072 = FACE_BOUND('',#1073,.F.);
#1073 = EDGE_LOOP('',(#1074,#1075,#1083,#1089));
#1074 = ORIENTED_EDGE('',*,*,#1037,.F.);
#1075 = ORIENTED_EDGE('',*,*,#1076,.T.);
#1076 = EDGE_CURVE('',#1023,#1077,#1079,.T.);
#1077 = VERTEX_POINT('',#1078);
#1078 = CARTESIAN_POINT('',(37.5,17.,4.));
#1079 = LINE('',#1080,#1081);
#1080 = CARTESIAN_POINT('',(37.5,-17.,4.));
#1081 = VECTOR('',#1082,1.);
#1082 = DIRECTION('',(0.,1.,0.));
#1083 = ORIENTED_EDGE('',*,*,#1084,.T.);
#1084 = EDGE_CURVE('',#1077,#218,#1085,.T.);
#1085 = LINE('',#1086,#1087);
#1086 = CARTESIAN_POINT('',(37.5,17.,4.));
#1087 = VECTOR('',#1088,1.);
#1088 = DIRECTION('',(0.,0.,1.));
#1089 = ORIENTED_EDGE('',*,*,#225,.F.);
#1090 = PLANE('',#1091);
#1091 = AXIS2_PLACEMENT_3D('',#1092,#1093,#1094);
#1092 = CARTESIAN_POINT('',(37.5,-17.,4.));
#1093 = DIRECTION('',(1.,0.,0.));
#1094 = DIRECTION('',(0.,0.,1.));
#1095 = ADVANCED_FACE('',(#1096),#1107,.F.);
#1096 = FACE_BOUND('',#1097,.F.);
#1097 = EDGE_LOOP('',(#1098,#1104,#1105,#1106));
#1098 = ORIENTED_EDGE('',*,*,#1099,.F.);
#1099 = EDGE_CURVE('',#1053,#1077,#1100,.T.);
#1100 = LINE('',#1101,#1102);
#1101 = CARTESIAN_POINT('',(-37.5,17.,4.));
#1102 = VECTOR('',#1103,1.);
#1103 = DIRECTION('',(1.,0.,0.));
#1104 = ORIENTED_EDGE('',*,*,#1060,.T.);
#1105 = ORIENTED_EDGE('',*,*,#217,.T.);
#1106 = ORIENTED_EDGE('',*,*,#1084,.F.);
#1107 = PLANE('',#1108);
#1108 = AXIS2_PLACEMENT_3D('',#1109,#1110,#1111);
#1109 = CARTESIAN_POINT('',(-37.5,17.,4.));
#1110 = DIRECTION('',(0.,1.,0.));
#1111 = DIRECTION('',(0.,0.,1.));
#1112 = ADVANCED_FACE('',(#1113),#1124,.F.);
#1113 = FACE_BOUND('',#1114,.F.);
#1114 = EDGE_LOOP('',(#1115,#1116,#1122,#1123));
#1115 = ORIENTED_EDGE('',*,*,#233,.F.);
#1116 = ORIENTED_EDGE('',*,*,#1117,.F.);
#1117 = EDGE_CURVE('',#607,#234,#1118,.T.);
#1118 = LINE('',#1119,#1120);
#1119 = CARTESIAN_POINT('',(101.7,-85.,0.));
#1120 = VECTOR('',#1121,1.);
#1121 = DIRECTION('',(0.,0.,1.));
#1122 = ORIENTED_EDGE('',*,*,#606,.T.);
#1123 = ORIENTED_EDGE('',*,*,#1117,.T.);
#1124 = CYLINDRICAL_SURFACE('',#1125,1.7);
#1125 = AXIS2_PLACEMENT_3D('',#1126,#1127,#1128);
#1126 = CARTESIAN_POINT('',(100.,-85.,0.));
#1127 = DIRECTION('',(0.,0.,1.));
#1128 = DIRECTION('',(1.,0.,0.));
#1129 = ADVANCED_FACE('',(#1130),#1141,.F.);
#1130 = FACE_BOUND('',#1131,.F.);
#1131 = EDGE_LOOP('',(#1132,#1133,#1139,#1140));
#1132 = ORIENTED_EDGE('',*,*,#244,.F.);
#1133 = ORIENTED_EDGE('',*,*,#1134,.F.);
#1134 = EDGE_CURVE('',#618,#245,#1135,.T.);
#1135 = LINE('',#1136,#1137);
#1136 = CARTESIAN_POINT('',(131.1,-135.,0.));
#1137 = VECTOR('',#1138,1.);
#1138 = DIRECTION('',(0.,0.,1.));
#1139 = ORIENTED_EDGE('',*,*,#617,.T.);
#1140 = ORIENTED_EDGE('',*,*,#1134,.T.);
#1141 = CYLINDRICAL_SURFACE('',#1142,2.1);
#1142 = AXIS2_PLACEMENT_3D('',#1143,#1144,#1145);
#1143 = CARTESIAN_POINT('',(129.,-135.,0.));
#1144 = DIRECTION('',(0.,0.,1.));
#1145 = DIRECTION('',(1.,0.,0.));
#1146 = ADVANCED_FACE('',(#1147),#1158,.F.);
#1147 = FACE_BOUND('',#1148,.F.);
#1148 = EDGE_LOOP('',(#1149,#1150,#1156,#1157));
#1149 = ORIENTED_EDGE('',*,*,#255,.F.);
#1150 = ORIENTED_EDGE('',*,*,#1151,.F.);
#1151 = EDGE_CURVE('',#629,#256,#1152,.T.);
#1152 = LINE('',#1153,#1154);
#1153 = CARTESIAN_POINT('',(223.1,-135.,0.));
#1154 = VECTOR('',#1155,1.);
#1155 = DIRECTION('',(0.,0.,1.));
#1156 = ORIENTED_EDGE('',*,*,#628,.T.);
#1157 = ORIENTED_EDGE('',*,*,#1151,.T.);
#1158 = CYLINDRICAL_SURFACE('',#1159,2.1);
#1159 = AXIS2_PLACEMENT_3D('',#1160,#1161,#1162);
#1160 = CARTESIAN_POINT('',(221.,-135.,0.));
#1161 = DIRECTION('',(0.,0.,1.));
#1162 = DIRECTION('',(1.,0.,0.));
#1163 = ADVANCED_FACE('',(#1164),#1175,.F.);
#1164 = FACE_BOUND('',#1165,.F.);
#1165 = EDGE_LOOP('',(#1166,#1167,#1173,#1174));
#1166 = ORIENTED_EDGE('',*,*,#266,.F.);
#1167 = ORIENTED_EDGE('',*,*,#1168,.F.);
#1168 = EDGE_CURVE('',#640,#267,#1169,.T.);
#1169 = LINE('',#1170,#1171);
#1170 = CARTESIAN_POINT('',(131.1,-75.,0.));
#1171 = VECTOR('',#1172,1.);
#1172 = DIRECTION('',(0.,0.,1.));
#1173 = ORIENTED_EDGE('',*,*,#639,.T.);
#1174 = ORIENTED_EDGE('',*,*,#1168,.T.);
#1175 = CYLINDRICAL_SURFACE('',#1176,2.1);
#1176 = AXIS2_PLACEMENT_3D('',#1177,#1178,#1179);
#1177 = CARTESIAN_POINT('',(129.,-75.,0.));
#1178 = DIRECTION('',(0.,0.,1.));
#1179 = DIRECTION('',(1.,0.,0.));
#1180 = ADVANCED_FACE('',(#1181),#1192,.F.);
#1181 = FACE_BOUND('',#1182,.F.);
#1182 = EDGE_LOOP('',(#1183,#1184,#1190,#1191));
#1183 = ORIENTED_EDGE('',*,*,#277,.F.);
#1184 = ORIENTED_EDGE('',*,*,#1185,.F.);
#1185 = EDGE_CURVE('',#651,#278,#1186,.T.);
#1186 = LINE('',#1187,#1188);
#1187 = CARTESIAN_POINT('',(223.1,-75.,0.));
#1188 = VECTOR('',#1189,1.);
#1189 = DIRECTION('',(0.,0.,1.));
#1190 = ORIENTED_EDGE('',*,*,#650,.T.);
#1191 = ORIENTED_EDGE('',*,*,#1185,.T.);
#1192 = CYLINDRICAL_SURFACE('',#1193,2.1);
#1193 = AXIS2_PLACEMENT_3D('',#1194,#1195,#1196);
#1194 = CARTESIAN_POINT('',(221.,-75.,0.));
#1195 = DIRECTION('',(0.,0.,1.));
#1196 = DIRECTION('',(1.,0.,0.));
#1197 = ADVANCED_FACE('',(#1198),#1214,.T.);
#1198 = FACE_BOUND('',#1199,.T.);
#1199 = EDGE_LOOP('',(#1200,#1201,#1207,#1208));
#1200 = ORIENTED_EDGE('',*,*,#661,.F.);
#1201 = ORIENTED_EDGE('',*,*,#1202,.T.);
#1202 = EDGE_CURVE('',#662,#289,#1203,.T.);
#1203 = LINE('',#1204,#1205);
#1204 = CARTESIAN_POINT('',(42.5,-10.,0.));
#1205 = VECTOR('',#1206,1.);
#1206 = DIRECTION('',(0.,0.,1.));
#1207 = ORIENTED_EDGE('',*,*,#288,.T.);
#1208 = ORIENTED_EDGE('',*,*,#1209,.F.);
#1209 = EDGE_CURVE('',#664,#291,#1210,.T.);
#1210 = LINE('',#1211,#1212);
#1211 = CARTESIAN_POINT('',(48.5,-10.,0.));
#1212 = VECTOR('',#1213,1.);
#1213 = DIRECTION('',(0.,0.,1.));
#1214 = PLANE('',#1215);
#1215 = AXIS2_PLACEMENT_3D('',#1216,#1217,#1218);
#1216 = CARTESIAN_POINT('',(42.5,-10.,0.));
#1217 = DIRECTION('',(0.,1.,0.));
#1218 = DIRECTION('',(0.,0.,1.));
#1219 = ADVANCED_FACE('',(#1220),#1231,.T.);
#1220 = FACE_BOUND('',#1221,.T.);
#1221 = EDGE_LOOP('',(#1222,#1223,#1224,#1230));
#1222 = ORIENTED_EDGE('',*,*,#1202,.F.);
#1223 = ORIENTED_EDGE('',*,*,#671,.T.);
#1224 = ORIENTED_EDGE('',*,*,#1225,.T.);
#1225 = EDGE_CURVE('',#672,#299,#1226,.T.);
#1226 = LINE('',#1227,#1228);
#1227 = CARTESIAN_POINT('',(42.5,10.,0.));
#1228 = VECTOR('',#1229,1.);
#1229 = DIRECTION('',(0.,0.,1.));
#1230 = ORIENTED_EDGE('',*,*,#298,.F.);
#1231 = PLANE('',#1232);
#1232 = AXIS2_PLACEMENT_3D('',#1233,#1234,#1235);
#1233 = CARTESIAN_POINT('',(42.5,-10.,0.));
#1234 = DIRECTION('',(1.,0.,0.));
#1235 = DIRECTION('',(0.,0.,1.));
#1236 = ADVANCED_FACE('',(#1237),#1248,.F.);
#1237 = FACE_BOUND('',#1238,.F.);
#1238 = EDGE_LOOP('',(#1239,#1240,#1241,#1247));
#1239 = ORIENTED_EDGE('',*,*,#1209,.F.);
#1240 = ORIENTED_EDGE('',*,*,#687,.T.);
#1241 = ORIENTED_EDGE('',*,*,#1242,.T.);
#1242 = EDGE_CURVE('',#680,#307,#1243,.T.);
#1243 = LINE('',#1244,#1245);
#1244 = CARTESIAN_POINT('',(48.5,10.,0.));
#1245 = VECTOR('',#1246,1.);
#1246 = DIRECTION('',(0.,0.,1.));
#1247 = ORIENTED_EDGE('',*,*,#314,.F.);
#1248 = PLANE('',#1249);
#1249 = AXIS2_PLACEMENT_3D('',#1250,#1251,#1252);
#1250 = CARTESIAN_POINT('',(48.5,-10.,0.));
#1251 = DIRECTION('',(1.,0.,0.));
#1252 = DIRECTION('',(0.,0.,1.));
#1253 = ADVANCED_FACE('',(#1254),#1260,.F.);
#1254 = FACE_BOUND('',#1255,.F.);
#1255 = EDGE_LOOP('',(#1256,#1257,#1258,#1259));
#1256 = ORIENTED_EDGE('',*,*,#679,.F.);
#1257 = ORIENTED_EDGE('',*,*,#1225,.T.);
#1258 = ORIENTED_EDGE('',*,*,#306,.T.);
#1259 = ORIENTED_EDGE('',*,*,#1242,.F.);
#1260 = PLANE('',#1261);
#1261 = AXIS2_PLACEMENT_3D('',#1262,#1263,#1264);
#1262 = CARTESIAN_POINT('',(42.5,10.,0.));
#1263 = DIRECTION('',(0.,1.,0.));
#1264 = DIRECTION('',(0.,0.,1.));
#1265 = ADVANCED_FACE('',(#1266),#1277,.F.);
#1266 = FACE_BOUND('',#1267,.F.);
#1267 = EDGE_LOOP('',(#1268,#1269,#1275,#1276));
#1268 = ORIENTED_EDGE('',*,*,#322,.F.);
#1269 = ORIENTED_EDGE('',*,*,#1270,.F.);
#1270 = EDGE_CURVE('',#696,#323,#1271,.T.);
#1271 = LINE('',#1272,#1273);
#1272 = CARTESIAN_POINT('',(166.7,-20.,0.));
#1273 = VECTOR('',#1274,1.);
#1274 = DIRECTION('',(0.,0.,1.));
#1275 = ORIENTED_EDGE('',*,*,#695,.T.);
#1276 = ORIENTED_EDGE('',*,*,#1270,.T.);
#1277 = CYLINDRICAL_SURFACE('',#1278,1.7);
#1278 = AXIS2_PLACEMENT_3D('',#1279,#1280,#1281);
#1279 = CARTESIAN_POINT('',(165.,-20.,0.));
#1280 = DIRECTION('',(0.,0.,1.));
#1281 = DIRECTION('',(1.,0.,0.));
#1282 = ADVANCED_FACE('',(#1283),#1294,.F.);
#1283 = FACE_BOUND('',#1284,.F.);
#1284 = EDGE_LOOP('',(#1285,#1286,#1292,#1293));
#1285 = ORIENTED_EDGE('',*,*,#333,.F.);
#1286 = ORIENTED_EDGE('',*,*,#1287,.F.);
#1287 = EDGE_CURVE('',#707,#334,#1288,.T.);
#1288 = LINE('',#1289,#1290);
#1289 = CARTESIAN_POINT('',(236.7,-20.,0.));
#1290 = VECTOR('',#1291,1.);
#1291 = DIRECTION('',(0.,0.,1.));
#1292 = ORIENTED_EDGE('',*,*,#706,.T.);
#1293 = ORIENTED_EDGE('',*,*,#1287,.T.);
#1294 = CYLINDRICAL_SURFACE('',#1295,1.7);
#1295 = AXIS2_PLACEMENT_3D('',#1296,#1297,#1298);
#1296 = CARTESIAN_POINT('',(235.,-20.,0.));
#1297 = DIRECTION('',(0.,0.,1.));
#1298 = DIRECTION('',(1.,0.,0.));
#1299 = ADVANCED_FACE('',(#1300),#1311,.F.);
#1300 = FACE_BOUND('',#1301,.F.);
#1301 = EDGE_LOOP('',(#1302,#1303,#1309,#1310));
#1302 = ORIENTED_EDGE('',*,*,#344,.F.);
#1303 = ORIENTED_EDGE('',*,*,#1304,.F.);
#1304 = EDGE_CURVE('',#718,#345,#1305,.T.);
#1305 = LINE('',#1306,#1307);
#1306 = CARTESIAN_POINT('',(-218.9,75.,0.));
#1307 = VECTOR('',#1308,1.);
#1308 = DIRECTION('',(0.,0.,1.));
#1309 = ORIENTED_EDGE('',*,*,#717,.T.);
#1310 = ORIENTED_EDGE('',*,*,#1304,.T.);
#1311 = CYLINDRICAL_SURFACE('',#1312,2.1);
#1312 = AXIS2_PLACEMENT_3D('',#1313,#1314,#1315);
#1313 = CARTESIAN_POINT('',(-221.,75.,0.));
#1314 = DIRECTION('',(0.,0.,1.));
#1315 = DIRECTION('',(1.,0.,0.));
#1316 = ADVANCED_FACE('',(#1317),#1328,.F.);
#1317 = FACE_BOUND('',#1318,.F.);
#1318 = EDGE_LOOP('',(#1319,#1320,#1326,#1327));
#1319 = ORIENTED_EDGE('',*,*,#355,.F.);
#1320 = ORIENTED_EDGE('',*,*,#1321,.F.);
#1321 = EDGE_CURVE('',#729,#356,#1322,.T.);
#1322 = LINE('',#1323,#1324);
#1323 = CARTESIAN_POINT('',(-126.9,75.,0.));
#1324 = VECTOR('',#1325,1.);
#1325 = DIRECTION('',(0.,0.,1.));
#1326 = ORIENTED_EDGE('',*,*,#728,.T.);
#1327 = ORIENTED_EDGE('',*,*,#1321,.T.);
#1328 = CYLINDRICAL_SURFACE('',#1329,2.1);
#1329 = AXIS2_PLACEMENT_3D('',#1330,#1331,#1332);
#1330 = CARTESIAN_POINT('',(-129.,75.,0.));
#1331 = DIRECTION('',(0.,0.,1.));
#1332 = DIRECTION('',(1.,0.,0.));
#1333 = ADVANCED_FACE('',(#1334),#1345,.F.);
#1334 = FACE_BOUND('',#1335,.F.);
#1335 = EDGE_LOOP('',(#1336,#1337,#1343,#1344));
#1336 = ORIENTED_EDGE('',*,*,#366,.F.);
#1337 = ORIENTED_EDGE('',*,*,#1338,.F.);
#1338 = EDGE_CURVE('',#740,#367,#1339,.T.);
#1339 = LINE('',#1340,#1341);
#1340 = CARTESIAN_POINT('',(-218.9,135.,0.));
#1341 = VECTOR('',#1342,1.);
#1342 = DIRECTION('',(0.,0.,1.));
#1343 = ORIENTED_EDGE('',*,*,#739,.T.);
#1344 = ORIENTED_EDGE('',*,*,#1338,.T.);
#1345 = CYLINDRICAL_SURFACE('',#1346,2.1);
#1346 = AXIS2_PLACEMENT_3D('',#1347,#1348,#1349);
#1347 = CARTESIAN_POINT('',(-221.,135.,0.));
#1348 = DIRECTION('',(0.,0.,1.));
#1349 = DIRECTION('',(1.,0.,0.));
#1350 = ADVANCED_FACE('',(#1351),#1362,.F.);
#1351 = FACE_BOUND('',#1352,.F.);
#1352 = EDGE_LOOP('',(#1353,#1354,#1360,#1361));
#1353 = ORIENTED_EDGE('',*,*,#377,.F.);
#1354 = ORIENTED_EDGE('',*,*,#1355,.F.);
#1355 = EDGE_CURVE('',#751,#378,#1356,.T.);
#1356 = LINE('',#1357,#1358);
#1357 = CARTESIAN_POINT('',(-126.9,135.,0.));
#1358 = VECTOR('',#1359,1.);
#1359 = DIRECTION('',(0.,0.,1.));
#1360 = ORIENTED_EDGE('',*,*,#750,.T.);
#1361 = ORIENTED_EDGE('',*,*,#1355,.T.);
#1362 = CYLINDRICAL_SURFACE('',#1363,2.1);
#1363 = AXIS2_PLACEMENT_3D('',#1364,#1365,#1366);
#1364 = CARTESIAN_POINT('',(-129.,135.,0.));
#1365 = DIRECTION('',(0.,0.,1.));
#1366 = DIRECTION('',(1.,0.,0.));
#1367 = ADVANCED_FACE('',(#1368),#1379,.F.);
#1368 = FACE_BOUND('',#1369,.F.);
#1369 = EDGE_LOOP('',(#1370,#1371,#1377,#1378));
#1370 = ORIENTED_EDGE('',*,*,#388,.F.);
#1371 = ORIENTED_EDGE('',*,*,#1372,.F.);
#1372 = EDGE_CURVE('',#762,#389,#1373,.T.);
#1373 = LINE('',#1374,#1375);
#1374 = CARTESIAN_POINT('',(-98.3,85.,0.));
#1375 = VECTOR('',#1376,1.);
#1376 = DIRECTION('',(0.,0.,1.));
#1377 = ORIENTED_EDGE('',*,*,#761,.T.);
#1378 = ORIENTED_EDGE('',*,*,#1372,.T.);
#1379 = CYLINDRICAL_SURFACE('',#1380,1.7);
#1380 = AXIS2_PLACEMENT_3D('',#1381,#1382,#1383);
#1381 = CARTESIAN_POINT('',(-100.,85.,0.));
#1382 = DIRECTION('',(0.,0.,1.));
#1383 = DIRECTION('',(1.,0.,0.));
#1384 = ADVANCED_FACE('',(#1385),#1396,.F.);
#1385 = FACE_BOUND('',#1386,.F.);
#1386 = EDGE_LOOP('',(#1387,#1388,#1394,#1395));
#1387 = ORIENTED_EDGE('',*,*,#399,.F.);
#1388 = ORIENTED_EDGE('',*,*,#1389,.F.);
#1389 = EDGE_CURVE('',#773,#400,#1390,.T.);
#1390 = LINE('',#1391,#1392);
#1391 = CARTESIAN_POINT('',(166.7,20.,0.));
#1392 = VECTOR('',#1393,1.);
#1393 = DIRECTION('',(0.,0.,1.));
#1394 = ORIENTED_EDGE('',*,*,#772,.T.);
#1395 = ORIENTED_EDGE('',*,*,#1389,.T.);
#1396 = CYLINDRICAL_SURFACE('',#1397,1.7);
#1397 = AXIS2_PLACEMENT_3D('',#1398,#1399,#1400);
#1398 = CARTESIAN_POINT('',(165.,20.,0.));
#1399 = DIRECTION('',(0.,0.,1.));
#1400 = DIRECTION('',(1.,0.,0.));
#1401 = ADVANCED_FACE('',(#1402),#1413,.F.);
#1402 = FACE_BOUND('',#1403,.F.);
#1403 = EDGE_LOOP('',(#1404,#1405,#1411,#1412));
#1404 = ORIENTED_EDGE('',*,*,#410,.F.);
#1405 = ORIENTED_EDGE('',*,*,#1406,.F.);
#1406 = EDGE_CURVE('',#784,#411,#1407,.T.);
#1407 = LINE('',#1408,#1409);
#1408 = CARTESIAN_POINT('',(236.7,20.,0.));
#1409 = VECTOR('',#1410,1.);
#1410 = DIRECTION('',(0.,0.,1.));
#1411 = ORIENTED_EDGE('',*,*,#783,.T.);
#1412 = ORIENTED_EDGE('',*,*,#1406,.T.);
#1413 = CYLINDRICAL_SURFACE('',#1414,1.7);
#1414 = AXIS2_PLACEMENT_3D('',#1415,#1416,#1417);
#1415 = CARTESIAN_POINT('',(235.,20.,0.));
#1416 = DIRECTION('',(0.,0.,1.));
#1417 = DIRECTION('',(1.,0.,0.));
#1418 = ADVANCED_FACE('',(#1419),#1430,.F.);
#1419 = FACE_BOUND('',#1420,.F.);
#1420 = EDGE_LOOP('',(#1421,#1422,#1428,#1429));
#1421 = ORIENTED_EDGE('',*,*,#421,.F.);
#1422 = ORIENTED_EDGE('',*,*,#1423,.F.);
#1423 = EDGE_CURVE('',#795,#422,#1424,.T.);
#1424 = LINE('',#1425,#1426);
#1425 = CARTESIAN_POINT('',(101.7,85.,0.));
#1426 = VECTOR('',#1427,1.);
#1427 = DIRECTION('',(0.,0.,1.));
#1428 = ORIENTED_EDGE('',*,*,#794,.T.);
#1429 = ORIENTED_EDGE('',*,*,#1423,.T.);
#1430 = CYLINDRICAL_SURFACE('',#1431,1.7);
#1431 = AXIS2_PLACEMENT_3D('',#1432,#1433,#1434);
#1432 = CARTESIAN_POINT('',(100.,85.,0.));
#1433 = DIRECTION('',(0.,0.,1.));
#1434 = DIRECTION('',(1.,0.,0.));
#1435 = ADVANCED_FACE('',(#1436),#1447,.F.);
#1436 = FACE_BOUND('',#1437,.F.);
#1437 = EDGE_LOOP('',(#1438,#1439,#1445,#1446));
#1438 = ORIENTED_EDGE('',*,*,#432,.F.);
#1439 = ORIENTED_EDGE('',*,*,#1440,.F.);
#1440 = EDGE_CURVE('',#806,#433,#1441,.T.);
#1441 = LINE('',#1442,#1443);
#1442 = CARTESIAN_POINT('',(131.1,75.,0.));
#1443 = VECTOR('',#1444,1.);
#1444 = DIRECTION('',(0.,0.,1.));
#1445 = ORIENTED_EDGE('',*,*,#805,.T.);
#1446 = ORIENTED_EDGE('',*,*,#1440,.T.);
#1447 = CYLINDRICAL_SURFACE('',#1448,2.1);
#1448 = AXIS2_PLACEMENT_3D('',#1449,#1450,#1451);
#1449 = CARTESIAN_POINT('',(129.,75.,0.));
#1450 = DIRECTION('',(0.,0.,1.));
#1451 = DIRECTION('',(1.,0.,0.));
#1452 = ADVANCED_FACE('',(#1453),#1464,.F.);
#1453 = FACE_BOUND('',#1454,.F.);
#1454 = EDGE_LOOP('',(#1455,#1456,#1462,#1463));
#1455 = ORIENTED_EDGE('',*,*,#443,.F.);
#1456 = ORIENTED_EDGE('',*,*,#1457,.F.);
#1457 = EDGE_CURVE('',#817,#444,#1458,.T.);
#1458 = LINE('',#1459,#1460);
#1459 = CARTESIAN_POINT('',(223.1,75.,0.));
#1460 = VECTOR('',#1461,1.);
#1461 = DIRECTION('',(0.,0.,1.));
#1462 = ORIENTED_EDGE('',*,*,#816,.T.);
#1463 = ORIENTED_EDGE('',*,*,#1457,.T.);
#1464 = CYLINDRICAL_SURFACE('',#1465,2.1);
#1465 = AXIS2_PLACEMENT_3D('',#1466,#1467,#1468);
#1466 = CARTESIAN_POINT('',(221.,75.,0.));
#1467 = DIRECTION('',(0.,0.,1.));
#1468 = DIRECTION('',(1.,0.,0.));
#1469 = ADVANCED_FACE('',(#1470),#1481,.F.);
#1470 = FACE_BOUND('',#1471,.F.);
#1471 = EDGE_LOOP('',(#1472,#1473,#1479,#1480));
#1472 = ORIENTED_EDGE('',*,*,#454,.F.);
#1473 = ORIENTED_EDGE('',*,*,#1474,.F.);
#1474 = EDGE_CURVE('',#828,#455,#1475,.T.);
#1475 = LINE('',#1476,#1477);
#1476 = CARTESIAN_POINT('',(131.1,135.,0.));
#1477 = VECTOR('',#1478,1.);
#1478 = DIRECTION('',(0.,0.,1.));
#1479 = ORIENTED_EDGE('',*,*,#827,.T.);
#1480 = ORIENTED_EDGE('',*,*,#1474,.T.);
#1481 = CYLINDRICAL_SURFACE('',#1482,2.1);
#1482 = AXIS2_PLACEMENT_3D('',#1483,#1484,#1485);
#1483 = CARTESIAN_POINT('',(129.,135.,0.));
#1484 = DIRECTION('',(0.,0.,1.));
#1485 = DIRECTION('',(1.,0.,0.));
#1486 = ADVANCED_FACE('',(#1487),#1498,.F.);
#1487 = FACE_BOUND('',#1488,.F.);
#1488 = EDGE_LOOP('',(#1489,#1490,#1496,#1497));
#1489 = ORIENTED_EDGE('',*,*,#465,.F.);
#1490 = ORIENTED_EDGE('',*,*,#1491,.F.);
#1491 = EDGE_CURVE('',#839,#466,#1492,.T.);
#1492 = LINE('',#1493,#1494);
#1493 = CARTESIAN_POINT('',(223.1,135.,0.));
#1494 = VECTOR('',#1495,1.);
#1495 = DIRECTION('',(0.,0.,1.));
#1496 = ORIENTED_EDGE('',*,*,#838,.T.);
#1497 = ORIENTED_EDGE('',*,*,#1491,.T.);
#1498 = CYLINDRICAL_SURFACE('',#1499,2.1);
#1499 = AXIS2_PLACEMENT_3D('',#1500,#1501,#1502);
#1500 = CARTESIAN_POINT('',(221.,135.,0.));
#1501 = DIRECTION('',(0.,0.,1.));
#1502 = DIRECTION('',(1.,0.,0.));
#1503 = ADVANCED_FACE('',(#1504),#1510,.T.);
#1504 = FACE_BOUND('',#1505,.T.);
#1505 = EDGE_LOOP('',(#1506,#1507,#1508,#1509));
#1506 = ORIENTED_EDGE('',*,*,#1052,.F.);
#1507 = ORIENTED_EDGE('',*,*,#1020,.T.);
#1508 = ORIENTED_EDGE('',*,*,#1076,.T.);
#1509 = ORIENTED_EDGE('',*,*,#1099,.F.);
#1510 = PLANE('',#1511);
#1511 = AXIS2_PLACEMENT_3D('',#1512,#1513,#1514);
#1512 = CARTESIAN_POINT('',(-37.5,-17.,4.));
#1513 = DIRECTION('',(0.,0.,1.));
#1514 = DIRECTION('',(1.,0.,0.));
#1515 = MANIFOLD_SOLID_BREP('',#1516);
#1516 = CLOSED_SHELL('',(#1517,#1557,#1588,#1873,#1897,#2130,#2147,#2164
    ,#2181,#2198,#2215,#2232,#2249,#2266,#2283,#2300,#2317,#2334,#2351,
    #2368,#2385,#2402,#2414,#2431,#2448,#2465,#2482,#2507,#2524,#2541,
    #2558,#2621,#2645,#2669,#2718,#2735,#2799,#2892,#2916,#2985,#3002,
    #3014,#3031,#3056,#3081,#3106,#3131,#3156,#3178,#3190,#3202,#3219,
    #3244,#3269,#3286,#3307,#3316));
#1517 = ADVANCED_FACE('',(#1518),#1552,.F.);
#1518 = FACE_BOUND('',#1519,.F.);
#1519 = EDGE_LOOP('',(#1520,#1530,#1538,#1546));
#1520 = ORIENTED_EDGE('',*,*,#1521,.F.);
#1521 = EDGE_CURVE('',#1522,#1524,#1526,.T.);
#1522 = VERTEX_POINT('',#1523);
#1523 = CARTESIAN_POINT('',(-250.,-145.,56.));
#1524 = VERTEX_POINT('',#1525);
#1525 = CARTESIAN_POINT('',(-250.,-145.,62.));
#1526 = LINE('',#1527,#1528);
#1527 = CARTESIAN_POINT('',(-250.,-145.,56.));
#1528 = VECTOR('',#1529,1.);
#1529 = DIRECTION('',(0.,0.,1.));
#1530 = ORIENTED_EDGE('',*,*,#1531,.T.);
#1531 = EDGE_CURVE('',#1522,#1532,#1534,.T.);
#1532 = VERTEX_POINT('',#1533);
#1533 = CARTESIAN_POINT('',(-250.,145.,56.));
#1534 = LINE('',#1535,#1536);
#1535 = CARTESIAN_POINT('',(-250.,-145.,56.));
#1536 = VECTOR('',#1537,1.);
#1537 = DIRECTION('',(0.,1.,0.));
#1538 = ORIENTED_EDGE('',*,*,#1539,.T.);
#1539 = EDGE_CURVE('',#1532,#1540,#1542,.T.);
#1540 = VERTEX_POINT('',#1541);
#1541 = CARTESIAN_POINT('',(-250.,145.,62.));
#1542 = LINE('',#1543,#1544);
#1543 = CARTESIAN_POINT('',(-250.,145.,56.));
#1544 = VECTOR('',#1545,1.);
#1545 = DIRECTION('',(0.,0.,1.));
#1546 = ORIENTED_EDGE('',*,*,#1547,.F.);
#1547 = EDGE_CURVE('',#1524,#1540,#1548,.T.);
#1548 = LINE('',#1549,#1550);
#1549 = CARTESIAN_POINT('',(-250.,-145.,62.));
#1550 = VECTOR('',#1551,1.);
#1551 = DIRECTION('',(0.,1.,0.));
#1552 = PLANE('',#1553);
#1553 = AXIS2_PLACEMENT_3D('',#1554,#1555,#1556);
#1554 = CARTESIAN_POINT('',(-250.,-145.,56.));
#1555 = DIRECTION('',(1.,0.,0.));
#1556 = DIRECTION('',(0.,0.,1.));
#1557 = ADVANCED_FACE('',(#1558),#1583,.F.);
#1558 = FACE_BOUND('',#1559,.F.);
#1559 = EDGE_LOOP('',(#1560,#1568,#1569,#1577));
#1560 = ORIENTED_EDGE('',*,*,#1561,.F.);
#1561 = EDGE_CURVE('',#1522,#1562,#1564,.T.);
#1562 = VERTEX_POINT('',#1563);
#1563 = CARTESIAN_POINT('',(-234.,-145.,56.));
#1564 = LINE('',#1565,#1566);
#1565 = CARTESIAN_POINT('',(-250.,-145.,56.));
#1566 = VECTOR('',#1567,1.);
#1567 = DIRECTION('',(1.,0.,0.));
#1568 = ORIENTED_EDGE('',*,*,#1521,.T.);
#1569 = ORIENTED_EDGE('',*,*,#1570,.T.);
#1570 = EDGE_CURVE('',#1524,#1571,#1573,.T.);
#1571 = VERTEX_POINT('',#1572);
#1572 = CARTESIAN_POINT('',(-234.,-145.,62.));
#1573 = LINE('',#1574,#1575);
#1574 = CARTESIAN_POINT('',(-250.,-145.,62.));
#1575 = VECTOR('',#1576,1.);
#1576 = DIRECTION('',(1.,0.,0.));
#1577 = ORIENTED_EDGE('',*,*,#1578,.T.);
#1578 = EDGE_CURVE('',#1571,#1562,#1579,.T.);
#1579 = LINE('',#1580,#1581);
#1580 = CARTESIAN_POINT('',(-234.,-145.,56.));
#1581 = VECTOR('',#1582,1.);
#1582 = DIRECTION('',(0.,0.,-1.));
#1583 = PLANE('',#1584);
#1584 = AXIS2_PLACEMENT_3D('',#1585,#1586,#1587);
#1585 = CARTESIAN_POINT('',(-250.,-145.,56.));
#1586 = DIRECTION('',(0.,1.,0.));
#1587 = DIRECTION('',(0.,0.,1.));
#1588 = ADVANCED_FACE('',(#1589,#1735,#1746,#1757,#1768,#1779,#1790,
    #1801,#1812,#1823,#1857),#1868,.T.);
#1589 = FACE_BOUND('',#1590,.T.);
#1590 = EDGE_LOOP('',(#1591,#1599,#1600,#1601,#1609,#1617,#1625,#1633,
    #1641,#1649,#1657,#1665,#1673,#1681,#1689,#1697,#1705,#1713,#1721,
    #1729));
#1591 = ORIENTED_EDGE('',*,*,#1592,.F.);
#1592 = EDGE_CURVE('',#1540,#1593,#1595,.T.);
#1593 = VERTEX_POINT('',#1594);
#1594 = CARTESIAN_POINT('',(-234.,145.,62.));
#1595 = LINE('',#1596,#1597);
#1596 = CARTESIAN_POINT('',(-250.,145.,62.));
#1597 = VECTOR('',#1598,1.);
#1598 = DIRECTION('',(1.,0.,0.));
#1599 = ORIENTED_EDGE('',*,*,#1547,.F.);
#1600 = ORIENTED_EDGE('',*,*,#1570,.T.);
#1601 = ORIENTED_EDGE('',*,*,#1602,.T.);
#1602 = EDGE_CURVE('',#1571,#1603,#1605,.T.);
#1603 = VERTEX_POINT('',#1604);
#1604 = CARTESIAN_POINT('',(-234.,-62.,62.));
#1605 = LINE('',#1606,#1607);
#1606 = CARTESIAN_POINT('',(-234.,-148.,62.));
#1607 = VECTOR('',#1608,1.);
#1608 = DIRECTION('',(0.,1.,0.));
#1609 = ORIENTED_EDGE('',*,*,#1610,.T.);
#1610 = EDGE_CURVE('',#1603,#1611,#1613,.T.);
#1611 = VERTEX_POINT('',#1612);
#1612 = CARTESIAN_POINT('',(-116.,-62.,62.));
#1613 = LINE('',#1614,#1615);
#1614 = CARTESIAN_POINT('',(-234.,-62.,62.));
#1615 = VECTOR('',#1616,1.);
#1616 = DIRECTION('',(1.,0.,0.));
#1617 = ORIENTED_EDGE('',*,*,#1618,.F.);
#1618 = EDGE_CURVE('',#1619,#1611,#1621,.T.);
#1619 = VERTEX_POINT('',#1620);
#1620 = CARTESIAN_POINT('',(-116.,-145.,62.));
#1621 = LINE('',#1622,#1623);
#1622 = CARTESIAN_POINT('',(-116.,-148.,62.));
#1623 = VECTOR('',#1624,1.);
#1624 = DIRECTION('',(0.,1.,0.));
#1625 = ORIENTED_EDGE('',*,*,#1626,.T.);
#1626 = EDGE_CURVE('',#1619,#1627,#1629,.T.);
#1627 = VERTEX_POINT('',#1628);
#1628 = CARTESIAN_POINT('',(116.,-145.,62.));
#1629 = LINE('',#1630,#1631);
#1630 = CARTESIAN_POINT('',(-250.,-145.,62.));
#1631 = VECTOR('',#1632,1.);
#1632 = DIRECTION('',(1.,0.,0.));
#1633 = ORIENTED_EDGE('',*,*,#1634,.T.);
#1634 = EDGE_CURVE('',#1627,#1635,#1637,.T.);
#1635 = VERTEX_POINT('',#1636);
#1636 = CARTESIAN_POINT('',(116.,-62.,62.));
#1637 = LINE('',#1638,#1639);
#1638 = CARTESIAN_POINT('',(116.,-148.,62.));
#1639 = VECTOR('',#1640,1.);
#1640 = DIRECTION('',(0.,1.,0.));
#1641 = ORIENTED_EDGE('',*,*,#1642,.T.);
#1642 = EDGE_CURVE('',#1635,#1643,#1645,.T.);
#1643 = VERTEX_POINT('',#1644);
#1644 = CARTESIAN_POINT('',(234.,-62.,62.));
#1645 = LINE('',#1646,#1647);
#1646 = CARTESIAN_POINT('',(116.,-62.,62.));
#1647 = VECTOR('',#1648,1.);
#1648 = DIRECTION('',(1.,0.,0.));
#1649 = ORIENTED_EDGE('',*,*,#1650,.F.);
#1650 = EDGE_CURVE('',#1651,#1643,#1653,.T.);
#1651 = VERTEX_POINT('',#1652);
#1652 = CARTESIAN_POINT('',(234.,-145.,62.));
#1653 = LINE('',#1654,#1655);
#1654 = CARTESIAN_POINT('',(234.,-148.,62.));
#1655 = VECTOR('',#1656,1.);
#1656 = DIRECTION('',(0.,1.,0.));
#1657 = ORIENTED_EDGE('',*,*,#1658,.T.);
#1658 = EDGE_CURVE('',#1651,#1659,#1661,.T.);
#1659 = VERTEX_POINT('',#1660);
#1660 = CARTESIAN_POINT('',(250.,-145.,62.));
#1661 = LINE('',#1662,#1663);
#1662 = CARTESIAN_POINT('',(-250.,-145.,62.));
#1663 = VECTOR('',#1664,1.);
#1664 = DIRECTION('',(1.,0.,0.));
#1665 = ORIENTED_EDGE('',*,*,#1666,.T.);
#1666 = EDGE_CURVE('',#1659,#1667,#1669,.T.);
#1667 = VERTEX_POINT('',#1668);
#1668 = CARTESIAN_POINT('',(250.,145.,62.));
#1669 = LINE('',#1670,#1671);
#1670 = CARTESIAN_POINT('',(250.,-145.,62.));
#1671 = VECTOR('',#1672,1.);
#1672 = DIRECTION('',(0.,1.,0.));
#1673 = ORIENTED_EDGE('',*,*,#1674,.F.);
#1674 = EDGE_CURVE('',#1675,#1667,#1677,.T.);
#1675 = VERTEX_POINT('',#1676);
#1676 = CARTESIAN_POINT('',(234.,145.,62.));
#1677 = LINE('',#1678,#1679);
#1678 = CARTESIAN_POINT('',(-250.,145.,62.));
#1679 = VECTOR('',#1680,1.);
#1680 = DIRECTION('',(1.,0.,0.));
#1681 = ORIENTED_EDGE('',*,*,#1682,.F.);
#1682 = EDGE_CURVE('',#1683,#1675,#1685,.T.);
#1683 = VERTEX_POINT('',#1684);
#1684 = CARTESIAN_POINT('',(234.,62.,62.));
#1685 = LINE('',#1686,#1687);
#1686 = CARTESIAN_POINT('',(234.,62.,62.));
#1687 = VECTOR('',#1688,1.);
#1688 = DIRECTION('',(0.,1.,0.));
#1689 = ORIENTED_EDGE('',*,*,#1690,.F.);
#1690 = EDGE_CURVE('',#1691,#1683,#1693,.T.);
#1691 = VERTEX_POINT('',#1692);
#1692 = CARTESIAN_POINT('',(116.,62.,62.));
#1693 = LINE('',#1694,#1695);
#1694 = CARTESIAN_POINT('',(116.,62.,62.));
#1695 = VECTOR('',#1696,1.);
#1696 = DIRECTION('',(1.,0.,0.));
#1697 = ORIENTED_EDGE('',*,*,#1698,.T.);
#1698 = EDGE_CURVE('',#1691,#1699,#1701,.T.);
#1699 = VERTEX_POINT('',#1700);
#1700 = CARTESIAN_POINT('',(116.,145.,62.));
#1701 = LINE('',#1702,#1703);
#1702 = CARTESIAN_POINT('',(116.,62.,62.));
#1703 = VECTOR('',#1704,1.);
#1704 = DIRECTION('',(0.,1.,0.));
#1705 = ORIENTED_EDGE('',*,*,#1706,.F.);
#1706 = EDGE_CURVE('',#1707,#1699,#1709,.T.);
#1707 = VERTEX_POINT('',#1708);
#1708 = CARTESIAN_POINT('',(-116.,145.,62.));
#1709 = LINE('',#1710,#1711);
#1710 = CARTESIAN_POINT('',(-250.,145.,62.));
#1711 = VECTOR('',#1712,1.);
#1712 = DIRECTION('',(1.,0.,0.));
#1713 = ORIENTED_EDGE('',*,*,#1714,.F.);
#1714 = EDGE_CURVE('',#1715,#1707,#1717,.T.);
#1715 = VERTEX_POINT('',#1716);
#1716 = CARTESIAN_POINT('',(-116.,62.,62.));
#1717 = LINE('',#1718,#1719);
#1718 = CARTESIAN_POINT('',(-116.,62.,62.));
#1719 = VECTOR('',#1720,1.);
#1720 = DIRECTION('',(0.,1.,0.));
#1721 = ORIENTED_EDGE('',*,*,#1722,.F.);
#1722 = EDGE_CURVE('',#1723,#1715,#1725,.T.);
#1723 = VERTEX_POINT('',#1724);
#1724 = CARTESIAN_POINT('',(-234.,62.,62.));
#1725 = LINE('',#1726,#1727);
#1726 = CARTESIAN_POINT('',(-234.,62.,62.));
#1727 = VECTOR('',#1728,1.);
#1728 = DIRECTION('',(1.,0.,0.));
#1729 = ORIENTED_EDGE('',*,*,#1730,.T.);
#1730 = EDGE_CURVE('',#1723,#1593,#1731,.T.);
#1731 = LINE('',#1732,#1733);
#1732 = CARTESIAN_POINT('',(-234.,62.,62.));
#1733 = VECTOR('',#1734,1.);
#1734 = DIRECTION('',(0.,1.,0.));
#1735 = FACE_BOUND('',#1736,.T.);
#1736 = EDGE_LOOP('',(#1737));
#1737 = ORIENTED_EDGE('',*,*,#1738,.F.);
#1738 = EDGE_CURVE('',#1739,#1739,#1741,.T.);
#1739 = VERTEX_POINT('',#1740);
#1740 = CARTESIAN_POINT('',(-98.3,-85.,62.));
#1741 = CIRCLE('',#1742,1.7);
#1742 = AXIS2_PLACEMENT_3D('',#1743,#1744,#1745);
#1743 = CARTESIAN_POINT('',(-100.,-85.,62.));
#1744 = DIRECTION('',(0.,0.,1.));
#1745 = DIRECTION('',(1.,0.,0.));
#1746 = FACE_BOUND('',#1747,.T.);
#1747 = EDGE_LOOP('',(#1748));
#1748 = ORIENTED_EDGE('',*,*,#1749,.F.);
#1749 = EDGE_CURVE('',#1750,#1750,#1752,.T.);
#1750 = VERTEX_POINT('',#1751);
#1751 = CARTESIAN_POINT('',(-27.65,-24.5,62.));
#1752 = CIRCLE('',#1753,1.35);
#1753 = AXIS2_PLACEMENT_3D('',#1754,#1755,#1756);
#1754 = CARTESIAN_POINT('',(-29.,-24.5,62.));
#1755 = DIRECTION('',(0.,0.,1.));
#1756 = DIRECTION('',(1.,0.,0.));
#1757 = FACE_BOUND('',#1758,.T.);
#1758 = EDGE_LOOP('',(#1759));
#1759 = ORIENTED_EDGE('',*,*,#1760,.F.);
#1760 = EDGE_CURVE('',#1761,#1761,#1763,.T.);
#1761 = VERTEX_POINT('',#1762);
#1762 = CARTESIAN_POINT('',(101.7,-85.,62.));
#1763 = CIRCLE('',#1764,1.7);
#1764 = AXIS2_PLACEMENT_3D('',#1765,#1766,#1767);
#1765 = CARTESIAN_POINT('',(100.,-85.,62.));
#1766 = DIRECTION('',(0.,0.,1.));
#1767 = DIRECTION('',(1.,0.,0.));
#1768 = FACE_BOUND('',#1769,.T.);
#1769 = EDGE_LOOP('',(#1770));
#1770 = ORIENTED_EDGE('',*,*,#1771,.F.);
#1771 = EDGE_CURVE('',#1772,#1772,#1774,.T.);
#1772 = VERTEX_POINT('',#1773);
#1773 = CARTESIAN_POINT('',(30.35,-24.5,62.));
#1774 = CIRCLE('',#1775,1.35);
#1775 = AXIS2_PLACEMENT_3D('',#1776,#1777,#1778);
#1776 = CARTESIAN_POINT('',(29.,-24.5,62.));
#1777 = DIRECTION('',(0.,0.,1.));
#1778 = DIRECTION('',(1.,0.,0.));
#1779 = FACE_BOUND('',#1780,.T.);
#1780 = EDGE_LOOP('',(#1781));
#1781 = ORIENTED_EDGE('',*,*,#1782,.F.);
#1782 = EDGE_CURVE('',#1783,#1783,#1785,.T.);
#1783 = VERTEX_POINT('',#1784);
#1784 = CARTESIAN_POINT('',(-170.,-6.123233995737E-15,62.));
#1785 = CIRCLE('',#1786,25.);
#1786 = AXIS2_PLACEMENT_3D('',#1787,#1788,#1789);
#1787 = CARTESIAN_POINT('',(-195.,0.,62.));
#1788 = DIRECTION('',(0.,0.,1.));
#1789 = DIRECTION('',(1.,0.,0.));
#1790 = FACE_BOUND('',#1791,.T.);
#1791 = EDGE_LOOP('',(#1792));
#1792 = ORIENTED_EDGE('',*,*,#1793,.F.);
#1793 = EDGE_CURVE('',#1794,#1794,#1796,.T.);
#1794 = VERTEX_POINT('',#1795);
#1795 = CARTESIAN_POINT('',(-27.65,24.5,62.));
#1796 = CIRCLE('',#1797,1.35);
#1797 = AXIS2_PLACEMENT_3D('',#1798,#1799,#1800);
#1798 = CARTESIAN_POINT('',(-29.,24.5,62.));
#1799 = DIRECTION('',(0.,0.,1.));
#1800 = DIRECTION('',(1.,0.,0.));
#1801 = FACE_BOUND('',#1802,.T.);
#1802 = EDGE_LOOP('',(#1803));
#1803 = ORIENTED_EDGE('',*,*,#1804,.F.);
#1804 = EDGE_CURVE('',#1805,#1805,#1807,.T.);
#1805 = VERTEX_POINT('',#1806);
#1806 = CARTESIAN_POINT('',(-98.3,85.,62.));
#1807 = CIRCLE('',#1808,1.7);
#1808 = AXIS2_PLACEMENT_3D('',#1809,#1810,#1811);
#1809 = CARTESIAN_POINT('',(-100.,85.,62.));
#1810 = DIRECTION('',(0.,0.,1.));
#1811 = DIRECTION('',(1.,0.,0.));
#1812 = FACE_BOUND('',#1813,.T.);
#1813 = EDGE_LOOP('',(#1814));
#1814 = ORIENTED_EDGE('',*,*,#1815,.F.);
#1815 = EDGE_CURVE('',#1816,#1816,#1818,.T.);
#1816 = VERTEX_POINT('',#1817);
#1817 = CARTESIAN_POINT('',(30.35,24.5,62.));
#1818 = CIRCLE('',#1819,1.35);
#1819 = AXIS2_PLACEMENT_3D('',#1820,#1821,#1822);
#1820 = CARTESIAN_POINT('',(29.,24.5,62.));
#1821 = DIRECTION('',(0.,0.,1.));
#1822 = DIRECTION('',(1.,0.,0.));
#1823 = FACE_BOUND('',#1824,.T.);
#1824 = EDGE_LOOP('',(#1825,#1835,#1843,#1851));
#1825 = ORIENTED_EDGE('',*,*,#1826,.F.);
#1826 = EDGE_CURVE('',#1827,#1829,#1831,.T.);
#1827 = VERTEX_POINT('',#1828);
#1828 = CARTESIAN_POINT('',(212.5,-12.,62.));
#1829 = VERTEX_POINT('',#1830);
#1830 = CARTESIAN_POINT('',(227.5,-12.,62.));
#1831 = LINE('',#1832,#1833);
#1832 = CARTESIAN_POINT('',(212.5,-12.,62.));
#1833 = VECTOR('',#1834,1.);
#1834 = DIRECTION('',(1.,0.,0.));
#1835 = ORIENTED_EDGE('',*,*,#1836,.T.);
#1836 = EDGE_CURVE('',#1827,#1837,#1839,.T.);
#1837 = VERTEX_POINT('',#1838);
#1838 = CARTESIAN_POINT('',(212.5,12.,62.));
#1839 = LINE('',#1840,#1841);
#1840 = CARTESIAN_POINT('',(212.5,-12.,62.));
#1841 = VECTOR('',#1842,1.);
#1842 = DIRECTION('',(0.,1.,0.));
#1843 = ORIENTED_EDGE('',*,*,#1844,.T.);
#1844 = EDGE_CURVE('',#1837,#1845,#1847,.T.);
#1845 = VERTEX_POINT('',#1846);
#1846 = CARTESIAN_POINT('',(227.5,12.,62.));
#1847 = LINE('',#1848,#1849);
#1848 = CARTESIAN_POINT('',(212.5,12.,62.));
#1849 = VECTOR('',#1850,1.);
#1850 = DIRECTION('',(1.,0.,0.));
#1851 = ORIENTED_EDGE('',*,*,#1852,.F.);
#1852 = EDGE_CURVE('',#1829,#1845,#1853,.T.);
#1853 = LINE('',#1854,#1855);
#1854 = CARTESIAN_POINT('',(227.5,-12.,62.));
#1855 = VECTOR('',#1856,1.);
#1856 = DIRECTION('',(0.,1.,0.));
#1857 = FACE_BOUND('',#1858,.T.);
#1858 = EDGE_LOOP('',(#1859));
#1859 = ORIENTED_EDGE('',*,*,#1860,.F.);
#1860 = EDGE_CURVE('',#1861,#1861,#1863,.T.);
#1861 = VERTEX_POINT('',#1862);
#1862 = CARTESIAN_POINT('',(101.7,85.,62.));
#1863 = CIRCLE('',#1864,1.7);
#1864 = AXIS2_PLACEMENT_3D('',#1865,#1866,#1867);
#1865 = CARTESIAN_POINT('',(100.,85.,62.));
#1866 = DIRECTION('',(0.,0.,1.));
#1867 = DIRECTION('',(1.,0.,0.));
#1868 = PLANE('',#1869);
#1869 = AXIS2_PLACEMENT_3D('',#1870,#1871,#1872);
#1870 = CARTESIAN_POINT('',(-250.,-145.,62.));
#1871 = DIRECTION('',(0.,0.,1.));
#1872 = DIRECTION('',(1.,0.,0.));
#1873 = ADVANCED_FACE('',(#1874),#1892,.T.);
#1874 = FACE_BOUND('',#1875,.T.);
#1875 = EDGE_LOOP('',(#1876,#1884,#1885,#1886));
#1876 = ORIENTED_EDGE('',*,*,#1877,.F.);
#1877 = EDGE_CURVE('',#1532,#1878,#1880,.T.);
#1878 = VERTEX_POINT('',#1879);
#1879 = CARTESIAN_POINT('',(-234.,145.,56.));
#1880 = LINE('',#1881,#1882);
#1881 = CARTESIAN_POINT('',(-250.,145.,56.));
#1882 = VECTOR('',#1883,1.);
#1883 = DIRECTION('',(1.,0.,0.));
#1884 = ORIENTED_EDGE('',*,*,#1539,.T.);
#1885 = ORIENTED_EDGE('',*,*,#1592,.T.);
#1886 = ORIENTED_EDGE('',*,*,#1887,.T.);
#1887 = EDGE_CURVE('',#1593,#1878,#1888,.T.);
#1888 = LINE('',#1889,#1890);
#1889 = CARTESIAN_POINT('',(-234.,145.,56.));
#1890 = VECTOR('',#1891,1.);
#1891 = DIRECTION('',(0.,0.,-1.));
#1892 = PLANE('',#1893);
#1893 = AXIS2_PLACEMENT_3D('',#1894,#1895,#1896);
#1894 = CARTESIAN_POINT('',(-250.,145.,56.));
#1895 = DIRECTION('',(0.,1.,0.));
#1896 = DIRECTION('',(0.,0.,1.));
#1897 = ADVANCED_FACE('',(#1898,#2037,#2048,#2059,#2070,#2081,#2092,
    #2103,#2114),#2125,.F.);
#1898 = FACE_BOUND('',#1899,.F.);
#1899 = EDGE_LOOP('',(#1900,#1901,#1902,#1903,#1911,#1919,#1927,#1935,
    #1943,#1951,#1959,#1967,#1975,#1983,#1991,#1999,#2007,#2015,#2023,
    #2031));
#1900 = ORIENTED_EDGE('',*,*,#1877,.F.);
#1901 = ORIENTED_EDGE('',*,*,#1531,.F.);
#1902 = ORIENTED_EDGE('',*,*,#1561,.T.);
#1903 = ORIENTED_EDGE('',*,*,#1904,.T.);
#1904 = EDGE_CURVE('',#1562,#1905,#1907,.T.);
#1905 = VERTEX_POINT('',#1906);
#1906 = CARTESIAN_POINT('',(-234.,-62.,56.));
#1907 = LINE('',#1908,#1909);
#1908 = CARTESIAN_POINT('',(-234.,-148.,56.));
#1909 = VECTOR('',#1910,1.);
#1910 = DIRECTION('',(0.,1.,0.));
#1911 = ORIENTED_EDGE('',*,*,#1912,.T.);
#1912 = EDGE_CURVE('',#1905,#1913,#1915,.T.);
#1913 = VERTEX_POINT('',#1914);
#1914 = CARTESIAN_POINT('',(-116.,-62.,56.));
#1915 = LINE('',#1916,#1917);
#1916 = CARTESIAN_POINT('',(-234.,-62.,56.));
#1917 = VECTOR('',#1918,1.);
#1918 = DIRECTION('',(1.,0.,0.));
#1919 = ORIENTED_EDGE('',*,*,#1920,.F.);
#1920 = EDGE_CURVE('',#1921,#1913,#1923,.T.);
#1921 = VERTEX_POINT('',#1922);
#1922 = CARTESIAN_POINT('',(-116.,-145.,56.));
#1923 = LINE('',#1924,#1925);
#1924 = CARTESIAN_POINT('',(-116.,-148.,56.));
#1925 = VECTOR('',#1926,1.);
#1926 = DIRECTION('',(0.,1.,0.));
#1927 = ORIENTED_EDGE('',*,*,#1928,.T.);
#1928 = EDGE_CURVE('',#1921,#1929,#1931,.T.);
#1929 = VERTEX_POINT('',#1930);
#1930 = CARTESIAN_POINT('',(116.,-145.,56.));
#1931 = LINE('',#1932,#1933);
#1932 = CARTESIAN_POINT('',(-250.,-145.,56.));
#1933 = VECTOR('',#1934,1.);
#1934 = DIRECTION('',(1.,0.,0.));
#1935 = ORIENTED_EDGE('',*,*,#1936,.T.);
#1936 = EDGE_CURVE('',#1929,#1937,#1939,.T.);
#1937 = VERTEX_POINT('',#1938);
#1938 = CARTESIAN_POINT('',(116.,-62.,56.));
#1939 = LINE('',#1940,#1941);
#1940 = CARTESIAN_POINT('',(116.,-148.,56.));
#1941 = VECTOR('',#1942,1.);
#1942 = DIRECTION('',(0.,1.,0.));
#1943 = ORIENTED_EDGE('',*,*,#1944,.T.);
#1944 = EDGE_CURVE('',#1937,#1945,#1947,.T.);
#1945 = VERTEX_POINT('',#1946);
#1946 = CARTESIAN_POINT('',(234.,-62.,56.));
#1947 = LINE('',#1948,#1949);
#1948 = CARTESIAN_POINT('',(116.,-62.,56.));
#1949 = VECTOR('',#1950,1.);
#1950 = DIRECTION('',(1.,0.,0.));
#1951 = ORIENTED_EDGE('',*,*,#1952,.F.);
#1952 = EDGE_CURVE('',#1953,#1945,#1955,.T.);
#1953 = VERTEX_POINT('',#1954);
#1954 = CARTESIAN_POINT('',(234.,-145.,56.));
#1955 = LINE('',#1956,#1957);
#1956 = CARTESIAN_POINT('',(234.,-148.,56.));
#1957 = VECTOR('',#1958,1.);
#1958 = DIRECTION('',(0.,1.,0.));
#1959 = ORIENTED_EDGE('',*,*,#1960,.T.);
#1960 = EDGE_CURVE('',#1953,#1961,#1963,.T.);
#1961 = VERTEX_POINT('',#1962);
#1962 = CARTESIAN_POINT('',(250.,-145.,56.));
#1963 = LINE('',#1964,#1965);
#1964 = CARTESIAN_POINT('',(-250.,-145.,56.));
#1965 = VECTOR('',#1966,1.);
#1966 = DIRECTION('',(1.,0.,0.));
#1967 = ORIENTED_EDGE('',*,*,#1968,.T.);
#1968 = EDGE_CURVE('',#1961,#1969,#1971,.T.);
#1969 = VERTEX_POINT('',#1970);
#1970 = CARTESIAN_POINT('',(250.,145.,56.));
#1971 = LINE('',#1972,#1973);
#1972 = CARTESIAN_POINT('',(250.,-145.,56.));
#1973 = VECTOR('',#1974,1.);
#1974 = DIRECTION('',(0.,1.,0.));
#1975 = ORIENTED_EDGE('',*,*,#1976,.F.);
#1976 = EDGE_CURVE('',#1977,#1969,#1979,.T.);
#1977 = VERTEX_POINT('',#1978);
#1978 = CARTESIAN_POINT('',(234.,145.,56.));
#1979 = LINE('',#1980,#1981);
#1980 = CARTESIAN_POINT('',(-250.,145.,56.));
#1981 = VECTOR('',#1982,1.);
#1982 = DIRECTION('',(1.,0.,0.));
#1983 = ORIENTED_EDGE('',*,*,#1984,.F.);
#1984 = EDGE_CURVE('',#1985,#1977,#1987,.T.);
#1985 = VERTEX_POINT('',#1986);
#1986 = CARTESIAN_POINT('',(234.,62.,56.));
#1987 = LINE('',#1988,#1989);
#1988 = CARTESIAN_POINT('',(234.,62.,56.));
#1989 = VECTOR('',#1990,1.);
#1990 = DIRECTION('',(0.,1.,0.));
#1991 = ORIENTED_EDGE('',*,*,#1992,.F.);
#1992 = EDGE_CURVE('',#1993,#1985,#1995,.T.);
#1993 = VERTEX_POINT('',#1994);
#1994 = CARTESIAN_POINT('',(116.,62.,56.));
#1995 = LINE('',#1996,#1997);
#1996 = CARTESIAN_POINT('',(116.,62.,56.));
#1997 = VECTOR('',#1998,1.);
#1998 = DIRECTION('',(1.,0.,0.));
#1999 = ORIENTED_EDGE('',*,*,#2000,.T.);
#2000 = EDGE_CURVE('',#1993,#2001,#2003,.T.);
#2001 = VERTEX_POINT('',#2002);
#2002 = CARTESIAN_POINT('',(116.,145.,56.));
#2003 = LINE('',#2004,#2005);
#2004 = CARTESIAN_POINT('',(116.,62.,56.));
#2005 = VECTOR('',#2006,1.);
#2006 = DIRECTION('',(0.,1.,0.));
#2007 = ORIENTED_EDGE('',*,*,#2008,.F.);
#2008 = EDGE_CURVE('',#2009,#2001,#2011,.T.);
#2009 = VERTEX_POINT('',#2010);
#2010 = CARTESIAN_POINT('',(-116.,145.,56.));
#2011 = LINE('',#2012,#2013);
#2012 = CARTESIAN_POINT('',(-250.,145.,56.));
#2013 = VECTOR('',#2014,1.);
#2014 = DIRECTION('',(1.,0.,0.));
#2015 = ORIENTED_EDGE('',*,*,#2016,.F.);
#2016 = EDGE_CURVE('',#2017,#2009,#2019,.T.);
#2017 = VERTEX_POINT('',#2018);
#2018 = CARTESIAN_POINT('',(-116.,62.,56.));
#2019 = LINE('',#2020,#2021);
#2020 = CARTESIAN_POINT('',(-116.,62.,56.));
#2021 = VECTOR('',#2022,1.);
#2022 = DIRECTION('',(0.,1.,0.));
#2023 = ORIENTED_EDGE('',*,*,#2024,.F.);
#2024 = EDGE_CURVE('',#2025,#2017,#2027,.T.);
#2025 = VERTEX_POINT('',#2026);
#2026 = CARTESIAN_POINT('',(-234.,62.,56.));
#2027 = LINE('',#2028,#2029);
#2028 = CARTESIAN_POINT('',(-234.,62.,56.));
#2029 = VECTOR('',#2030,1.);
#2030 = DIRECTION('',(1.,0.,0.));
#2031 = ORIENTED_EDGE('',*,*,#2032,.T.);
#2032 = EDGE_CURVE('',#2025,#1878,#2033,.T.);
#2033 = LINE('',#2034,#2035);
#2034 = CARTESIAN_POINT('',(-234.,62.,56.));
#2035 = VECTOR('',#2036,1.);
#2036 = DIRECTION('',(0.,1.,0.));
#2037 = FACE_BOUND('',#2038,.F.);
#2038 = EDGE_LOOP('',(#2039));
#2039 = ORIENTED_EDGE('',*,*,#2040,.F.);
#2040 = EDGE_CURVE('',#2041,#2041,#2043,.T.);
#2041 = VERTEX_POINT('',#2042);
#2042 = CARTESIAN_POINT('',(-98.3,-85.,56.));
#2043 = CIRCLE('',#2044,1.7);
#2044 = AXIS2_PLACEMENT_3D('',#2045,#2046,#2047);
#2045 = CARTESIAN_POINT('',(-100.,-85.,56.));
#2046 = DIRECTION('',(0.,0.,1.));
#2047 = DIRECTION('',(1.,0.,0.));
#2048 = FACE_BOUND('',#2049,.F.);
#2049 = EDGE_LOOP('',(#2050));
#2050 = ORIENTED_EDGE('',*,*,#2051,.F.);
#2051 = EDGE_CURVE('',#2052,#2052,#2054,.T.);
#2052 = VERTEX_POINT('',#2053);
#2053 = CARTESIAN_POINT('',(-27.65,-24.5,56.));
#2054 = CIRCLE('',#2055,1.35);
#2055 = AXIS2_PLACEMENT_3D('',#2056,#2057,#2058);
#2056 = CARTESIAN_POINT('',(-29.,-24.5,56.));
#2057 = DIRECTION('',(0.,0.,1.));
#2058 = DIRECTION('',(1.,0.,0.));
#2059 = FACE_BOUND('',#2060,.F.);
#2060 = EDGE_LOOP('',(#2061));
#2061 = ORIENTED_EDGE('',*,*,#2062,.F.);
#2062 = EDGE_CURVE('',#2063,#2063,#2065,.T.);
#2063 = VERTEX_POINT('',#2064);
#2064 = CARTESIAN_POINT('',(101.7,-85.,56.));
#2065 = CIRCLE('',#2066,1.7);
#2066 = AXIS2_PLACEMENT_3D('',#2067,#2068,#2069);
#2067 = CARTESIAN_POINT('',(100.,-85.,56.));
#2068 = DIRECTION('',(0.,0.,1.));
#2069 = DIRECTION('',(1.,0.,0.));
#2070 = FACE_BOUND('',#2071,.F.);
#2071 = EDGE_LOOP('',(#2072));
#2072 = ORIENTED_EDGE('',*,*,#2073,.F.);
#2073 = EDGE_CURVE('',#2074,#2074,#2076,.T.);
#2074 = VERTEX_POINT('',#2075);
#2075 = CARTESIAN_POINT('',(30.35,-24.5,56.));
#2076 = CIRCLE('',#2077,1.35);
#2077 = AXIS2_PLACEMENT_3D('',#2078,#2079,#2080);
#2078 = CARTESIAN_POINT('',(29.,-24.5,56.));
#2079 = DIRECTION('',(0.,0.,1.));
#2080 = DIRECTION('',(1.,0.,0.));
#2081 = FACE_BOUND('',#2082,.F.);
#2082 = EDGE_LOOP('',(#2083));
#2083 = ORIENTED_EDGE('',*,*,#2084,.F.);
#2084 = EDGE_CURVE('',#2085,#2085,#2087,.T.);
#2085 = VERTEX_POINT('',#2086);
#2086 = CARTESIAN_POINT('',(-27.65,24.5,56.));
#2087 = CIRCLE('',#2088,1.35);
#2088 = AXIS2_PLACEMENT_3D('',#2089,#2090,#2091);
#2089 = CARTESIAN_POINT('',(-29.,24.5,56.));
#2090 = DIRECTION('',(0.,0.,1.));
#2091 = DIRECTION('',(1.,0.,0.));
#2092 = FACE_BOUND('',#2093,.F.);
#2093 = EDGE_LOOP('',(#2094));
#2094 = ORIENTED_EDGE('',*,*,#2095,.F.);
#2095 = EDGE_CURVE('',#2096,#2096,#2098,.T.);
#2096 = VERTEX_POINT('',#2097);
#2097 = CARTESIAN_POINT('',(-98.3,85.,56.));
#2098 = CIRCLE('',#2099,1.7);
#2099 = AXIS2_PLACEMENT_3D('',#2100,#2101,#2102);
#2100 = CARTESIAN_POINT('',(-100.,85.,56.));
#2101 = DIRECTION('',(0.,0.,1.));
#2102 = DIRECTION('',(1.,0.,0.));
#2103 = FACE_BOUND('',#2104,.F.);
#2104 = EDGE_LOOP('',(#2105));
#2105 = ORIENTED_EDGE('',*,*,#2106,.F.);
#2106 = EDGE_CURVE('',#2107,#2107,#2109,.T.);
#2107 = VERTEX_POINT('',#2108);
#2108 = CARTESIAN_POINT('',(30.35,24.5,56.));
#2109 = CIRCLE('',#2110,1.35);
#2110 = AXIS2_PLACEMENT_3D('',#2111,#2112,#2113);
#2111 = CARTESIAN_POINT('',(29.,24.5,56.));
#2112 = DIRECTION('',(0.,0.,1.));
#2113 = DIRECTION('',(1.,0.,0.));
#2114 = FACE_BOUND('',#2115,.F.);
#2115 = EDGE_LOOP('',(#2116));
#2116 = ORIENTED_EDGE('',*,*,#2117,.F.);
#2117 = EDGE_CURVE('',#2118,#2118,#2120,.T.);
#2118 = VERTEX_POINT('',#2119);
#2119 = CARTESIAN_POINT('',(101.7,85.,56.));
#2120 = CIRCLE('',#2121,1.7);
#2121 = AXIS2_PLACEMENT_3D('',#2122,#2123,#2124);
#2122 = CARTESIAN_POINT('',(100.,85.,56.));
#2123 = DIRECTION('',(0.,0.,1.));
#2124 = DIRECTION('',(1.,0.,0.));
#2125 = PLANE('',#2126);
#2126 = AXIS2_PLACEMENT_3D('',#2127,#2128,#2129);
#2127 = CARTESIAN_POINT('',(-250.,-145.,56.));
#2128 = DIRECTION('',(0.,0.,1.));
#2129 = DIRECTION('',(1.,0.,0.));
#2130 = ADVANCED_FACE('',(#2131),#2142,.T.);
#2131 = FACE_BOUND('',#2132,.T.);
#2132 = EDGE_LOOP('',(#2133,#2134,#2135,#2136));
#2133 = ORIENTED_EDGE('',*,*,#1602,.F.);
#2134 = ORIENTED_EDGE('',*,*,#1578,.T.);
#2135 = ORIENTED_EDGE('',*,*,#1904,.T.);
#2136 = ORIENTED_EDGE('',*,*,#2137,.T.);
#2137 = EDGE_CURVE('',#1905,#1603,#2138,.T.);
#2138 = LINE('',#2139,#2140);
#2139 = CARTESIAN_POINT('',(-234.,-62.,56.));
#2140 = VECTOR('',#2141,1.);
#2141 = DIRECTION('',(0.,0.,1.));
#2142 = PLANE('',#2143);
#2143 = AXIS2_PLACEMENT_3D('',#2144,#2145,#2146);
#2144 = CARTESIAN_POINT('',(-234.,-148.,56.));
#2145 = DIRECTION('',(1.,0.,0.));
#2146 = DIRECTION('',(0.,0.,1.));
#2147 = ADVANCED_FACE('',(#2148),#2159,.T.);
#2148 = FACE_BOUND('',#2149,.T.);
#2149 = EDGE_LOOP('',(#2150,#2156,#2157,#2158));
#2150 = ORIENTED_EDGE('',*,*,#2151,.F.);
#2151 = EDGE_CURVE('',#2025,#1723,#2152,.T.);
#2152 = LINE('',#2153,#2154);
#2153 = CARTESIAN_POINT('',(-234.,62.,56.));
#2154 = VECTOR('',#2155,1.);
#2155 = DIRECTION('',(0.,0.,1.));
#2156 = ORIENTED_EDGE('',*,*,#2032,.T.);
#2157 = ORIENTED_EDGE('',*,*,#1887,.F.);
#2158 = ORIENTED_EDGE('',*,*,#1730,.F.);
#2159 = PLANE('',#2160);
#2160 = AXIS2_PLACEMENT_3D('',#2161,#2162,#2163);
#2161 = CARTESIAN_POINT('',(-234.,62.,56.));
#2162 = DIRECTION('',(1.,0.,0.));
#2163 = DIRECTION('',(0.,0.,1.));
#2164 = ADVANCED_FACE('',(#2165),#2176,.T.);
#2165 = FACE_BOUND('',#2166,.T.);
#2166 = EDGE_LOOP('',(#2167,#2168,#2169,#2170));
#2167 = ORIENTED_EDGE('',*,*,#2024,.F.);
#2168 = ORIENTED_EDGE('',*,*,#2151,.T.);
#2169 = ORIENTED_EDGE('',*,*,#1722,.T.);
#2170 = ORIENTED_EDGE('',*,*,#2171,.F.);
#2171 = EDGE_CURVE('',#2017,#1715,#2172,.T.);
#2172 = LINE('',#2173,#2174);
#2173 = CARTESIAN_POINT('',(-116.,62.,56.));
#2174 = VECTOR('',#2175,1.);
#2175 = DIRECTION('',(0.,0.,1.));
#2176 = PLANE('',#2177);
#2177 = AXIS2_PLACEMENT_3D('',#2178,#2179,#2180);
#2178 = CARTESIAN_POINT('',(-234.,62.,56.));
#2179 = DIRECTION('',(0.,1.,0.));
#2180 = DIRECTION('',(0.,0.,1.));
#2181 = ADVANCED_FACE('',(#2182),#2193,.F.);
#2182 = FACE_BOUND('',#2183,.F.);
#2183 = EDGE_LOOP('',(#2184,#2185,#2186,#2192));
#2184 = ORIENTED_EDGE('',*,*,#2171,.F.);
#2185 = ORIENTED_EDGE('',*,*,#2016,.T.);
#2186 = ORIENTED_EDGE('',*,*,#2187,.F.);
#2187 = EDGE_CURVE('',#1707,#2009,#2188,.T.);
#2188 = LINE('',#2189,#2190);
#2189 = CARTESIAN_POINT('',(-116.,145.,56.));
#2190 = VECTOR('',#2191,1.);
#2191 = DIRECTION('',(0.,0.,-1.));
#2192 = ORIENTED_EDGE('',*,*,#1714,.F.);
#2193 = PLANE('',#2194);
#2194 = AXIS2_PLACEMENT_3D('',#2195,#2196,#2197);
#2195 = CARTESIAN_POINT('',(-116.,62.,56.));
#2196 = DIRECTION('',(1.,0.,0.));
#2197 = DIRECTION('',(0.,0.,1.));
#2198 = ADVANCED_FACE('',(#2199),#2210,.F.);
#2199 = FACE_BOUND('',#2200,.F.);
#2200 = EDGE_LOOP('',(#2201,#2202,#2203,#2204));
#2201 = ORIENTED_EDGE('',*,*,#1912,.F.);
#2202 = ORIENTED_EDGE('',*,*,#2137,.T.);
#2203 = ORIENTED_EDGE('',*,*,#1610,.T.);
#2204 = ORIENTED_EDGE('',*,*,#2205,.F.);
#2205 = EDGE_CURVE('',#1913,#1611,#2206,.T.);
#2206 = LINE('',#2207,#2208);
#2207 = CARTESIAN_POINT('',(-116.,-62.,56.));
#2208 = VECTOR('',#2209,1.);
#2209 = DIRECTION('',(0.,0.,1.));
#2210 = PLANE('',#2211);
#2211 = AXIS2_PLACEMENT_3D('',#2212,#2213,#2214);
#2212 = CARTESIAN_POINT('',(-234.,-62.,56.));
#2213 = DIRECTION('',(0.,1.,0.));
#2214 = DIRECTION('',(0.,0.,1.));
#2215 = ADVANCED_FACE('',(#2216),#2227,.T.);
#2216 = FACE_BOUND('',#2217,.T.);
#2217 = EDGE_LOOP('',(#2218,#2219,#2220,#2221));
#2218 = ORIENTED_EDGE('',*,*,#2008,.F.);
#2219 = ORIENTED_EDGE('',*,*,#2187,.F.);
#2220 = ORIENTED_EDGE('',*,*,#1706,.T.);
#2221 = ORIENTED_EDGE('',*,*,#2222,.T.);
#2222 = EDGE_CURVE('',#1699,#2001,#2223,.T.);
#2223 = LINE('',#2224,#2225);
#2224 = CARTESIAN_POINT('',(116.,145.,56.));
#2225 = VECTOR('',#2226,1.);
#2226 = DIRECTION('',(0.,0.,-1.));
#2227 = PLANE('',#2228);
#2228 = AXIS2_PLACEMENT_3D('',#2229,#2230,#2231);
#2229 = CARTESIAN_POINT('',(-250.,145.,56.));
#2230 = DIRECTION('',(0.,1.,0.));
#2231 = DIRECTION('',(0.,0.,1.));
#2232 = ADVANCED_FACE('',(#2233),#2244,.F.);
#2233 = FACE_BOUND('',#2234,.F.);
#2234 = EDGE_LOOP('',(#2235,#2236,#2242,#2243));
#2235 = ORIENTED_EDGE('',*,*,#1618,.F.);
#2236 = ORIENTED_EDGE('',*,*,#2237,.T.);
#2237 = EDGE_CURVE('',#1619,#1921,#2238,.T.);
#2238 = LINE('',#2239,#2240);
#2239 = CARTESIAN_POINT('',(-116.,-145.,56.));
#2240 = VECTOR('',#2241,1.);
#2241 = DIRECTION('',(0.,0.,-1.));
#2242 = ORIENTED_EDGE('',*,*,#1920,.T.);
#2243 = ORIENTED_EDGE('',*,*,#2205,.T.);
#2244 = PLANE('',#2245);
#2245 = AXIS2_PLACEMENT_3D('',#2246,#2247,#2248);
#2246 = CARTESIAN_POINT('',(-116.,-148.,56.));
#2247 = DIRECTION('',(1.,0.,0.));
#2248 = DIRECTION('',(0.,0.,1.));
#2249 = ADVANCED_FACE('',(#2250),#2261,.T.);
#2250 = FACE_BOUND('',#2251,.T.);
#2251 = EDGE_LOOP('',(#2252,#2258,#2259,#2260));
#2252 = ORIENTED_EDGE('',*,*,#2253,.F.);
#2253 = EDGE_CURVE('',#1993,#1691,#2254,.T.);
#2254 = LINE('',#2255,#2256);
#2255 = CARTESIAN_POINT('',(116.,62.,56.));
#2256 = VECTOR('',#2257,1.);
#2257 = DIRECTION('',(0.,0.,1.));
#2258 = ORIENTED_EDGE('',*,*,#2000,.T.);
#2259 = ORIENTED_EDGE('',*,*,#2222,.F.);
#2260 = ORIENTED_EDGE('',*,*,#1698,.F.);
#2261 = PLANE('',#2262);
#2262 = AXIS2_PLACEMENT_3D('',#2263,#2264,#2265);
#2263 = CARTESIAN_POINT('',(116.,62.,56.));
#2264 = DIRECTION('',(1.,0.,0.));
#2265 = DIRECTION('',(0.,0.,1.));
#2266 = ADVANCED_FACE('',(#2267),#2278,.F.);
#2267 = FACE_BOUND('',#2268,.F.);
#2268 = EDGE_LOOP('',(#2269,#2270,#2271,#2272));
#2269 = ORIENTED_EDGE('',*,*,#1928,.F.);
#2270 = ORIENTED_EDGE('',*,*,#2237,.F.);
#2271 = ORIENTED_EDGE('',*,*,#1626,.T.);
#2272 = ORIENTED_EDGE('',*,*,#2273,.T.);
#2273 = EDGE_CURVE('',#1627,#1929,#2274,.T.);
#2274 = LINE('',#2275,#2276);
#2275 = CARTESIAN_POINT('',(116.,-145.,56.));
#2276 = VECTOR('',#2277,1.);
#2277 = DIRECTION('',(0.,0.,-1.));
#2278 = PLANE('',#2279);
#2279 = AXIS2_PLACEMENT_3D('',#2280,#2281,#2282);
#2280 = CARTESIAN_POINT('',(-250.,-145.,56.));
#2281 = DIRECTION('',(0.,1.,0.));
#2282 = DIRECTION('',(0.,0.,1.));
#2283 = ADVANCED_FACE('',(#2284),#2295,.T.);
#2284 = FACE_BOUND('',#2285,.T.);
#2285 = EDGE_LOOP('',(#2286,#2287,#2288,#2289));
#2286 = ORIENTED_EDGE('',*,*,#1992,.F.);
#2287 = ORIENTED_EDGE('',*,*,#2253,.T.);
#2288 = ORIENTED_EDGE('',*,*,#1690,.T.);
#2289 = ORIENTED_EDGE('',*,*,#2290,.F.);
#2290 = EDGE_CURVE('',#1985,#1683,#2291,.T.);
#2291 = LINE('',#2292,#2293);
#2292 = CARTESIAN_POINT('',(234.,62.,56.));
#2293 = VECTOR('',#2294,1.);
#2294 = DIRECTION('',(0.,0.,1.));
#2295 = PLANE('',#2296);
#2296 = AXIS2_PLACEMENT_3D('',#2297,#2298,#2299);
#2297 = CARTESIAN_POINT('',(116.,62.,56.));
#2298 = DIRECTION('',(0.,1.,0.));
#2299 = DIRECTION('',(0.,0.,1.));
#2300 = ADVANCED_FACE('',(#2301),#2312,.T.);
#2301 = FACE_BOUND('',#2302,.T.);
#2302 = EDGE_LOOP('',(#2303,#2304,#2305,#2306));
#2303 = ORIENTED_EDGE('',*,*,#1634,.F.);
#2304 = ORIENTED_EDGE('',*,*,#2273,.T.);
#2305 = ORIENTED_EDGE('',*,*,#1936,.T.);
#2306 = ORIENTED_EDGE('',*,*,#2307,.T.);
#2307 = EDGE_CURVE('',#1937,#1635,#2308,.T.);
#2308 = LINE('',#2309,#2310);
#2309 = CARTESIAN_POINT('',(116.,-62.,56.));
#2310 = VECTOR('',#2311,1.);
#2311 = DIRECTION('',(0.,0.,1.));
#2312 = PLANE('',#2313);
#2313 = AXIS2_PLACEMENT_3D('',#2314,#2315,#2316);
#2314 = CARTESIAN_POINT('',(116.,-148.,56.));
#2315 = DIRECTION('',(1.,0.,0.));
#2316 = DIRECTION('',(0.,0.,1.));
#2317 = ADVANCED_FACE('',(#2318),#2329,.F.);
#2318 = FACE_BOUND('',#2319,.F.);
#2319 = EDGE_LOOP('',(#2320,#2321,#2322,#2328));
#2320 = ORIENTED_EDGE('',*,*,#2290,.F.);
#2321 = ORIENTED_EDGE('',*,*,#1984,.T.);
#2322 = ORIENTED_EDGE('',*,*,#2323,.F.);
#2323 = EDGE_CURVE('',#1675,#1977,#2324,.T.);
#2324 = LINE('',#2325,#2326);
#2325 = CARTESIAN_POINT('',(234.,145.,56.));
#2326 = VECTOR('',#2327,1.);
#2327 = DIRECTION('',(0.,0.,-1.));
#2328 = ORIENTED_EDGE('',*,*,#1682,.F.);
#2329 = PLANE('',#2330);
#2330 = AXIS2_PLACEMENT_3D('',#2331,#2332,#2333);
#2331 = CARTESIAN_POINT('',(234.,62.,56.));
#2332 = DIRECTION('',(1.,0.,0.));
#2333 = DIRECTION('',(0.,0.,1.));
#2334 = ADVANCED_FACE('',(#2335),#2346,.F.);
#2335 = FACE_BOUND('',#2336,.F.);
#2336 = EDGE_LOOP('',(#2337,#2338,#2339,#2340));
#2337 = ORIENTED_EDGE('',*,*,#1944,.F.);
#2338 = ORIENTED_EDGE('',*,*,#2307,.T.);
#2339 = ORIENTED_EDGE('',*,*,#1642,.T.);
#2340 = ORIENTED_EDGE('',*,*,#2341,.F.);
#2341 = EDGE_CURVE('',#1945,#1643,#2342,.T.);
#2342 = LINE('',#2343,#2344);
#2343 = CARTESIAN_POINT('',(234.,-62.,56.));
#2344 = VECTOR('',#2345,1.);
#2345 = DIRECTION('',(0.,0.,1.));
#2346 = PLANE('',#2347);
#2347 = AXIS2_PLACEMENT_3D('',#2348,#2349,#2350);
#2348 = CARTESIAN_POINT('',(116.,-62.,56.));
#2349 = DIRECTION('',(0.,1.,0.));
#2350 = DIRECTION('',(0.,0.,1.));
#2351 = ADVANCED_FACE('',(#2352),#2363,.T.);
#2352 = FACE_BOUND('',#2353,.T.);
#2353 = EDGE_LOOP('',(#2354,#2355,#2356,#2357));
#2354 = ORIENTED_EDGE('',*,*,#1976,.F.);
#2355 = ORIENTED_EDGE('',*,*,#2323,.F.);
#2356 = ORIENTED_EDGE('',*,*,#1674,.T.);
#2357 = ORIENTED_EDGE('',*,*,#2358,.F.);
#2358 = EDGE_CURVE('',#1969,#1667,#2359,.T.);
#2359 = LINE('',#2360,#2361);
#2360 = CARTESIAN_POINT('',(250.,145.,56.));
#2361 = VECTOR('',#2362,1.);
#2362 = DIRECTION('',(0.,0.,1.));
#2363 = PLANE('',#2364);
#2364 = AXIS2_PLACEMENT_3D('',#2365,#2366,#2367);
#2365 = CARTESIAN_POINT('',(-250.,145.,56.));
#2366 = DIRECTION('',(0.,1.,0.));
#2367 = DIRECTION('',(0.,0.,1.));
#2368 = ADVANCED_FACE('',(#2369),#2380,.F.);
#2369 = FACE_BOUND('',#2370,.F.);
#2370 = EDGE_LOOP('',(#2371,#2372,#2378,#2379));
#2371 = ORIENTED_EDGE('',*,*,#1650,.F.);
#2372 = ORIENTED_EDGE('',*,*,#2373,.T.);
#2373 = EDGE_CURVE('',#1651,#1953,#2374,.T.);
#2374 = LINE('',#2375,#2376);
#2375 = CARTESIAN_POINT('',(234.,-145.,56.));
#2376 = VECTOR('',#2377,1.);
#2377 = DIRECTION('',(0.,0.,-1.));
#2378 = ORIENTED_EDGE('',*,*,#1952,.T.);
#2379 = ORIENTED_EDGE('',*,*,#2341,.T.);
#2380 = PLANE('',#2381);
#2381 = AXIS2_PLACEMENT_3D('',#2382,#2383,#2384);
#2382 = CARTESIAN_POINT('',(234.,-148.,56.));
#2383 = DIRECTION('',(1.,0.,0.));
#2384 = DIRECTION('',(0.,0.,1.));
#2385 = ADVANCED_FACE('',(#2386),#2397,.T.);
#2386 = FACE_BOUND('',#2387,.T.);
#2387 = EDGE_LOOP('',(#2388,#2394,#2395,#2396));
#2388 = ORIENTED_EDGE('',*,*,#2389,.F.);
#2389 = EDGE_CURVE('',#1961,#1659,#2390,.T.);
#2390 = LINE('',#2391,#2392);
#2391 = CARTESIAN_POINT('',(250.,-145.,56.));
#2392 = VECTOR('',#2393,1.);
#2393 = DIRECTION('',(0.,0.,1.));
#2394 = ORIENTED_EDGE('',*,*,#1968,.T.);
#2395 = ORIENTED_EDGE('',*,*,#2358,.T.);
#2396 = ORIENTED_EDGE('',*,*,#1666,.F.);
#2397 = PLANE('',#2398);
#2398 = AXIS2_PLACEMENT_3D('',#2399,#2400,#2401);
#2399 = CARTESIAN_POINT('',(250.,-145.,56.));
#2400 = DIRECTION('',(1.,0.,0.));
#2401 = DIRECTION('',(0.,0.,1.));
#2402 = ADVANCED_FACE('',(#2403),#2409,.F.);
#2403 = FACE_BOUND('',#2404,.F.);
#2404 = EDGE_LOOP('',(#2405,#2406,#2407,#2408));
#2405 = ORIENTED_EDGE('',*,*,#1960,.F.);
#2406 = ORIENTED_EDGE('',*,*,#2373,.F.);
#2407 = ORIENTED_EDGE('',*,*,#1658,.T.);
#2408 = ORIENTED_EDGE('',*,*,#2389,.F.);
#2409 = PLANE('',#2410);
#2410 = AXIS2_PLACEMENT_3D('',#2411,#2412,#2413);
#2411 = CARTESIAN_POINT('',(-250.,-145.,56.));
#2412 = DIRECTION('',(0.,1.,0.));
#2413 = DIRECTION('',(0.,0.,1.));
#2414 = ADVANCED_FACE('',(#2415),#2426,.F.);
#2415 = FACE_BOUND('',#2416,.F.);
#2416 = EDGE_LOOP('',(#2417,#2418,#2424,#2425));
#2417 = ORIENTED_EDGE('',*,*,#1738,.F.);
#2418 = ORIENTED_EDGE('',*,*,#2419,.F.);
#2419 = EDGE_CURVE('',#2041,#1739,#2420,.T.);
#2420 = LINE('',#2421,#2422);
#2421 = CARTESIAN_POINT('',(-98.3,-85.,56.));
#2422 = VECTOR('',#2423,1.);
#2423 = DIRECTION('',(0.,0.,1.));
#2424 = ORIENTED_EDGE('',*,*,#2040,.T.);
#2425 = ORIENTED_EDGE('',*,*,#2419,.T.);
#2426 = CYLINDRICAL_SURFACE('',#2427,1.7);
#2427 = AXIS2_PLACEMENT_3D('',#2428,#2429,#2430);
#2428 = CARTESIAN_POINT('',(-100.,-85.,56.));
#2429 = DIRECTION('',(0.,0.,1.));
#2430 = DIRECTION('',(1.,0.,0.));
#2431 = ADVANCED_FACE('',(#2432),#2443,.F.);
#2432 = FACE_BOUND('',#2433,.F.);
#2433 = EDGE_LOOP('',(#2434,#2435,#2441,#2442));
#2434 = ORIENTED_EDGE('',*,*,#1749,.F.);
#2435 = ORIENTED_EDGE('',*,*,#2436,.F.);
#2436 = EDGE_CURVE('',#2052,#1750,#2437,.T.);
#2437 = LINE('',#2438,#2439);
#2438 = CARTESIAN_POINT('',(-27.65,-24.5,56.));
#2439 = VECTOR('',#2440,1.);
#2440 = DIRECTION('',(0.,0.,1.));
#2441 = ORIENTED_EDGE('',*,*,#2051,.T.);
#2442 = ORIENTED_EDGE('',*,*,#2436,.T.);
#2443 = CYLINDRICAL_SURFACE('',#2444,1.35);
#2444 = AXIS2_PLACEMENT_3D('',#2445,#2446,#2447);
#2445 = CARTESIAN_POINT('',(-29.,-24.5,56.));
#2446 = DIRECTION('',(0.,0.,1.));
#2447 = DIRECTION('',(1.,0.,0.));
#2448 = ADVANCED_FACE('',(#2449),#2460,.F.);
#2449 = FACE_BOUND('',#2450,.F.);
#2450 = EDGE_LOOP('',(#2451,#2452,#2458,#2459));
#2451 = ORIENTED_EDGE('',*,*,#1760,.F.);
#2452 = ORIENTED_EDGE('',*,*,#2453,.F.);
#2453 = EDGE_CURVE('',#2063,#1761,#2454,.T.);
#2454 = LINE('',#2455,#2456);
#2455 = CARTESIAN_POINT('',(101.7,-85.,56.));
#2456 = VECTOR('',#2457,1.);
#2457 = DIRECTION('',(0.,0.,1.));
#2458 = ORIENTED_EDGE('',*,*,#2062,.T.);
#2459 = ORIENTED_EDGE('',*,*,#2453,.T.);
#2460 = CYLINDRICAL_SURFACE('',#2461,1.7);
#2461 = AXIS2_PLACEMENT_3D('',#2462,#2463,#2464);
#2462 = CARTESIAN_POINT('',(100.,-85.,56.));
#2463 = DIRECTION('',(0.,0.,1.));
#2464 = DIRECTION('',(1.,0.,0.));
#2465 = ADVANCED_FACE('',(#2466),#2477,.F.);
#2466 = FACE_BOUND('',#2467,.F.);
#2467 = EDGE_LOOP('',(#2468,#2469,#2475,#2476));
#2468 = ORIENTED_EDGE('',*,*,#1771,.F.);
#2469 = ORIENTED_EDGE('',*,*,#2470,.F.);
#2470 = EDGE_CURVE('',#2074,#1772,#2471,.T.);
#2471 = LINE('',#2472,#2473);
#2472 = CARTESIAN_POINT('',(30.35,-24.5,56.));
#2473 = VECTOR('',#2474,1.);
#2474 = DIRECTION('',(0.,0.,1.));
#2475 = ORIENTED_EDGE('',*,*,#2073,.T.);
#2476 = ORIENTED_EDGE('',*,*,#2470,.T.);
#2477 = CYLINDRICAL_SURFACE('',#2478,1.35);
#2478 = AXIS2_PLACEMENT_3D('',#2479,#2480,#2481);
#2479 = CARTESIAN_POINT('',(29.,-24.5,56.));
#2480 = DIRECTION('',(0.,0.,1.));
#2481 = DIRECTION('',(1.,0.,0.));
#2482 = ADVANCED_FACE('',(#2483),#2502,.T.);
#2483 = FACE_BOUND('',#2484,.T.);
#2484 = EDGE_LOOP('',(#2485,#2494,#2500,#2501));
#2485 = ORIENTED_EDGE('',*,*,#2486,.F.);
#2486 = EDGE_CURVE('',#2487,#2487,#2489,.T.);
#2487 = VERTEX_POINT('',#2488);
#2488 = CARTESIAN_POINT('',(-170.,-6.123233995737E-15,124.));
#2489 = CIRCLE('',#2490,25.);
#2490 = AXIS2_PLACEMENT_3D('',#2491,#2492,#2493);
#2491 = CARTESIAN_POINT('',(-195.,0.,124.));
#2492 = DIRECTION('',(0.,0.,1.));
#2493 = DIRECTION('',(1.,0.,0.));
#2494 = ORIENTED_EDGE('',*,*,#2495,.F.);
#2495 = EDGE_CURVE('',#1783,#2487,#2496,.T.);
#2496 = LINE('',#2497,#2498);
#2497 = CARTESIAN_POINT('',(-170.,-6.123233995737E-15,62.));
#2498 = VECTOR('',#2499,1.);
#2499 = DIRECTION('',(0.,0.,1.));
#2500 = ORIENTED_EDGE('',*,*,#1782,.T.);
#2501 = ORIENTED_EDGE('',*,*,#2495,.T.);
#2502 = CYLINDRICAL_SURFACE('',#2503,25.);
#2503 = AXIS2_PLACEMENT_3D('',#2504,#2505,#2506);
#2504 = CARTESIAN_POINT('',(-195.,0.,62.));
#2505 = DIRECTION('',(0.,0.,1.));
#2506 = DIRECTION('',(1.,0.,0.));
#2507 = ADVANCED_FACE('',(#2508),#2519,.F.);
#2508 = FACE_BOUND('',#2509,.F.);
#2509 = EDGE_LOOP('',(#2510,#2511,#2517,#2518));
#2510 = ORIENTED_EDGE('',*,*,#1793,.F.);
#2511 = ORIENTED_EDGE('',*,*,#2512,.F.);
#2512 = EDGE_CURVE('',#2085,#1794,#2513,.T.);
#2513 = LINE('',#2514,#2515);
#2514 = CARTESIAN_POINT('',(-27.65,24.5,56.));
#2515 = VECTOR('',#2516,1.);
#2516 = DIRECTION('',(0.,0.,1.));
#2517 = ORIENTED_EDGE('',*,*,#2084,.T.);
#2518 = ORIENTED_EDGE('',*,*,#2512,.T.);
#2519 = CYLINDRICAL_SURFACE('',#2520,1.35);
#2520 = AXIS2_PLACEMENT_3D('',#2521,#2522,#2523);
#2521 = CARTESIAN_POINT('',(-29.,24.5,56.));
#2522 = DIRECTION('',(0.,0.,1.));
#2523 = DIRECTION('',(1.,0.,0.));
#2524 = ADVANCED_FACE('',(#2525),#2536,.F.);
#2525 = FACE_BOUND('',#2526,.F.);
#2526 = EDGE_LOOP('',(#2527,#2528,#2534,#2535));
#2527 = ORIENTED_EDGE('',*,*,#1804,.F.);
#2528 = ORIENTED_EDGE('',*,*,#2529,.F.);
#2529 = EDGE_CURVE('',#2096,#1805,#2530,.T.);
#2530 = LINE('',#2531,#2532);
#2531 = CARTESIAN_POINT('',(-98.3,85.,56.));
#2532 = VECTOR('',#2533,1.);
#2533 = DIRECTION('',(0.,0.,1.));
#2534 = ORIENTED_EDGE('',*,*,#2095,.T.);
#2535 = ORIENTED_EDGE('',*,*,#2529,.T.);
#2536 = CYLINDRICAL_SURFACE('',#2537,1.7);
#2537 = AXIS2_PLACEMENT_3D('',#2538,#2539,#2540);
#2538 = CARTESIAN_POINT('',(-100.,85.,56.));
#2539 = DIRECTION('',(0.,0.,1.));
#2540 = DIRECTION('',(1.,0.,0.));
#2541 = ADVANCED_FACE('',(#2542),#2553,.F.);
#2542 = FACE_BOUND('',#2543,.F.);
#2543 = EDGE_LOOP('',(#2544,#2545,#2551,#2552));
#2544 = ORIENTED_EDGE('',*,*,#1815,.F.);
#2545 = ORIENTED_EDGE('',*,*,#2546,.F.);
#2546 = EDGE_CURVE('',#2107,#1816,#2547,.T.);
#2547 = LINE('',#2548,#2549);
#2548 = CARTESIAN_POINT('',(30.35,24.5,56.));
#2549 = VECTOR('',#2550,1.);
#2550 = DIRECTION('',(0.,0.,1.));
#2551 = ORIENTED_EDGE('',*,*,#2106,.T.);
#2552 = ORIENTED_EDGE('',*,*,#2546,.T.);
#2553 = CYLINDRICAL_SURFACE('',#2554,1.35);
#2554 = AXIS2_PLACEMENT_3D('',#2555,#2556,#2557);
#2555 = CARTESIAN_POINT('',(29.,24.5,56.));
#2556 = DIRECTION('',(0.,0.,1.));
#2557 = DIRECTION('',(1.,0.,0.));
#2558 = ADVANCED_FACE('',(#2559),#2616,.F.);
#2559 = FACE_BOUND('',#2560,.F.);
#2560 = EDGE_LOOP('',(#2561,#2569,#2570,#2578,#2586,#2594,#2602,#2610));
#2561 = ORIENTED_EDGE('',*,*,#2562,.F.);
#2562 = EDGE_CURVE('',#1829,#2563,#2565,.T.);
#2563 = VERTEX_POINT('',#2564);
#2564 = CARTESIAN_POINT('',(227.5,-12.,79.32566413814));
#2565 = LINE('',#2566,#2567);
#2566 = CARTESIAN_POINT('',(227.5,-12.,62.));
#2567 = VECTOR('',#2568,1.);
#2568 = DIRECTION('',(0.,0.,1.));
#2569 = ORIENTED_EDGE('',*,*,#1826,.F.);
#2570 = ORIENTED_EDGE('',*,*,#2571,.T.);
#2571 = EDGE_CURVE('',#1827,#2572,#2574,.T.);
#2572 = VERTEX_POINT('',#2573);
#2573 = CARTESIAN_POINT('',(212.5,-12.,112.));
#2574 = LINE('',#2575,#2576);
#2575 = CARTESIAN_POINT('',(212.5,-12.,62.));
#2576 = VECTOR('',#2577,1.);
#2577 = DIRECTION('',(0.,0.,1.));
#2578 = ORIENTED_EDGE('',*,*,#2579,.T.);
#2579 = EDGE_CURVE('',#2572,#2580,#2582,.T.);
#2580 = VERTEX_POINT('',#2581);
#2581 = CARTESIAN_POINT('',(227.5,-12.,112.));
#2582 = LINE('',#2583,#2584);
#2583 = CARTESIAN_POINT('',(212.5,-12.,112.));
#2584 = VECTOR('',#2585,1.);
#2585 = DIRECTION('',(1.,0.,0.));
#2586 = ORIENTED_EDGE('',*,*,#2587,.F.);
#2587 = EDGE_CURVE('',#2588,#2580,#2590,.T.);
#2588 = VERTEX_POINT('',#2589);
#2589 = CARTESIAN_POINT('',(227.5,-12.,103.37433586186));
#2590 = LINE('',#2591,#2592);
#2591 = CARTESIAN_POINT('',(227.5,-12.,62.));
#2592 = VECTOR('',#2593,1.);
#2593 = DIRECTION('',(0.,0.,1.));
#2594 = ORIENTED_EDGE('',*,*,#2595,.T.);
#2595 = EDGE_CURVE('',#2588,#2596,#2598,.T.);
#2596 = VERTEX_POINT('',#2597);
#2597 = CARTESIAN_POINT('',(221.80081303686,-12.,76.56176927556));
#2598 = LINE('',#2599,#2600);
#2599 = CARTESIAN_POINT('',(220.1190873651,-12.,68.649872044316));
#2600 = VECTOR('',#2601,1.);
#2601 = DIRECTION('',(-0.207911690818,0.,-0.978147600734));
#2602 = ORIENTED_EDGE('',*,*,#2603,.T.);
#2603 = EDGE_CURVE('',#2596,#2604,#2606,.T.);
#2604 = VERTEX_POINT('',#2605);
#2605 = CARTESIAN_POINT('',(226.69155104053,-12.,75.522210821472));
#2606 = LINE('',#2607,#2608);
#2607 = CARTESIAN_POINT('',(218.83213219019,-12.,77.192781869025));
#2608 = VECTOR('',#2609,1.);
#2609 = DIRECTION('',(0.978147600734,0.,-0.207911690818));
#2610 = ORIENTED_EDGE('',*,*,#2611,.F.);
#2611 = EDGE_CURVE('',#2563,#2604,#2612,.T.);
#2612 = LINE('',#2613,#2614);
#2613 = CARTESIAN_POINT('',(225.00982536877,-12.,67.610313590227));
#2614 = VECTOR('',#2615,1.);
#2615 = DIRECTION('',(-0.207911690818,0.,-0.978147600734));
#2616 = PLANE('',#2617);
#2617 = AXIS2_PLACEMENT_3D('',#2618,#2619,#2620);
#2618 = CARTESIAN_POINT('',(212.5,-12.,62.));
#2619 = DIRECTION('',(0.,1.,0.));
#2620 = DIRECTION('',(0.,0.,1.));
#2621 = ADVANCED_FACE('',(#2622),#2640,.F.);
#2622 = FACE_BOUND('',#2623,.F.);
#2623 = EDGE_LOOP('',(#2624,#2625,#2626,#2634));
#2624 = ORIENTED_EDGE('',*,*,#2571,.F.);
#2625 = ORIENTED_EDGE('',*,*,#1836,.T.);
#2626 = ORIENTED_EDGE('',*,*,#2627,.T.);
#2627 = EDGE_CURVE('',#1837,#2628,#2630,.T.);
#2628 = VERTEX_POINT('',#2629);
#2629 = CARTESIAN_POINT('',(212.5,12.,112.));
#2630 = LINE('',#2631,#2632);
#2631 = CARTESIAN_POINT('',(212.5,12.,62.));
#2632 = VECTOR('',#2633,1.);
#2633 = DIRECTION('',(0.,0.,1.));
#2634 = ORIENTED_EDGE('',*,*,#2635,.F.);
#2635 = EDGE_CURVE('',#2572,#2628,#2636,.T.);
#2636 = LINE('',#2637,#2638);
#2637 = CARTESIAN_POINT('',(212.5,-12.,112.));
#2638 = VECTOR('',#2639,1.);
#2639 = DIRECTION('',(0.,1.,0.));
#2640 = PLANE('',#2641);
#2641 = AXIS2_PLACEMENT_3D('',#2642,#2643,#2644);
#2642 = CARTESIAN_POINT('',(212.5,-12.,62.));
#2643 = DIRECTION('',(1.,0.,0.));
#2644 = DIRECTION('',(0.,0.,1.));
#2645 = ADVANCED_FACE('',(#2646),#2664,.T.);
#2646 = FACE_BOUND('',#2647,.T.);
#2647 = EDGE_LOOP('',(#2648,#2649,#2650,#2658));
#2648 = ORIENTED_EDGE('',*,*,#2562,.F.);
#2649 = ORIENTED_EDGE('',*,*,#1852,.T.);
#2650 = ORIENTED_EDGE('',*,*,#2651,.T.);
#2651 = EDGE_CURVE('',#1845,#2652,#2654,.T.);
#2652 = VERTEX_POINT('',#2653);
#2653 = CARTESIAN_POINT('',(227.5,12.,79.32566413814));
#2654 = LINE('',#2655,#2656);
#2655 = CARTESIAN_POINT('',(227.5,12.,62.));
#2656 = VECTOR('',#2657,1.);
#2657 = DIRECTION('',(0.,0.,1.));
#2658 = ORIENTED_EDGE('',*,*,#2659,.F.);
#2659 = EDGE_CURVE('',#2563,#2652,#2660,.T.);
#2660 = LINE('',#2661,#2662);
#2661 = CARTESIAN_POINT('',(227.5,-20.15,79.32566413814));
#2662 = VECTOR('',#2663,1.);
#2663 = DIRECTION('',(0.,1.,0.));
#2664 = PLANE('',#2665);
#2665 = AXIS2_PLACEMENT_3D('',#2666,#2667,#2668);
#2666 = CARTESIAN_POINT('',(227.5,-12.,62.));
#2667 = DIRECTION('',(1.,0.,0.));
#2668 = DIRECTION('',(0.,0.,1.));
#2669 = ADVANCED_FACE('',(#2670),#2713,.T.);
#2670 = FACE_BOUND('',#2671,.T.);
#2671 = EDGE_LOOP('',(#2672,#2673,#2674,#2675,#2683,#2691,#2699,#2707));
#2672 = ORIENTED_EDGE('',*,*,#2651,.F.);
#2673 = ORIENTED_EDGE('',*,*,#1844,.F.);
#2674 = ORIENTED_EDGE('',*,*,#2627,.T.);
#2675 = ORIENTED_EDGE('',*,*,#2676,.T.);
#2676 = EDGE_CURVE('',#2628,#2677,#2679,.T.);
#2677 = VERTEX_POINT('',#2678);
#2678 = CARTESIAN_POINT('',(227.5,12.,112.));
#2679 = LINE('',#2680,#2681);
#2680 = CARTESIAN_POINT('',(212.5,12.,112.));
#2681 = VECTOR('',#2682,1.);
#2682 = DIRECTION('',(1.,0.,0.));
#2683 = ORIENTED_EDGE('',*,*,#2684,.F.);
#2684 = EDGE_CURVE('',#2685,#2677,#2687,.T.);
#2685 = VERTEX_POINT('',#2686);
#2686 = CARTESIAN_POINT('',(227.5,12.,103.37433586186));
#2687 = LINE('',#2688,#2689);
#2688 = CARTESIAN_POINT('',(227.5,12.,62.));
#2689 = VECTOR('',#2690,1.);
#2690 = DIRECTION('',(0.,0.,1.));
#2691 = ORIENTED_EDGE('',*,*,#2692,.T.);
#2692 = EDGE_CURVE('',#2685,#2693,#2695,.T.);
#2693 = VERTEX_POINT('',#2694);
#2694 = CARTESIAN_POINT('',(221.80081303686,12.,76.56176927556));
#2695 = LINE('',#2696,#2697);
#2696 = CARTESIAN_POINT('',(220.1190873651,12.,68.649872044316));
#2697 = VECTOR('',#2698,1.);
#2698 = DIRECTION('',(-0.207911690818,0.,-0.978147600734));
#2699 = ORIENTED_EDGE('',*,*,#2700,.T.);
#2700 = EDGE_CURVE('',#2693,#2701,#2703,.T.);
#2701 = VERTEX_POINT('',#2702);
#2702 = CARTESIAN_POINT('',(226.69155104053,12.,75.522210821472));
#2703 = LINE('',#2704,#2705);
#2704 = CARTESIAN_POINT('',(218.83213219019,12.,77.192781869025));
#2705 = VECTOR('',#2706,1.);
#2706 = DIRECTION('',(0.978147600734,0.,-0.207911690818));
#2707 = ORIENTED_EDGE('',*,*,#2708,.F.);
#2708 = EDGE_CURVE('',#2652,#2701,#2709,.T.);
#2709 = LINE('',#2710,#2711);
#2710 = CARTESIAN_POINT('',(225.00982536877,12.,67.610313590227));
#2711 = VECTOR('',#2712,1.);
#2712 = DIRECTION('',(-0.207911690818,0.,-0.978147600734));
#2713 = PLANE('',#2714);
#2714 = AXIS2_PLACEMENT_3D('',#2715,#2716,#2717);
#2715 = CARTESIAN_POINT('',(212.5,12.,62.));
#2716 = DIRECTION('',(0.,1.,0.));
#2717 = DIRECTION('',(0.,0.,1.));
#2718 = ADVANCED_FACE('',(#2719),#2730,.F.);
#2719 = FACE_BOUND('',#2720,.F.);
#2720 = EDGE_LOOP('',(#2721,#2722,#2728,#2729));
#2721 = ORIENTED_EDGE('',*,*,#1860,.F.);
#2722 = ORIENTED_EDGE('',*,*,#2723,.F.);
#2723 = EDGE_CURVE('',#2118,#1861,#2724,.T.);
#2724 = LINE('',#2725,#2726);
#2725 = CARTESIAN_POINT('',(101.7,85.,56.));
#2726 = VECTOR('',#2727,1.);
#2727 = DIRECTION('',(0.,0.,1.));
#2728 = ORIENTED_EDGE('',*,*,#2117,.T.);
#2729 = ORIENTED_EDGE('',*,*,#2723,.T.);
#2730 = CYLINDRICAL_SURFACE('',#2731,1.7);
#2731 = AXIS2_PLACEMENT_3D('',#2732,#2733,#2734);
#2732 = CARTESIAN_POINT('',(100.,85.,56.));
#2733 = DIRECTION('',(0.,0.,1.));
#2734 = DIRECTION('',(1.,0.,0.));
#2735 = ADVANCED_FACE('',(#2736,#2747,#2758,#2769,#2772,#2783),#2794,.F.
  );
#2736 = FACE_BOUND('',#2737,.F.);
#2737 = EDGE_LOOP('',(#2738));
#2738 = ORIENTED_EDGE('',*,*,#2739,.T.);
#2739 = EDGE_CURVE('',#2740,#2740,#2742,.T.);
#2740 = VERTEX_POINT('',#2741);
#2741 = CARTESIAN_POINT('',(-145.,-1.224646799147E-14,124.));
#2742 = CIRCLE('',#2743,50.);
#2743 = AXIS2_PLACEMENT_3D('',#2744,#2745,#2746);
#2744 = CARTESIAN_POINT('',(-195.,0.,124.));
#2745 = DIRECTION('',(0.,0.,1.));
#2746 = DIRECTION('',(1.,0.,0.));
#2747 = FACE_BOUND('',#2748,.F.);
#2748 = EDGE_LOOP('',(#2749));
#2749 = ORIENTED_EDGE('',*,*,#2750,.F.);
#2750 = EDGE_CURVE('',#2751,#2751,#2753,.T.);
#2751 = VERTEX_POINT('',#2752);
#2752 = CARTESIAN_POINT('',(-193.55,-37.5,124.));
#2753 = CIRCLE('',#2754,1.45);
#2754 = AXIS2_PLACEMENT_3D('',#2755,#2756,#2757);
#2755 = CARTESIAN_POINT('',(-195.,-37.5,124.));
#2756 = DIRECTION('',(0.,0.,1.));
#2757 = DIRECTION('',(1.,0.,0.));
#2758 = FACE_BOUND('',#2759,.F.);
#2759 = EDGE_LOOP('',(#2760));
#2760 = ORIENTED_EDGE('',*,*,#2761,.F.);
#2761 = EDGE_CURVE('',#2762,#2762,#2764,.T.);
#2762 = VERTEX_POINT('',#2763);
#2763 = CARTESIAN_POINT('',(-231.05,4.23727792505E-15,124.));
#2764 = CIRCLE('',#2765,1.45);
#2765 = AXIS2_PLACEMENT_3D('',#2766,#2767,#2768);
#2766 = CARTESIAN_POINT('',(-232.5,4.592425496803E-15,124.));
#2767 = DIRECTION('',(0.,0.,1.));
#2768 = DIRECTION('',(1.,0.,0.));
#2769 = FACE_BOUND('',#2770,.F.);
#2770 = EDGE_LOOP('',(#2771));
#2771 = ORIENTED_EDGE('',*,*,#2486,.F.);
#2772 = FACE_BOUND('',#2773,.F.);
#2773 = EDGE_LOOP('',(#2774));
#2774 = ORIENTED_EDGE('',*,*,#2775,.F.);
#2775 = EDGE_CURVE('',#2776,#2776,#2778,.T.);
#2776 = VERTEX_POINT('',#2777);
#2777 = CARTESIAN_POINT('',(-156.05,-3.551475717527E-16,124.));
#2778 = CIRCLE('',#2779,1.45);
#2779 = AXIS2_PLACEMENT_3D('',#2780,#2781,#2782);
#2780 = CARTESIAN_POINT('',(-157.5,0.,124.));
#2781 = DIRECTION('',(0.,0.,1.));
#2782 = DIRECTION('',(1.,0.,0.));
#2783 = FACE_BOUND('',#2784,.F.);
#2784 = EDGE_LOOP('',(#2785));
#2785 = ORIENTED_EDGE('',*,*,#2786,.F.);
#2786 = EDGE_CURVE('',#2787,#2787,#2789,.T.);
#2787 = VERTEX_POINT('',#2788);
#2788 = CARTESIAN_POINT('',(-193.55,37.5,124.));
#2789 = CIRCLE('',#2790,1.45);
#2790 = AXIS2_PLACEMENT_3D('',#2791,#2792,#2793);
#2791 = CARTESIAN_POINT('',(-195.,37.5,124.));
#2792 = DIRECTION('',(0.,0.,1.));
#2793 = DIRECTION('',(1.,0.,0.));
#2794 = PLANE('',#2795);
#2795 = AXIS2_PLACEMENT_3D('',#2796,#2797,#2798);
#2796 = CARTESIAN_POINT('',(-195.,0.,124.));
#2797 = DIRECTION('',(0.,0.,1.));
#2798 = DIRECTION('',(1.,0.,0.));
#2799 = ADVANCED_FACE('',(#2800,#2843,#2854,#2865,#2876),#2887,.T.);
#2800 = FACE_BOUND('',#2801,.T.);
#2801 = EDGE_LOOP('',(#2802,#2812,#2820,#2826,#2827,#2828,#2829,#2837));
#2802 = ORIENTED_EDGE('',*,*,#2803,.F.);
#2803 = EDGE_CURVE('',#2804,#2806,#2808,.T.);
#2804 = VERTEX_POINT('',#2805);
#2805 = CARTESIAN_POINT('',(233.19918696313,-28.3,106.13823072444));
#2806 = VERTEX_POINT('',#2807);
#2807 = CARTESIAN_POINT('',(233.19918696313,28.3,106.13823072444));
#2808 = LINE('',#2809,#2810);
#2809 = CARTESIAN_POINT('',(233.19918696313,-28.3,106.13823072444));
#2810 = VECTOR('',#2811,1.);
#2811 = DIRECTION('',(0.,1.,0.));
#2812 = ORIENTED_EDGE('',*,*,#2813,.F.);
#2813 = EDGE_CURVE('',#2814,#2804,#2816,.T.);
#2814 = VERTEX_POINT('',#2815);
#2815 = CARTESIAN_POINT('',(226.69155104053,-28.3,75.522210821472));
#2816 = LINE('',#2817,#2818);
#2817 = CARTESIAN_POINT('',(226.69155104053,-28.3,75.522210821472));
#2818 = VECTOR('',#2819,1.);
#2819 = DIRECTION('',(0.207911690818,0.,0.978147600734));
#2820 = ORIENTED_EDGE('',*,*,#2821,.T.);
#2821 = EDGE_CURVE('',#2814,#2604,#2822,.T.);
#2822 = LINE('',#2823,#2824);
#2823 = CARTESIAN_POINT('',(226.69155104053,-28.3,75.522210821472));
#2824 = VECTOR('',#2825,1.);
#2825 = DIRECTION('',(0.,1.,0.));
#2826 = ORIENTED_EDGE('',*,*,#2611,.F.);
#2827 = ORIENTED_EDGE('',*,*,#2659,.T.);
#2828 = ORIENTED_EDGE('',*,*,#2708,.T.);
#2829 = ORIENTED_EDGE('',*,*,#2830,.T.);
#2830 = EDGE_CURVE('',#2701,#2831,#2833,.T.);
#2831 = VERTEX_POINT('',#2832);
#2832 = CARTESIAN_POINT('',(226.69155104053,28.3,75.522210821472));
#2833 = LINE('',#2834,#2835);
#2834 = CARTESIAN_POINT('',(226.69155104053,-28.3,75.522210821472));
#2835 = VECTOR('',#2836,1.);
#2836 = DIRECTION('',(0.,1.,0.));
#2837 = ORIENTED_EDGE('',*,*,#2838,.T.);
#2838 = EDGE_CURVE('',#2831,#2806,#2839,.T.);
#2839 = LINE('',#2840,#2841);
#2840 = CARTESIAN_POINT('',(226.69155104053,28.3,75.522210821472));
#2841 = VECTOR('',#2842,1.);
#2842 = DIRECTION('',(0.207911690818,0.,0.978147600734));
#2843 = FACE_BOUND('',#2844,.T.);
#2844 = EDGE_LOOP('',(#2845));
#2845 = ORIENTED_EDGE('',*,*,#2846,.F.);
#2846 = EDGE_CURVE('',#2847,#2847,#2849,.T.);
#2847 = VERTEX_POINT('',#2848);
#2848 = CARTESIAN_POINT('',(230.15328069265,22.3,91.808368373689));
#2849 = CIRCLE('',#2850,1.);
#2850 = AXIS2_PLACEMENT_3D('',#2851,#2852,#2853);
#2851 = CARTESIAN_POINT('',(229.94536900183,22.3,90.830220772956));
#2852 = DIRECTION('',(0.978147600734,0.,-0.207911690818));
#2853 = DIRECTION('',(0.207911690818,0.,0.978147600734));
#2854 = FACE_BOUND('',#2855,.T.);
#2855 = EDGE_LOOP('',(#2856));
#2856 = ORIENTED_EDGE('',*,*,#2857,.F.);
#2857 = EDGE_CURVE('',#2858,#2858,#2860,.T.);
#2858 = VERTEX_POINT('',#2859);
#2859 = CARTESIAN_POINT('',(230.15328069265,2.7,91.808368373689));
#2860 = CIRCLE('',#2861,1.);
#2861 = AXIS2_PLACEMENT_3D('',#2862,#2863,#2864);
#2862 = CARTESIAN_POINT('',(229.94536900183,2.7,90.830220772956));
#2863 = DIRECTION('',(0.978147600734,0.,-0.207911690818));
#2864 = DIRECTION('',(0.207911690818,0.,0.978147600734));
#2865 = FACE_BOUND('',#2866,.T.);
#2866 = EDGE_LOOP('',(#2867));
#2867 = ORIENTED_EDGE('',*,*,#2868,.F.);
#2868 = EDGE_CURVE('',#2869,#2869,#2871,.T.);
#2869 = VERTEX_POINT('',#2870);
#2870 = CARTESIAN_POINT('',(230.15328069265,-3.3,91.808368373689));
#2871 = CIRCLE('',#2872,1.);
#2872 = AXIS2_PLACEMENT_3D('',#2873,#2874,#2875);
#2873 = CARTESIAN_POINT('',(229.94536900183,-3.3,90.830220772956));
#2874 = DIRECTION('',(0.978147600734,0.,-0.207911690818));
#2875 = DIRECTION('',(0.207911690818,0.,0.978147600734));
#2876 = FACE_BOUND('',#2877,.T.);
#2877 = EDGE_LOOP('',(#2878));
#2878 = ORIENTED_EDGE('',*,*,#2879,.F.);
#2879 = EDGE_CURVE('',#2880,#2880,#2882,.T.);
#2880 = VERTEX_POINT('',#2881);
#2881 = CARTESIAN_POINT('',(230.15328069265,-22.3,91.808368373689));
#2882 = CIRCLE('',#2883,1.);
#2883 = AXIS2_PLACEMENT_3D('',#2884,#2885,#2886);
#2884 = CARTESIAN_POINT('',(229.94536900183,-22.3,90.830220772956));
#2885 = DIRECTION('',(0.978147600734,0.,-0.207911690818));
#2886 = DIRECTION('',(0.207911690818,0.,0.978147600734));
#2887 = PLANE('',#2888);
#2888 = AXIS2_PLACEMENT_3D('',#2889,#2890,#2891);
#2889 = CARTESIAN_POINT('',(226.69155104053,-28.3,75.522210821472));
#2890 = DIRECTION('',(0.978147600734,0.,-0.207911690818));
#2891 = DIRECTION('',(0.207911690818,0.,0.978147600734));
#2892 = ADVANCED_FACE('',(#2893),#2911,.F.);
#2893 = FACE_BOUND('',#2894,.F.);
#2894 = EDGE_LOOP('',(#2895,#2903,#2909,#2910));
#2895 = ORIENTED_EDGE('',*,*,#2896,.F.);
#2896 = EDGE_CURVE('',#2897,#2596,#2899,.T.);
#2897 = VERTEX_POINT('',#2898);
#2898 = CARTESIAN_POINT('',(221.80081303686,-28.3,76.56176927556));
#2899 = LINE('',#2900,#2901);
#2900 = CARTESIAN_POINT('',(221.80081303686,-28.3,76.56176927556));
#2901 = VECTOR('',#2902,1.);
#2902 = DIRECTION('',(0.,1.,0.));
#2903 = ORIENTED_EDGE('',*,*,#2904,.T.);
#2904 = EDGE_CURVE('',#2897,#2814,#2905,.T.);
#2905 = LINE('',#2906,#2907);
#2906 = CARTESIAN_POINT('',(221.80081303686,-28.3,76.56176927556));
#2907 = VECTOR('',#2908,1.);
#2908 = DIRECTION('',(0.978147600734,0.,-0.207911690818));
#2909 = ORIENTED_EDGE('',*,*,#2821,.T.);
#2910 = ORIENTED_EDGE('',*,*,#2603,.F.);
#2911 = PLANE('',#2912);
#2912 = AXIS2_PLACEMENT_3D('',#2913,#2914,#2915);
#2913 = CARTESIAN_POINT('',(221.80081303686,-28.3,76.56176927556));
#2914 = DIRECTION('',(0.207911690818,0.,0.978147600734));
#2915 = DIRECTION('',(0.978147600734,0.,-0.207911690818));
#2916 = ADVANCED_FACE('',(#2917,#2958,#2969),#2980,.F.);
#2917 = FACE_BOUND('',#2918,.F.);
#2918 = EDGE_LOOP('',(#2919,#2929,#2935,#2936,#2937,#2943,#2944,#2952));
#2919 = ORIENTED_EDGE('',*,*,#2920,.F.);
#2920 = EDGE_CURVE('',#2921,#2923,#2925,.T.);
#2921 = VERTEX_POINT('',#2922);
#2922 = CARTESIAN_POINT('',(228.30844895946,-28.3,107.17778917852));
#2923 = VERTEX_POINT('',#2924);
#2924 = CARTESIAN_POINT('',(228.30844895946,28.3,107.17778917852));
#2925 = LINE('',#2926,#2927);
#2926 = CARTESIAN_POINT('',(228.30844895946,-28.3,107.17778917852));
#2927 = VECTOR('',#2928,1.);
#2928 = DIRECTION('',(0.,1.,0.));
#2929 = ORIENTED_EDGE('',*,*,#2930,.F.);
#2930 = EDGE_CURVE('',#2897,#2921,#2931,.T.);
#2931 = LINE('',#2932,#2933);
#2932 = CARTESIAN_POINT('',(221.80081303686,-28.3,76.56176927556));
#2933 = VECTOR('',#2934,1.);
#2934 = DIRECTION('',(0.207911690818,0.,0.978147600734));
#2935 = ORIENTED_EDGE('',*,*,#2896,.T.);
#2936 = ORIENTED_EDGE('',*,*,#2595,.F.);
#2937 = ORIENTED_EDGE('',*,*,#2938,.T.);
#2938 = EDGE_CURVE('',#2588,#2685,#2939,.T.);
#2939 = LINE('',#2940,#2941);
#2940 = CARTESIAN_POINT('',(227.5,-20.15,103.37433586186));
#2941 = VECTOR('',#2942,1.);
#2942 = DIRECTION('',(0.,1.,0.));
#2943 = ORIENTED_EDGE('',*,*,#2692,.T.);
#2944 = ORIENTED_EDGE('',*,*,#2945,.T.);
#2945 = EDGE_CURVE('',#2693,#2946,#2948,.T.);
#2946 = VERTEX_POINT('',#2947);
#2947 = CARTESIAN_POINT('',(221.80081303686,28.3,76.56176927556));
#2948 = LINE('',#2949,#2950);
#2949 = CARTESIAN_POINT('',(221.80081303686,-28.3,76.56176927556));
#2950 = VECTOR('',#2951,1.);
#2951 = DIRECTION('',(0.,1.,0.));
#2952 = ORIENTED_EDGE('',*,*,#2953,.T.);
#2953 = EDGE_CURVE('',#2946,#2923,#2954,.T.);
#2954 = LINE('',#2955,#2956);
#2955 = CARTESIAN_POINT('',(221.80081303686,28.3,76.56176927556));
#2956 = VECTOR('',#2957,1.);
#2957 = DIRECTION('',(0.207911690818,0.,0.978147600734));
#2958 = FACE_BOUND('',#2959,.F.);
#2959 = EDGE_LOOP('',(#2960));
#2960 = ORIENTED_EDGE('',*,*,#2961,.F.);
#2961 = EDGE_CURVE('',#2962,#2962,#2964,.T.);
#2962 = VERTEX_POINT('',#2963);
#2963 = CARTESIAN_POINT('',(225.26254268898,22.3,92.847926827778));
#2964 = CIRCLE('',#2965,1.);
#2965 = AXIS2_PLACEMENT_3D('',#2966,#2967,#2968);
#2966 = CARTESIAN_POINT('',(225.05463099816,22.3,91.869779227044));
#2967 = DIRECTION('',(0.978147600734,0.,-0.207911690818));
#2968 = DIRECTION('',(0.207911690818,0.,0.978147600734));
#2969 = FACE_BOUND('',#2970,.F.);
#2970 = EDGE_LOOP('',(#2971));
#2971 = ORIENTED_EDGE('',*,*,#2972,.F.);
#2972 = EDGE_CURVE('',#2973,#2973,#2975,.T.);
#2973 = VERTEX_POINT('',#2974);
#2974 = CARTESIAN_POINT('',(225.26254268898,-22.3,92.847926827778));
#2975 = CIRCLE('',#2976,1.);
#2976 = AXIS2_PLACEMENT_3D('',#2977,#2978,#2979);
#2977 = CARTESIAN_POINT('',(225.05463099816,-22.3,91.869779227044));
#2978 = DIRECTION('',(0.978147600734,0.,-0.207911690818));
#2979 = DIRECTION('',(0.207911690818,0.,0.978147600734));
#2980 = PLANE('',#2981);
#2981 = AXIS2_PLACEMENT_3D('',#2982,#2983,#2984);
#2982 = CARTESIAN_POINT('',(221.80081303686,-28.3,76.56176927556));
#2983 = DIRECTION('',(0.978147600734,0.,-0.207911690818));
#2984 = DIRECTION('',(0.207911690818,0.,0.978147600734));
#2985 = ADVANCED_FACE('',(#2986),#2997,.T.);
#2986 = FACE_BOUND('',#2987,.T.);
#2987 = EDGE_LOOP('',(#2988,#2989,#2990,#2991));
#2988 = ORIENTED_EDGE('',*,*,#2587,.F.);
#2989 = ORIENTED_EDGE('',*,*,#2938,.T.);
#2990 = ORIENTED_EDGE('',*,*,#2684,.T.);
#2991 = ORIENTED_EDGE('',*,*,#2992,.F.);
#2992 = EDGE_CURVE('',#2580,#2677,#2993,.T.);
#2993 = LINE('',#2994,#2995);
#2994 = CARTESIAN_POINT('',(227.5,-12.,112.));
#2995 = VECTOR('',#2996,1.);
#2996 = DIRECTION('',(0.,1.,0.));
#2997 = PLANE('',#2998);
#2998 = AXIS2_PLACEMENT_3D('',#2999,#3000,#3001);
#2999 = CARTESIAN_POINT('',(227.5,-12.,62.));
#3000 = DIRECTION('',(1.,0.,0.));
#3001 = DIRECTION('',(0.,0.,1.));
#3002 = ADVANCED_FACE('',(#3003),#3009,.T.);
#3003 = FACE_BOUND('',#3004,.T.);
#3004 = EDGE_LOOP('',(#3005,#3006,#3007,#3008));
#3005 = ORIENTED_EDGE('',*,*,#2635,.F.);
#3006 = ORIENTED_EDGE('',*,*,#2579,.T.);
#3007 = ORIENTED_EDGE('',*,*,#2992,.T.);
#3008 = ORIENTED_EDGE('',*,*,#2676,.F.);
#3009 = PLANE('',#3010);
#3010 = AXIS2_PLACEMENT_3D('',#3011,#3012,#3013);
#3011 = CARTESIAN_POINT('',(212.5,-12.,112.));
#3012 = DIRECTION('',(0.,0.,1.));
#3013 = DIRECTION('',(1.,0.,0.));
#3014 = ADVANCED_FACE('',(#3015),#3026,.F.);
#3015 = FACE_BOUND('',#3016,.F.);
#3016 = EDGE_LOOP('',(#3017,#3018,#3019,#3020));
#3017 = ORIENTED_EDGE('',*,*,#2945,.F.);
#3018 = ORIENTED_EDGE('',*,*,#2700,.T.);
#3019 = ORIENTED_EDGE('',*,*,#2830,.T.);
#3020 = ORIENTED_EDGE('',*,*,#3021,.F.);
#3021 = EDGE_CURVE('',#2946,#2831,#3022,.T.);
#3022 = LINE('',#3023,#3024);
#3023 = CARTESIAN_POINT('',(221.80081303686,28.3,76.56176927556));
#3024 = VECTOR('',#3025,1.);
#3025 = DIRECTION('',(0.978147600734,0.,-0.207911690818));
#3026 = PLANE('',#3027);
#3027 = AXIS2_PLACEMENT_3D('',#3028,#3029,#3030);
#3028 = CARTESIAN_POINT('',(221.80081303686,-28.3,76.56176927556));
#3029 = DIRECTION('',(0.207911690818,0.,0.978147600734));
#3030 = DIRECTION('',(0.978147600734,0.,-0.207911690818));
#3031 = ADVANCED_FACE('',(#3032),#3051,.T.);
#3032 = FACE_BOUND('',#3033,.T.);
#3033 = EDGE_LOOP('',(#3034,#3043,#3049,#3050));
#3034 = ORIENTED_EDGE('',*,*,#3035,.F.);
#3035 = EDGE_CURVE('',#3036,#3036,#3038,.T.);
#3036 = VERTEX_POINT('',#3037);
#3037 = CARTESIAN_POINT('',(-145.,-1.224646799147E-14,132.));
#3038 = CIRCLE('',#3039,50.);
#3039 = AXIS2_PLACEMENT_3D('',#3040,#3041,#3042);
#3040 = CARTESIAN_POINT('',(-195.,0.,132.));
#3041 = DIRECTION('',(0.,0.,1.));
#3042 = DIRECTION('',(1.,0.,0.));
#3043 = ORIENTED_EDGE('',*,*,#3044,.F.);
#3044 = EDGE_CURVE('',#2740,#3036,#3045,.T.);
#3045 = LINE('',#3046,#3047);
#3046 = CARTESIAN_POINT('',(-145.,-1.224646799147E-14,124.));
#3047 = VECTOR('',#3048,1.);
#3048 = DIRECTION('',(0.,0.,1.));
#3049 = ORIENTED_EDGE('',*,*,#2739,.T.);
#3050 = ORIENTED_EDGE('',*,*,#3044,.T.);
#3051 = CYLINDRICAL_SURFACE('',#3052,50.);
#3052 = AXIS2_PLACEMENT_3D('',#3053,#3054,#3055);
#3053 = CARTESIAN_POINT('',(-195.,0.,124.));
#3054 = DIRECTION('',(0.,0.,1.));
#3055 = DIRECTION('',(1.,0.,0.));
#3056 = ADVANCED_FACE('',(#3057),#3076,.F.);
#3057 = FACE_BOUND('',#3058,.F.);
#3058 = EDGE_LOOP('',(#3059,#3068,#3074,#3075));
#3059 = ORIENTED_EDGE('',*,*,#3060,.F.);
#3060 = EDGE_CURVE('',#3061,#3061,#3063,.T.);
#3061 = VERTEX_POINT('',#3062);
#3062 = CARTESIAN_POINT('',(-193.55,-37.5,132.));
#3063 = CIRCLE('',#3064,1.45);
#3064 = AXIS2_PLACEMENT_3D('',#3065,#3066,#3067);
#3065 = CARTESIAN_POINT('',(-195.,-37.5,132.));
#3066 = DIRECTION('',(0.,0.,1.));
#3067 = DIRECTION('',(1.,0.,0.));
#3068 = ORIENTED_EDGE('',*,*,#3069,.F.);
#3069 = EDGE_CURVE('',#2751,#3061,#3070,.T.);
#3070 = LINE('',#3071,#3072);
#3071 = CARTESIAN_POINT('',(-193.55,-37.5,124.));
#3072 = VECTOR('',#3073,1.);
#3073 = DIRECTION('',(0.,0.,1.));
#3074 = ORIENTED_EDGE('',*,*,#2750,.T.);
#3075 = ORIENTED_EDGE('',*,*,#3069,.T.);
#3076 = CYLINDRICAL_SURFACE('',#3077,1.45);
#3077 = AXIS2_PLACEMENT_3D('',#3078,#3079,#3080);
#3078 = CARTESIAN_POINT('',(-195.,-37.5,124.));
#3079 = DIRECTION('',(0.,0.,1.));
#3080 = DIRECTION('',(1.,0.,0.));
#3081 = ADVANCED_FACE('',(#3082),#3101,.F.);
#3082 = FACE_BOUND('',#3083,.F.);
#3083 = EDGE_LOOP('',(#3084,#3093,#3099,#3100));
#3084 = ORIENTED_EDGE('',*,*,#3085,.F.);
#3085 = EDGE_CURVE('',#3086,#3086,#3088,.T.);
#3086 = VERTEX_POINT('',#3087);
#3087 = CARTESIAN_POINT('',(-231.05,4.23727792505E-15,132.));
#3088 = CIRCLE('',#3089,1.45);
#3089 = AXIS2_PLACEMENT_3D('',#3090,#3091,#3092);
#3090 = CARTESIAN_POINT('',(-232.5,4.592425496803E-15,132.));
#3091 = DIRECTION('',(0.,0.,1.));
#3092 = DIRECTION('',(1.,0.,0.));
#3093 = ORIENTED_EDGE('',*,*,#3094,.F.);
#3094 = EDGE_CURVE('',#2762,#3086,#3095,.T.);
#3095 = LINE('',#3096,#3097);
#3096 = CARTESIAN_POINT('',(-231.05,4.23727792505E-15,124.));
#3097 = VECTOR('',#3098,1.);
#3098 = DIRECTION('',(0.,0.,1.));
#3099 = ORIENTED_EDGE('',*,*,#2761,.T.);
#3100 = ORIENTED_EDGE('',*,*,#3094,.T.);
#3101 = CYLINDRICAL_SURFACE('',#3102,1.45);
#3102 = AXIS2_PLACEMENT_3D('',#3103,#3104,#3105);
#3103 = CARTESIAN_POINT('',(-232.5,4.592425496803E-15,124.));
#3104 = DIRECTION('',(0.,0.,1.));
#3105 = DIRECTION('',(1.,0.,0.));
#3106 = ADVANCED_FACE('',(#3107),#3126,.F.);
#3107 = FACE_BOUND('',#3108,.F.);
#3108 = EDGE_LOOP('',(#3109,#3118,#3124,#3125));
#3109 = ORIENTED_EDGE('',*,*,#3110,.F.);
#3110 = EDGE_CURVE('',#3111,#3111,#3113,.T.);
#3111 = VERTEX_POINT('',#3112);
#3112 = CARTESIAN_POINT('',(-156.05,-3.551475717527E-16,132.));
#3113 = CIRCLE('',#3114,1.45);
#3114 = AXIS2_PLACEMENT_3D('',#3115,#3116,#3117);
#3115 = CARTESIAN_POINT('',(-157.5,0.,132.));
#3116 = DIRECTION('',(0.,0.,1.));
#3117 = DIRECTION('',(1.,0.,0.));
#3118 = ORIENTED_EDGE('',*,*,#3119,.F.);
#3119 = EDGE_CURVE('',#2776,#3111,#3120,.T.);
#3120 = LINE('',#3121,#3122);
#3121 = CARTESIAN_POINT('',(-156.05,-3.551475717527E-16,124.));
#3122 = VECTOR('',#3123,1.);
#3123 = DIRECTION('',(0.,0.,1.));
#3124 = ORIENTED_EDGE('',*,*,#2775,.T.);
#3125 = ORIENTED_EDGE('',*,*,#3119,.T.);
#3126 = CYLINDRICAL_SURFACE('',#3127,1.45);
#3127 = AXIS2_PLACEMENT_3D('',#3128,#3129,#3130);
#3128 = CARTESIAN_POINT('',(-157.5,0.,124.));
#3129 = DIRECTION('',(0.,0.,1.));
#3130 = DIRECTION('',(1.,0.,0.));
#3131 = ADVANCED_FACE('',(#3132),#3151,.F.);
#3132 = FACE_BOUND('',#3133,.F.);
#3133 = EDGE_LOOP('',(#3134,#3143,#3149,#3150));
#3134 = ORIENTED_EDGE('',*,*,#3135,.F.);
#3135 = EDGE_CURVE('',#3136,#3136,#3138,.T.);
#3136 = VERTEX_POINT('',#3137);
#3137 = CARTESIAN_POINT('',(-193.55,37.5,132.));
#3138 = CIRCLE('',#3139,1.45);
#3139 = AXIS2_PLACEMENT_3D('',#3140,#3141,#3142);
#3140 = CARTESIAN_POINT('',(-195.,37.5,132.));
#3141 = DIRECTION('',(0.,0.,1.));
#3142 = DIRECTION('',(1.,0.,0.));
#3143 = ORIENTED_EDGE('',*,*,#3144,.F.);
#3144 = EDGE_CURVE('',#2787,#3136,#3145,.T.);
#3145 = LINE('',#3146,#3147);
#3146 = CARTESIAN_POINT('',(-193.55,37.5,124.));
#3147 = VECTOR('',#3148,1.);
#3148 = DIRECTION('',(0.,0.,1.));
#3149 = ORIENTED_EDGE('',*,*,#2786,.T.);
#3150 = ORIENTED_EDGE('',*,*,#3144,.T.);
#3151 = CYLINDRICAL_SURFACE('',#3152,1.45);
#3152 = AXIS2_PLACEMENT_3D('',#3153,#3154,#3155);
#3153 = CARTESIAN_POINT('',(-195.,37.5,124.));
#3154 = DIRECTION('',(0.,0.,1.));
#3155 = DIRECTION('',(1.,0.,0.));
#3156 = ADVANCED_FACE('',(#3157),#3173,.T.);
#3157 = FACE_BOUND('',#3158,.T.);
#3158 = EDGE_LOOP('',(#3159,#3160,#3166,#3167));
#3159 = ORIENTED_EDGE('',*,*,#2920,.F.);
#3160 = ORIENTED_EDGE('',*,*,#3161,.T.);
#3161 = EDGE_CURVE('',#2921,#2804,#3162,.T.);
#3162 = LINE('',#3163,#3164);
#3163 = CARTESIAN_POINT('',(228.30844895946,-28.3,107.17778917852));
#3164 = VECTOR('',#3165,1.);
#3165 = DIRECTION('',(0.978147600734,0.,-0.207911690818));
#3166 = ORIENTED_EDGE('',*,*,#2803,.T.);
#3167 = ORIENTED_EDGE('',*,*,#3168,.F.);
#3168 = EDGE_CURVE('',#2923,#2806,#3169,.T.);
#3169 = LINE('',#3170,#3171);
#3170 = CARTESIAN_POINT('',(228.30844895946,28.3,107.17778917852));
#3171 = VECTOR('',#3172,1.);
#3172 = DIRECTION('',(0.978147600734,0.,-0.207911690818));
#3173 = PLANE('',#3174);
#3174 = AXIS2_PLACEMENT_3D('',#3175,#3176,#3177);
#3175 = CARTESIAN_POINT('',(228.30844895946,-28.3,107.17778917852));
#3176 = DIRECTION('',(0.207911690818,0.,0.978147600734));
#3177 = DIRECTION('',(0.978147600734,0.,-0.207911690818));
#3178 = ADVANCED_FACE('',(#3179),#3185,.T.);
#3179 = FACE_BOUND('',#3180,.T.);
#3180 = EDGE_LOOP('',(#3181,#3182,#3183,#3184));
#3181 = ORIENTED_EDGE('',*,*,#3021,.F.);
#3182 = ORIENTED_EDGE('',*,*,#2953,.T.);
#3183 = ORIENTED_EDGE('',*,*,#3168,.T.);
#3184 = ORIENTED_EDGE('',*,*,#2838,.F.);
#3185 = PLANE('',#3186);
#3186 = AXIS2_PLACEMENT_3D('',#3187,#3188,#3189);
#3187 = CARTESIAN_POINT('',(221.80081303686,28.3,76.56176927556));
#3188 = DIRECTION('',(0.,1.,0.));
#3189 = DIRECTION('',(0.207911690818,0.,0.978147600734));
#3190 = ADVANCED_FACE('',(#3191),#3197,.F.);
#3191 = FACE_BOUND('',#3192,.F.);
#3192 = EDGE_LOOP('',(#3193,#3194,#3195,#3196));
#3193 = ORIENTED_EDGE('',*,*,#2904,.F.);
#3194 = ORIENTED_EDGE('',*,*,#2930,.T.);
#3195 = ORIENTED_EDGE('',*,*,#3161,.T.);
#3196 = ORIENTED_EDGE('',*,*,#2813,.F.);
#3197 = PLANE('',#3198);
#3198 = AXIS2_PLACEMENT_3D('',#3199,#3200,#3201);
#3199 = CARTESIAN_POINT('',(221.80081303686,-28.3,76.56176927556));
#3200 = DIRECTION('',(0.,1.,0.));
#3201 = DIRECTION('',(0.207911690818,0.,0.978147600734));
#3202 = ADVANCED_FACE('',(#3203),#3214,.F.);
#3203 = FACE_BOUND('',#3204,.F.);
#3204 = EDGE_LOOP('',(#3205,#3206,#3212,#3213));
#3205 = ORIENTED_EDGE('',*,*,#2846,.F.);
#3206 = ORIENTED_EDGE('',*,*,#3207,.F.);
#3207 = EDGE_CURVE('',#2962,#2847,#3208,.T.);
#3208 = LINE('',#3209,#3210);
#3209 = CARTESIAN_POINT('',(225.26254268898,22.3,92.847926827778));
#3210 = VECTOR('',#3211,1.);
#3211 = DIRECTION('',(0.978147600734,0.,-0.207911690818));
#3212 = ORIENTED_EDGE('',*,*,#2961,.T.);
#3213 = ORIENTED_EDGE('',*,*,#3207,.T.);
#3214 = CYLINDRICAL_SURFACE('',#3215,1.);
#3215 = AXIS2_PLACEMENT_3D('',#3216,#3217,#3218);
#3216 = CARTESIAN_POINT('',(225.05463099816,22.3,91.869779227044));
#3217 = DIRECTION('',(0.978147600734,0.,-0.207911690818));
#3218 = DIRECTION('',(0.207911690818,0.,0.978147600734));
#3219 = ADVANCED_FACE('',(#3220),#3239,.F.);
#3220 = FACE_BOUND('',#3221,.F.);
#3221 = EDGE_LOOP('',(#3222,#3230,#3231,#3232));
#3222 = ORIENTED_EDGE('',*,*,#3223,.T.);
#3223 = EDGE_CURVE('',#3224,#2858,#3226,.T.);
#3224 = VERTEX_POINT('',#3225);
#3225 = CARTESIAN_POINT('',(227.5,2.7,92.372340594865));
#3226 = LINE('',#3227,#3228);
#3227 = CARTESIAN_POINT('',(225.26254268898,2.7,92.847926827778));
#3228 = VECTOR('',#3229,1.);
#3229 = DIRECTION('',(0.978147600734,0.,-0.207911690818));
#3230 = ORIENTED_EDGE('',*,*,#2857,.F.);
#3231 = ORIENTED_EDGE('',*,*,#3223,.F.);
#3232 = ORIENTED_EDGE('',*,*,#3233,.T.);
#3233 = EDGE_CURVE('',#3224,#3224,#3234,.T.);
#3234 = ELLIPSE('',#3235,1.022340594865,1.);
#3235 = AXIS2_PLACEMENT_3D('',#3236,#3237,#3238);
#3236 = CARTESIAN_POINT('',(227.5,2.7,91.35));
#3237 = DIRECTION('',(1.,-0.,0.));
#3238 = DIRECTION('',(0.,0.,-1.));
#3239 = CYLINDRICAL_SURFACE('',#3240,1.);
#3240 = AXIS2_PLACEMENT_3D('',#3241,#3242,#3243);
#3241 = CARTESIAN_POINT('',(225.05463099816,2.7,91.869779227044));
#3242 = DIRECTION('',(0.978147600734,0.,-0.207911690818));
#3243 = DIRECTION('',(0.207911690818,0.,0.978147600734));
#3244 = ADVANCED_FACE('',(#3245),#3264,.F.);
#3245 = FACE_BOUND('',#3246,.F.);
#3246 = EDGE_LOOP('',(#3247,#3255,#3256,#3257));
#3247 = ORIENTED_EDGE('',*,*,#3248,.T.);
#3248 = EDGE_CURVE('',#3249,#2869,#3251,.T.);
#3249 = VERTEX_POINT('',#3250);
#3250 = CARTESIAN_POINT('',(227.5,-3.3,92.372340594865));
#3251 = LINE('',#3252,#3253);
#3252 = CARTESIAN_POINT('',(225.26254268898,-3.3,92.847926827778));
#3253 = VECTOR('',#3254,1.);
#3254 = DIRECTION('',(0.978147600734,0.,-0.207911690818));
#3255 = ORIENTED_EDGE('',*,*,#2868,.F.);
#3256 = ORIENTED_EDGE('',*,*,#3248,.F.);
#3257 = ORIENTED_EDGE('',*,*,#3258,.T.);
#3258 = EDGE_CURVE('',#3249,#3249,#3259,.T.);
#3259 = ELLIPSE('',#3260,1.022340594865,1.);
#3260 = AXIS2_PLACEMENT_3D('',#3261,#3262,#3263);
#3261 = CARTESIAN_POINT('',(227.5,-3.3,91.35));
#3262 = DIRECTION('',(1.,-0.,0.));
#3263 = DIRECTION('',(0.,0.,-1.));
#3264 = CYLINDRICAL_SURFACE('',#3265,1.);
#3265 = AXIS2_PLACEMENT_3D('',#3266,#3267,#3268);
#3266 = CARTESIAN_POINT('',(225.05463099816,-3.3,91.869779227044));
#3267 = DIRECTION('',(0.978147600734,0.,-0.207911690818));
#3268 = DIRECTION('',(0.207911690818,0.,0.978147600734));
#3269 = ADVANCED_FACE('',(#3270),#3281,.F.);
#3270 = FACE_BOUND('',#3271,.F.);
#3271 = EDGE_LOOP('',(#3272,#3273,#3279,#3280));
#3272 = ORIENTED_EDGE('',*,*,#2879,.F.);
#3273 = ORIENTED_EDGE('',*,*,#3274,.F.);
#3274 = EDGE_CURVE('',#2973,#2880,#3275,.T.);
#3275 = LINE('',#3276,#3277);
#3276 = CARTESIAN_POINT('',(225.26254268898,-22.3,92.847926827778));
#3277 = VECTOR('',#3278,1.);
#3278 = DIRECTION('',(0.978147600734,0.,-0.207911690818));
#3279 = ORIENTED_EDGE('',*,*,#2972,.T.);
#3280 = ORIENTED_EDGE('',*,*,#3274,.T.);
#3281 = CYLINDRICAL_SURFACE('',#3282,1.);
#3282 = AXIS2_PLACEMENT_3D('',#3283,#3284,#3285);
#3283 = CARTESIAN_POINT('',(225.05463099816,-22.3,91.869779227044));
#3284 = DIRECTION('',(0.978147600734,0.,-0.207911690818));
#3285 = DIRECTION('',(0.207911690818,0.,0.978147600734));
#3286 = ADVANCED_FACE('',(#3287,#3290,#3293,#3296,#3299),#3302,.T.);
#3287 = FACE_BOUND('',#3288,.T.);
#3288 = EDGE_LOOP('',(#3289));
#3289 = ORIENTED_EDGE('',*,*,#3035,.T.);
#3290 = FACE_BOUND('',#3291,.T.);
#3291 = EDGE_LOOP('',(#3292));
#3292 = ORIENTED_EDGE('',*,*,#3060,.F.);
#3293 = FACE_BOUND('',#3294,.T.);
#3294 = EDGE_LOOP('',(#3295));
#3295 = ORIENTED_EDGE('',*,*,#3085,.F.);
#3296 = FACE_BOUND('',#3297,.T.);
#3297 = EDGE_LOOP('',(#3298));
#3298 = ORIENTED_EDGE('',*,*,#3110,.F.);
#3299 = FACE_BOUND('',#3300,.T.);
#3300 = EDGE_LOOP('',(#3301));
#3301 = ORIENTED_EDGE('',*,*,#3135,.F.);
#3302 = PLANE('',#3303);
#3303 = AXIS2_PLACEMENT_3D('',#3304,#3305,#3306);
#3304 = CARTESIAN_POINT('',(-195.,0.,132.));
#3305 = DIRECTION('',(0.,0.,1.));
#3306 = DIRECTION('',(1.,0.,0.));
#3307 = ADVANCED_FACE('',(#3308),#3311,.T.);
#3308 = FACE_BOUND('',#3309,.T.);
#3309 = EDGE_LOOP('',(#3310));
#3310 = ORIENTED_EDGE('',*,*,#3233,.T.);
#3311 = PLANE('',#3312);
#3312 = AXIS2_PLACEMENT_3D('',#3313,#3314,#3315);
#3313 = CARTESIAN_POINT('',(227.5,-12.,62.));
#3314 = DIRECTION('',(1.,0.,0.));
#3315 = DIRECTION('',(0.,0.,1.));
#3316 = ADVANCED_FACE('',(#3317),#3320,.T.);
#3317 = FACE_BOUND('',#3318,.T.);
#3318 = EDGE_LOOP('',(#3319));
#3319 = ORIENTED_EDGE('',*,*,#3258,.T.);
#3320 = PLANE('',#3321);
#3321 = AXIS2_PLACEMENT_3D('',#3322,#3323,#3324);
#3322 = CARTESIAN_POINT('',(227.5,-12.,62.));
#3323 = DIRECTION('',(1.,0.,0.));
#3324 = DIRECTION('',(0.,0.,1.));
#3325 = MANIFOLD_SOLID_BREP('',#3326);
#3326 = CLOSED_SHELL('',(#3327,#3367,#3507,#3561,#3756,#3817,#3834,#3881
    ,#3905,#3929,#3946,#3963,#3988,#4005,#4022,#4039,#4056,#4081,#4149,
    #4166,#4183,#4222,#4246,#4270,#4294,#4318,#4342,#4374,#4391,#4408,
    #4418,#4428,#4508,#4533,#4558,#4583,#4607,#4637,#4661,#4686,#4720,
    #4736,#4761,#4786,#4811,#4839,#4874,#4884));
#3327 = ADVANCED_FACE('',(#3328),#3362,.F.);
#3328 = FACE_BOUND('',#3329,.F.);
#3329 = EDGE_LOOP('',(#3330,#3340,#3348,#3356));
#3330 = ORIENTED_EDGE('',*,*,#3331,.F.);
#3331 = EDGE_CURVE('',#3332,#3334,#3336,.T.);
#3332 = VERTEX_POINT('',#3333);
#3333 = CARTESIAN_POINT('',(119.,65.,6.));
#3334 = VERTEX_POINT('',#3335);
#3335 = CARTESIAN_POINT('',(119.,65.,136.));
#3336 = LINE('',#3337,#3338);
#3337 = CARTESIAN_POINT('',(119.,65.,6.));
#3338 = VECTOR('',#3339,1.);
#3339 = DIRECTION('',(0.,0.,1.));
#3340 = ORIENTED_EDGE('',*,*,#3341,.T.);
#3341 = EDGE_CURVE('',#3332,#3342,#3344,.T.);
#3342 = VERTEX_POINT('',#3343);
#3343 = CARTESIAN_POINT('',(119.,145.,6.));
#3344 = LINE('',#3345,#3346);
#3345 = CARTESIAN_POINT('',(119.,65.,6.));
#3346 = VECTOR('',#3347,1.);
#3347 = DIRECTION('',(0.,1.,0.));
#3348 = ORIENTED_EDGE('',*,*,#3349,.T.);
#3349 = EDGE_CURVE('',#3342,#3350,#3352,.T.);
#3350 = VERTEX_POINT('',#3351);
#3351 = CARTESIAN_POINT('',(119.,145.,136.));
#3352 = LINE('',#3353,#3354);
#3353 = CARTESIAN_POINT('',(119.,145.,6.));
#3354 = VECTOR('',#3355,1.);
#3355 = DIRECTION('',(0.,0.,1.));
#3356 = ORIENTED_EDGE('',*,*,#3357,.F.);
#3357 = EDGE_CURVE('',#3334,#3350,#3358,.T.);
#3358 = LINE('',#3359,#3360);
#3359 = CARTESIAN_POINT('',(119.,65.,136.));
#3360 = VECTOR('',#3361,1.);
#3361 = DIRECTION('',(0.,1.,0.));
#3362 = PLANE('',#3363);
#3363 = AXIS2_PLACEMENT_3D('',#3364,#3365,#3366);
#3364 = CARTESIAN_POINT('',(119.,65.,6.));
#3365 = DIRECTION('',(1.,0.,0.));
#3366 = DIRECTION('',(0.,0.,1.));
#3367 = ADVANCED_FACE('',(#3368,#3425,#3436,#3447,#3458,#3469,#3480,
    #3491),#3502,.F.);
#3368 = FACE_BOUND('',#3369,.F.);
#3369 = EDGE_LOOP('',(#3370,#3378,#3379,#3387,#3395,#3403,#3411,#3419));
#3370 = ORIENTED_EDGE('',*,*,#3371,.F.);
#3371 = EDGE_CURVE('',#3332,#3372,#3374,.T.);
#3372 = VERTEX_POINT('',#3373);
#3373 = CARTESIAN_POINT('',(164.9,65.,6.));
#3374 = LINE('',#3375,#3376);
#3375 = CARTESIAN_POINT('',(119.,65.,6.));
#3376 = VECTOR('',#3377,1.);
#3377 = DIRECTION('',(1.,0.,0.));
#3378 = ORIENTED_EDGE('',*,*,#3331,.T.);
#3379 = ORIENTED_EDGE('',*,*,#3380,.T.);
#3380 = EDGE_CURVE('',#3334,#3381,#3383,.T.);
#3381 = VERTEX_POINT('',#3382);
#3382 = CARTESIAN_POINT('',(231.,65.,136.));
#3383 = LINE('',#3384,#3385);
#3384 = CARTESIAN_POINT('',(119.,65.,136.));
#3385 = VECTOR('',#3386,1.);
#3386 = DIRECTION('',(1.,0.,0.));
#3387 = ORIENTED_EDGE('',*,*,#3388,.F.);
#3388 = EDGE_CURVE('',#3389,#3381,#3391,.T.);
#3389 = VERTEX_POINT('',#3390);
#3390 = CARTESIAN_POINT('',(231.,65.,6.));
#3391 = LINE('',#3392,#3393);
#3392 = CARTESIAN_POINT('',(231.,65.,6.));
#3393 = VECTOR('',#3394,1.);
#3394 = DIRECTION('',(0.,0.,1.));
#3395 = ORIENTED_EDGE('',*,*,#3396,.F.);
#3396 = EDGE_CURVE('',#3397,#3389,#3399,.T.);
#3397 = VERTEX_POINT('',#3398);
#3398 = CARTESIAN_POINT('',(185.1,65.,6.));
#3399 = LINE('',#3400,#3401);
#3400 = CARTESIAN_POINT('',(119.,65.,6.));
#3401 = VECTOR('',#3402,1.);
#3402 = DIRECTION('',(1.,0.,0.));
#3403 = ORIENTED_EDGE('',*,*,#3404,.T.);
#3404 = EDGE_CURVE('',#3397,#3405,#3407,.T.);
#3405 = VERTEX_POINT('',#3406);
#3406 = CARTESIAN_POINT('',(185.1,65.,44.));
#3407 = LINE('',#3408,#3409);
#3408 = CARTESIAN_POINT('',(185.1,65.,6.));
#3409 = VECTOR('',#3410,1.);
#3410 = DIRECTION('',(0.,0.,1.));
#3411 = ORIENTED_EDGE('',*,*,#3412,.F.);
#3412 = EDGE_CURVE('',#3413,#3405,#3415,.T.);
#3413 = VERTEX_POINT('',#3414);
#3414 = CARTESIAN_POINT('',(164.9,65.,44.));
#3415 = LINE('',#3416,#3417);
#3416 = CARTESIAN_POINT('',(164.9,65.,44.));
#3417 = VECTOR('',#3418,1.);
#3418 = DIRECTION('',(1.,0.,0.));
#3419 = ORIENTED_EDGE('',*,*,#3420,.F.);
#3420 = EDGE_CURVE('',#3372,#3413,#3421,.T.);
#3421 = LINE('',#3422,#3423);
#3422 = CARTESIAN_POINT('',(164.9,65.,6.));
#3423 = VECTOR('',#3424,1.);
#3424 = DIRECTION('',(0.,0.,1.));
#3425 = FACE_BOUND('',#3426,.F.);
#3426 = EDGE_LOOP('',(#3427));
#3427 = ORIENTED_EDGE('',*,*,#3428,.F.);
#3428 = EDGE_CURVE('',#3429,#3429,#3431,.T.);
#3429 = VERTEX_POINT('',#3430);
#3430 = CARTESIAN_POINT('',(150.25,65.,27.1));
#3431 = CIRCLE('',#3432,2.1);
#3432 = AXIS2_PLACEMENT_3D('',#3433,#3434,#3435);
#3433 = CARTESIAN_POINT('',(150.25,65.,25.));
#3434 = DIRECTION('',(0.,1.,0.));
#3435 = DIRECTION('',(0.,0.,1.));
#3436 = FACE_BOUND('',#3437,.F.);
#3437 = EDGE_LOOP('',(#3438));
#3438 = ORIENTED_EDGE('',*,*,#3439,.F.);
#3439 = EDGE_CURVE('',#3440,#3440,#3442,.T.);
#3440 = VERTEX_POINT('',#3441);
#3441 = CARTESIAN_POINT('',(160.,65.,107.6));
#3442 = CIRCLE('',#3443,1.6);
#3443 = AXIS2_PLACEMENT_3D('',#3444,#3445,#3446);
#3444 = CARTESIAN_POINT('',(160.,65.,106.));
#3445 = DIRECTION('',(0.,1.,0.));
#3446 = DIRECTION('',(0.,0.,1.));
#3447 = FACE_BOUND('',#3448,.F.);
#3448 = EDGE_LOOP('',(#3449));
#3449 = ORIENTED_EDGE('',*,*,#3450,.F.);
#3450 = EDGE_CURVE('',#3451,#3451,#3453,.T.);
#3451 = VERTEX_POINT('',#3452);
#3452 = CARTESIAN_POINT('',(199.75,65.,27.1));
#3453 = CIRCLE('',#3454,2.1);
#3454 = AXIS2_PLACEMENT_3D('',#3455,#3456,#3457);
#3455 = CARTESIAN_POINT('',(199.75,65.,25.));
#3456 = DIRECTION('',(0.,1.,0.));
#3457 = DIRECTION('',(0.,0.,1.));
#3458 = FACE_BOUND('',#3459,.F.);
#3459 = EDGE_LOOP('',(#3460));
#3460 = ORIENTED_EDGE('',*,*,#3461,.F.);
#3461 = EDGE_CURVE('',#3462,#3462,#3464,.T.);
#3462 = VERTEX_POINT('',#3463);
#3463 = CARTESIAN_POINT('',(175.,65.,92.6));
#3464 = CIRCLE('',#3465,1.6);
#3465 = AXIS2_PLACEMENT_3D('',#3466,#3467,#3468);
#3466 = CARTESIAN_POINT('',(175.,65.,91.));
#3467 = DIRECTION('',(0.,1.,0.));
#3468 = DIRECTION('',(0.,0.,1.));
#3469 = FACE_BOUND('',#3470,.F.);
#3470 = EDGE_LOOP('',(#3471));
#3471 = ORIENTED_EDGE('',*,*,#3472,.F.);
#3472 = EDGE_CURVE('',#3473,#3473,#3475,.T.);
#3473 = VERTEX_POINT('',#3474);
#3474 = CARTESIAN_POINT('',(175.,65.,109.));
#3475 = CIRCLE('',#3476,3.);
#3476 = AXIS2_PLACEMENT_3D('',#3477,#3478,#3479);
#3477 = CARTESIAN_POINT('',(175.,65.,106.));
#3478 = DIRECTION('',(0.,1.,0.));
#3479 = DIRECTION('',(0.,0.,1.));
#3480 = FACE_BOUND('',#3481,.F.);
#3481 = EDGE_LOOP('',(#3482));
#3482 = ORIENTED_EDGE('',*,*,#3483,.F.);
#3483 = EDGE_CURVE('',#3484,#3484,#3486,.T.);
#3484 = VERTEX_POINT('',#3485);
#3485 = CARTESIAN_POINT('',(175.,65.,122.6));
#3486 = CIRCLE('',#3487,1.6);
#3487 = AXIS2_PLACEMENT_3D('',#3488,#3489,#3490);
#3488 = CARTESIAN_POINT('',(175.,65.,121.));
#3489 = DIRECTION('',(0.,1.,0.));
#3490 = DIRECTION('',(0.,0.,1.));
#3491 = FACE_BOUND('',#3492,.F.);
#3492 = EDGE_LOOP('',(#3493));
#3493 = ORIENTED_EDGE('',*,*,#3494,.F.);
#3494 = EDGE_CURVE('',#3495,#3495,#3497,.T.);
#3495 = VERTEX_POINT('',#3496);
#3496 = CARTESIAN_POINT('',(190.,65.,107.6));
#3497 = CIRCLE('',#3498,1.6);
#3498 = AXIS2_PLACEMENT_3D('',#3499,#3500,#3501);
#3499 = CARTESIAN_POINT('',(190.,65.,106.));
#3500 = DIRECTION('',(0.,1.,0.));
#3501 = DIRECTION('',(0.,0.,1.));
#3502 = PLANE('',#3503);
#3503 = AXIS2_PLACEMENT_3D('',#3504,#3505,#3506);
#3504 = CARTESIAN_POINT('',(119.,65.,6.));
#3505 = DIRECTION('',(0.,1.,0.));
#3506 = DIRECTION('',(0.,0.,1.));
#3507 = ADVANCED_FACE('',(#3508,#3534,#3545),#3556,.F.);
#3508 = FACE_BOUND('',#3509,.F.);
#3509 = EDGE_LOOP('',(#3510,#3518,#3519,#3520,#3528));
#3510 = ORIENTED_EDGE('',*,*,#3511,.F.);
#3511 = EDGE_CURVE('',#3342,#3512,#3514,.T.);
#3512 = VERTEX_POINT('',#3513);
#3513 = CARTESIAN_POINT('',(160.9,145.,6.));
#3514 = LINE('',#3515,#3516);
#3515 = CARTESIAN_POINT('',(119.,145.,6.));
#3516 = VECTOR('',#3517,1.);
#3517 = DIRECTION('',(1.,0.,0.));
#3518 = ORIENTED_EDGE('',*,*,#3341,.F.);
#3519 = ORIENTED_EDGE('',*,*,#3371,.T.);
#3520 = ORIENTED_EDGE('',*,*,#3521,.T.);
#3521 = EDGE_CURVE('',#3372,#3522,#3524,.T.);
#3522 = VERTEX_POINT('',#3523);
#3523 = CARTESIAN_POINT('',(164.9,145.,6.));
#3524 = LINE('',#3525,#3526);
#3525 = CARTESIAN_POINT('',(164.9,65.,6.));
#3526 = VECTOR('',#3527,1.);
#3527 = DIRECTION('',(0.,1.,0.));
#3528 = ORIENTED_EDGE('',*,*,#3529,.F.);
#3529 = EDGE_CURVE('',#3512,#3522,#3530,.T.);
#3530 = LINE('',#3531,#3532);
#3531 = CARTESIAN_POINT('',(119.,145.,6.));
#3532 = VECTOR('',#3533,1.);
#3533 = DIRECTION('',(1.,0.,0.));
#3534 = FACE_BOUND('',#3535,.F.);
#3535 = EDGE_LOOP('',(#3536));
#3536 = ORIENTED_EDGE('',*,*,#3537,.F.);
#3537 = EDGE_CURVE('',#3538,#3538,#3540,.T.);
#3538 = VERTEX_POINT('',#3539);
#3539 = CARTESIAN_POINT('',(131.1,75.,6.));
#3540 = CIRCLE('',#3541,2.1);
#3541 = AXIS2_PLACEMENT_3D('',#3542,#3543,#3544);
#3542 = CARTESIAN_POINT('',(129.,75.,6.));
#3543 = DIRECTION('',(0.,0.,1.));
#3544 = DIRECTION('',(1.,0.,0.));
#3545 = FACE_BOUND('',#3546,.F.);
#3546 = EDGE_LOOP('',(#3547));
#3547 = ORIENTED_EDGE('',*,*,#3548,.F.);
#3548 = EDGE_CURVE('',#3549,#3549,#3551,.T.);
#3549 = VERTEX_POINT('',#3550);
#3550 = CARTESIAN_POINT('',(131.1,135.,6.));
#3551 = CIRCLE('',#3552,2.1);
#3552 = AXIS2_PLACEMENT_3D('',#3553,#3554,#3555);
#3553 = CARTESIAN_POINT('',(129.,135.,6.));
#3554 = DIRECTION('',(0.,0.,1.));
#3555 = DIRECTION('',(1.,0.,0.));
#3556 = PLANE('',#3557);
#3557 = AXIS2_PLACEMENT_3D('',#3558,#3559,#3560);
#3558 = CARTESIAN_POINT('',(119.,65.,6.));
#3559 = DIRECTION('',(0.,0.,1.));
#3560 = DIRECTION('',(1.,0.,0.));
#3561 = ADVANCED_FACE('',(#3562,#3696,#3707,#3718,#3729,#3740),#3751,.T.
  );
#3562 = FACE_BOUND('',#3563,.T.);
#3563 = EDGE_LOOP('',(#3564,#3565,#3566,#3574,#3582,#3590,#3598,#3607,
    #3616,#3624,#3632,#3640,#3648,#3656,#3664,#3672,#3681,#3690));
#3564 = ORIENTED_EDGE('',*,*,#3511,.F.);
#3565 = ORIENTED_EDGE('',*,*,#3349,.T.);
#3566 = ORIENTED_EDGE('',*,*,#3567,.T.);
#3567 = EDGE_CURVE('',#3350,#3568,#3570,.T.);
#3568 = VERTEX_POINT('',#3569);
#3569 = CARTESIAN_POINT('',(231.,145.,136.));
#3570 = LINE('',#3571,#3572);
#3571 = CARTESIAN_POINT('',(119.,145.,136.));
#3572 = VECTOR('',#3573,1.);
#3573 = DIRECTION('',(1.,0.,0.));
#3574 = ORIENTED_EDGE('',*,*,#3575,.F.);
#3575 = EDGE_CURVE('',#3576,#3568,#3578,.T.);
#3576 = VERTEX_POINT('',#3577);
#3577 = CARTESIAN_POINT('',(231.,145.,6.));
#3578 = LINE('',#3579,#3580);
#3579 = CARTESIAN_POINT('',(231.,145.,6.));
#3580 = VECTOR('',#3581,1.);
#3581 = DIRECTION('',(0.,0.,1.));
#3582 = ORIENTED_EDGE('',*,*,#3583,.F.);
#3583 = EDGE_CURVE('',#3584,#3576,#3586,.T.);
#3584 = VERTEX_POINT('',#3585);
#3585 = CARTESIAN_POINT('',(189.1,145.,6.));
#3586 = LINE('',#3587,#3588);
#3587 = CARTESIAN_POINT('',(119.,145.,6.));
#3588 = VECTOR('',#3589,1.);
#3589 = DIRECTION('',(1.,0.,0.));
#3590 = ORIENTED_EDGE('',*,*,#3591,.T.);
#3591 = EDGE_CURVE('',#3584,#3592,#3594,.T.);
#3592 = VERTEX_POINT('',#3593);
#3593 = CARTESIAN_POINT('',(189.1,145.,104.67712434446));
#3594 = LINE('',#3595,#3596);
#3595 = CARTESIAN_POINT('',(189.1,145.,-65.5));
#3596 = VECTOR('',#3597,1.);
#3597 = DIRECTION('',(0.,0.,1.));
#3598 = ORIENTED_EDGE('',*,*,#3599,.F.);
#3599 = EDGE_CURVE('',#3600,#3592,#3602,.T.);
#3600 = VERTEX_POINT('',#3601);
#3601 = CARTESIAN_POINT('',(190.,145.,107.6));
#3602 = CIRCLE('',#3603,1.6);
#3603 = AXIS2_PLACEMENT_3D('',#3604,#3605,#3606);
#3604 = CARTESIAN_POINT('',(190.,145.,106.));
#3605 = DIRECTION('',(0.,1.,0.));
#3606 = DIRECTION('',(0.,0.,1.));
#3607 = ORIENTED_EDGE('',*,*,#3608,.F.);
#3608 = EDGE_CURVE('',#3609,#3600,#3611,.T.);
#3609 = VERTEX_POINT('',#3610);
#3610 = CARTESIAN_POINT('',(189.1,145.,107.32287565553));
#3611 = CIRCLE('',#3612,1.6);
#3612 = AXIS2_PLACEMENT_3D('',#3613,#3614,#3615);
#3613 = CARTESIAN_POINT('',(190.,145.,106.));
#3614 = DIRECTION('',(0.,1.,0.));
#3615 = DIRECTION('',(0.,0.,1.));
#3616 = ORIENTED_EDGE('',*,*,#3617,.T.);
#3617 = EDGE_CURVE('',#3609,#3618,#3620,.T.);
#3618 = VERTEX_POINT('',#3619);
#3619 = CARTESIAN_POINT('',(189.1,145.,125.));
#3620 = LINE('',#3621,#3622);
#3621 = CARTESIAN_POINT('',(189.1,145.,-65.5));
#3622 = VECTOR('',#3623,1.);
#3623 = DIRECTION('',(0.,0.,1.));
#3624 = ORIENTED_EDGE('',*,*,#3625,.F.);
#3625 = EDGE_CURVE('',#3626,#3618,#3628,.T.);
#3626 = VERTEX_POINT('',#3627);
#3627 = CARTESIAN_POINT('',(185.1,145.,125.));
#3628 = LINE('',#3629,#3630);
#3629 = CARTESIAN_POINT('',(160.9,145.,125.));
#3630 = VECTOR('',#3631,1.);
#3631 = DIRECTION('',(1.,0.,0.));
#3632 = ORIENTED_EDGE('',*,*,#3633,.F.);
#3633 = EDGE_CURVE('',#3634,#3626,#3636,.T.);
#3634 = VERTEX_POINT('',#3635);
#3635 = CARTESIAN_POINT('',(185.1,145.,87.));
#3636 = LINE('',#3637,#3638);
#3637 = CARTESIAN_POINT('',(185.1,145.,87.));
#3638 = VECTOR('',#3639,1.);
#3639 = DIRECTION('',(0.,0.,1.));
#3640 = ORIENTED_EDGE('',*,*,#3641,.F.);
#3641 = EDGE_CURVE('',#3642,#3634,#3644,.T.);
#3642 = VERTEX_POINT('',#3643);
#3643 = CARTESIAN_POINT('',(164.9,145.,87.));
#3644 = LINE('',#3645,#3646);
#3645 = CARTESIAN_POINT('',(164.9,145.,87.));
#3646 = VECTOR('',#3647,1.);
#3647 = DIRECTION('',(1.,0.,0.));
#3648 = ORIENTED_EDGE('',*,*,#3649,.T.);
#3649 = EDGE_CURVE('',#3642,#3650,#3652,.T.);
#3650 = VERTEX_POINT('',#3651);
#3651 = CARTESIAN_POINT('',(164.9,145.,125.));
#3652 = LINE('',#3653,#3654);
#3653 = CARTESIAN_POINT('',(164.9,145.,87.));
#3654 = VECTOR('',#3655,1.);
#3655 = DIRECTION('',(0.,0.,1.));
#3656 = ORIENTED_EDGE('',*,*,#3657,.F.);
#3657 = EDGE_CURVE('',#3658,#3650,#3660,.T.);
#3658 = VERTEX_POINT('',#3659);
#3659 = CARTESIAN_POINT('',(160.9,145.,125.));
#3660 = LINE('',#3661,#3662);
#3661 = CARTESIAN_POINT('',(160.9,145.,125.));
#3662 = VECTOR('',#3663,1.);
#3663 = DIRECTION('',(1.,0.,0.));
#3664 = ORIENTED_EDGE('',*,*,#3665,.F.);
#3665 = EDGE_CURVE('',#3666,#3658,#3668,.T.);
#3666 = VERTEX_POINT('',#3667);
#3667 = CARTESIAN_POINT('',(160.9,145.,107.32287565553));
#3668 = LINE('',#3669,#3670);
#3669 = CARTESIAN_POINT('',(160.9,145.,-65.5));
#3670 = VECTOR('',#3671,1.);
#3671 = DIRECTION('',(0.,0.,1.));
#3672 = ORIENTED_EDGE('',*,*,#3673,.F.);
#3673 = EDGE_CURVE('',#3674,#3666,#3676,.T.);
#3674 = VERTEX_POINT('',#3675);
#3675 = CARTESIAN_POINT('',(160.,145.,107.6));
#3676 = CIRCLE('',#3677,1.6);
#3677 = AXIS2_PLACEMENT_3D('',#3678,#3679,#3680);
#3678 = CARTESIAN_POINT('',(160.,145.,106.));
#3679 = DIRECTION('',(0.,1.,0.));
#3680 = DIRECTION('',(0.,0.,1.));
#3681 = ORIENTED_EDGE('',*,*,#3682,.F.);
#3682 = EDGE_CURVE('',#3683,#3674,#3685,.T.);
#3683 = VERTEX_POINT('',#3684);
#3684 = CARTESIAN_POINT('',(160.9,145.,104.67712434446));
#3685 = CIRCLE('',#3686,1.6);
#3686 = AXIS2_PLACEMENT_3D('',#3687,#3688,#3689);
#3687 = CARTESIAN_POINT('',(160.,145.,106.));
#3688 = DIRECTION('',(0.,1.,0.));
#3689 = DIRECTION('',(0.,0.,1.));
#3690 = ORIENTED_EDGE('',*,*,#3691,.F.);
#3691 = EDGE_CURVE('',#3512,#3683,#3692,.T.);
#3692 = LINE('',#3693,#3694);
#3693 = CARTESIAN_POINT('',(160.9,145.,-65.5));
#3694 = VECTOR('',#3695,1.);
#3695 = DIRECTION('',(0.,0.,1.));
#3696 = FACE_BOUND('',#3697,.T.);
#3697 = EDGE_LOOP('',(#3698));
#3698 = ORIENTED_EDGE('',*,*,#3699,.F.);
#3699 = EDGE_CURVE('',#3700,#3700,#3702,.T.);
#3700 = VERTEX_POINT('',#3701);
#3701 = CARTESIAN_POINT('',(150.25,145.,27.1));
#3702 = CIRCLE('',#3703,2.1);
#3703 = AXIS2_PLACEMENT_3D('',#3704,#3705,#3706);
#3704 = CARTESIAN_POINT('',(150.25,145.,25.));
#3705 = DIRECTION('',(0.,1.,0.));
#3706 = DIRECTION('',(0.,0.,1.));
#3707 = FACE_BOUND('',#3708,.T.);
#3708 = EDGE_LOOP('',(#3709));
#3709 = ORIENTED_EDGE('',*,*,#3710,.F.);
#3710 = EDGE_CURVE('',#3711,#3711,#3713,.T.);
#3711 = VERTEX_POINT('',#3712);
#3712 = CARTESIAN_POINT('',(199.75,145.,27.1));
#3713 = CIRCLE('',#3714,2.1);
#3714 = AXIS2_PLACEMENT_3D('',#3715,#3716,#3717);
#3715 = CARTESIAN_POINT('',(199.75,145.,25.));
#3716 = DIRECTION('',(0.,1.,0.));
#3717 = DIRECTION('',(0.,0.,1.));
#3718 = FACE_BOUND('',#3719,.T.);
#3719 = EDGE_LOOP('',(#3720));
#3720 = ORIENTED_EDGE('',*,*,#3721,.F.);
#3721 = EDGE_CURVE('',#3722,#3722,#3724,.T.);
#3722 = VERTEX_POINT('',#3723);
#3723 = CARTESIAN_POINT('',(175.,145.,92.6));
#3724 = CIRCLE('',#3725,1.6);
#3725 = AXIS2_PLACEMENT_3D('',#3726,#3727,#3728);
#3726 = CARTESIAN_POINT('',(175.,145.,91.));
#3727 = DIRECTION('',(0.,1.,0.));
#3728 = DIRECTION('',(0.,0.,1.));
#3729 = FACE_BOUND('',#3730,.T.);
#3730 = EDGE_LOOP('',(#3731));
#3731 = ORIENTED_EDGE('',*,*,#3732,.F.);
#3732 = EDGE_CURVE('',#3733,#3733,#3735,.T.);
#3733 = VERTEX_POINT('',#3734);
#3734 = CARTESIAN_POINT('',(175.,145.,109.));
#3735 = CIRCLE('',#3736,3.);
#3736 = AXIS2_PLACEMENT_3D('',#3737,#3738,#3739);
#3737 = CARTESIAN_POINT('',(175.,145.,106.));
#3738 = DIRECTION('',(0.,1.,0.));
#3739 = DIRECTION('',(0.,0.,1.));
#3740 = FACE_BOUND('',#3741,.T.);
#3741 = EDGE_LOOP('',(#3742));
#3742 = ORIENTED_EDGE('',*,*,#3743,.F.);
#3743 = EDGE_CURVE('',#3744,#3744,#3746,.T.);
#3744 = VERTEX_POINT('',#3745);
#3745 = CARTESIAN_POINT('',(175.,145.,122.6));
#3746 = CIRCLE('',#3747,1.6);
#3747 = AXIS2_PLACEMENT_3D('',#3748,#3749,#3750);
#3748 = CARTESIAN_POINT('',(175.,145.,121.));
#3749 = DIRECTION('',(0.,1.,0.));
#3750 = DIRECTION('',(0.,0.,1.));
#3751 = PLANE('',#3752);
#3752 = AXIS2_PLACEMENT_3D('',#3753,#3754,#3755);
#3753 = CARTESIAN_POINT('',(119.,145.,6.));
#3754 = DIRECTION('',(0.,1.,0.));
#3755 = DIRECTION('',(0.,0.,1.));
#3756 = ADVANCED_FACE('',(#3757,#3768,#3779,#3790,#3801),#3812,.T.);
#3757 = FACE_BOUND('',#3758,.T.);
#3758 = EDGE_LOOP('',(#3759,#3760,#3761,#3767));
#3759 = ORIENTED_EDGE('',*,*,#3357,.F.);
#3760 = ORIENTED_EDGE('',*,*,#3380,.T.);
#3761 = ORIENTED_EDGE('',*,*,#3762,.T.);
#3762 = EDGE_CURVE('',#3381,#3568,#3763,.T.);
#3763 = LINE('',#3764,#3765);
#3764 = CARTESIAN_POINT('',(231.,65.,136.));
#3765 = VECTOR('',#3766,1.);
#3766 = DIRECTION('',(0.,1.,0.));
#3767 = ORIENTED_EDGE('',*,*,#3567,.F.);
#3768 = FACE_BOUND('',#3769,.T.);
#3769 = EDGE_LOOP('',(#3770));
#3770 = ORIENTED_EDGE('',*,*,#3771,.F.);
#3771 = EDGE_CURVE('',#3772,#3772,#3774,.T.);
#3772 = VERTEX_POINT('',#3773);
#3773 = CARTESIAN_POINT('',(131.1,75.,136.));
#3774 = CIRCLE('',#3775,2.1);
#3775 = AXIS2_PLACEMENT_3D('',#3776,#3777,#3778);
#3776 = CARTESIAN_POINT('',(129.,75.,136.));
#3777 = DIRECTION('',(0.,0.,1.));
#3778 = DIRECTION('',(1.,0.,0.));
#3779 = FACE_BOUND('',#3780,.T.);
#3780 = EDGE_LOOP('',(#3781));
#3781 = ORIENTED_EDGE('',*,*,#3782,.F.);
#3782 = EDGE_CURVE('',#3783,#3783,#3785,.T.);
#3783 = VERTEX_POINT('',#3784);
#3784 = CARTESIAN_POINT('',(223.1,75.,136.));
#3785 = CIRCLE('',#3786,2.1);
#3786 = AXIS2_PLACEMENT_3D('',#3787,#3788,#3789);
#3787 = CARTESIAN_POINT('',(221.,75.,136.));
#3788 = DIRECTION('',(0.,0.,1.));
#3789 = DIRECTION('',(1.,0.,0.));
#3790 = FACE_BOUND('',#3791,.T.);
#3791 = EDGE_LOOP('',(#3792));
#3792 = ORIENTED_EDGE('',*,*,#3793,.F.);
#3793 = EDGE_CURVE('',#3794,#3794,#3796,.T.);
#3794 = VERTEX_POINT('',#3795);
#3795 = CARTESIAN_POINT('',(131.1,135.,136.));
#3796 = CIRCLE('',#3797,2.1);
#3797 = AXIS2_PLACEMENT_3D('',#3798,#3799,#3800);
#3798 = CARTESIAN_POINT('',(129.,135.,136.));
#3799 = DIRECTION('',(0.,0.,1.));
#3800 = DIRECTION('',(1.,0.,0.));
#3801 = FACE_BOUND('',#3802,.T.);
#3802 = EDGE_LOOP('',(#3803));
#3803 = ORIENTED_EDGE('',*,*,#3804,.F.);
#3804 = EDGE_CURVE('',#3805,#3805,#3807,.T.);
#3805 = VERTEX_POINT('',#3806);
#3806 = CARTESIAN_POINT('',(223.1,135.,136.));
#3807 = CIRCLE('',#3808,2.1);
#3808 = AXIS2_PLACEMENT_3D('',#3809,#3810,#3811);
#3809 = CARTESIAN_POINT('',(221.,135.,136.));
#3810 = DIRECTION('',(0.,0.,1.));
#3811 = DIRECTION('',(1.,0.,0.));
#3812 = PLANE('',#3813);
#3813 = AXIS2_PLACEMENT_3D('',#3814,#3815,#3816);
#3814 = CARTESIAN_POINT('',(119.,65.,136.));
#3815 = DIRECTION('',(0.,0.,1.));
#3816 = DIRECTION('',(1.,0.,0.));
#3817 = ADVANCED_FACE('',(#3818),#3829,.T.);
#3818 = FACE_BOUND('',#3819,.T.);
#3819 = EDGE_LOOP('',(#3820,#3821,#3827,#3828));
#3820 = ORIENTED_EDGE('',*,*,#3388,.F.);
#3821 = ORIENTED_EDGE('',*,*,#3822,.T.);
#3822 = EDGE_CURVE('',#3389,#3576,#3823,.T.);
#3823 = LINE('',#3824,#3825);
#3824 = CARTESIAN_POINT('',(231.,65.,6.));
#3825 = VECTOR('',#3826,1.);
#3826 = DIRECTION('',(0.,1.,0.));
#3827 = ORIENTED_EDGE('',*,*,#3575,.T.);
#3828 = ORIENTED_EDGE('',*,*,#3762,.F.);
#3829 = PLANE('',#3830);
#3830 = AXIS2_PLACEMENT_3D('',#3831,#3832,#3833);
#3831 = CARTESIAN_POINT('',(231.,65.,6.));
#3832 = DIRECTION('',(1.,0.,0.));
#3833 = DIRECTION('',(0.,0.,1.));
#3834 = ADVANCED_FACE('',(#3835,#3854,#3865),#3876,.F.);
#3835 = FACE_BOUND('',#3836,.F.);
#3836 = EDGE_LOOP('',(#3837,#3845,#3851,#3852,#3853));
#3837 = ORIENTED_EDGE('',*,*,#3838,.F.);
#3838 = EDGE_CURVE('',#3839,#3584,#3841,.T.);
#3839 = VERTEX_POINT('',#3840);
#3840 = CARTESIAN_POINT('',(185.1,145.,6.));
#3841 = LINE('',#3842,#3843);
#3842 = CARTESIAN_POINT('',(119.,145.,6.));
#3843 = VECTOR('',#3844,1.);
#3844 = DIRECTION('',(1.,0.,0.));
#3845 = ORIENTED_EDGE('',*,*,#3846,.F.);
#3846 = EDGE_CURVE('',#3397,#3839,#3847,.T.);
#3847 = LINE('',#3848,#3849);
#3848 = CARTESIAN_POINT('',(185.1,65.,6.));
#3849 = VECTOR('',#3850,1.);
#3850 = DIRECTION('',(0.,1.,0.));
#3851 = ORIENTED_EDGE('',*,*,#3396,.T.);
#3852 = ORIENTED_EDGE('',*,*,#3822,.T.);
#3853 = ORIENTED_EDGE('',*,*,#3583,.F.);
#3854 = FACE_BOUND('',#3855,.F.);
#3855 = EDGE_LOOP('',(#3856));
#3856 = ORIENTED_EDGE('',*,*,#3857,.F.);
#3857 = EDGE_CURVE('',#3858,#3858,#3860,.T.);
#3858 = VERTEX_POINT('',#3859);
#3859 = CARTESIAN_POINT('',(223.1,75.,6.));
#3860 = CIRCLE('',#3861,2.1);
#3861 = AXIS2_PLACEMENT_3D('',#3862,#3863,#3864);
#3862 = CARTESIAN_POINT('',(221.,75.,6.));
#3863 = DIRECTION('',(0.,0.,1.));
#3864 = DIRECTION('',(1.,0.,0.));
#3865 = FACE_BOUND('',#3866,.F.);
#3866 = EDGE_LOOP('',(#3867));
#3867 = ORIENTED_EDGE('',*,*,#3868,.F.);
#3868 = EDGE_CURVE('',#3869,#3869,#3871,.T.);
#3869 = VERTEX_POINT('',#3870);
#3870 = CARTESIAN_POINT('',(223.1,135.,6.));
#3871 = CIRCLE('',#3872,2.1);
#3872 = AXIS2_PLACEMENT_3D('',#3873,#3874,#3875);
#3873 = CARTESIAN_POINT('',(221.,135.,6.));
#3874 = DIRECTION('',(0.,0.,1.));
#3875 = DIRECTION('',(1.,0.,0.));
#3876 = PLANE('',#3877);
#3877 = AXIS2_PLACEMENT_3D('',#3878,#3879,#3880);
#3878 = CARTESIAN_POINT('',(119.,65.,6.));
#3879 = DIRECTION('',(0.,0.,1.));
#3880 = DIRECTION('',(1.,0.,0.));
#3881 = ADVANCED_FACE('',(#3882),#3900,.F.);
#3882 = FACE_BOUND('',#3883,.F.);
#3883 = EDGE_LOOP('',(#3884,#3885,#3886,#3894));
#3884 = ORIENTED_EDGE('',*,*,#3404,.F.);
#3885 = ORIENTED_EDGE('',*,*,#3846,.T.);
#3886 = ORIENTED_EDGE('',*,*,#3887,.T.);
#3887 = EDGE_CURVE('',#3839,#3888,#3890,.T.);
#3888 = VERTEX_POINT('',#3889);
#3889 = CARTESIAN_POINT('',(185.1,145.,44.));
#3890 = LINE('',#3891,#3892);
#3891 = CARTESIAN_POINT('',(185.1,145.,6.));
#3892 = VECTOR('',#3893,1.);
#3893 = DIRECTION('',(0.,0.,1.));
#3894 = ORIENTED_EDGE('',*,*,#3895,.F.);
#3895 = EDGE_CURVE('',#3405,#3888,#3896,.T.);
#3896 = LINE('',#3897,#3898);
#3897 = CARTESIAN_POINT('',(185.1,65.,44.));
#3898 = VECTOR('',#3899,1.);
#3899 = DIRECTION('',(0.,1.,0.));
#3900 = PLANE('',#3901);
#3901 = AXIS2_PLACEMENT_3D('',#3902,#3903,#3904);
#3902 = CARTESIAN_POINT('',(185.1,65.,6.));
#3903 = DIRECTION('',(1.,0.,0.));
#3904 = DIRECTION('',(0.,0.,1.));
#3905 = ADVANCED_FACE('',(#3906),#3924,.F.);
#3906 = FACE_BOUND('',#3907,.F.);
#3907 = EDGE_LOOP('',(#3908,#3916,#3917,#3918));
#3908 = ORIENTED_EDGE('',*,*,#3909,.F.);
#3909 = EDGE_CURVE('',#3413,#3910,#3912,.T.);
#3910 = VERTEX_POINT('',#3911);
#3911 = CARTESIAN_POINT('',(164.9,145.,44.));
#3912 = LINE('',#3913,#3914);
#3913 = CARTESIAN_POINT('',(164.9,65.,44.));
#3914 = VECTOR('',#3915,1.);
#3915 = DIRECTION('',(0.,1.,0.));
#3916 = ORIENTED_EDGE('',*,*,#3412,.T.);
#3917 = ORIENTED_EDGE('',*,*,#3895,.T.);
#3918 = ORIENTED_EDGE('',*,*,#3919,.F.);
#3919 = EDGE_CURVE('',#3910,#3888,#3920,.T.);
#3920 = LINE('',#3921,#3922);
#3921 = CARTESIAN_POINT('',(164.9,145.,44.));
#3922 = VECTOR('',#3923,1.);
#3923 = DIRECTION('',(1.,0.,0.));
#3924 = PLANE('',#3925);
#3925 = AXIS2_PLACEMENT_3D('',#3926,#3927,#3928);
#3926 = CARTESIAN_POINT('',(164.9,65.,44.));
#3927 = DIRECTION('',(0.,0.,1.));
#3928 = DIRECTION('',(1.,0.,0.));
#3929 = ADVANCED_FACE('',(#3930),#3941,.T.);
#3930 = FACE_BOUND('',#3931,.T.);
#3931 = EDGE_LOOP('',(#3932,#3933,#3934,#3940));
#3932 = ORIENTED_EDGE('',*,*,#3420,.F.);
#3933 = ORIENTED_EDGE('',*,*,#3521,.T.);
#3934 = ORIENTED_EDGE('',*,*,#3935,.T.);
#3935 = EDGE_CURVE('',#3522,#3910,#3936,.T.);
#3936 = LINE('',#3937,#3938);
#3937 = CARTESIAN_POINT('',(164.9,145.,6.));
#3938 = VECTOR('',#3939,1.);
#3939 = DIRECTION('',(0.,0.,1.));
#3940 = ORIENTED_EDGE('',*,*,#3909,.F.);
#3941 = PLANE('',#3942);
#3942 = AXIS2_PLACEMENT_3D('',#3943,#3944,#3945);
#3943 = CARTESIAN_POINT('',(164.9,65.,6.));
#3944 = DIRECTION('',(1.,0.,0.));
#3945 = DIRECTION('',(0.,0.,1.));
#3946 = ADVANCED_FACE('',(#3947),#3958,.F.);
#3947 = FACE_BOUND('',#3948,.F.);
#3948 = EDGE_LOOP('',(#3949,#3950,#3956,#3957));
#3949 = ORIENTED_EDGE('',*,*,#3699,.F.);
#3950 = ORIENTED_EDGE('',*,*,#3951,.F.);
#3951 = EDGE_CURVE('',#3429,#3700,#3952,.T.);
#3952 = LINE('',#3953,#3954);
#3953 = CARTESIAN_POINT('',(150.25,65.,27.1));
#3954 = VECTOR('',#3955,1.);
#3955 = DIRECTION('',(0.,1.,0.));
#3956 = ORIENTED_EDGE('',*,*,#3428,.T.);
#3957 = ORIENTED_EDGE('',*,*,#3951,.T.);
#3958 = CYLINDRICAL_SURFACE('',#3959,2.1);
#3959 = AXIS2_PLACEMENT_3D('',#3960,#3961,#3962);
#3960 = CARTESIAN_POINT('',(150.25,65.,25.));
#3961 = DIRECTION('',(0.,1.,0.));
#3962 = DIRECTION('',(0.,0.,1.));
#3963 = ADVANCED_FACE('',(#3964),#3983,.F.);
#3964 = FACE_BOUND('',#3965,.F.);
#3965 = EDGE_LOOP('',(#3966,#3972,#3973,#3980,#3981,#3982));
#3966 = ORIENTED_EDGE('',*,*,#3967,.T.);
#3967 = EDGE_CURVE('',#3440,#3674,#3968,.T.);
#3968 = LINE('',#3969,#3970);
#3969 = CARTESIAN_POINT('',(160.,65.,107.6));
#3970 = VECTOR('',#3971,1.);
#3971 = DIRECTION('',(0.,1.,0.));
#3972 = ORIENTED_EDGE('',*,*,#3682,.F.);
#3973 = ORIENTED_EDGE('',*,*,#3974,.F.);
#3974 = EDGE_CURVE('',#3666,#3683,#3975,.T.);
#3975 = CIRCLE('',#3976,1.6);
#3976 = AXIS2_PLACEMENT_3D('',#3977,#3978,#3979);
#3977 = CARTESIAN_POINT('',(160.,145.,106.));
#3978 = DIRECTION('',(0.,1.,0.));
#3979 = DIRECTION('',(0.,0.,1.));
#3980 = ORIENTED_EDGE('',*,*,#3673,.F.);
#3981 = ORIENTED_EDGE('',*,*,#3967,.F.);
#3982 = ORIENTED_EDGE('',*,*,#3439,.T.);
#3983 = CYLINDRICAL_SURFACE('',#3984,1.6);
#3984 = AXIS2_PLACEMENT_3D('',#3985,#3986,#3987);
#3985 = CARTESIAN_POINT('',(160.,65.,106.));
#3986 = DIRECTION('',(0.,1.,0.));
#3987 = DIRECTION('',(0.,0.,1.));
#3988 = ADVANCED_FACE('',(#3989),#4000,.F.);
#3989 = FACE_BOUND('',#3990,.F.);
#3990 = EDGE_LOOP('',(#3991,#3992,#3998,#3999));
#3991 = ORIENTED_EDGE('',*,*,#3710,.F.);
#3992 = ORIENTED_EDGE('',*,*,#3993,.F.);
#3993 = EDGE_CURVE('',#3451,#3711,#3994,.T.);
#3994 = LINE('',#3995,#3996);
#3995 = CARTESIAN_POINT('',(199.75,65.,27.1));
#3996 = VECTOR('',#3997,1.);
#3997 = DIRECTION('',(0.,1.,0.));
#3998 = ORIENTED_EDGE('',*,*,#3450,.T.);
#3999 = ORIENTED_EDGE('',*,*,#3993,.T.);
#4000 = CYLINDRICAL_SURFACE('',#4001,2.1);
#4001 = AXIS2_PLACEMENT_3D('',#4002,#4003,#4004);
#4002 = CARTESIAN_POINT('',(199.75,65.,25.));
#4003 = DIRECTION('',(0.,1.,0.));
#4004 = DIRECTION('',(0.,0.,1.));
#4005 = ADVANCED_FACE('',(#4006),#4017,.F.);
#4006 = FACE_BOUND('',#4007,.F.);
#4007 = EDGE_LOOP('',(#4008,#4009,#4015,#4016));
#4008 = ORIENTED_EDGE('',*,*,#3721,.F.);
#4009 = ORIENTED_EDGE('',*,*,#4010,.F.);
#4010 = EDGE_CURVE('',#3462,#3722,#4011,.T.);
#4011 = LINE('',#4012,#4013);
#4012 = CARTESIAN_POINT('',(175.,65.,92.6));
#4013 = VECTOR('',#4014,1.);
#4014 = DIRECTION('',(0.,1.,0.));
#4015 = ORIENTED_EDGE('',*,*,#3461,.T.);
#4016 = ORIENTED_EDGE('',*,*,#4010,.T.);
#4017 = CYLINDRICAL_SURFACE('',#4018,1.6);
#4018 = AXIS2_PLACEMENT_3D('',#4019,#4020,#4021);
#4019 = CARTESIAN_POINT('',(175.,65.,91.));
#4020 = DIRECTION('',(0.,1.,0.));
#4021 = DIRECTION('',(0.,0.,1.));
#4022 = ADVANCED_FACE('',(#4023),#4034,.F.);
#4023 = FACE_BOUND('',#4024,.F.);
#4024 = EDGE_LOOP('',(#4025,#4026,#4032,#4033));
#4025 = ORIENTED_EDGE('',*,*,#3732,.F.);
#4026 = ORIENTED_EDGE('',*,*,#4027,.F.);
#4027 = EDGE_CURVE('',#3473,#3733,#4028,.T.);
#4028 = LINE('',#4029,#4030);
#4029 = CARTESIAN_POINT('',(175.,65.,109.));
#4030 = VECTOR('',#4031,1.);
#4031 = DIRECTION('',(0.,1.,0.));
#4032 = ORIENTED_EDGE('',*,*,#3472,.T.);
#4033 = ORIENTED_EDGE('',*,*,#4027,.T.);
#4034 = CYLINDRICAL_SURFACE('',#4035,3.);
#4035 = AXIS2_PLACEMENT_3D('',#4036,#4037,#4038);
#4036 = CARTESIAN_POINT('',(175.,65.,106.));
#4037 = DIRECTION('',(0.,1.,0.));
#4038 = DIRECTION('',(0.,0.,1.));
#4039 = ADVANCED_FACE('',(#4040),#4051,.F.);
#4040 = FACE_BOUND('',#4041,.F.);
#4041 = EDGE_LOOP('',(#4042,#4043,#4049,#4050));
#4042 = ORIENTED_EDGE('',*,*,#3743,.F.);
#4043 = ORIENTED_EDGE('',*,*,#4044,.F.);
#4044 = EDGE_CURVE('',#3484,#3744,#4045,.T.);
#4045 = LINE('',#4046,#4047);
#4046 = CARTESIAN_POINT('',(175.,65.,122.6));
#4047 = VECTOR('',#4048,1.);
#4048 = DIRECTION('',(0.,1.,0.));
#4049 = ORIENTED_EDGE('',*,*,#3483,.T.);
#4050 = ORIENTED_EDGE('',*,*,#4044,.T.);
#4051 = CYLINDRICAL_SURFACE('',#4052,1.6);
#4052 = AXIS2_PLACEMENT_3D('',#4053,#4054,#4055);
#4053 = CARTESIAN_POINT('',(175.,65.,121.));
#4054 = DIRECTION('',(0.,1.,0.));
#4055 = DIRECTION('',(0.,0.,1.));
#4056 = ADVANCED_FACE('',(#4057),#4076,.F.);
#4057 = FACE_BOUND('',#4058,.F.);
#4058 = EDGE_LOOP('',(#4059,#4065,#4066,#4073,#4074,#4075));
#4059 = ORIENTED_EDGE('',*,*,#4060,.T.);
#4060 = EDGE_CURVE('',#3495,#3600,#4061,.T.);
#4061 = LINE('',#4062,#4063);
#4062 = CARTESIAN_POINT('',(190.,65.,107.6));
#4063 = VECTOR('',#4064,1.);
#4064 = DIRECTION('',(0.,1.,0.));
#4065 = ORIENTED_EDGE('',*,*,#3608,.F.);
#4066 = ORIENTED_EDGE('',*,*,#4067,.F.);
#4067 = EDGE_CURVE('',#3592,#3609,#4068,.T.);
#4068 = CIRCLE('',#4069,1.6);
#4069 = AXIS2_PLACEMENT_3D('',#4070,#4071,#4072);
#4070 = CARTESIAN_POINT('',(190.,145.,106.));
#4071 = DIRECTION('',(0.,1.,0.));
#4072 = DIRECTION('',(0.,0.,1.));
#4073 = ORIENTED_EDGE('',*,*,#3599,.F.);
#4074 = ORIENTED_EDGE('',*,*,#4060,.F.);
#4075 = ORIENTED_EDGE('',*,*,#3494,.T.);
#4076 = CYLINDRICAL_SURFACE('',#4077,1.6);
#4077 = AXIS2_PLACEMENT_3D('',#4078,#4079,#4080);
#4078 = CARTESIAN_POINT('',(190.,65.,106.));
#4079 = DIRECTION('',(0.,1.,0.));
#4080 = DIRECTION('',(0.,0.,1.));
#4081 = ADVANCED_FACE('',(#4082,#4111,#4122,#4133),#4144,.F.);
#4082 = FACE_BOUND('',#4083,.F.);
#4083 = EDGE_LOOP('',(#4084,#4092,#4100,#4106,#4107,#4108,#4109,#4110));
#4084 = ORIENTED_EDGE('',*,*,#4085,.F.);
#4085 = EDGE_CURVE('',#4086,#3584,#4088,.T.);
#4086 = VERTEX_POINT('',#4087);
#4087 = CARTESIAN_POINT('',(189.1,145.,-65.5));
#4088 = LINE('',#4089,#4090);
#4089 = CARTESIAN_POINT('',(189.1,145.,-65.5));
#4090 = VECTOR('',#4091,1.);
#4091 = DIRECTION('',(0.,0.,1.));
#4092 = ORIENTED_EDGE('',*,*,#4093,.F.);
#4093 = EDGE_CURVE('',#4094,#4086,#4096,.T.);
#4094 = VERTEX_POINT('',#4095);
#4095 = CARTESIAN_POINT('',(160.9,145.,-65.5));
#4096 = LINE('',#4097,#4098);
#4097 = CARTESIAN_POINT('',(160.9,145.,-65.5));
#4098 = VECTOR('',#4099,1.);
#4099 = DIRECTION('',(1.,0.,0.));
#4100 = ORIENTED_EDGE('',*,*,#4101,.T.);
#4101 = EDGE_CURVE('',#4094,#3512,#4102,.T.);
#4102 = LINE('',#4103,#4104);
#4103 = CARTESIAN_POINT('',(160.9,145.,-65.5));
#4104 = VECTOR('',#4105,1.);
#4105 = DIRECTION('',(0.,0.,1.));
#4106 = ORIENTED_EDGE('',*,*,#3529,.T.);
#4107 = ORIENTED_EDGE('',*,*,#3935,.T.);
#4108 = ORIENTED_EDGE('',*,*,#3919,.T.);
#4109 = ORIENTED_EDGE('',*,*,#3887,.F.);
#4110 = ORIENTED_EDGE('',*,*,#3838,.T.);
#4111 = FACE_BOUND('',#4112,.F.);
#4112 = EDGE_LOOP('',(#4113));
#4113 = ORIENTED_EDGE('',*,*,#4114,.F.);
#4114 = EDGE_CURVE('',#4115,#4115,#4117,.T.);
#4115 = VERTEX_POINT('',#4116);
#4116 = CARTESIAN_POINT('',(175.,145.,-58.9));
#4117 = CIRCLE('',#4118,1.6);
#4118 = AXIS2_PLACEMENT_3D('',#4119,#4120,#4121);
#4119 = CARTESIAN_POINT('',(175.,145.,-60.5));
#4120 = DIRECTION('',(0.,1.,0.));
#4121 = DIRECTION('',(0.,0.,1.));
#4122 = FACE_BOUND('',#4123,.F.);
#4123 = EDGE_LOOP('',(#4124));
#4124 = ORIENTED_EDGE('',*,*,#4125,.F.);
#4125 = EDGE_CURVE('',#4126,#4126,#4128,.T.);
#4126 = VERTEX_POINT('',#4127);
#4127 = CARTESIAN_POINT('',(175.,145.,-28.9));
#4128 = CIRCLE('',#4129,1.6);
#4129 = AXIS2_PLACEMENT_3D('',#4130,#4131,#4132);
#4130 = CARTESIAN_POINT('',(175.,145.,-30.5));
#4131 = DIRECTION('',(0.,1.,0.));
#4132 = DIRECTION('',(0.,0.,1.));
#4133 = FACE_BOUND('',#4134,.F.);
#4134 = EDGE_LOOP('',(#4135));
#4135 = ORIENTED_EDGE('',*,*,#4136,.F.);
#4136 = EDGE_CURVE('',#4137,#4137,#4139,.T.);
#4137 = VERTEX_POINT('',#4138);
#4138 = CARTESIAN_POINT('',(175.,145.,-42.5));
#4139 = CIRCLE('',#4140,3.);
#4140 = AXIS2_PLACEMENT_3D('',#4141,#4142,#4143);
#4141 = CARTESIAN_POINT('',(175.,145.,-45.5));
#4142 = DIRECTION('',(0.,1.,0.));
#4143 = DIRECTION('',(0.,0.,1.));
#4144 = PLANE('',#4145);
#4145 = AXIS2_PLACEMENT_3D('',#4146,#4147,#4148);
#4146 = CARTESIAN_POINT('',(160.9,145.,-65.5));
#4147 = DIRECTION('',(0.,1.,0.));
#4148 = DIRECTION('',(0.,0.,1.));
#4149 = ADVANCED_FACE('',(#4150),#4161,.F.);
#4150 = FACE_BOUND('',#4151,.F.);
#4151 = EDGE_LOOP('',(#4152,#4153,#4159,#4160));
#4152 = ORIENTED_EDGE('',*,*,#3771,.F.);
#4153 = ORIENTED_EDGE('',*,*,#4154,.F.);
#4154 = EDGE_CURVE('',#3538,#3772,#4155,.T.);
#4155 = LINE('',#4156,#4157);
#4156 = CARTESIAN_POINT('',(131.1,75.,6.));
#4157 = VECTOR('',#4158,1.);
#4158 = DIRECTION('',(0.,0.,1.));
#4159 = ORIENTED_EDGE('',*,*,#3537,.T.);
#4160 = ORIENTED_EDGE('',*,*,#4154,.T.);
#4161 = CYLINDRICAL_SURFACE('',#4162,2.1);
#4162 = AXIS2_PLACEMENT_3D('',#4163,#4164,#4165);
#4163 = CARTESIAN_POINT('',(129.,75.,6.));
#4164 = DIRECTION('',(0.,0.,1.));
#4165 = DIRECTION('',(1.,0.,0.));
#4166 = ADVANCED_FACE('',(#4167),#4178,.F.);
#4167 = FACE_BOUND('',#4168,.F.);
#4168 = EDGE_LOOP('',(#4169,#4170,#4176,#4177));
#4169 = ORIENTED_EDGE('',*,*,#3793,.F.);
#4170 = ORIENTED_EDGE('',*,*,#4171,.F.);
#4171 = EDGE_CURVE('',#3549,#3794,#4172,.T.);
#4172 = LINE('',#4173,#4174);
#4173 = CARTESIAN_POINT('',(131.1,135.,6.));
#4174 = VECTOR('',#4175,1.);
#4175 = DIRECTION('',(0.,0.,1.));
#4176 = ORIENTED_EDGE('',*,*,#3548,.T.);
#4177 = ORIENTED_EDGE('',*,*,#4171,.T.);
#4178 = CYLINDRICAL_SURFACE('',#4179,2.1);
#4179 = AXIS2_PLACEMENT_3D('',#4180,#4181,#4182);
#4180 = CARTESIAN_POINT('',(129.,135.,6.));
#4181 = DIRECTION('',(0.,0.,1.));
#4182 = DIRECTION('',(1.,0.,0.));
#4183 = ADVANCED_FACE('',(#4184),#4217,.F.);
#4184 = FACE_BOUND('',#4185,.F.);
#4185 = EDGE_LOOP('',(#4186,#4187,#4195,#4203,#4209,#4210,#4216));
#4186 = ORIENTED_EDGE('',*,*,#4101,.F.);
#4187 = ORIENTED_EDGE('',*,*,#4188,.T.);
#4188 = EDGE_CURVE('',#4094,#4189,#4191,.T.);
#4189 = VERTEX_POINT('',#4190);
#4190 = CARTESIAN_POINT('',(160.9,153.,-65.5));
#4191 = LINE('',#4192,#4193);
#4192 = CARTESIAN_POINT('',(160.9,145.,-65.5));
#4193 = VECTOR('',#4194,1.);
#4194 = DIRECTION('',(0.,1.,0.));
#4195 = ORIENTED_EDGE('',*,*,#4196,.T.);
#4196 = EDGE_CURVE('',#4189,#4197,#4199,.T.);
#4197 = VERTEX_POINT('',#4198);
#4198 = CARTESIAN_POINT('',(160.9,153.,125.));
#4199 = LINE('',#4200,#4201);
#4200 = CARTESIAN_POINT('',(160.9,153.,-65.5));
#4201 = VECTOR('',#4202,1.);
#4202 = DIRECTION('',(0.,0.,1.));
#4203 = ORIENTED_EDGE('',*,*,#4204,.F.);
#4204 = EDGE_CURVE('',#3658,#4197,#4205,.T.);
#4205 = LINE('',#4206,#4207);
#4206 = CARTESIAN_POINT('',(160.9,145.,125.));
#4207 = VECTOR('',#4208,1.);
#4208 = DIRECTION('',(0.,1.,0.));
#4209 = ORIENTED_EDGE('',*,*,#3665,.F.);
#4210 = ORIENTED_EDGE('',*,*,#4211,.F.);
#4211 = EDGE_CURVE('',#3683,#3666,#4212,.T.);
#4212 = LINE('',#4213,#4214);
#4213 = CARTESIAN_POINT('',(160.9,145.,-65.5));
#4214 = VECTOR('',#4215,1.);
#4215 = DIRECTION('',(0.,0.,1.));
#4216 = ORIENTED_EDGE('',*,*,#3691,.F.);
#4217 = PLANE('',#4218);
#4218 = AXIS2_PLACEMENT_3D('',#4219,#4220,#4221);
#4219 = CARTESIAN_POINT('',(160.9,145.,-65.5));
#4220 = DIRECTION('',(1.,0.,0.));
#4221 = DIRECTION('',(0.,0.,1.));
#4222 = ADVANCED_FACE('',(#4223),#4241,.T.);
#4223 = FACE_BOUND('',#4224,.T.);
#4224 = EDGE_LOOP('',(#4225,#4233,#4234,#4235));
#4225 = ORIENTED_EDGE('',*,*,#4226,.F.);
#4226 = EDGE_CURVE('',#4197,#4227,#4229,.T.);
#4227 = VERTEX_POINT('',#4228);
#4228 = CARTESIAN_POINT('',(164.9,153.,125.));
#4229 = LINE('',#4230,#4231);
#4230 = CARTESIAN_POINT('',(160.9,153.,125.));
#4231 = VECTOR('',#4232,1.);
#4232 = DIRECTION('',(1.,0.,0.));
#4233 = ORIENTED_EDGE('',*,*,#4204,.F.);
#4234 = ORIENTED_EDGE('',*,*,#3657,.T.);
#4235 = ORIENTED_EDGE('',*,*,#4236,.T.);
#4236 = EDGE_CURVE('',#3650,#4227,#4237,.T.);
#4237 = LINE('',#4238,#4239);
#4238 = CARTESIAN_POINT('',(164.9,145.,125.));
#4239 = VECTOR('',#4240,1.);
#4240 = DIRECTION('',(0.,1.,0.));
#4241 = PLANE('',#4242);
#4242 = AXIS2_PLACEMENT_3D('',#4243,#4244,#4245);
#4243 = CARTESIAN_POINT('',(160.9,145.,125.));
#4244 = DIRECTION('',(0.,0.,1.));
#4245 = DIRECTION('',(1.,0.,0.));
#4246 = ADVANCED_FACE('',(#4247),#4265,.T.);
#4247 = FACE_BOUND('',#4248,.T.);
#4248 = EDGE_LOOP('',(#4249,#4250,#4258,#4264));
#4249 = ORIENTED_EDGE('',*,*,#3649,.F.);
#4250 = ORIENTED_EDGE('',*,*,#4251,.T.);
#4251 = EDGE_CURVE('',#3642,#4252,#4254,.T.);
#4252 = VERTEX_POINT('',#4253);
#4253 = CARTESIAN_POINT('',(164.9,153.,87.));
#4254 = LINE('',#4255,#4256);
#4255 = CARTESIAN_POINT('',(164.9,145.,87.));
#4256 = VECTOR('',#4257,1.);
#4257 = DIRECTION('',(0.,1.,0.));
#4258 = ORIENTED_EDGE('',*,*,#4259,.T.);
#4259 = EDGE_CURVE('',#4252,#4227,#4260,.T.);
#4260 = LINE('',#4261,#4262);
#4261 = CARTESIAN_POINT('',(164.9,153.,87.));
#4262 = VECTOR('',#4263,1.);
#4263 = DIRECTION('',(0.,0.,1.));
#4264 = ORIENTED_EDGE('',*,*,#4236,.F.);
#4265 = PLANE('',#4266);
#4266 = AXIS2_PLACEMENT_3D('',#4267,#4268,#4269);
#4267 = CARTESIAN_POINT('',(164.9,145.,87.));
#4268 = DIRECTION('',(1.,0.,0.));
#4269 = DIRECTION('',(0.,0.,1.));
#4270 = ADVANCED_FACE('',(#4271),#4289,.T.);
#4271 = FACE_BOUND('',#4272,.T.);
#4272 = EDGE_LOOP('',(#4273,#4274,#4275,#4283));
#4273 = ORIENTED_EDGE('',*,*,#4251,.F.);
#4274 = ORIENTED_EDGE('',*,*,#3641,.T.);
#4275 = ORIENTED_EDGE('',*,*,#4276,.T.);
#4276 = EDGE_CURVE('',#3634,#4277,#4279,.T.);
#4277 = VERTEX_POINT('',#4278);
#4278 = CARTESIAN_POINT('',(185.1,153.,87.));
#4279 = LINE('',#4280,#4281);
#4280 = CARTESIAN_POINT('',(185.1,145.,87.));
#4281 = VECTOR('',#4282,1.);
#4282 = DIRECTION('',(0.,1.,0.));
#4283 = ORIENTED_EDGE('',*,*,#4284,.F.);
#4284 = EDGE_CURVE('',#4252,#4277,#4285,.T.);
#4285 = LINE('',#4286,#4287);
#4286 = CARTESIAN_POINT('',(164.9,153.,87.));
#4287 = VECTOR('',#4288,1.);
#4288 = DIRECTION('',(1.,0.,0.));
#4289 = PLANE('',#4290);
#4290 = AXIS2_PLACEMENT_3D('',#4291,#4292,#4293);
#4291 = CARTESIAN_POINT('',(164.9,145.,87.));
#4292 = DIRECTION('',(0.,0.,1.));
#4293 = DIRECTION('',(1.,0.,0.));
#4294 = ADVANCED_FACE('',(#4295),#4313,.F.);
#4295 = FACE_BOUND('',#4296,.F.);
#4296 = EDGE_LOOP('',(#4297,#4298,#4299,#4307));
#4297 = ORIENTED_EDGE('',*,*,#3633,.F.);
#4298 = ORIENTED_EDGE('',*,*,#4276,.T.);
#4299 = ORIENTED_EDGE('',*,*,#4300,.T.);
#4300 = EDGE_CURVE('',#4277,#4301,#4303,.T.);
#4301 = VERTEX_POINT('',#4302);
#4302 = CARTESIAN_POINT('',(185.1,153.,125.));
#4303 = LINE('',#4304,#4305);
#4304 = CARTESIAN_POINT('',(185.1,153.,87.));
#4305 = VECTOR('',#4306,1.);
#4306 = DIRECTION('',(0.,0.,1.));
#4307 = ORIENTED_EDGE('',*,*,#4308,.F.);
#4308 = EDGE_CURVE('',#3626,#4301,#4309,.T.);
#4309 = LINE('',#4310,#4311);
#4310 = CARTESIAN_POINT('',(185.1,145.,125.));
#4311 = VECTOR('',#4312,1.);
#4312 = DIRECTION('',(0.,1.,0.));
#4313 = PLANE('',#4314);
#4314 = AXIS2_PLACEMENT_3D('',#4315,#4316,#4317);
#4315 = CARTESIAN_POINT('',(185.1,145.,87.));
#4316 = DIRECTION('',(1.,0.,0.));
#4317 = DIRECTION('',(0.,0.,1.));
#4318 = ADVANCED_FACE('',(#4319),#4337,.T.);
#4319 = FACE_BOUND('',#4320,.T.);
#4320 = EDGE_LOOP('',(#4321,#4329,#4330,#4331));
#4321 = ORIENTED_EDGE('',*,*,#4322,.F.);
#4322 = EDGE_CURVE('',#4301,#4323,#4325,.T.);
#4323 = VERTEX_POINT('',#4324);
#4324 = CARTESIAN_POINT('',(189.1,153.,125.));
#4325 = LINE('',#4326,#4327);
#4326 = CARTESIAN_POINT('',(160.9,153.,125.));
#4327 = VECTOR('',#4328,1.);
#4328 = DIRECTION('',(1.,0.,0.));
#4329 = ORIENTED_EDGE('',*,*,#4308,.F.);
#4330 = ORIENTED_EDGE('',*,*,#3625,.T.);
#4331 = ORIENTED_EDGE('',*,*,#4332,.T.);
#4332 = EDGE_CURVE('',#3618,#4323,#4333,.T.);
#4333 = LINE('',#4334,#4335);
#4334 = CARTESIAN_POINT('',(189.1,145.,125.));
#4335 = VECTOR('',#4336,1.);
#4336 = DIRECTION('',(0.,1.,0.));
#4337 = PLANE('',#4338);
#4338 = AXIS2_PLACEMENT_3D('',#4339,#4340,#4341);
#4339 = CARTESIAN_POINT('',(160.9,145.,125.));
#4340 = DIRECTION('',(0.,0.,1.));
#4341 = DIRECTION('',(1.,0.,0.));
#4342 = ADVANCED_FACE('',(#4343),#4369,.T.);
#4343 = FACE_BOUND('',#4344,.T.);
#4344 = EDGE_LOOP('',(#4345,#4346,#4354,#4360,#4361,#4362,#4368));
#4345 = ORIENTED_EDGE('',*,*,#4085,.F.);
#4346 = ORIENTED_EDGE('',*,*,#4347,.T.);
#4347 = EDGE_CURVE('',#4086,#4348,#4350,.T.);
#4348 = VERTEX_POINT('',#4349);
#4349 = CARTESIAN_POINT('',(189.1,153.,-65.5));
#4350 = LINE('',#4351,#4352);
#4351 = CARTESIAN_POINT('',(189.1,145.,-65.5));
#4352 = VECTOR('',#4353,1.);
#4353 = DIRECTION('',(0.,1.,0.));
#4354 = ORIENTED_EDGE('',*,*,#4355,.T.);
#4355 = EDGE_CURVE('',#4348,#4323,#4356,.T.);
#4356 = LINE('',#4357,#4358);
#4357 = CARTESIAN_POINT('',(189.1,153.,-65.5));
#4358 = VECTOR('',#4359,1.);
#4359 = DIRECTION('',(0.,0.,1.));
#4360 = ORIENTED_EDGE('',*,*,#4332,.F.);
#4361 = ORIENTED_EDGE('',*,*,#3617,.F.);
#4362 = ORIENTED_EDGE('',*,*,#4363,.F.);
#4363 = EDGE_CURVE('',#3592,#3609,#4364,.T.);
#4364 = LINE('',#4365,#4366);
#4365 = CARTESIAN_POINT('',(189.1,145.,-65.5));
#4366 = VECTOR('',#4367,1.);
#4367 = DIRECTION('',(0.,0.,1.));
#4368 = ORIENTED_EDGE('',*,*,#3591,.F.);
#4369 = PLANE('',#4370);
#4370 = AXIS2_PLACEMENT_3D('',#4371,#4372,#4373);
#4371 = CARTESIAN_POINT('',(189.1,145.,-65.5));
#4372 = DIRECTION('',(1.,0.,0.));
#4373 = DIRECTION('',(0.,0.,1.));
#4374 = ADVANCED_FACE('',(#4375),#4386,.F.);
#4375 = FACE_BOUND('',#4376,.F.);
#4376 = EDGE_LOOP('',(#4377,#4378,#4384,#4385));
#4377 = ORIENTED_EDGE('',*,*,#3782,.F.);
#4378 = ORIENTED_EDGE('',*,*,#4379,.F.);
#4379 = EDGE_CURVE('',#3858,#3783,#4380,.T.);
#4380 = LINE('',#4381,#4382);
#4381 = CARTESIAN_POINT('',(223.1,75.,6.));
#4382 = VECTOR('',#4383,1.);
#4383 = DIRECTION('',(0.,0.,1.));
#4384 = ORIENTED_EDGE('',*,*,#3857,.T.);
#4385 = ORIENTED_EDGE('',*,*,#4379,.T.);
#4386 = CYLINDRICAL_SURFACE('',#4387,2.1);
#4387 = AXIS2_PLACEMENT_3D('',#4388,#4389,#4390);
#4388 = CARTESIAN_POINT('',(221.,75.,6.));
#4389 = DIRECTION('',(0.,0.,1.));
#4390 = DIRECTION('',(1.,0.,0.));
#4391 = ADVANCED_FACE('',(#4392),#4403,.F.);
#4392 = FACE_BOUND('',#4393,.F.);
#4393 = EDGE_LOOP('',(#4394,#4395,#4401,#4402));
#4394 = ORIENTED_EDGE('',*,*,#3804,.F.);
#4395 = ORIENTED_EDGE('',*,*,#4396,.F.);
#4396 = EDGE_CURVE('',#3869,#3805,#4397,.T.);
#4397 = LINE('',#4398,#4399);
#4398 = CARTESIAN_POINT('',(223.1,135.,6.));
#4399 = VECTOR('',#4400,1.);
#4400 = DIRECTION('',(0.,0.,1.));
#4401 = ORIENTED_EDGE('',*,*,#3868,.T.);
#4402 = ORIENTED_EDGE('',*,*,#4396,.T.);
#4403 = CYLINDRICAL_SURFACE('',#4404,2.1);
#4404 = AXIS2_PLACEMENT_3D('',#4405,#4406,#4407);
#4405 = CARTESIAN_POINT('',(221.,135.,6.));
#4406 = DIRECTION('',(0.,0.,1.));
#4407 = DIRECTION('',(1.,0.,0.));
#4408 = ADVANCED_FACE('',(#4409),#4413,.F.);
#4409 = FACE_BOUND('',#4410,.F.);
#4410 = EDGE_LOOP('',(#4411,#4412));
#4411 = ORIENTED_EDGE('',*,*,#3974,.T.);
#4412 = ORIENTED_EDGE('',*,*,#4211,.T.);
#4413 = PLANE('',#4414);
#4414 = AXIS2_PLACEMENT_3D('',#4415,#4416,#4417);
#4415 = CARTESIAN_POINT('',(160.9,145.,-65.5));
#4416 = DIRECTION('',(0.,1.,0.));
#4417 = DIRECTION('',(0.,0.,1.));
#4418 = ADVANCED_FACE('',(#4419),#4423,.F.);
#4419 = FACE_BOUND('',#4420,.F.);
#4420 = EDGE_LOOP('',(#4421,#4422));
#4421 = ORIENTED_EDGE('',*,*,#4363,.F.);
#4422 = ORIENTED_EDGE('',*,*,#4067,.T.);
#4423 = PLANE('',#4424);
#4424 = AXIS2_PLACEMENT_3D('',#4425,#4426,#4427);
#4425 = CARTESIAN_POINT('',(160.9,145.,-65.5));
#4426 = DIRECTION('',(0.,1.,0.));
#4427 = DIRECTION('',(0.,0.,1.));
#4428 = ADVANCED_FACE('',(#4429,#4470,#4481,#4492),#4503,.F.);
#4429 = FACE_BOUND('',#4430,.F.);
#4430 = EDGE_LOOP('',(#4431,#4441,#4447,#4448,#4456,#4464));
#4431 = ORIENTED_EDGE('',*,*,#4432,.F.);
#4432 = EDGE_CURVE('',#4433,#4435,#4437,.T.);
#4433 = VERTEX_POINT('',#4434);
#4434 = CARTESIAN_POINT('',(160.9,145.,-221.5));
#4435 = VERTEX_POINT('',#4436);
#4436 = CARTESIAN_POINT('',(166.9377422517,145.,-221.5));
#4437 = LINE('',#4438,#4439);
#4438 = CARTESIAN_POINT('',(160.9,145.,-221.5));
#4439 = VECTOR('',#4440,1.);
#4440 = DIRECTION('',(1.,0.,0.));
#4441 = ORIENTED_EDGE('',*,*,#4442,.T.);
#4442 = EDGE_CURVE('',#4433,#4094,#4443,.T.);
#4443 = LINE('',#4444,#4445);
#4444 = CARTESIAN_POINT('',(160.9,145.,-221.5));
#4445 = VECTOR('',#4446,1.);
#4446 = DIRECTION('',(0.,0.,1.));
#4447 = ORIENTED_EDGE('',*,*,#4093,.T.);
#4448 = ORIENTED_EDGE('',*,*,#4449,.F.);
#4449 = EDGE_CURVE('',#4450,#4086,#4452,.T.);
#4450 = VERTEX_POINT('',#4451);
#4451 = CARTESIAN_POINT('',(189.1,145.,-221.5));
#4452 = LINE('',#4453,#4454);
#4453 = CARTESIAN_POINT('',(189.1,145.,-221.5));
#4454 = VECTOR('',#4455,1.);
#4455 = DIRECTION('',(0.,0.,1.));
#4456 = ORIENTED_EDGE('',*,*,#4457,.F.);
#4457 = EDGE_CURVE('',#4458,#4450,#4460,.T.);
#4458 = VERTEX_POINT('',#4459);
#4459 = CARTESIAN_POINT('',(183.06225774829,145.,-221.5));
#4460 = LINE('',#4461,#4462);
#4461 = CARTESIAN_POINT('',(160.9,145.,-221.5));
#4462 = VECTOR('',#4463,1.);
#4463 = DIRECTION('',(1.,0.,0.));
#4464 = ORIENTED_EDGE('',*,*,#4465,.F.);
#4465 = EDGE_CURVE('',#4435,#4458,#4466,.T.);
#4466 = LINE('',#4467,#4468);
#4467 = CARTESIAN_POINT('',(160.9,145.,-221.5));
#4468 = VECTOR('',#4469,1.);
#4469 = DIRECTION('',(1.,0.,0.));
#4470 = FACE_BOUND('',#4471,.F.);
#4471 = EDGE_LOOP('',(#4472));
#4472 = ORIENTED_EDGE('',*,*,#4473,.F.);
#4473 = EDGE_CURVE('',#4474,#4474,#4476,.T.);
#4474 = VERTEX_POINT('',#4475);
#4475 = CARTESIAN_POINT('',(175.,145.,-98.9));
#4476 = CIRCLE('',#4477,1.6);
#4477 = AXIS2_PLACEMENT_3D('',#4478,#4479,#4480);
#4478 = CARTESIAN_POINT('',(175.,145.,-100.5));
#4479 = DIRECTION('',(0.,1.,0.));
#4480 = DIRECTION('',(0.,0.,1.));
#4481 = FACE_BOUND('',#4482,.F.);
#4482 = EDGE_LOOP('',(#4483));
#4483 = ORIENTED_EDGE('',*,*,#4484,.F.);
#4484 = EDGE_CURVE('',#4485,#4485,#4487,.T.);
#4485 = VERTEX_POINT('',#4486);
#4486 = CARTESIAN_POINT('',(175.,145.,-82.5));
#4487 = CIRCLE('',#4488,3.);
#4488 = AXIS2_PLACEMENT_3D('',#4489,#4490,#4491);
#4489 = CARTESIAN_POINT('',(175.,145.,-85.5));
#4490 = DIRECTION('',(0.,1.,0.));
#4491 = DIRECTION('',(0.,0.,1.));
#4492 = FACE_BOUND('',#4493,.F.);
#4493 = EDGE_LOOP('',(#4494));
#4494 = ORIENTED_EDGE('',*,*,#4495,.F.);
#4495 = EDGE_CURVE('',#4496,#4496,#4498,.T.);
#4496 = VERTEX_POINT('',#4497);
#4497 = CARTESIAN_POINT('',(175.,145.,-68.9));
#4498 = CIRCLE('',#4499,1.6);
#4499 = AXIS2_PLACEMENT_3D('',#4500,#4501,#4502);
#4500 = CARTESIAN_POINT('',(175.,145.,-70.5));
#4501 = DIRECTION('',(0.,1.,0.));
#4502 = DIRECTION('',(0.,0.,1.));
#4503 = PLANE('',#4504);
#4504 = AXIS2_PLACEMENT_3D('',#4505,#4506,#4507);
#4505 = CARTESIAN_POINT('',(160.9,145.,-221.5));
#4506 = DIRECTION('',(0.,1.,0.));
#4507 = DIRECTION('',(0.,0.,1.));
#4508 = ADVANCED_FACE('',(#4509),#4528,.F.);
#4509 = FACE_BOUND('',#4510,.F.);
#4510 = EDGE_LOOP('',(#4511,#4520,#4526,#4527));
#4511 = ORIENTED_EDGE('',*,*,#4512,.F.);
#4512 = EDGE_CURVE('',#4513,#4513,#4515,.T.);
#4513 = VERTEX_POINT('',#4514);
#4514 = CARTESIAN_POINT('',(175.,153.,-58.9));
#4515 = CIRCLE('',#4516,1.6);
#4516 = AXIS2_PLACEMENT_3D('',#4517,#4518,#4519);
#4517 = CARTESIAN_POINT('',(175.,153.,-60.5));
#4518 = DIRECTION('',(0.,1.,0.));
#4519 = DIRECTION('',(0.,0.,1.));
#4520 = ORIENTED_EDGE('',*,*,#4521,.F.);
#4521 = EDGE_CURVE('',#4115,#4513,#4522,.T.);
#4522 = LINE('',#4523,#4524);
#4523 = CARTESIAN_POINT('',(175.,145.,-58.9));
#4524 = VECTOR('',#4525,1.);
#4525 = DIRECTION('',(0.,1.,0.));
#4526 = ORIENTED_EDGE('',*,*,#4114,.T.);
#4527 = ORIENTED_EDGE('',*,*,#4521,.T.);
#4528 = CYLINDRICAL_SURFACE('',#4529,1.6);
#4529 = AXIS2_PLACEMENT_3D('',#4530,#4531,#4532);
#4530 = CARTESIAN_POINT('',(175.,145.,-60.5));
#4531 = DIRECTION('',(0.,1.,0.));
#4532 = DIRECTION('',(0.,0.,1.));
#4533 = ADVANCED_FACE('',(#4534),#4553,.F.);
#4534 = FACE_BOUND('',#4535,.F.);
#4535 = EDGE_LOOP('',(#4536,#4545,#4551,#4552));
#4536 = ORIENTED_EDGE('',*,*,#4537,.F.);
#4537 = EDGE_CURVE('',#4538,#4538,#4540,.T.);
#4538 = VERTEX_POINT('',#4539);
#4539 = CARTESIAN_POINT('',(175.,153.,-28.9));
#4540 = CIRCLE('',#4541,1.6);
#4541 = AXIS2_PLACEMENT_3D('',#4542,#4543,#4544);
#4542 = CARTESIAN_POINT('',(175.,153.,-30.5));
#4543 = DIRECTION('',(0.,1.,0.));
#4544 = DIRECTION('',(0.,0.,1.));
#4545 = ORIENTED_EDGE('',*,*,#4546,.F.);
#4546 = EDGE_CURVE('',#4126,#4538,#4547,.T.);
#4547 = LINE('',#4548,#4549);
#4548 = CARTESIAN_POINT('',(175.,145.,-28.9));
#4549 = VECTOR('',#4550,1.);
#4550 = DIRECTION('',(0.,1.,0.));
#4551 = ORIENTED_EDGE('',*,*,#4125,.T.);
#4552 = ORIENTED_EDGE('',*,*,#4546,.T.);
#4553 = CYLINDRICAL_SURFACE('',#4554,1.6);
#4554 = AXIS2_PLACEMENT_3D('',#4555,#4556,#4557);
#4555 = CARTESIAN_POINT('',(175.,145.,-30.5));
#4556 = DIRECTION('',(0.,1.,0.));
#4557 = DIRECTION('',(0.,0.,1.));
#4558 = ADVANCED_FACE('',(#4559),#4578,.F.);
#4559 = FACE_BOUND('',#4560,.F.);
#4560 = EDGE_LOOP('',(#4561,#4570,#4576,#4577));
#4561 = ORIENTED_EDGE('',*,*,#4562,.F.);
#4562 = EDGE_CURVE('',#4563,#4563,#4565,.T.);
#4563 = VERTEX_POINT('',#4564);
#4564 = CARTESIAN_POINT('',(175.,153.,-42.5));
#4565 = CIRCLE('',#4566,3.);
#4566 = AXIS2_PLACEMENT_3D('',#4567,#4568,#4569);
#4567 = CARTESIAN_POINT('',(175.,153.,-45.5));
#4568 = DIRECTION('',(0.,1.,0.));
#4569 = DIRECTION('',(0.,0.,1.));
#4570 = ORIENTED_EDGE('',*,*,#4571,.F.);
#4571 = EDGE_CURVE('',#4137,#4563,#4572,.T.);
#4572 = LINE('',#4573,#4574);
#4573 = CARTESIAN_POINT('',(175.,145.,-42.5));
#4574 = VECTOR('',#4575,1.);
#4575 = DIRECTION('',(0.,1.,0.));
#4576 = ORIENTED_EDGE('',*,*,#4136,.T.);
#4577 = ORIENTED_EDGE('',*,*,#4571,.T.);
#4578 = CYLINDRICAL_SURFACE('',#4579,3.);
#4579 = AXIS2_PLACEMENT_3D('',#4580,#4581,#4582);
#4580 = CARTESIAN_POINT('',(175.,145.,-45.5));
#4581 = DIRECTION('',(0.,1.,0.));
#4582 = DIRECTION('',(0.,0.,1.));
#4583 = ADVANCED_FACE('',(#4584),#4602,.F.);
#4584 = FACE_BOUND('',#4585,.F.);
#4585 = EDGE_LOOP('',(#4586,#4587,#4595,#4601));
#4586 = ORIENTED_EDGE('',*,*,#4442,.F.);
#4587 = ORIENTED_EDGE('',*,*,#4588,.T.);
#4588 = EDGE_CURVE('',#4433,#4589,#4591,.T.);
#4589 = VERTEX_POINT('',#4590);
#4590 = CARTESIAN_POINT('',(160.9,153.,-221.5));
#4591 = LINE('',#4592,#4593);
#4592 = CARTESIAN_POINT('',(160.9,145.,-221.5));
#4593 = VECTOR('',#4594,1.);
#4594 = DIRECTION('',(0.,1.,0.));
#4595 = ORIENTED_EDGE('',*,*,#4596,.T.);
#4596 = EDGE_CURVE('',#4589,#4189,#4597,.T.);
#4597 = LINE('',#4598,#4599);
#4598 = CARTESIAN_POINT('',(160.9,153.,-221.5));
#4599 = VECTOR('',#4600,1.);
#4600 = DIRECTION('',(0.,0.,1.));
#4601 = ORIENTED_EDGE('',*,*,#4188,.F.);
#4602 = PLANE('',#4603);
#4603 = AXIS2_PLACEMENT_3D('',#4604,#4605,#4606);
#4604 = CARTESIAN_POINT('',(160.9,145.,-221.5));
#4605 = DIRECTION('',(1.,0.,0.));
#4606 = DIRECTION('',(0.,0.,1.));
#4607 = ADVANCED_FACE('',(#4608,#4623,#4626,#4629),#4632,.T.);
#4608 = FACE_BOUND('',#4609,.T.);
#4609 = EDGE_LOOP('',(#4610,#4611,#4617,#4618,#4619,#4620,#4621,#4622));
#4610 = ORIENTED_EDGE('',*,*,#4355,.F.);
#4611 = ORIENTED_EDGE('',*,*,#4612,.F.);
#4612 = EDGE_CURVE('',#4189,#4348,#4613,.T.);
#4613 = LINE('',#4614,#4615);
#4614 = CARTESIAN_POINT('',(160.9,153.,-65.5));
#4615 = VECTOR('',#4616,1.);
#4616 = DIRECTION('',(1.,0.,0.));
#4617 = ORIENTED_EDGE('',*,*,#4196,.T.);
#4618 = ORIENTED_EDGE('',*,*,#4226,.T.);
#4619 = ORIENTED_EDGE('',*,*,#4259,.F.);
#4620 = ORIENTED_EDGE('',*,*,#4284,.T.);
#4621 = ORIENTED_EDGE('',*,*,#4300,.T.);
#4622 = ORIENTED_EDGE('',*,*,#4322,.T.);
#4623 = FACE_BOUND('',#4624,.T.);
#4624 = EDGE_LOOP('',(#4625));
#4625 = ORIENTED_EDGE('',*,*,#4512,.F.);
#4626 = FACE_BOUND('',#4627,.T.);
#4627 = EDGE_LOOP('',(#4628));
#4628 = ORIENTED_EDGE('',*,*,#4562,.F.);
#4629 = FACE_BOUND('',#4630,.T.);
#4630 = EDGE_LOOP('',(#4631));
#4631 = ORIENTED_EDGE('',*,*,#4537,.F.);
#4632 = PLANE('',#4633);
#4633 = AXIS2_PLACEMENT_3D('',#4634,#4635,#4636);
#4634 = CARTESIAN_POINT('',(160.9,153.,-65.5));
#4635 = DIRECTION('',(0.,1.,0.));
#4636 = DIRECTION('',(0.,0.,1.));
#4637 = ADVANCED_FACE('',(#4638),#4656,.T.);
#4638 = FACE_BOUND('',#4639,.T.);
#4639 = EDGE_LOOP('',(#4640,#4641,#4649,#4655));
#4640 = ORIENTED_EDGE('',*,*,#4449,.F.);
#4641 = ORIENTED_EDGE('',*,*,#4642,.T.);
#4642 = EDGE_CURVE('',#4450,#4643,#4645,.T.);
#4643 = VERTEX_POINT('',#4644);
#4644 = CARTESIAN_POINT('',(189.1,153.,-221.5));
#4645 = LINE('',#4646,#4647);
#4646 = CARTESIAN_POINT('',(189.1,145.,-221.5));
#4647 = VECTOR('',#4648,1.);
#4648 = DIRECTION('',(0.,1.,0.));
#4649 = ORIENTED_EDGE('',*,*,#4650,.T.);
#4650 = EDGE_CURVE('',#4643,#4348,#4651,.T.);
#4651 = LINE('',#4652,#4653);
#4652 = CARTESIAN_POINT('',(189.1,153.,-221.5));
#4653 = VECTOR('',#4654,1.);
#4654 = DIRECTION('',(0.,0.,1.));
#4655 = ORIENTED_EDGE('',*,*,#4347,.F.);
#4656 = PLANE('',#4657);
#4657 = AXIS2_PLACEMENT_3D('',#4658,#4659,#4660);
#4658 = CARTESIAN_POINT('',(189.1,145.,-221.5));
#4659 = DIRECTION('',(1.,0.,0.));
#4660 = DIRECTION('',(0.,0.,1.));
#4661 = ADVANCED_FACE('',(#4662),#4681,.F.);
#4662 = FACE_BOUND('',#4663,.F.);
#4663 = EDGE_LOOP('',(#4664,#4672,#4673,#4674));
#4664 = ORIENTED_EDGE('',*,*,#4665,.F.);
#4665 = EDGE_CURVE('',#4589,#4666,#4668,.T.);
#4666 = VERTEX_POINT('',#4667);
#4667 = CARTESIAN_POINT('',(166.9377422517,153.,-221.5));
#4668 = LINE('',#4669,#4670);
#4669 = CARTESIAN_POINT('',(160.9,153.,-221.5));
#4670 = VECTOR('',#4671,1.);
#4671 = DIRECTION('',(1.,0.,0.));
#4672 = ORIENTED_EDGE('',*,*,#4588,.F.);
#4673 = ORIENTED_EDGE('',*,*,#4432,.T.);
#4674 = ORIENTED_EDGE('',*,*,#4675,.F.);
#4675 = EDGE_CURVE('',#4666,#4435,#4676,.T.);
#4676 = CIRCLE('',#4677,9.);
#4677 = AXIS2_PLACEMENT_3D('',#4678,#4679,#4680);
#4678 = CARTESIAN_POINT('',(175.,149.,-221.5));
#4679 = DIRECTION('',(0.,0.,1.));
#4680 = DIRECTION('',(1.,0.,0.));
#4681 = PLANE('',#4682);
#4682 = AXIS2_PLACEMENT_3D('',#4683,#4684,#4685);
#4683 = CARTESIAN_POINT('',(160.9,145.,-221.5));
#4684 = DIRECTION('',(0.,0.,1.));
#4685 = DIRECTION('',(1.,0.,0.));
#4686 = ADVANCED_FACE('',(#4687),#4715,.F.);
#4687 = FACE_BOUND('',#4688,.F.);
#4688 = EDGE_LOOP('',(#4689,#4697,#4706,#4713,#4714));
#4689 = ORIENTED_EDGE('',*,*,#4690,.F.);
#4690 = EDGE_CURVE('',#4691,#4643,#4693,.T.);
#4691 = VERTEX_POINT('',#4692);
#4692 = CARTESIAN_POINT('',(183.06225774829,153.,-221.5));
#4693 = LINE('',#4694,#4695);
#4694 = CARTESIAN_POINT('',(160.9,153.,-221.5));
#4695 = VECTOR('',#4696,1.);
#4696 = DIRECTION('',(1.,0.,0.));
#4697 = ORIENTED_EDGE('',*,*,#4698,.F.);
#4698 = EDGE_CURVE('',#4699,#4691,#4701,.T.);
#4699 = VERTEX_POINT('',#4700);
#4700 = CARTESIAN_POINT('',(184.,149.,-221.5));
#4701 = CIRCLE('',#4702,9.);
#4702 = AXIS2_PLACEMENT_3D('',#4703,#4704,#4705);
#4703 = CARTESIAN_POINT('',(175.,149.,-221.5));
#4704 = DIRECTION('',(0.,0.,1.));
#4705 = DIRECTION('',(1.,0.,0.));
#4706 = ORIENTED_EDGE('',*,*,#4707,.F.);
#4707 = EDGE_CURVE('',#4458,#4699,#4708,.T.);
#4708 = CIRCLE('',#4709,9.);
#4709 = AXIS2_PLACEMENT_3D('',#4710,#4711,#4712);
#4710 = CARTESIAN_POINT('',(175.,149.,-221.5));
#4711 = DIRECTION('',(0.,0.,1.));
#4712 = DIRECTION('',(1.,0.,0.));
#4713 = ORIENTED_EDGE('',*,*,#4457,.T.);
#4714 = ORIENTED_EDGE('',*,*,#4642,.T.);
#4715 = PLANE('',#4716);
#4716 = AXIS2_PLACEMENT_3D('',#4717,#4718,#4719);
#4717 = CARTESIAN_POINT('',(160.9,145.,-221.5));
#4718 = DIRECTION('',(0.,0.,1.));
#4719 = DIRECTION('',(1.,0.,0.));
#4720 = ADVANCED_FACE('',(#4721),#4731,.T.);
#4721 = FACE_BOUND('',#4722,.T.);
#4722 = EDGE_LOOP('',(#4723,#4730));
#4723 = ORIENTED_EDGE('',*,*,#4724,.T.);
#4724 = EDGE_CURVE('',#4435,#4458,#4725,.T.);
#4725 = CIRCLE('',#4726,9.);
#4726 = AXIS2_PLACEMENT_3D('',#4727,#4728,#4729);
#4727 = CARTESIAN_POINT('',(175.,149.,-221.5));
#4728 = DIRECTION('',(0.,0.,1.));
#4729 = DIRECTION('',(1.,0.,0.));
#4730 = ORIENTED_EDGE('',*,*,#4465,.F.);
#4731 = PLANE('',#4732);
#4732 = AXIS2_PLACEMENT_3D('',#4733,#4734,#4735);
#4733 = CARTESIAN_POINT('',(175.,149.,-221.5));
#4734 = DIRECTION('',(0.,0.,1.));
#4735 = DIRECTION('',(1.,0.,0.));
#4736 = ADVANCED_FACE('',(#4737),#4756,.F.);
#4737 = FACE_BOUND('',#4738,.F.);
#4738 = EDGE_LOOP('',(#4739,#4748,#4754,#4755));
#4739 = ORIENTED_EDGE('',*,*,#4740,.F.);
#4740 = EDGE_CURVE('',#4741,#4741,#4743,.T.);
#4741 = VERTEX_POINT('',#4742);
#4742 = CARTESIAN_POINT('',(175.,153.,-98.9));
#4743 = CIRCLE('',#4744,1.6);
#4744 = AXIS2_PLACEMENT_3D('',#4745,#4746,#4747);
#4745 = CARTESIAN_POINT('',(175.,153.,-100.5));
#4746 = DIRECTION('',(0.,1.,0.));
#4747 = DIRECTION('',(0.,0.,1.));
#4748 = ORIENTED_EDGE('',*,*,#4749,.F.);
#4749 = EDGE_CURVE('',#4474,#4741,#4750,.T.);
#4750 = LINE('',#4751,#4752);
#4751 = CARTESIAN_POINT('',(175.,145.,-98.9));
#4752 = VECTOR('',#4753,1.);
#4753 = DIRECTION('',(0.,1.,0.));
#4754 = ORIENTED_EDGE('',*,*,#4473,.T.);
#4755 = ORIENTED_EDGE('',*,*,#4749,.T.);
#4756 = CYLINDRICAL_SURFACE('',#4757,1.6);
#4757 = AXIS2_PLACEMENT_3D('',#4758,#4759,#4760);
#4758 = CARTESIAN_POINT('',(175.,145.,-100.5));
#4759 = DIRECTION('',(0.,1.,0.));
#4760 = DIRECTION('',(0.,0.,1.));
#4761 = ADVANCED_FACE('',(#4762),#4781,.F.);
#4762 = FACE_BOUND('',#4763,.F.);
#4763 = EDGE_LOOP('',(#4764,#4773,#4779,#4780));
#4764 = ORIENTED_EDGE('',*,*,#4765,.F.);
#4765 = EDGE_CURVE('',#4766,#4766,#4768,.T.);
#4766 = VERTEX_POINT('',#4767);
#4767 = CARTESIAN_POINT('',(175.,153.,-82.5));
#4768 = CIRCLE('',#4769,3.);
#4769 = AXIS2_PLACEMENT_3D('',#4770,#4771,#4772);
#4770 = CARTESIAN_POINT('',(175.,153.,-85.5));
#4771 = DIRECTION('',(0.,1.,0.));
#4772 = DIRECTION('',(0.,0.,1.));
#4773 = ORIENTED_EDGE('',*,*,#4774,.F.);
#4774 = EDGE_CURVE('',#4485,#4766,#4775,.T.);
#4775 = LINE('',#4776,#4777);
#4776 = CARTESIAN_POINT('',(175.,145.,-82.5));
#4777 = VECTOR('',#4778,1.);
#4778 = DIRECTION('',(0.,1.,0.));
#4779 = ORIENTED_EDGE('',*,*,#4484,.T.);
#4780 = ORIENTED_EDGE('',*,*,#4774,.T.);
#4781 = CYLINDRICAL_SURFACE('',#4782,3.);
#4782 = AXIS2_PLACEMENT_3D('',#4783,#4784,#4785);
#4783 = CARTESIAN_POINT('',(175.,145.,-85.5));
#4784 = DIRECTION('',(0.,1.,0.));
#4785 = DIRECTION('',(0.,0.,1.));
#4786 = ADVANCED_FACE('',(#4787),#4806,.F.);
#4787 = FACE_BOUND('',#4788,.F.);
#4788 = EDGE_LOOP('',(#4789,#4798,#4804,#4805));
#4789 = ORIENTED_EDGE('',*,*,#4790,.F.);
#4790 = EDGE_CURVE('',#4791,#4791,#4793,.T.);
#4791 = VERTEX_POINT('',#4792);
#4792 = CARTESIAN_POINT('',(175.,153.,-68.9));
#4793 = CIRCLE('',#4794,1.6);
#4794 = AXIS2_PLACEMENT_3D('',#4795,#4796,#4797);
#4795 = CARTESIAN_POINT('',(175.,153.,-70.5));
#4796 = DIRECTION('',(0.,1.,0.));
#4797 = DIRECTION('',(0.,0.,1.));
#4798 = ORIENTED_EDGE('',*,*,#4799,.F.);
#4799 = EDGE_CURVE('',#4496,#4791,#4800,.T.);
#4800 = LINE('',#4801,#4802);
#4801 = CARTESIAN_POINT('',(175.,145.,-68.9));
#4802 = VECTOR('',#4803,1.);
#4803 = DIRECTION('',(0.,1.,0.));
#4804 = ORIENTED_EDGE('',*,*,#4495,.T.);
#4805 = ORIENTED_EDGE('',*,*,#4799,.T.);
#4806 = CYLINDRICAL_SURFACE('',#4807,1.6);
#4807 = AXIS2_PLACEMENT_3D('',#4808,#4809,#4810);
#4808 = CARTESIAN_POINT('',(175.,145.,-70.5));
#4809 = DIRECTION('',(0.,1.,0.));
#4810 = DIRECTION('',(0.,0.,1.));
#4811 = ADVANCED_FACE('',(#4812,#4825,#4828,#4831),#4834,.T.);
#4812 = FACE_BOUND('',#4813,.T.);
#4813 = EDGE_LOOP('',(#4814,#4815,#4816,#4817,#4818,#4819));
#4814 = ORIENTED_EDGE('',*,*,#4665,.F.);
#4815 = ORIENTED_EDGE('',*,*,#4596,.T.);
#4816 = ORIENTED_EDGE('',*,*,#4612,.T.);
#4817 = ORIENTED_EDGE('',*,*,#4650,.F.);
#4818 = ORIENTED_EDGE('',*,*,#4690,.F.);
#4819 = ORIENTED_EDGE('',*,*,#4820,.F.);
#4820 = EDGE_CURVE('',#4666,#4691,#4821,.T.);
#4821 = LINE('',#4822,#4823);
#4822 = CARTESIAN_POINT('',(160.9,153.,-221.5));
#4823 = VECTOR('',#4824,1.);
#4824 = DIRECTION('',(1.,0.,0.));
#4825 = FACE_BOUND('',#4826,.T.);
#4826 = EDGE_LOOP('',(#4827));
#4827 = ORIENTED_EDGE('',*,*,#4740,.F.);
#4828 = FACE_BOUND('',#4829,.T.);
#4829 = EDGE_LOOP('',(#4830));
#4830 = ORIENTED_EDGE('',*,*,#4765,.F.);
#4831 = FACE_BOUND('',#4832,.T.);
#4832 = EDGE_LOOP('',(#4833));
#4833 = ORIENTED_EDGE('',*,*,#4790,.F.);
#4834 = PLANE('',#4835);
#4835 = AXIS2_PLACEMENT_3D('',#4836,#4837,#4838);
#4836 = CARTESIAN_POINT('',(160.9,153.,-221.5));
#4837 = DIRECTION('',(0.,1.,0.));
#4838 = DIRECTION('',(0.,0.,1.));
#4839 = ADVANCED_FACE('',(#4840),#4869,.T.);
#4840 = FACE_BOUND('',#4841,.T.);
#4841 = EDGE_LOOP('',(#4842,#4850,#4851,#4852,#4853,#4860,#4861,#4862));
#4842 = ORIENTED_EDGE('',*,*,#4843,.T.);
#4843 = EDGE_CURVE('',#4844,#4699,#4846,.T.);
#4844 = VERTEX_POINT('',#4845);
#4845 = CARTESIAN_POINT('',(184.,149.,-231.5));
#4846 = LINE('',#4847,#4848);
#4847 = CARTESIAN_POINT('',(184.,149.,-231.5));
#4848 = VECTOR('',#4849,1.);
#4849 = DIRECTION('',(0.,0.,1.));
#4850 = ORIENTED_EDGE('',*,*,#4707,.F.);
#4851 = ORIENTED_EDGE('',*,*,#4724,.F.);
#4852 = ORIENTED_EDGE('',*,*,#4675,.F.);
#4853 = ORIENTED_EDGE('',*,*,#4854,.F.);
#4854 = EDGE_CURVE('',#4691,#4666,#4855,.T.);
#4855 = CIRCLE('',#4856,9.);
#4856 = AXIS2_PLACEMENT_3D('',#4857,#4858,#4859);
#4857 = CARTESIAN_POINT('',(175.,149.,-221.5));
#4858 = DIRECTION('',(0.,0.,1.));
#4859 = DIRECTION('',(1.,0.,0.));
#4860 = ORIENTED_EDGE('',*,*,#4698,.F.);
#4861 = ORIENTED_EDGE('',*,*,#4843,.F.);
#4862 = ORIENTED_EDGE('',*,*,#4863,.T.);
#4863 = EDGE_CURVE('',#4844,#4844,#4864,.T.);
#4864 = CIRCLE('',#4865,9.);
#4865 = AXIS2_PLACEMENT_3D('',#4866,#4867,#4868);
#4866 = CARTESIAN_POINT('',(175.,149.,-231.5));
#4867 = DIRECTION('',(0.,0.,1.));
#4868 = DIRECTION('',(1.,0.,0.));
#4869 = CYLINDRICAL_SURFACE('',#4870,9.);
#4870 = AXIS2_PLACEMENT_3D('',#4871,#4872,#4873);
#4871 = CARTESIAN_POINT('',(175.,149.,-231.5));
#4872 = DIRECTION('',(0.,0.,1.));
#4873 = DIRECTION('',(1.,0.,0.));
#4874 = ADVANCED_FACE('',(#4875),#4879,.T.);
#4875 = FACE_BOUND('',#4876,.T.);
#4876 = EDGE_LOOP('',(#4877,#4878));
#4877 = ORIENTED_EDGE('',*,*,#4820,.T.);
#4878 = ORIENTED_EDGE('',*,*,#4854,.T.);
#4879 = PLANE('',#4880);
#4880 = AXIS2_PLACEMENT_3D('',#4881,#4882,#4883);
#4881 = CARTESIAN_POINT('',(175.,149.,-221.5));
#4882 = DIRECTION('',(0.,0.,1.));
#4883 = DIRECTION('',(1.,0.,0.));
#4884 = ADVANCED_FACE('',(#4885),#4888,.F.);
#4885 = FACE_BOUND('',#4886,.T.);
#4886 = EDGE_LOOP('',(#4887));
#4887 = ORIENTED_EDGE('',*,*,#4863,.F.);
#4888 = PLANE('',#4889);
#4889 = AXIS2_PLACEMENT_3D('',#4890,#4891,#4892);
#4890 = CARTESIAN_POINT('',(175.,149.,-231.5));
#4891 = DIRECTION('',(0.,0.,1.));
#4892 = DIRECTION('',(1.,0.,0.));
#4893 = MANIFOLD_SOLID_BREP('',#4894);
#4894 = CLOSED_SHELL('',(#4895,#4935,#5075,#5129,#5324,#5385,#5402,#5449
    ,#5473,#5497,#5514,#5531,#5556,#5573,#5590,#5607,#5624,#5649,#5717,
    #5734,#5751,#5790,#5814,#5838,#5862,#5886,#5910,#5942,#5959,#5976,
    #5986,#5996,#6076,#6101,#6126,#6151,#6175,#6205,#6229,#6254,#6288,
    #6304,#6329,#6354,#6379,#6407,#6442,#6452));
#4895 = ADVANCED_FACE('',(#4896),#4930,.F.);
#4896 = FACE_BOUND('',#4897,.T.);
#4897 = EDGE_LOOP('',(#4898,#4908,#4916,#4924));
#4898 = ORIENTED_EDGE('',*,*,#4899,.F.);
#4899 = EDGE_CURVE('',#4900,#4902,#4904,.T.);
#4900 = VERTEX_POINT('',#4901);
#4901 = CARTESIAN_POINT('',(119.,-65.,6.));
#4902 = VERTEX_POINT('',#4903);
#4903 = CARTESIAN_POINT('',(119.,-65.,136.));
#4904 = LINE('',#4905,#4906);
#4905 = CARTESIAN_POINT('',(119.,-65.,6.));
#4906 = VECTOR('',#4907,1.);
#4907 = DIRECTION('',(0.,0.,1.));
#4908 = ORIENTED_EDGE('',*,*,#4909,.T.);
#4909 = EDGE_CURVE('',#4900,#4910,#4912,.T.);
#4910 = VERTEX_POINT('',#4911);
#4911 = CARTESIAN_POINT('',(119.,-145.,6.));
#4912 = LINE('',#4913,#4914);
#4913 = CARTESIAN_POINT('',(119.,-65.,6.));
#4914 = VECTOR('',#4915,1.);
#4915 = DIRECTION('',(-0.,-1.,-0.));
#4916 = ORIENTED_EDGE('',*,*,#4917,.T.);
#4917 = EDGE_CURVE('',#4910,#4918,#4920,.T.);
#4918 = VERTEX_POINT('',#4919);
#4919 = CARTESIAN_POINT('',(119.,-145.,136.));
#4920 = LINE('',#4921,#4922);
#4921 = CARTESIAN_POINT('',(119.,-145.,6.));
#4922 = VECTOR('',#4923,1.);
#4923 = DIRECTION('',(0.,0.,1.));
#4924 = ORIENTED_EDGE('',*,*,#4925,.F.);
#4925 = EDGE_CURVE('',#4902,#4918,#4926,.T.);
#4926 = LINE('',#4927,#4928);
#4927 = CARTESIAN_POINT('',(119.,-65.,136.));
#4928 = VECTOR('',#4929,1.);
#4929 = DIRECTION('',(-0.,-1.,-0.));
#4930 = PLANE('',#4931);
#4931 = AXIS2_PLACEMENT_3D('',#4932,#4933,#4934);
#4932 = CARTESIAN_POINT('',(119.,-65.,6.));
#4933 = DIRECTION('',(1.,0.,0.));
#4934 = DIRECTION('',(0.,0.,-1.));
#4935 = ADVANCED_FACE('',(#4936,#4993,#5004,#5015,#5026,#5037,#5048,
    #5059),#5070,.F.);
#4936 = FACE_BOUND('',#4937,.T.);
#4937 = EDGE_LOOP('',(#4938,#4946,#4947,#4955,#4963,#4971,#4979,#4987));
#4938 = ORIENTED_EDGE('',*,*,#4939,.F.);
#4939 = EDGE_CURVE('',#4900,#4940,#4942,.T.);
#4940 = VERTEX_POINT('',#4941);
#4941 = CARTESIAN_POINT('',(164.9,-65.,6.));
#4942 = LINE('',#4943,#4944);
#4943 = CARTESIAN_POINT('',(119.,-65.,6.));
#4944 = VECTOR('',#4945,1.);
#4945 = DIRECTION('',(1.,0.,0.));
#4946 = ORIENTED_EDGE('',*,*,#4899,.T.);
#4947 = ORIENTED_EDGE('',*,*,#4948,.T.);
#4948 = EDGE_CURVE('',#4902,#4949,#4951,.T.);
#4949 = VERTEX_POINT('',#4950);
#4950 = CARTESIAN_POINT('',(231.,-65.,136.));
#4951 = LINE('',#4952,#4953);
#4952 = CARTESIAN_POINT('',(119.,-65.,136.));
#4953 = VECTOR('',#4954,1.);
#4954 = DIRECTION('',(1.,0.,0.));
#4955 = ORIENTED_EDGE('',*,*,#4956,.F.);
#4956 = EDGE_CURVE('',#4957,#4949,#4959,.T.);
#4957 = VERTEX_POINT('',#4958);
#4958 = CARTESIAN_POINT('',(231.,-65.,6.));
#4959 = LINE('',#4960,#4961);
#4960 = CARTESIAN_POINT('',(231.,-65.,6.));
#4961 = VECTOR('',#4962,1.);
#4962 = DIRECTION('',(0.,0.,1.));
#4963 = ORIENTED_EDGE('',*,*,#4964,.F.);
#4964 = EDGE_CURVE('',#4965,#4957,#4967,.T.);
#4965 = VERTEX_POINT('',#4966);
#4966 = CARTESIAN_POINT('',(185.1,-65.,6.));
#4967 = LINE('',#4968,#4969);
#4968 = CARTESIAN_POINT('',(119.,-65.,6.));
#4969 = VECTOR('',#4970,1.);
#4970 = DIRECTION('',(1.,0.,0.));
#4971 = ORIENTED_EDGE('',*,*,#4972,.T.);
#4972 = EDGE_CURVE('',#4965,#4973,#4975,.T.);
#4973 = VERTEX_POINT('',#4974);
#4974 = CARTESIAN_POINT('',(185.1,-65.,44.));
#4975 = LINE('',#4976,#4977);
#4976 = CARTESIAN_POINT('',(185.1,-65.,6.));
#4977 = VECTOR('',#4978,1.);
#4978 = DIRECTION('',(0.,0.,1.));
#4979 = ORIENTED_EDGE('',*,*,#4980,.F.);
#4980 = EDGE_CURVE('',#4981,#4973,#4983,.T.);
#4981 = VERTEX_POINT('',#4982);
#4982 = CARTESIAN_POINT('',(164.9,-65.,44.));
#4983 = LINE('',#4984,#4985);
#4984 = CARTESIAN_POINT('',(164.9,-65.,44.));
#4985 = VECTOR('',#4986,1.);
#4986 = DIRECTION('',(1.,0.,0.));
#4987 = ORIENTED_EDGE('',*,*,#4988,.F.);
#4988 = EDGE_CURVE('',#4940,#4981,#4989,.T.);
#4989 = LINE('',#4990,#4991);
#4990 = CARTESIAN_POINT('',(164.9,-65.,6.));
#4991 = VECTOR('',#4992,1.);
#4992 = DIRECTION('',(0.,0.,1.));
#4993 = FACE_BOUND('',#4994,.T.);
#4994 = EDGE_LOOP('',(#4995));
#4995 = ORIENTED_EDGE('',*,*,#4996,.F.);
#4996 = EDGE_CURVE('',#4997,#4997,#4999,.T.);
#4997 = VERTEX_POINT('',#4998);
#4998 = CARTESIAN_POINT('',(150.25,-65.,27.1));
#4999 = CIRCLE('',#5000,2.1);
#5000 = AXIS2_PLACEMENT_3D('',#5001,#5002,#5003);
#5001 = CARTESIAN_POINT('',(150.25,-65.,25.));
#5002 = DIRECTION('',(0.,1.,0.));
#5003 = DIRECTION('',(0.,0.,1.));
#5004 = FACE_BOUND('',#5005,.T.);
#5005 = EDGE_LOOP('',(#5006));
#5006 = ORIENTED_EDGE('',*,*,#5007,.F.);
#5007 = EDGE_CURVE('',#5008,#5008,#5010,.T.);
#5008 = VERTEX_POINT('',#5009);
#5009 = CARTESIAN_POINT('',(160.,-65.,107.6));
#5010 = CIRCLE('',#5011,1.6);
#5011 = AXIS2_PLACEMENT_3D('',#5012,#5013,#5014);
#5012 = CARTESIAN_POINT('',(160.,-65.,106.));
#5013 = DIRECTION('',(0.,1.,0.));
#5014 = DIRECTION('',(0.,0.,1.));
#5015 = FACE_BOUND('',#5016,.T.);
#5016 = EDGE_LOOP('',(#5017));
#5017 = ORIENTED_EDGE('',*,*,#5018,.F.);
#5018 = EDGE_CURVE('',#5019,#5019,#5021,.T.);
#5019 = VERTEX_POINT('',#5020);
#5020 = CARTESIAN_POINT('',(199.75,-65.,27.1));
#5021 = CIRCLE('',#5022,2.1);
#5022 = AXIS2_PLACEMENT_3D('',#5023,#5024,#5025);
#5023 = CARTESIAN_POINT('',(199.75,-65.,25.));
#5024 = DIRECTION('',(0.,1.,0.));
#5025 = DIRECTION('',(0.,0.,1.));
#5026 = FACE_BOUND('',#5027,.T.);
#5027 = EDGE_LOOP('',(#5028));
#5028 = ORIENTED_EDGE('',*,*,#5029,.F.);
#5029 = EDGE_CURVE('',#5030,#5030,#5032,.T.);
#5030 = VERTEX_POINT('',#5031);
#5031 = CARTESIAN_POINT('',(175.,-65.,92.6));
#5032 = CIRCLE('',#5033,1.6);
#5033 = AXIS2_PLACEMENT_3D('',#5034,#5035,#5036);
#5034 = CARTESIAN_POINT('',(175.,-65.,91.));
#5035 = DIRECTION('',(0.,1.,0.));
#5036 = DIRECTION('',(0.,0.,1.));
#5037 = FACE_BOUND('',#5038,.T.);
#5038 = EDGE_LOOP('',(#5039));
#5039 = ORIENTED_EDGE('',*,*,#5040,.F.);
#5040 = EDGE_CURVE('',#5041,#5041,#5043,.T.);
#5041 = VERTEX_POINT('',#5042);
#5042 = CARTESIAN_POINT('',(175.,-65.,109.));
#5043 = CIRCLE('',#5044,3.);
#5044 = AXIS2_PLACEMENT_3D('',#5045,#5046,#5047);
#5045 = CARTESIAN_POINT('',(175.,-65.,106.));
#5046 = DIRECTION('',(0.,1.,0.));
#5047 = DIRECTION('',(0.,0.,1.));
#5048 = FACE_BOUND('',#5049,.T.);
#5049 = EDGE_LOOP('',(#5050));
#5050 = ORIENTED_EDGE('',*,*,#5051,.F.);
#5051 = EDGE_CURVE('',#5052,#5052,#5054,.T.);
#5052 = VERTEX_POINT('',#5053);
#5053 = CARTESIAN_POINT('',(175.,-65.,122.6));
#5054 = CIRCLE('',#5055,1.6);
#5055 = AXIS2_PLACEMENT_3D('',#5056,#5057,#5058);
#5056 = CARTESIAN_POINT('',(175.,-65.,121.));
#5057 = DIRECTION('',(0.,1.,0.));
#5058 = DIRECTION('',(0.,0.,1.));
#5059 = FACE_BOUND('',#5060,.T.);
#5060 = EDGE_LOOP('',(#5061));
#5061 = ORIENTED_EDGE('',*,*,#5062,.F.);
#5062 = EDGE_CURVE('',#5063,#5063,#5065,.T.);
#5063 = VERTEX_POINT('',#5064);
#5064 = CARTESIAN_POINT('',(190.,-65.,107.6));
#5065 = CIRCLE('',#5066,1.6);
#5066 = AXIS2_PLACEMENT_3D('',#5067,#5068,#5069);
#5067 = CARTESIAN_POINT('',(190.,-65.,106.));
#5068 = DIRECTION('',(0.,1.,0.));
#5069 = DIRECTION('',(0.,0.,1.));
#5070 = PLANE('',#5071);
#5071 = AXIS2_PLACEMENT_3D('',#5072,#5073,#5074);
#5072 = CARTESIAN_POINT('',(119.,-65.,6.));
#5073 = DIRECTION('',(-0.,-1.,-0.));
#5074 = DIRECTION('',(0.,0.,-1.));
#5075 = ADVANCED_FACE('',(#5076,#5102,#5113),#5124,.F.);
#5076 = FACE_BOUND('',#5077,.T.);
#5077 = EDGE_LOOP('',(#5078,#5086,#5087,#5088,#5096));
#5078 = ORIENTED_EDGE('',*,*,#5079,.F.);
#5079 = EDGE_CURVE('',#4910,#5080,#5082,.T.);
#5080 = VERTEX_POINT('',#5081);
#5081 = CARTESIAN_POINT('',(160.9,-145.,6.));
#5082 = LINE('',#5083,#5084);
#5083 = CARTESIAN_POINT('',(119.,-145.,6.));
#5084 = VECTOR('',#5085,1.);
#5085 = DIRECTION('',(1.,0.,0.));
#5086 = ORIENTED_EDGE('',*,*,#4909,.F.);
#5087 = ORIENTED_EDGE('',*,*,#4939,.T.);
#5088 = ORIENTED_EDGE('',*,*,#5089,.T.);
#5089 = EDGE_CURVE('',#4940,#5090,#5092,.T.);
#5090 = VERTEX_POINT('',#5091);
#5091 = CARTESIAN_POINT('',(164.9,-145.,6.));
#5092 = LINE('',#5093,#5094);
#5093 = CARTESIAN_POINT('',(164.9,-65.,6.));
#5094 = VECTOR('',#5095,1.);
#5095 = DIRECTION('',(-0.,-1.,-0.));
#5096 = ORIENTED_EDGE('',*,*,#5097,.F.);
#5097 = EDGE_CURVE('',#5080,#5090,#5098,.T.);
#5098 = LINE('',#5099,#5100);
#5099 = CARTESIAN_POINT('',(119.,-145.,6.));
#5100 = VECTOR('',#5101,1.);
#5101 = DIRECTION('',(1.,0.,0.));
#5102 = FACE_BOUND('',#5103,.T.);
#5103 = EDGE_LOOP('',(#5104));
#5104 = ORIENTED_EDGE('',*,*,#5105,.F.);
#5105 = EDGE_CURVE('',#5106,#5106,#5108,.T.);
#5106 = VERTEX_POINT('',#5107);
#5107 = CARTESIAN_POINT('',(131.1,-75.,6.));
#5108 = CIRCLE('',#5109,2.1);
#5109 = AXIS2_PLACEMENT_3D('',#5110,#5111,#5112);
#5110 = CARTESIAN_POINT('',(129.,-75.,6.));
#5111 = DIRECTION('',(0.,0.,-1.));
#5112 = DIRECTION('',(1.,0.,0.));
#5113 = FACE_BOUND('',#5114,.T.);
#5114 = EDGE_LOOP('',(#5115));
#5115 = ORIENTED_EDGE('',*,*,#5116,.F.);
#5116 = EDGE_CURVE('',#5117,#5117,#5119,.T.);
#5117 = VERTEX_POINT('',#5118);
#5118 = CARTESIAN_POINT('',(131.1,-135.,6.));
#5119 = CIRCLE('',#5120,2.1);
#5120 = AXIS2_PLACEMENT_3D('',#5121,#5122,#5123);
#5121 = CARTESIAN_POINT('',(129.,-135.,6.));
#5122 = DIRECTION('',(0.,0.,-1.));
#5123 = DIRECTION('',(1.,0.,0.));
#5124 = PLANE('',#5125);
#5125 = AXIS2_PLACEMENT_3D('',#5126,#5127,#5128);
#5126 = CARTESIAN_POINT('',(119.,-65.,6.));
#5127 = DIRECTION('',(0.,0.,1.));
#5128 = DIRECTION('',(-1.,0.,0.));
#5129 = ADVANCED_FACE('',(#5130,#5264,#5275,#5286,#5297,#5308),#5319,.T.
  );
#5130 = FACE_BOUND('',#5131,.F.);
#5131 = EDGE_LOOP('',(#5132,#5133,#5134,#5142,#5150,#5158,#5166,#5175,
    #5184,#5192,#5200,#5208,#5216,#5224,#5232,#5240,#5249,#5258));
#5132 = ORIENTED_EDGE('',*,*,#5079,.F.);
#5133 = ORIENTED_EDGE('',*,*,#4917,.T.);
#5134 = ORIENTED_EDGE('',*,*,#5135,.T.);
#5135 = EDGE_CURVE('',#4918,#5136,#5138,.T.);
#5136 = VERTEX_POINT('',#5137);
#5137 = CARTESIAN_POINT('',(231.,-145.,136.));
#5138 = LINE('',#5139,#5140);
#5139 = CARTESIAN_POINT('',(119.,-145.,136.));
#5140 = VECTOR('',#5141,1.);
#5141 = DIRECTION('',(1.,0.,0.));
#5142 = ORIENTED_EDGE('',*,*,#5143,.F.);
#5143 = EDGE_CURVE('',#5144,#5136,#5146,.T.);
#5144 = VERTEX_POINT('',#5145);
#5145 = CARTESIAN_POINT('',(231.,-145.,6.));
#5146 = LINE('',#5147,#5148);
#5147 = CARTESIAN_POINT('',(231.,-145.,6.));
#5148 = VECTOR('',#5149,1.);
#5149 = DIRECTION('',(0.,0.,1.));
#5150 = ORIENTED_EDGE('',*,*,#5151,.F.);
#5151 = EDGE_CURVE('',#5152,#5144,#5154,.T.);
#5152 = VERTEX_POINT('',#5153);
#5153 = CARTESIAN_POINT('',(189.1,-145.,6.));
#5154 = LINE('',#5155,#5156);
#5155 = CARTESIAN_POINT('',(119.,-145.,6.));
#5156 = VECTOR('',#5157,1.);
#5157 = DIRECTION('',(1.,0.,0.));
#5158 = ORIENTED_EDGE('',*,*,#5159,.T.);
#5159 = EDGE_CURVE('',#5152,#5160,#5162,.T.);
#5160 = VERTEX_POINT('',#5161);
#5161 = CARTESIAN_POINT('',(189.1,-145.,104.67712434446));
#5162 = LINE('',#5163,#5164);
#5163 = CARTESIAN_POINT('',(189.1,-145.,-65.5));
#5164 = VECTOR('',#5165,1.);
#5165 = DIRECTION('',(0.,0.,1.));
#5166 = ORIENTED_EDGE('',*,*,#5167,.F.);
#5167 = EDGE_CURVE('',#5168,#5160,#5170,.T.);
#5168 = VERTEX_POINT('',#5169);
#5169 = CARTESIAN_POINT('',(190.,-145.,107.6));
#5170 = CIRCLE('',#5171,1.6);
#5171 = AXIS2_PLACEMENT_3D('',#5172,#5173,#5174);
#5172 = CARTESIAN_POINT('',(190.,-145.,106.));
#5173 = DIRECTION('',(0.,1.,0.));
#5174 = DIRECTION('',(0.,0.,1.));
#5175 = ORIENTED_EDGE('',*,*,#5176,.F.);
#5176 = EDGE_CURVE('',#5177,#5168,#5179,.T.);
#5177 = VERTEX_POINT('',#5178);
#5178 = CARTESIAN_POINT('',(189.1,-145.,107.32287565553));
#5179 = CIRCLE('',#5180,1.6);
#5180 = AXIS2_PLACEMENT_3D('',#5181,#5182,#5183);
#5181 = CARTESIAN_POINT('',(190.,-145.,106.));
#5182 = DIRECTION('',(0.,1.,0.));
#5183 = DIRECTION('',(0.,0.,1.));
#5184 = ORIENTED_EDGE('',*,*,#5185,.T.);
#5185 = EDGE_CURVE('',#5177,#5186,#5188,.T.);
#5186 = VERTEX_POINT('',#5187);
#5187 = CARTESIAN_POINT('',(189.1,-145.,125.));
#5188 = LINE('',#5189,#5190);
#5189 = CARTESIAN_POINT('',(189.1,-145.,-65.5));
#5190 = VECTOR('',#5191,1.);
#5191 = DIRECTION('',(0.,0.,1.));
#5192 = ORIENTED_EDGE('',*,*,#5193,.F.);
#5193 = EDGE_CURVE('',#5194,#5186,#5196,.T.);
#5194 = VERTEX_POINT('',#5195);
#5195 = CARTESIAN_POINT('',(185.1,-145.,125.));
#5196 = LINE('',#5197,#5198);
#5197 = CARTESIAN_POINT('',(160.9,-145.,125.));
#5198 = VECTOR('',#5199,1.);
#5199 = DIRECTION('',(1.,0.,0.));
#5200 = ORIENTED_EDGE('',*,*,#5201,.F.);
#5201 = EDGE_CURVE('',#5202,#5194,#5204,.T.);
#5202 = VERTEX_POINT('',#5203);
#5203 = CARTESIAN_POINT('',(185.1,-145.,87.));
#5204 = LINE('',#5205,#5206);
#5205 = CARTESIAN_POINT('',(185.1,-145.,87.));
#5206 = VECTOR('',#5207,1.);
#5207 = DIRECTION('',(0.,0.,1.));
#5208 = ORIENTED_EDGE('',*,*,#5209,.F.);
#5209 = EDGE_CURVE('',#5210,#5202,#5212,.T.);
#5210 = VERTEX_POINT('',#5211);
#5211 = CARTESIAN_POINT('',(164.9,-145.,87.));
#5212 = LINE('',#5213,#5214);
#5213 = CARTESIAN_POINT('',(164.9,-145.,87.));
#5214 = VECTOR('',#5215,1.);
#5215 = DIRECTION('',(1.,0.,0.));
#5216 = ORIENTED_EDGE('',*,*,#5217,.T.);
#5217 = EDGE_CURVE('',#5210,#5218,#5220,.T.);
#5218 = VERTEX_POINT('',#5219);
#5219 = CARTESIAN_POINT('',(164.9,-145.,125.));
#5220 = LINE('',#5221,#5222);
#5221 = CARTESIAN_POINT('',(164.9,-145.,87.));
#5222 = VECTOR('',#5223,1.);
#5223 = DIRECTION('',(0.,0.,1.));
#5224 = ORIENTED_EDGE('',*,*,#5225,.F.);
#5225 = EDGE_CURVE('',#5226,#5218,#5228,.T.);
#5226 = VERTEX_POINT('',#5227);
#5227 = CARTESIAN_POINT('',(160.9,-145.,125.));
#5228 = LINE('',#5229,#5230);
#5229 = CARTESIAN_POINT('',(160.9,-145.,125.));
#5230 = VECTOR('',#5231,1.);
#5231 = DIRECTION('',(1.,0.,0.));
#5232 = ORIENTED_EDGE('',*,*,#5233,.F.);
#5233 = EDGE_CURVE('',#5234,#5226,#5236,.T.);
#5234 = VERTEX_POINT('',#5235);
#5235 = CARTESIAN_POINT('',(160.9,-145.,107.32287565553));
#5236 = LINE('',#5237,#5238);
#5237 = CARTESIAN_POINT('',(160.9,-145.,-65.5));
#5238 = VECTOR('',#5239,1.);
#5239 = DIRECTION('',(0.,0.,1.));
#5240 = ORIENTED_EDGE('',*,*,#5241,.F.);
#5241 = EDGE_CURVE('',#5242,#5234,#5244,.T.);
#5242 = VERTEX_POINT('',#5243);
#5243 = CARTESIAN_POINT('',(160.,-145.,107.6));
#5244 = CIRCLE('',#5245,1.6);
#5245 = AXIS2_PLACEMENT_3D('',#5246,#5247,#5248);
#5246 = CARTESIAN_POINT('',(160.,-145.,106.));
#5247 = DIRECTION('',(0.,1.,0.));
#5248 = DIRECTION('',(0.,0.,1.));
#5249 = ORIENTED_EDGE('',*,*,#5250,.F.);
#5250 = EDGE_CURVE('',#5251,#5242,#5253,.T.);
#5251 = VERTEX_POINT('',#5252);
#5252 = CARTESIAN_POINT('',(160.9,-145.,104.67712434446));
#5253 = CIRCLE('',#5254,1.6);
#5254 = AXIS2_PLACEMENT_3D('',#5255,#5256,#5257);
#5255 = CARTESIAN_POINT('',(160.,-145.,106.));
#5256 = DIRECTION('',(0.,1.,0.));
#5257 = DIRECTION('',(0.,0.,1.));
#5258 = ORIENTED_EDGE('',*,*,#5259,.F.);
#5259 = EDGE_CURVE('',#5080,#5251,#5260,.T.);
#5260 = LINE('',#5261,#5262);
#5261 = CARTESIAN_POINT('',(160.9,-145.,-65.5));
#5262 = VECTOR('',#5263,1.);
#5263 = DIRECTION('',(0.,0.,1.));
#5264 = FACE_BOUND('',#5265,.F.);
#5265 = EDGE_LOOP('',(#5266));
#5266 = ORIENTED_EDGE('',*,*,#5267,.F.);
#5267 = EDGE_CURVE('',#5268,#5268,#5270,.T.);
#5268 = VERTEX_POINT('',#5269);
#5269 = CARTESIAN_POINT('',(150.25,-145.,27.1));
#5270 = CIRCLE('',#5271,2.1);
#5271 = AXIS2_PLACEMENT_3D('',#5272,#5273,#5274);
#5272 = CARTESIAN_POINT('',(150.25,-145.,25.));
#5273 = DIRECTION('',(0.,1.,0.));
#5274 = DIRECTION('',(0.,0.,1.));
#5275 = FACE_BOUND('',#5276,.F.);
#5276 = EDGE_LOOP('',(#5277));
#5277 = ORIENTED_EDGE('',*,*,#5278,.F.);
#5278 = EDGE_CURVE('',#5279,#5279,#5281,.T.);
#5279 = VERTEX_POINT('',#5280);
#5280 = CARTESIAN_POINT('',(199.75,-145.,27.1));
#5281 = CIRCLE('',#5282,2.1);
#5282 = AXIS2_PLACEMENT_3D('',#5283,#5284,#5285);
#5283 = CARTESIAN_POINT('',(199.75,-145.,25.));
#5284 = DIRECTION('',(0.,1.,0.));
#5285 = DIRECTION('',(0.,0.,1.));
#5286 = FACE_BOUND('',#5287,.F.);
#5287 = EDGE_LOOP('',(#5288));
#5288 = ORIENTED_EDGE('',*,*,#5289,.F.);
#5289 = EDGE_CURVE('',#5290,#5290,#5292,.T.);
#5290 = VERTEX_POINT('',#5291);
#5291 = CARTESIAN_POINT('',(175.,-145.,92.6));
#5292 = CIRCLE('',#5293,1.6);
#5293 = AXIS2_PLACEMENT_3D('',#5294,#5295,#5296);
#5294 = CARTESIAN_POINT('',(175.,-145.,91.));
#5295 = DIRECTION('',(0.,1.,0.));
#5296 = DIRECTION('',(0.,0.,1.));
#5297 = FACE_BOUND('',#5298,.F.);
#5298 = EDGE_LOOP('',(#5299));
#5299 = ORIENTED_EDGE('',*,*,#5300,.F.);
#5300 = EDGE_CURVE('',#5301,#5301,#5303,.T.);
#5301 = VERTEX_POINT('',#5302);
#5302 = CARTESIAN_POINT('',(175.,-145.,109.));
#5303 = CIRCLE('',#5304,3.);
#5304 = AXIS2_PLACEMENT_3D('',#5305,#5306,#5307);
#5305 = CARTESIAN_POINT('',(175.,-145.,106.));
#5306 = DIRECTION('',(0.,1.,0.));
#5307 = DIRECTION('',(0.,0.,1.));
#5308 = FACE_BOUND('',#5309,.F.);
#5309 = EDGE_LOOP('',(#5310));
#5310 = ORIENTED_EDGE('',*,*,#5311,.F.);
#5311 = EDGE_CURVE('',#5312,#5312,#5314,.T.);
#5312 = VERTEX_POINT('',#5313);
#5313 = CARTESIAN_POINT('',(175.,-145.,122.6));
#5314 = CIRCLE('',#5315,1.6);
#5315 = AXIS2_PLACEMENT_3D('',#5316,#5317,#5318);
#5316 = CARTESIAN_POINT('',(175.,-145.,121.));
#5317 = DIRECTION('',(0.,1.,0.));
#5318 = DIRECTION('',(0.,0.,1.));
#5319 = PLANE('',#5320);
#5320 = AXIS2_PLACEMENT_3D('',#5321,#5322,#5323);
#5321 = CARTESIAN_POINT('',(119.,-145.,6.));
#5322 = DIRECTION('',(-0.,-1.,-0.));
#5323 = DIRECTION('',(0.,0.,-1.));
#5324 = ADVANCED_FACE('',(#5325,#5336,#5347,#5358,#5369),#5380,.T.);
#5325 = FACE_BOUND('',#5326,.F.);
#5326 = EDGE_LOOP('',(#5327,#5328,#5329,#5335));
#5327 = ORIENTED_EDGE('',*,*,#4925,.F.);
#5328 = ORIENTED_EDGE('',*,*,#4948,.T.);
#5329 = ORIENTED_EDGE('',*,*,#5330,.T.);
#5330 = EDGE_CURVE('',#4949,#5136,#5331,.T.);
#5331 = LINE('',#5332,#5333);
#5332 = CARTESIAN_POINT('',(231.,-65.,136.));
#5333 = VECTOR('',#5334,1.);
#5334 = DIRECTION('',(-0.,-1.,-0.));
#5335 = ORIENTED_EDGE('',*,*,#5135,.F.);
#5336 = FACE_BOUND('',#5337,.F.);
#5337 = EDGE_LOOP('',(#5338));
#5338 = ORIENTED_EDGE('',*,*,#5339,.F.);
#5339 = EDGE_CURVE('',#5340,#5340,#5342,.T.);
#5340 = VERTEX_POINT('',#5341);
#5341 = CARTESIAN_POINT('',(131.1,-75.,136.));
#5342 = CIRCLE('',#5343,2.1);
#5343 = AXIS2_PLACEMENT_3D('',#5344,#5345,#5346);
#5344 = CARTESIAN_POINT('',(129.,-75.,136.));
#5345 = DIRECTION('',(0.,0.,-1.));
#5346 = DIRECTION('',(1.,0.,0.));
#5347 = FACE_BOUND('',#5348,.F.);
#5348 = EDGE_LOOP('',(#5349));
#5349 = ORIENTED_EDGE('',*,*,#5350,.F.);
#5350 = EDGE_CURVE('',#5351,#5351,#5353,.T.);
#5351 = VERTEX_POINT('',#5352);
#5352 = CARTESIAN_POINT('',(223.1,-75.,136.));
#5353 = CIRCLE('',#5354,2.1);
#5354 = AXIS2_PLACEMENT_3D('',#5355,#5356,#5357);
#5355 = CARTESIAN_POINT('',(221.,-75.,136.));
#5356 = DIRECTION('',(0.,0.,-1.));
#5357 = DIRECTION('',(1.,0.,0.));
#5358 = FACE_BOUND('',#5359,.F.);
#5359 = EDGE_LOOP('',(#5360));
#5360 = ORIENTED_EDGE('',*,*,#5361,.F.);
#5361 = EDGE_CURVE('',#5362,#5362,#5364,.T.);
#5362 = VERTEX_POINT('',#5363);
#5363 = CARTESIAN_POINT('',(131.1,-135.,136.));
#5364 = CIRCLE('',#5365,2.1);
#5365 = AXIS2_PLACEMENT_3D('',#5366,#5367,#5368);
#5366 = CARTESIAN_POINT('',(129.,-135.,136.));
#5367 = DIRECTION('',(0.,0.,-1.));
#5368 = DIRECTION('',(1.,0.,0.));
#5369 = FACE_BOUND('',#5370,.F.);
#5370 = EDGE_LOOP('',(#5371));
#5371 = ORIENTED_EDGE('',*,*,#5372,.F.);
#5372 = EDGE_CURVE('',#5373,#5373,#5375,.T.);
#5373 = VERTEX_POINT('',#5374);
#5374 = CARTESIAN_POINT('',(223.1,-135.,136.));
#5375 = CIRCLE('',#5376,2.1);
#5376 = AXIS2_PLACEMENT_3D('',#5377,#5378,#5379);
#5377 = CARTESIAN_POINT('',(221.,-135.,136.));
#5378 = DIRECTION('',(0.,0.,-1.));
#5379 = DIRECTION('',(1.,0.,0.));
#5380 = PLANE('',#5381);
#5381 = AXIS2_PLACEMENT_3D('',#5382,#5383,#5384);
#5382 = CARTESIAN_POINT('',(119.,-65.,136.));
#5383 = DIRECTION('',(0.,0.,1.));
#5384 = DIRECTION('',(-1.,0.,0.));
#5385 = ADVANCED_FACE('',(#5386),#5397,.T.);
#5386 = FACE_BOUND('',#5387,.F.);
#5387 = EDGE_LOOP('',(#5388,#5389,#5395,#5396));
#5388 = ORIENTED_EDGE('',*,*,#4956,.F.);
#5389 = ORIENTED_EDGE('',*,*,#5390,.T.);
#5390 = EDGE_CURVE('',#4957,#5144,#5391,.T.);
#5391 = LINE('',#5392,#5393);
#5392 = CARTESIAN_POINT('',(231.,-65.,6.));
#5393 = VECTOR('',#5394,1.);
#5394 = DIRECTION('',(-0.,-1.,-0.));
#5395 = ORIENTED_EDGE('',*,*,#5143,.T.);
#5396 = ORIENTED_EDGE('',*,*,#5330,.F.);
#5397 = PLANE('',#5398);
#5398 = AXIS2_PLACEMENT_3D('',#5399,#5400,#5401);
#5399 = CARTESIAN_POINT('',(231.,-65.,6.));
#5400 = DIRECTION('',(1.,0.,0.));
#5401 = DIRECTION('',(0.,0.,-1.));
#5402 = ADVANCED_FACE('',(#5403,#5422,#5433),#5444,.F.);
#5403 = FACE_BOUND('',#5404,.T.);
#5404 = EDGE_LOOP('',(#5405,#5413,#5419,#5420,#5421));
#5405 = ORIENTED_EDGE('',*,*,#5406,.F.);
#5406 = EDGE_CURVE('',#5407,#5152,#5409,.T.);
#5407 = VERTEX_POINT('',#5408);
#5408 = CARTESIAN_POINT('',(185.1,-145.,6.));
#5409 = LINE('',#5410,#5411);
#5410 = CARTESIAN_POINT('',(119.,-145.,6.));
#5411 = VECTOR('',#5412,1.);
#5412 = DIRECTION('',(1.,0.,0.));
#5413 = ORIENTED_EDGE('',*,*,#5414,.F.);
#5414 = EDGE_CURVE('',#4965,#5407,#5415,.T.);
#5415 = LINE('',#5416,#5417);
#5416 = CARTESIAN_POINT('',(185.1,-65.,6.));
#5417 = VECTOR('',#5418,1.);
#5418 = DIRECTION('',(-0.,-1.,-0.));
#5419 = ORIENTED_EDGE('',*,*,#4964,.T.);
#5420 = ORIENTED_EDGE('',*,*,#5390,.T.);
#5421 = ORIENTED_EDGE('',*,*,#5151,.F.);
#5422 = FACE_BOUND('',#5423,.T.);
#5423 = EDGE_LOOP('',(#5424));
#5424 = ORIENTED_EDGE('',*,*,#5425,.F.);
#5425 = EDGE_CURVE('',#5426,#5426,#5428,.T.);
#5426 = VERTEX_POINT('',#5427);
#5427 = CARTESIAN_POINT('',(223.1,-75.,6.));
#5428 = CIRCLE('',#5429,2.1);
#5429 = AXIS2_PLACEMENT_3D('',#5430,#5431,#5432);
#5430 = CARTESIAN_POINT('',(221.,-75.,6.));
#5431 = DIRECTION('',(0.,0.,-1.));
#5432 = DIRECTION('',(1.,0.,0.));
#5433 = FACE_BOUND('',#5434,.T.);
#5434 = EDGE_LOOP('',(#5435));
#5435 = ORIENTED_EDGE('',*,*,#5436,.F.);
#5436 = EDGE_CURVE('',#5437,#5437,#5439,.T.);
#5437 = VERTEX_POINT('',#5438);
#5438 = CARTESIAN_POINT('',(223.1,-135.,6.));
#5439 = CIRCLE('',#5440,2.1);
#5440 = AXIS2_PLACEMENT_3D('',#5441,#5442,#5443);
#5441 = CARTESIAN_POINT('',(221.,-135.,6.));
#5442 = DIRECTION('',(0.,0.,-1.));
#5443 = DIRECTION('',(1.,0.,0.));
#5444 = PLANE('',#5445);
#5445 = AXIS2_PLACEMENT_3D('',#5446,#5447,#5448);
#5446 = CARTESIAN_POINT('',(119.,-65.,6.));
#5447 = DIRECTION('',(0.,0.,1.));
#5448 = DIRECTION('',(-1.,0.,0.));
#5449 = ADVANCED_FACE('',(#5450),#5468,.F.);
#5450 = FACE_BOUND('',#5451,.T.);
#5451 = EDGE_LOOP('',(#5452,#5453,#5454,#5462));
#5452 = ORIENTED_EDGE('',*,*,#4972,.F.);
#5453 = ORIENTED_EDGE('',*,*,#5414,.T.);
#5454 = ORIENTED_EDGE('',*,*,#5455,.T.);
#5455 = EDGE_CURVE('',#5407,#5456,#5458,.T.);
#5456 = VERTEX_POINT('',#5457);
#5457 = CARTESIAN_POINT('',(185.1,-145.,44.));
#5458 = LINE('',#5459,#5460);
#5459 = CARTESIAN_POINT('',(185.1,-145.,6.));
#5460 = VECTOR('',#5461,1.);
#5461 = DIRECTION('',(0.,0.,1.));
#5462 = ORIENTED_EDGE('',*,*,#5463,.F.);
#5463 = EDGE_CURVE('',#4973,#5456,#5464,.T.);
#5464 = LINE('',#5465,#5466);
#5465 = CARTESIAN_POINT('',(185.1,-65.,44.));
#5466 = VECTOR('',#5467,1.);
#5467 = DIRECTION('',(-0.,-1.,-0.));
#5468 = PLANE('',#5469);
#5469 = AXIS2_PLACEMENT_3D('',#5470,#5471,#5472);
#5470 = CARTESIAN_POINT('',(185.1,-65.,6.));
#5471 = DIRECTION('',(1.,0.,0.));
#5472 = DIRECTION('',(0.,0.,-1.));
#5473 = ADVANCED_FACE('',(#5474),#5492,.F.);
#5474 = FACE_BOUND('',#5475,.T.);
#5475 = EDGE_LOOP('',(#5476,#5484,#5485,#5486));
#5476 = ORIENTED_EDGE('',*,*,#5477,.F.);
#5477 = EDGE_CURVE('',#4981,#5478,#5480,.T.);
#5478 = VERTEX_POINT('',#5479);
#5479 = CARTESIAN_POINT('',(164.9,-145.,44.));
#5480 = LINE('',#5481,#5482);
#5481 = CARTESIAN_POINT('',(164.9,-65.,44.));
#5482 = VECTOR('',#5483,1.);
#5483 = DIRECTION('',(-0.,-1.,-0.));
#5484 = ORIENTED_EDGE('',*,*,#4980,.T.);
#5485 = ORIENTED_EDGE('',*,*,#5463,.T.);
#5486 = ORIENTED_EDGE('',*,*,#5487,.F.);
#5487 = EDGE_CURVE('',#5478,#5456,#5488,.T.);
#5488 = LINE('',#5489,#5490);
#5489 = CARTESIAN_POINT('',(164.9,-145.,44.));
#5490 = VECTOR('',#5491,1.);
#5491 = DIRECTION('',(1.,0.,0.));
#5492 = PLANE('',#5493);
#5493 = AXIS2_PLACEMENT_3D('',#5494,#5495,#5496);
#5494 = CARTESIAN_POINT('',(164.9,-65.,44.));
#5495 = DIRECTION('',(0.,0.,1.));
#5496 = DIRECTION('',(-1.,0.,0.));
#5497 = ADVANCED_FACE('',(#5498),#5509,.T.);
#5498 = FACE_BOUND('',#5499,.F.);
#5499 = EDGE_LOOP('',(#5500,#5501,#5502,#5508));
#5500 = ORIENTED_EDGE('',*,*,#4988,.F.);
#5501 = ORIENTED_EDGE('',*,*,#5089,.T.);
#5502 = ORIENTED_EDGE('',*,*,#5503,.T.);
#5503 = EDGE_CURVE('',#5090,#5478,#5504,.T.);
#5504 = LINE('',#5505,#5506);
#5505 = CARTESIAN_POINT('',(164.9,-145.,6.));
#5506 = VECTOR('',#5507,1.);
#5507 = DIRECTION('',(0.,0.,1.));
#5508 = ORIENTED_EDGE('',*,*,#5477,.F.);
#5509 = PLANE('',#5510);
#5510 = AXIS2_PLACEMENT_3D('',#5511,#5512,#5513);
#5511 = CARTESIAN_POINT('',(164.9,-65.,6.));
#5512 = DIRECTION('',(1.,0.,0.));
#5513 = DIRECTION('',(0.,0.,-1.));
#5514 = ADVANCED_FACE('',(#5515),#5526,.F.);
#5515 = FACE_BOUND('',#5516,.T.);
#5516 = EDGE_LOOP('',(#5517,#5518,#5524,#5525));
#5517 = ORIENTED_EDGE('',*,*,#5267,.F.);
#5518 = ORIENTED_EDGE('',*,*,#5519,.F.);
#5519 = EDGE_CURVE('',#4997,#5268,#5520,.T.);
#5520 = LINE('',#5521,#5522);
#5521 = CARTESIAN_POINT('',(150.25,-65.,27.1));
#5522 = VECTOR('',#5523,1.);
#5523 = DIRECTION('',(-0.,-1.,-0.));
#5524 = ORIENTED_EDGE('',*,*,#4996,.T.);
#5525 = ORIENTED_EDGE('',*,*,#5519,.T.);
#5526 = CYLINDRICAL_SURFACE('',#5527,2.1);
#5527 = AXIS2_PLACEMENT_3D('',#5528,#5529,#5530);
#5528 = CARTESIAN_POINT('',(150.25,-65.,25.));
#5529 = DIRECTION('',(-0.,-1.,-0.));
#5530 = DIRECTION('',(0.,0.,1.));
#5531 = ADVANCED_FACE('',(#5532),#5551,.F.);
#5532 = FACE_BOUND('',#5533,.T.);
#5533 = EDGE_LOOP('',(#5534,#5540,#5541,#5548,#5549,#5550));
#5534 = ORIENTED_EDGE('',*,*,#5535,.T.);
#5535 = EDGE_CURVE('',#5008,#5242,#5536,.T.);
#5536 = LINE('',#5537,#5538);
#5537 = CARTESIAN_POINT('',(160.,-65.,107.6));
#5538 = VECTOR('',#5539,1.);
#5539 = DIRECTION('',(-0.,-1.,-0.));
#5540 = ORIENTED_EDGE('',*,*,#5250,.F.);
#5541 = ORIENTED_EDGE('',*,*,#5542,.F.);
#5542 = EDGE_CURVE('',#5234,#5251,#5543,.T.);
#5543 = CIRCLE('',#5544,1.6);
#5544 = AXIS2_PLACEMENT_3D('',#5545,#5546,#5547);
#5545 = CARTESIAN_POINT('',(160.,-145.,106.));
#5546 = DIRECTION('',(0.,1.,0.));
#5547 = DIRECTION('',(0.,0.,1.));
#5548 = ORIENTED_EDGE('',*,*,#5241,.F.);
#5549 = ORIENTED_EDGE('',*,*,#5535,.F.);
#5550 = ORIENTED_EDGE('',*,*,#5007,.T.);
#5551 = CYLINDRICAL_SURFACE('',#5552,1.6);
#5552 = AXIS2_PLACEMENT_3D('',#5553,#5554,#5555);
#5553 = CARTESIAN_POINT('',(160.,-65.,106.));
#5554 = DIRECTION('',(-0.,-1.,-0.));
#5555 = DIRECTION('',(0.,0.,1.));
#5556 = ADVANCED_FACE('',(#5557),#5568,.F.);
#5557 = FACE_BOUND('',#5558,.T.);
#5558 = EDGE_LOOP('',(#5559,#5560,#5566,#5567));
#5559 = ORIENTED_EDGE('',*,*,#5278,.F.);
#5560 = ORIENTED_EDGE('',*,*,#5561,.F.);
#5561 = EDGE_CURVE('',#5019,#5279,#5562,.T.);
#5562 = LINE('',#5563,#5564);
#5563 = CARTESIAN_POINT('',(199.75,-65.,27.1));
#5564 = VECTOR('',#5565,1.);
#5565 = DIRECTION('',(-0.,-1.,-0.));
#5566 = ORIENTED_EDGE('',*,*,#5018,.T.);
#5567 = ORIENTED_EDGE('',*,*,#5561,.T.);
#5568 = CYLINDRICAL_SURFACE('',#5569,2.1);
#5569 = AXIS2_PLACEMENT_3D('',#5570,#5571,#5572);
#5570 = CARTESIAN_POINT('',(199.75,-65.,25.));
#5571 = DIRECTION('',(-0.,-1.,-0.));
#5572 = DIRECTION('',(0.,0.,1.));
#5573 = ADVANCED_FACE('',(#5574),#5585,.F.);
#5574 = FACE_BOUND('',#5575,.T.);
#5575 = EDGE_LOOP('',(#5576,#5577,#5583,#5584));
#5576 = ORIENTED_EDGE('',*,*,#5289,.F.);
#5577 = ORIENTED_EDGE('',*,*,#5578,.F.);
#5578 = EDGE_CURVE('',#5030,#5290,#5579,.T.);
#5579 = LINE('',#5580,#5581);
#5580 = CARTESIAN_POINT('',(175.,-65.,92.6));
#5581 = VECTOR('',#5582,1.);
#5582 = DIRECTION('',(-0.,-1.,-0.));
#5583 = ORIENTED_EDGE('',*,*,#5029,.T.);
#5584 = ORIENTED_EDGE('',*,*,#5578,.T.);
#5585 = CYLINDRICAL_SURFACE('',#5586,1.6);
#5586 = AXIS2_PLACEMENT_3D('',#5587,#5588,#5589);
#5587 = CARTESIAN_POINT('',(175.,-65.,91.));
#5588 = DIRECTION('',(-0.,-1.,-0.));
#5589 = DIRECTION('',(0.,0.,1.));
#5590 = ADVANCED_FACE('',(#5591),#5602,.F.);
#5591 = FACE_BOUND('',#5592,.T.);
#5592 = EDGE_LOOP('',(#5593,#5594,#5600,#5601));
#5593 = ORIENTED_EDGE('',*,*,#5300,.F.);
#5594 = ORIENTED_EDGE('',*,*,#5595,.F.);
#5595 = EDGE_CURVE('',#5041,#5301,#5596,.T.);
#5596 = LINE('',#5597,#5598);
#5597 = CARTESIAN_POINT('',(175.,-65.,109.));
#5598 = VECTOR('',#5599,1.);
#5599 = DIRECTION('',(-0.,-1.,-0.));
#5600 = ORIENTED_EDGE('',*,*,#5040,.T.);
#5601 = ORIENTED_EDGE('',*,*,#5595,.T.);
#5602 = CYLINDRICAL_SURFACE('',#5603,3.);
#5603 = AXIS2_PLACEMENT_3D('',#5604,#5605,#5606);
#5604 = CARTESIAN_POINT('',(175.,-65.,106.));
#5605 = DIRECTION('',(-0.,-1.,-0.));
#5606 = DIRECTION('',(0.,0.,1.));
#5607 = ADVANCED_FACE('',(#5608),#5619,.F.);
#5608 = FACE_BOUND('',#5609,.T.);
#5609 = EDGE_LOOP('',(#5610,#5611,#5617,#5618));
#5610 = ORIENTED_EDGE('',*,*,#5311,.F.);
#5611 = ORIENTED_EDGE('',*,*,#5612,.F.);
#5612 = EDGE_CURVE('',#5052,#5312,#5613,.T.);
#5613 = LINE('',#5614,#5615);
#5614 = CARTESIAN_POINT('',(175.,-65.,122.6));
#5615 = VECTOR('',#5616,1.);
#5616 = DIRECTION('',(-0.,-1.,-0.));
#5617 = ORIENTED_EDGE('',*,*,#5051,.T.);
#5618 = ORIENTED_EDGE('',*,*,#5612,.T.);
#5619 = CYLINDRICAL_SURFACE('',#5620,1.6);
#5620 = AXIS2_PLACEMENT_3D('',#5621,#5622,#5623);
#5621 = CARTESIAN_POINT('',(175.,-65.,121.));
#5622 = DIRECTION('',(-0.,-1.,-0.));
#5623 = DIRECTION('',(0.,0.,1.));
#5624 = ADVANCED_FACE('',(#5625),#5644,.F.);
#5625 = FACE_BOUND('',#5626,.T.);
#5626 = EDGE_LOOP('',(#5627,#5633,#5634,#5641,#5642,#5643));
#5627 = ORIENTED_EDGE('',*,*,#5628,.T.);
#5628 = EDGE_CURVE('',#5063,#5168,#5629,.T.);
#5629 = LINE('',#5630,#5631);
#5630 = CARTESIAN_POINT('',(190.,-65.,107.6));
#5631 = VECTOR('',#5632,1.);
#5632 = DIRECTION('',(-0.,-1.,-0.));
#5633 = ORIENTED_EDGE('',*,*,#5176,.F.);
#5634 = ORIENTED_EDGE('',*,*,#5635,.F.);
#5635 = EDGE_CURVE('',#5160,#5177,#5636,.T.);
#5636 = CIRCLE('',#5637,1.6);
#5637 = AXIS2_PLACEMENT_3D('',#5638,#5639,#5640);
#5638 = CARTESIAN_POINT('',(190.,-145.,106.));
#5639 = DIRECTION('',(0.,1.,0.));
#5640 = DIRECTION('',(0.,0.,1.));
#5641 = ORIENTED_EDGE('',*,*,#5167,.F.);
#5642 = ORIENTED_EDGE('',*,*,#5628,.F.);
#5643 = ORIENTED_EDGE('',*,*,#5062,.T.);
#5644 = CYLINDRICAL_SURFACE('',#5645,1.6);
#5645 = AXIS2_PLACEMENT_3D('',#5646,#5647,#5648);
#5646 = CARTESIAN_POINT('',(190.,-65.,106.));
#5647 = DIRECTION('',(-0.,-1.,-0.));
#5648 = DIRECTION('',(0.,0.,1.));
#5649 = ADVANCED_FACE('',(#5650,#5679,#5690,#5701),#5712,.F.);
#5650 = FACE_BOUND('',#5651,.T.);
#5651 = EDGE_LOOP('',(#5652,#5660,#5668,#5674,#5675,#5676,#5677,#5678));
#5652 = ORIENTED_EDGE('',*,*,#5653,.F.);
#5653 = EDGE_CURVE('',#5654,#5152,#5656,.T.);
#5654 = VERTEX_POINT('',#5655);
#5655 = CARTESIAN_POINT('',(189.1,-145.,-65.5));
#5656 = LINE('',#5657,#5658);
#5657 = CARTESIAN_POINT('',(189.1,-145.,-65.5));
#5658 = VECTOR('',#5659,1.);
#5659 = DIRECTION('',(0.,0.,1.));
#5660 = ORIENTED_EDGE('',*,*,#5661,.F.);
#5661 = EDGE_CURVE('',#5662,#5654,#5664,.T.);
#5662 = VERTEX_POINT('',#5663);
#5663 = CARTESIAN_POINT('',(160.9,-145.,-65.5));
#5664 = LINE('',#5665,#5666);
#5665 = CARTESIAN_POINT('',(160.9,-145.,-65.5));
#5666 = VECTOR('',#5667,1.);
#5667 = DIRECTION('',(1.,0.,0.));
#5668 = ORIENTED_EDGE('',*,*,#5669,.T.);
#5669 = EDGE_CURVE('',#5662,#5080,#5670,.T.);
#5670 = LINE('',#5671,#5672);
#5671 = CARTESIAN_POINT('',(160.9,-145.,-65.5));
#5672 = VECTOR('',#5673,1.);
#5673 = DIRECTION('',(0.,0.,1.));
#5674 = ORIENTED_EDGE('',*,*,#5097,.T.);
#5675 = ORIENTED_EDGE('',*,*,#5503,.T.);
#5676 = ORIENTED_EDGE('',*,*,#5487,.T.);
#5677 = ORIENTED_EDGE('',*,*,#5455,.F.);
#5678 = ORIENTED_EDGE('',*,*,#5406,.T.);
#5679 = FACE_BOUND('',#5680,.T.);
#5680 = EDGE_LOOP('',(#5681));
#5681 = ORIENTED_EDGE('',*,*,#5682,.F.);
#5682 = EDGE_CURVE('',#5683,#5683,#5685,.T.);
#5683 = VERTEX_POINT('',#5684);
#5684 = CARTESIAN_POINT('',(175.,-145.,-58.9));
#5685 = CIRCLE('',#5686,1.6);
#5686 = AXIS2_PLACEMENT_3D('',#5687,#5688,#5689);
#5687 = CARTESIAN_POINT('',(175.,-145.,-60.5));
#5688 = DIRECTION('',(0.,1.,0.));
#5689 = DIRECTION('',(0.,0.,1.));
#5690 = FACE_BOUND('',#5691,.T.);
#5691 = EDGE_LOOP('',(#5692));
#5692 = ORIENTED_EDGE('',*,*,#5693,.F.);
#5693 = EDGE_CURVE('',#5694,#5694,#5696,.T.);
#5694 = VERTEX_POINT('',#5695);
#5695 = CARTESIAN_POINT('',(175.,-145.,-28.9));
#5696 = CIRCLE('',#5697,1.6);
#5697 = AXIS2_PLACEMENT_3D('',#5698,#5699,#5700);
#5698 = CARTESIAN_POINT('',(175.,-145.,-30.5));
#5699 = DIRECTION('',(0.,1.,0.));
#5700 = DIRECTION('',(0.,0.,1.));
#5701 = FACE_BOUND('',#5702,.T.);
#5702 = EDGE_LOOP('',(#5703));
#5703 = ORIENTED_EDGE('',*,*,#5704,.F.);
#5704 = EDGE_CURVE('',#5705,#5705,#5707,.T.);
#5705 = VERTEX_POINT('',#5706);
#5706 = CARTESIAN_POINT('',(175.,-145.,-42.5));
#5707 = CIRCLE('',#5708,3.);
#5708 = AXIS2_PLACEMENT_3D('',#5709,#5710,#5711);
#5709 = CARTESIAN_POINT('',(175.,-145.,-45.5));
#5710 = DIRECTION('',(0.,1.,0.));
#5711 = DIRECTION('',(0.,0.,1.));
#5712 = PLANE('',#5713);
#5713 = AXIS2_PLACEMENT_3D('',#5714,#5715,#5716);
#5714 = CARTESIAN_POINT('',(160.9,-145.,-65.5));
#5715 = DIRECTION('',(-0.,-1.,-0.));
#5716 = DIRECTION('',(0.,0.,-1.));
#5717 = ADVANCED_FACE('',(#5718),#5729,.F.);
#5718 = FACE_BOUND('',#5719,.T.);
#5719 = EDGE_LOOP('',(#5720,#5721,#5727,#5728));
#5720 = ORIENTED_EDGE('',*,*,#5339,.F.);
#5721 = ORIENTED_EDGE('',*,*,#5722,.F.);
#5722 = EDGE_CURVE('',#5106,#5340,#5723,.T.);
#5723 = LINE('',#5724,#5725);
#5724 = CARTESIAN_POINT('',(131.1,-75.,6.));
#5725 = VECTOR('',#5726,1.);
#5726 = DIRECTION('',(0.,0.,1.));
#5727 = ORIENTED_EDGE('',*,*,#5105,.T.);
#5728 = ORIENTED_EDGE('',*,*,#5722,.T.);
#5729 = CYLINDRICAL_SURFACE('',#5730,2.1);
#5730 = AXIS2_PLACEMENT_3D('',#5731,#5732,#5733);
#5731 = CARTESIAN_POINT('',(129.,-75.,6.));
#5732 = DIRECTION('',(0.,0.,1.));
#5733 = DIRECTION('',(1.,0.,0.));
#5734 = ADVANCED_FACE('',(#5735),#5746,.F.);
#5735 = FACE_BOUND('',#5736,.T.);
#5736 = EDGE_LOOP('',(#5737,#5738,#5744,#5745));
#5737 = ORIENTED_EDGE('',*,*,#5361,.F.);
#5738 = ORIENTED_EDGE('',*,*,#5739,.F.);
#5739 = EDGE_CURVE('',#5117,#5362,#5740,.T.);
#5740 = LINE('',#5741,#5742);
#5741 = CARTESIAN_POINT('',(131.1,-135.,6.));
#5742 = VECTOR('',#5743,1.);
#5743 = DIRECTION('',(0.,0.,1.));
#5744 = ORIENTED_EDGE('',*,*,#5116,.T.);
#5745 = ORIENTED_EDGE('',*,*,#5739,.T.);
#5746 = CYLINDRICAL_SURFACE('',#5747,2.1);
#5747 = AXIS2_PLACEMENT_3D('',#5748,#5749,#5750);
#5748 = CARTESIAN_POINT('',(129.,-135.,6.));
#5749 = DIRECTION('',(0.,0.,1.));
#5750 = DIRECTION('',(1.,0.,0.));
#5751 = ADVANCED_FACE('',(#5752),#5785,.F.);
#5752 = FACE_BOUND('',#5753,.T.);
#5753 = EDGE_LOOP('',(#5754,#5755,#5763,#5771,#5777,#5778,#5784));
#5754 = ORIENTED_EDGE('',*,*,#5669,.F.);
#5755 = ORIENTED_EDGE('',*,*,#5756,.T.);
#5756 = EDGE_CURVE('',#5662,#5757,#5759,.T.);
#5757 = VERTEX_POINT('',#5758);
#5758 = CARTESIAN_POINT('',(160.9,-153.,-65.5));
#5759 = LINE('',#5760,#5761);
#5760 = CARTESIAN_POINT('',(160.9,-145.,-65.5));
#5761 = VECTOR('',#5762,1.);
#5762 = DIRECTION('',(-0.,-1.,-0.));
#5763 = ORIENTED_EDGE('',*,*,#5764,.T.);
#5764 = EDGE_CURVE('',#5757,#5765,#5767,.T.);
#5765 = VERTEX_POINT('',#5766);
#5766 = CARTESIAN_POINT('',(160.9,-153.,125.));
#5767 = LINE('',#5768,#5769);
#5768 = CARTESIAN_POINT('',(160.9,-153.,-65.5));
#5769 = VECTOR('',#5770,1.);
#5770 = DIRECTION('',(0.,0.,1.));
#5771 = ORIENTED_EDGE('',*,*,#5772,.F.);
#5772 = EDGE_CURVE('',#5226,#5765,#5773,.T.);
#5773 = LINE('',#5774,#5775);
#5774 = CARTESIAN_POINT('',(160.9,-145.,125.));
#5775 = VECTOR('',#5776,1.);
#5776 = DIRECTION('',(-0.,-1.,-0.));
#5777 = ORIENTED_EDGE('',*,*,#5233,.F.);
#5778 = ORIENTED_EDGE('',*,*,#5779,.F.);
#5779 = EDGE_CURVE('',#5251,#5234,#5780,.T.);
#5780 = LINE('',#5781,#5782);
#5781 = CARTESIAN_POINT('',(160.9,-145.,-65.5));
#5782 = VECTOR('',#5783,1.);
#5783 = DIRECTION('',(0.,0.,1.));
#5784 = ORIENTED_EDGE('',*,*,#5259,.F.);
#5785 = PLANE('',#5786);
#5786 = AXIS2_PLACEMENT_3D('',#5787,#5788,#5789);
#5787 = CARTESIAN_POINT('',(160.9,-145.,-65.5));
#5788 = DIRECTION('',(1.,0.,0.));
#5789 = DIRECTION('',(0.,0.,-1.));
#5790 = ADVANCED_FACE('',(#5791),#5809,.T.);
#5791 = FACE_BOUND('',#5792,.F.);
#5792 = EDGE_LOOP('',(#5793,#5801,#5802,#5803));
#5793 = ORIENTED_EDGE('',*,*,#5794,.F.);
#5794 = EDGE_CURVE('',#5765,#5795,#5797,.T.);
#5795 = VERTEX_POINT('',#5796);
#5796 = CARTESIAN_POINT('',(164.9,-153.,125.));
#5797 = LINE('',#5798,#5799);
#5798 = CARTESIAN_POINT('',(160.9,-153.,125.));
#5799 = VECTOR('',#5800,1.);
#5800 = DIRECTION('',(1.,0.,0.));
#5801 = ORIENTED_EDGE('',*,*,#5772,.F.);
#5802 = ORIENTED_EDGE('',*,*,#5225,.T.);
#5803 = ORIENTED_EDGE('',*,*,#5804,.T.);
#5804 = EDGE_CURVE('',#5218,#5795,#5805,.T.);
#5805 = LINE('',#5806,#5807);
#5806 = CARTESIAN_POINT('',(164.9,-145.,125.));
#5807 = VECTOR('',#5808,1.);
#5808 = DIRECTION('',(-0.,-1.,-0.));
#5809 = PLANE('',#5810);
#5810 = AXIS2_PLACEMENT_3D('',#5811,#5812,#5813);
#5811 = CARTESIAN_POINT('',(160.9,-145.,125.));
#5812 = DIRECTION('',(0.,0.,1.));
#5813 = DIRECTION('',(-1.,0.,0.));
#5814 = ADVANCED_FACE('',(#5815),#5833,.T.);
#5815 = FACE_BOUND('',#5816,.F.);
#5816 = EDGE_LOOP('',(#5817,#5818,#5826,#5832));
#5817 = ORIENTED_EDGE('',*,*,#5217,.F.);
#5818 = ORIENTED_EDGE('',*,*,#5819,.T.);
#5819 = EDGE_CURVE('',#5210,#5820,#5822,.T.);
#5820 = VERTEX_POINT('',#5821);
#5821 = CARTESIAN_POINT('',(164.9,-153.,87.));
#5822 = LINE('',#5823,#5824);
#5823 = CARTESIAN_POINT('',(164.9,-145.,87.));
#5824 = VECTOR('',#5825,1.);
#5825 = DIRECTION('',(-0.,-1.,-0.));
#5826 = ORIENTED_EDGE('',*,*,#5827,.T.);
#5827 = EDGE_CURVE('',#5820,#5795,#5828,.T.);
#5828 = LINE('',#5829,#5830);
#5829 = CARTESIAN_POINT('',(164.9,-153.,87.));
#5830 = VECTOR('',#5831,1.);
#5831 = DIRECTION('',(0.,0.,1.));
#5832 = ORIENTED_EDGE('',*,*,#5804,.F.);
#5833 = PLANE('',#5834);
#5834 = AXIS2_PLACEMENT_3D('',#5835,#5836,#5837);
#5835 = CARTESIAN_POINT('',(164.9,-145.,87.));
#5836 = DIRECTION('',(1.,0.,0.));
#5837 = DIRECTION('',(0.,0.,-1.));
#5838 = ADVANCED_FACE('',(#5839),#5857,.T.);
#5839 = FACE_BOUND('',#5840,.F.);
#5840 = EDGE_LOOP('',(#5841,#5842,#5843,#5851));
#5841 = ORIENTED_EDGE('',*,*,#5819,.F.);
#5842 = ORIENTED_EDGE('',*,*,#5209,.T.);
#5843 = ORIENTED_EDGE('',*,*,#5844,.T.);
#5844 = EDGE_CURVE('',#5202,#5845,#5847,.T.);
#5845 = VERTEX_POINT('',#5846);
#5846 = CARTESIAN_POINT('',(185.1,-153.,87.));
#5847 = LINE('',#5848,#5849);
#5848 = CARTESIAN_POINT('',(185.1,-145.,87.));
#5849 = VECTOR('',#5850,1.);
#5850 = DIRECTION('',(-0.,-1.,-0.));
#5851 = ORIENTED_EDGE('',*,*,#5852,.F.);
#5852 = EDGE_CURVE('',#5820,#5845,#5853,.T.);
#5853 = LINE('',#5854,#5855);
#5854 = CARTESIAN_POINT('',(164.9,-153.,87.));
#5855 = VECTOR('',#5856,1.);
#5856 = DIRECTION('',(1.,0.,0.));
#5857 = PLANE('',#5858);
#5858 = AXIS2_PLACEMENT_3D('',#5859,#5860,#5861);
#5859 = CARTESIAN_POINT('',(164.9,-145.,87.));
#5860 = DIRECTION('',(0.,0.,1.));
#5861 = DIRECTION('',(-1.,0.,0.));
#5862 = ADVANCED_FACE('',(#5863),#5881,.F.);
#5863 = FACE_BOUND('',#5864,.T.);
#5864 = EDGE_LOOP('',(#5865,#5866,#5867,#5875));
#5865 = ORIENTED_EDGE('',*,*,#5201,.F.);
#5866 = ORIENTED_EDGE('',*,*,#5844,.T.);
#5867 = ORIENTED_EDGE('',*,*,#5868,.T.);
#5868 = EDGE_CURVE('',#5845,#5869,#5871,.T.);
#5869 = VERTEX_POINT('',#5870);
#5870 = CARTESIAN_POINT('',(185.1,-153.,125.));
#5871 = LINE('',#5872,#5873);
#5872 = CARTESIAN_POINT('',(185.1,-153.,87.));
#5873 = VECTOR('',#5874,1.);
#5874 = DIRECTION('',(0.,0.,1.));
#5875 = ORIENTED_EDGE('',*,*,#5876,.F.);
#5876 = EDGE_CURVE('',#5194,#5869,#5877,.T.);
#5877 = LINE('',#5878,#5879);
#5878 = CARTESIAN_POINT('',(185.1,-145.,125.));
#5879 = VECTOR('',#5880,1.);
#5880 = DIRECTION('',(-0.,-1.,-0.));
#5881 = PLANE('',#5882);
#5882 = AXIS2_PLACEMENT_3D('',#5883,#5884,#5885);
#5883 = CARTESIAN_POINT('',(185.1,-145.,87.));
#5884 = DIRECTION('',(1.,0.,0.));
#5885 = DIRECTION('',(0.,0.,-1.));
#5886 = ADVANCED_FACE('',(#5887),#5905,.T.);
#5887 = FACE_BOUND('',#5888,.F.);
#5888 = EDGE_LOOP('',(#5889,#5897,#5898,#5899));
#5889 = ORIENTED_EDGE('',*,*,#5890,.F.);
#5890 = EDGE_CURVE('',#5869,#5891,#5893,.T.);
#5891 = VERTEX_POINT('',#5892);
#5892 = CARTESIAN_POINT('',(189.1,-153.,125.));
#5893 = LINE('',#5894,#5895);
#5894 = CARTESIAN_POINT('',(160.9,-153.,125.));
#5895 = VECTOR('',#5896,1.);
#5896 = DIRECTION('',(1.,0.,0.));
#5897 = ORIENTED_EDGE('',*,*,#5876,.F.);
#5898 = ORIENTED_EDGE('',*,*,#5193,.T.);
#5899 = ORIENTED_EDGE('',*,*,#5900,.T.);
#5900 = EDGE_CURVE('',#5186,#5891,#5901,.T.);
#5901 = LINE('',#5902,#5903);
#5902 = CARTESIAN_POINT('',(189.1,-145.,125.));
#5903 = VECTOR('',#5904,1.);
#5904 = DIRECTION('',(-0.,-1.,-0.));
#5905 = PLANE('',#5906);
#5906 = AXIS2_PLACEMENT_3D('',#5907,#5908,#5909);
#5907 = CARTESIAN_POINT('',(160.9,-145.,125.));
#5908 = DIRECTION('',(0.,0.,1.));
#5909 = DIRECTION('',(-1.,0.,0.));
#5910 = ADVANCED_FACE('',(#5911),#5937,.T.);
#5911 = FACE_BOUND('',#5912,.F.);
#5912 = EDGE_LOOP('',(#5913,#5914,#5922,#5928,#5929,#5930,#5936));
#5913 = ORIENTED_EDGE('',*,*,#5653,.F.);
#5914 = ORIENTED_EDGE('',*,*,#5915,.T.);
#5915 = EDGE_CURVE('',#5654,#5916,#5918,.T.);
#5916 = VERTEX_POINT('',#5917);
#5917 = CARTESIAN_POINT('',(189.1,-153.,-65.5));
#5918 = LINE('',#5919,#5920);
#5919 = CARTESIAN_POINT('',(189.1,-145.,-65.5));
#5920 = VECTOR('',#5921,1.);
#5921 = DIRECTION('',(-0.,-1.,-0.));
#5922 = ORIENTED_EDGE('',*,*,#5923,.T.);
#5923 = EDGE_CURVE('',#5916,#5891,#5924,.T.);
#5924 = LINE('',#5925,#5926);
#5925 = CARTESIAN_POINT('',(189.1,-153.,-65.5));
#5926 = VECTOR('',#5927,1.);
#5927 = DIRECTION('',(0.,0.,1.));
#5928 = ORIENTED_EDGE('',*,*,#5900,.F.);
#5929 = ORIENTED_EDGE('',*,*,#5185,.F.);
#5930 = ORIENTED_EDGE('',*,*,#5931,.F.);
#5931 = EDGE_CURVE('',#5160,#5177,#5932,.T.);
#5932 = LINE('',#5933,#5934);
#5933 = CARTESIAN_POINT('',(189.1,-145.,-65.5));
#5934 = VECTOR('',#5935,1.);
#5935 = DIRECTION('',(0.,0.,1.));
#5936 = ORIENTED_EDGE('',*,*,#5159,.F.);
#5937 = PLANE('',#5938);
#5938 = AXIS2_PLACEMENT_3D('',#5939,#5940,#5941);
#5939 = CARTESIAN_POINT('',(189.1,-145.,-65.5));
#5940 = DIRECTION('',(1.,0.,0.));
#5941 = DIRECTION('',(0.,0.,-1.));
#5942 = ADVANCED_FACE('',(#5943),#5954,.F.);
#5943 = FACE_BOUND('',#5944,.T.);
#5944 = EDGE_LOOP('',(#5945,#5946,#5952,#5953));
#5945 = ORIENTED_EDGE('',*,*,#5350,.F.);
#5946 = ORIENTED_EDGE('',*,*,#5947,.F.);
#5947 = EDGE_CURVE('',#5426,#5351,#5948,.T.);
#5948 = LINE('',#5949,#5950);
#5949 = CARTESIAN_POINT('',(223.1,-75.,6.));
#5950 = VECTOR('',#5951,1.);
#5951 = DIRECTION('',(0.,0.,1.));
#5952 = ORIENTED_EDGE('',*,*,#5425,.T.);
#5953 = ORIENTED_EDGE('',*,*,#5947,.T.);
#5954 = CYLINDRICAL_SURFACE('',#5955,2.1);
#5955 = AXIS2_PLACEMENT_3D('',#5956,#5957,#5958);
#5956 = CARTESIAN_POINT('',(221.,-75.,6.));
#5957 = DIRECTION('',(0.,0.,1.));
#5958 = DIRECTION('',(1.,0.,0.));
#5959 = ADVANCED_FACE('',(#5960),#5971,.F.);
#5960 = FACE_BOUND('',#5961,.T.);
#5961 = EDGE_LOOP('',(#5962,#5963,#5969,#5970));
#5962 = ORIENTED_EDGE('',*,*,#5372,.F.);
#5963 = ORIENTED_EDGE('',*,*,#5964,.F.);
#5964 = EDGE_CURVE('',#5437,#5373,#5965,.T.);
#5965 = LINE('',#5966,#5967);
#5966 = CARTESIAN_POINT('',(223.1,-135.,6.));
#5967 = VECTOR('',#5968,1.);
#5968 = DIRECTION('',(0.,0.,1.));
#5969 = ORIENTED_EDGE('',*,*,#5436,.T.);
#5970 = ORIENTED_EDGE('',*,*,#5964,.T.);
#5971 = CYLINDRICAL_SURFACE('',#5972,2.1);
#5972 = AXIS2_PLACEMENT_3D('',#5973,#5974,#5975);
#5973 = CARTESIAN_POINT('',(221.,-135.,6.));
#5974 = DIRECTION('',(0.,0.,1.));
#5975 = DIRECTION('',(1.,0.,0.));
#5976 = ADVANCED_FACE('',(#5977),#5981,.F.);
#5977 = FACE_BOUND('',#5978,.T.);
#5978 = EDGE_LOOP('',(#5979,#5980));
#5979 = ORIENTED_EDGE('',*,*,#5542,.T.);
#5980 = ORIENTED_EDGE('',*,*,#5779,.T.);
#5981 = PLANE('',#5982);
#5982 = AXIS2_PLACEMENT_3D('',#5983,#5984,#5985);
#5983 = CARTESIAN_POINT('',(160.9,-145.,-65.5));
#5984 = DIRECTION('',(-0.,-1.,-0.));
#5985 = DIRECTION('',(0.,0.,-1.));
#5986 = ADVANCED_FACE('',(#5987),#5991,.F.);
#5987 = FACE_BOUND('',#5988,.T.);
#5988 = EDGE_LOOP('',(#5989,#5990));
#5989 = ORIENTED_EDGE('',*,*,#5931,.F.);
#5990 = ORIENTED_EDGE('',*,*,#5635,.T.);
#5991 = PLANE('',#5992);
#5992 = AXIS2_PLACEMENT_3D('',#5993,#5994,#5995);
#5993 = CARTESIAN_POINT('',(160.9,-145.,-65.5));
#5994 = DIRECTION('',(-0.,-1.,-0.));
#5995 = DIRECTION('',(0.,0.,-1.));
#5996 = ADVANCED_FACE('',(#5997,#6038,#6049,#6060),#6071,.F.);
#5997 = FACE_BOUND('',#5998,.T.);
#5998 = EDGE_LOOP('',(#5999,#6009,#6015,#6016,#6024,#6032));
#5999 = ORIENTED_EDGE('',*,*,#6000,.F.);
#6000 = EDGE_CURVE('',#6001,#6003,#6005,.T.);
#6001 = VERTEX_POINT('',#6002);
#6002 = CARTESIAN_POINT('',(160.9,-145.,-221.5));
#6003 = VERTEX_POINT('',#6004);
#6004 = CARTESIAN_POINT('',(166.9377422517,-145.,-221.5));
#6005 = LINE('',#6006,#6007);
#6006 = CARTESIAN_POINT('',(160.9,-145.,-221.5));
#6007 = VECTOR('',#6008,1.);
#6008 = DIRECTION('',(1.,0.,0.));
#6009 = ORIENTED_EDGE('',*,*,#6010,.T.);
#6010 = EDGE_CURVE('',#6001,#5662,#6011,.T.);
#6011 = LINE('',#6012,#6013);
#6012 = CARTESIAN_POINT('',(160.9,-145.,-221.5));
#6013 = VECTOR('',#6014,1.);
#6014 = DIRECTION('',(0.,0.,1.));
#6015 = ORIENTED_EDGE('',*,*,#5661,.T.);
#6016 = ORIENTED_EDGE('',*,*,#6017,.F.);
#6017 = EDGE_CURVE('',#6018,#5654,#6020,.T.);
#6018 = VERTEX_POINT('',#6019);
#6019 = CARTESIAN_POINT('',(189.1,-145.,-221.5));
#6020 = LINE('',#6021,#6022);
#6021 = CARTESIAN_POINT('',(189.1,-145.,-221.5));
#6022 = VECTOR('',#6023,1.);
#6023 = DIRECTION('',(0.,0.,1.));
#6024 = ORIENTED_EDGE('',*,*,#6025,.F.);
#6025 = EDGE_CURVE('',#6026,#6018,#6028,.T.);
#6026 = VERTEX_POINT('',#6027);
#6027 = CARTESIAN_POINT('',(183.06225774829,-145.,-221.5));
#6028 = LINE('',#6029,#6030);
#6029 = CARTESIAN_POINT('',(160.9,-145.,-221.5));
#6030 = VECTOR('',#6031,1.);
#6031 = DIRECTION('',(1.,0.,0.));
#6032 = ORIENTED_EDGE('',*,*,#6033,.F.);
#6033 = EDGE_CURVE('',#6003,#6026,#6034,.T.);
#6034 = LINE('',#6035,#6036);
#6035 = CARTESIAN_POINT('',(160.9,-145.,-221.5));
#6036 = VECTOR('',#6037,1.);
#6037 = DIRECTION('',(1.,0.,0.));
#6038 = FACE_BOUND('',#6039,.T.);
#6039 = EDGE_LOOP('',(#6040));
#6040 = ORIENTED_EDGE('',*,*,#6041,.F.);
#6041 = EDGE_CURVE('',#6042,#6042,#6044,.T.);
#6042 = VERTEX_POINT('',#6043);
#6043 = CARTESIAN_POINT('',(175.,-145.,-98.9));
#6044 = CIRCLE('',#6045,1.6);
#6045 = AXIS2_PLACEMENT_3D('',#6046,#6047,#6048);
#6046 = CARTESIAN_POINT('',(175.,-145.,-100.5));
#6047 = DIRECTION('',(0.,1.,0.));
#6048 = DIRECTION('',(0.,0.,1.));
#6049 = FACE_BOUND('',#6050,.T.);
#6050 = EDGE_LOOP('',(#6051));
#6051 = ORIENTED_EDGE('',*,*,#6052,.F.);
#6052 = EDGE_CURVE('',#6053,#6053,#6055,.T.);
#6053 = VERTEX_POINT('',#6054);
#6054 = CARTESIAN_POINT('',(175.,-145.,-82.5));
#6055 = CIRCLE('',#6056,3.);
#6056 = AXIS2_PLACEMENT_3D('',#6057,#6058,#6059);
#6057 = CARTESIAN_POINT('',(175.,-145.,-85.5));
#6058 = DIRECTION('',(0.,1.,0.));
#6059 = DIRECTION('',(0.,0.,1.));
#6060 = FACE_BOUND('',#6061,.T.);
#6061 = EDGE_LOOP('',(#6062));
#6062 = ORIENTED_EDGE('',*,*,#6063,.F.);
#6063 = EDGE_CURVE('',#6064,#6064,#6066,.T.);
#6064 = VERTEX_POINT('',#6065);
#6065 = CARTESIAN_POINT('',(175.,-145.,-68.9));
#6066 = CIRCLE('',#6067,1.6);
#6067 = AXIS2_PLACEMENT_3D('',#6068,#6069,#6070);
#6068 = CARTESIAN_POINT('',(175.,-145.,-70.5));
#6069 = DIRECTION('',(0.,1.,0.));
#6070 = DIRECTION('',(0.,0.,1.));
#6071 = PLANE('',#6072);
#6072 = AXIS2_PLACEMENT_3D('',#6073,#6074,#6075);
#6073 = CARTESIAN_POINT('',(160.9,-145.,-221.5));
#6074 = DIRECTION('',(-0.,-1.,-0.));
#6075 = DIRECTION('',(0.,0.,-1.));
#6076 = ADVANCED_FACE('',(#6077),#6096,.F.);
#6077 = FACE_BOUND('',#6078,.T.);
#6078 = EDGE_LOOP('',(#6079,#6088,#6094,#6095));
#6079 = ORIENTED_EDGE('',*,*,#6080,.F.);
#6080 = EDGE_CURVE('',#6081,#6081,#6083,.T.);
#6081 = VERTEX_POINT('',#6082);
#6082 = CARTESIAN_POINT('',(175.,-153.,-58.9));
#6083 = CIRCLE('',#6084,1.6);
#6084 = AXIS2_PLACEMENT_3D('',#6085,#6086,#6087);
#6085 = CARTESIAN_POINT('',(175.,-153.,-60.5));
#6086 = DIRECTION('',(0.,1.,0.));
#6087 = DIRECTION('',(0.,0.,1.));
#6088 = ORIENTED_EDGE('',*,*,#6089,.F.);
#6089 = EDGE_CURVE('',#5683,#6081,#6090,.T.);
#6090 = LINE('',#6091,#6092);
#6091 = CARTESIAN_POINT('',(175.,-145.,-58.9));
#6092 = VECTOR('',#6093,1.);
#6093 = DIRECTION('',(-0.,-1.,-0.));
#6094 = ORIENTED_EDGE('',*,*,#5682,.T.);
#6095 = ORIENTED_EDGE('',*,*,#6089,.T.);
#6096 = CYLINDRICAL_SURFACE('',#6097,1.6);
#6097 = AXIS2_PLACEMENT_3D('',#6098,#6099,#6100);
#6098 = CARTESIAN_POINT('',(175.,-145.,-60.5));
#6099 = DIRECTION('',(-0.,-1.,-0.));
#6100 = DIRECTION('',(0.,0.,1.));
#6101 = ADVANCED_FACE('',(#6102),#6121,.F.);
#6102 = FACE_BOUND('',#6103,.T.);
#6103 = EDGE_LOOP('',(#6104,#6113,#6119,#6120));
#6104 = ORIENTED_EDGE('',*,*,#6105,.F.);
#6105 = EDGE_CURVE('',#6106,#6106,#6108,.T.);
#6106 = VERTEX_POINT('',#6107);
#6107 = CARTESIAN_POINT('',(175.,-153.,-28.9));
#6108 = CIRCLE('',#6109,1.6);
#6109 = AXIS2_PLACEMENT_3D('',#6110,#6111,#6112);
#6110 = CARTESIAN_POINT('',(175.,-153.,-30.5));
#6111 = DIRECTION('',(0.,1.,0.));
#6112 = DIRECTION('',(0.,0.,1.));
#6113 = ORIENTED_EDGE('',*,*,#6114,.F.);
#6114 = EDGE_CURVE('',#5694,#6106,#6115,.T.);
#6115 = LINE('',#6116,#6117);
#6116 = CARTESIAN_POINT('',(175.,-145.,-28.9));
#6117 = VECTOR('',#6118,1.);
#6118 = DIRECTION('',(-0.,-1.,-0.));
#6119 = ORIENTED_EDGE('',*,*,#5693,.T.);
#6120 = ORIENTED_EDGE('',*,*,#6114,.T.);
#6121 = CYLINDRICAL_SURFACE('',#6122,1.6);
#6122 = AXIS2_PLACEMENT_3D('',#6123,#6124,#6125);
#6123 = CARTESIAN_POINT('',(175.,-145.,-30.5));
#6124 = DIRECTION('',(-0.,-1.,-0.));
#6125 = DIRECTION('',(0.,0.,1.));
#6126 = ADVANCED_FACE('',(#6127),#6146,.F.);
#6127 = FACE_BOUND('',#6128,.T.);
#6128 = EDGE_LOOP('',(#6129,#6138,#6144,#6145));
#6129 = ORIENTED_EDGE('',*,*,#6130,.F.);
#6130 = EDGE_CURVE('',#6131,#6131,#6133,.T.);
#6131 = VERTEX_POINT('',#6132);
#6132 = CARTESIAN_POINT('',(175.,-153.,-42.5));
#6133 = CIRCLE('',#6134,3.);
#6134 = AXIS2_PLACEMENT_3D('',#6135,#6136,#6137);
#6135 = CARTESIAN_POINT('',(175.,-153.,-45.5));
#6136 = DIRECTION('',(0.,1.,0.));
#6137 = DIRECTION('',(0.,0.,1.));
#6138 = ORIENTED_EDGE('',*,*,#6139,.F.);
#6139 = EDGE_CURVE('',#5705,#6131,#6140,.T.);
#6140 = LINE('',#6141,#6142);
#6141 = CARTESIAN_POINT('',(175.,-145.,-42.5));
#6142 = VECTOR('',#6143,1.);
#6143 = DIRECTION('',(-0.,-1.,-0.));
#6144 = ORIENTED_EDGE('',*,*,#5704,.T.);
#6145 = ORIENTED_EDGE('',*,*,#6139,.T.);
#6146 = CYLINDRICAL_SURFACE('',#6147,3.);
#6147 = AXIS2_PLACEMENT_3D('',#6148,#6149,#6150);
#6148 = CARTESIAN_POINT('',(175.,-145.,-45.5));
#6149 = DIRECTION('',(-0.,-1.,-0.));
#6150 = DIRECTION('',(0.,0.,1.));
#6151 = ADVANCED_FACE('',(#6152),#6170,.F.);
#6152 = FACE_BOUND('',#6153,.T.);
#6153 = EDGE_LOOP('',(#6154,#6155,#6163,#6169));
#6154 = ORIENTED_EDGE('',*,*,#6010,.F.);
#6155 = ORIENTED_EDGE('',*,*,#6156,.T.);
#6156 = EDGE_CURVE('',#6001,#6157,#6159,.T.);
#6157 = VERTEX_POINT('',#6158);
#6158 = CARTESIAN_POINT('',(160.9,-153.,-221.5));
#6159 = LINE('',#6160,#6161);
#6160 = CARTESIAN_POINT('',(160.9,-145.,-221.5));
#6161 = VECTOR('',#6162,1.);
#6162 = DIRECTION('',(-0.,-1.,-0.));
#6163 = ORIENTED_EDGE('',*,*,#6164,.T.);
#6164 = EDGE_CURVE('',#6157,#5757,#6165,.T.);
#6165 = LINE('',#6166,#6167);
#6166 = CARTESIAN_POINT('',(160.9,-153.,-221.5));
#6167 = VECTOR('',#6168,1.);
#6168 = DIRECTION('',(0.,0.,1.));
#6169 = ORIENTED_EDGE('',*,*,#5756,.F.);
#6170 = PLANE('',#6171);
#6171 = AXIS2_PLACEMENT_3D('',#6172,#6173,#6174);
#6172 = CARTESIAN_POINT('',(160.9,-145.,-221.5));
#6173 = DIRECTION('',(1.,0.,0.));
#6174 = DIRECTION('',(0.,0.,-1.));
#6175 = ADVANCED_FACE('',(#6176,#6191,#6194,#6197),#6200,.T.);
#6176 = FACE_BOUND('',#6177,.F.);
#6177 = EDGE_LOOP('',(#6178,#6179,#6185,#6186,#6187,#6188,#6189,#6190));
#6178 = ORIENTED_EDGE('',*,*,#5923,.F.);
#6179 = ORIENTED_EDGE('',*,*,#6180,.F.);
#6180 = EDGE_CURVE('',#5757,#5916,#6181,.T.);
#6181 = LINE('',#6182,#6183);
#6182 = CARTESIAN_POINT('',(160.9,-153.,-65.5));
#6183 = VECTOR('',#6184,1.);
#6184 = DIRECTION('',(1.,0.,0.));
#6185 = ORIENTED_EDGE('',*,*,#5764,.T.);
#6186 = ORIENTED_EDGE('',*,*,#5794,.T.);
#6187 = ORIENTED_EDGE('',*,*,#5827,.F.);
#6188 = ORIENTED_EDGE('',*,*,#5852,.T.);
#6189 = ORIENTED_EDGE('',*,*,#5868,.T.);
#6190 = ORIENTED_EDGE('',*,*,#5890,.T.);
#6191 = FACE_BOUND('',#6192,.F.);
#6192 = EDGE_LOOP('',(#6193));
#6193 = ORIENTED_EDGE('',*,*,#6080,.F.);
#6194 = FACE_BOUND('',#6195,.F.);
#6195 = EDGE_LOOP('',(#6196));
#6196 = ORIENTED_EDGE('',*,*,#6130,.F.);
#6197 = FACE_BOUND('',#6198,.F.);
#6198 = EDGE_LOOP('',(#6199));
#6199 = ORIENTED_EDGE('',*,*,#6105,.F.);
#6200 = PLANE('',#6201);
#6201 = AXIS2_PLACEMENT_3D('',#6202,#6203,#6204);
#6202 = CARTESIAN_POINT('',(160.9,-153.,-65.5));
#6203 = DIRECTION('',(-0.,-1.,-0.));
#6204 = DIRECTION('',(0.,0.,-1.));
#6205 = ADVANCED_FACE('',(#6206),#6224,.T.);
#6206 = FACE_BOUND('',#6207,.F.);
#6207 = EDGE_LOOP('',(#6208,#6209,#6217,#6223));
#6208 = ORIENTED_EDGE('',*,*,#6017,.F.);
#6209 = ORIENTED_EDGE('',*,*,#6210,.T.);
#6210 = EDGE_CURVE('',#6018,#6211,#6213,.T.);
#6211 = VERTEX_POINT('',#6212);
#6212 = CARTESIAN_POINT('',(189.1,-153.,-221.5));
#6213 = LINE('',#6214,#6215);
#6214 = CARTESIAN_POINT('',(189.1,-145.,-221.5));
#6215 = VECTOR('',#6216,1.);
#6216 = DIRECTION('',(-0.,-1.,-0.));
#6217 = ORIENTED_EDGE('',*,*,#6218,.T.);
#6218 = EDGE_CURVE('',#6211,#5916,#6219,.T.);
#6219 = LINE('',#6220,#6221);
#6220 = CARTESIAN_POINT('',(189.1,-153.,-221.5));
#6221 = VECTOR('',#6222,1.);
#6222 = DIRECTION('',(0.,0.,1.));
#6223 = ORIENTED_EDGE('',*,*,#5915,.F.);
#6224 = PLANE('',#6225);
#6225 = AXIS2_PLACEMENT_3D('',#6226,#6227,#6228);
#6226 = CARTESIAN_POINT('',(189.1,-145.,-221.5));
#6227 = DIRECTION('',(1.,0.,0.));
#6228 = DIRECTION('',(0.,0.,-1.));
#6229 = ADVANCED_FACE('',(#6230),#6249,.F.);
#6230 = FACE_BOUND('',#6231,.T.);
#6231 = EDGE_LOOP('',(#6232,#6240,#6241,#6242));
#6232 = ORIENTED_EDGE('',*,*,#6233,.F.);
#6233 = EDGE_CURVE('',#6157,#6234,#6236,.T.);
#6234 = VERTEX_POINT('',#6235);
#6235 = CARTESIAN_POINT('',(166.9377422517,-153.,-221.5));
#6236 = LINE('',#6237,#6238);
#6237 = CARTESIAN_POINT('',(160.9,-153.,-221.5));
#6238 = VECTOR('',#6239,1.);
#6239 = DIRECTION('',(1.,0.,0.));
#6240 = ORIENTED_EDGE('',*,*,#6156,.F.);
#6241 = ORIENTED_EDGE('',*,*,#6000,.T.);
#6242 = ORIENTED_EDGE('',*,*,#6243,.F.);
#6243 = EDGE_CURVE('',#6234,#6003,#6244,.T.);
#6244 = CIRCLE('',#6245,9.);
#6245 = AXIS2_PLACEMENT_3D('',#6246,#6247,#6248);
#6246 = CARTESIAN_POINT('',(175.,-149.,-221.5));
#6247 = DIRECTION('',(0.,0.,-1.));
#6248 = DIRECTION('',(1.,0.,0.));
#6249 = PLANE('',#6250);
#6250 = AXIS2_PLACEMENT_3D('',#6251,#6252,#6253);
#6251 = CARTESIAN_POINT('',(160.9,-145.,-221.5));
#6252 = DIRECTION('',(0.,0.,1.));
#6253 = DIRECTION('',(-1.,0.,0.));
#6254 = ADVANCED_FACE('',(#6255),#6283,.F.);
#6255 = FACE_BOUND('',#6256,.T.);
#6256 = EDGE_LOOP('',(#6257,#6265,#6274,#6281,#6282));
#6257 = ORIENTED_EDGE('',*,*,#6258,.F.);
#6258 = EDGE_CURVE('',#6259,#6211,#6261,.T.);
#6259 = VERTEX_POINT('',#6260);
#6260 = CARTESIAN_POINT('',(183.06225774829,-153.,-221.5));
#6261 = LINE('',#6262,#6263);
#6262 = CARTESIAN_POINT('',(160.9,-153.,-221.5));
#6263 = VECTOR('',#6264,1.);
#6264 = DIRECTION('',(1.,0.,0.));
#6265 = ORIENTED_EDGE('',*,*,#6266,.F.);
#6266 = EDGE_CURVE('',#6267,#6259,#6269,.T.);
#6267 = VERTEX_POINT('',#6268);
#6268 = CARTESIAN_POINT('',(184.,-149.,-221.5));
#6269 = CIRCLE('',#6270,9.);
#6270 = AXIS2_PLACEMENT_3D('',#6271,#6272,#6273);
#6271 = CARTESIAN_POINT('',(175.,-149.,-221.5));
#6272 = DIRECTION('',(0.,0.,-1.));
#6273 = DIRECTION('',(1.,0.,0.));
#6274 = ORIENTED_EDGE('',*,*,#6275,.F.);
#6275 = EDGE_CURVE('',#6026,#6267,#6276,.T.);
#6276 = CIRCLE('',#6277,9.);
#6277 = AXIS2_PLACEMENT_3D('',#6278,#6279,#6280);
#6278 = CARTESIAN_POINT('',(175.,-149.,-221.5));
#6279 = DIRECTION('',(0.,0.,-1.));
#6280 = DIRECTION('',(1.,0.,0.));
#6281 = ORIENTED_EDGE('',*,*,#6025,.T.);
#6282 = ORIENTED_EDGE('',*,*,#6210,.T.);
#6283 = PLANE('',#6284);
#6284 = AXIS2_PLACEMENT_3D('',#6285,#6286,#6287);
#6285 = CARTESIAN_POINT('',(160.9,-145.,-221.5));
#6286 = DIRECTION('',(0.,0.,1.));
#6287 = DIRECTION('',(-1.,0.,0.));
#6288 = ADVANCED_FACE('',(#6289),#6299,.T.);
#6289 = FACE_BOUND('',#6290,.F.);
#6290 = EDGE_LOOP('',(#6291,#6298));
#6291 = ORIENTED_EDGE('',*,*,#6292,.T.);
#6292 = EDGE_CURVE('',#6003,#6026,#6293,.T.);
#6293 = CIRCLE('',#6294,9.);
#6294 = AXIS2_PLACEMENT_3D('',#6295,#6296,#6297);
#6295 = CARTESIAN_POINT('',(175.,-149.,-221.5));
#6296 = DIRECTION('',(0.,0.,-1.));
#6297 = DIRECTION('',(1.,0.,0.));
#6298 = ORIENTED_EDGE('',*,*,#6033,.F.);
#6299 = PLANE('',#6300);
#6300 = AXIS2_PLACEMENT_3D('',#6301,#6302,#6303);
#6301 = CARTESIAN_POINT('',(175.,-149.,-221.5));
#6302 = DIRECTION('',(0.,0.,1.));
#6303 = DIRECTION('',(-1.,0.,0.));
#6304 = ADVANCED_FACE('',(#6305),#6324,.F.);
#6305 = FACE_BOUND('',#6306,.T.);
#6306 = EDGE_LOOP('',(#6307,#6316,#6322,#6323));
#6307 = ORIENTED_EDGE('',*,*,#6308,.F.);
#6308 = EDGE_CURVE('',#6309,#6309,#6311,.T.);
#6309 = VERTEX_POINT('',#6310);
#6310 = CARTESIAN_POINT('',(175.,-153.,-98.9));
#6311 = CIRCLE('',#6312,1.6);
#6312 = AXIS2_PLACEMENT_3D('',#6313,#6314,#6315);
#6313 = CARTESIAN_POINT('',(175.,-153.,-100.5));
#6314 = DIRECTION('',(0.,1.,0.));
#6315 = DIRECTION('',(0.,0.,1.));
#6316 = ORIENTED_EDGE('',*,*,#6317,.F.);
#6317 = EDGE_CURVE('',#6042,#6309,#6318,.T.);
#6318 = LINE('',#6319,#6320);
#6319 = CARTESIAN_POINT('',(175.,-145.,-98.9));
#6320 = VECTOR('',#6321,1.);
#6321 = DIRECTION('',(-0.,-1.,-0.));
#6322 = ORIENTED_EDGE('',*,*,#6041,.T.);
#6323 = ORIENTED_EDGE('',*,*,#6317,.T.);
#6324 = CYLINDRICAL_SURFACE('',#6325,1.6);
#6325 = AXIS2_PLACEMENT_3D('',#6326,#6327,#6328);
#6326 = CARTESIAN_POINT('',(175.,-145.,-100.5));
#6327 = DIRECTION('',(-0.,-1.,-0.));
#6328 = DIRECTION('',(0.,0.,1.));
#6329 = ADVANCED_FACE('',(#6330),#6349,.F.);
#6330 = FACE_BOUND('',#6331,.T.);
#6331 = EDGE_LOOP('',(#6332,#6341,#6347,#6348));
#6332 = ORIENTED_EDGE('',*,*,#6333,.F.);
#6333 = EDGE_CURVE('',#6334,#6334,#6336,.T.);
#6334 = VERTEX_POINT('',#6335);
#6335 = CARTESIAN_POINT('',(175.,-153.,-82.5));
#6336 = CIRCLE('',#6337,3.);
#6337 = AXIS2_PLACEMENT_3D('',#6338,#6339,#6340);
#6338 = CARTESIAN_POINT('',(175.,-153.,-85.5));
#6339 = DIRECTION('',(0.,1.,0.));
#6340 = DIRECTION('',(0.,0.,1.));
#6341 = ORIENTED_EDGE('',*,*,#6342,.F.);
#6342 = EDGE_CURVE('',#6053,#6334,#6343,.T.);
#6343 = LINE('',#6344,#6345);
#6344 = CARTESIAN_POINT('',(175.,-145.,-82.5));
#6345 = VECTOR('',#6346,1.);
#6346 = DIRECTION('',(-0.,-1.,-0.));
#6347 = ORIENTED_EDGE('',*,*,#6052,.T.);
#6348 = ORIENTED_EDGE('',*,*,#6342,.T.);
#6349 = CYLINDRICAL_SURFACE('',#6350,3.);
#6350 = AXIS2_PLACEMENT_3D('',#6351,#6352,#6353);
#6351 = CARTESIAN_POINT('',(175.,-145.,-85.5));
#6352 = DIRECTION('',(-0.,-1.,-0.));
#6353 = DIRECTION('',(0.,0.,1.));
#6354 = ADVANCED_FACE('',(#6355),#6374,.F.);
#6355 = FACE_BOUND('',#6356,.T.);
#6356 = EDGE_LOOP('',(#6357,#6366,#6372,#6373));
#6357 = ORIENTED_EDGE('',*,*,#6358,.F.);
#6358 = EDGE_CURVE('',#6359,#6359,#6361,.T.);
#6359 = VERTEX_POINT('',#6360);
#6360 = CARTESIAN_POINT('',(175.,-153.,-68.9));
#6361 = CIRCLE('',#6362,1.6);
#6362 = AXIS2_PLACEMENT_3D('',#6363,#6364,#6365);
#6363 = CARTESIAN_POINT('',(175.,-153.,-70.5));
#6364 = DIRECTION('',(0.,1.,0.));
#6365 = DIRECTION('',(0.,0.,1.));
#6366 = ORIENTED_EDGE('',*,*,#6367,.F.);
#6367 = EDGE_CURVE('',#6064,#6359,#6368,.T.);
#6368 = LINE('',#6369,#6370);
#6369 = CARTESIAN_POINT('',(175.,-145.,-68.9));
#6370 = VECTOR('',#6371,1.);
#6371 = DIRECTION('',(-0.,-1.,-0.));
#6372 = ORIENTED_EDGE('',*,*,#6063,.T.);
#6373 = ORIENTED_EDGE('',*,*,#6367,.T.);
#6374 = CYLINDRICAL_SURFACE('',#6375,1.6);
#6375 = AXIS2_PLACEMENT_3D('',#6376,#6377,#6378);
#6376 = CARTESIAN_POINT('',(175.,-145.,-70.5));
#6377 = DIRECTION('',(-0.,-1.,-0.));
#6378 = DIRECTION('',(0.,0.,1.));
#6379 = ADVANCED_FACE('',(#6380,#6393,#6396,#6399),#6402,.T.);
#6380 = FACE_BOUND('',#6381,.F.);
#6381 = EDGE_LOOP('',(#6382,#6383,#6384,#6385,#6386,#6387));
#6382 = ORIENTED_EDGE('',*,*,#6233,.F.);
#6383 = ORIENTED_EDGE('',*,*,#6164,.T.);
#6384 = ORIENTED_EDGE('',*,*,#6180,.T.);
#6385 = ORIENTED_EDGE('',*,*,#6218,.F.);
#6386 = ORIENTED_EDGE('',*,*,#6258,.F.);
#6387 = ORIENTED_EDGE('',*,*,#6388,.F.);
#6388 = EDGE_CURVE('',#6234,#6259,#6389,.T.);
#6389 = LINE('',#6390,#6391);
#6390 = CARTESIAN_POINT('',(160.9,-153.,-221.5));
#6391 = VECTOR('',#6392,1.);
#6392 = DIRECTION('',(1.,0.,0.));
#6393 = FACE_BOUND('',#6394,.F.);
#6394 = EDGE_LOOP('',(#6395));
#6395 = ORIENTED_EDGE('',*,*,#6308,.F.);
#6396 = FACE_BOUND('',#6397,.F.);
#6397 = EDGE_LOOP('',(#6398));
#6398 = ORIENTED_EDGE('',*,*,#6333,.F.);
#6399 = FACE_BOUND('',#6400,.F.);
#6400 = EDGE_LOOP('',(#6401));
#6401 = ORIENTED_EDGE('',*,*,#6358,.F.);
#6402 = PLANE('',#6403);
#6403 = AXIS2_PLACEMENT_3D('',#6404,#6405,#6406);
#6404 = CARTESIAN_POINT('',(160.9,-153.,-221.5));
#6405 = DIRECTION('',(-0.,-1.,-0.));
#6406 = DIRECTION('',(0.,0.,-1.));
#6407 = ADVANCED_FACE('',(#6408),#6437,.T.);
#6408 = FACE_BOUND('',#6409,.F.);
#6409 = EDGE_LOOP('',(#6410,#6418,#6419,#6420,#6421,#6428,#6429,#6430));
#6410 = ORIENTED_EDGE('',*,*,#6411,.T.);
#6411 = EDGE_CURVE('',#6412,#6267,#6414,.T.);
#6412 = VERTEX_POINT('',#6413);
#6413 = CARTESIAN_POINT('',(184.,-149.,-231.5));
#6414 = LINE('',#6415,#6416);
#6415 = CARTESIAN_POINT('',(184.,-149.,-231.5));
#6416 = VECTOR('',#6417,1.);
#6417 = DIRECTION('',(0.,0.,1.));
#6418 = ORIENTED_EDGE('',*,*,#6275,.F.);
#6419 = ORIENTED_EDGE('',*,*,#6292,.F.);
#6420 = ORIENTED_EDGE('',*,*,#6243,.F.);
#6421 = ORIENTED_EDGE('',*,*,#6422,.F.);
#6422 = EDGE_CURVE('',#6259,#6234,#6423,.T.);
#6423 = CIRCLE('',#6424,9.);
#6424 = AXIS2_PLACEMENT_3D('',#6425,#6426,#6427);
#6425 = CARTESIAN_POINT('',(175.,-149.,-221.5));
#6426 = DIRECTION('',(0.,0.,-1.));
#6427 = DIRECTION('',(1.,0.,0.));
#6428 = ORIENTED_EDGE('',*,*,#6266,.F.);
#6429 = ORIENTED_EDGE('',*,*,#6411,.F.);
#6430 = ORIENTED_EDGE('',*,*,#6431,.T.);
#6431 = EDGE_CURVE('',#6412,#6412,#6432,.T.);
#6432 = CIRCLE('',#6433,9.);
#6433 = AXIS2_PLACEMENT_3D('',#6434,#6435,#6436);
#6434 = CARTESIAN_POINT('',(175.,-149.,-231.5));
#6435 = DIRECTION('',(0.,0.,-1.));
#6436 = DIRECTION('',(1.,0.,0.));
#6437 = CYLINDRICAL_SURFACE('',#6438,9.);
#6438 = AXIS2_PLACEMENT_3D('',#6439,#6440,#6441);
#6439 = CARTESIAN_POINT('',(175.,-149.,-231.5));
#6440 = DIRECTION('',(0.,0.,1.));
#6441 = DIRECTION('',(1.,0.,0.));
#6442 = ADVANCED_FACE('',(#6443),#6447,.T.);
#6443 = FACE_BOUND('',#6444,.F.);
#6444 = EDGE_LOOP('',(#6445,#6446));
#6445 = ORIENTED_EDGE('',*,*,#6388,.T.);
#6446 = ORIENTED_EDGE('',*,*,#6422,.T.);
#6447 = PLANE('',#6448);
#6448 = AXIS2_PLACEMENT_3D('',#6449,#6450,#6451);
#6449 = CARTESIAN_POINT('',(175.,-149.,-221.5));
#6450 = DIRECTION('',(0.,0.,1.));
#6451 = DIRECTION('',(-1.,0.,0.));
#6452 = ADVANCED_FACE('',(#6453),#6456,.F.);
#6453 = FACE_BOUND('',#6454,.F.);
#6454 = EDGE_LOOP('',(#6455));
#6455 = ORIENTED_EDGE('',*,*,#6431,.F.);
#6456 = PLANE('',#6457);
#6457 = AXIS2_PLACEMENT_3D('',#6458,#6459,#6460);
#6458 = CARTESIAN_POINT('',(175.,-149.,-231.5));
#6459 = DIRECTION('',(0.,0.,1.));
#6460 = DIRECTION('',(-1.,0.,0.));
#6461 = MANIFOLD_SOLID_BREP('',#6462);
#6462 = CLOSED_SHELL('',(#6463,#6503,#6643,#6697,#6892,#6953,#6970,#7017
    ,#7041,#7065,#7082,#7099,#7124,#7141,#7158,#7175,#7192,#7217,#7285,
    #7302,#7319,#7358,#7382,#7406,#7430,#7454,#7478,#7510,#7527,#7544,
    #7554,#7564,#7644,#7669,#7694,#7719,#7743,#7773,#7797,#7822,#7856,
    #7872,#7897,#7922,#7947,#7975,#8010,#8020));
#6463 = ADVANCED_FACE('',(#6464),#6498,.F.);
#6464 = FACE_BOUND('',#6465,.F.);
#6465 = EDGE_LOOP('',(#6466,#6476,#6484,#6492));
#6466 = ORIENTED_EDGE('',*,*,#6467,.F.);
#6467 = EDGE_CURVE('',#6468,#6470,#6472,.T.);
#6468 = VERTEX_POINT('',#6469);
#6469 = CARTESIAN_POINT('',(-231.,65.,6.));
#6470 = VERTEX_POINT('',#6471);
#6471 = CARTESIAN_POINT('',(-231.,65.,136.));
#6472 = LINE('',#6473,#6474);
#6473 = CARTESIAN_POINT('',(-231.,65.,6.));
#6474 = VECTOR('',#6475,1.);
#6475 = DIRECTION('',(0.,0.,1.));
#6476 = ORIENTED_EDGE('',*,*,#6477,.T.);
#6477 = EDGE_CURVE('',#6468,#6478,#6480,.T.);
#6478 = VERTEX_POINT('',#6479);
#6479 = CARTESIAN_POINT('',(-231.,145.,6.));
#6480 = LINE('',#6481,#6482);
#6481 = CARTESIAN_POINT('',(-231.,65.,6.));
#6482 = VECTOR('',#6483,1.);
#6483 = DIRECTION('',(0.,1.,0.));
#6484 = ORIENTED_EDGE('',*,*,#6485,.T.);
#6485 = EDGE_CURVE('',#6478,#6486,#6488,.T.);
#6486 = VERTEX_POINT('',#6487);
#6487 = CARTESIAN_POINT('',(-231.,145.,136.));
#6488 = LINE('',#6489,#6490);
#6489 = CARTESIAN_POINT('',(-231.,145.,6.));
#6490 = VECTOR('',#6491,1.);
#6491 = DIRECTION('',(0.,0.,1.));
#6492 = ORIENTED_EDGE('',*,*,#6493,.F.);
#6493 = EDGE_CURVE('',#6470,#6486,#6494,.T.);
#6494 = LINE('',#6495,#6496);
#6495 = CARTESIAN_POINT('',(-231.,65.,136.));
#6496 = VECTOR('',#6497,1.);
#6497 = DIRECTION('',(0.,1.,0.));
#6498 = PLANE('',#6499);
#6499 = AXIS2_PLACEMENT_3D('',#6500,#6501,#6502);
#6500 = CARTESIAN_POINT('',(-231.,65.,6.));
#6501 = DIRECTION('',(1.,0.,0.));
#6502 = DIRECTION('',(0.,0.,1.));
#6503 = ADVANCED_FACE('',(#6504,#6561,#6572,#6583,#6594,#6605,#6616,
    #6627),#6638,.F.);
#6504 = FACE_BOUND('',#6505,.F.);
#6505 = EDGE_LOOP('',(#6506,#6514,#6515,#6523,#6531,#6539,#6547,#6555));
#6506 = ORIENTED_EDGE('',*,*,#6507,.F.);
#6507 = EDGE_CURVE('',#6468,#6508,#6510,.T.);
#6508 = VERTEX_POINT('',#6509);
#6509 = CARTESIAN_POINT('',(-185.1,65.,6.));
#6510 = LINE('',#6511,#6512);
#6511 = CARTESIAN_POINT('',(-231.,65.,6.));
#6512 = VECTOR('',#6513,1.);
#6513 = DIRECTION('',(1.,0.,0.));
#6514 = ORIENTED_EDGE('',*,*,#6467,.T.);
#6515 = ORIENTED_EDGE('',*,*,#6516,.T.);
#6516 = EDGE_CURVE('',#6470,#6517,#6519,.T.);
#6517 = VERTEX_POINT('',#6518);
#6518 = CARTESIAN_POINT('',(-119.,65.,136.));
#6519 = LINE('',#6520,#6521);
#6520 = CARTESIAN_POINT('',(-231.,65.,136.));
#6521 = VECTOR('',#6522,1.);
#6522 = DIRECTION('',(1.,0.,0.));
#6523 = ORIENTED_EDGE('',*,*,#6524,.F.);
#6524 = EDGE_CURVE('',#6525,#6517,#6527,.T.);
#6525 = VERTEX_POINT('',#6526);
#6526 = CARTESIAN_POINT('',(-119.,65.,6.));
#6527 = LINE('',#6528,#6529);
#6528 = CARTESIAN_POINT('',(-119.,65.,6.));
#6529 = VECTOR('',#6530,1.);
#6530 = DIRECTION('',(0.,0.,1.));
#6531 = ORIENTED_EDGE('',*,*,#6532,.F.);
#6532 = EDGE_CURVE('',#6533,#6525,#6535,.T.);
#6533 = VERTEX_POINT('',#6534);
#6534 = CARTESIAN_POINT('',(-164.9,65.,6.));
#6535 = LINE('',#6536,#6537);
#6536 = CARTESIAN_POINT('',(-231.,65.,6.));
#6537 = VECTOR('',#6538,1.);
#6538 = DIRECTION('',(1.,0.,0.));
#6539 = ORIENTED_EDGE('',*,*,#6540,.T.);
#6540 = EDGE_CURVE('',#6533,#6541,#6543,.T.);
#6541 = VERTEX_POINT('',#6542);
#6542 = CARTESIAN_POINT('',(-164.9,65.,44.));
#6543 = LINE('',#6544,#6545);
#6544 = CARTESIAN_POINT('',(-164.9,65.,6.));
#6545 = VECTOR('',#6546,1.);
#6546 = DIRECTION('',(0.,0.,1.));
#6547 = ORIENTED_EDGE('',*,*,#6548,.F.);
#6548 = EDGE_CURVE('',#6549,#6541,#6551,.T.);
#6549 = VERTEX_POINT('',#6550);
#6550 = CARTESIAN_POINT('',(-185.1,65.,44.));
#6551 = LINE('',#6552,#6553);
#6552 = CARTESIAN_POINT('',(-185.1,65.,44.));
#6553 = VECTOR('',#6554,1.);
#6554 = DIRECTION('',(1.,0.,0.));
#6555 = ORIENTED_EDGE('',*,*,#6556,.F.);
#6556 = EDGE_CURVE('',#6508,#6549,#6557,.T.);
#6557 = LINE('',#6558,#6559);
#6558 = CARTESIAN_POINT('',(-185.1,65.,6.));
#6559 = VECTOR('',#6560,1.);
#6560 = DIRECTION('',(0.,0.,1.));
#6561 = FACE_BOUND('',#6562,.F.);
#6562 = EDGE_LOOP('',(#6563));
#6563 = ORIENTED_EDGE('',*,*,#6564,.F.);
#6564 = EDGE_CURVE('',#6565,#6565,#6567,.T.);
#6565 = VERTEX_POINT('',#6566);
#6566 = CARTESIAN_POINT('',(-199.75,65.,27.1));
#6567 = CIRCLE('',#6568,2.1);
#6568 = AXIS2_PLACEMENT_3D('',#6569,#6570,#6571);
#6569 = CARTESIAN_POINT('',(-199.75,65.,25.));
#6570 = DIRECTION('',(0.,1.,0.));
#6571 = DIRECTION('',(0.,0.,1.));
#6572 = FACE_BOUND('',#6573,.F.);
#6573 = EDGE_LOOP('',(#6574));
#6574 = ORIENTED_EDGE('',*,*,#6575,.F.);
#6575 = EDGE_CURVE('',#6576,#6576,#6578,.T.);
#6576 = VERTEX_POINT('',#6577);
#6577 = CARTESIAN_POINT('',(-190.,65.,107.6));
#6578 = CIRCLE('',#6579,1.6);
#6579 = AXIS2_PLACEMENT_3D('',#6580,#6581,#6582);
#6580 = CARTESIAN_POINT('',(-190.,65.,106.));
#6581 = DIRECTION('',(0.,1.,0.));
#6582 = DIRECTION('',(0.,0.,1.));
#6583 = FACE_BOUND('',#6584,.F.);
#6584 = EDGE_LOOP('',(#6585));
#6585 = ORIENTED_EDGE('',*,*,#6586,.F.);
#6586 = EDGE_CURVE('',#6587,#6587,#6589,.T.);
#6587 = VERTEX_POINT('',#6588);
#6588 = CARTESIAN_POINT('',(-150.25,65.,27.1));
#6589 = CIRCLE('',#6590,2.1);
#6590 = AXIS2_PLACEMENT_3D('',#6591,#6592,#6593);
#6591 = CARTESIAN_POINT('',(-150.25,65.,25.));
#6592 = DIRECTION('',(0.,1.,0.));
#6593 = DIRECTION('',(0.,0.,1.));
#6594 = FACE_BOUND('',#6595,.F.);
#6595 = EDGE_LOOP('',(#6596));
#6596 = ORIENTED_EDGE('',*,*,#6597,.F.);
#6597 = EDGE_CURVE('',#6598,#6598,#6600,.T.);
#6598 = VERTEX_POINT('',#6599);
#6599 = CARTESIAN_POINT('',(-175.,65.,92.6));
#6600 = CIRCLE('',#6601,1.6);
#6601 = AXIS2_PLACEMENT_3D('',#6602,#6603,#6604);
#6602 = CARTESIAN_POINT('',(-175.,65.,91.));
#6603 = DIRECTION('',(0.,1.,0.));
#6604 = DIRECTION('',(0.,0.,1.));
#6605 = FACE_BOUND('',#6606,.F.);
#6606 = EDGE_LOOP('',(#6607));
#6607 = ORIENTED_EDGE('',*,*,#6608,.F.);
#6608 = EDGE_CURVE('',#6609,#6609,#6611,.T.);
#6609 = VERTEX_POINT('',#6610);
#6610 = CARTESIAN_POINT('',(-175.,65.,109.));
#6611 = CIRCLE('',#6612,3.);
#6612 = AXIS2_PLACEMENT_3D('',#6613,#6614,#6615);
#6613 = CARTESIAN_POINT('',(-175.,65.,106.));
#6614 = DIRECTION('',(0.,1.,0.));
#6615 = DIRECTION('',(0.,0.,1.));
#6616 = FACE_BOUND('',#6617,.F.);
#6617 = EDGE_LOOP('',(#6618));
#6618 = ORIENTED_EDGE('',*,*,#6619,.F.);
#6619 = EDGE_CURVE('',#6620,#6620,#6622,.T.);
#6620 = VERTEX_POINT('',#6621);
#6621 = CARTESIAN_POINT('',(-175.,65.,122.6));
#6622 = CIRCLE('',#6623,1.6);
#6623 = AXIS2_PLACEMENT_3D('',#6624,#6625,#6626);
#6624 = CARTESIAN_POINT('',(-175.,65.,121.));
#6625 = DIRECTION('',(0.,1.,0.));
#6626 = DIRECTION('',(0.,0.,1.));
#6627 = FACE_BOUND('',#6628,.F.);
#6628 = EDGE_LOOP('',(#6629));
#6629 = ORIENTED_EDGE('',*,*,#6630,.F.);
#6630 = EDGE_CURVE('',#6631,#6631,#6633,.T.);
#6631 = VERTEX_POINT('',#6632);
#6632 = CARTESIAN_POINT('',(-160.,65.,107.6));
#6633 = CIRCLE('',#6634,1.6);
#6634 = AXIS2_PLACEMENT_3D('',#6635,#6636,#6637);
#6635 = CARTESIAN_POINT('',(-160.,65.,106.));
#6636 = DIRECTION('',(0.,1.,0.));
#6637 = DIRECTION('',(0.,0.,1.));
#6638 = PLANE('',#6639);
#6639 = AXIS2_PLACEMENT_3D('',#6640,#6641,#6642);
#6640 = CARTESIAN_POINT('',(-231.,65.,6.));
#6641 = DIRECTION('',(0.,1.,0.));
#6642 = DIRECTION('',(0.,0.,1.));
#6643 = ADVANCED_FACE('',(#6644,#6670,#6681),#6692,.F.);
#6644 = FACE_BOUND('',#6645,.F.);
#6645 = EDGE_LOOP('',(#6646,#6654,#6655,#6656,#6664));
#6646 = ORIENTED_EDGE('',*,*,#6647,.F.);
#6647 = EDGE_CURVE('',#6478,#6648,#6650,.T.);
#6648 = VERTEX_POINT('',#6649);
#6649 = CARTESIAN_POINT('',(-189.1,145.,6.));
#6650 = LINE('',#6651,#6652);
#6651 = CARTESIAN_POINT('',(-231.,145.,6.));
#6652 = VECTOR('',#6653,1.);
#6653 = DIRECTION('',(1.,0.,0.));
#6654 = ORIENTED_EDGE('',*,*,#6477,.F.);
#6655 = ORIENTED_EDGE('',*,*,#6507,.T.);
#6656 = ORIENTED_EDGE('',*,*,#6657,.T.);
#6657 = EDGE_CURVE('',#6508,#6658,#6660,.T.);
#6658 = VERTEX_POINT('',#6659);
#6659 = CARTESIAN_POINT('',(-185.1,145.,6.));
#6660 = LINE('',#6661,#6662);
#6661 = CARTESIAN_POINT('',(-185.1,65.,6.));
#6662 = VECTOR('',#6663,1.);
#6663 = DIRECTION('',(0.,1.,0.));
#6664 = ORIENTED_EDGE('',*,*,#6665,.F.);
#6665 = EDGE_CURVE('',#6648,#6658,#6666,.T.);
#6666 = LINE('',#6667,#6668);
#6667 = CARTESIAN_POINT('',(-231.,145.,6.));
#6668 = VECTOR('',#6669,1.);
#6669 = DIRECTION('',(1.,0.,0.));
#6670 = FACE_BOUND('',#6671,.F.);
#6671 = EDGE_LOOP('',(#6672));
#6672 = ORIENTED_EDGE('',*,*,#6673,.F.);
#6673 = EDGE_CURVE('',#6674,#6674,#6676,.T.);
#6674 = VERTEX_POINT('',#6675);
#6675 = CARTESIAN_POINT('',(-218.9,75.,6.));
#6676 = CIRCLE('',#6677,2.1);
#6677 = AXIS2_PLACEMENT_3D('',#6678,#6679,#6680);
#6678 = CARTESIAN_POINT('',(-221.,75.,6.));
#6679 = DIRECTION('',(0.,0.,1.));
#6680 = DIRECTION('',(1.,0.,0.));
#6681 = FACE_BOUND('',#6682,.F.);
#6682 = EDGE_LOOP('',(#6683));
#6683 = ORIENTED_EDGE('',*,*,#6684,.F.);
#6684 = EDGE_CURVE('',#6685,#6685,#6687,.T.);
#6685 = VERTEX_POINT('',#6686);
#6686 = CARTESIAN_POINT('',(-218.9,135.,6.));
#6687 = CIRCLE('',#6688,2.1);
#6688 = AXIS2_PLACEMENT_3D('',#6689,#6690,#6691);
#6689 = CARTESIAN_POINT('',(-221.,135.,6.));
#6690 = DIRECTION('',(0.,0.,1.));
#6691 = DIRECTION('',(1.,0.,0.));
#6692 = PLANE('',#6693);
#6693 = AXIS2_PLACEMENT_3D('',#6694,#6695,#6696);
#6694 = CARTESIAN_POINT('',(-231.,65.,6.));
#6695 = DIRECTION('',(0.,0.,1.));
#6696 = DIRECTION('',(1.,0.,0.));
#6697 = ADVANCED_FACE('',(#6698,#6832,#6843,#6854,#6865,#6876),#6887,.T.
  );
#6698 = FACE_BOUND('',#6699,.T.);
#6699 = EDGE_LOOP('',(#6700,#6701,#6702,#6710,#6718,#6726,#6734,#6743,
    #6752,#6760,#6768,#6776,#6784,#6792,#6800,#6808,#6817,#6826));
#6700 = ORIENTED_EDGE('',*,*,#6647,.F.);
#6701 = ORIENTED_EDGE('',*,*,#6485,.T.);
#6702 = ORIENTED_EDGE('',*,*,#6703,.T.);
#6703 = EDGE_CURVE('',#6486,#6704,#6706,.T.);
#6704 = VERTEX_POINT('',#6705);
#6705 = CARTESIAN_POINT('',(-119.,145.,136.));
#6706 = LINE('',#6707,#6708);
#6707 = CARTESIAN_POINT('',(-231.,145.,136.));
#6708 = VECTOR('',#6709,1.);
#6709 = DIRECTION('',(1.,0.,0.));
#6710 = ORIENTED_EDGE('',*,*,#6711,.F.);
#6711 = EDGE_CURVE('',#6712,#6704,#6714,.T.);
#6712 = VERTEX_POINT('',#6713);
#6713 = CARTESIAN_POINT('',(-119.,145.,6.));
#6714 = LINE('',#6715,#6716);
#6715 = CARTESIAN_POINT('',(-119.,145.,6.));
#6716 = VECTOR('',#6717,1.);
#6717 = DIRECTION('',(0.,0.,1.));
#6718 = ORIENTED_EDGE('',*,*,#6719,.F.);
#6719 = EDGE_CURVE('',#6720,#6712,#6722,.T.);
#6720 = VERTEX_POINT('',#6721);
#6721 = CARTESIAN_POINT('',(-160.9,145.,6.));
#6722 = LINE('',#6723,#6724);
#6723 = CARTESIAN_POINT('',(-231.,145.,6.));
#6724 = VECTOR('',#6725,1.);
#6725 = DIRECTION('',(1.,0.,0.));
#6726 = ORIENTED_EDGE('',*,*,#6727,.T.);
#6727 = EDGE_CURVE('',#6720,#6728,#6730,.T.);
#6728 = VERTEX_POINT('',#6729);
#6729 = CARTESIAN_POINT('',(-160.9,145.,104.67712434446));
#6730 = LINE('',#6731,#6732);
#6731 = CARTESIAN_POINT('',(-160.9,145.,-65.5));
#6732 = VECTOR('',#6733,1.);
#6733 = DIRECTION('',(0.,0.,1.));
#6734 = ORIENTED_EDGE('',*,*,#6735,.F.);
#6735 = EDGE_CURVE('',#6736,#6728,#6738,.T.);
#6736 = VERTEX_POINT('',#6737);
#6737 = CARTESIAN_POINT('',(-160.,145.,107.6));
#6738 = CIRCLE('',#6739,1.6);
#6739 = AXIS2_PLACEMENT_3D('',#6740,#6741,#6742);
#6740 = CARTESIAN_POINT('',(-160.,145.,106.));
#6741 = DIRECTION('',(0.,1.,0.));
#6742 = DIRECTION('',(0.,0.,1.));
#6743 = ORIENTED_EDGE('',*,*,#6744,.F.);
#6744 = EDGE_CURVE('',#6745,#6736,#6747,.T.);
#6745 = VERTEX_POINT('',#6746);
#6746 = CARTESIAN_POINT('',(-160.9,145.,107.32287565553));
#6747 = CIRCLE('',#6748,1.6);
#6748 = AXIS2_PLACEMENT_3D('',#6749,#6750,#6751);
#6749 = CARTESIAN_POINT('',(-160.,145.,106.));
#6750 = DIRECTION('',(0.,1.,0.));
#6751 = DIRECTION('',(0.,0.,1.));
#6752 = ORIENTED_EDGE('',*,*,#6753,.T.);
#6753 = EDGE_CURVE('',#6745,#6754,#6756,.T.);
#6754 = VERTEX_POINT('',#6755);
#6755 = CARTESIAN_POINT('',(-160.9,145.,125.));
#6756 = LINE('',#6757,#6758);
#6757 = CARTESIAN_POINT('',(-160.9,145.,-65.5));
#6758 = VECTOR('',#6759,1.);
#6759 = DIRECTION('',(0.,0.,1.));
#6760 = ORIENTED_EDGE('',*,*,#6761,.F.);
#6761 = EDGE_CURVE('',#6762,#6754,#6764,.T.);
#6762 = VERTEX_POINT('',#6763);
#6763 = CARTESIAN_POINT('',(-164.9,145.,125.));
#6764 = LINE('',#6765,#6766);
#6765 = CARTESIAN_POINT('',(-189.1,145.,125.));
#6766 = VECTOR('',#6767,1.);
#6767 = DIRECTION('',(1.,0.,0.));
#6768 = ORIENTED_EDGE('',*,*,#6769,.F.);
#6769 = EDGE_CURVE('',#6770,#6762,#6772,.T.);
#6770 = VERTEX_POINT('',#6771);
#6771 = CARTESIAN_POINT('',(-164.9,145.,87.));
#6772 = LINE('',#6773,#6774);
#6773 = CARTESIAN_POINT('',(-164.9,145.,87.));
#6774 = VECTOR('',#6775,1.);
#6775 = DIRECTION('',(0.,0.,1.));
#6776 = ORIENTED_EDGE('',*,*,#6777,.F.);
#6777 = EDGE_CURVE('',#6778,#6770,#6780,.T.);
#6778 = VERTEX_POINT('',#6779);
#6779 = CARTESIAN_POINT('',(-185.1,145.,87.));
#6780 = LINE('',#6781,#6782);
#6781 = CARTESIAN_POINT('',(-185.1,145.,87.));
#6782 = VECTOR('',#6783,1.);
#6783 = DIRECTION('',(1.,0.,0.));
#6784 = ORIENTED_EDGE('',*,*,#6785,.T.);
#6785 = EDGE_CURVE('',#6778,#6786,#6788,.T.);
#6786 = VERTEX_POINT('',#6787);
#6787 = CARTESIAN_POINT('',(-185.1,145.,125.));
#6788 = LINE('',#6789,#6790);
#6789 = CARTESIAN_POINT('',(-185.1,145.,87.));
#6790 = VECTOR('',#6791,1.);
#6791 = DIRECTION('',(0.,0.,1.));
#6792 = ORIENTED_EDGE('',*,*,#6793,.F.);
#6793 = EDGE_CURVE('',#6794,#6786,#6796,.T.);
#6794 = VERTEX_POINT('',#6795);
#6795 = CARTESIAN_POINT('',(-189.1,145.,125.));
#6796 = LINE('',#6797,#6798);
#6797 = CARTESIAN_POINT('',(-189.1,145.,125.));
#6798 = VECTOR('',#6799,1.);
#6799 = DIRECTION('',(1.,0.,0.));
#6800 = ORIENTED_EDGE('',*,*,#6801,.F.);
#6801 = EDGE_CURVE('',#6802,#6794,#6804,.T.);
#6802 = VERTEX_POINT('',#6803);
#6803 = CARTESIAN_POINT('',(-189.1,145.,107.32287565553));
#6804 = LINE('',#6805,#6806);
#6805 = CARTESIAN_POINT('',(-189.1,145.,-65.5));
#6806 = VECTOR('',#6807,1.);
#6807 = DIRECTION('',(0.,0.,1.));
#6808 = ORIENTED_EDGE('',*,*,#6809,.F.);
#6809 = EDGE_CURVE('',#6810,#6802,#6812,.T.);
#6810 = VERTEX_POINT('',#6811);
#6811 = CARTESIAN_POINT('',(-190.,145.,107.6));
#6812 = CIRCLE('',#6813,1.6);
#6813 = AXIS2_PLACEMENT_3D('',#6814,#6815,#6816);
#6814 = CARTESIAN_POINT('',(-190.,145.,106.));
#6815 = DIRECTION('',(0.,1.,0.));
#6816 = DIRECTION('',(0.,0.,1.));
#6817 = ORIENTED_EDGE('',*,*,#6818,.F.);
#6818 = EDGE_CURVE('',#6819,#6810,#6821,.T.);
#6819 = VERTEX_POINT('',#6820);
#6820 = CARTESIAN_POINT('',(-189.1,145.,104.67712434446));
#6821 = CIRCLE('',#6822,1.6);
#6822 = AXIS2_PLACEMENT_3D('',#6823,#6824,#6825);
#6823 = CARTESIAN_POINT('',(-190.,145.,106.));
#6824 = DIRECTION('',(0.,1.,0.));
#6825 = DIRECTION('',(0.,0.,1.));
#6826 = ORIENTED_EDGE('',*,*,#6827,.F.);
#6827 = EDGE_CURVE('',#6648,#6819,#6828,.T.);
#6828 = LINE('',#6829,#6830);
#6829 = CARTESIAN_POINT('',(-189.1,145.,-65.5));
#6830 = VECTOR('',#6831,1.);
#6831 = DIRECTION('',(0.,0.,1.));
#6832 = FACE_BOUND('',#6833,.T.);
#6833 = EDGE_LOOP('',(#6834));
#6834 = ORIENTED_EDGE('',*,*,#6835,.F.);
#6835 = EDGE_CURVE('',#6836,#6836,#6838,.T.);
#6836 = VERTEX_POINT('',#6837);
#6837 = CARTESIAN_POINT('',(-199.75,145.,27.1));
#6838 = CIRCLE('',#6839,2.1);
#6839 = AXIS2_PLACEMENT_3D('',#6840,#6841,#6842);
#6840 = CARTESIAN_POINT('',(-199.75,145.,25.));
#6841 = DIRECTION('',(0.,1.,0.));
#6842 = DIRECTION('',(0.,0.,1.));
#6843 = FACE_BOUND('',#6844,.T.);
#6844 = EDGE_LOOP('',(#6845));
#6845 = ORIENTED_EDGE('',*,*,#6846,.F.);
#6846 = EDGE_CURVE('',#6847,#6847,#6849,.T.);
#6847 = VERTEX_POINT('',#6848);
#6848 = CARTESIAN_POINT('',(-150.25,145.,27.1));
#6849 = CIRCLE('',#6850,2.1);
#6850 = AXIS2_PLACEMENT_3D('',#6851,#6852,#6853);
#6851 = CARTESIAN_POINT('',(-150.25,145.,25.));
#6852 = DIRECTION('',(0.,1.,0.));
#6853 = DIRECTION('',(0.,0.,1.));
#6854 = FACE_BOUND('',#6855,.T.);
#6855 = EDGE_LOOP('',(#6856));
#6856 = ORIENTED_EDGE('',*,*,#6857,.F.);
#6857 = EDGE_CURVE('',#6858,#6858,#6860,.T.);
#6858 = VERTEX_POINT('',#6859);
#6859 = CARTESIAN_POINT('',(-175.,145.,92.6));
#6860 = CIRCLE('',#6861,1.6);
#6861 = AXIS2_PLACEMENT_3D('',#6862,#6863,#6864);
#6862 = CARTESIAN_POINT('',(-175.,145.,91.));
#6863 = DIRECTION('',(0.,1.,0.));
#6864 = DIRECTION('',(0.,0.,1.));
#6865 = FACE_BOUND('',#6866,.T.);
#6866 = EDGE_LOOP('',(#6867));
#6867 = ORIENTED_EDGE('',*,*,#6868,.F.);
#6868 = EDGE_CURVE('',#6869,#6869,#6871,.T.);
#6869 = VERTEX_POINT('',#6870);
#6870 = CARTESIAN_POINT('',(-175.,145.,109.));
#6871 = CIRCLE('',#6872,3.);
#6872 = AXIS2_PLACEMENT_3D('',#6873,#6874,#6875);
#6873 = CARTESIAN_POINT('',(-175.,145.,106.));
#6874 = DIRECTION('',(0.,1.,0.));
#6875 = DIRECTION('',(0.,0.,1.));
#6876 = FACE_BOUND('',#6877,.T.);
#6877 = EDGE_LOOP('',(#6878));
#6878 = ORIENTED_EDGE('',*,*,#6879,.F.);
#6879 = EDGE_CURVE('',#6880,#6880,#6882,.T.);
#6880 = VERTEX_POINT('',#6881);
#6881 = CARTESIAN_POINT('',(-175.,145.,122.6));
#6882 = CIRCLE('',#6883,1.6);
#6883 = AXIS2_PLACEMENT_3D('',#6884,#6885,#6886);
#6884 = CARTESIAN_POINT('',(-175.,145.,121.));
#6885 = DIRECTION('',(0.,1.,0.));
#6886 = DIRECTION('',(0.,0.,1.));
#6887 = PLANE('',#6888);
#6888 = AXIS2_PLACEMENT_3D('',#6889,#6890,#6891);
#6889 = CARTESIAN_POINT('',(-231.,145.,6.));
#6890 = DIRECTION('',(0.,1.,0.));
#6891 = DIRECTION('',(0.,0.,1.));
#6892 = ADVANCED_FACE('',(#6893,#6904,#6915,#6926,#6937),#6948,.T.);
#6893 = FACE_BOUND('',#6894,.T.);
#6894 = EDGE_LOOP('',(#6895,#6896,#6897,#6903));
#6895 = ORIENTED_EDGE('',*,*,#6493,.F.);
#6896 = ORIENTED_EDGE('',*,*,#6516,.T.);
#6897 = ORIENTED_EDGE('',*,*,#6898,.T.);
#6898 = EDGE_CURVE('',#6517,#6704,#6899,.T.);
#6899 = LINE('',#6900,#6901);
#6900 = CARTESIAN_POINT('',(-119.,65.,136.));
#6901 = VECTOR('',#6902,1.);
#6902 = DIRECTION('',(0.,1.,0.));
#6903 = ORIENTED_EDGE('',*,*,#6703,.F.);
#6904 = FACE_BOUND('',#6905,.T.);
#6905 = EDGE_LOOP('',(#6906));
#6906 = ORIENTED_EDGE('',*,*,#6907,.F.);
#6907 = EDGE_CURVE('',#6908,#6908,#6910,.T.);
#6908 = VERTEX_POINT('',#6909);
#6909 = CARTESIAN_POINT('',(-218.9,75.,136.));
#6910 = CIRCLE('',#6911,2.1);
#6911 = AXIS2_PLACEMENT_3D('',#6912,#6913,#6914);
#6912 = CARTESIAN_POINT('',(-221.,75.,136.));
#6913 = DIRECTION('',(0.,0.,1.));
#6914 = DIRECTION('',(1.,0.,0.));
#6915 = FACE_BOUND('',#6916,.T.);
#6916 = EDGE_LOOP('',(#6917));
#6917 = ORIENTED_EDGE('',*,*,#6918,.F.);
#6918 = EDGE_CURVE('',#6919,#6919,#6921,.T.);
#6919 = VERTEX_POINT('',#6920);
#6920 = CARTESIAN_POINT('',(-126.9,75.,136.));
#6921 = CIRCLE('',#6922,2.1);
#6922 = AXIS2_PLACEMENT_3D('',#6923,#6924,#6925);
#6923 = CARTESIAN_POINT('',(-129.,75.,136.));
#6924 = DIRECTION('',(0.,0.,1.));
#6925 = DIRECTION('',(1.,0.,0.));
#6926 = FACE_BOUND('',#6927,.T.);
#6927 = EDGE_LOOP('',(#6928));
#6928 = ORIENTED_EDGE('',*,*,#6929,.F.);
#6929 = EDGE_CURVE('',#6930,#6930,#6932,.T.);
#6930 = VERTEX_POINT('',#6931);
#6931 = CARTESIAN_POINT('',(-218.9,135.,136.));
#6932 = CIRCLE('',#6933,2.1);
#6933 = AXIS2_PLACEMENT_3D('',#6934,#6935,#6936);
#6934 = CARTESIAN_POINT('',(-221.,135.,136.));
#6935 = DIRECTION('',(0.,0.,1.));
#6936 = DIRECTION('',(1.,0.,0.));
#6937 = FACE_BOUND('',#6938,.T.);
#6938 = EDGE_LOOP('',(#6939));
#6939 = ORIENTED_EDGE('',*,*,#6940,.F.);
#6940 = EDGE_CURVE('',#6941,#6941,#6943,.T.);
#6941 = VERTEX_POINT('',#6942);
#6942 = CARTESIAN_POINT('',(-126.9,135.,136.));
#6943 = CIRCLE('',#6944,2.1);
#6944 = AXIS2_PLACEMENT_3D('',#6945,#6946,#6947);
#6945 = CARTESIAN_POINT('',(-129.,135.,136.));
#6946 = DIRECTION('',(0.,0.,1.));
#6947 = DIRECTION('',(1.,0.,0.));
#6948 = PLANE('',#6949);
#6949 = AXIS2_PLACEMENT_3D('',#6950,#6951,#6952);
#6950 = CARTESIAN_POINT('',(-231.,65.,136.));
#6951 = DIRECTION('',(0.,0.,1.));
#6952 = DIRECTION('',(1.,0.,0.));
#6953 = ADVANCED_FACE('',(#6954),#6965,.T.);
#6954 = FACE_BOUND('',#6955,.T.);
#6955 = EDGE_LOOP('',(#6956,#6957,#6963,#6964));
#6956 = ORIENTED_EDGE('',*,*,#6524,.F.);
#6957 = ORIENTED_EDGE('',*,*,#6958,.T.);
#6958 = EDGE_CURVE('',#6525,#6712,#6959,.T.);
#6959 = LINE('',#6960,#6961);
#6960 = CARTESIAN_POINT('',(-119.,65.,6.));
#6961 = VECTOR('',#6962,1.);
#6962 = DIRECTION('',(0.,1.,0.));
#6963 = ORIENTED_EDGE('',*,*,#6711,.T.);
#6964 = ORIENTED_EDGE('',*,*,#6898,.F.);
#6965 = PLANE('',#6966);
#6966 = AXIS2_PLACEMENT_3D('',#6967,#6968,#6969);
#6967 = CARTESIAN_POINT('',(-119.,65.,6.));
#6968 = DIRECTION('',(1.,0.,0.));
#6969 = DIRECTION('',(0.,0.,1.));
#6970 = ADVANCED_FACE('',(#6971,#6990,#7001),#7012,.F.);
#6971 = FACE_BOUND('',#6972,.F.);
#6972 = EDGE_LOOP('',(#6973,#6981,#6987,#6988,#6989));
#6973 = ORIENTED_EDGE('',*,*,#6974,.F.);
#6974 = EDGE_CURVE('',#6975,#6720,#6977,.T.);
#6975 = VERTEX_POINT('',#6976);
#6976 = CARTESIAN_POINT('',(-164.9,145.,6.));
#6977 = LINE('',#6978,#6979);
#6978 = CARTESIAN_POINT('',(-231.,145.,6.));
#6979 = VECTOR('',#6980,1.);
#6980 = DIRECTION('',(1.,0.,0.));
#6981 = ORIENTED_EDGE('',*,*,#6982,.F.);
#6982 = EDGE_CURVE('',#6533,#6975,#6983,.T.);
#6983 = LINE('',#6984,#6985);
#6984 = CARTESIAN_POINT('',(-164.9,65.,6.));
#6985 = VECTOR('',#6986,1.);
#6986 = DIRECTION('',(0.,1.,0.));
#6987 = ORIENTED_EDGE('',*,*,#6532,.T.);
#6988 = ORIENTED_EDGE('',*,*,#6958,.T.);
#6989 = ORIENTED_EDGE('',*,*,#6719,.F.);
#6990 = FACE_BOUND('',#6991,.F.);
#6991 = EDGE_LOOP('',(#6992));
#6992 = ORIENTED_EDGE('',*,*,#6993,.F.);
#6993 = EDGE_CURVE('',#6994,#6994,#6996,.T.);
#6994 = VERTEX_POINT('',#6995);
#6995 = CARTESIAN_POINT('',(-126.9,75.,6.));
#6996 = CIRCLE('',#6997,2.1);
#6997 = AXIS2_PLACEMENT_3D('',#6998,#6999,#7000);
#6998 = CARTESIAN_POINT('',(-129.,75.,6.));
#6999 = DIRECTION('',(0.,0.,1.));
#7000 = DIRECTION('',(1.,0.,0.));
#7001 = FACE_BOUND('',#7002,.F.);
#7002 = EDGE_LOOP('',(#7003));
#7003 = ORIENTED_EDGE('',*,*,#7004,.F.);
#7004 = EDGE_CURVE('',#7005,#7005,#7007,.T.);
#7005 = VERTEX_POINT('',#7006);
#7006 = CARTESIAN_POINT('',(-126.9,135.,6.));
#7007 = CIRCLE('',#7008,2.1);
#7008 = AXIS2_PLACEMENT_3D('',#7009,#7010,#7011);
#7009 = CARTESIAN_POINT('',(-129.,135.,6.));
#7010 = DIRECTION('',(0.,0.,1.));
#7011 = DIRECTION('',(1.,0.,0.));
#7012 = PLANE('',#7013);
#7013 = AXIS2_PLACEMENT_3D('',#7014,#7015,#7016);
#7014 = CARTESIAN_POINT('',(-231.,65.,6.));
#7015 = DIRECTION('',(0.,0.,1.));
#7016 = DIRECTION('',(1.,0.,0.));
#7017 = ADVANCED_FACE('',(#7018),#7036,.F.);
#7018 = FACE_BOUND('',#7019,.F.);
#7019 = EDGE_LOOP('',(#7020,#7021,#7022,#7030));
#7020 = ORIENTED_EDGE('',*,*,#6540,.F.);
#7021 = ORIENTED_EDGE('',*,*,#6982,.T.);
#7022 = ORIENTED_EDGE('',*,*,#7023,.T.);
#7023 = EDGE_CURVE('',#6975,#7024,#7026,.T.);
#7024 = VERTEX_POINT('',#7025);
#7025 = CARTESIAN_POINT('',(-164.9,145.,44.));
#7026 = LINE('',#7027,#7028);
#7027 = CARTESIAN_POINT('',(-164.9,145.,6.));
#7028 = VECTOR('',#7029,1.);
#7029 = DIRECTION('',(0.,0.,1.));
#7030 = ORIENTED_EDGE('',*,*,#7031,.F.);
#7031 = EDGE_CURVE('',#6541,#7024,#7032,.T.);
#7032 = LINE('',#7033,#7034);
#7033 = CARTESIAN_POINT('',(-164.9,65.,44.));
#7034 = VECTOR('',#7035,1.);
#7035 = DIRECTION('',(0.,1.,0.));
#7036 = PLANE('',#7037);
#7037 = AXIS2_PLACEMENT_3D('',#7038,#7039,#7040);
#7038 = CARTESIAN_POINT('',(-164.9,65.,6.));
#7039 = DIRECTION('',(1.,0.,0.));
#7040 = DIRECTION('',(0.,0.,1.));
#7041 = ADVANCED_FACE('',(#7042),#7060,.F.);
#7042 = FACE_BOUND('',#7043,.F.);
#7043 = EDGE_LOOP('',(#7044,#7052,#7053,#7054));
#7044 = ORIENTED_EDGE('',*,*,#7045,.F.);
#7045 = EDGE_CURVE('',#6549,#7046,#7048,.T.);
#7046 = VERTEX_POINT('',#7047);
#7047 = CARTESIAN_POINT('',(-185.1,145.,44.));
#7048 = LINE('',#7049,#7050);
#7049 = CARTESIAN_POINT('',(-185.1,65.,44.));
#7050 = VECTOR('',#7051,1.);
#7051 = DIRECTION('',(0.,1.,0.));
#7052 = ORIENTED_EDGE('',*,*,#6548,.T.);
#7053 = ORIENTED_EDGE('',*,*,#7031,.T.);
#7054 = ORIENTED_EDGE('',*,*,#7055,.F.);
#7055 = EDGE_CURVE('',#7046,#7024,#7056,.T.);
#7056 = LINE('',#7057,#7058);
#7057 = CARTESIAN_POINT('',(-185.1,145.,44.));
#7058 = VECTOR('',#7059,1.);
#7059 = DIRECTION('',(1.,0.,0.));
#7060 = PLANE('',#7061);
#7061 = AXIS2_PLACEMENT_3D('',#7062,#7063,#7064);
#7062 = CARTESIAN_POINT('',(-185.1,65.,44.));
#7063 = DIRECTION('',(0.,0.,1.));
#7064 = DIRECTION('',(1.,0.,0.));
#7065 = ADVANCED_FACE('',(#7066),#7077,.T.);
#7066 = FACE_BOUND('',#7067,.T.);
#7067 = EDGE_LOOP('',(#7068,#7069,#7070,#7076));
#7068 = ORIENTED_EDGE('',*,*,#6556,.F.);
#7069 = ORIENTED_EDGE('',*,*,#6657,.T.);
#7070 = ORIENTED_EDGE('',*,*,#7071,.T.);
#7071 = EDGE_CURVE('',#6658,#7046,#7072,.T.);
#7072 = LINE('',#7073,#7074);
#7073 = CARTESIAN_POINT('',(-185.1,145.,6.));
#7074 = VECTOR('',#7075,1.);
#7075 = DIRECTION('',(0.,0.,1.));
#7076 = ORIENTED_EDGE('',*,*,#7045,.F.);
#7077 = PLANE('',#7078);
#7078 = AXIS2_PLACEMENT_3D('',#7079,#7080,#7081);
#7079 = CARTESIAN_POINT('',(-185.1,65.,6.));
#7080 = DIRECTION('',(1.,0.,0.));
#7081 = DIRECTION('',(0.,0.,1.));
#7082 = ADVANCED_FACE('',(#7083),#7094,.F.);
#7083 = FACE_BOUND('',#7084,.F.);
#7084 = EDGE_LOOP('',(#7085,#7086,#7092,#7093));
#7085 = ORIENTED_EDGE('',*,*,#6835,.F.);
#7086 = ORIENTED_EDGE('',*,*,#7087,.F.);
#7087 = EDGE_CURVE('',#6565,#6836,#7088,.T.);
#7088 = LINE('',#7089,#7090);
#7089 = CARTESIAN_POINT('',(-199.75,65.,27.1));
#7090 = VECTOR('',#7091,1.);
#7091 = DIRECTION('',(0.,1.,0.));
#7092 = ORIENTED_EDGE('',*,*,#6564,.T.);
#7093 = ORIENTED_EDGE('',*,*,#7087,.T.);
#7094 = CYLINDRICAL_SURFACE('',#7095,2.1);
#7095 = AXIS2_PLACEMENT_3D('',#7096,#7097,#7098);
#7096 = CARTESIAN_POINT('',(-199.75,65.,25.));
#7097 = DIRECTION('',(0.,1.,0.));
#7098 = DIRECTION('',(0.,0.,1.));
#7099 = ADVANCED_FACE('',(#7100),#7119,.F.);
#7100 = FACE_BOUND('',#7101,.F.);
#7101 = EDGE_LOOP('',(#7102,#7108,#7109,#7116,#7117,#7118));
#7102 = ORIENTED_EDGE('',*,*,#7103,.T.);
#7103 = EDGE_CURVE('',#6576,#6810,#7104,.T.);
#7104 = LINE('',#7105,#7106);
#7105 = CARTESIAN_POINT('',(-190.,65.,107.6));
#7106 = VECTOR('',#7107,1.);
#7107 = DIRECTION('',(0.,1.,0.));
#7108 = ORIENTED_EDGE('',*,*,#6818,.F.);
#7109 = ORIENTED_EDGE('',*,*,#7110,.F.);
#7110 = EDGE_CURVE('',#6802,#6819,#7111,.T.);
#7111 = CIRCLE('',#7112,1.6);
#7112 = AXIS2_PLACEMENT_3D('',#7113,#7114,#7115);
#7113 = CARTESIAN_POINT('',(-190.,145.,106.));
#7114 = DIRECTION('',(0.,1.,0.));
#7115 = DIRECTION('',(0.,0.,1.));
#7116 = ORIENTED_EDGE('',*,*,#6809,.F.);
#7117 = ORIENTED_EDGE('',*,*,#7103,.F.);
#7118 = ORIENTED_EDGE('',*,*,#6575,.T.);
#7119 = CYLINDRICAL_SURFACE('',#7120,1.6);
#7120 = AXIS2_PLACEMENT_3D('',#7121,#7122,#7123);
#7121 = CARTESIAN_POINT('',(-190.,65.,106.));
#7122 = DIRECTION('',(0.,1.,0.));
#7123 = DIRECTION('',(0.,0.,1.));
#7124 = ADVANCED_FACE('',(#7125),#7136,.F.);
#7125 = FACE_BOUND('',#7126,.F.);
#7126 = EDGE_LOOP('',(#7127,#7128,#7134,#7135));
#7127 = ORIENTED_EDGE('',*,*,#6846,.F.);
#7128 = ORIENTED_EDGE('',*,*,#7129,.F.);
#7129 = EDGE_CURVE('',#6587,#6847,#7130,.T.);
#7130 = LINE('',#7131,#7132);
#7131 = CARTESIAN_POINT('',(-150.25,65.,27.1));
#7132 = VECTOR('',#7133,1.);
#7133 = DIRECTION('',(0.,1.,0.));
#7134 = ORIENTED_EDGE('',*,*,#6586,.T.);
#7135 = ORIENTED_EDGE('',*,*,#7129,.T.);
#7136 = CYLINDRICAL_SURFACE('',#7137,2.1);
#7137 = AXIS2_PLACEMENT_3D('',#7138,#7139,#7140);
#7138 = CARTESIAN_POINT('',(-150.25,65.,25.));
#7139 = DIRECTION('',(0.,1.,0.));
#7140 = DIRECTION('',(0.,0.,1.));
#7141 = ADVANCED_FACE('',(#7142),#7153,.F.);
#7142 = FACE_BOUND('',#7143,.F.);
#7143 = EDGE_LOOP('',(#7144,#7145,#7151,#7152));
#7144 = ORIENTED_EDGE('',*,*,#6857,.F.);
#7145 = ORIENTED_EDGE('',*,*,#7146,.F.);
#7146 = EDGE_CURVE('',#6598,#6858,#7147,.T.);
#7147 = LINE('',#7148,#7149);
#7148 = CARTESIAN_POINT('',(-175.,65.,92.6));
#7149 = VECTOR('',#7150,1.);
#7150 = DIRECTION('',(0.,1.,0.));
#7151 = ORIENTED_EDGE('',*,*,#6597,.T.);
#7152 = ORIENTED_EDGE('',*,*,#7146,.T.);
#7153 = CYLINDRICAL_SURFACE('',#7154,1.6);
#7154 = AXIS2_PLACEMENT_3D('',#7155,#7156,#7157);
#7155 = CARTESIAN_POINT('',(-175.,65.,91.));
#7156 = DIRECTION('',(0.,1.,0.));
#7157 = DIRECTION('',(0.,0.,1.));
#7158 = ADVANCED_FACE('',(#7159),#7170,.F.);
#7159 = FACE_BOUND('',#7160,.F.);
#7160 = EDGE_LOOP('',(#7161,#7162,#7168,#7169));
#7161 = ORIENTED_EDGE('',*,*,#6868,.F.);
#7162 = ORIENTED_EDGE('',*,*,#7163,.F.);
#7163 = EDGE_CURVE('',#6609,#6869,#7164,.T.);
#7164 = LINE('',#7165,#7166);
#7165 = CARTESIAN_POINT('',(-175.,65.,109.));
#7166 = VECTOR('',#7167,1.);
#7167 = DIRECTION('',(0.,1.,0.));
#7168 = ORIENTED_EDGE('',*,*,#6608,.T.);
#7169 = ORIENTED_EDGE('',*,*,#7163,.T.);
#7170 = CYLINDRICAL_SURFACE('',#7171,3.);
#7171 = AXIS2_PLACEMENT_3D('',#7172,#7173,#7174);
#7172 = CARTESIAN_POINT('',(-175.,65.,106.));
#7173 = DIRECTION('',(0.,1.,0.));
#7174 = DIRECTION('',(0.,0.,1.));
#7175 = ADVANCED_FACE('',(#7176),#7187,.F.);
#7176 = FACE_BOUND('',#7177,.F.);
#7177 = EDGE_LOOP('',(#7178,#7179,#7185,#7186));
#7178 = ORIENTED_EDGE('',*,*,#6879,.F.);
#7179 = ORIENTED_EDGE('',*,*,#7180,.F.);
#7180 = EDGE_CURVE('',#6620,#6880,#7181,.T.);
#7181 = LINE('',#7182,#7183);
#7182 = CARTESIAN_POINT('',(-175.,65.,122.6));
#7183 = VECTOR('',#7184,1.);
#7184 = DIRECTION('',(0.,1.,0.));
#7185 = ORIENTED_EDGE('',*,*,#6619,.T.);
#7186 = ORIENTED_EDGE('',*,*,#7180,.T.);
#7187 = CYLINDRICAL_SURFACE('',#7188,1.6);
#7188 = AXIS2_PLACEMENT_3D('',#7189,#7190,#7191);
#7189 = CARTESIAN_POINT('',(-175.,65.,121.));
#7190 = DIRECTION('',(0.,1.,0.));
#7191 = DIRECTION('',(0.,0.,1.));
#7192 = ADVANCED_FACE('',(#7193),#7212,.F.);
#7193 = FACE_BOUND('',#7194,.F.);
#7194 = EDGE_LOOP('',(#7195,#7201,#7202,#7209,#7210,#7211));
#7195 = ORIENTED_EDGE('',*,*,#7196,.T.);
#7196 = EDGE_CURVE('',#6631,#6736,#7197,.T.);
#7197 = LINE('',#7198,#7199);
#7198 = CARTESIAN_POINT('',(-160.,65.,107.6));
#7199 = VECTOR('',#7200,1.);
#7200 = DIRECTION('',(0.,1.,0.));
#7201 = ORIENTED_EDGE('',*,*,#6744,.F.);
#7202 = ORIENTED_EDGE('',*,*,#7203,.F.);
#7203 = EDGE_CURVE('',#6728,#6745,#7204,.T.);
#7204 = CIRCLE('',#7205,1.6);
#7205 = AXIS2_PLACEMENT_3D('',#7206,#7207,#7208);
#7206 = CARTESIAN_POINT('',(-160.,145.,106.));
#7207 = DIRECTION('',(0.,1.,0.));
#7208 = DIRECTION('',(0.,0.,1.));
#7209 = ORIENTED_EDGE('',*,*,#6735,.F.);
#7210 = ORIENTED_EDGE('',*,*,#7196,.F.);
#7211 = ORIENTED_EDGE('',*,*,#6630,.T.);
#7212 = CYLINDRICAL_SURFACE('',#7213,1.6);
#7213 = AXIS2_PLACEMENT_3D('',#7214,#7215,#7216);
#7214 = CARTESIAN_POINT('',(-160.,65.,106.));
#7215 = DIRECTION('',(0.,1.,0.));
#7216 = DIRECTION('',(0.,0.,1.));
#7217 = ADVANCED_FACE('',(#7218,#7247,#7258,#7269),#7280,.F.);
#7218 = FACE_BOUND('',#7219,.F.);
#7219 = EDGE_LOOP('',(#7220,#7228,#7236,#7242,#7243,#7244,#7245,#7246));
#7220 = ORIENTED_EDGE('',*,*,#7221,.F.);
#7221 = EDGE_CURVE('',#7222,#6720,#7224,.T.);
#7222 = VERTEX_POINT('',#7223);
#7223 = CARTESIAN_POINT('',(-160.9,145.,-65.5));
#7224 = LINE('',#7225,#7226);
#7225 = CARTESIAN_POINT('',(-160.9,145.,-65.5));
#7226 = VECTOR('',#7227,1.);
#7227 = DIRECTION('',(0.,0.,1.));
#7228 = ORIENTED_EDGE('',*,*,#7229,.F.);
#7229 = EDGE_CURVE('',#7230,#7222,#7232,.T.);
#7230 = VERTEX_POINT('',#7231);
#7231 = CARTESIAN_POINT('',(-189.1,145.,-65.5));
#7232 = LINE('',#7233,#7234);
#7233 = CARTESIAN_POINT('',(-189.1,145.,-65.5));
#7234 = VECTOR('',#7235,1.);
#7235 = DIRECTION('',(1.,0.,0.));
#7236 = ORIENTED_EDGE('',*,*,#7237,.T.);
#7237 = EDGE_CURVE('',#7230,#6648,#7238,.T.);
#7238 = LINE('',#7239,#7240);
#7239 = CARTESIAN_POINT('',(-189.1,145.,-65.5));
#7240 = VECTOR('',#7241,1.);
#7241 = DIRECTION('',(0.,0.,1.));
#7242 = ORIENTED_EDGE('',*,*,#6665,.T.);
#7243 = ORIENTED_EDGE('',*,*,#7071,.T.);
#7244 = ORIENTED_EDGE('',*,*,#7055,.T.);
#7245 = ORIENTED_EDGE('',*,*,#7023,.F.);
#7246 = ORIENTED_EDGE('',*,*,#6974,.T.);
#7247 = FACE_BOUND('',#7248,.F.);
#7248 = EDGE_LOOP('',(#7249));
#7249 = ORIENTED_EDGE('',*,*,#7250,.F.);
#7250 = EDGE_CURVE('',#7251,#7251,#7253,.T.);
#7251 = VERTEX_POINT('',#7252);
#7252 = CARTESIAN_POINT('',(-175.,145.,-58.9));
#7253 = CIRCLE('',#7254,1.6);
#7254 = AXIS2_PLACEMENT_3D('',#7255,#7256,#7257);
#7255 = CARTESIAN_POINT('',(-175.,145.,-60.5));
#7256 = DIRECTION('',(0.,1.,0.));
#7257 = DIRECTION('',(0.,0.,1.));
#7258 = FACE_BOUND('',#7259,.F.);
#7259 = EDGE_LOOP('',(#7260));
#7260 = ORIENTED_EDGE('',*,*,#7261,.F.);
#7261 = EDGE_CURVE('',#7262,#7262,#7264,.T.);
#7262 = VERTEX_POINT('',#7263);
#7263 = CARTESIAN_POINT('',(-175.,145.,-28.9));
#7264 = CIRCLE('',#7265,1.6);
#7265 = AXIS2_PLACEMENT_3D('',#7266,#7267,#7268);
#7266 = CARTESIAN_POINT('',(-175.,145.,-30.5));
#7267 = DIRECTION('',(0.,1.,0.));
#7268 = DIRECTION('',(0.,0.,1.));
#7269 = FACE_BOUND('',#7270,.F.);
#7270 = EDGE_LOOP('',(#7271));
#7271 = ORIENTED_EDGE('',*,*,#7272,.F.);
#7272 = EDGE_CURVE('',#7273,#7273,#7275,.T.);
#7273 = VERTEX_POINT('',#7274);
#7274 = CARTESIAN_POINT('',(-175.,145.,-42.5));
#7275 = CIRCLE('',#7276,3.);
#7276 = AXIS2_PLACEMENT_3D('',#7277,#7278,#7279);
#7277 = CARTESIAN_POINT('',(-175.,145.,-45.5));
#7278 = DIRECTION('',(0.,1.,0.));
#7279 = DIRECTION('',(0.,0.,1.));
#7280 = PLANE('',#7281);
#7281 = AXIS2_PLACEMENT_3D('',#7282,#7283,#7284);
#7282 = CARTESIAN_POINT('',(-189.1,145.,-65.5));
#7283 = DIRECTION('',(0.,1.,0.));
#7284 = DIRECTION('',(0.,0.,1.));
#7285 = ADVANCED_FACE('',(#7286),#7297,.F.);
#7286 = FACE_BOUND('',#7287,.F.);
#7287 = EDGE_LOOP('',(#7288,#7289,#7295,#7296));
#7288 = ORIENTED_EDGE('',*,*,#6907,.F.);
#7289 = ORIENTED_EDGE('',*,*,#7290,.F.);
#7290 = EDGE_CURVE('',#6674,#6908,#7291,.T.);
#7291 = LINE('',#7292,#7293);
#7292 = CARTESIAN_POINT('',(-218.9,75.,6.));
#7293 = VECTOR('',#7294,1.);
#7294 = DIRECTION('',(0.,0.,1.));
#7295 = ORIENTED_EDGE('',*,*,#6673,.T.);
#7296 = ORIENTED_EDGE('',*,*,#7290,.T.);
#7297 = CYLINDRICAL_SURFACE('',#7298,2.1);
#7298 = AXIS2_PLACEMENT_3D('',#7299,#7300,#7301);
#7299 = CARTESIAN_POINT('',(-221.,75.,6.));
#7300 = DIRECTION('',(0.,0.,1.));
#7301 = DIRECTION('',(1.,0.,0.));
#7302 = ADVANCED_FACE('',(#7303),#7314,.F.);
#7303 = FACE_BOUND('',#7304,.F.);
#7304 = EDGE_LOOP('',(#7305,#7306,#7312,#7313));
#7305 = ORIENTED_EDGE('',*,*,#6929,.F.);
#7306 = ORIENTED_EDGE('',*,*,#7307,.F.);
#7307 = EDGE_CURVE('',#6685,#6930,#7308,.T.);
#7308 = LINE('',#7309,#7310);
#7309 = CARTESIAN_POINT('',(-218.9,135.,6.));
#7310 = VECTOR('',#7311,1.);
#7311 = DIRECTION('',(0.,0.,1.));
#7312 = ORIENTED_EDGE('',*,*,#6684,.T.);
#7313 = ORIENTED_EDGE('',*,*,#7307,.T.);
#7314 = CYLINDRICAL_SURFACE('',#7315,2.1);
#7315 = AXIS2_PLACEMENT_3D('',#7316,#7317,#7318);
#7316 = CARTESIAN_POINT('',(-221.,135.,6.));
#7317 = DIRECTION('',(0.,0.,1.));
#7318 = DIRECTION('',(1.,0.,0.));
#7319 = ADVANCED_FACE('',(#7320),#7353,.F.);
#7320 = FACE_BOUND('',#7321,.F.);
#7321 = EDGE_LOOP('',(#7322,#7323,#7331,#7339,#7345,#7346,#7352));
#7322 = ORIENTED_EDGE('',*,*,#7237,.F.);
#7323 = ORIENTED_EDGE('',*,*,#7324,.T.);
#7324 = EDGE_CURVE('',#7230,#7325,#7327,.T.);
#7325 = VERTEX_POINT('',#7326);
#7326 = CARTESIAN_POINT('',(-189.1,153.,-65.5));
#7327 = LINE('',#7328,#7329);
#7328 = CARTESIAN_POINT('',(-189.1,145.,-65.5));
#7329 = VECTOR('',#7330,1.);
#7330 = DIRECTION('',(0.,1.,0.));
#7331 = ORIENTED_EDGE('',*,*,#7332,.T.);
#7332 = EDGE_CURVE('',#7325,#7333,#7335,.T.);
#7333 = VERTEX_POINT('',#7334);
#7334 = CARTESIAN_POINT('',(-189.1,153.,125.));
#7335 = LINE('',#7336,#7337);
#7336 = CARTESIAN_POINT('',(-189.1,153.,-65.5));
#7337 = VECTOR('',#7338,1.);
#7338 = DIRECTION('',(0.,0.,1.));
#7339 = ORIENTED_EDGE('',*,*,#7340,.F.);
#7340 = EDGE_CURVE('',#6794,#7333,#7341,.T.);
#7341 = LINE('',#7342,#7343);
#7342 = CARTESIAN_POINT('',(-189.1,145.,125.));
#7343 = VECTOR('',#7344,1.);
#7344 = DIRECTION('',(0.,1.,0.));
#7345 = ORIENTED_EDGE('',*,*,#6801,.F.);
#7346 = ORIENTED_EDGE('',*,*,#7347,.F.);
#7347 = EDGE_CURVE('',#6819,#6802,#7348,.T.);
#7348 = LINE('',#7349,#7350);
#7349 = CARTESIAN_POINT('',(-189.1,145.,-65.5));
#7350 = VECTOR('',#7351,1.);
#7351 = DIRECTION('',(0.,0.,1.));
#7352 = ORIENTED_EDGE('',*,*,#6827,.F.);
#7353 = PLANE('',#7354);
#7354 = AXIS2_PLACEMENT_3D('',#7355,#7356,#7357);
#7355 = CARTESIAN_POINT('',(-189.1,145.,-65.5));
#7356 = DIRECTION('',(1.,0.,0.));
#7357 = DIRECTION('',(0.,0.,1.));
#7358 = ADVANCED_FACE('',(#7359),#7377,.T.);
#7359 = FACE_BOUND('',#7360,.T.);
#7360 = EDGE_LOOP('',(#7361,#7369,#7370,#7371));
#7361 = ORIENTED_EDGE('',*,*,#7362,.F.);
#7362 = EDGE_CURVE('',#7333,#7363,#7365,.T.);
#7363 = VERTEX_POINT('',#7364);
#7364 = CARTESIAN_POINT('',(-185.1,153.,125.));
#7365 = LINE('',#7366,#7367);
#7366 = CARTESIAN_POINT('',(-189.1,153.,125.));
#7367 = VECTOR('',#7368,1.);
#7368 = DIRECTION('',(1.,0.,0.));
#7369 = ORIENTED_EDGE('',*,*,#7340,.F.);
#7370 = ORIENTED_EDGE('',*,*,#6793,.T.);
#7371 = ORIENTED_EDGE('',*,*,#7372,.T.);
#7372 = EDGE_CURVE('',#6786,#7363,#7373,.T.);
#7373 = LINE('',#7374,#7375);
#7374 = CARTESIAN_POINT('',(-185.1,145.,125.));
#7375 = VECTOR('',#7376,1.);
#7376 = DIRECTION('',(0.,1.,0.));
#7377 = PLANE('',#7378);
#7378 = AXIS2_PLACEMENT_3D('',#7379,#7380,#7381);
#7379 = CARTESIAN_POINT('',(-189.1,145.,125.));
#7380 = DIRECTION('',(0.,0.,1.));
#7381 = DIRECTION('',(1.,0.,0.));
#7382 = ADVANCED_FACE('',(#7383),#7401,.T.);
#7383 = FACE_BOUND('',#7384,.T.);
#7384 = EDGE_LOOP('',(#7385,#7386,#7394,#7400));
#7385 = ORIENTED_EDGE('',*,*,#6785,.F.);
#7386 = ORIENTED_EDGE('',*,*,#7387,.T.);
#7387 = EDGE_CURVE('',#6778,#7388,#7390,.T.);
#7388 = VERTEX_POINT('',#7389);
#7389 = CARTESIAN_POINT('',(-185.1,153.,87.));
#7390 = LINE('',#7391,#7392);
#7391 = CARTESIAN_POINT('',(-185.1,145.,87.));
#7392 = VECTOR('',#7393,1.);
#7393 = DIRECTION('',(0.,1.,0.));
#7394 = ORIENTED_EDGE('',*,*,#7395,.T.);
#7395 = EDGE_CURVE('',#7388,#7363,#7396,.T.);
#7396 = LINE('',#7397,#7398);
#7397 = CARTESIAN_POINT('',(-185.1,153.,87.));
#7398 = VECTOR('',#7399,1.);
#7399 = DIRECTION('',(0.,0.,1.));
#7400 = ORIENTED_EDGE('',*,*,#7372,.F.);
#7401 = PLANE('',#7402);
#7402 = AXIS2_PLACEMENT_3D('',#7403,#7404,#7405);
#7403 = CARTESIAN_POINT('',(-185.1,145.,87.));
#7404 = DIRECTION('',(1.,0.,0.));
#7405 = DIRECTION('',(0.,0.,1.));
#7406 = ADVANCED_FACE('',(#7407),#7425,.T.);
#7407 = FACE_BOUND('',#7408,.T.);
#7408 = EDGE_LOOP('',(#7409,#7410,#7411,#7419));
#7409 = ORIENTED_EDGE('',*,*,#7387,.F.);
#7410 = ORIENTED_EDGE('',*,*,#6777,.T.);
#7411 = ORIENTED_EDGE('',*,*,#7412,.T.);
#7412 = EDGE_CURVE('',#6770,#7413,#7415,.T.);
#7413 = VERTEX_POINT('',#7414);
#7414 = CARTESIAN_POINT('',(-164.9,153.,87.));
#7415 = LINE('',#7416,#7417);
#7416 = CARTESIAN_POINT('',(-164.9,145.,87.));
#7417 = VECTOR('',#7418,1.);
#7418 = DIRECTION('',(0.,1.,0.));
#7419 = ORIENTED_EDGE('',*,*,#7420,.F.);
#7420 = EDGE_CURVE('',#7388,#7413,#7421,.T.);
#7421 = LINE('',#7422,#7423);
#7422 = CARTESIAN_POINT('',(-185.1,153.,87.));
#7423 = VECTOR('',#7424,1.);
#7424 = DIRECTION('',(1.,0.,0.));
#7425 = PLANE('',#7426);
#7426 = AXIS2_PLACEMENT_3D('',#7427,#7428,#7429);
#7427 = CARTESIAN_POINT('',(-185.1,145.,87.));
#7428 = DIRECTION('',(0.,0.,1.));
#7429 = DIRECTION('',(1.,0.,0.));
#7430 = ADVANCED_FACE('',(#7431),#7449,.F.);
#7431 = FACE_BOUND('',#7432,.F.);
#7432 = EDGE_LOOP('',(#7433,#7434,#7435,#7443));
#7433 = ORIENTED_EDGE('',*,*,#6769,.F.);
#7434 = ORIENTED_EDGE('',*,*,#7412,.T.);
#7435 = ORIENTED_EDGE('',*,*,#7436,.T.);
#7436 = EDGE_CURVE('',#7413,#7437,#7439,.T.);
#7437 = VERTEX_POINT('',#7438);
#7438 = CARTESIAN_POINT('',(-164.9,153.,125.));
#7439 = LINE('',#7440,#7441);
#7440 = CARTESIAN_POINT('',(-164.9,153.,87.));
#7441 = VECTOR('',#7442,1.);
#7442 = DIRECTION('',(0.,0.,1.));
#7443 = ORIENTED_EDGE('',*,*,#7444,.F.);
#7444 = EDGE_CURVE('',#6762,#7437,#7445,.T.);
#7445 = LINE('',#7446,#7447);
#7446 = CARTESIAN_POINT('',(-164.9,145.,125.));
#7447 = VECTOR('',#7448,1.);
#7448 = DIRECTION('',(0.,1.,0.));
#7449 = PLANE('',#7450);
#7450 = AXIS2_PLACEMENT_3D('',#7451,#7452,#7453);
#7451 = CARTESIAN_POINT('',(-164.9,145.,87.));
#7452 = DIRECTION('',(1.,0.,0.));
#7453 = DIRECTION('',(0.,0.,1.));
#7454 = ADVANCED_FACE('',(#7455),#7473,.T.);
#7455 = FACE_BOUND('',#7456,.T.);
#7456 = EDGE_LOOP('',(#7457,#7465,#7466,#7467));
#7457 = ORIENTED_EDGE('',*,*,#7458,.F.);
#7458 = EDGE_CURVE('',#7437,#7459,#7461,.T.);
#7459 = VERTEX_POINT('',#7460);
#7460 = CARTESIAN_POINT('',(-160.9,153.,125.));
#7461 = LINE('',#7462,#7463);
#7462 = CARTESIAN_POINT('',(-189.1,153.,125.));
#7463 = VECTOR('',#7464,1.);
#7464 = DIRECTION('',(1.,0.,0.));
#7465 = ORIENTED_EDGE('',*,*,#7444,.F.);
#7466 = ORIENTED_EDGE('',*,*,#6761,.T.);
#7467 = ORIENTED_EDGE('',*,*,#7468,.T.);
#7468 = EDGE_CURVE('',#6754,#7459,#7469,.T.);
#7469 = LINE('',#7470,#7471);
#7470 = CARTESIAN_POINT('',(-160.9,145.,125.));
#7471 = VECTOR('',#7472,1.);
#7472 = DIRECTION('',(0.,1.,0.));
#7473 = PLANE('',#7474);
#7474 = AXIS2_PLACEMENT_3D('',#7475,#7476,#7477);
#7475 = CARTESIAN_POINT('',(-189.1,145.,125.));
#7476 = DIRECTION('',(0.,0.,1.));
#7477 = DIRECTION('',(1.,0.,0.));
#7478 = ADVANCED_FACE('',(#7479),#7505,.T.);
#7479 = FACE_BOUND('',#7480,.T.);
#7480 = EDGE_LOOP('',(#7481,#7482,#7490,#7496,#7497,#7498,#7504));
#7481 = ORIENTED_EDGE('',*,*,#7221,.F.);
#7482 = ORIENTED_EDGE('',*,*,#7483,.T.);
#7483 = EDGE_CURVE('',#7222,#7484,#7486,.T.);
#7484 = VERTEX_POINT('',#7485);
#7485 = CARTESIAN_POINT('',(-160.9,153.,-65.5));
#7486 = LINE('',#7487,#7488);
#7487 = CARTESIAN_POINT('',(-160.9,145.,-65.5));
#7488 = VECTOR('',#7489,1.);
#7489 = DIRECTION('',(0.,1.,0.));
#7490 = ORIENTED_EDGE('',*,*,#7491,.T.);
#7491 = EDGE_CURVE('',#7484,#7459,#7492,.T.);
#7492 = LINE('',#7493,#7494);
#7493 = CARTESIAN_POINT('',(-160.9,153.,-65.5));
#7494 = VECTOR('',#7495,1.);
#7495 = DIRECTION('',(0.,0.,1.));
#7496 = ORIENTED_EDGE('',*,*,#7468,.F.);
#7497 = ORIENTED_EDGE('',*,*,#6753,.F.);
#7498 = ORIENTED_EDGE('',*,*,#7499,.F.);
#7499 = EDGE_CURVE('',#6728,#6745,#7500,.T.);
#7500 = LINE('',#7501,#7502);
#7501 = CARTESIAN_POINT('',(-160.9,145.,-65.5));
#7502 = VECTOR('',#7503,1.);
#7503 = DIRECTION('',(0.,0.,1.));
#7504 = ORIENTED_EDGE('',*,*,#6727,.F.);
#7505 = PLANE('',#7506);
#7506 = AXIS2_PLACEMENT_3D('',#7507,#7508,#7509);
#7507 = CARTESIAN_POINT('',(-160.9,145.,-65.5));
#7508 = DIRECTION('',(1.,0.,0.));
#7509 = DIRECTION('',(0.,0.,1.));
#7510 = ADVANCED_FACE('',(#7511),#7522,.F.);
#7511 = FACE_BOUND('',#7512,.F.);
#7512 = EDGE_LOOP('',(#7513,#7514,#7520,#7521));
#7513 = ORIENTED_EDGE('',*,*,#6918,.F.);
#7514 = ORIENTED_EDGE('',*,*,#7515,.F.);
#7515 = EDGE_CURVE('',#6994,#6919,#7516,.T.);
#7516 = LINE('',#7517,#7518);
#7517 = CARTESIAN_POINT('',(-126.9,75.,6.));
#7518 = VECTOR('',#7519,1.);
#7519 = DIRECTION('',(0.,0.,1.));
#7520 = ORIENTED_EDGE('',*,*,#6993,.T.);
#7521 = ORIENTED_EDGE('',*,*,#7515,.T.);
#7522 = CYLINDRICAL_SURFACE('',#7523,2.1);
#7523 = AXIS2_PLACEMENT_3D('',#7524,#7525,#7526);
#7524 = CARTESIAN_POINT('',(-129.,75.,6.));
#7525 = DIRECTION('',(0.,0.,1.));
#7526 = DIRECTION('',(1.,0.,0.));
#7527 = ADVANCED_FACE('',(#7528),#7539,.F.);
#7528 = FACE_BOUND('',#7529,.F.);
#7529 = EDGE_LOOP('',(#7530,#7531,#7537,#7538));
#7530 = ORIENTED_EDGE('',*,*,#6940,.F.);
#7531 = ORIENTED_EDGE('',*,*,#7532,.F.);
#7532 = EDGE_CURVE('',#7005,#6941,#7533,.T.);
#7533 = LINE('',#7534,#7535);
#7534 = CARTESIAN_POINT('',(-126.9,135.,6.));
#7535 = VECTOR('',#7536,1.);
#7536 = DIRECTION('',(0.,0.,1.));
#7537 = ORIENTED_EDGE('',*,*,#7004,.T.);
#7538 = ORIENTED_EDGE('',*,*,#7532,.T.);
#7539 = CYLINDRICAL_SURFACE('',#7540,2.1);
#7540 = AXIS2_PLACEMENT_3D('',#7541,#7542,#7543);
#7541 = CARTESIAN_POINT('',(-129.,135.,6.));
#7542 = DIRECTION('',(0.,0.,1.));
#7543 = DIRECTION('',(1.,0.,0.));
#7544 = ADVANCED_FACE('',(#7545),#7549,.F.);
#7545 = FACE_BOUND('',#7546,.F.);
#7546 = EDGE_LOOP('',(#7547,#7548));
#7547 = ORIENTED_EDGE('',*,*,#7110,.T.);
#7548 = ORIENTED_EDGE('',*,*,#7347,.T.);
#7549 = PLANE('',#7550);
#7550 = AXIS2_PLACEMENT_3D('',#7551,#7552,#7553);
#7551 = CARTESIAN_POINT('',(-189.1,145.,-65.5));
#7552 = DIRECTION('',(0.,1.,0.));
#7553 = DIRECTION('',(0.,0.,1.));
#7554 = ADVANCED_FACE('',(#7555),#7559,.F.);
#7555 = FACE_BOUND('',#7556,.F.);
#7556 = EDGE_LOOP('',(#7557,#7558));
#7557 = ORIENTED_EDGE('',*,*,#7499,.F.);
#7558 = ORIENTED_EDGE('',*,*,#7203,.T.);
#7559 = PLANE('',#7560);
#7560 = AXIS2_PLACEMENT_3D('',#7561,#7562,#7563);
#7561 = CARTESIAN_POINT('',(-189.1,145.,-65.5));
#7562 = DIRECTION('',(0.,1.,0.));
#7563 = DIRECTION('',(0.,0.,1.));
#7564 = ADVANCED_FACE('',(#7565,#7606,#7617,#7628),#7639,.F.);
#7565 = FACE_BOUND('',#7566,.F.);
#7566 = EDGE_LOOP('',(#7567,#7577,#7583,#7584,#7592,#7600));
#7567 = ORIENTED_EDGE('',*,*,#7568,.F.);
#7568 = EDGE_CURVE('',#7569,#7571,#7573,.T.);
#7569 = VERTEX_POINT('',#7570);
#7570 = CARTESIAN_POINT('',(-189.1,145.,-221.5));
#7571 = VERTEX_POINT('',#7572);
#7572 = CARTESIAN_POINT('',(-183.0622577482,145.,-221.5));
#7573 = LINE('',#7574,#7575);
#7574 = CARTESIAN_POINT('',(-189.1,145.,-221.5));
#7575 = VECTOR('',#7576,1.);
#7576 = DIRECTION('',(1.,0.,0.));
#7577 = ORIENTED_EDGE('',*,*,#7578,.T.);
#7578 = EDGE_CURVE('',#7569,#7230,#7579,.T.);
#7579 = LINE('',#7580,#7581);
#7580 = CARTESIAN_POINT('',(-189.1,145.,-221.5));
#7581 = VECTOR('',#7582,1.);
#7582 = DIRECTION('',(0.,0.,1.));
#7583 = ORIENTED_EDGE('',*,*,#7229,.T.);
#7584 = ORIENTED_EDGE('',*,*,#7585,.F.);
#7585 = EDGE_CURVE('',#7586,#7222,#7588,.T.);
#7586 = VERTEX_POINT('',#7587);
#7587 = CARTESIAN_POINT('',(-160.9,145.,-221.5));
#7588 = LINE('',#7589,#7590);
#7589 = CARTESIAN_POINT('',(-160.9,145.,-221.5));
#7590 = VECTOR('',#7591,1.);
#7591 = DIRECTION('',(0.,0.,1.));
#7592 = ORIENTED_EDGE('',*,*,#7593,.F.);
#7593 = EDGE_CURVE('',#7594,#7586,#7596,.T.);
#7594 = VERTEX_POINT('',#7595);
#7595 = CARTESIAN_POINT('',(-166.9377422517,145.,-221.5));
#7596 = LINE('',#7597,#7598);
#7597 = CARTESIAN_POINT('',(-189.1,145.,-221.5));
#7598 = VECTOR('',#7599,1.);
#7599 = DIRECTION('',(1.,0.,0.));
#7600 = ORIENTED_EDGE('',*,*,#7601,.F.);
#7601 = EDGE_CURVE('',#7571,#7594,#7602,.T.);
#7602 = LINE('',#7603,#7604);
#7603 = CARTESIAN_POINT('',(-189.1,145.,-221.5));
#7604 = VECTOR('',#7605,1.);
#7605 = DIRECTION('',(1.,0.,0.));
#7606 = FACE_BOUND('',#7607,.F.);
#7607 = EDGE_LOOP('',(#7608));
#7608 = ORIENTED_EDGE('',*,*,#7609,.F.);
#7609 = EDGE_CURVE('',#7610,#7610,#7612,.T.);
#7610 = VERTEX_POINT('',#7611);
#7611 = CARTESIAN_POINT('',(-175.,145.,-98.9));
#7612 = CIRCLE('',#7613,1.6);
#7613 = AXIS2_PLACEMENT_3D('',#7614,#7615,#7616);
#7614 = CARTESIAN_POINT('',(-175.,145.,-100.5));
#7615 = DIRECTION('',(0.,1.,0.));
#7616 = DIRECTION('',(0.,0.,1.));
#7617 = FACE_BOUND('',#7618,.F.);
#7618 = EDGE_LOOP('',(#7619));
#7619 = ORIENTED_EDGE('',*,*,#7620,.F.);
#7620 = EDGE_CURVE('',#7621,#7621,#7623,.T.);
#7621 = VERTEX_POINT('',#7622);
#7622 = CARTESIAN_POINT('',(-175.,145.,-82.5));
#7623 = CIRCLE('',#7624,3.);
#7624 = AXIS2_PLACEMENT_3D('',#7625,#7626,#7627);
#7625 = CARTESIAN_POINT('',(-175.,145.,-85.5));
#7626 = DIRECTION('',(0.,1.,0.));
#7627 = DIRECTION('',(0.,0.,1.));
#7628 = FACE_BOUND('',#7629,.F.);
#7629 = EDGE_LOOP('',(#7630));
#7630 = ORIENTED_EDGE('',*,*,#7631,.F.);
#7631 = EDGE_CURVE('',#7632,#7632,#7634,.T.);
#7632 = VERTEX_POINT('',#7633);
#7633 = CARTESIAN_POINT('',(-175.,145.,-68.9));
#7634 = CIRCLE('',#7635,1.6);
#7635 = AXIS2_PLACEMENT_3D('',#7636,#7637,#7638);
#7636 = CARTESIAN_POINT('',(-175.,145.,-70.5));
#7637 = DIRECTION('',(0.,1.,0.));
#7638 = DIRECTION('',(0.,0.,1.));
#7639 = PLANE('',#7640);
#7640 = AXIS2_PLACEMENT_3D('',#7641,#7642,#7643);
#7641 = CARTESIAN_POINT('',(-189.1,145.,-221.5));
#7642 = DIRECTION('',(0.,1.,0.));
#7643 = DIRECTION('',(0.,0.,1.));
#7644 = ADVANCED_FACE('',(#7645),#7664,.F.);
#7645 = FACE_BOUND('',#7646,.F.);
#7646 = EDGE_LOOP('',(#7647,#7656,#7662,#7663));
#7647 = ORIENTED_EDGE('',*,*,#7648,.F.);
#7648 = EDGE_CURVE('',#7649,#7649,#7651,.T.);
#7649 = VERTEX_POINT('',#7650);
#7650 = CARTESIAN_POINT('',(-175.,153.,-58.9));
#7651 = CIRCLE('',#7652,1.6);
#7652 = AXIS2_PLACEMENT_3D('',#7653,#7654,#7655);
#7653 = CARTESIAN_POINT('',(-175.,153.,-60.5));
#7654 = DIRECTION('',(0.,1.,0.));
#7655 = DIRECTION('',(0.,0.,1.));
#7656 = ORIENTED_EDGE('',*,*,#7657,.F.);
#7657 = EDGE_CURVE('',#7251,#7649,#7658,.T.);
#7658 = LINE('',#7659,#7660);
#7659 = CARTESIAN_POINT('',(-175.,145.,-58.9));
#7660 = VECTOR('',#7661,1.);
#7661 = DIRECTION('',(0.,1.,0.));
#7662 = ORIENTED_EDGE('',*,*,#7250,.T.);
#7663 = ORIENTED_EDGE('',*,*,#7657,.T.);
#7664 = CYLINDRICAL_SURFACE('',#7665,1.6);
#7665 = AXIS2_PLACEMENT_3D('',#7666,#7667,#7668);
#7666 = CARTESIAN_POINT('',(-175.,145.,-60.5));
#7667 = DIRECTION('',(0.,1.,0.));
#7668 = DIRECTION('',(0.,0.,1.));
#7669 = ADVANCED_FACE('',(#7670),#7689,.F.);
#7670 = FACE_BOUND('',#7671,.F.);
#7671 = EDGE_LOOP('',(#7672,#7681,#7687,#7688));
#7672 = ORIENTED_EDGE('',*,*,#7673,.F.);
#7673 = EDGE_CURVE('',#7674,#7674,#7676,.T.);
#7674 = VERTEX_POINT('',#7675);
#7675 = CARTESIAN_POINT('',(-175.,153.,-28.9));
#7676 = CIRCLE('',#7677,1.6);
#7677 = AXIS2_PLACEMENT_3D('',#7678,#7679,#7680);
#7678 = CARTESIAN_POINT('',(-175.,153.,-30.5));
#7679 = DIRECTION('',(0.,1.,0.));
#7680 = DIRECTION('',(0.,0.,1.));
#7681 = ORIENTED_EDGE('',*,*,#7682,.F.);
#7682 = EDGE_CURVE('',#7262,#7674,#7683,.T.);
#7683 = LINE('',#7684,#7685);
#7684 = CARTESIAN_POINT('',(-175.,145.,-28.9));
#7685 = VECTOR('',#7686,1.);
#7686 = DIRECTION('',(0.,1.,0.));
#7687 = ORIENTED_EDGE('',*,*,#7261,.T.);
#7688 = ORIENTED_EDGE('',*,*,#7682,.T.);
#7689 = CYLINDRICAL_SURFACE('',#7690,1.6);
#7690 = AXIS2_PLACEMENT_3D('',#7691,#7692,#7693);
#7691 = CARTESIAN_POINT('',(-175.,145.,-30.5));
#7692 = DIRECTION('',(0.,1.,0.));
#7693 = DIRECTION('',(0.,0.,1.));
#7694 = ADVANCED_FACE('',(#7695),#7714,.F.);
#7695 = FACE_BOUND('',#7696,.F.);
#7696 = EDGE_LOOP('',(#7697,#7706,#7712,#7713));
#7697 = ORIENTED_EDGE('',*,*,#7698,.F.);
#7698 = EDGE_CURVE('',#7699,#7699,#7701,.T.);
#7699 = VERTEX_POINT('',#7700);
#7700 = CARTESIAN_POINT('',(-175.,153.,-42.5));
#7701 = CIRCLE('',#7702,3.);
#7702 = AXIS2_PLACEMENT_3D('',#7703,#7704,#7705);
#7703 = CARTESIAN_POINT('',(-175.,153.,-45.5));
#7704 = DIRECTION('',(0.,1.,0.));
#7705 = DIRECTION('',(0.,0.,1.));
#7706 = ORIENTED_EDGE('',*,*,#7707,.F.);
#7707 = EDGE_CURVE('',#7273,#7699,#7708,.T.);
#7708 = LINE('',#7709,#7710);
#7709 = CARTESIAN_POINT('',(-175.,145.,-42.5));
#7710 = VECTOR('',#7711,1.);
#7711 = DIRECTION('',(0.,1.,0.));
#7712 = ORIENTED_EDGE('',*,*,#7272,.T.);
#7713 = ORIENTED_EDGE('',*,*,#7707,.T.);
#7714 = CYLINDRICAL_SURFACE('',#7715,3.);
#7715 = AXIS2_PLACEMENT_3D('',#7716,#7717,#7718);
#7716 = CARTESIAN_POINT('',(-175.,145.,-45.5));
#7717 = DIRECTION('',(0.,1.,0.));
#7718 = DIRECTION('',(0.,0.,1.));
#7719 = ADVANCED_FACE('',(#7720),#7738,.F.);
#7720 = FACE_BOUND('',#7721,.F.);
#7721 = EDGE_LOOP('',(#7722,#7723,#7731,#7737));
#7722 = ORIENTED_EDGE('',*,*,#7578,.F.);
#7723 = ORIENTED_EDGE('',*,*,#7724,.T.);
#7724 = EDGE_CURVE('',#7569,#7725,#7727,.T.);
#7725 = VERTEX_POINT('',#7726);
#7726 = CARTESIAN_POINT('',(-189.1,153.,-221.5));
#7727 = LINE('',#7728,#7729);
#7728 = CARTESIAN_POINT('',(-189.1,145.,-221.5));
#7729 = VECTOR('',#7730,1.);
#7730 = DIRECTION('',(0.,1.,0.));
#7731 = ORIENTED_EDGE('',*,*,#7732,.T.);
#7732 = EDGE_CURVE('',#7725,#7325,#7733,.T.);
#7733 = LINE('',#7734,#7735);
#7734 = CARTESIAN_POINT('',(-189.1,153.,-221.5));
#7735 = VECTOR('',#7736,1.);
#7736 = DIRECTION('',(0.,0.,1.));
#7737 = ORIENTED_EDGE('',*,*,#7324,.F.);
#7738 = PLANE('',#7739);
#7739 = AXIS2_PLACEMENT_3D('',#7740,#7741,#7742);
#7740 = CARTESIAN_POINT('',(-189.1,145.,-221.5));
#7741 = DIRECTION('',(1.,0.,0.));
#7742 = DIRECTION('',(0.,0.,1.));
#7743 = ADVANCED_FACE('',(#7744,#7759,#7762,#7765),#7768,.T.);
#7744 = FACE_BOUND('',#7745,.T.);
#7745 = EDGE_LOOP('',(#7746,#7747,#7753,#7754,#7755,#7756,#7757,#7758));
#7746 = ORIENTED_EDGE('',*,*,#7491,.F.);
#7747 = ORIENTED_EDGE('',*,*,#7748,.F.);
#7748 = EDGE_CURVE('',#7325,#7484,#7749,.T.);
#7749 = LINE('',#7750,#7751);
#7750 = CARTESIAN_POINT('',(-189.1,153.,-65.5));
#7751 = VECTOR('',#7752,1.);
#7752 = DIRECTION('',(1.,0.,0.));
#7753 = ORIENTED_EDGE('',*,*,#7332,.T.);
#7754 = ORIENTED_EDGE('',*,*,#7362,.T.);
#7755 = ORIENTED_EDGE('',*,*,#7395,.F.);
#7756 = ORIENTED_EDGE('',*,*,#7420,.T.);
#7757 = ORIENTED_EDGE('',*,*,#7436,.T.);
#7758 = ORIENTED_EDGE('',*,*,#7458,.T.);
#7759 = FACE_BOUND('',#7760,.T.);
#7760 = EDGE_LOOP('',(#7761));
#7761 = ORIENTED_EDGE('',*,*,#7648,.F.);
#7762 = FACE_BOUND('',#7763,.T.);
#7763 = EDGE_LOOP('',(#7764));
#7764 = ORIENTED_EDGE('',*,*,#7698,.F.);
#7765 = FACE_BOUND('',#7766,.T.);
#7766 = EDGE_LOOP('',(#7767));
#7767 = ORIENTED_EDGE('',*,*,#7673,.F.);
#7768 = PLANE('',#7769);
#7769 = AXIS2_PLACEMENT_3D('',#7770,#7771,#7772);
#7770 = CARTESIAN_POINT('',(-189.1,153.,-65.5));
#7771 = DIRECTION('',(0.,1.,0.));
#7772 = DIRECTION('',(0.,0.,1.));
#7773 = ADVANCED_FACE('',(#7774),#7792,.T.);
#7774 = FACE_BOUND('',#7775,.T.);
#7775 = EDGE_LOOP('',(#7776,#7777,#7785,#7791));
#7776 = ORIENTED_EDGE('',*,*,#7585,.F.);
#7777 = ORIENTED_EDGE('',*,*,#7778,.T.);
#7778 = EDGE_CURVE('',#7586,#7779,#7781,.T.);
#7779 = VERTEX_POINT('',#7780);
#7780 = CARTESIAN_POINT('',(-160.9,153.,-221.5));
#7781 = LINE('',#7782,#7783);
#7782 = CARTESIAN_POINT('',(-160.9,145.,-221.5));
#7783 = VECTOR('',#7784,1.);
#7784 = DIRECTION('',(0.,1.,0.));
#7785 = ORIENTED_EDGE('',*,*,#7786,.T.);
#7786 = EDGE_CURVE('',#7779,#7484,#7787,.T.);
#7787 = LINE('',#7788,#7789);
#7788 = CARTESIAN_POINT('',(-160.9,153.,-221.5));
#7789 = VECTOR('',#7790,1.);
#7790 = DIRECTION('',(0.,0.,1.));
#7791 = ORIENTED_EDGE('',*,*,#7483,.F.);
#7792 = PLANE('',#7793);
#7793 = AXIS2_PLACEMENT_3D('',#7794,#7795,#7796);
#7794 = CARTESIAN_POINT('',(-160.9,145.,-221.5));
#7795 = DIRECTION('',(1.,0.,0.));
#7796 = DIRECTION('',(0.,0.,1.));
#7797 = ADVANCED_FACE('',(#7798),#7817,.F.);
#7798 = FACE_BOUND('',#7799,.F.);
#7799 = EDGE_LOOP('',(#7800,#7808,#7809,#7810));
#7800 = ORIENTED_EDGE('',*,*,#7801,.F.);
#7801 = EDGE_CURVE('',#7725,#7802,#7804,.T.);
#7802 = VERTEX_POINT('',#7803);
#7803 = CARTESIAN_POINT('',(-183.0622577482,153.,-221.5));
#7804 = LINE('',#7805,#7806);
#7805 = CARTESIAN_POINT('',(-189.1,153.,-221.5));
#7806 = VECTOR('',#7807,1.);
#7807 = DIRECTION('',(1.,0.,0.));
#7808 = ORIENTED_EDGE('',*,*,#7724,.F.);
#7809 = ORIENTED_EDGE('',*,*,#7568,.T.);
#7810 = ORIENTED_EDGE('',*,*,#7811,.F.);
#7811 = EDGE_CURVE('',#7802,#7571,#7812,.T.);
#7812 = CIRCLE('',#7813,9.);
#7813 = AXIS2_PLACEMENT_3D('',#7814,#7815,#7816);
#7814 = CARTESIAN_POINT('',(-175.,149.,-221.5));
#7815 = DIRECTION('',(0.,0.,1.));
#7816 = DIRECTION('',(1.,0.,0.));
#7817 = PLANE('',#7818);
#7818 = AXIS2_PLACEMENT_3D('',#7819,#7820,#7821);
#7819 = CARTESIAN_POINT('',(-189.1,145.,-221.5));
#7820 = DIRECTION('',(0.,0.,1.));
#7821 = DIRECTION('',(1.,0.,0.));
#7822 = ADVANCED_FACE('',(#7823),#7851,.F.);
#7823 = FACE_BOUND('',#7824,.F.);
#7824 = EDGE_LOOP('',(#7825,#7833,#7842,#7849,#7850));
#7825 = ORIENTED_EDGE('',*,*,#7826,.F.);
#7826 = EDGE_CURVE('',#7827,#7779,#7829,.T.);
#7827 = VERTEX_POINT('',#7828);
#7828 = CARTESIAN_POINT('',(-166.9377422517,153.,-221.5));
#7829 = LINE('',#7830,#7831);
#7830 = CARTESIAN_POINT('',(-189.1,153.,-221.5));
#7831 = VECTOR('',#7832,1.);
#7832 = DIRECTION('',(1.,0.,0.));
#7833 = ORIENTED_EDGE('',*,*,#7834,.F.);
#7834 = EDGE_CURVE('',#7835,#7827,#7837,.T.);
#7835 = VERTEX_POINT('',#7836);
#7836 = CARTESIAN_POINT('',(-166.,149.,-221.5));
#7837 = CIRCLE('',#7838,9.);
#7838 = AXIS2_PLACEMENT_3D('',#7839,#7840,#7841);
#7839 = CARTESIAN_POINT('',(-175.,149.,-221.5));
#7840 = DIRECTION('',(0.,0.,1.));
#7841 = DIRECTION('',(1.,0.,0.));
#7842 = ORIENTED_EDGE('',*,*,#7843,.F.);
#7843 = EDGE_CURVE('',#7594,#7835,#7844,.T.);
#7844 = CIRCLE('',#7845,9.);
#7845 = AXIS2_PLACEMENT_3D('',#7846,#7847,#7848);
#7846 = CARTESIAN_POINT('',(-175.,149.,-221.5));
#7847 = DIRECTION('',(0.,0.,1.));
#7848 = DIRECTION('',(1.,0.,0.));
#7849 = ORIENTED_EDGE('',*,*,#7593,.T.);
#7850 = ORIENTED_EDGE('',*,*,#7778,.T.);
#7851 = PLANE('',#7852);
#7852 = AXIS2_PLACEMENT_3D('',#7853,#7854,#7855);
#7853 = CARTESIAN_POINT('',(-189.1,145.,-221.5));
#7854 = DIRECTION('',(0.,0.,1.));
#7855 = DIRECTION('',(1.,0.,0.));
#7856 = ADVANCED_FACE('',(#7857),#7867,.T.);
#7857 = FACE_BOUND('',#7858,.T.);
#7858 = EDGE_LOOP('',(#7859,#7866));
#7859 = ORIENTED_EDGE('',*,*,#7860,.T.);
#7860 = EDGE_CURVE('',#7571,#7594,#7861,.T.);
#7861 = CIRCLE('',#7862,9.);
#7862 = AXIS2_PLACEMENT_3D('',#7863,#7864,#7865);
#7863 = CARTESIAN_POINT('',(-175.,149.,-221.5));
#7864 = DIRECTION('',(0.,0.,1.));
#7865 = DIRECTION('',(1.,0.,0.));
#7866 = ORIENTED_EDGE('',*,*,#7601,.F.);
#7867 = PLANE('',#7868);
#7868 = AXIS2_PLACEMENT_3D('',#7869,#7870,#7871);
#7869 = CARTESIAN_POINT('',(-175.,149.,-221.5));
#7870 = DIRECTION('',(0.,0.,1.));
#7871 = DIRECTION('',(1.,0.,0.));
#7872 = ADVANCED_FACE('',(#7873),#7892,.F.);
#7873 = FACE_BOUND('',#7874,.F.);
#7874 = EDGE_LOOP('',(#7875,#7884,#7890,#7891));
#7875 = ORIENTED_EDGE('',*,*,#7876,.F.);
#7876 = EDGE_CURVE('',#7877,#7877,#7879,.T.);
#7877 = VERTEX_POINT('',#7878);
#7878 = CARTESIAN_POINT('',(-175.,153.,-98.9));
#7879 = CIRCLE('',#7880,1.6);
#7880 = AXIS2_PLACEMENT_3D('',#7881,#7882,#7883);
#7881 = CARTESIAN_POINT('',(-175.,153.,-100.5));
#7882 = DIRECTION('',(0.,1.,0.));
#7883 = DIRECTION('',(0.,0.,1.));
#7884 = ORIENTED_EDGE('',*,*,#7885,.F.);
#7885 = EDGE_CURVE('',#7610,#7877,#7886,.T.);
#7886 = LINE('',#7887,#7888);
#7887 = CARTESIAN_POINT('',(-175.,145.,-98.9));
#7888 = VECTOR('',#7889,1.);
#7889 = DIRECTION('',(0.,1.,0.));
#7890 = ORIENTED_EDGE('',*,*,#7609,.T.);
#7891 = ORIENTED_EDGE('',*,*,#7885,.T.);
#7892 = CYLINDRICAL_SURFACE('',#7893,1.6);
#7893 = AXIS2_PLACEMENT_3D('',#7894,#7895,#7896);
#7894 = CARTESIAN_POINT('',(-175.,145.,-100.5));
#7895 = DIRECTION('',(0.,1.,0.));
#7896 = DIRECTION('',(0.,0.,1.));
#7897 = ADVANCED_FACE('',(#7898),#7917,.F.);
#7898 = FACE_BOUND('',#7899,.F.);
#7899 = EDGE_LOOP('',(#7900,#7909,#7915,#7916));
#7900 = ORIENTED_EDGE('',*,*,#7901,.F.);
#7901 = EDGE_CURVE('',#7902,#7902,#7904,.T.);
#7902 = VERTEX_POINT('',#7903);
#7903 = CARTESIAN_POINT('',(-175.,153.,-82.5));
#7904 = CIRCLE('',#7905,3.);
#7905 = AXIS2_PLACEMENT_3D('',#7906,#7907,#7908);
#7906 = CARTESIAN_POINT('',(-175.,153.,-85.5));
#7907 = DIRECTION('',(0.,1.,0.));
#7908 = DIRECTION('',(0.,0.,1.));
#7909 = ORIENTED_EDGE('',*,*,#7910,.F.);
#7910 = EDGE_CURVE('',#7621,#7902,#7911,.T.);
#7911 = LINE('',#7912,#7913);
#7912 = CARTESIAN_POINT('',(-175.,145.,-82.5));
#7913 = VECTOR('',#7914,1.);
#7914 = DIRECTION('',(0.,1.,0.));
#7915 = ORIENTED_EDGE('',*,*,#7620,.T.);
#7916 = ORIENTED_EDGE('',*,*,#7910,.T.);
#7917 = CYLINDRICAL_SURFACE('',#7918,3.);
#7918 = AXIS2_PLACEMENT_3D('',#7919,#7920,#7921);
#7919 = CARTESIAN_POINT('',(-175.,145.,-85.5));
#7920 = DIRECTION('',(0.,1.,0.));
#7921 = DIRECTION('',(0.,0.,1.));
#7922 = ADVANCED_FACE('',(#7923),#7942,.F.);
#7923 = FACE_BOUND('',#7924,.F.);
#7924 = EDGE_LOOP('',(#7925,#7934,#7940,#7941));
#7925 = ORIENTED_EDGE('',*,*,#7926,.F.);
#7926 = EDGE_CURVE('',#7927,#7927,#7929,.T.);
#7927 = VERTEX_POINT('',#7928);
#7928 = CARTESIAN_POINT('',(-175.,153.,-68.9));
#7929 = CIRCLE('',#7930,1.6);
#7930 = AXIS2_PLACEMENT_3D('',#7931,#7932,#7933);
#7931 = CARTESIAN_POINT('',(-175.,153.,-70.5));
#7932 = DIRECTION('',(0.,1.,0.));
#7933 = DIRECTION('',(0.,0.,1.));
#7934 = ORIENTED_EDGE('',*,*,#7935,.F.);
#7935 = EDGE_CURVE('',#7632,#7927,#7936,.T.);
#7936 = LINE('',#7937,#7938);
#7937 = CARTESIAN_POINT('',(-175.,145.,-68.9));
#7938 = VECTOR('',#7939,1.);
#7939 = DIRECTION('',(0.,1.,0.));
#7940 = ORIENTED_EDGE('',*,*,#7631,.T.);
#7941 = ORIENTED_EDGE('',*,*,#7935,.T.);
#7942 = CYLINDRICAL_SURFACE('',#7943,1.6);
#7943 = AXIS2_PLACEMENT_3D('',#7944,#7945,#7946);
#7944 = CARTESIAN_POINT('',(-175.,145.,-70.5));
#7945 = DIRECTION('',(0.,1.,0.));
#7946 = DIRECTION('',(0.,0.,1.));
#7947 = ADVANCED_FACE('',(#7948,#7961,#7964,#7967),#7970,.T.);
#7948 = FACE_BOUND('',#7949,.T.);
#7949 = EDGE_LOOP('',(#7950,#7951,#7952,#7953,#7954,#7955));
#7950 = ORIENTED_EDGE('',*,*,#7801,.F.);
#7951 = ORIENTED_EDGE('',*,*,#7732,.T.);
#7952 = ORIENTED_EDGE('',*,*,#7748,.T.);
#7953 = ORIENTED_EDGE('',*,*,#7786,.F.);
#7954 = ORIENTED_EDGE('',*,*,#7826,.F.);
#7955 = ORIENTED_EDGE('',*,*,#7956,.F.);
#7956 = EDGE_CURVE('',#7802,#7827,#7957,.T.);
#7957 = LINE('',#7958,#7959);
#7958 = CARTESIAN_POINT('',(-189.1,153.,-221.5));
#7959 = VECTOR('',#7960,1.);
#7960 = DIRECTION('',(1.,0.,0.));
#7961 = FACE_BOUND('',#7962,.T.);
#7962 = EDGE_LOOP('',(#7963));
#7963 = ORIENTED_EDGE('',*,*,#7876,.F.);
#7964 = FACE_BOUND('',#7965,.T.);
#7965 = EDGE_LOOP('',(#7966));
#7966 = ORIENTED_EDGE('',*,*,#7901,.F.);
#7967 = FACE_BOUND('',#7968,.T.);
#7968 = EDGE_LOOP('',(#7969));
#7969 = ORIENTED_EDGE('',*,*,#7926,.F.);
#7970 = PLANE('',#7971);
#7971 = AXIS2_PLACEMENT_3D('',#7972,#7973,#7974);
#7972 = CARTESIAN_POINT('',(-189.1,153.,-221.5));
#7973 = DIRECTION('',(0.,1.,0.));
#7974 = DIRECTION('',(0.,0.,1.));
#7975 = ADVANCED_FACE('',(#7976),#8005,.T.);
#7976 = FACE_BOUND('',#7977,.T.);
#7977 = EDGE_LOOP('',(#7978,#7986,#7987,#7988,#7989,#7996,#7997,#7998));
#7978 = ORIENTED_EDGE('',*,*,#7979,.T.);
#7979 = EDGE_CURVE('',#7980,#7835,#7982,.T.);
#7980 = VERTEX_POINT('',#7981);
#7981 = CARTESIAN_POINT('',(-166.,149.,-231.5));
#7982 = LINE('',#7983,#7984);
#7983 = CARTESIAN_POINT('',(-166.,149.,-231.5));
#7984 = VECTOR('',#7985,1.);
#7985 = DIRECTION('',(0.,0.,1.));
#7986 = ORIENTED_EDGE('',*,*,#7843,.F.);
#7987 = ORIENTED_EDGE('',*,*,#7860,.F.);
#7988 = ORIENTED_EDGE('',*,*,#7811,.F.);
#7989 = ORIENTED_EDGE('',*,*,#7990,.F.);
#7990 = EDGE_CURVE('',#7827,#7802,#7991,.T.);
#7991 = CIRCLE('',#7992,9.);
#7992 = AXIS2_PLACEMENT_3D('',#7993,#7994,#7995);
#7993 = CARTESIAN_POINT('',(-175.,149.,-221.5));
#7994 = DIRECTION('',(0.,0.,1.));
#7995 = DIRECTION('',(1.,0.,0.));
#7996 = ORIENTED_EDGE('',*,*,#7834,.F.);
#7997 = ORIENTED_EDGE('',*,*,#7979,.F.);
#7998 = ORIENTED_EDGE('',*,*,#7999,.T.);
#7999 = EDGE_CURVE('',#7980,#7980,#8000,.T.);
#8000 = CIRCLE('',#8001,9.);
#8001 = AXIS2_PLACEMENT_3D('',#8002,#8003,#8004);
#8002 = CARTESIAN_POINT('',(-175.,149.,-231.5));
#8003 = DIRECTION('',(0.,0.,1.));
#8004 = DIRECTION('',(1.,0.,0.));
#8005 = CYLINDRICAL_SURFACE('',#8006,9.);
#8006 = AXIS2_PLACEMENT_3D('',#8007,#8008,#8009);
#8007 = CARTESIAN_POINT('',(-175.,149.,-231.5));
#8008 = DIRECTION('',(0.,0.,1.));
#8009 = DIRECTION('',(1.,0.,0.));
#8010 = ADVANCED_FACE('',(#8011),#8015,.T.);
#8011 = FACE_BOUND('',#8012,.T.);
#8012 = EDGE_LOOP('',(#8013,#8014));
#8013 = ORIENTED_EDGE('',*,*,#7956,.T.);
#8014 = ORIENTED_EDGE('',*,*,#7990,.T.);
#8015 = PLANE('',#8016);
#8016 = AXIS2_PLACEMENT_3D('',#8017,#8018,#8019);
#8017 = CARTESIAN_POINT('',(-175.,149.,-221.5));
#8018 = DIRECTION('',(0.,0.,1.));
#8019 = DIRECTION('',(1.,0.,0.));
#8020 = ADVANCED_FACE('',(#8021),#8024,.F.);
#8021 = FACE_BOUND('',#8022,.T.);
#8022 = EDGE_LOOP('',(#8023));
#8023 = ORIENTED_EDGE('',*,*,#7999,.F.);
#8024 = PLANE('',#8025);
#8025 = AXIS2_PLACEMENT_3D('',#8026,#8027,#8028);
#8026 = CARTESIAN_POINT('',(-175.,149.,-231.5));
#8027 = DIRECTION('',(0.,0.,1.));
#8028 = DIRECTION('',(1.,0.,0.));
#8029 = MANIFOLD_SOLID_BREP('',#8030);
#8030 = CLOSED_SHELL('',(#8031,#8071,#8211,#8265,#8460,#8521,#8538,#8585
    ,#8609,#8633,#8650,#8667,#8692,#8709,#8726,#8743,#8760,#8785,#8853,
    #8870,#8887,#8926,#8950,#8974,#8998,#9022,#9046,#9078,#9095,#9112,
    #9122,#9132,#9212,#9237,#9262,#9287,#9311,#9341,#9365,#9390,#9424,
    #9440,#9465,#9490,#9515,#9543,#9578,#9588));
#8031 = ADVANCED_FACE('',(#8032),#8066,.F.);
#8032 = FACE_BOUND('',#8033,.T.);
#8033 = EDGE_LOOP('',(#8034,#8044,#8052,#8060));
#8034 = ORIENTED_EDGE('',*,*,#8035,.F.);
#8035 = EDGE_CURVE('',#8036,#8038,#8040,.T.);
#8036 = VERTEX_POINT('',#8037);
#8037 = CARTESIAN_POINT('',(-231.,-65.,6.));
#8038 = VERTEX_POINT('',#8039);
#8039 = CARTESIAN_POINT('',(-231.,-65.,136.));
#8040 = LINE('',#8041,#8042);
#8041 = CARTESIAN_POINT('',(-231.,-65.,6.));
#8042 = VECTOR('',#8043,1.);
#8043 = DIRECTION('',(0.,0.,1.));
#8044 = ORIENTED_EDGE('',*,*,#8045,.T.);
#8045 = EDGE_CURVE('',#8036,#8046,#8048,.T.);
#8046 = VERTEX_POINT('',#8047);
#8047 = CARTESIAN_POINT('',(-231.,-145.,6.));
#8048 = LINE('',#8049,#8050);
#8049 = CARTESIAN_POINT('',(-231.,-65.,6.));
#8050 = VECTOR('',#8051,1.);
#8051 = DIRECTION('',(-0.,-1.,-0.));
#8052 = ORIENTED_EDGE('',*,*,#8053,.T.);
#8053 = EDGE_CURVE('',#8046,#8054,#8056,.T.);
#8054 = VERTEX_POINT('',#8055);
#8055 = CARTESIAN_POINT('',(-231.,-145.,136.));
#8056 = LINE('',#8057,#8058);
#8057 = CARTESIAN_POINT('',(-231.,-145.,6.));
#8058 = VECTOR('',#8059,1.);
#8059 = DIRECTION('',(0.,0.,1.));
#8060 = ORIENTED_EDGE('',*,*,#8061,.F.);
#8061 = EDGE_CURVE('',#8038,#8054,#8062,.T.);
#8062 = LINE('',#8063,#8064);
#8063 = CARTESIAN_POINT('',(-231.,-65.,136.));
#8064 = VECTOR('',#8065,1.);
#8065 = DIRECTION('',(-0.,-1.,-0.));
#8066 = PLANE('',#8067);
#8067 = AXIS2_PLACEMENT_3D('',#8068,#8069,#8070);
#8068 = CARTESIAN_POINT('',(-231.,-65.,6.));
#8069 = DIRECTION('',(1.,0.,0.));
#8070 = DIRECTION('',(0.,0.,-1.));
#8071 = ADVANCED_FACE('',(#8072,#8129,#8140,#8151,#8162,#8173,#8184,
    #8195),#8206,.F.);
#8072 = FACE_BOUND('',#8073,.T.);
#8073 = EDGE_LOOP('',(#8074,#8082,#8083,#8091,#8099,#8107,#8115,#8123));
#8074 = ORIENTED_EDGE('',*,*,#8075,.F.);
#8075 = EDGE_CURVE('',#8036,#8076,#8078,.T.);
#8076 = VERTEX_POINT('',#8077);
#8077 = CARTESIAN_POINT('',(-185.1,-65.,6.));
#8078 = LINE('',#8079,#8080);
#8079 = CARTESIAN_POINT('',(-231.,-65.,6.));
#8080 = VECTOR('',#8081,1.);
#8081 = DIRECTION('',(1.,0.,0.));
#8082 = ORIENTED_EDGE('',*,*,#8035,.T.);
#8083 = ORIENTED_EDGE('',*,*,#8084,.T.);
#8084 = EDGE_CURVE('',#8038,#8085,#8087,.T.);
#8085 = VERTEX_POINT('',#8086);
#8086 = CARTESIAN_POINT('',(-119.,-65.,136.));
#8087 = LINE('',#8088,#8089);
#8088 = CARTESIAN_POINT('',(-231.,-65.,136.));
#8089 = VECTOR('',#8090,1.);
#8090 = DIRECTION('',(1.,0.,0.));
#8091 = ORIENTED_EDGE('',*,*,#8092,.F.);
#8092 = EDGE_CURVE('',#8093,#8085,#8095,.T.);
#8093 = VERTEX_POINT('',#8094);
#8094 = CARTESIAN_POINT('',(-119.,-65.,6.));
#8095 = LINE('',#8096,#8097);
#8096 = CARTESIAN_POINT('',(-119.,-65.,6.));
#8097 = VECTOR('',#8098,1.);
#8098 = DIRECTION('',(0.,0.,1.));
#8099 = ORIENTED_EDGE('',*,*,#8100,.F.);
#8100 = EDGE_CURVE('',#8101,#8093,#8103,.T.);
#8101 = VERTEX_POINT('',#8102);
#8102 = CARTESIAN_POINT('',(-164.9,-65.,6.));
#8103 = LINE('',#8104,#8105);
#8104 = CARTESIAN_POINT('',(-231.,-65.,6.));
#8105 = VECTOR('',#8106,1.);
#8106 = DIRECTION('',(1.,0.,0.));
#8107 = ORIENTED_EDGE('',*,*,#8108,.T.);
#8108 = EDGE_CURVE('',#8101,#8109,#8111,.T.);
#8109 = VERTEX_POINT('',#8110);
#8110 = CARTESIAN_POINT('',(-164.9,-65.,44.));
#8111 = LINE('',#8112,#8113);
#8112 = CARTESIAN_POINT('',(-164.9,-65.,6.));
#8113 = VECTOR('',#8114,1.);
#8114 = DIRECTION('',(0.,0.,1.));
#8115 = ORIENTED_EDGE('',*,*,#8116,.F.);
#8116 = EDGE_CURVE('',#8117,#8109,#8119,.T.);
#8117 = VERTEX_POINT('',#8118);
#8118 = CARTESIAN_POINT('',(-185.1,-65.,44.));
#8119 = LINE('',#8120,#8121);
#8120 = CARTESIAN_POINT('',(-185.1,-65.,44.));
#8121 = VECTOR('',#8122,1.);
#8122 = DIRECTION('',(1.,0.,0.));
#8123 = ORIENTED_EDGE('',*,*,#8124,.F.);
#8124 = EDGE_CURVE('',#8076,#8117,#8125,.T.);
#8125 = LINE('',#8126,#8127);
#8126 = CARTESIAN_POINT('',(-185.1,-65.,6.));
#8127 = VECTOR('',#8128,1.);
#8128 = DIRECTION('',(0.,0.,1.));
#8129 = FACE_BOUND('',#8130,.T.);
#8130 = EDGE_LOOP('',(#8131));
#8131 = ORIENTED_EDGE('',*,*,#8132,.F.);
#8132 = EDGE_CURVE('',#8133,#8133,#8135,.T.);
#8133 = VERTEX_POINT('',#8134);
#8134 = CARTESIAN_POINT('',(-199.75,-65.,27.1));
#8135 = CIRCLE('',#8136,2.1);
#8136 = AXIS2_PLACEMENT_3D('',#8137,#8138,#8139);
#8137 = CARTESIAN_POINT('',(-199.75,-65.,25.));
#8138 = DIRECTION('',(0.,1.,0.));
#8139 = DIRECTION('',(0.,0.,1.));
#8140 = FACE_BOUND('',#8141,.T.);
#8141 = EDGE_LOOP('',(#8142));
#8142 = ORIENTED_EDGE('',*,*,#8143,.F.);
#8143 = EDGE_CURVE('',#8144,#8144,#8146,.T.);
#8144 = VERTEX_POINT('',#8145);
#8145 = CARTESIAN_POINT('',(-190.,-65.,107.6));
#8146 = CIRCLE('',#8147,1.6);
#8147 = AXIS2_PLACEMENT_3D('',#8148,#8149,#8150);
#8148 = CARTESIAN_POINT('',(-190.,-65.,106.));
#8149 = DIRECTION('',(0.,1.,0.));
#8150 = DIRECTION('',(0.,0.,1.));
#8151 = FACE_BOUND('',#8152,.T.);
#8152 = EDGE_LOOP('',(#8153));
#8153 = ORIENTED_EDGE('',*,*,#8154,.F.);
#8154 = EDGE_CURVE('',#8155,#8155,#8157,.T.);
#8155 = VERTEX_POINT('',#8156);
#8156 = CARTESIAN_POINT('',(-150.25,-65.,27.1));
#8157 = CIRCLE('',#8158,2.1);
#8158 = AXIS2_PLACEMENT_3D('',#8159,#8160,#8161);
#8159 = CARTESIAN_POINT('',(-150.25,-65.,25.));
#8160 = DIRECTION('',(0.,1.,0.));
#8161 = DIRECTION('',(0.,0.,1.));
#8162 = FACE_BOUND('',#8163,.T.);
#8163 = EDGE_LOOP('',(#8164));
#8164 = ORIENTED_EDGE('',*,*,#8165,.F.);
#8165 = EDGE_CURVE('',#8166,#8166,#8168,.T.);
#8166 = VERTEX_POINT('',#8167);
#8167 = CARTESIAN_POINT('',(-175.,-65.,92.6));
#8168 = CIRCLE('',#8169,1.6);
#8169 = AXIS2_PLACEMENT_3D('',#8170,#8171,#8172);
#8170 = CARTESIAN_POINT('',(-175.,-65.,91.));
#8171 = DIRECTION('',(0.,1.,0.));
#8172 = DIRECTION('',(0.,0.,1.));
#8173 = FACE_BOUND('',#8174,.T.);
#8174 = EDGE_LOOP('',(#8175));
#8175 = ORIENTED_EDGE('',*,*,#8176,.F.);
#8176 = EDGE_CURVE('',#8177,#8177,#8179,.T.);
#8177 = VERTEX_POINT('',#8178);
#8178 = CARTESIAN_POINT('',(-175.,-65.,109.));
#8179 = CIRCLE('',#8180,3.);
#8180 = AXIS2_PLACEMENT_3D('',#8181,#8182,#8183);
#8181 = CARTESIAN_POINT('',(-175.,-65.,106.));
#8182 = DIRECTION('',(0.,1.,0.));
#8183 = DIRECTION('',(0.,0.,1.));
#8184 = FACE_BOUND('',#8185,.T.);
#8185 = EDGE_LOOP('',(#8186));
#8186 = ORIENTED_EDGE('',*,*,#8187,.F.);
#8187 = EDGE_CURVE('',#8188,#8188,#8190,.T.);
#8188 = VERTEX_POINT('',#8189);
#8189 = CARTESIAN_POINT('',(-175.,-65.,122.6));
#8190 = CIRCLE('',#8191,1.6);
#8191 = AXIS2_PLACEMENT_3D('',#8192,#8193,#8194);
#8192 = CARTESIAN_POINT('',(-175.,-65.,121.));
#8193 = DIRECTION('',(0.,1.,0.));
#8194 = DIRECTION('',(0.,0.,1.));
#8195 = FACE_BOUND('',#8196,.T.);
#8196 = EDGE_LOOP('',(#8197));
#8197 = ORIENTED_EDGE('',*,*,#8198,.F.);
#8198 = EDGE_CURVE('',#8199,#8199,#8201,.T.);
#8199 = VERTEX_POINT('',#8200);
#8200 = CARTESIAN_POINT('',(-160.,-65.,107.6));
#8201 = CIRCLE('',#8202,1.6);
#8202 = AXIS2_PLACEMENT_3D('',#8203,#8204,#8205);
#8203 = CARTESIAN_POINT('',(-160.,-65.,106.));
#8204 = DIRECTION('',(0.,1.,0.));
#8205 = DIRECTION('',(0.,0.,1.));
#8206 = PLANE('',#8207);
#8207 = AXIS2_PLACEMENT_3D('',#8208,#8209,#8210);
#8208 = CARTESIAN_POINT('',(-231.,-65.,6.));
#8209 = DIRECTION('',(-0.,-1.,-0.));
#8210 = DIRECTION('',(0.,0.,-1.));
#8211 = ADVANCED_FACE('',(#8212,#8238,#8249),#8260,.F.);
#8212 = FACE_BOUND('',#8213,.T.);
#8213 = EDGE_LOOP('',(#8214,#8222,#8223,#8224,#8232));
#8214 = ORIENTED_EDGE('',*,*,#8215,.F.);
#8215 = EDGE_CURVE('',#8046,#8216,#8218,.T.);
#8216 = VERTEX_POINT('',#8217);
#8217 = CARTESIAN_POINT('',(-189.1,-145.,6.));
#8218 = LINE('',#8219,#8220);
#8219 = CARTESIAN_POINT('',(-231.,-145.,6.));
#8220 = VECTOR('',#8221,1.);
#8221 = DIRECTION('',(1.,0.,0.));
#8222 = ORIENTED_EDGE('',*,*,#8045,.F.);
#8223 = ORIENTED_EDGE('',*,*,#8075,.T.);
#8224 = ORIENTED_EDGE('',*,*,#8225,.T.);
#8225 = EDGE_CURVE('',#8076,#8226,#8228,.T.);
#8226 = VERTEX_POINT('',#8227);
#8227 = CARTESIAN_POINT('',(-185.1,-145.,6.));
#8228 = LINE('',#8229,#8230);
#8229 = CARTESIAN_POINT('',(-185.1,-65.,6.));
#8230 = VECTOR('',#8231,1.);
#8231 = DIRECTION('',(-0.,-1.,-0.));
#8232 = ORIENTED_EDGE('',*,*,#8233,.F.);
#8233 = EDGE_CURVE('',#8216,#8226,#8234,.T.);
#8234 = LINE('',#8235,#8236);
#8235 = CARTESIAN_POINT('',(-231.,-145.,6.));
#8236 = VECTOR('',#8237,1.);
#8237 = DIRECTION('',(1.,0.,0.));
#8238 = FACE_BOUND('',#8239,.T.);
#8239 = EDGE_LOOP('',(#8240));
#8240 = ORIENTED_EDGE('',*,*,#8241,.F.);
#8241 = EDGE_CURVE('',#8242,#8242,#8244,.T.);
#8242 = VERTEX_POINT('',#8243);
#8243 = CARTESIAN_POINT('',(-218.9,-75.,6.));
#8244 = CIRCLE('',#8245,2.1);
#8245 = AXIS2_PLACEMENT_3D('',#8246,#8247,#8248);
#8246 = CARTESIAN_POINT('',(-221.,-75.,6.));
#8247 = DIRECTION('',(0.,0.,-1.));
#8248 = DIRECTION('',(1.,0.,0.));
#8249 = FACE_BOUND('',#8250,.T.);
#8250 = EDGE_LOOP('',(#8251));
#8251 = ORIENTED_EDGE('',*,*,#8252,.F.);
#8252 = EDGE_CURVE('',#8253,#8253,#8255,.T.);
#8253 = VERTEX_POINT('',#8254);
#8254 = CARTESIAN_POINT('',(-218.9,-135.,6.));
#8255 = CIRCLE('',#8256,2.1);
#8256 = AXIS2_PLACEMENT_3D('',#8257,#8258,#8259);
#8257 = CARTESIAN_POINT('',(-221.,-135.,6.));
#8258 = DIRECTION('',(0.,0.,-1.));
#8259 = DIRECTION('',(1.,0.,0.));
#8260 = PLANE('',#8261);
#8261 = AXIS2_PLACEMENT_3D('',#8262,#8263,#8264);
#8262 = CARTESIAN_POINT('',(-231.,-65.,6.));
#8263 = DIRECTION('',(0.,0.,1.));
#8264 = DIRECTION('',(-1.,0.,0.));
#8265 = ADVANCED_FACE('',(#8266,#8400,#8411,#8422,#8433,#8444),#8455,.T.
  );
#8266 = FACE_BOUND('',#8267,.F.);
#8267 = EDGE_LOOP('',(#8268,#8269,#8270,#8278,#8286,#8294,#8302,#8311,
    #8320,#8328,#8336,#8344,#8352,#8360,#8368,#8376,#8385,#8394));
#8268 = ORIENTED_EDGE('',*,*,#8215,.F.);
#8269 = ORIENTED_EDGE('',*,*,#8053,.T.);
#8270 = ORIENTED_EDGE('',*,*,#8271,.T.);
#8271 = EDGE_CURVE('',#8054,#8272,#8274,.T.);
#8272 = VERTEX_POINT('',#8273);
#8273 = CARTESIAN_POINT('',(-119.,-145.,136.));
#8274 = LINE('',#8275,#8276);
#8275 = CARTESIAN_POINT('',(-231.,-145.,136.));
#8276 = VECTOR('',#8277,1.);
#8277 = DIRECTION('',(1.,0.,0.));
#8278 = ORIENTED_EDGE('',*,*,#8279,.F.);
#8279 = EDGE_CURVE('',#8280,#8272,#8282,.T.);
#8280 = VERTEX_POINT('',#8281);
#8281 = CARTESIAN_POINT('',(-119.,-145.,6.));
#8282 = LINE('',#8283,#8284);
#8283 = CARTESIAN_POINT('',(-119.,-145.,6.));
#8284 = VECTOR('',#8285,1.);
#8285 = DIRECTION('',(0.,0.,1.));
#8286 = ORIENTED_EDGE('',*,*,#8287,.F.);
#8287 = EDGE_CURVE('',#8288,#8280,#8290,.T.);
#8288 = VERTEX_POINT('',#8289);
#8289 = CARTESIAN_POINT('',(-160.9,-145.,6.));
#8290 = LINE('',#8291,#8292);
#8291 = CARTESIAN_POINT('',(-231.,-145.,6.));
#8292 = VECTOR('',#8293,1.);
#8293 = DIRECTION('',(1.,0.,0.));
#8294 = ORIENTED_EDGE('',*,*,#8295,.T.);
#8295 = EDGE_CURVE('',#8288,#8296,#8298,.T.);
#8296 = VERTEX_POINT('',#8297);
#8297 = CARTESIAN_POINT('',(-160.9,-145.,104.67712434446));
#8298 = LINE('',#8299,#8300);
#8299 = CARTESIAN_POINT('',(-160.9,-145.,-65.5));
#8300 = VECTOR('',#8301,1.);
#8301 = DIRECTION('',(0.,0.,1.));
#8302 = ORIENTED_EDGE('',*,*,#8303,.F.);
#8303 = EDGE_CURVE('',#8304,#8296,#8306,.T.);
#8304 = VERTEX_POINT('',#8305);
#8305 = CARTESIAN_POINT('',(-160.,-145.,107.6));
#8306 = CIRCLE('',#8307,1.6);
#8307 = AXIS2_PLACEMENT_3D('',#8308,#8309,#8310);
#8308 = CARTESIAN_POINT('',(-160.,-145.,106.));
#8309 = DIRECTION('',(0.,1.,0.));
#8310 = DIRECTION('',(0.,0.,1.));
#8311 = ORIENTED_EDGE('',*,*,#8312,.F.);
#8312 = EDGE_CURVE('',#8313,#8304,#8315,.T.);
#8313 = VERTEX_POINT('',#8314);
#8314 = CARTESIAN_POINT('',(-160.9,-145.,107.32287565553));
#8315 = CIRCLE('',#8316,1.6);
#8316 = AXIS2_PLACEMENT_3D('',#8317,#8318,#8319);
#8317 = CARTESIAN_POINT('',(-160.,-145.,106.));
#8318 = DIRECTION('',(0.,1.,0.));
#8319 = DIRECTION('',(0.,0.,1.));
#8320 = ORIENTED_EDGE('',*,*,#8321,.T.);
#8321 = EDGE_CURVE('',#8313,#8322,#8324,.T.);
#8322 = VERTEX_POINT('',#8323);
#8323 = CARTESIAN_POINT('',(-160.9,-145.,125.));
#8324 = LINE('',#8325,#8326);
#8325 = CARTESIAN_POINT('',(-160.9,-145.,-65.5));
#8326 = VECTOR('',#8327,1.);
#8327 = DIRECTION('',(0.,0.,1.));
#8328 = ORIENTED_EDGE('',*,*,#8329,.F.);
#8329 = EDGE_CURVE('',#8330,#8322,#8332,.T.);
#8330 = VERTEX_POINT('',#8331);
#8331 = CARTESIAN_POINT('',(-164.9,-145.,125.));
#8332 = LINE('',#8333,#8334);
#8333 = CARTESIAN_POINT('',(-189.1,-145.,125.));
#8334 = VECTOR('',#8335,1.);
#8335 = DIRECTION('',(1.,0.,0.));
#8336 = ORIENTED_EDGE('',*,*,#8337,.F.);
#8337 = EDGE_CURVE('',#8338,#8330,#8340,.T.);
#8338 = VERTEX_POINT('',#8339);
#8339 = CARTESIAN_POINT('',(-164.9,-145.,87.));
#8340 = LINE('',#8341,#8342);
#8341 = CARTESIAN_POINT('',(-164.9,-145.,87.));
#8342 = VECTOR('',#8343,1.);
#8343 = DIRECTION('',(0.,0.,1.));
#8344 = ORIENTED_EDGE('',*,*,#8345,.F.);
#8345 = EDGE_CURVE('',#8346,#8338,#8348,.T.);
#8346 = VERTEX_POINT('',#8347);
#8347 = CARTESIAN_POINT('',(-185.1,-145.,87.));
#8348 = LINE('',#8349,#8350);
#8349 = CARTESIAN_POINT('',(-185.1,-145.,87.));
#8350 = VECTOR('',#8351,1.);
#8351 = DIRECTION('',(1.,0.,0.));
#8352 = ORIENTED_EDGE('',*,*,#8353,.T.);
#8353 = EDGE_CURVE('',#8346,#8354,#8356,.T.);
#8354 = VERTEX_POINT('',#8355);
#8355 = CARTESIAN_POINT('',(-185.1,-145.,125.));
#8356 = LINE('',#8357,#8358);
#8357 = CARTESIAN_POINT('',(-185.1,-145.,87.));
#8358 = VECTOR('',#8359,1.);
#8359 = DIRECTION('',(0.,0.,1.));
#8360 = ORIENTED_EDGE('',*,*,#8361,.F.);
#8361 = EDGE_CURVE('',#8362,#8354,#8364,.T.);
#8362 = VERTEX_POINT('',#8363);
#8363 = CARTESIAN_POINT('',(-189.1,-145.,125.));
#8364 = LINE('',#8365,#8366);
#8365 = CARTESIAN_POINT('',(-189.1,-145.,125.));
#8366 = VECTOR('',#8367,1.);
#8367 = DIRECTION('',(1.,0.,0.));
#8368 = ORIENTED_EDGE('',*,*,#8369,.F.);
#8369 = EDGE_CURVE('',#8370,#8362,#8372,.T.);
#8370 = VERTEX_POINT('',#8371);
#8371 = CARTESIAN_POINT('',(-189.1,-145.,107.32287565553));
#8372 = LINE('',#8373,#8374);
#8373 = CARTESIAN_POINT('',(-189.1,-145.,-65.5));
#8374 = VECTOR('',#8375,1.);
#8375 = DIRECTION('',(0.,0.,1.));
#8376 = ORIENTED_EDGE('',*,*,#8377,.F.);
#8377 = EDGE_CURVE('',#8378,#8370,#8380,.T.);
#8378 = VERTEX_POINT('',#8379);
#8379 = CARTESIAN_POINT('',(-190.,-145.,107.6));
#8380 = CIRCLE('',#8381,1.6);
#8381 = AXIS2_PLACEMENT_3D('',#8382,#8383,#8384);
#8382 = CARTESIAN_POINT('',(-190.,-145.,106.));
#8383 = DIRECTION('',(0.,1.,0.));
#8384 = DIRECTION('',(0.,0.,1.));
#8385 = ORIENTED_EDGE('',*,*,#8386,.F.);
#8386 = EDGE_CURVE('',#8387,#8378,#8389,.T.);
#8387 = VERTEX_POINT('',#8388);
#8388 = CARTESIAN_POINT('',(-189.1,-145.,104.67712434446));
#8389 = CIRCLE('',#8390,1.6);
#8390 = AXIS2_PLACEMENT_3D('',#8391,#8392,#8393);
#8391 = CARTESIAN_POINT('',(-190.,-145.,106.));
#8392 = DIRECTION('',(0.,1.,0.));
#8393 = DIRECTION('',(0.,0.,1.));
#8394 = ORIENTED_EDGE('',*,*,#8395,.F.);
#8395 = EDGE_CURVE('',#8216,#8387,#8396,.T.);
#8396 = LINE('',#8397,#8398);
#8397 = CARTESIAN_POINT('',(-189.1,-145.,-65.5));
#8398 = VECTOR('',#8399,1.);
#8399 = DIRECTION('',(0.,0.,1.));
#8400 = FACE_BOUND('',#8401,.F.);
#8401 = EDGE_LOOP('',(#8402));
#8402 = ORIENTED_EDGE('',*,*,#8403,.F.);
#8403 = EDGE_CURVE('',#8404,#8404,#8406,.T.);
#8404 = VERTEX_POINT('',#8405);
#8405 = CARTESIAN_POINT('',(-199.75,-145.,27.1));
#8406 = CIRCLE('',#8407,2.1);
#8407 = AXIS2_PLACEMENT_3D('',#8408,#8409,#8410);
#8408 = CARTESIAN_POINT('',(-199.75,-145.,25.));
#8409 = DIRECTION('',(0.,1.,0.));
#8410 = DIRECTION('',(0.,0.,1.));
#8411 = FACE_BOUND('',#8412,.F.);
#8412 = EDGE_LOOP('',(#8413));
#8413 = ORIENTED_EDGE('',*,*,#8414,.F.);
#8414 = EDGE_CURVE('',#8415,#8415,#8417,.T.);
#8415 = VERTEX_POINT('',#8416);
#8416 = CARTESIAN_POINT('',(-150.25,-145.,27.1));
#8417 = CIRCLE('',#8418,2.1);
#8418 = AXIS2_PLACEMENT_3D('',#8419,#8420,#8421);
#8419 = CARTESIAN_POINT('',(-150.25,-145.,25.));
#8420 = DIRECTION('',(0.,1.,0.));
#8421 = DIRECTION('',(0.,0.,1.));
#8422 = FACE_BOUND('',#8423,.F.);
#8423 = EDGE_LOOP('',(#8424));
#8424 = ORIENTED_EDGE('',*,*,#8425,.F.);
#8425 = EDGE_CURVE('',#8426,#8426,#8428,.T.);
#8426 = VERTEX_POINT('',#8427);
#8427 = CARTESIAN_POINT('',(-175.,-145.,92.6));
#8428 = CIRCLE('',#8429,1.6);
#8429 = AXIS2_PLACEMENT_3D('',#8430,#8431,#8432);
#8430 = CARTESIAN_POINT('',(-175.,-145.,91.));
#8431 = DIRECTION('',(0.,1.,0.));
#8432 = DIRECTION('',(0.,0.,1.));
#8433 = FACE_BOUND('',#8434,.F.);
#8434 = EDGE_LOOP('',(#8435));
#8435 = ORIENTED_EDGE('',*,*,#8436,.F.);
#8436 = EDGE_CURVE('',#8437,#8437,#8439,.T.);
#8437 = VERTEX_POINT('',#8438);
#8438 = CARTESIAN_POINT('',(-175.,-145.,109.));
#8439 = CIRCLE('',#8440,3.);
#8440 = AXIS2_PLACEMENT_3D('',#8441,#8442,#8443);
#8441 = CARTESIAN_POINT('',(-175.,-145.,106.));
#8442 = DIRECTION('',(0.,1.,0.));
#8443 = DIRECTION('',(0.,0.,1.));
#8444 = FACE_BOUND('',#8445,.F.);
#8445 = EDGE_LOOP('',(#8446));
#8446 = ORIENTED_EDGE('',*,*,#8447,.F.);
#8447 = EDGE_CURVE('',#8448,#8448,#8450,.T.);
#8448 = VERTEX_POINT('',#8449);
#8449 = CARTESIAN_POINT('',(-175.,-145.,122.6));
#8450 = CIRCLE('',#8451,1.6);
#8451 = AXIS2_PLACEMENT_3D('',#8452,#8453,#8454);
#8452 = CARTESIAN_POINT('',(-175.,-145.,121.));
#8453 = DIRECTION('',(0.,1.,0.));
#8454 = DIRECTION('',(0.,0.,1.));
#8455 = PLANE('',#8456);
#8456 = AXIS2_PLACEMENT_3D('',#8457,#8458,#8459);
#8457 = CARTESIAN_POINT('',(-231.,-145.,6.));
#8458 = DIRECTION('',(-0.,-1.,-0.));
#8459 = DIRECTION('',(0.,0.,-1.));
#8460 = ADVANCED_FACE('',(#8461,#8472,#8483,#8494,#8505),#8516,.T.);
#8461 = FACE_BOUND('',#8462,.F.);
#8462 = EDGE_LOOP('',(#8463,#8464,#8465,#8471));
#8463 = ORIENTED_EDGE('',*,*,#8061,.F.);
#8464 = ORIENTED_EDGE('',*,*,#8084,.T.);
#8465 = ORIENTED_EDGE('',*,*,#8466,.T.);
#8466 = EDGE_CURVE('',#8085,#8272,#8467,.T.);
#8467 = LINE('',#8468,#8469);
#8468 = CARTESIAN_POINT('',(-119.,-65.,136.));
#8469 = VECTOR('',#8470,1.);
#8470 = DIRECTION('',(-0.,-1.,-0.));
#8471 = ORIENTED_EDGE('',*,*,#8271,.F.);
#8472 = FACE_BOUND('',#8473,.F.);
#8473 = EDGE_LOOP('',(#8474));
#8474 = ORIENTED_EDGE('',*,*,#8475,.F.);
#8475 = EDGE_CURVE('',#8476,#8476,#8478,.T.);
#8476 = VERTEX_POINT('',#8477);
#8477 = CARTESIAN_POINT('',(-218.9,-75.,136.));
#8478 = CIRCLE('',#8479,2.1);
#8479 = AXIS2_PLACEMENT_3D('',#8480,#8481,#8482);
#8480 = CARTESIAN_POINT('',(-221.,-75.,136.));
#8481 = DIRECTION('',(0.,0.,-1.));
#8482 = DIRECTION('',(1.,0.,0.));
#8483 = FACE_BOUND('',#8484,.F.);
#8484 = EDGE_LOOP('',(#8485));
#8485 = ORIENTED_EDGE('',*,*,#8486,.F.);
#8486 = EDGE_CURVE('',#8487,#8487,#8489,.T.);
#8487 = VERTEX_POINT('',#8488);
#8488 = CARTESIAN_POINT('',(-126.9,-75.,136.));
#8489 = CIRCLE('',#8490,2.1);
#8490 = AXIS2_PLACEMENT_3D('',#8491,#8492,#8493);
#8491 = CARTESIAN_POINT('',(-129.,-75.,136.));
#8492 = DIRECTION('',(0.,0.,-1.));
#8493 = DIRECTION('',(1.,0.,0.));
#8494 = FACE_BOUND('',#8495,.F.);
#8495 = EDGE_LOOP('',(#8496));
#8496 = ORIENTED_EDGE('',*,*,#8497,.F.);
#8497 = EDGE_CURVE('',#8498,#8498,#8500,.T.);
#8498 = VERTEX_POINT('',#8499);
#8499 = CARTESIAN_POINT('',(-218.9,-135.,136.));
#8500 = CIRCLE('',#8501,2.1);
#8501 = AXIS2_PLACEMENT_3D('',#8502,#8503,#8504);
#8502 = CARTESIAN_POINT('',(-221.,-135.,136.));
#8503 = DIRECTION('',(0.,0.,-1.));
#8504 = DIRECTION('',(1.,0.,0.));
#8505 = FACE_BOUND('',#8506,.F.);
#8506 = EDGE_LOOP('',(#8507));
#8507 = ORIENTED_EDGE('',*,*,#8508,.F.);
#8508 = EDGE_CURVE('',#8509,#8509,#8511,.T.);
#8509 = VERTEX_POINT('',#8510);
#8510 = CARTESIAN_POINT('',(-126.9,-135.,136.));
#8511 = CIRCLE('',#8512,2.1);
#8512 = AXIS2_PLACEMENT_3D('',#8513,#8514,#8515);
#8513 = CARTESIAN_POINT('',(-129.,-135.,136.));
#8514 = DIRECTION('',(0.,0.,-1.));
#8515 = DIRECTION('',(1.,0.,0.));
#8516 = PLANE('',#8517);
#8517 = AXIS2_PLACEMENT_3D('',#8518,#8519,#8520);
#8518 = CARTESIAN_POINT('',(-231.,-65.,136.));
#8519 = DIRECTION('',(0.,0.,1.));
#8520 = DIRECTION('',(-1.,0.,0.));
#8521 = ADVANCED_FACE('',(#8522),#8533,.T.);
#8522 = FACE_BOUND('',#8523,.F.);
#8523 = EDGE_LOOP('',(#8524,#8525,#8531,#8532));
#8524 = ORIENTED_EDGE('',*,*,#8092,.F.);
#8525 = ORIENTED_EDGE('',*,*,#8526,.T.);
#8526 = EDGE_CURVE('',#8093,#8280,#8527,.T.);
#8527 = LINE('',#8528,#8529);
#8528 = CARTESIAN_POINT('',(-119.,-65.,6.));
#8529 = VECTOR('',#8530,1.);
#8530 = DIRECTION('',(-0.,-1.,-0.));
#8531 = ORIENTED_EDGE('',*,*,#8279,.T.);
#8532 = ORIENTED_EDGE('',*,*,#8466,.F.);
#8533 = PLANE('',#8534);
#8534 = AXIS2_PLACEMENT_3D('',#8535,#8536,#8537);
#8535 = CARTESIAN_POINT('',(-119.,-65.,6.));
#8536 = DIRECTION('',(1.,0.,0.));
#8537 = DIRECTION('',(0.,0.,-1.));
#8538 = ADVANCED_FACE('',(#8539,#8558,#8569),#8580,.F.);
#8539 = FACE_BOUND('',#8540,.T.);
#8540 = EDGE_LOOP('',(#8541,#8549,#8555,#8556,#8557));
#8541 = ORIENTED_EDGE('',*,*,#8542,.F.);
#8542 = EDGE_CURVE('',#8543,#8288,#8545,.T.);
#8543 = VERTEX_POINT('',#8544);
#8544 = CARTESIAN_POINT('',(-164.9,-145.,6.));
#8545 = LINE('',#8546,#8547);
#8546 = CARTESIAN_POINT('',(-231.,-145.,6.));
#8547 = VECTOR('',#8548,1.);
#8548 = DIRECTION('',(1.,0.,0.));
#8549 = ORIENTED_EDGE('',*,*,#8550,.F.);
#8550 = EDGE_CURVE('',#8101,#8543,#8551,.T.);
#8551 = LINE('',#8552,#8553);
#8552 = CARTESIAN_POINT('',(-164.9,-65.,6.));
#8553 = VECTOR('',#8554,1.);
#8554 = DIRECTION('',(-0.,-1.,-0.));
#8555 = ORIENTED_EDGE('',*,*,#8100,.T.);
#8556 = ORIENTED_EDGE('',*,*,#8526,.T.);
#8557 = ORIENTED_EDGE('',*,*,#8287,.F.);
#8558 = FACE_BOUND('',#8559,.T.);
#8559 = EDGE_LOOP('',(#8560));
#8560 = ORIENTED_EDGE('',*,*,#8561,.F.);
#8561 = EDGE_CURVE('',#8562,#8562,#8564,.T.);
#8562 = VERTEX_POINT('',#8563);
#8563 = CARTESIAN_POINT('',(-126.9,-75.,6.));
#8564 = CIRCLE('',#8565,2.1);
#8565 = AXIS2_PLACEMENT_3D('',#8566,#8567,#8568);
#8566 = CARTESIAN_POINT('',(-129.,-75.,6.));
#8567 = DIRECTION('',(0.,0.,-1.));
#8568 = DIRECTION('',(1.,0.,0.));
#8569 = FACE_BOUND('',#8570,.T.);
#8570 = EDGE_LOOP('',(#8571));
#8571 = ORIENTED_EDGE('',*,*,#8572,.F.);
#8572 = EDGE_CURVE('',#8573,#8573,#8575,.T.);
#8573 = VERTEX_POINT('',#8574);
#8574 = CARTESIAN_POINT('',(-126.9,-135.,6.));
#8575 = CIRCLE('',#8576,2.1);
#8576 = AXIS2_PLACEMENT_3D('',#8577,#8578,#8579);
#8577 = CARTESIAN_POINT('',(-129.,-135.,6.));
#8578 = DIRECTION('',(0.,0.,-1.));
#8579 = DIRECTION('',(1.,0.,0.));
#8580 = PLANE('',#8581);
#8581 = AXIS2_PLACEMENT_3D('',#8582,#8583,#8584);
#8582 = CARTESIAN_POINT('',(-231.,-65.,6.));
#8583 = DIRECTION('',(0.,0.,1.));
#8584 = DIRECTION('',(-1.,0.,0.));
#8585 = ADVANCED_FACE('',(#8586),#8604,.F.);
#8586 = FACE_BOUND('',#8587,.T.);
#8587 = EDGE_LOOP('',(#8588,#8589,#8590,#8598));
#8588 = ORIENTED_EDGE('',*,*,#8108,.F.);
#8589 = ORIENTED_EDGE('',*,*,#8550,.T.);
#8590 = ORIENTED_EDGE('',*,*,#8591,.T.);
#8591 = EDGE_CURVE('',#8543,#8592,#8594,.T.);
#8592 = VERTEX_POINT('',#8593);
#8593 = CARTESIAN_POINT('',(-164.9,-145.,44.));
#8594 = LINE('',#8595,#8596);
#8595 = CARTESIAN_POINT('',(-164.9,-145.,6.));
#8596 = VECTOR('',#8597,1.);
#8597 = DIRECTION('',(0.,0.,1.));
#8598 = ORIENTED_EDGE('',*,*,#8599,.F.);
#8599 = EDGE_CURVE('',#8109,#8592,#8600,.T.);
#8600 = LINE('',#8601,#8602);
#8601 = CARTESIAN_POINT('',(-164.9,-65.,44.));
#8602 = VECTOR('',#8603,1.);
#8603 = DIRECTION('',(-0.,-1.,-0.));
#8604 = PLANE('',#8605);
#8605 = AXIS2_PLACEMENT_3D('',#8606,#8607,#8608);
#8606 = CARTESIAN_POINT('',(-164.9,-65.,6.));
#8607 = DIRECTION('',(1.,0.,0.));
#8608 = DIRECTION('',(0.,0.,-1.));
#8609 = ADVANCED_FACE('',(#8610),#8628,.F.);
#8610 = FACE_BOUND('',#8611,.T.);
#8611 = EDGE_LOOP('',(#8612,#8620,#8621,#8622));
#8612 = ORIENTED_EDGE('',*,*,#8613,.F.);
#8613 = EDGE_CURVE('',#8117,#8614,#8616,.T.);
#8614 = VERTEX_POINT('',#8615);
#8615 = CARTESIAN_POINT('',(-185.1,-145.,44.));
#8616 = LINE('',#8617,#8618);
#8617 = CARTESIAN_POINT('',(-185.1,-65.,44.));
#8618 = VECTOR('',#8619,1.);
#8619 = DIRECTION('',(-0.,-1.,-0.));
#8620 = ORIENTED_EDGE('',*,*,#8116,.T.);
#8621 = ORIENTED_EDGE('',*,*,#8599,.T.);
#8622 = ORIENTED_EDGE('',*,*,#8623,.F.);
#8623 = EDGE_CURVE('',#8614,#8592,#8624,.T.);
#8624 = LINE('',#8625,#8626);
#8625 = CARTESIAN_POINT('',(-185.1,-145.,44.));
#8626 = VECTOR('',#8627,1.);
#8627 = DIRECTION('',(1.,0.,0.));
#8628 = PLANE('',#8629);
#8629 = AXIS2_PLACEMENT_3D('',#8630,#8631,#8632);
#8630 = CARTESIAN_POINT('',(-185.1,-65.,44.));
#8631 = DIRECTION('',(0.,0.,1.));
#8632 = DIRECTION('',(-1.,0.,0.));
#8633 = ADVANCED_FACE('',(#8634),#8645,.T.);
#8634 = FACE_BOUND('',#8635,.F.);
#8635 = EDGE_LOOP('',(#8636,#8637,#8638,#8644));
#8636 = ORIENTED_EDGE('',*,*,#8124,.F.);
#8637 = ORIENTED_EDGE('',*,*,#8225,.T.);
#8638 = ORIENTED_EDGE('',*,*,#8639,.T.);
#8639 = EDGE_CURVE('',#8226,#8614,#8640,.T.);
#8640 = LINE('',#8641,#8642);
#8641 = CARTESIAN_POINT('',(-185.1,-145.,6.));
#8642 = VECTOR('',#8643,1.);
#8643 = DIRECTION('',(0.,0.,1.));
#8644 = ORIENTED_EDGE('',*,*,#8613,.F.);
#8645 = PLANE('',#8646);
#8646 = AXIS2_PLACEMENT_3D('',#8647,#8648,#8649);
#8647 = CARTESIAN_POINT('',(-185.1,-65.,6.));
#8648 = DIRECTION('',(1.,0.,0.));
#8649 = DIRECTION('',(0.,0.,-1.));
#8650 = ADVANCED_FACE('',(#8651),#8662,.F.);
#8651 = FACE_BOUND('',#8652,.T.);
#8652 = EDGE_LOOP('',(#8653,#8654,#8660,#8661));
#8653 = ORIENTED_EDGE('',*,*,#8403,.F.);
#8654 = ORIENTED_EDGE('',*,*,#8655,.F.);
#8655 = EDGE_CURVE('',#8133,#8404,#8656,.T.);
#8656 = LINE('',#8657,#8658);
#8657 = CARTESIAN_POINT('',(-199.75,-65.,27.1));
#8658 = VECTOR('',#8659,1.);
#8659 = DIRECTION('',(-0.,-1.,-0.));
#8660 = ORIENTED_EDGE('',*,*,#8132,.T.);
#8661 = ORIENTED_EDGE('',*,*,#8655,.T.);
#8662 = CYLINDRICAL_SURFACE('',#8663,2.1);
#8663 = AXIS2_PLACEMENT_3D('',#8664,#8665,#8666);
#8664 = CARTESIAN_POINT('',(-199.75,-65.,25.));
#8665 = DIRECTION('',(-0.,-1.,-0.));
#8666 = DIRECTION('',(0.,0.,1.));
#8667 = ADVANCED_FACE('',(#8668),#8687,.F.);
#8668 = FACE_BOUND('',#8669,.T.);
#8669 = EDGE_LOOP('',(#8670,#8676,#8677,#8684,#8685,#8686));
#8670 = ORIENTED_EDGE('',*,*,#8671,.T.);
#8671 = EDGE_CURVE('',#8144,#8378,#8672,.T.);
#8672 = LINE('',#8673,#8674);
#8673 = CARTESIAN_POINT('',(-190.,-65.,107.6));
#8674 = VECTOR('',#8675,1.);
#8675 = DIRECTION('',(-0.,-1.,-0.));
#8676 = ORIENTED_EDGE('',*,*,#8386,.F.);
#8677 = ORIENTED_EDGE('',*,*,#8678,.F.);
#8678 = EDGE_CURVE('',#8370,#8387,#8679,.T.);
#8679 = CIRCLE('',#8680,1.6);
#8680 = AXIS2_PLACEMENT_3D('',#8681,#8682,#8683);
#8681 = CARTESIAN_POINT('',(-190.,-145.,106.));
#8682 = DIRECTION('',(0.,1.,0.));
#8683 = DIRECTION('',(0.,0.,1.));
#8684 = ORIENTED_EDGE('',*,*,#8377,.F.);
#8685 = ORIENTED_EDGE('',*,*,#8671,.F.);
#8686 = ORIENTED_EDGE('',*,*,#8143,.T.);
#8687 = CYLINDRICAL_SURFACE('',#8688,1.6);
#8688 = AXIS2_PLACEMENT_3D('',#8689,#8690,#8691);
#8689 = CARTESIAN_POINT('',(-190.,-65.,106.));
#8690 = DIRECTION('',(-0.,-1.,-0.));
#8691 = DIRECTION('',(0.,0.,1.));
#8692 = ADVANCED_FACE('',(#8693),#8704,.F.);
#8693 = FACE_BOUND('',#8694,.T.);
#8694 = EDGE_LOOP('',(#8695,#8696,#8702,#8703));
#8695 = ORIENTED_EDGE('',*,*,#8414,.F.);
#8696 = ORIENTED_EDGE('',*,*,#8697,.F.);
#8697 = EDGE_CURVE('',#8155,#8415,#8698,.T.);
#8698 = LINE('',#8699,#8700);
#8699 = CARTESIAN_POINT('',(-150.25,-65.,27.1));
#8700 = VECTOR('',#8701,1.);
#8701 = DIRECTION('',(-0.,-1.,-0.));
#8702 = ORIENTED_EDGE('',*,*,#8154,.T.);
#8703 = ORIENTED_EDGE('',*,*,#8697,.T.);
#8704 = CYLINDRICAL_SURFACE('',#8705,2.1);
#8705 = AXIS2_PLACEMENT_3D('',#8706,#8707,#8708);
#8706 = CARTESIAN_POINT('',(-150.25,-65.,25.));
#8707 = DIRECTION('',(-0.,-1.,-0.));
#8708 = DIRECTION('',(0.,0.,1.));
#8709 = ADVANCED_FACE('',(#8710),#8721,.F.);
#8710 = FACE_BOUND('',#8711,.T.);
#8711 = EDGE_LOOP('',(#8712,#8713,#8719,#8720));
#8712 = ORIENTED_EDGE('',*,*,#8425,.F.);
#8713 = ORIENTED_EDGE('',*,*,#8714,.F.);
#8714 = EDGE_CURVE('',#8166,#8426,#8715,.T.);
#8715 = LINE('',#8716,#8717);
#8716 = CARTESIAN_POINT('',(-175.,-65.,92.6));
#8717 = VECTOR('',#8718,1.);
#8718 = DIRECTION('',(-0.,-1.,-0.));
#8719 = ORIENTED_EDGE('',*,*,#8165,.T.);
#8720 = ORIENTED_EDGE('',*,*,#8714,.T.);
#8721 = CYLINDRICAL_SURFACE('',#8722,1.6);
#8722 = AXIS2_PLACEMENT_3D('',#8723,#8724,#8725);
#8723 = CARTESIAN_POINT('',(-175.,-65.,91.));
#8724 = DIRECTION('',(-0.,-1.,-0.));
#8725 = DIRECTION('',(0.,0.,1.));
#8726 = ADVANCED_FACE('',(#8727),#8738,.F.);
#8727 = FACE_BOUND('',#8728,.T.);
#8728 = EDGE_LOOP('',(#8729,#8730,#8736,#8737));
#8729 = ORIENTED_EDGE('',*,*,#8436,.F.);
#8730 = ORIENTED_EDGE('',*,*,#8731,.F.);
#8731 = EDGE_CURVE('',#8177,#8437,#8732,.T.);
#8732 = LINE('',#8733,#8734);
#8733 = CARTESIAN_POINT('',(-175.,-65.,109.));
#8734 = VECTOR('',#8735,1.);
#8735 = DIRECTION('',(-0.,-1.,-0.));
#8736 = ORIENTED_EDGE('',*,*,#8176,.T.);
#8737 = ORIENTED_EDGE('',*,*,#8731,.T.);
#8738 = CYLINDRICAL_SURFACE('',#8739,3.);
#8739 = AXIS2_PLACEMENT_3D('',#8740,#8741,#8742);
#8740 = CARTESIAN_POINT('',(-175.,-65.,106.));
#8741 = DIRECTION('',(-0.,-1.,-0.));
#8742 = DIRECTION('',(0.,0.,1.));
#8743 = ADVANCED_FACE('',(#8744),#8755,.F.);
#8744 = FACE_BOUND('',#8745,.T.);
#8745 = EDGE_LOOP('',(#8746,#8747,#8753,#8754));
#8746 = ORIENTED_EDGE('',*,*,#8447,.F.);
#8747 = ORIENTED_EDGE('',*,*,#8748,.F.);
#8748 = EDGE_CURVE('',#8188,#8448,#8749,.T.);
#8749 = LINE('',#8750,#8751);
#8750 = CARTESIAN_POINT('',(-175.,-65.,122.6));
#8751 = VECTOR('',#8752,1.);
#8752 = DIRECTION('',(-0.,-1.,-0.));
#8753 = ORIENTED_EDGE('',*,*,#8187,.T.);
#8754 = ORIENTED_EDGE('',*,*,#8748,.T.);
#8755 = CYLINDRICAL_SURFACE('',#8756,1.6);
#8756 = AXIS2_PLACEMENT_3D('',#8757,#8758,#8759);
#8757 = CARTESIAN_POINT('',(-175.,-65.,121.));
#8758 = DIRECTION('',(-0.,-1.,-0.));
#8759 = DIRECTION('',(0.,0.,1.));
#8760 = ADVANCED_FACE('',(#8761),#8780,.F.);
#8761 = FACE_BOUND('',#8762,.T.);
#8762 = EDGE_LOOP('',(#8763,#8769,#8770,#8777,#8778,#8779));
#8763 = ORIENTED_EDGE('',*,*,#8764,.T.);
#8764 = EDGE_CURVE('',#8199,#8304,#8765,.T.);
#8765 = LINE('',#8766,#8767);
#8766 = CARTESIAN_POINT('',(-160.,-65.,107.6));
#8767 = VECTOR('',#8768,1.);
#8768 = DIRECTION('',(-0.,-1.,-0.));
#8769 = ORIENTED_EDGE('',*,*,#8312,.F.);
#8770 = ORIENTED_EDGE('',*,*,#8771,.F.);
#8771 = EDGE_CURVE('',#8296,#8313,#8772,.T.);
#8772 = CIRCLE('',#8773,1.6);
#8773 = AXIS2_PLACEMENT_3D('',#8774,#8775,#8776);
#8774 = CARTESIAN_POINT('',(-160.,-145.,106.));
#8775 = DIRECTION('',(0.,1.,0.));
#8776 = DIRECTION('',(0.,0.,1.));
#8777 = ORIENTED_EDGE('',*,*,#8303,.F.);
#8778 = ORIENTED_EDGE('',*,*,#8764,.F.);
#8779 = ORIENTED_EDGE('',*,*,#8198,.T.);
#8780 = CYLINDRICAL_SURFACE('',#8781,1.6);
#8781 = AXIS2_PLACEMENT_3D('',#8782,#8783,#8784);
#8782 = CARTESIAN_POINT('',(-160.,-65.,106.));
#8783 = DIRECTION('',(-0.,-1.,-0.));
#8784 = DIRECTION('',(0.,0.,1.));
#8785 = ADVANCED_FACE('',(#8786,#8815,#8826,#8837),#8848,.F.);
#8786 = FACE_BOUND('',#8787,.T.);
#8787 = EDGE_LOOP('',(#8788,#8796,#8804,#8810,#8811,#8812,#8813,#8814));
#8788 = ORIENTED_EDGE('',*,*,#8789,.F.);
#8789 = EDGE_CURVE('',#8790,#8288,#8792,.T.);
#8790 = VERTEX_POINT('',#8791);
#8791 = CARTESIAN_POINT('',(-160.9,-145.,-65.5));
#8792 = LINE('',#8793,#8794);
#8793 = CARTESIAN_POINT('',(-160.9,-145.,-65.5));
#8794 = VECTOR('',#8795,1.);
#8795 = DIRECTION('',(0.,0.,1.));
#8796 = ORIENTED_EDGE('',*,*,#8797,.F.);
#8797 = EDGE_CURVE('',#8798,#8790,#8800,.T.);
#8798 = VERTEX_POINT('',#8799);
#8799 = CARTESIAN_POINT('',(-189.1,-145.,-65.5));
#8800 = LINE('',#8801,#8802);
#8801 = CARTESIAN_POINT('',(-189.1,-145.,-65.5));
#8802 = VECTOR('',#8803,1.);
#8803 = DIRECTION('',(1.,0.,0.));
#8804 = ORIENTED_EDGE('',*,*,#8805,.T.);
#8805 = EDGE_CURVE('',#8798,#8216,#8806,.T.);
#8806 = LINE('',#8807,#8808);
#8807 = CARTESIAN_POINT('',(-189.1,-145.,-65.5));
#8808 = VECTOR('',#8809,1.);
#8809 = DIRECTION('',(0.,0.,1.));
#8810 = ORIENTED_EDGE('',*,*,#8233,.T.);
#8811 = ORIENTED_EDGE('',*,*,#8639,.T.);
#8812 = ORIENTED_EDGE('',*,*,#8623,.T.);
#8813 = ORIENTED_EDGE('',*,*,#8591,.F.);
#8814 = ORIENTED_EDGE('',*,*,#8542,.T.);
#8815 = FACE_BOUND('',#8816,.T.);
#8816 = EDGE_LOOP('',(#8817));
#8817 = ORIENTED_EDGE('',*,*,#8818,.F.);
#8818 = EDGE_CURVE('',#8819,#8819,#8821,.T.);
#8819 = VERTEX_POINT('',#8820);
#8820 = CARTESIAN_POINT('',(-175.,-145.,-58.9));
#8821 = CIRCLE('',#8822,1.6);
#8822 = AXIS2_PLACEMENT_3D('',#8823,#8824,#8825);
#8823 = CARTESIAN_POINT('',(-175.,-145.,-60.5));
#8824 = DIRECTION('',(0.,1.,0.));
#8825 = DIRECTION('',(0.,0.,1.));
#8826 = FACE_BOUND('',#8827,.T.);
#8827 = EDGE_LOOP('',(#8828));
#8828 = ORIENTED_EDGE('',*,*,#8829,.F.);
#8829 = EDGE_CURVE('',#8830,#8830,#8832,.T.);
#8830 = VERTEX_POINT('',#8831);
#8831 = CARTESIAN_POINT('',(-175.,-145.,-28.9));
#8832 = CIRCLE('',#8833,1.6);
#8833 = AXIS2_PLACEMENT_3D('',#8834,#8835,#8836);
#8834 = CARTESIAN_POINT('',(-175.,-145.,-30.5));
#8835 = DIRECTION('',(0.,1.,0.));
#8836 = DIRECTION('',(0.,0.,1.));
#8837 = FACE_BOUND('',#8838,.T.);
#8838 = EDGE_LOOP('',(#8839));
#8839 = ORIENTED_EDGE('',*,*,#8840,.F.);
#8840 = EDGE_CURVE('',#8841,#8841,#8843,.T.);
#8841 = VERTEX_POINT('',#8842);
#8842 = CARTESIAN_POINT('',(-175.,-145.,-42.5));
#8843 = CIRCLE('',#8844,3.);
#8844 = AXIS2_PLACEMENT_3D('',#8845,#8846,#8847);
#8845 = CARTESIAN_POINT('',(-175.,-145.,-45.5));
#8846 = DIRECTION('',(0.,1.,0.));
#8847 = DIRECTION('',(0.,0.,1.));
#8848 = PLANE('',#8849);
#8849 = AXIS2_PLACEMENT_3D('',#8850,#8851,#8852);
#8850 = CARTESIAN_POINT('',(-189.1,-145.,-65.5));
#8851 = DIRECTION('',(-0.,-1.,-0.));
#8852 = DIRECTION('',(0.,0.,-1.));
#8853 = ADVANCED_FACE('',(#8854),#8865,.F.);
#8854 = FACE_BOUND('',#8855,.T.);
#8855 = EDGE_LOOP('',(#8856,#8857,#8863,#8864));
#8856 = ORIENTED_EDGE('',*,*,#8475,.F.);
#8857 = ORIENTED_EDGE('',*,*,#8858,.F.);
#8858 = EDGE_CURVE('',#8242,#8476,#8859,.T.);
#8859 = LINE('',#8860,#8861);
#8860 = CARTESIAN_POINT('',(-218.9,-75.,6.));
#8861 = VECTOR('',#8862,1.);
#8862 = DIRECTION('',(0.,0.,1.));
#8863 = ORIENTED_EDGE('',*,*,#8241,.T.);
#8864 = ORIENTED_EDGE('',*,*,#8858,.T.);
#8865 = CYLINDRICAL_SURFACE('',#8866,2.1);
#8866 = AXIS2_PLACEMENT_3D('',#8867,#8868,#8869);
#8867 = CARTESIAN_POINT('',(-221.,-75.,6.));
#8868 = DIRECTION('',(0.,0.,1.));
#8869 = DIRECTION('',(1.,0.,0.));
#8870 = ADVANCED_FACE('',(#8871),#8882,.F.);
#8871 = FACE_BOUND('',#8872,.T.);
#8872 = EDGE_LOOP('',(#8873,#8874,#8880,#8881));
#8873 = ORIENTED_EDGE('',*,*,#8497,.F.);
#8874 = ORIENTED_EDGE('',*,*,#8875,.F.);
#8875 = EDGE_CURVE('',#8253,#8498,#8876,.T.);
#8876 = LINE('',#8877,#8878);
#8877 = CARTESIAN_POINT('',(-218.9,-135.,6.));
#8878 = VECTOR('',#8879,1.);
#8879 = DIRECTION('',(0.,0.,1.));
#8880 = ORIENTED_EDGE('',*,*,#8252,.T.);
#8881 = ORIENTED_EDGE('',*,*,#8875,.T.);
#8882 = CYLINDRICAL_SURFACE('',#8883,2.1);
#8883 = AXIS2_PLACEMENT_3D('',#8884,#8885,#8886);
#8884 = CARTESIAN_POINT('',(-221.,-135.,6.));
#8885 = DIRECTION('',(0.,0.,1.));
#8886 = DIRECTION('',(1.,0.,0.));
#8887 = ADVANCED_FACE('',(#8888),#8921,.F.);
#8888 = FACE_BOUND('',#8889,.T.);
#8889 = EDGE_LOOP('',(#8890,#8891,#8899,#8907,#8913,#8914,#8920));
#8890 = ORIENTED_EDGE('',*,*,#8805,.F.);
#8891 = ORIENTED_EDGE('',*,*,#8892,.T.);
#8892 = EDGE_CURVE('',#8798,#8893,#8895,.T.);
#8893 = VERTEX_POINT('',#8894);
#8894 = CARTESIAN_POINT('',(-189.1,-153.,-65.5));
#8895 = LINE('',#8896,#8897);
#8896 = CARTESIAN_POINT('',(-189.1,-145.,-65.5));
#8897 = VECTOR('',#8898,1.);
#8898 = DIRECTION('',(-0.,-1.,-0.));
#8899 = ORIENTED_EDGE('',*,*,#8900,.T.);
#8900 = EDGE_CURVE('',#8893,#8901,#8903,.T.);
#8901 = VERTEX_POINT('',#8902);
#8902 = CARTESIAN_POINT('',(-189.1,-153.,125.));
#8903 = LINE('',#8904,#8905);
#8904 = CARTESIAN_POINT('',(-189.1,-153.,-65.5));
#8905 = VECTOR('',#8906,1.);
#8906 = DIRECTION('',(0.,0.,1.));
#8907 = ORIENTED_EDGE('',*,*,#8908,.F.);
#8908 = EDGE_CURVE('',#8362,#8901,#8909,.T.);
#8909 = LINE('',#8910,#8911);
#8910 = CARTESIAN_POINT('',(-189.1,-145.,125.));
#8911 = VECTOR('',#8912,1.);
#8912 = DIRECTION('',(-0.,-1.,-0.));
#8913 = ORIENTED_EDGE('',*,*,#8369,.F.);
#8914 = ORIENTED_EDGE('',*,*,#8915,.F.);
#8915 = EDGE_CURVE('',#8387,#8370,#8916,.T.);
#8916 = LINE('',#8917,#8918);
#8917 = CARTESIAN_POINT('',(-189.1,-145.,-65.5));
#8918 = VECTOR('',#8919,1.);
#8919 = DIRECTION('',(0.,0.,1.));
#8920 = ORIENTED_EDGE('',*,*,#8395,.F.);
#8921 = PLANE('',#8922);
#8922 = AXIS2_PLACEMENT_3D('',#8923,#8924,#8925);
#8923 = CARTESIAN_POINT('',(-189.1,-145.,-65.5));
#8924 = DIRECTION('',(1.,0.,0.));
#8925 = DIRECTION('',(0.,0.,-1.));
#8926 = ADVANCED_FACE('',(#8927),#8945,.T.);
#8927 = FACE_BOUND('',#8928,.F.);
#8928 = EDGE_LOOP('',(#8929,#8937,#8938,#8939));
#8929 = ORIENTED_EDGE('',*,*,#8930,.F.);
#8930 = EDGE_CURVE('',#8901,#8931,#8933,.T.);
#8931 = VERTEX_POINT('',#8932);
#8932 = CARTESIAN_POINT('',(-185.1,-153.,125.));
#8933 = LINE('',#8934,#8935);
#8934 = CARTESIAN_POINT('',(-189.1,-153.,125.));
#8935 = VECTOR('',#8936,1.);
#8936 = DIRECTION('',(1.,0.,0.));
#8937 = ORIENTED_EDGE('',*,*,#8908,.F.);
#8938 = ORIENTED_EDGE('',*,*,#8361,.T.);
#8939 = ORIENTED_EDGE('',*,*,#8940,.T.);
#8940 = EDGE_CURVE('',#8354,#8931,#8941,.T.);
#8941 = LINE('',#8942,#8943);
#8942 = CARTESIAN_POINT('',(-185.1,-145.,125.));
#8943 = VECTOR('',#8944,1.);
#8944 = DIRECTION('',(-0.,-1.,-0.));
#8945 = PLANE('',#8946);
#8946 = AXIS2_PLACEMENT_3D('',#8947,#8948,#8949);
#8947 = CARTESIAN_POINT('',(-189.1,-145.,125.));
#8948 = DIRECTION('',(0.,0.,1.));
#8949 = DIRECTION('',(-1.,0.,0.));
#8950 = ADVANCED_FACE('',(#8951),#8969,.T.);
#8951 = FACE_BOUND('',#8952,.F.);
#8952 = EDGE_LOOP('',(#8953,#8954,#8962,#8968));
#8953 = ORIENTED_EDGE('',*,*,#8353,.F.);
#8954 = ORIENTED_EDGE('',*,*,#8955,.T.);
#8955 = EDGE_CURVE('',#8346,#8956,#8958,.T.);
#8956 = VERTEX_POINT('',#8957);
#8957 = CARTESIAN_POINT('',(-185.1,-153.,87.));
#8958 = LINE('',#8959,#8960);
#8959 = CARTESIAN_POINT('',(-185.1,-145.,87.));
#8960 = VECTOR('',#8961,1.);
#8961 = DIRECTION('',(-0.,-1.,-0.));
#8962 = ORIENTED_EDGE('',*,*,#8963,.T.);
#8963 = EDGE_CURVE('',#8956,#8931,#8964,.T.);
#8964 = LINE('',#8965,#8966);
#8965 = CARTESIAN_POINT('',(-185.1,-153.,87.));
#8966 = VECTOR('',#8967,1.);
#8967 = DIRECTION('',(0.,0.,1.));
#8968 = ORIENTED_EDGE('',*,*,#8940,.F.);
#8969 = PLANE('',#8970);
#8970 = AXIS2_PLACEMENT_3D('',#8971,#8972,#8973);
#8971 = CARTESIAN_POINT('',(-185.1,-145.,87.));
#8972 = DIRECTION('',(1.,0.,0.));
#8973 = DIRECTION('',(0.,0.,-1.));
#8974 = ADVANCED_FACE('',(#8975),#8993,.T.);
#8975 = FACE_BOUND('',#8976,.F.);
#8976 = EDGE_LOOP('',(#8977,#8978,#8979,#8987));
#8977 = ORIENTED_EDGE('',*,*,#8955,.F.);
#8978 = ORIENTED_EDGE('',*,*,#8345,.T.);
#8979 = ORIENTED_EDGE('',*,*,#8980,.T.);
#8980 = EDGE_CURVE('',#8338,#8981,#8983,.T.);
#8981 = VERTEX_POINT('',#8982);
#8982 = CARTESIAN_POINT('',(-164.9,-153.,87.));
#8983 = LINE('',#8984,#8985);
#8984 = CARTESIAN_POINT('',(-164.9,-145.,87.));
#8985 = VECTOR('',#8986,1.);
#8986 = DIRECTION('',(-0.,-1.,-0.));
#8987 = ORIENTED_EDGE('',*,*,#8988,.F.);
#8988 = EDGE_CURVE('',#8956,#8981,#8989,.T.);
#8989 = LINE('',#8990,#8991);
#8990 = CARTESIAN_POINT('',(-185.1,-153.,87.));
#8991 = VECTOR('',#8992,1.);
#8992 = DIRECTION('',(1.,0.,0.));
#8993 = PLANE('',#8994);
#8994 = AXIS2_PLACEMENT_3D('',#8995,#8996,#8997);
#8995 = CARTESIAN_POINT('',(-185.1,-145.,87.));
#8996 = DIRECTION('',(0.,0.,1.));
#8997 = DIRECTION('',(-1.,0.,0.));
#8998 = ADVANCED_FACE('',(#8999),#9017,.F.);
#8999 = FACE_BOUND('',#9000,.T.);
#9000 = EDGE_LOOP('',(#9001,#9002,#9003,#9011));
#9001 = ORIENTED_EDGE('',*,*,#8337,.F.);
#9002 = ORIENTED_EDGE('',*,*,#8980,.T.);
#9003 = ORIENTED_EDGE('',*,*,#9004,.T.);
#9004 = EDGE_CURVE('',#8981,#9005,#9007,.T.);
#9005 = VERTEX_POINT('',#9006);
#9006 = CARTESIAN_POINT('',(-164.9,-153.,125.));
#9007 = LINE('',#9008,#9009);
#9008 = CARTESIAN_POINT('',(-164.9,-153.,87.));
#9009 = VECTOR('',#9010,1.);
#9010 = DIRECTION('',(0.,0.,1.));
#9011 = ORIENTED_EDGE('',*,*,#9012,.F.);
#9012 = EDGE_CURVE('',#8330,#9005,#9013,.T.);
#9013 = LINE('',#9014,#9015);
#9014 = CARTESIAN_POINT('',(-164.9,-145.,125.));
#9015 = VECTOR('',#9016,1.);
#9016 = DIRECTION('',(-0.,-1.,-0.));
#9017 = PLANE('',#9018);
#9018 = AXIS2_PLACEMENT_3D('',#9019,#9020,#9021);
#9019 = CARTESIAN_POINT('',(-164.9,-145.,87.));
#9020 = DIRECTION('',(1.,0.,0.));
#9021 = DIRECTION('',(0.,0.,-1.));
#9022 = ADVANCED_FACE('',(#9023),#9041,.T.);
#9023 = FACE_BOUND('',#9024,.F.);
#9024 = EDGE_LOOP('',(#9025,#9033,#9034,#9035));
#9025 = ORIENTED_EDGE('',*,*,#9026,.F.);
#9026 = EDGE_CURVE('',#9005,#9027,#9029,.T.);
#9027 = VERTEX_POINT('',#9028);
#9028 = CARTESIAN_POINT('',(-160.9,-153.,125.));
#9029 = LINE('',#9030,#9031);
#9030 = CARTESIAN_POINT('',(-189.1,-153.,125.));
#9031 = VECTOR('',#9032,1.);
#9032 = DIRECTION('',(1.,0.,0.));
#9033 = ORIENTED_EDGE('',*,*,#9012,.F.);
#9034 = ORIENTED_EDGE('',*,*,#8329,.T.);
#9035 = ORIENTED_EDGE('',*,*,#9036,.T.);
#9036 = EDGE_CURVE('',#8322,#9027,#9037,.T.);
#9037 = LINE('',#9038,#9039);
#9038 = CARTESIAN_POINT('',(-160.9,-145.,125.));
#9039 = VECTOR('',#9040,1.);
#9040 = DIRECTION('',(-0.,-1.,-0.));
#9041 = PLANE('',#9042);
#9042 = AXIS2_PLACEMENT_3D('',#9043,#9044,#9045);
#9043 = CARTESIAN_POINT('',(-189.1,-145.,125.));
#9044 = DIRECTION('',(0.,0.,1.));
#9045 = DIRECTION('',(-1.,0.,0.));
#9046 = ADVANCED_FACE('',(#9047),#9073,.T.);
#9047 = FACE_BOUND('',#9048,.F.);
#9048 = EDGE_LOOP('',(#9049,#9050,#9058,#9064,#9065,#9066,#9072));
#9049 = ORIENTED_EDGE('',*,*,#8789,.F.);
#9050 = ORIENTED_EDGE('',*,*,#9051,.T.);
#9051 = EDGE_CURVE('',#8790,#9052,#9054,.T.);
#9052 = VERTEX_POINT('',#9053);
#9053 = CARTESIAN_POINT('',(-160.9,-153.,-65.5));
#9054 = LINE('',#9055,#9056);
#9055 = CARTESIAN_POINT('',(-160.9,-145.,-65.5));
#9056 = VECTOR('',#9057,1.);
#9057 = DIRECTION('',(-0.,-1.,-0.));
#9058 = ORIENTED_EDGE('',*,*,#9059,.T.);
#9059 = EDGE_CURVE('',#9052,#9027,#9060,.T.);
#9060 = LINE('',#9061,#9062);
#9061 = CARTESIAN_POINT('',(-160.9,-153.,-65.5));
#9062 = VECTOR('',#9063,1.);
#9063 = DIRECTION('',(0.,0.,1.));
#9064 = ORIENTED_EDGE('',*,*,#9036,.F.);
#9065 = ORIENTED_EDGE('',*,*,#8321,.F.);
#9066 = ORIENTED_EDGE('',*,*,#9067,.F.);
#9067 = EDGE_CURVE('',#8296,#8313,#9068,.T.);
#9068 = LINE('',#9069,#9070);
#9069 = CARTESIAN_POINT('',(-160.9,-145.,-65.5));
#9070 = VECTOR('',#9071,1.);
#9071 = DIRECTION('',(0.,0.,1.));
#9072 = ORIENTED_EDGE('',*,*,#8295,.F.);
#9073 = PLANE('',#9074);
#9074 = AXIS2_PLACEMENT_3D('',#9075,#9076,#9077);
#9075 = CARTESIAN_POINT('',(-160.9,-145.,-65.5));
#9076 = DIRECTION('',(1.,0.,0.));
#9077 = DIRECTION('',(0.,0.,-1.));
#9078 = ADVANCED_FACE('',(#9079),#9090,.F.);
#9079 = FACE_BOUND('',#9080,.T.);
#9080 = EDGE_LOOP('',(#9081,#9082,#9088,#9089));
#9081 = ORIENTED_EDGE('',*,*,#8486,.F.);
#9082 = ORIENTED_EDGE('',*,*,#9083,.F.);
#9083 = EDGE_CURVE('',#8562,#8487,#9084,.T.);
#9084 = LINE('',#9085,#9086);
#9085 = CARTESIAN_POINT('',(-126.9,-75.,6.));
#9086 = VECTOR('',#9087,1.);
#9087 = DIRECTION('',(0.,0.,1.));
#9088 = ORIENTED_EDGE('',*,*,#8561,.T.);
#9089 = ORIENTED_EDGE('',*,*,#9083,.T.);
#9090 = CYLINDRICAL_SURFACE('',#9091,2.1);
#9091 = AXIS2_PLACEMENT_3D('',#9092,#9093,#9094);
#9092 = CARTESIAN_POINT('',(-129.,-75.,6.));
#9093 = DIRECTION('',(0.,0.,1.));
#9094 = DIRECTION('',(1.,0.,0.));
#9095 = ADVANCED_FACE('',(#9096),#9107,.F.);
#9096 = FACE_BOUND('',#9097,.T.);
#9097 = EDGE_LOOP('',(#9098,#9099,#9105,#9106));
#9098 = ORIENTED_EDGE('',*,*,#8508,.F.);
#9099 = ORIENTED_EDGE('',*,*,#9100,.F.);
#9100 = EDGE_CURVE('',#8573,#8509,#9101,.T.);
#9101 = LINE('',#9102,#9103);
#9102 = CARTESIAN_POINT('',(-126.9,-135.,6.));
#9103 = VECTOR('',#9104,1.);
#9104 = DIRECTION('',(0.,0.,1.));
#9105 = ORIENTED_EDGE('',*,*,#8572,.T.);
#9106 = ORIENTED_EDGE('',*,*,#9100,.T.);
#9107 = CYLINDRICAL_SURFACE('',#9108,2.1);
#9108 = AXIS2_PLACEMENT_3D('',#9109,#9110,#9111);
#9109 = CARTESIAN_POINT('',(-129.,-135.,6.));
#9110 = DIRECTION('',(0.,0.,1.));
#9111 = DIRECTION('',(1.,0.,0.));
#9112 = ADVANCED_FACE('',(#9113),#9117,.F.);
#9113 = FACE_BOUND('',#9114,.T.);
#9114 = EDGE_LOOP('',(#9115,#9116));
#9115 = ORIENTED_EDGE('',*,*,#8678,.T.);
#9116 = ORIENTED_EDGE('',*,*,#8915,.T.);
#9117 = PLANE('',#9118);
#9118 = AXIS2_PLACEMENT_3D('',#9119,#9120,#9121);
#9119 = CARTESIAN_POINT('',(-189.1,-145.,-65.5));
#9120 = DIRECTION('',(-0.,-1.,-0.));
#9121 = DIRECTION('',(0.,0.,-1.));
#9122 = ADVANCED_FACE('',(#9123),#9127,.F.);
#9123 = FACE_BOUND('',#9124,.T.);
#9124 = EDGE_LOOP('',(#9125,#9126));
#9125 = ORIENTED_EDGE('',*,*,#9067,.F.);
#9126 = ORIENTED_EDGE('',*,*,#8771,.T.);
#9127 = PLANE('',#9128);
#9128 = AXIS2_PLACEMENT_3D('',#9129,#9130,#9131);
#9129 = CARTESIAN_POINT('',(-189.1,-145.,-65.5));
#9130 = DIRECTION('',(-0.,-1.,-0.));
#9131 = DIRECTION('',(0.,0.,-1.));
#9132 = ADVANCED_FACE('',(#9133,#9174,#9185,#9196),#9207,.F.);
#9133 = FACE_BOUND('',#9134,.T.);
#9134 = EDGE_LOOP('',(#9135,#9145,#9151,#9152,#9160,#9168));
#9135 = ORIENTED_EDGE('',*,*,#9136,.F.);
#9136 = EDGE_CURVE('',#9137,#9139,#9141,.T.);
#9137 = VERTEX_POINT('',#9138);
#9138 = CARTESIAN_POINT('',(-189.1,-145.,-221.5));
#9139 = VERTEX_POINT('',#9140);
#9140 = CARTESIAN_POINT('',(-183.0622577482,-145.,-221.5));
#9141 = LINE('',#9142,#9143);
#9142 = CARTESIAN_POINT('',(-189.1,-145.,-221.5));
#9143 = VECTOR('',#9144,1.);
#9144 = DIRECTION('',(1.,0.,0.));
#9145 = ORIENTED_EDGE('',*,*,#9146,.T.);
#9146 = EDGE_CURVE('',#9137,#8798,#9147,.T.);
#9147 = LINE('',#9148,#9149);
#9148 = CARTESIAN_POINT('',(-189.1,-145.,-221.5));
#9149 = VECTOR('',#9150,1.);
#9150 = DIRECTION('',(0.,0.,1.));
#9151 = ORIENTED_EDGE('',*,*,#8797,.T.);
#9152 = ORIENTED_EDGE('',*,*,#9153,.F.);
#9153 = EDGE_CURVE('',#9154,#8790,#9156,.T.);
#9154 = VERTEX_POINT('',#9155);
#9155 = CARTESIAN_POINT('',(-160.9,-145.,-221.5));
#9156 = LINE('',#9157,#9158);
#9157 = CARTESIAN_POINT('',(-160.9,-145.,-221.5));
#9158 = VECTOR('',#9159,1.);
#9159 = DIRECTION('',(0.,0.,1.));
#9160 = ORIENTED_EDGE('',*,*,#9161,.F.);
#9161 = EDGE_CURVE('',#9162,#9154,#9164,.T.);
#9162 = VERTEX_POINT('',#9163);
#9163 = CARTESIAN_POINT('',(-166.9377422517,-145.,-221.5));
#9164 = LINE('',#9165,#9166);
#9165 = CARTESIAN_POINT('',(-189.1,-145.,-221.5));
#9166 = VECTOR('',#9167,1.);
#9167 = DIRECTION('',(1.,0.,0.));
#9168 = ORIENTED_EDGE('',*,*,#9169,.F.);
#9169 = EDGE_CURVE('',#9139,#9162,#9170,.T.);
#9170 = LINE('',#9171,#9172);
#9171 = CARTESIAN_POINT('',(-189.1,-145.,-221.5));
#9172 = VECTOR('',#9173,1.);
#9173 = DIRECTION('',(1.,0.,0.));
#9174 = FACE_BOUND('',#9175,.T.);
#9175 = EDGE_LOOP('',(#9176));
#9176 = ORIENTED_EDGE('',*,*,#9177,.F.);
#9177 = EDGE_CURVE('',#9178,#9178,#9180,.T.);
#9178 = VERTEX_POINT('',#9179);
#9179 = CARTESIAN_POINT('',(-175.,-145.,-98.9));
#9180 = CIRCLE('',#9181,1.6);
#9181 = AXIS2_PLACEMENT_3D('',#9182,#9183,#9184);
#9182 = CARTESIAN_POINT('',(-175.,-145.,-100.5));
#9183 = DIRECTION('',(0.,1.,0.));
#9184 = DIRECTION('',(0.,0.,1.));
#9185 = FACE_BOUND('',#9186,.T.);
#9186 = EDGE_LOOP('',(#9187));
#9187 = ORIENTED_EDGE('',*,*,#9188,.F.);
#9188 = EDGE_CURVE('',#9189,#9189,#9191,.T.);
#9189 = VERTEX_POINT('',#9190);
#9190 = CARTESIAN_POINT('',(-175.,-145.,-82.5));
#9191 = CIRCLE('',#9192,3.);
#9192 = AXIS2_PLACEMENT_3D('',#9193,#9194,#9195);
#9193 = CARTESIAN_POINT('',(-175.,-145.,-85.5));
#9194 = DIRECTION('',(0.,1.,0.));
#9195 = DIRECTION('',(0.,0.,1.));
#9196 = FACE_BOUND('',#9197,.T.);
#9197 = EDGE_LOOP('',(#9198));
#9198 = ORIENTED_EDGE('',*,*,#9199,.F.);
#9199 = EDGE_CURVE('',#9200,#9200,#9202,.T.);
#9200 = VERTEX_POINT('',#9201);
#9201 = CARTESIAN_POINT('',(-175.,-145.,-68.9));
#9202 = CIRCLE('',#9203,1.6);
#9203 = AXIS2_PLACEMENT_3D('',#9204,#9205,#9206);
#9204 = CARTESIAN_POINT('',(-175.,-145.,-70.5));
#9205 = DIRECTION('',(0.,1.,0.));
#9206 = DIRECTION('',(0.,0.,1.));
#9207 = PLANE('',#9208);
#9208 = AXIS2_PLACEMENT_3D('',#9209,#9210,#9211);
#9209 = CARTESIAN_POINT('',(-189.1,-145.,-221.5));
#9210 = DIRECTION('',(-0.,-1.,-0.));
#9211 = DIRECTION('',(0.,0.,-1.));
#9212 = ADVANCED_FACE('',(#9213),#9232,.F.);
#9213 = FACE_BOUND('',#9214,.T.);
#9214 = EDGE_LOOP('',(#9215,#9224,#9230,#9231));
#9215 = ORIENTED_EDGE('',*,*,#9216,.F.);
#9216 = EDGE_CURVE('',#9217,#9217,#9219,.T.);
#9217 = VERTEX_POINT('',#9218);
#9218 = CARTESIAN_POINT('',(-175.,-153.,-58.9));
#9219 = CIRCLE('',#9220,1.6);
#9220 = AXIS2_PLACEMENT_3D('',#9221,#9222,#9223);
#9221 = CARTESIAN_POINT('',(-175.,-153.,-60.5));
#9222 = DIRECTION('',(0.,1.,0.));
#9223 = DIRECTION('',(0.,0.,1.));
#9224 = ORIENTED_EDGE('',*,*,#9225,.F.);
#9225 = EDGE_CURVE('',#8819,#9217,#9226,.T.);
#9226 = LINE('',#9227,#9228);
#9227 = CARTESIAN_POINT('',(-175.,-145.,-58.9));
#9228 = VECTOR('',#9229,1.);
#9229 = DIRECTION('',(-0.,-1.,-0.));
#9230 = ORIENTED_EDGE('',*,*,#8818,.T.);
#9231 = ORIENTED_EDGE('',*,*,#9225,.T.);
#9232 = CYLINDRICAL_SURFACE('',#9233,1.6);
#9233 = AXIS2_PLACEMENT_3D('',#9234,#9235,#9236);
#9234 = CARTESIAN_POINT('',(-175.,-145.,-60.5));
#9235 = DIRECTION('',(-0.,-1.,-0.));
#9236 = DIRECTION('',(0.,0.,1.));
#9237 = ADVANCED_FACE('',(#9238),#9257,.F.);
#9238 = FACE_BOUND('',#9239,.T.);
#9239 = EDGE_LOOP('',(#9240,#9249,#9255,#9256));
#9240 = ORIENTED_EDGE('',*,*,#9241,.F.);
#9241 = EDGE_CURVE('',#9242,#9242,#9244,.T.);
#9242 = VERTEX_POINT('',#9243);
#9243 = CARTESIAN_POINT('',(-175.,-153.,-28.9));
#9244 = CIRCLE('',#9245,1.6);
#9245 = AXIS2_PLACEMENT_3D('',#9246,#9247,#9248);
#9246 = CARTESIAN_POINT('',(-175.,-153.,-30.5));
#9247 = DIRECTION('',(0.,1.,0.));
#9248 = DIRECTION('',(0.,0.,1.));
#9249 = ORIENTED_EDGE('',*,*,#9250,.F.);
#9250 = EDGE_CURVE('',#8830,#9242,#9251,.T.);
#9251 = LINE('',#9252,#9253);
#9252 = CARTESIAN_POINT('',(-175.,-145.,-28.9));
#9253 = VECTOR('',#9254,1.);
#9254 = DIRECTION('',(-0.,-1.,-0.));
#9255 = ORIENTED_EDGE('',*,*,#8829,.T.);
#9256 = ORIENTED_EDGE('',*,*,#9250,.T.);
#9257 = CYLINDRICAL_SURFACE('',#9258,1.6);
#9258 = AXIS2_PLACEMENT_3D('',#9259,#9260,#9261);
#9259 = CARTESIAN_POINT('',(-175.,-145.,-30.5));
#9260 = DIRECTION('',(-0.,-1.,-0.));
#9261 = DIRECTION('',(0.,0.,1.));
#9262 = ADVANCED_FACE('',(#9263),#9282,.F.);
#9263 = FACE_BOUND('',#9264,.T.);
#9264 = EDGE_LOOP('',(#9265,#9274,#9280,#9281));
#9265 = ORIENTED_EDGE('',*,*,#9266,.F.);
#9266 = EDGE_CURVE('',#9267,#9267,#9269,.T.);
#9267 = VERTEX_POINT('',#9268);
#9268 = CARTESIAN_POINT('',(-175.,-153.,-42.5));
#9269 = CIRCLE('',#9270,3.);
#9270 = AXIS2_PLACEMENT_3D('',#9271,#9272,#9273);
#9271 = CARTESIAN_POINT('',(-175.,-153.,-45.5));
#9272 = DIRECTION('',(0.,1.,0.));
#9273 = DIRECTION('',(0.,0.,1.));
#9274 = ORIENTED_EDGE('',*,*,#9275,.F.);
#9275 = EDGE_CURVE('',#8841,#9267,#9276,.T.);
#9276 = LINE('',#9277,#9278);
#9277 = CARTESIAN_POINT('',(-175.,-145.,-42.5));
#9278 = VECTOR('',#9279,1.);
#9279 = DIRECTION('',(-0.,-1.,-0.));
#9280 = ORIENTED_EDGE('',*,*,#8840,.T.);
#9281 = ORIENTED_EDGE('',*,*,#9275,.T.);
#9282 = CYLINDRICAL_SURFACE('',#9283,3.);
#9283 = AXIS2_PLACEMENT_3D('',#9284,#9285,#9286);
#9284 = CARTESIAN_POINT('',(-175.,-145.,-45.5));
#9285 = DIRECTION('',(-0.,-1.,-0.));
#9286 = DIRECTION('',(0.,0.,1.));
#9287 = ADVANCED_FACE('',(#9288),#9306,.F.);
#9288 = FACE_BOUND('',#9289,.T.);
#9289 = EDGE_LOOP('',(#9290,#9291,#9299,#9305));
#9290 = ORIENTED_EDGE('',*,*,#9146,.F.);
#9291 = ORIENTED_EDGE('',*,*,#9292,.T.);
#9292 = EDGE_CURVE('',#9137,#9293,#9295,.T.);
#9293 = VERTEX_POINT('',#9294);
#9294 = CARTESIAN_POINT('',(-189.1,-153.,-221.5));
#9295 = LINE('',#9296,#9297);
#9296 = CARTESIAN_POINT('',(-189.1,-145.,-221.5));
#9297 = VECTOR('',#9298,1.);
#9298 = DIRECTION('',(-0.,-1.,-0.));
#9299 = ORIENTED_EDGE('',*,*,#9300,.T.);
#9300 = EDGE_CURVE('',#9293,#8893,#9301,.T.);
#9301 = LINE('',#9302,#9303);
#9302 = CARTESIAN_POINT('',(-189.1,-153.,-221.5));
#9303 = VECTOR('',#9304,1.);
#9304 = DIRECTION('',(0.,0.,1.));
#9305 = ORIENTED_EDGE('',*,*,#8892,.F.);
#9306 = PLANE('',#9307);
#9307 = AXIS2_PLACEMENT_3D('',#9308,#9309,#9310);
#9308 = CARTESIAN_POINT('',(-189.1,-145.,-221.5));
#9309 = DIRECTION('',(1.,0.,0.));
#9310 = DIRECTION('',(0.,0.,-1.));
#9311 = ADVANCED_FACE('',(#9312,#9327,#9330,#9333),#9336,.T.);
#9312 = FACE_BOUND('',#9313,.F.);
#9313 = EDGE_LOOP('',(#9314,#9315,#9321,#9322,#9323,#9324,#9325,#9326));
#9314 = ORIENTED_EDGE('',*,*,#9059,.F.);
#9315 = ORIENTED_EDGE('',*,*,#9316,.F.);
#9316 = EDGE_CURVE('',#8893,#9052,#9317,.T.);
#9317 = LINE('',#9318,#9319);
#9318 = CARTESIAN_POINT('',(-189.1,-153.,-65.5));
#9319 = VECTOR('',#9320,1.);
#9320 = DIRECTION('',(1.,0.,0.));
#9321 = ORIENTED_EDGE('',*,*,#8900,.T.);
#9322 = ORIENTED_EDGE('',*,*,#8930,.T.);
#9323 = ORIENTED_EDGE('',*,*,#8963,.F.);
#9324 = ORIENTED_EDGE('',*,*,#8988,.T.);
#9325 = ORIENTED_EDGE('',*,*,#9004,.T.);
#9326 = ORIENTED_EDGE('',*,*,#9026,.T.);
#9327 = FACE_BOUND('',#9328,.F.);
#9328 = EDGE_LOOP('',(#9329));
#9329 = ORIENTED_EDGE('',*,*,#9216,.F.);
#9330 = FACE_BOUND('',#9331,.F.);
#9331 = EDGE_LOOP('',(#9332));
#9332 = ORIENTED_EDGE('',*,*,#9266,.F.);
#9333 = FACE_BOUND('',#9334,.F.);
#9334 = EDGE_LOOP('',(#9335));
#9335 = ORIENTED_EDGE('',*,*,#9241,.F.);
#9336 = PLANE('',#9337);
#9337 = AXIS2_PLACEMENT_3D('',#9338,#9339,#9340);
#9338 = CARTESIAN_POINT('',(-189.1,-153.,-65.5));
#9339 = DIRECTION('',(-0.,-1.,-0.));
#9340 = DIRECTION('',(0.,0.,-1.));
#9341 = ADVANCED_FACE('',(#9342),#9360,.T.);
#9342 = FACE_BOUND('',#9343,.F.);
#9343 = EDGE_LOOP('',(#9344,#9345,#9353,#9359));
#9344 = ORIENTED_EDGE('',*,*,#9153,.F.);
#9345 = ORIENTED_EDGE('',*,*,#9346,.T.);
#9346 = EDGE_CURVE('',#9154,#9347,#9349,.T.);
#9347 = VERTEX_POINT('',#9348);
#9348 = CARTESIAN_POINT('',(-160.9,-153.,-221.5));
#9349 = LINE('',#9350,#9351);
#9350 = CARTESIAN_POINT('',(-160.9,-145.,-221.5));
#9351 = VECTOR('',#9352,1.);
#9352 = DIRECTION('',(-0.,-1.,-0.));
#9353 = ORIENTED_EDGE('',*,*,#9354,.T.);
#9354 = EDGE_CURVE('',#9347,#9052,#9355,.T.);
#9355 = LINE('',#9356,#9357);
#9356 = CARTESIAN_POINT('',(-160.9,-153.,-221.5));
#9357 = VECTOR('',#9358,1.);
#9358 = DIRECTION('',(0.,0.,1.));
#9359 = ORIENTED_EDGE('',*,*,#9051,.F.);
#9360 = PLANE('',#9361);
#9361 = AXIS2_PLACEMENT_3D('',#9362,#9363,#9364);
#9362 = CARTESIAN_POINT('',(-160.9,-145.,-221.5));
#9363 = DIRECTION('',(1.,0.,0.));
#9364 = DIRECTION('',(0.,0.,-1.));
#9365 = ADVANCED_FACE('',(#9366),#9385,.F.);
#9366 = FACE_BOUND('',#9367,.T.);
#9367 = EDGE_LOOP('',(#9368,#9376,#9377,#9378));
#9368 = ORIENTED_EDGE('',*,*,#9369,.F.);
#9369 = EDGE_CURVE('',#9293,#9370,#9372,.T.);
#9370 = VERTEX_POINT('',#9371);
#9371 = CARTESIAN_POINT('',(-183.0622577482,-153.,-221.5));
#9372 = LINE('',#9373,#9374);
#9373 = CARTESIAN_POINT('',(-189.1,-153.,-221.5));
#9374 = VECTOR('',#9375,1.);
#9375 = DIRECTION('',(1.,0.,0.));
#9376 = ORIENTED_EDGE('',*,*,#9292,.F.);
#9377 = ORIENTED_EDGE('',*,*,#9136,.T.);
#9378 = ORIENTED_EDGE('',*,*,#9379,.F.);
#9379 = EDGE_CURVE('',#9370,#9139,#9380,.T.);
#9380 = CIRCLE('',#9381,9.);
#9381 = AXIS2_PLACEMENT_3D('',#9382,#9383,#9384);
#9382 = CARTESIAN_POINT('',(-175.,-149.,-221.5));
#9383 = DIRECTION('',(0.,0.,-1.));
#9384 = DIRECTION('',(1.,0.,0.));
#9385 = PLANE('',#9386);
#9386 = AXIS2_PLACEMENT_3D('',#9387,#9388,#9389);
#9387 = CARTESIAN_POINT('',(-189.1,-145.,-221.5));
#9388 = DIRECTION('',(0.,0.,1.));
#9389 = DIRECTION('',(-1.,0.,0.));
#9390 = ADVANCED_FACE('',(#9391),#9419,.F.);
#9391 = FACE_BOUND('',#9392,.T.);
#9392 = EDGE_LOOP('',(#9393,#9401,#9410,#9417,#9418));
#9393 = ORIENTED_EDGE('',*,*,#9394,.F.);
#9394 = EDGE_CURVE('',#9395,#9347,#9397,.T.);
#9395 = VERTEX_POINT('',#9396);
#9396 = CARTESIAN_POINT('',(-166.9377422517,-153.,-221.5));
#9397 = LINE('',#9398,#9399);
#9398 = CARTESIAN_POINT('',(-189.1,-153.,-221.5));
#9399 = VECTOR('',#9400,1.);
#9400 = DIRECTION('',(1.,0.,0.));
#9401 = ORIENTED_EDGE('',*,*,#9402,.F.);
#9402 = EDGE_CURVE('',#9403,#9395,#9405,.T.);
#9403 = VERTEX_POINT('',#9404);
#9404 = CARTESIAN_POINT('',(-166.,-149.,-221.5));
#9405 = CIRCLE('',#9406,9.);
#9406 = AXIS2_PLACEMENT_3D('',#9407,#9408,#9409);
#9407 = CARTESIAN_POINT('',(-175.,-149.,-221.5));
#9408 = DIRECTION('',(0.,0.,-1.));
#9409 = DIRECTION('',(1.,0.,0.));
#9410 = ORIENTED_EDGE('',*,*,#9411,.F.);
#9411 = EDGE_CURVE('',#9162,#9403,#9412,.T.);
#9412 = CIRCLE('',#9413,9.);
#9413 = AXIS2_PLACEMENT_3D('',#9414,#9415,#9416);
#9414 = CARTESIAN_POINT('',(-175.,-149.,-221.5));
#9415 = DIRECTION('',(0.,0.,-1.));
#9416 = DIRECTION('',(1.,0.,0.));
#9417 = ORIENTED_EDGE('',*,*,#9161,.T.);
#9418 = ORIENTED_EDGE('',*,*,#9346,.T.);
#9419 = PLANE('',#9420);
#9420 = AXIS2_PLACEMENT_3D('',#9421,#9422,#9423);
#9421 = CARTESIAN_POINT('',(-189.1,-145.,-221.5));
#9422 = DIRECTION('',(0.,0.,1.));
#9423 = DIRECTION('',(-1.,0.,0.));
#9424 = ADVANCED_FACE('',(#9425),#9435,.T.);
#9425 = FACE_BOUND('',#9426,.F.);
#9426 = EDGE_LOOP('',(#9427,#9434));
#9427 = ORIENTED_EDGE('',*,*,#9428,.T.);
#9428 = EDGE_CURVE('',#9139,#9162,#9429,.T.);
#9429 = CIRCLE('',#9430,9.);
#9430 = AXIS2_PLACEMENT_3D('',#9431,#9432,#9433);
#9431 = CARTESIAN_POINT('',(-175.,-149.,-221.5));
#9432 = DIRECTION('',(0.,0.,-1.));
#9433 = DIRECTION('',(1.,0.,0.));
#9434 = ORIENTED_EDGE('',*,*,#9169,.F.);
#9435 = PLANE('',#9436);
#9436 = AXIS2_PLACEMENT_3D('',#9437,#9438,#9439);
#9437 = CARTESIAN_POINT('',(-175.,-149.,-221.5));
#9438 = DIRECTION('',(0.,0.,1.));
#9439 = DIRECTION('',(-1.,0.,0.));
#9440 = ADVANCED_FACE('',(#9441),#9460,.F.);
#9441 = FACE_BOUND('',#9442,.T.);
#9442 = EDGE_LOOP('',(#9443,#9452,#9458,#9459));
#9443 = ORIENTED_EDGE('',*,*,#9444,.F.);
#9444 = EDGE_CURVE('',#9445,#9445,#9447,.T.);
#9445 = VERTEX_POINT('',#9446);
#9446 = CARTESIAN_POINT('',(-175.,-153.,-98.9));
#9447 = CIRCLE('',#9448,1.6);
#9448 = AXIS2_PLACEMENT_3D('',#9449,#9450,#9451);
#9449 = CARTESIAN_POINT('',(-175.,-153.,-100.5));
#9450 = DIRECTION('',(0.,1.,0.));
#9451 = DIRECTION('',(0.,0.,1.));
#9452 = ORIENTED_EDGE('',*,*,#9453,.F.);
#9453 = EDGE_CURVE('',#9178,#9445,#9454,.T.);
#9454 = LINE('',#9455,#9456);
#9455 = CARTESIAN_POINT('',(-175.,-145.,-98.9));
#9456 = VECTOR('',#9457,1.);
#9457 = DIRECTION('',(-0.,-1.,-0.));
#9458 = ORIENTED_EDGE('',*,*,#9177,.T.);
#9459 = ORIENTED_EDGE('',*,*,#9453,.T.);
#9460 = CYLINDRICAL_SURFACE('',#9461,1.6);
#9461 = AXIS2_PLACEMENT_3D('',#9462,#9463,#9464);
#9462 = CARTESIAN_POINT('',(-175.,-145.,-100.5));
#9463 = DIRECTION('',(-0.,-1.,-0.));
#9464 = DIRECTION('',(0.,0.,1.));
#9465 = ADVANCED_FACE('',(#9466),#9485,.F.);
#9466 = FACE_BOUND('',#9467,.T.);
#9467 = EDGE_LOOP('',(#9468,#9477,#9483,#9484));
#9468 = ORIENTED_EDGE('',*,*,#9469,.F.);
#9469 = EDGE_CURVE('',#9470,#9470,#9472,.T.);
#9470 = VERTEX_POINT('',#9471);
#9471 = CARTESIAN_POINT('',(-175.,-153.,-82.5));
#9472 = CIRCLE('',#9473,3.);
#9473 = AXIS2_PLACEMENT_3D('',#9474,#9475,#9476);
#9474 = CARTESIAN_POINT('',(-175.,-153.,-85.5));
#9475 = DIRECTION('',(0.,1.,0.));
#9476 = DIRECTION('',(0.,0.,1.));
#9477 = ORIENTED_EDGE('',*,*,#9478,.F.);
#9478 = EDGE_CURVE('',#9189,#9470,#9479,.T.);
#9479 = LINE('',#9480,#9481);
#9480 = CARTESIAN_POINT('',(-175.,-145.,-82.5));
#9481 = VECTOR('',#9482,1.);
#9482 = DIRECTION('',(-0.,-1.,-0.));
#9483 = ORIENTED_EDGE('',*,*,#9188,.T.);
#9484 = ORIENTED_EDGE('',*,*,#9478,.T.);
#9485 = CYLINDRICAL_SURFACE('',#9486,3.);
#9486 = AXIS2_PLACEMENT_3D('',#9487,#9488,#9489);
#9487 = CARTESIAN_POINT('',(-175.,-145.,-85.5));
#9488 = DIRECTION('',(-0.,-1.,-0.));
#9489 = DIRECTION('',(0.,0.,1.));
#9490 = ADVANCED_FACE('',(#9491),#9510,.F.);
#9491 = FACE_BOUND('',#9492,.T.);
#9492 = EDGE_LOOP('',(#9493,#9502,#9508,#9509));
#9493 = ORIENTED_EDGE('',*,*,#9494,.F.);
#9494 = EDGE_CURVE('',#9495,#9495,#9497,.T.);
#9495 = VERTEX_POINT('',#9496);
#9496 = CARTESIAN_POINT('',(-175.,-153.,-68.9));
#9497 = CIRCLE('',#9498,1.6);
#9498 = AXIS2_PLACEMENT_3D('',#9499,#9500,#9501);
#9499 = CARTESIAN_POINT('',(-175.,-153.,-70.5));
#9500 = DIRECTION('',(0.,1.,0.));
#9501 = DIRECTION('',(0.,0.,1.));
#9502 = ORIENTED_EDGE('',*,*,#9503,.F.);
#9503 = EDGE_CURVE('',#9200,#9495,#9504,.T.);
#9504 = LINE('',#9505,#9506);
#9505 = CARTESIAN_POINT('',(-175.,-145.,-68.9));
#9506 = VECTOR('',#9507,1.);
#9507 = DIRECTION('',(-0.,-1.,-0.));
#9508 = ORIENTED_EDGE('',*,*,#9199,.T.);
#9509 = ORIENTED_EDGE('',*,*,#9503,.T.);
#9510 = CYLINDRICAL_SURFACE('',#9511,1.6);
#9511 = AXIS2_PLACEMENT_3D('',#9512,#9513,#9514);
#9512 = CARTESIAN_POINT('',(-175.,-145.,-70.5));
#9513 = DIRECTION('',(-0.,-1.,-0.));
#9514 = DIRECTION('',(0.,0.,1.));
#9515 = ADVANCED_FACE('',(#9516,#9529,#9532,#9535),#9538,.T.);
#9516 = FACE_BOUND('',#9517,.F.);
#9517 = EDGE_LOOP('',(#9518,#9519,#9520,#9521,#9522,#9523));
#9518 = ORIENTED_EDGE('',*,*,#9369,.F.);
#9519 = ORIENTED_EDGE('',*,*,#9300,.T.);
#9520 = ORIENTED_EDGE('',*,*,#9316,.T.);
#9521 = ORIENTED_EDGE('',*,*,#9354,.F.);
#9522 = ORIENTED_EDGE('',*,*,#9394,.F.);
#9523 = ORIENTED_EDGE('',*,*,#9524,.F.);
#9524 = EDGE_CURVE('',#9370,#9395,#9525,.T.);
#9525 = LINE('',#9526,#9527);
#9526 = CARTESIAN_POINT('',(-189.1,-153.,-221.5));
#9527 = VECTOR('',#9528,1.);
#9528 = DIRECTION('',(1.,0.,0.));
#9529 = FACE_BOUND('',#9530,.F.);
#9530 = EDGE_LOOP('',(#9531));
#9531 = ORIENTED_EDGE('',*,*,#9444,.F.);
#9532 = FACE_BOUND('',#9533,.F.);
#9533 = EDGE_LOOP('',(#9534));
#9534 = ORIENTED_EDGE('',*,*,#9469,.F.);
#9535 = FACE_BOUND('',#9536,.F.);
#9536 = EDGE_LOOP('',(#9537));
#9537 = ORIENTED_EDGE('',*,*,#9494,.F.);
#9538 = PLANE('',#9539);
#9539 = AXIS2_PLACEMENT_3D('',#9540,#9541,#9542);
#9540 = CARTESIAN_POINT('',(-189.1,-153.,-221.5));
#9541 = DIRECTION('',(-0.,-1.,-0.));
#9542 = DIRECTION('',(0.,0.,-1.));
#9543 = ADVANCED_FACE('',(#9544),#9573,.T.);
#9544 = FACE_BOUND('',#9545,.F.);
#9545 = EDGE_LOOP('',(#9546,#9554,#9555,#9556,#9557,#9564,#9565,#9566));
#9546 = ORIENTED_EDGE('',*,*,#9547,.T.);
#9547 = EDGE_CURVE('',#9548,#9403,#9550,.T.);
#9548 = VERTEX_POINT('',#9549);
#9549 = CARTESIAN_POINT('',(-166.,-149.,-231.5));
#9550 = LINE('',#9551,#9552);
#9551 = CARTESIAN_POINT('',(-166.,-149.,-231.5));
#9552 = VECTOR('',#9553,1.);
#9553 = DIRECTION('',(0.,0.,1.));
#9554 = ORIENTED_EDGE('',*,*,#9411,.F.);
#9555 = ORIENTED_EDGE('',*,*,#9428,.F.);
#9556 = ORIENTED_EDGE('',*,*,#9379,.F.);
#9557 = ORIENTED_EDGE('',*,*,#9558,.F.);
#9558 = EDGE_CURVE('',#9395,#9370,#9559,.T.);
#9559 = CIRCLE('',#9560,9.);
#9560 = AXIS2_PLACEMENT_3D('',#9561,#9562,#9563);
#9561 = CARTESIAN_POINT('',(-175.,-149.,-221.5));
#9562 = DIRECTION('',(0.,0.,-1.));
#9563 = DIRECTION('',(1.,0.,0.));
#9564 = ORIENTED_EDGE('',*,*,#9402,.F.);
#9565 = ORIENTED_EDGE('',*,*,#9547,.F.);
#9566 = ORIENTED_EDGE('',*,*,#9567,.T.);
#9567 = EDGE_CURVE('',#9548,#9548,#9568,.T.);
#9568 = CIRCLE('',#9569,9.);
#9569 = AXIS2_PLACEMENT_3D('',#9570,#9571,#9572);
#9570 = CARTESIAN_POINT('',(-175.,-149.,-231.5));
#9571 = DIRECTION('',(0.,0.,-1.));
#9572 = DIRECTION('',(1.,0.,0.));
#9573 = CYLINDRICAL_SURFACE('',#9574,9.);
#9574 = AXIS2_PLACEMENT_3D('',#9575,#9576,#9577);
#9575 = CARTESIAN_POINT('',(-175.,-149.,-231.5));
#9576 = DIRECTION('',(0.,0.,1.));
#9577 = DIRECTION('',(1.,0.,0.));
#9578 = ADVANCED_FACE('',(#9579),#9583,.T.);
#9579 = FACE_BOUND('',#9580,.F.);
#9580 = EDGE_LOOP('',(#9581,#9582));
#9581 = ORIENTED_EDGE('',*,*,#9524,.T.);
#9582 = ORIENTED_EDGE('',*,*,#9558,.T.);
#9583 = PLANE('',#9584);
#9584 = AXIS2_PLACEMENT_3D('',#9585,#9586,#9587);
#9585 = CARTESIAN_POINT('',(-175.,-149.,-221.5));
#9586 = DIRECTION('',(0.,0.,1.));
#9587 = DIRECTION('',(-1.,0.,0.));
#9588 = ADVANCED_FACE('',(#9589),#9592,.F.);
#9589 = FACE_BOUND('',#9590,.F.);
#9590 = EDGE_LOOP('',(#9591));
#9591 = ORIENTED_EDGE('',*,*,#9567,.F.);
#9592 = PLANE('',#9593);
#9593 = AXIS2_PLACEMENT_3D('',#9594,#9595,#9596);
#9594 = CARTESIAN_POINT('',(-175.,-149.,-231.5));
#9595 = DIRECTION('',(0.,0.,1.));
#9596 = DIRECTION('',(-1.,0.,0.));
#9597 = ( GEOMETRIC_REPRESENTATION_CONTEXT(3) 
GLOBAL_UNCERTAINTY_ASSIGNED_CONTEXT((#9601)) 
GLOBAL_UNIT_ASSIGNED_CONTEXT((#9598,#9599,#9600)) REPRESENTATION_CONTEXT
('Context #1','3D Context with UNIT and UNCERTAINTY') );
#9598 = ( LENGTH_UNIT() NAMED_UNIT(*) SI_UNIT(.MILLI.,.METRE.) );
#9599 = ( NAMED_UNIT(*) PLANE_ANGLE_UNIT() SI_UNIT($,.RADIAN.) );
#9600 = ( NAMED_UNIT(*) SI_UNIT($,.STERADIAN.) SOLID_ANGLE_UNIT() );
#9601 = UNCERTAINTY_MEASURE_WITH_UNIT(LENGTH_MEASURE(1.E-07),#9598,
  'distance_accuracy_value','confusion accuracy');
#9602 = PRODUCT_RELATED_PRODUCT_CATEGORY('part',$,(#7));
ENDSEC;
END-ISO-10303-21;
