ISO-10303-21;
HEADER;
FILE_DESCRIPTION(('FreeCAD Model'),'2;1');
FILE_NAME('Open CASCADE Shape Model','2026-09-12T22:01:47',('FreeCAD'),(
    'FreeCAD'),'Open CASCADE STEP processor 7.8','FreeCAD','Unknown');
FILE_SCHEMA(('AUTOMOTIVE_DESIGN { 1 0 10303 214 1 1 1 1 }'));
ENDSEC;
DATA;
#1 = APPLICATION_PROTOCOL_DEFINITION('international standard',
  'automotive_design',2000,#2);
#2 = APPLICATION_CONTEXT(
  'core data for automotive mechanical design processes');
#3 = SHAPE_DEFINITION_REPRESENTATION(#4,#10);
#4 = PRODUCT_DEFINITION_SHAPE('','',#5);
#5 = PRODUCT_DEFINITION('design','',#6,#9);
#6 = PRODUCT_DEFINITION_FORMATION('','',#7);
#7 = PRODUCT('Open CASCADE STEP translator 7.8 1',
  'Open CASCADE STEP translator 7.8 1','',(#8));
#8 = PRODUCT_CONTEXT('',#2,'mechanical');
#9 = PRODUCT_DEFINITION_CONTEXT('part definition',#2,'design');
#10 = SHAPE_REPRESENTATION('',(#11,#15,#579,#1143,#1983),#2858);
#11 = AXIS2_PLACEMENT_3D('',#12,#13,#14);
#12 = CARTESIAN_POINT('',(0.,0.,0.));
#13 = DIRECTION('',(0.,0.,1.));
#14 = DIRECTION('',(1.,0.,-0.));
#15 = MANIFOLD_SOLID_BREP('',#16);
#16 = CLOSED_SHELL('',(#17,#73,#104,#128,#159,#190,#221,#245,#269,#315,
    #361,#385,#424,#470,#487,#499,#511,#528,#545,#562));
#17 = ADVANCED_FACE('',(#18),#68,.F.);
#18 = FACE_BOUND('',#19,.T.);
#19 = EDGE_LOOP('',(#20,#30,#38,#46,#54,#62));
#20 = ORIENTED_EDGE('',*,*,#21,.F.);
#21 = EDGE_CURVE('',#22,#24,#26,.T.);
#22 = VERTEX_POINT('',#23);
#23 = CARTESIAN_POINT('',(-100.,145.,3.));
#24 = VERTEX_POINT('',#25);
#25 = CARTESIAN_POINT('',(-100.,145.,53.));
#26 = LINE('',#27,#28);
#27 = CARTESIAN_POINT('',(-100.,145.,3.));
#28 = VECTOR('',#29,1.);
#29 = DIRECTION('',(0.,0.,1.));
#30 = ORIENTED_EDGE('',*,*,#31,.T.);
#31 = EDGE_CURVE('',#22,#32,#34,.T.);
#32 = VERTEX_POINT('',#33);
#33 = CARTESIAN_POINT('',(-100.,142.,3.));
#34 = LINE('',#35,#36);
#35 = CARTESIAN_POINT('',(-100.,145.,3.));
#36 = VECTOR('',#37,1.);
#37 = DIRECTION('',(-0.,-1.,-0.));
#38 = ORIENTED_EDGE('',*,*,#39,.T.);
#39 = EDGE_CURVE('',#32,#40,#42,.T.);
#40 = VERTEX_POINT('',#41);
#41 = CARTESIAN_POINT('',(-100.,142.,6.));
#42 = LINE('',#43,#44);
#43 = CARTESIAN_POINT('',(-100.,142.,3.));
#44 = VECTOR('',#45,1.);
#45 = DIRECTION('',(0.,0.,1.));
#46 = ORIENTED_EDGE('',*,*,#47,.T.);
#47 = EDGE_CURVE('',#40,#48,#50,.T.);
#48 = VERTEX_POINT('',#49);
#49 = CARTESIAN_POINT('',(-100.,142.,50.));
#50 = LINE('',#51,#52);
#51 = CARTESIAN_POINT('',(-100.,142.,3.));
#52 = VECTOR('',#53,1.);
#53 = DIRECTION('',(0.,0.,1.));
#54 = ORIENTED_EDGE('',*,*,#55,.T.);
#55 = EDGE_CURVE('',#48,#56,#58,.T.);
#56 = VERTEX_POINT('',#57);
#57 = CARTESIAN_POINT('',(-100.,142.,53.));
#58 = LINE('',#59,#60);
#59 = CARTESIAN_POINT('',(-100.,142.,3.));
#60 = VECTOR('',#61,1.);
#61 = DIRECTION('',(0.,0.,1.));
#62 = ORIENTED_EDGE('',*,*,#63,.F.);
#63 = EDGE_CURVE('',#24,#56,#64,.T.);
#64 = LINE('',#65,#66);
#65 = CARTESIAN_POINT('',(-100.,145.,53.));
#66 = VECTOR('',#67,1.);
#67 = DIRECTION('',(-0.,-1.,-0.));
#68 = PLANE('',#69);
#69 = AXIS2_PLACEMENT_3D('',#70,#71,#72);
#70 = CARTESIAN_POINT('',(-100.,145.,3.));
#71 = DIRECTION('',(1.,0.,0.));
#72 = DIRECTION('',(0.,0.,-1.));
#73 = ADVANCED_FACE('',(#74),#99,.F.);
#74 = FACE_BOUND('',#75,.T.);
#75 = EDGE_LOOP('',(#76,#84,#85,#93));
#76 = ORIENTED_EDGE('',*,*,#77,.F.);
#77 = EDGE_CURVE('',#22,#78,#80,.T.);
#78 = VERTEX_POINT('',#79);
#79 = CARTESIAN_POINT('',(100.,145.,3.));
#80 = LINE('',#81,#82);
#81 = CARTESIAN_POINT('',(-100.,145.,3.));
#82 = VECTOR('',#83,1.);
#83 = DIRECTION('',(1.,0.,0.));
#84 = ORIENTED_EDGE('',*,*,#21,.T.);
#85 = ORIENTED_EDGE('',*,*,#86,.T.);
#86 = EDGE_CURVE('',#24,#87,#89,.T.);
#87 = VERTEX_POINT('',#88);
#88 = CARTESIAN_POINT('',(100.,145.,53.));
#89 = LINE('',#90,#91);
#90 = CARTESIAN_POINT('',(-100.,145.,53.));
#91 = VECTOR('',#92,1.);
#92 = DIRECTION('',(1.,0.,0.));
#93 = ORIENTED_EDGE('',*,*,#94,.F.);
#94 = EDGE_CURVE('',#78,#87,#95,.T.);
#95 = LINE('',#96,#97);
#96 = CARTESIAN_POINT('',(100.,145.,3.));
#97 = VECTOR('',#98,1.);
#98 = DIRECTION('',(0.,0.,1.));
#99 = PLANE('',#100);
#100 = AXIS2_PLACEMENT_3D('',#101,#102,#103);
#101 = CARTESIAN_POINT('',(-100.,145.,3.));
#102 = DIRECTION('',(-0.,-1.,-0.));
#103 = DIRECTION('',(0.,0.,-1.));
#104 = ADVANCED_FACE('',(#105),#123,.T.);
#105 = FACE_BOUND('',#106,.F.);
#106 = EDGE_LOOP('',(#107,#108,#109,#117));
#107 = ORIENTED_EDGE('',*,*,#63,.F.);
#108 = ORIENTED_EDGE('',*,*,#86,.T.);
#109 = ORIENTED_EDGE('',*,*,#110,.T.);
#110 = EDGE_CURVE('',#87,#111,#113,.T.);
#111 = VERTEX_POINT('',#112);
#112 = CARTESIAN_POINT('',(100.,142.,53.));
#113 = LINE('',#114,#115);
#114 = CARTESIAN_POINT('',(100.,145.,53.));
#115 = VECTOR('',#116,1.);
#116 = DIRECTION('',(-0.,-1.,-0.));
#117 = ORIENTED_EDGE('',*,*,#118,.F.);
#118 = EDGE_CURVE('',#56,#111,#119,.T.);
#119 = LINE('',#120,#121);
#120 = CARTESIAN_POINT('',(-100.,142.,53.));
#121 = VECTOR('',#122,1.);
#122 = DIRECTION('',(1.,0.,0.));
#123 = PLANE('',#124);
#124 = AXIS2_PLACEMENT_3D('',#125,#126,#127);
#125 = CARTESIAN_POINT('',(-100.,145.,53.));
#126 = DIRECTION('',(0.,0.,1.));
#127 = DIRECTION('',(-1.,0.,0.));
#128 = ADVANCED_FACE('',(#129),#154,.F.);
#129 = FACE_BOUND('',#130,.T.);
#130 = EDGE_LOOP('',(#131,#132,#140,#148));
#131 = ORIENTED_EDGE('',*,*,#39,.F.);
#132 = ORIENTED_EDGE('',*,*,#133,.T.);
#133 = EDGE_CURVE('',#32,#134,#136,.T.);
#134 = VERTEX_POINT('',#135);
#135 = CARTESIAN_POINT('',(-100.,132.,3.));
#136 = LINE('',#137,#138);
#137 = CARTESIAN_POINT('',(-100.,142.,3.));
#138 = VECTOR('',#139,1.);
#139 = DIRECTION('',(-0.,-1.,-0.));
#140 = ORIENTED_EDGE('',*,*,#141,.T.);
#141 = EDGE_CURVE('',#134,#142,#144,.T.);
#142 = VERTEX_POINT('',#143);
#143 = CARTESIAN_POINT('',(-100.,132.,6.));
#144 = LINE('',#145,#146);
#145 = CARTESIAN_POINT('',(-100.,132.,3.));
#146 = VECTOR('',#147,1.);
#147 = DIRECTION('',(0.,0.,1.));
#148 = ORIENTED_EDGE('',*,*,#149,.F.);
#149 = EDGE_CURVE('',#40,#142,#150,.T.);
#150 = LINE('',#151,#152);
#151 = CARTESIAN_POINT('',(-100.,142.,6.));
#152 = VECTOR('',#153,1.);
#153 = DIRECTION('',(-0.,-1.,-0.));
#154 = PLANE('',#155);
#155 = AXIS2_PLACEMENT_3D('',#156,#157,#158);
#156 = CARTESIAN_POINT('',(-100.,142.,3.));
#157 = DIRECTION('',(1.,0.,0.));
#158 = DIRECTION('',(0.,0.,-1.));
#159 = ADVANCED_FACE('',(#160),#185,.T.);
#160 = FACE_BOUND('',#161,.F.);
#161 = EDGE_LOOP('',(#162,#170,#171,#179));
#162 = ORIENTED_EDGE('',*,*,#163,.F.);
#163 = EDGE_CURVE('',#40,#164,#166,.T.);
#164 = VERTEX_POINT('',#165);
#165 = CARTESIAN_POINT('',(100.,142.,6.));
#166 = LINE('',#167,#168);
#167 = CARTESIAN_POINT('',(-100.,142.,6.));
#168 = VECTOR('',#169,1.);
#169 = DIRECTION('',(1.,0.,0.));
#170 = ORIENTED_EDGE('',*,*,#47,.T.);
#171 = ORIENTED_EDGE('',*,*,#172,.T.);
#172 = EDGE_CURVE('',#48,#173,#175,.T.);
#173 = VERTEX_POINT('',#174);
#174 = CARTESIAN_POINT('',(100.,142.,50.));
#175 = LINE('',#176,#177);
#176 = CARTESIAN_POINT('',(-100.,142.,50.));
#177 = VECTOR('',#178,1.);
#178 = DIRECTION('',(1.,0.,0.));
#179 = ORIENTED_EDGE('',*,*,#180,.F.);
#180 = EDGE_CURVE('',#164,#173,#181,.T.);
#181 = LINE('',#182,#183);
#182 = CARTESIAN_POINT('',(100.,142.,3.));
#183 = VECTOR('',#184,1.);
#184 = DIRECTION('',(0.,0.,1.));
#185 = PLANE('',#186);
#186 = AXIS2_PLACEMENT_3D('',#187,#188,#189);
#187 = CARTESIAN_POINT('',(-100.,142.,3.));
#188 = DIRECTION('',(-0.,-1.,-0.));
#189 = DIRECTION('',(0.,0.,-1.));
#190 = ADVANCED_FACE('',(#191),#216,.F.);
#191 = FACE_BOUND('',#192,.T.);
#192 = EDGE_LOOP('',(#193,#194,#202,#210));
#193 = ORIENTED_EDGE('',*,*,#55,.F.);
#194 = ORIENTED_EDGE('',*,*,#195,.T.);
#195 = EDGE_CURVE('',#48,#196,#198,.T.);
#196 = VERTEX_POINT('',#197);
#197 = CARTESIAN_POINT('',(-100.,132.,50.));
#198 = LINE('',#199,#200);
#199 = CARTESIAN_POINT('',(-100.,142.,50.));
#200 = VECTOR('',#201,1.);
#201 = DIRECTION('',(-0.,-1.,-0.));
#202 = ORIENTED_EDGE('',*,*,#203,.T.);
#203 = EDGE_CURVE('',#196,#204,#206,.T.);
#204 = VERTEX_POINT('',#205);
#205 = CARTESIAN_POINT('',(-100.,132.,53.));
#206 = LINE('',#207,#208);
#207 = CARTESIAN_POINT('',(-100.,132.,50.));
#208 = VECTOR('',#209,1.);
#209 = DIRECTION('',(0.,0.,1.));
#210 = ORIENTED_EDGE('',*,*,#211,.F.);
#211 = EDGE_CURVE('',#56,#204,#212,.T.);
#212 = LINE('',#213,#214);
#213 = CARTESIAN_POINT('',(-100.,142.,53.));
#214 = VECTOR('',#215,1.);
#215 = DIRECTION('',(-0.,-1.,-0.));
#216 = PLANE('',#217);
#217 = AXIS2_PLACEMENT_3D('',#218,#219,#220);
#218 = CARTESIAN_POINT('',(-100.,142.,50.));
#219 = DIRECTION('',(1.,0.,0.));
#220 = DIRECTION('',(0.,0.,-1.));
#221 = ADVANCED_FACE('',(#222),#240,.F.);
#222 = FACE_BOUND('',#223,.T.);
#223 = EDGE_LOOP('',(#224,#225,#226,#234));
#224 = ORIENTED_EDGE('',*,*,#31,.F.);
#225 = ORIENTED_EDGE('',*,*,#77,.T.);
#226 = ORIENTED_EDGE('',*,*,#227,.T.);
#227 = EDGE_CURVE('',#78,#228,#230,.T.);
#228 = VERTEX_POINT('',#229);
#229 = CARTESIAN_POINT('',(100.,142.,3.));
#230 = LINE('',#231,#232);
#231 = CARTESIAN_POINT('',(100.,145.,3.));
#232 = VECTOR('',#233,1.);
#233 = DIRECTION('',(-0.,-1.,-0.));
#234 = ORIENTED_EDGE('',*,*,#235,.F.);
#235 = EDGE_CURVE('',#32,#228,#236,.T.);
#236 = LINE('',#237,#238);
#237 = CARTESIAN_POINT('',(-100.,142.,3.));
#238 = VECTOR('',#239,1.);
#239 = DIRECTION('',(1.,0.,0.));
#240 = PLANE('',#241);
#241 = AXIS2_PLACEMENT_3D('',#242,#243,#244);
#242 = CARTESIAN_POINT('',(-100.,145.,3.));
#243 = DIRECTION('',(0.,0.,1.));
#244 = DIRECTION('',(-1.,0.,0.));
#245 = ADVANCED_FACE('',(#246),#264,.T.);
#246 = FACE_BOUND('',#247,.F.);
#247 = EDGE_LOOP('',(#248,#249,#250,#256,#257,#263));
#248 = ORIENTED_EDGE('',*,*,#94,.F.);
#249 = ORIENTED_EDGE('',*,*,#227,.T.);
#250 = ORIENTED_EDGE('',*,*,#251,.T.);
#251 = EDGE_CURVE('',#228,#164,#252,.T.);
#252 = LINE('',#253,#254);
#253 = CARTESIAN_POINT('',(100.,142.,3.));
#254 = VECTOR('',#255,1.);
#255 = DIRECTION('',(0.,0.,1.));
#256 = ORIENTED_EDGE('',*,*,#180,.T.);
#257 = ORIENTED_EDGE('',*,*,#258,.T.);
#258 = EDGE_CURVE('',#173,#111,#259,.T.);
#259 = LINE('',#260,#261);
#260 = CARTESIAN_POINT('',(100.,142.,3.));
#261 = VECTOR('',#262,1.);
#262 = DIRECTION('',(0.,0.,1.));
#263 = ORIENTED_EDGE('',*,*,#110,.F.);
#264 = PLANE('',#265);
#265 = AXIS2_PLACEMENT_3D('',#266,#267,#268);
#266 = CARTESIAN_POINT('',(100.,145.,3.));
#267 = DIRECTION('',(1.,0.,0.));
#268 = DIRECTION('',(0.,0.,-1.));
#269 = ADVANCED_FACE('',(#270,#288,#299),#310,.T.);
#270 = FACE_BOUND('',#271,.F.);
#271 = EDGE_LOOP('',(#272,#273,#274,#282));
#272 = ORIENTED_EDGE('',*,*,#211,.F.);
#273 = ORIENTED_EDGE('',*,*,#118,.T.);
#274 = ORIENTED_EDGE('',*,*,#275,.T.);
#275 = EDGE_CURVE('',#111,#276,#278,.T.);
#276 = VERTEX_POINT('',#277);
#277 = CARTESIAN_POINT('',(100.,132.,53.));
#278 = LINE('',#279,#280);
#279 = CARTESIAN_POINT('',(100.,142.,53.));
#280 = VECTOR('',#281,1.);
#281 = DIRECTION('',(-0.,-1.,-0.));
#282 = ORIENTED_EDGE('',*,*,#283,.F.);
#283 = EDGE_CURVE('',#204,#276,#284,.T.);
#284 = LINE('',#285,#286);
#285 = CARTESIAN_POINT('',(-100.,132.,53.));
#286 = VECTOR('',#287,1.);
#287 = DIRECTION('',(1.,0.,0.));
#288 = FACE_BOUND('',#289,.F.);
#289 = EDGE_LOOP('',(#290));
#290 = ORIENTED_EDGE('',*,*,#291,.F.);
#291 = EDGE_CURVE('',#292,#292,#294,.T.);
#292 = VERTEX_POINT('',#293);
#293 = CARTESIAN_POINT('',(-73.3,137.,53.));
#294 = CIRCLE('',#295,1.7);
#295 = AXIS2_PLACEMENT_3D('',#296,#297,#298);
#296 = CARTESIAN_POINT('',(-75.,137.,53.));
#297 = DIRECTION('',(0.,0.,-1.));
#298 = DIRECTION('',(1.,0.,0.));
#299 = FACE_BOUND('',#300,.F.);
#300 = EDGE_LOOP('',(#301));
#301 = ORIENTED_EDGE('',*,*,#302,.F.);
#302 = EDGE_CURVE('',#303,#303,#305,.T.);
#303 = VERTEX_POINT('',#304);
#304 = CARTESIAN_POINT('',(76.7,137.,53.));
#305 = CIRCLE('',#306,1.7);
#306 = AXIS2_PLACEMENT_3D('',#307,#308,#309);
#307 = CARTESIAN_POINT('',(75.,137.,53.));
#308 = DIRECTION('',(0.,0.,-1.));
#309 = DIRECTION('',(1.,0.,0.));
#310 = PLANE('',#311);
#311 = AXIS2_PLACEMENT_3D('',#312,#313,#314);
#312 = CARTESIAN_POINT('',(-100.,142.,53.));
#313 = DIRECTION('',(0.,0.,1.));
#314 = DIRECTION('',(-1.,0.,0.));
#315 = ADVANCED_FACE('',(#316,#334,#345),#356,.T.);
#316 = FACE_BOUND('',#317,.F.);
#317 = EDGE_LOOP('',(#318,#319,#320,#328));
#318 = ORIENTED_EDGE('',*,*,#149,.F.);
#319 = ORIENTED_EDGE('',*,*,#163,.T.);
#320 = ORIENTED_EDGE('',*,*,#321,.T.);
#321 = EDGE_CURVE('',#164,#322,#324,.T.);
#322 = VERTEX_POINT('',#323);
#323 = CARTESIAN_POINT('',(100.,132.,6.));
#324 = LINE('',#325,#326);
#325 = CARTESIAN_POINT('',(100.,142.,6.));
#326 = VECTOR('',#327,1.);
#327 = DIRECTION('',(-0.,-1.,-0.));
#328 = ORIENTED_EDGE('',*,*,#329,.F.);
#329 = EDGE_CURVE('',#142,#322,#330,.T.);
#330 = LINE('',#331,#332);
#331 = CARTESIAN_POINT('',(-100.,132.,6.));
#332 = VECTOR('',#333,1.);
#333 = DIRECTION('',(1.,0.,0.));
#334 = FACE_BOUND('',#335,.F.);
#335 = EDGE_LOOP('',(#336));
#336 = ORIENTED_EDGE('',*,*,#337,.F.);
#337 = EDGE_CURVE('',#338,#338,#340,.T.);
#338 = VERTEX_POINT('',#339);
#339 = CARTESIAN_POINT('',(-73.3,137.,6.));
#340 = CIRCLE('',#341,1.7);
#341 = AXIS2_PLACEMENT_3D('',#342,#343,#344);
#342 = CARTESIAN_POINT('',(-75.,137.,6.));
#343 = DIRECTION('',(0.,0.,-1.));
#344 = DIRECTION('',(1.,0.,0.));
#345 = FACE_BOUND('',#346,.F.);
#346 = EDGE_LOOP('',(#347));
#347 = ORIENTED_EDGE('',*,*,#348,.F.);
#348 = EDGE_CURVE('',#349,#349,#351,.T.);
#349 = VERTEX_POINT('',#350);
#350 = CARTESIAN_POINT('',(76.7,137.,6.));
#351 = CIRCLE('',#352,1.7);
#352 = AXIS2_PLACEMENT_3D('',#353,#354,#355);
#353 = CARTESIAN_POINT('',(75.,137.,6.));
#354 = DIRECTION('',(0.,0.,-1.));
#355 = DIRECTION('',(1.,0.,0.));
#356 = PLANE('',#357);
#357 = AXIS2_PLACEMENT_3D('',#358,#359,#360);
#358 = CARTESIAN_POINT('',(-100.,142.,6.));
#359 = DIRECTION('',(0.,0.,1.));
#360 = DIRECTION('',(-1.,0.,0.));
#361 = ADVANCED_FACE('',(#362),#380,.T.);
#362 = FACE_BOUND('',#363,.F.);
#363 = EDGE_LOOP('',(#364,#372,#373,#374));
#364 = ORIENTED_EDGE('',*,*,#365,.F.);
#365 = EDGE_CURVE('',#134,#366,#368,.T.);
#366 = VERTEX_POINT('',#367);
#367 = CARTESIAN_POINT('',(100.,132.,3.));
#368 = LINE('',#369,#370);
#369 = CARTESIAN_POINT('',(-100.,132.,3.));
#370 = VECTOR('',#371,1.);
#371 = DIRECTION('',(1.,0.,0.));
#372 = ORIENTED_EDGE('',*,*,#141,.T.);
#373 = ORIENTED_EDGE('',*,*,#329,.T.);
#374 = ORIENTED_EDGE('',*,*,#375,.F.);
#375 = EDGE_CURVE('',#366,#322,#376,.T.);
#376 = LINE('',#377,#378);
#377 = CARTESIAN_POINT('',(100.,132.,3.));
#378 = VECTOR('',#379,1.);
#379 = DIRECTION('',(0.,0.,1.));
#380 = PLANE('',#381);
#381 = AXIS2_PLACEMENT_3D('',#382,#383,#384);
#382 = CARTESIAN_POINT('',(-100.,132.,3.));
#383 = DIRECTION('',(-0.,-1.,-0.));
#384 = DIRECTION('',(0.,0.,-1.));
#385 = ADVANCED_FACE('',(#386,#397,#408),#419,.F.);
#386 = FACE_BOUND('',#387,.T.);
#387 = EDGE_LOOP('',(#388,#389,#390,#396));
#388 = ORIENTED_EDGE('',*,*,#133,.F.);
#389 = ORIENTED_EDGE('',*,*,#235,.T.);
#390 = ORIENTED_EDGE('',*,*,#391,.T.);
#391 = EDGE_CURVE('',#228,#366,#392,.T.);
#392 = LINE('',#393,#394);
#393 = CARTESIAN_POINT('',(100.,142.,3.));
#394 = VECTOR('',#395,1.);
#395 = DIRECTION('',(-0.,-1.,-0.));
#396 = ORIENTED_EDGE('',*,*,#365,.F.);
#397 = FACE_BOUND('',#398,.T.);
#398 = EDGE_LOOP('',(#399));
#399 = ORIENTED_EDGE('',*,*,#400,.F.);
#400 = EDGE_CURVE('',#401,#401,#403,.T.);
#401 = VERTEX_POINT('',#402);
#402 = CARTESIAN_POINT('',(-73.3,137.,3.));
#403 = CIRCLE('',#404,1.7);
#404 = AXIS2_PLACEMENT_3D('',#405,#406,#407);
#405 = CARTESIAN_POINT('',(-75.,137.,3.));
#406 = DIRECTION('',(0.,0.,-1.));
#407 = DIRECTION('',(1.,0.,0.));
#408 = FACE_BOUND('',#409,.T.);
#409 = EDGE_LOOP('',(#410));
#410 = ORIENTED_EDGE('',*,*,#411,.F.);
#411 = EDGE_CURVE('',#412,#412,#414,.T.);
#412 = VERTEX_POINT('',#413);
#413 = CARTESIAN_POINT('',(76.7,137.,3.));
#414 = CIRCLE('',#415,1.7);
#415 = AXIS2_PLACEMENT_3D('',#416,#417,#418);
#416 = CARTESIAN_POINT('',(75.,137.,3.));
#417 = DIRECTION('',(0.,0.,-1.));
#418 = DIRECTION('',(1.,0.,0.));
#419 = PLANE('',#420);
#420 = AXIS2_PLACEMENT_3D('',#421,#422,#423);
#421 = CARTESIAN_POINT('',(-100.,142.,3.));
#422 = DIRECTION('',(0.,0.,1.));
#423 = DIRECTION('',(-1.,0.,0.));
#424 = ADVANCED_FACE('',(#425,#443,#454),#465,.F.);
#425 = FACE_BOUND('',#426,.T.);
#426 = EDGE_LOOP('',(#427,#428,#429,#437));
#427 = ORIENTED_EDGE('',*,*,#195,.F.);
#428 = ORIENTED_EDGE('',*,*,#172,.T.);
#429 = ORIENTED_EDGE('',*,*,#430,.T.);
#430 = EDGE_CURVE('',#173,#431,#433,.T.);
#431 = VERTEX_POINT('',#432);
#432 = CARTESIAN_POINT('',(100.,132.,50.));
#433 = LINE('',#434,#435);
#434 = CARTESIAN_POINT('',(100.,142.,50.));
#435 = VECTOR('',#436,1.);
#436 = DIRECTION('',(-0.,-1.,-0.));
#437 = ORIENTED_EDGE('',*,*,#438,.F.);
#438 = EDGE_CURVE('',#196,#431,#439,.T.);
#439 = LINE('',#440,#441);
#440 = CARTESIAN_POINT('',(-100.,132.,50.));
#441 = VECTOR('',#442,1.);
#442 = DIRECTION('',(1.,0.,0.));
#443 = FACE_BOUND('',#444,.T.);
#444 = EDGE_LOOP('',(#445));
#445 = ORIENTED_EDGE('',*,*,#446,.F.);
#446 = EDGE_CURVE('',#447,#447,#449,.T.);
#447 = VERTEX_POINT('',#448);
#448 = CARTESIAN_POINT('',(-73.3,137.,50.));
#449 = CIRCLE('',#450,1.7);
#450 = AXIS2_PLACEMENT_3D('',#451,#452,#453);
#451 = CARTESIAN_POINT('',(-75.,137.,50.));
#452 = DIRECTION('',(0.,0.,-1.));
#453 = DIRECTION('',(1.,0.,0.));
#454 = FACE_BOUND('',#455,.T.);
#455 = EDGE_LOOP('',(#456));
#456 = ORIENTED_EDGE('',*,*,#457,.F.);
#457 = EDGE_CURVE('',#458,#458,#460,.T.);
#458 = VERTEX_POINT('',#459);
#459 = CARTESIAN_POINT('',(76.7,137.,50.));
#460 = CIRCLE('',#461,1.7);
#461 = AXIS2_PLACEMENT_3D('',#462,#463,#464);
#462 = CARTESIAN_POINT('',(75.,137.,50.));
#463 = DIRECTION('',(0.,0.,-1.));
#464 = DIRECTION('',(1.,0.,0.));
#465 = PLANE('',#466);
#466 = AXIS2_PLACEMENT_3D('',#467,#468,#469);
#467 = CARTESIAN_POINT('',(-100.,142.,50.));
#468 = DIRECTION('',(0.,0.,1.));
#469 = DIRECTION('',(-1.,0.,0.));
#470 = ADVANCED_FACE('',(#471),#482,.T.);
#471 = FACE_BOUND('',#472,.F.);
#472 = EDGE_LOOP('',(#473,#474,#475,#476));
#473 = ORIENTED_EDGE('',*,*,#438,.F.);
#474 = ORIENTED_EDGE('',*,*,#203,.T.);
#475 = ORIENTED_EDGE('',*,*,#283,.T.);
#476 = ORIENTED_EDGE('',*,*,#477,.F.);
#477 = EDGE_CURVE('',#431,#276,#478,.T.);
#478 = LINE('',#479,#480);
#479 = CARTESIAN_POINT('',(100.,132.,50.));
#480 = VECTOR('',#481,1.);
#481 = DIRECTION('',(0.,0.,1.));
#482 = PLANE('',#483);
#483 = AXIS2_PLACEMENT_3D('',#484,#485,#486);
#484 = CARTESIAN_POINT('',(-100.,132.,50.));
#485 = DIRECTION('',(-0.,-1.,-0.));
#486 = DIRECTION('',(0.,0.,-1.));
#487 = ADVANCED_FACE('',(#488),#494,.T.);
#488 = FACE_BOUND('',#489,.F.);
#489 = EDGE_LOOP('',(#490,#491,#492,#493));
#490 = ORIENTED_EDGE('',*,*,#251,.F.);
#491 = ORIENTED_EDGE('',*,*,#391,.T.);
#492 = ORIENTED_EDGE('',*,*,#375,.T.);
#493 = ORIENTED_EDGE('',*,*,#321,.F.);
#494 = PLANE('',#495);
#495 = AXIS2_PLACEMENT_3D('',#496,#497,#498);
#496 = CARTESIAN_POINT('',(100.,142.,3.));
#497 = DIRECTION('',(1.,0.,0.));
#498 = DIRECTION('',(0.,0.,-1.));
#499 = ADVANCED_FACE('',(#500),#506,.T.);
#500 = FACE_BOUND('',#501,.F.);
#501 = EDGE_LOOP('',(#502,#503,#504,#505));
#502 = ORIENTED_EDGE('',*,*,#258,.F.);
#503 = ORIENTED_EDGE('',*,*,#430,.T.);
#504 = ORIENTED_EDGE('',*,*,#477,.T.);
#505 = ORIENTED_EDGE('',*,*,#275,.F.);
#506 = PLANE('',#507);
#507 = AXIS2_PLACEMENT_3D('',#508,#509,#510);
#508 = CARTESIAN_POINT('',(100.,142.,50.));
#509 = DIRECTION('',(1.,0.,0.));
#510 = DIRECTION('',(0.,0.,-1.));
#511 = ADVANCED_FACE('',(#512),#523,.F.);
#512 = FACE_BOUND('',#513,.T.);
#513 = EDGE_LOOP('',(#514,#515,#521,#522));
#514 = ORIENTED_EDGE('',*,*,#291,.F.);
#515 = ORIENTED_EDGE('',*,*,#516,.F.);
#516 = EDGE_CURVE('',#447,#292,#517,.T.);
#517 = LINE('',#518,#519);
#518 = CARTESIAN_POINT('',(-73.3,137.,50.));
#519 = VECTOR('',#520,1.);
#520 = DIRECTION('',(0.,0.,1.));
#521 = ORIENTED_EDGE('',*,*,#446,.T.);
#522 = ORIENTED_EDGE('',*,*,#516,.T.);
#523 = CYLINDRICAL_SURFACE('',#524,1.7);
#524 = AXIS2_PLACEMENT_3D('',#525,#526,#527);
#525 = CARTESIAN_POINT('',(-75.,137.,50.));
#526 = DIRECTION('',(0.,0.,1.));
#527 = DIRECTION('',(1.,0.,0.));
#528 = ADVANCED_FACE('',(#529),#540,.F.);
#529 = FACE_BOUND('',#530,.T.);
#530 = EDGE_LOOP('',(#531,#532,#538,#539));
#531 = ORIENTED_EDGE('',*,*,#302,.F.);
#532 = ORIENTED_EDGE('',*,*,#533,.F.);
#533 = EDGE_CURVE('',#458,#303,#534,.T.);
#534 = LINE('',#535,#536);
#535 = CARTESIAN_POINT('',(76.7,137.,50.));
#536 = VECTOR('',#537,1.);
#537 = DIRECTION('',(0.,0.,1.));
#538 = ORIENTED_EDGE('',*,*,#457,.T.);
#539 = ORIENTED_EDGE('',*,*,#533,.T.);
#540 = CYLINDRICAL_SURFACE('',#541,1.7);
#541 = AXIS2_PLACEMENT_3D('',#542,#543,#544);
#542 = CARTESIAN_POINT('',(75.,137.,50.));
#543 = DIRECTION('',(0.,0.,1.));
#544 = DIRECTION('',(1.,0.,0.));
#545 = ADVANCED_FACE('',(#546),#557,.F.);
#546 = FACE_BOUND('',#547,.T.);
#547 = EDGE_LOOP('',(#548,#549,#555,#556));
#548 = ORIENTED_EDGE('',*,*,#337,.F.);
#549 = ORIENTED_EDGE('',*,*,#550,.F.);
#550 = EDGE_CURVE('',#401,#338,#551,.T.);
#551 = LINE('',#552,#553);
#552 = CARTESIAN_POINT('',(-73.3,137.,3.));
#553 = VECTOR('',#554,1.);
#554 = DIRECTION('',(0.,0.,1.));
#555 = ORIENTED_EDGE('',*,*,#400,.T.);
#556 = ORIENTED_EDGE('',*,*,#550,.T.);
#557 = CYLINDRICAL_SURFACE('',#558,1.7);
#558 = AXIS2_PLACEMENT_3D('',#559,#560,#561);
#559 = CARTESIAN_POINT('',(-75.,137.,3.));
#560 = DIRECTION('',(0.,0.,1.));
#561 = DIRECTION('',(1.,0.,0.));
#562 = ADVANCED_FACE('',(#563),#574,.F.);
#563 = FACE_BOUND('',#564,.T.);
#564 = EDGE_LOOP('',(#565,#566,#572,#573));
#565 = ORIENTED_EDGE('',*,*,#348,.F.);
#566 = ORIENTED_EDGE('',*,*,#567,.F.);
#567 = EDGE_CURVE('',#412,#349,#568,.T.);
#568 = LINE('',#569,#570);
#569 = CARTESIAN_POINT('',(76.7,137.,3.));
#570 = VECTOR('',#571,1.);
#571 = DIRECTION('',(0.,0.,1.));
#572 = ORIENTED_EDGE('',*,*,#411,.T.);
#573 = ORIENTED_EDGE('',*,*,#567,.T.);
#574 = CYLINDRICAL_SURFACE('',#575,1.7);
#575 = AXIS2_PLACEMENT_3D('',#576,#577,#578);
#576 = CARTESIAN_POINT('',(75.,137.,3.));
#577 = DIRECTION('',(0.,0.,1.));
#578 = DIRECTION('',(1.,0.,0.));
#579 = MANIFOLD_SOLID_BREP('',#580);
#580 = CLOSED_SHELL('',(#581,#637,#668,#692,#723,#754,#785,#809,#833,
    #879,#925,#949,#988,#1034,#1051,#1063,#1075,#1092,#1109,#1126));
#581 = ADVANCED_FACE('',(#582),#632,.F.);
#582 = FACE_BOUND('',#583,.F.);
#583 = EDGE_LOOP('',(#584,#594,#602,#610,#618,#626));
#584 = ORIENTED_EDGE('',*,*,#585,.F.);
#585 = EDGE_CURVE('',#586,#588,#590,.T.);
#586 = VERTEX_POINT('',#587);
#587 = CARTESIAN_POINT('',(-100.,-145.,3.));
#588 = VERTEX_POINT('',#589);
#589 = CARTESIAN_POINT('',(-100.,-145.,53.));
#590 = LINE('',#591,#592);
#591 = CARTESIAN_POINT('',(-100.,-145.,3.));
#592 = VECTOR('',#593,1.);
#593 = DIRECTION('',(0.,0.,1.));
#594 = ORIENTED_EDGE('',*,*,#595,.T.);
#595 = EDGE_CURVE('',#586,#596,#598,.T.);
#596 = VERTEX_POINT('',#597);
#597 = CARTESIAN_POINT('',(-100.,-142.,3.));
#598 = LINE('',#599,#600);
#599 = CARTESIAN_POINT('',(-100.,-145.,3.));
#600 = VECTOR('',#601,1.);
#601 = DIRECTION('',(0.,1.,0.));
#602 = ORIENTED_EDGE('',*,*,#603,.T.);
#603 = EDGE_CURVE('',#596,#604,#606,.T.);
#604 = VERTEX_POINT('',#605);
#605 = CARTESIAN_POINT('',(-100.,-142.,6.));
#606 = LINE('',#607,#608);
#607 = CARTESIAN_POINT('',(-100.,-142.,3.));
#608 = VECTOR('',#609,1.);
#609 = DIRECTION('',(0.,0.,1.));
#610 = ORIENTED_EDGE('',*,*,#611,.T.);
#611 = EDGE_CURVE('',#604,#612,#614,.T.);
#612 = VERTEX_POINT('',#613);
#613 = CARTESIAN_POINT('',(-100.,-142.,50.));
#614 = LINE('',#615,#616);
#615 = CARTESIAN_POINT('',(-100.,-142.,3.));
#616 = VECTOR('',#617,1.);
#617 = DIRECTION('',(0.,0.,1.));
#618 = ORIENTED_EDGE('',*,*,#619,.T.);
#619 = EDGE_CURVE('',#612,#620,#622,.T.);
#620 = VERTEX_POINT('',#621);
#621 = CARTESIAN_POINT('',(-100.,-142.,53.));
#622 = LINE('',#623,#624);
#623 = CARTESIAN_POINT('',(-100.,-142.,3.));
#624 = VECTOR('',#625,1.);
#625 = DIRECTION('',(0.,0.,1.));
#626 = ORIENTED_EDGE('',*,*,#627,.F.);
#627 = EDGE_CURVE('',#588,#620,#628,.T.);
#628 = LINE('',#629,#630);
#629 = CARTESIAN_POINT('',(-100.,-145.,53.));
#630 = VECTOR('',#631,1.);
#631 = DIRECTION('',(0.,1.,0.));
#632 = PLANE('',#633);
#633 = AXIS2_PLACEMENT_3D('',#634,#635,#636);
#634 = CARTESIAN_POINT('',(-100.,-145.,3.));
#635 = DIRECTION('',(1.,0.,0.));
#636 = DIRECTION('',(0.,0.,1.));
#637 = ADVANCED_FACE('',(#638),#663,.F.);
#638 = FACE_BOUND('',#639,.F.);
#639 = EDGE_LOOP('',(#640,#648,#649,#657));
#640 = ORIENTED_EDGE('',*,*,#641,.F.);
#641 = EDGE_CURVE('',#586,#642,#644,.T.);
#642 = VERTEX_POINT('',#643);
#643 = CARTESIAN_POINT('',(100.,-145.,3.));
#644 = LINE('',#645,#646);
#645 = CARTESIAN_POINT('',(-100.,-145.,3.));
#646 = VECTOR('',#647,1.);
#647 = DIRECTION('',(1.,0.,0.));
#648 = ORIENTED_EDGE('',*,*,#585,.T.);
#649 = ORIENTED_EDGE('',*,*,#650,.T.);
#650 = EDGE_CURVE('',#588,#651,#653,.T.);
#651 = VERTEX_POINT('',#652);
#652 = CARTESIAN_POINT('',(100.,-145.,53.));
#653 = LINE('',#654,#655);
#654 = CARTESIAN_POINT('',(-100.,-145.,53.));
#655 = VECTOR('',#656,1.);
#656 = DIRECTION('',(1.,0.,0.));
#657 = ORIENTED_EDGE('',*,*,#658,.F.);
#658 = EDGE_CURVE('',#642,#651,#659,.T.);
#659 = LINE('',#660,#661);
#660 = CARTESIAN_POINT('',(100.,-145.,3.));
#661 = VECTOR('',#662,1.);
#662 = DIRECTION('',(0.,0.,1.));
#663 = PLANE('',#664);
#664 = AXIS2_PLACEMENT_3D('',#665,#666,#667);
#665 = CARTESIAN_POINT('',(-100.,-145.,3.));
#666 = DIRECTION('',(0.,1.,0.));
#667 = DIRECTION('',(0.,0.,1.));
#668 = ADVANCED_FACE('',(#669),#687,.T.);
#669 = FACE_BOUND('',#670,.T.);
#670 = EDGE_LOOP('',(#671,#672,#673,#681));
#671 = ORIENTED_EDGE('',*,*,#627,.F.);
#672 = ORIENTED_EDGE('',*,*,#650,.T.);
#673 = ORIENTED_EDGE('',*,*,#674,.T.);
#674 = EDGE_CURVE('',#651,#675,#677,.T.);
#675 = VERTEX_POINT('',#676);
#676 = CARTESIAN_POINT('',(100.,-142.,53.));
#677 = LINE('',#678,#679);
#678 = CARTESIAN_POINT('',(100.,-145.,53.));
#679 = VECTOR('',#680,1.);
#680 = DIRECTION('',(0.,1.,0.));
#681 = ORIENTED_EDGE('',*,*,#682,.F.);
#682 = EDGE_CURVE('',#620,#675,#683,.T.);
#683 = LINE('',#684,#685);
#684 = CARTESIAN_POINT('',(-100.,-142.,53.));
#685 = VECTOR('',#686,1.);
#686 = DIRECTION('',(1.,0.,0.));
#687 = PLANE('',#688);
#688 = AXIS2_PLACEMENT_3D('',#689,#690,#691);
#689 = CARTESIAN_POINT('',(-100.,-145.,53.));
#690 = DIRECTION('',(0.,0.,1.));
#691 = DIRECTION('',(1.,0.,0.));
#692 = ADVANCED_FACE('',(#693),#718,.F.);
#693 = FACE_BOUND('',#694,.F.);
#694 = EDGE_LOOP('',(#695,#696,#704,#712));
#695 = ORIENTED_EDGE('',*,*,#603,.F.);
#696 = ORIENTED_EDGE('',*,*,#697,.T.);
#697 = EDGE_CURVE('',#596,#698,#700,.T.);
#698 = VERTEX_POINT('',#699);
#699 = CARTESIAN_POINT('',(-100.,-132.,3.));
#700 = LINE('',#701,#702);
#701 = CARTESIAN_POINT('',(-100.,-142.,3.));
#702 = VECTOR('',#703,1.);
#703 = DIRECTION('',(0.,1.,0.));
#704 = ORIENTED_EDGE('',*,*,#705,.T.);
#705 = EDGE_CURVE('',#698,#706,#708,.T.);
#706 = VERTEX_POINT('',#707);
#707 = CARTESIAN_POINT('',(-100.,-132.,6.));
#708 = LINE('',#709,#710);
#709 = CARTESIAN_POINT('',(-100.,-132.,3.));
#710 = VECTOR('',#711,1.);
#711 = DIRECTION('',(0.,0.,1.));
#712 = ORIENTED_EDGE('',*,*,#713,.F.);
#713 = EDGE_CURVE('',#604,#706,#714,.T.);
#714 = LINE('',#715,#716);
#715 = CARTESIAN_POINT('',(-100.,-142.,6.));
#716 = VECTOR('',#717,1.);
#717 = DIRECTION('',(0.,1.,0.));
#718 = PLANE('',#719);
#719 = AXIS2_PLACEMENT_3D('',#720,#721,#722);
#720 = CARTESIAN_POINT('',(-100.,-142.,3.));
#721 = DIRECTION('',(1.,0.,0.));
#722 = DIRECTION('',(0.,0.,1.));
#723 = ADVANCED_FACE('',(#724),#749,.T.);
#724 = FACE_BOUND('',#725,.T.);
#725 = EDGE_LOOP('',(#726,#734,#735,#743));
#726 = ORIENTED_EDGE('',*,*,#727,.F.);
#727 = EDGE_CURVE('',#604,#728,#730,.T.);
#728 = VERTEX_POINT('',#729);
#729 = CARTESIAN_POINT('',(100.,-142.,6.));
#730 = LINE('',#731,#732);
#731 = CARTESIAN_POINT('',(-100.,-142.,6.));
#732 = VECTOR('',#733,1.);
#733 = DIRECTION('',(1.,0.,0.));
#734 = ORIENTED_EDGE('',*,*,#611,.T.);
#735 = ORIENTED_EDGE('',*,*,#736,.T.);
#736 = EDGE_CURVE('',#612,#737,#739,.T.);
#737 = VERTEX_POINT('',#738);
#738 = CARTESIAN_POINT('',(100.,-142.,50.));
#739 = LINE('',#740,#741);
#740 = CARTESIAN_POINT('',(-100.,-142.,50.));
#741 = VECTOR('',#742,1.);
#742 = DIRECTION('',(1.,0.,0.));
#743 = ORIENTED_EDGE('',*,*,#744,.F.);
#744 = EDGE_CURVE('',#728,#737,#745,.T.);
#745 = LINE('',#746,#747);
#746 = CARTESIAN_POINT('',(100.,-142.,3.));
#747 = VECTOR('',#748,1.);
#748 = DIRECTION('',(0.,0.,1.));
#749 = PLANE('',#750);
#750 = AXIS2_PLACEMENT_3D('',#751,#752,#753);
#751 = CARTESIAN_POINT('',(-100.,-142.,3.));
#752 = DIRECTION('',(0.,1.,0.));
#753 = DIRECTION('',(0.,0.,1.));
#754 = ADVANCED_FACE('',(#755),#780,.F.);
#755 = FACE_BOUND('',#756,.F.);
#756 = EDGE_LOOP('',(#757,#758,#766,#774));
#757 = ORIENTED_EDGE('',*,*,#619,.F.);
#758 = ORIENTED_EDGE('',*,*,#759,.T.);
#759 = EDGE_CURVE('',#612,#760,#762,.T.);
#760 = VERTEX_POINT('',#761);
#761 = CARTESIAN_POINT('',(-100.,-132.,50.));
#762 = LINE('',#763,#764);
#763 = CARTESIAN_POINT('',(-100.,-142.,50.));
#764 = VECTOR('',#765,1.);
#765 = DIRECTION('',(0.,1.,0.));
#766 = ORIENTED_EDGE('',*,*,#767,.T.);
#767 = EDGE_CURVE('',#760,#768,#770,.T.);
#768 = VERTEX_POINT('',#769);
#769 = CARTESIAN_POINT('',(-100.,-132.,53.));
#770 = LINE('',#771,#772);
#771 = CARTESIAN_POINT('',(-100.,-132.,50.));
#772 = VECTOR('',#773,1.);
#773 = DIRECTION('',(0.,0.,1.));
#774 = ORIENTED_EDGE('',*,*,#775,.F.);
#775 = EDGE_CURVE('',#620,#768,#776,.T.);
#776 = LINE('',#777,#778);
#777 = CARTESIAN_POINT('',(-100.,-142.,53.));
#778 = VECTOR('',#779,1.);
#779 = DIRECTION('',(0.,1.,0.));
#780 = PLANE('',#781);
#781 = AXIS2_PLACEMENT_3D('',#782,#783,#784);
#782 = CARTESIAN_POINT('',(-100.,-142.,50.));
#783 = DIRECTION('',(1.,0.,0.));
#784 = DIRECTION('',(0.,0.,1.));
#785 = ADVANCED_FACE('',(#786),#804,.F.);
#786 = FACE_BOUND('',#787,.F.);
#787 = EDGE_LOOP('',(#788,#789,#790,#798));
#788 = ORIENTED_EDGE('',*,*,#595,.F.);
#789 = ORIENTED_EDGE('',*,*,#641,.T.);
#790 = ORIENTED_EDGE('',*,*,#791,.T.);
#791 = EDGE_CURVE('',#642,#792,#794,.T.);
#792 = VERTEX_POINT('',#793);
#793 = CARTESIAN_POINT('',(100.,-142.,3.));
#794 = LINE('',#795,#796);
#795 = CARTESIAN_POINT('',(100.,-145.,3.));
#796 = VECTOR('',#797,1.);
#797 = DIRECTION('',(0.,1.,0.));
#798 = ORIENTED_EDGE('',*,*,#799,.F.);
#799 = EDGE_CURVE('',#596,#792,#800,.T.);
#800 = LINE('',#801,#802);
#801 = CARTESIAN_POINT('',(-100.,-142.,3.));
#802 = VECTOR('',#803,1.);
#803 = DIRECTION('',(1.,0.,0.));
#804 = PLANE('',#805);
#805 = AXIS2_PLACEMENT_3D('',#806,#807,#808);
#806 = CARTESIAN_POINT('',(-100.,-145.,3.));
#807 = DIRECTION('',(0.,0.,1.));
#808 = DIRECTION('',(1.,0.,0.));
#809 = ADVANCED_FACE('',(#810),#828,.T.);
#810 = FACE_BOUND('',#811,.T.);
#811 = EDGE_LOOP('',(#812,#813,#814,#820,#821,#827));
#812 = ORIENTED_EDGE('',*,*,#658,.F.);
#813 = ORIENTED_EDGE('',*,*,#791,.T.);
#814 = ORIENTED_EDGE('',*,*,#815,.T.);
#815 = EDGE_CURVE('',#792,#728,#816,.T.);
#816 = LINE('',#817,#818);
#817 = CARTESIAN_POINT('',(100.,-142.,3.));
#818 = VECTOR('',#819,1.);
#819 = DIRECTION('',(0.,0.,1.));
#820 = ORIENTED_EDGE('',*,*,#744,.T.);
#821 = ORIENTED_EDGE('',*,*,#822,.T.);
#822 = EDGE_CURVE('',#737,#675,#823,.T.);
#823 = LINE('',#824,#825);
#824 = CARTESIAN_POINT('',(100.,-142.,3.));
#825 = VECTOR('',#826,1.);
#826 = DIRECTION('',(0.,0.,1.));
#827 = ORIENTED_EDGE('',*,*,#674,.F.);
#828 = PLANE('',#829);
#829 = AXIS2_PLACEMENT_3D('',#830,#831,#832);
#830 = CARTESIAN_POINT('',(100.,-145.,3.));
#831 = DIRECTION('',(1.,0.,0.));
#832 = DIRECTION('',(0.,0.,1.));
#833 = ADVANCED_FACE('',(#834,#852,#863),#874,.T.);
#834 = FACE_BOUND('',#835,.T.);
#835 = EDGE_LOOP('',(#836,#837,#838,#846));
#836 = ORIENTED_EDGE('',*,*,#775,.F.);
#837 = ORIENTED_EDGE('',*,*,#682,.T.);
#838 = ORIENTED_EDGE('',*,*,#839,.T.);
#839 = EDGE_CURVE('',#675,#840,#842,.T.);
#840 = VERTEX_POINT('',#841);
#841 = CARTESIAN_POINT('',(100.,-132.,53.));
#842 = LINE('',#843,#844);
#843 = CARTESIAN_POINT('',(100.,-142.,53.));
#844 = VECTOR('',#845,1.);
#845 = DIRECTION('',(0.,1.,0.));
#846 = ORIENTED_EDGE('',*,*,#847,.F.);
#847 = EDGE_CURVE('',#768,#840,#848,.T.);
#848 = LINE('',#849,#850);
#849 = CARTESIAN_POINT('',(-100.,-132.,53.));
#850 = VECTOR('',#851,1.);
#851 = DIRECTION('',(1.,0.,0.));
#852 = FACE_BOUND('',#853,.T.);
#853 = EDGE_LOOP('',(#854));
#854 = ORIENTED_EDGE('',*,*,#855,.F.);
#855 = EDGE_CURVE('',#856,#856,#858,.T.);
#856 = VERTEX_POINT('',#857);
#857 = CARTESIAN_POINT('',(-73.3,-137.,53.));
#858 = CIRCLE('',#859,1.7);
#859 = AXIS2_PLACEMENT_3D('',#860,#861,#862);
#860 = CARTESIAN_POINT('',(-75.,-137.,53.));
#861 = DIRECTION('',(0.,0.,1.));
#862 = DIRECTION('',(1.,0.,0.));
#863 = FACE_BOUND('',#864,.T.);
#864 = EDGE_LOOP('',(#865));
#865 = ORIENTED_EDGE('',*,*,#866,.F.);
#866 = EDGE_CURVE('',#867,#867,#869,.T.);
#867 = VERTEX_POINT('',#868);
#868 = CARTESIAN_POINT('',(76.7,-137.,53.));
#869 = CIRCLE('',#870,1.7);
#870 = AXIS2_PLACEMENT_3D('',#871,#872,#873);
#871 = CARTESIAN_POINT('',(75.,-137.,53.));
#872 = DIRECTION('',(0.,0.,1.));
#873 = DIRECTION('',(1.,0.,0.));
#874 = PLANE('',#875);
#875 = AXIS2_PLACEMENT_3D('',#876,#877,#878);
#876 = CARTESIAN_POINT('',(-100.,-142.,53.));
#877 = DIRECTION('',(0.,0.,1.));
#878 = DIRECTION('',(1.,0.,0.));
#879 = ADVANCED_FACE('',(#880,#898,#909),#920,.T.);
#880 = FACE_BOUND('',#881,.T.);
#881 = EDGE_LOOP('',(#882,#883,#884,#892));
#882 = ORIENTED_EDGE('',*,*,#713,.F.);
#883 = ORIENTED_EDGE('',*,*,#727,.T.);
#884 = ORIENTED_EDGE('',*,*,#885,.T.);
#885 = EDGE_CURVE('',#728,#886,#888,.T.);
#886 = VERTEX_POINT('',#887);
#887 = CARTESIAN_POINT('',(100.,-132.,6.));
#888 = LINE('',#889,#890);
#889 = CARTESIAN_POINT('',(100.,-142.,6.));
#890 = VECTOR('',#891,1.);
#891 = DIRECTION('',(0.,1.,0.));
#892 = ORIENTED_EDGE('',*,*,#893,.F.);
#893 = EDGE_CURVE('',#706,#886,#894,.T.);
#894 = LINE('',#895,#896);
#895 = CARTESIAN_POINT('',(-100.,-132.,6.));
#896 = VECTOR('',#897,1.);
#897 = DIRECTION('',(1.,0.,0.));
#898 = FACE_BOUND('',#899,.T.);
#899 = EDGE_LOOP('',(#900));
#900 = ORIENTED_EDGE('',*,*,#901,.F.);
#901 = EDGE_CURVE('',#902,#902,#904,.T.);
#902 = VERTEX_POINT('',#903);
#903 = CARTESIAN_POINT('',(-73.3,-137.,6.));
#904 = CIRCLE('',#905,1.7);
#905 = AXIS2_PLACEMENT_3D('',#906,#907,#908);
#906 = CARTESIAN_POINT('',(-75.,-137.,6.));
#907 = DIRECTION('',(0.,0.,1.));
#908 = DIRECTION('',(1.,0.,0.));
#909 = FACE_BOUND('',#910,.T.);
#910 = EDGE_LOOP('',(#911));
#911 = ORIENTED_EDGE('',*,*,#912,.F.);
#912 = EDGE_CURVE('',#913,#913,#915,.T.);
#913 = VERTEX_POINT('',#914);
#914 = CARTESIAN_POINT('',(76.7,-137.,6.));
#915 = CIRCLE('',#916,1.7);
#916 = AXIS2_PLACEMENT_3D('',#917,#918,#919);
#917 = CARTESIAN_POINT('',(75.,-137.,6.));
#918 = DIRECTION('',(0.,0.,1.));
#919 = DIRECTION('',(1.,0.,0.));
#920 = PLANE('',#921);
#921 = AXIS2_PLACEMENT_3D('',#922,#923,#924);
#922 = CARTESIAN_POINT('',(-100.,-142.,6.));
#923 = DIRECTION('',(0.,0.,1.));
#924 = DIRECTION('',(1.,0.,0.));
#925 = ADVANCED_FACE('',(#926),#944,.T.);
#926 = FACE_BOUND('',#927,.T.);
#927 = EDGE_LOOP('',(#928,#936,#937,#938));
#928 = ORIENTED_EDGE('',*,*,#929,.F.);
#929 = EDGE_CURVE('',#698,#930,#932,.T.);
#930 = VERTEX_POINT('',#931);
#931 = CARTESIAN_POINT('',(100.,-132.,3.));
#932 = LINE('',#933,#934);
#933 = CARTESIAN_POINT('',(-100.,-132.,3.));
#934 = VECTOR('',#935,1.);
#935 = DIRECTION('',(1.,0.,0.));
#936 = ORIENTED_EDGE('',*,*,#705,.T.);
#937 = ORIENTED_EDGE('',*,*,#893,.T.);
#938 = ORIENTED_EDGE('',*,*,#939,.F.);
#939 = EDGE_CURVE('',#930,#886,#940,.T.);
#940 = LINE('',#941,#942);
#941 = CARTESIAN_POINT('',(100.,-132.,3.));
#942 = VECTOR('',#943,1.);
#943 = DIRECTION('',(0.,0.,1.));
#944 = PLANE('',#945);
#945 = AXIS2_PLACEMENT_3D('',#946,#947,#948);
#946 = CARTESIAN_POINT('',(-100.,-132.,3.));
#947 = DIRECTION('',(0.,1.,0.));
#948 = DIRECTION('',(0.,0.,1.));
#949 = ADVANCED_FACE('',(#950,#961,#972),#983,.F.);
#950 = FACE_BOUND('',#951,.F.);
#951 = EDGE_LOOP('',(#952,#953,#954,#960));
#952 = ORIENTED_EDGE('',*,*,#697,.F.);
#953 = ORIENTED_EDGE('',*,*,#799,.T.);
#954 = ORIENTED_EDGE('',*,*,#955,.T.);
#955 = EDGE_CURVE('',#792,#930,#956,.T.);
#956 = LINE('',#957,#958);
#957 = CARTESIAN_POINT('',(100.,-142.,3.));
#958 = VECTOR('',#959,1.);
#959 = DIRECTION('',(0.,1.,0.));
#960 = ORIENTED_EDGE('',*,*,#929,.F.);
#961 = FACE_BOUND('',#962,.F.);
#962 = EDGE_LOOP('',(#963));
#963 = ORIENTED_EDGE('',*,*,#964,.F.);
#964 = EDGE_CURVE('',#965,#965,#967,.T.);
#965 = VERTEX_POINT('',#966);
#966 = CARTESIAN_POINT('',(-73.3,-137.,3.));
#967 = CIRCLE('',#968,1.7);
#968 = AXIS2_PLACEMENT_3D('',#969,#970,#971);
#969 = CARTESIAN_POINT('',(-75.,-137.,3.));
#970 = DIRECTION('',(0.,0.,1.));
#971 = DIRECTION('',(1.,0.,0.));
#972 = FACE_BOUND('',#973,.F.);
#973 = EDGE_LOOP('',(#974));
#974 = ORIENTED_EDGE('',*,*,#975,.F.);
#975 = EDGE_CURVE('',#976,#976,#978,.T.);
#976 = VERTEX_POINT('',#977);
#977 = CARTESIAN_POINT('',(76.7,-137.,3.));
#978 = CIRCLE('',#979,1.7);
#979 = AXIS2_PLACEMENT_3D('',#980,#981,#982);
#980 = CARTESIAN_POINT('',(75.,-137.,3.));
#981 = DIRECTION('',(0.,0.,1.));
#982 = DIRECTION('',(1.,0.,0.));
#983 = PLANE('',#984);
#984 = AXIS2_PLACEMENT_3D('',#985,#986,#987);
#985 = CARTESIAN_POINT('',(-100.,-142.,3.));
#986 = DIRECTION('',(0.,0.,1.));
#987 = DIRECTION('',(1.,0.,0.));
#988 = ADVANCED_FACE('',(#989,#1007,#1018),#1029,.F.);
#989 = FACE_BOUND('',#990,.F.);
#990 = EDGE_LOOP('',(#991,#992,#993,#1001));
#991 = ORIENTED_EDGE('',*,*,#759,.F.);
#992 = ORIENTED_EDGE('',*,*,#736,.T.);
#993 = ORIENTED_EDGE('',*,*,#994,.T.);
#994 = EDGE_CURVE('',#737,#995,#997,.T.);
#995 = VERTEX_POINT('',#996);
#996 = CARTESIAN_POINT('',(100.,-132.,50.));
#997 = LINE('',#998,#999);
#998 = CARTESIAN_POINT('',(100.,-142.,50.));
#999 = VECTOR('',#1000,1.);
#1000 = DIRECTION('',(0.,1.,0.));
#1001 = ORIENTED_EDGE('',*,*,#1002,.F.);
#1002 = EDGE_CURVE('',#760,#995,#1003,.T.);
#1003 = LINE('',#1004,#1005);
#1004 = CARTESIAN_POINT('',(-100.,-132.,50.));
#1005 = VECTOR('',#1006,1.);
#1006 = DIRECTION('',(1.,0.,0.));
#1007 = FACE_BOUND('',#1008,.F.);
#1008 = EDGE_LOOP('',(#1009));
#1009 = ORIENTED_EDGE('',*,*,#1010,.F.);
#1010 = EDGE_CURVE('',#1011,#1011,#1013,.T.);
#1011 = VERTEX_POINT('',#1012);
#1012 = CARTESIAN_POINT('',(-73.3,-137.,50.));
#1013 = CIRCLE('',#1014,1.7);
#1014 = AXIS2_PLACEMENT_3D('',#1015,#1016,#1017);
#1015 = CARTESIAN_POINT('',(-75.,-137.,50.));
#1016 = DIRECTION('',(0.,0.,1.));
#1017 = DIRECTION('',(1.,0.,0.));
#1018 = FACE_BOUND('',#1019,.F.);
#1019 = EDGE_LOOP('',(#1020));
#1020 = ORIENTED_EDGE('',*,*,#1021,.F.);
#1021 = EDGE_CURVE('',#1022,#1022,#1024,.T.);
#1022 = VERTEX_POINT('',#1023);
#1023 = CARTESIAN_POINT('',(76.7,-137.,50.));
#1024 = CIRCLE('',#1025,1.7);
#1025 = AXIS2_PLACEMENT_3D('',#1026,#1027,#1028);
#1026 = CARTESIAN_POINT('',(75.,-137.,50.));
#1027 = DIRECTION('',(0.,0.,1.));
#1028 = DIRECTION('',(1.,0.,0.));
#1029 = PLANE('',#1030);
#1030 = AXIS2_PLACEMENT_3D('',#1031,#1032,#1033);
#1031 = CARTESIAN_POINT('',(-100.,-142.,50.));
#1032 = DIRECTION('',(0.,0.,1.));
#1033 = DIRECTION('',(1.,0.,0.));
#1034 = ADVANCED_FACE('',(#1035),#1046,.T.);
#1035 = FACE_BOUND('',#1036,.T.);
#1036 = EDGE_LOOP('',(#1037,#1038,#1039,#1040));
#1037 = ORIENTED_EDGE('',*,*,#1002,.F.);
#1038 = ORIENTED_EDGE('',*,*,#767,.T.);
#1039 = ORIENTED_EDGE('',*,*,#847,.T.);
#1040 = ORIENTED_EDGE('',*,*,#1041,.F.);
#1041 = EDGE_CURVE('',#995,#840,#1042,.T.);
#1042 = LINE('',#1043,#1044);
#1043 = CARTESIAN_POINT('',(100.,-132.,50.));
#1044 = VECTOR('',#1045,1.);
#1045 = DIRECTION('',(0.,0.,1.));
#1046 = PLANE('',#1047);
#1047 = AXIS2_PLACEMENT_3D('',#1048,#1049,#1050);
#1048 = CARTESIAN_POINT('',(-100.,-132.,50.));
#1049 = DIRECTION('',(0.,1.,0.));
#1050 = DIRECTION('',(0.,0.,1.));
#1051 = ADVANCED_FACE('',(#1052),#1058,.T.);
#1052 = FACE_BOUND('',#1053,.T.);
#1053 = EDGE_LOOP('',(#1054,#1055,#1056,#1057));
#1054 = ORIENTED_EDGE('',*,*,#815,.F.);
#1055 = ORIENTED_EDGE('',*,*,#955,.T.);
#1056 = ORIENTED_EDGE('',*,*,#939,.T.);
#1057 = ORIENTED_EDGE('',*,*,#885,.F.);
#1058 = PLANE('',#1059);
#1059 = AXIS2_PLACEMENT_3D('',#1060,#1061,#1062);
#1060 = CARTESIAN_POINT('',(100.,-142.,3.));
#1061 = DIRECTION('',(1.,0.,0.));
#1062 = DIRECTION('',(0.,0.,1.));
#1063 = ADVANCED_FACE('',(#1064),#1070,.T.);
#1064 = FACE_BOUND('',#1065,.T.);
#1065 = EDGE_LOOP('',(#1066,#1067,#1068,#1069));
#1066 = ORIENTED_EDGE('',*,*,#822,.F.);
#1067 = ORIENTED_EDGE('',*,*,#994,.T.);
#1068 = ORIENTED_EDGE('',*,*,#1041,.T.);
#1069 = ORIENTED_EDGE('',*,*,#839,.F.);
#1070 = PLANE('',#1071);
#1071 = AXIS2_PLACEMENT_3D('',#1072,#1073,#1074);
#1072 = CARTESIAN_POINT('',(100.,-142.,50.));
#1073 = DIRECTION('',(1.,0.,0.));
#1074 = DIRECTION('',(0.,0.,1.));
#1075 = ADVANCED_FACE('',(#1076),#1087,.F.);
#1076 = FACE_BOUND('',#1077,.F.);
#1077 = EDGE_LOOP('',(#1078,#1079,#1085,#1086));
#1078 = ORIENTED_EDGE('',*,*,#855,.F.);
#1079 = ORIENTED_EDGE('',*,*,#1080,.F.);
#1080 = EDGE_CURVE('',#1011,#856,#1081,.T.);
#1081 = LINE('',#1082,#1083);
#1082 = CARTESIAN_POINT('',(-73.3,-137.,50.));
#1083 = VECTOR('',#1084,1.);
#1084 = DIRECTION('',(0.,0.,1.));
#1085 = ORIENTED_EDGE('',*,*,#1010,.T.);
#1086 = ORIENTED_EDGE('',*,*,#1080,.T.);
#1087 = CYLINDRICAL_SURFACE('',#1088,1.7);
#1088 = AXIS2_PLACEMENT_3D('',#1089,#1090,#1091);
#1089 = CARTESIAN_POINT('',(-75.,-137.,50.));
#1090 = DIRECTION('',(0.,0.,1.));
#1091 = DIRECTION('',(1.,0.,0.));
#1092 = ADVANCED_FACE('',(#1093),#1104,.F.);
#1093 = FACE_BOUND('',#1094,.F.);
#1094 = EDGE_LOOP('',(#1095,#1096,#1102,#1103));
#1095 = ORIENTED_EDGE('',*,*,#866,.F.);
#1096 = ORIENTED_EDGE('',*,*,#1097,.F.);
#1097 = EDGE_CURVE('',#1022,#867,#1098,.T.);
#1098 = LINE('',#1099,#1100);
#1099 = CARTESIAN_POINT('',(76.7,-137.,50.));
#1100 = VECTOR('',#1101,1.);
#1101 = DIRECTION('',(0.,0.,1.));
#1102 = ORIENTED_EDGE('',*,*,#1021,.T.);
#1103 = ORIENTED_EDGE('',*,*,#1097,.T.);
#1104 = CYLINDRICAL_SURFACE('',#1105,1.7);
#1105 = AXIS2_PLACEMENT_3D('',#1106,#1107,#1108);
#1106 = CARTESIAN_POINT('',(75.,-137.,50.));
#1107 = DIRECTION('',(0.,0.,1.));
#1108 = DIRECTION('',(1.,0.,0.));
#1109 = ADVANCED_FACE('',(#1110),#1121,.F.);
#1110 = FACE_BOUND('',#1111,.F.);
#1111 = EDGE_LOOP('',(#1112,#1113,#1119,#1120));
#1112 = ORIENTED_EDGE('',*,*,#901,.F.);
#1113 = ORIENTED_EDGE('',*,*,#1114,.F.);
#1114 = EDGE_CURVE('',#965,#902,#1115,.T.);
#1115 = LINE('',#1116,#1117);
#1116 = CARTESIAN_POINT('',(-73.3,-137.,3.));
#1117 = VECTOR('',#1118,1.);
#1118 = DIRECTION('',(0.,0.,1.));
#1119 = ORIENTED_EDGE('',*,*,#964,.T.);
#1120 = ORIENTED_EDGE('',*,*,#1114,.T.);
#1121 = CYLINDRICAL_SURFACE('',#1122,1.7);
#1122 = AXIS2_PLACEMENT_3D('',#1123,#1124,#1125);
#1123 = CARTESIAN_POINT('',(-75.,-137.,3.));
#1124 = DIRECTION('',(0.,0.,1.));
#1125 = DIRECTION('',(1.,0.,0.));
#1126 = ADVANCED_FACE('',(#1127),#1138,.F.);
#1127 = FACE_BOUND('',#1128,.F.);
#1128 = EDGE_LOOP('',(#1129,#1130,#1136,#1137));
#1129 = ORIENTED_EDGE('',*,*,#912,.F.);
#1130 = ORIENTED_EDGE('',*,*,#1131,.F.);
#1131 = EDGE_CURVE('',#976,#913,#1132,.T.);
#1132 = LINE('',#1133,#1134);
#1133 = CARTESIAN_POINT('',(76.7,-137.,3.));
#1134 = VECTOR('',#1135,1.);
#1135 = DIRECTION('',(0.,0.,1.));
#1136 = ORIENTED_EDGE('',*,*,#975,.T.);
#1137 = ORIENTED_EDGE('',*,*,#1131,.T.);
#1138 = CYLINDRICAL_SURFACE('',#1139,1.7);
#1139 = AXIS2_PLACEMENT_3D('',#1140,#1141,#1142);
#1140 = CARTESIAN_POINT('',(75.,-137.,3.));
#1141 = DIRECTION('',(0.,0.,1.));
#1142 = DIRECTION('',(1.,0.,0.));
#1143 = MANIFOLD_SOLID_BREP('',#1144);
#1144 = CLOSED_SHELL('',(#1145,#1201,#1436,#1448,#1460,#1472,#1484,#1496
    ,#1508,#1532,#1563,#1594,#1625,#1649,#1673,#1719,#1765,#1789,#1828,
    #1874,#1891,#1903,#1915,#1932,#1949,#1966));
#1145 = ADVANCED_FACE('',(#1146),#1196,.F.);
#1146 = FACE_BOUND('',#1147,.F.);
#1147 = EDGE_LOOP('',(#1148,#1158,#1166,#1174,#1182,#1190));
#1148 = ORIENTED_EDGE('',*,*,#1149,.F.);
#1149 = EDGE_CURVE('',#1150,#1152,#1154,.T.);
#1150 = VERTEX_POINT('',#1151);
#1151 = CARTESIAN_POINT('',(100.,-55.,3.));
#1152 = VERTEX_POINT('',#1153);
#1153 = CARTESIAN_POINT('',(100.,-55.,53.));
#1154 = LINE('',#1155,#1156);
#1155 = CARTESIAN_POINT('',(100.,-55.,3.));
#1156 = VECTOR('',#1157,1.);
#1157 = DIRECTION('',(0.,0.,1.));
#1158 = ORIENTED_EDGE('',*,*,#1159,.T.);
#1159 = EDGE_CURVE('',#1150,#1160,#1162,.T.);
#1160 = VERTEX_POINT('',#1161);
#1161 = CARTESIAN_POINT('',(97.,-55.,3.));
#1162 = LINE('',#1163,#1164);
#1163 = CARTESIAN_POINT('',(100.,-55.,3.));
#1164 = VECTOR('',#1165,1.);
#1165 = DIRECTION('',(-1.,1.110223024625E-16,0.));
#1166 = ORIENTED_EDGE('',*,*,#1167,.T.);
#1167 = EDGE_CURVE('',#1160,#1168,#1170,.T.);
#1168 = VERTEX_POINT('',#1169);
#1169 = CARTESIAN_POINT('',(97.,-55.,6.));
#1170 = LINE('',#1171,#1172);
#1171 = CARTESIAN_POINT('',(97.,-55.,3.));
#1172 = VECTOR('',#1173,1.);
#1173 = DIRECTION('',(0.,0.,1.));
#1174 = ORIENTED_EDGE('',*,*,#1175,.T.);
#1175 = EDGE_CURVE('',#1168,#1176,#1178,.T.);
#1176 = VERTEX_POINT('',#1177);
#1177 = CARTESIAN_POINT('',(97.,-55.,50.));
#1178 = LINE('',#1179,#1180);
#1179 = CARTESIAN_POINT('',(97.,-55.,3.));
#1180 = VECTOR('',#1181,1.);
#1181 = DIRECTION('',(0.,0.,1.));
#1182 = ORIENTED_EDGE('',*,*,#1183,.T.);
#1183 = EDGE_CURVE('',#1176,#1184,#1186,.T.);
#1184 = VERTEX_POINT('',#1185);
#1185 = CARTESIAN_POINT('',(97.,-55.,53.));
#1186 = LINE('',#1187,#1188);
#1187 = CARTESIAN_POINT('',(97.,-55.,3.));
#1188 = VECTOR('',#1189,1.);
#1189 = DIRECTION('',(0.,0.,1.));
#1190 = ORIENTED_EDGE('',*,*,#1191,.F.);
#1191 = EDGE_CURVE('',#1152,#1184,#1192,.T.);
#1192 = LINE('',#1193,#1194);
#1193 = CARTESIAN_POINT('',(100.,-55.,53.));
#1194 = VECTOR('',#1195,1.);
#1195 = DIRECTION('',(-1.,1.110223024625E-16,0.));
#1196 = PLANE('',#1197);
#1197 = AXIS2_PLACEMENT_3D('',#1198,#1199,#1200);
#1198 = CARTESIAN_POINT('',(100.,-55.,3.));
#1199 = DIRECTION('',(1.110223024625E-16,1.,0.));
#1200 = DIRECTION('',(0.,0.,1.));
#1201 = ADVANCED_FACE('',(#1202,#1227,#1261,#1295,#1329,#1363,#1397),
  #1431,.F.);
#1202 = FACE_BOUND('',#1203,.F.);
#1203 = EDGE_LOOP('',(#1204,#1212,#1213,#1221));
#1204 = ORIENTED_EDGE('',*,*,#1205,.F.);
#1205 = EDGE_CURVE('',#1150,#1206,#1208,.T.);
#1206 = VERTEX_POINT('',#1207);
#1207 = CARTESIAN_POINT('',(100.,55.,3.));
#1208 = LINE('',#1209,#1210);
#1209 = CARTESIAN_POINT('',(100.,-55.,3.));
#1210 = VECTOR('',#1211,1.);
#1211 = DIRECTION('',(1.110223024625E-16,1.,0.));
#1212 = ORIENTED_EDGE('',*,*,#1149,.T.);
#1213 = ORIENTED_EDGE('',*,*,#1214,.T.);
#1214 = EDGE_CURVE('',#1152,#1215,#1217,.T.);
#1215 = VERTEX_POINT('',#1216);
#1216 = CARTESIAN_POINT('',(100.,55.,53.));
#1217 = LINE('',#1218,#1219);
#1218 = CARTESIAN_POINT('',(100.,-55.,53.));
#1219 = VECTOR('',#1220,1.);
#1220 = DIRECTION('',(1.110223024625E-16,1.,0.));
#1221 = ORIENTED_EDGE('',*,*,#1222,.F.);
#1222 = EDGE_CURVE('',#1206,#1215,#1223,.T.);
#1223 = LINE('',#1224,#1225);
#1224 = CARTESIAN_POINT('',(100.,55.,3.));
#1225 = VECTOR('',#1226,1.);
#1226 = DIRECTION('',(0.,0.,1.));
#1227 = FACE_BOUND('',#1228,.F.);
#1228 = EDGE_LOOP('',(#1229,#1239,#1247,#1255));
#1229 = ORIENTED_EDGE('',*,*,#1230,.F.);
#1230 = EDGE_CURVE('',#1231,#1233,#1235,.T.);
#1231 = VERTEX_POINT('',#1232);
#1232 = CARTESIAN_POINT('',(100.,-41.5,6.));
#1233 = VERTEX_POINT('',#1234);
#1234 = CARTESIAN_POINT('',(100.,-41.5,36.));
#1235 = LINE('',#1236,#1237);
#1236 = CARTESIAN_POINT('',(100.,-41.5,6.));
#1237 = VECTOR('',#1238,1.);
#1238 = DIRECTION('',(0.,0.,1.));
#1239 = ORIENTED_EDGE('',*,*,#1240,.T.);
#1240 = EDGE_CURVE('',#1231,#1241,#1243,.T.);
#1241 = VERTEX_POINT('',#1242);
#1242 = CARTESIAN_POINT('',(100.,-38.5,6.));
#1243 = LINE('',#1244,#1245);
#1244 = CARTESIAN_POINT('',(100.,-41.5,6.));
#1245 = VECTOR('',#1246,1.);
#1246 = DIRECTION('',(0.,1.,0.));
#1247 = ORIENTED_EDGE('',*,*,#1248,.T.);
#1248 = EDGE_CURVE('',#1241,#1249,#1251,.T.);
#1249 = VERTEX_POINT('',#1250);
#1250 = CARTESIAN_POINT('',(100.,-38.5,36.));
#1251 = LINE('',#1252,#1253);
#1252 = CARTESIAN_POINT('',(100.,-38.5,6.));
#1253 = VECTOR('',#1254,1.);
#1254 = DIRECTION('',(0.,0.,1.));
#1255 = ORIENTED_EDGE('',*,*,#1256,.F.);
#1256 = EDGE_CURVE('',#1233,#1249,#1257,.T.);
#1257 = LINE('',#1258,#1259);
#1258 = CARTESIAN_POINT('',(100.,-41.5,36.));
#1259 = VECTOR('',#1260,1.);
#1260 = DIRECTION('',(0.,1.,0.));
#1261 = FACE_BOUND('',#1262,.F.);
#1262 = EDGE_LOOP('',(#1263,#1273,#1281,#1289));
#1263 = ORIENTED_EDGE('',*,*,#1264,.F.);
#1264 = EDGE_CURVE('',#1265,#1267,#1269,.T.);
#1265 = VERTEX_POINT('',#1266);
#1266 = CARTESIAN_POINT('',(100.,-33.5,6.));
#1267 = VERTEX_POINT('',#1268);
#1268 = CARTESIAN_POINT('',(100.,-33.5,36.));
#1269 = LINE('',#1270,#1271);
#1270 = CARTESIAN_POINT('',(100.,-33.5,6.));
#1271 = VECTOR('',#1272,1.);
#1272 = DIRECTION('',(0.,0.,1.));
#1273 = ORIENTED_EDGE('',*,*,#1274,.T.);
#1274 = EDGE_CURVE('',#1265,#1275,#1277,.T.);
#1275 = VERTEX_POINT('',#1276);
#1276 = CARTESIAN_POINT('',(100.,-30.5,6.));
#1277 = LINE('',#1278,#1279);
#1278 = CARTESIAN_POINT('',(100.,-33.5,6.));
#1279 = VECTOR('',#1280,1.);
#1280 = DIRECTION('',(0.,1.,0.));
#1281 = ORIENTED_EDGE('',*,*,#1282,.T.);
#1282 = EDGE_CURVE('',#1275,#1283,#1285,.T.);
#1283 = VERTEX_POINT('',#1284);
#1284 = CARTESIAN_POINT('',(100.,-30.5,36.));
#1285 = LINE('',#1286,#1287);
#1286 = CARTESIAN_POINT('',(100.,-30.5,6.));
#1287 = VECTOR('',#1288,1.);
#1288 = DIRECTION('',(0.,0.,1.));
#1289 = ORIENTED_EDGE('',*,*,#1290,.F.);
#1290 = EDGE_CURVE('',#1267,#1283,#1291,.T.);
#1291 = LINE('',#1292,#1293);
#1292 = CARTESIAN_POINT('',(100.,-33.5,36.));
#1293 = VECTOR('',#1294,1.);
#1294 = DIRECTION('',(0.,1.,0.));
#1295 = FACE_BOUND('',#1296,.F.);
#1296 = EDGE_LOOP('',(#1297,#1307,#1315,#1323));
#1297 = ORIENTED_EDGE('',*,*,#1298,.F.);
#1298 = EDGE_CURVE('',#1299,#1301,#1303,.T.);
#1299 = VERTEX_POINT('',#1300);
#1300 = CARTESIAN_POINT('',(100.,-25.5,6.));
#1301 = VERTEX_POINT('',#1302);
#1302 = CARTESIAN_POINT('',(100.,-25.5,36.));
#1303 = LINE('',#1304,#1305);
#1304 = CARTESIAN_POINT('',(100.,-25.5,6.));
#1305 = VECTOR('',#1306,1.);
#1306 = DIRECTION('',(0.,0.,1.));
#1307 = ORIENTED_EDGE('',*,*,#1308,.T.);
#1308 = EDGE_CURVE('',#1299,#1309,#1311,.T.);
#1309 = VERTEX_POINT('',#1310);
#1310 = CARTESIAN_POINT('',(100.,-22.5,6.));
#1311 = LINE('',#1312,#1313);
#1312 = CARTESIAN_POINT('',(100.,-25.5,6.));
#1313 = VECTOR('',#1314,1.);
#1314 = DIRECTION('',(0.,1.,0.));
#1315 = ORIENTED_EDGE('',*,*,#1316,.T.);
#1316 = EDGE_CURVE('',#1309,#1317,#1319,.T.);
#1317 = VERTEX_POINT('',#1318);
#1318 = CARTESIAN_POINT('',(100.,-22.5,36.));
#1319 = LINE('',#1320,#1321);
#1320 = CARTESIAN_POINT('',(100.,-22.5,6.));
#1321 = VECTOR('',#1322,1.);
#1322 = DIRECTION('',(0.,0.,1.));
#1323 = ORIENTED_EDGE('',*,*,#1324,.F.);
#1324 = EDGE_CURVE('',#1301,#1317,#1325,.T.);
#1325 = LINE('',#1326,#1327);
#1326 = CARTESIAN_POINT('',(100.,-25.5,36.));
#1327 = VECTOR('',#1328,1.);
#1328 = DIRECTION('',(0.,1.,0.));
#1329 = FACE_BOUND('',#1330,.F.);
#1330 = EDGE_LOOP('',(#1331,#1341,#1349,#1357));
#1331 = ORIENTED_EDGE('',*,*,#1332,.F.);
#1332 = EDGE_CURVE('',#1333,#1335,#1337,.T.);
#1333 = VERTEX_POINT('',#1334);
#1334 = CARTESIAN_POINT('',(100.,-17.5,6.));
#1335 = VERTEX_POINT('',#1336);
#1336 = CARTESIAN_POINT('',(100.,-17.5,36.));
#1337 = LINE('',#1338,#1339);
#1338 = CARTESIAN_POINT('',(100.,-17.5,6.));
#1339 = VECTOR('',#1340,1.);
#1340 = DIRECTION('',(0.,0.,1.));
#1341 = ORIENTED_EDGE('',*,*,#1342,.T.);
#1342 = EDGE_CURVE('',#1333,#1343,#1345,.T.);
#1343 = VERTEX_POINT('',#1344);
#1344 = CARTESIAN_POINT('',(100.,-14.5,6.));
#1345 = LINE('',#1346,#1347);
#1346 = CARTESIAN_POINT('',(100.,-17.5,6.));
#1347 = VECTOR('',#1348,1.);
#1348 = DIRECTION('',(0.,1.,0.));
#1349 = ORIENTED_EDGE('',*,*,#1350,.T.);
#1350 = EDGE_CURVE('',#1343,#1351,#1353,.T.);
#1351 = VERTEX_POINT('',#1352);
#1352 = CARTESIAN_POINT('',(100.,-14.5,36.));
#1353 = LINE('',#1354,#1355);
#1354 = CARTESIAN_POINT('',(100.,-14.5,6.));
#1355 = VECTOR('',#1356,1.);
#1356 = DIRECTION('',(0.,0.,1.));
#1357 = ORIENTED_EDGE('',*,*,#1358,.F.);
#1358 = EDGE_CURVE('',#1335,#1351,#1359,.T.);
#1359 = LINE('',#1360,#1361);
#1360 = CARTESIAN_POINT('',(100.,-17.5,36.));
#1361 = VECTOR('',#1362,1.);
#1362 = DIRECTION('',(0.,1.,0.));
#1363 = FACE_BOUND('',#1364,.F.);
#1364 = EDGE_LOOP('',(#1365,#1375,#1383,#1391));
#1365 = ORIENTED_EDGE('',*,*,#1366,.F.);
#1366 = EDGE_CURVE('',#1367,#1369,#1371,.T.);
#1367 = VERTEX_POINT('',#1368);
#1368 = CARTESIAN_POINT('',(100.,-9.5,6.));
#1369 = VERTEX_POINT('',#1370);
#1370 = CARTESIAN_POINT('',(100.,-9.5,36.));
#1371 = LINE('',#1372,#1373);
#1372 = CARTESIAN_POINT('',(100.,-9.5,6.));
#1373 = VECTOR('',#1374,1.);
#1374 = DIRECTION('',(0.,0.,1.));
#1375 = ORIENTED_EDGE('',*,*,#1376,.T.);
#1376 = EDGE_CURVE('',#1367,#1377,#1379,.T.);
#1377 = VERTEX_POINT('',#1378);
#1378 = CARTESIAN_POINT('',(100.,-6.5,6.));
#1379 = LINE('',#1380,#1381);
#1380 = CARTESIAN_POINT('',(100.,-9.5,6.));
#1381 = VECTOR('',#1382,1.);
#1382 = DIRECTION('',(0.,1.,0.));
#1383 = ORIENTED_EDGE('',*,*,#1384,.T.);
#1384 = EDGE_CURVE('',#1377,#1385,#1387,.T.);
#1385 = VERTEX_POINT('',#1386);
#1386 = CARTESIAN_POINT('',(100.,-6.5,36.));
#1387 = LINE('',#1388,#1389);
#1388 = CARTESIAN_POINT('',(100.,-6.5,6.));
#1389 = VECTOR('',#1390,1.);
#1390 = DIRECTION('',(0.,0.,1.));
#1391 = ORIENTED_EDGE('',*,*,#1392,.F.);
#1392 = EDGE_CURVE('',#1369,#1385,#1393,.T.);
#1393 = LINE('',#1394,#1395);
#1394 = CARTESIAN_POINT('',(100.,-9.5,36.));
#1395 = VECTOR('',#1396,1.);
#1396 = DIRECTION('',(0.,1.,0.));
#1397 = FACE_BOUND('',#1398,.F.);
#1398 = EDGE_LOOP('',(#1399,#1409,#1417,#1425));
#1399 = ORIENTED_EDGE('',*,*,#1400,.F.);
#1400 = EDGE_CURVE('',#1401,#1403,#1405,.T.);
#1401 = VERTEX_POINT('',#1402);
#1402 = CARTESIAN_POINT('',(100.,-1.5,6.));
#1403 = VERTEX_POINT('',#1404);
#1404 = CARTESIAN_POINT('',(100.,-1.5,36.));
#1405 = LINE('',#1406,#1407);
#1406 = CARTESIAN_POINT('',(100.,-1.5,6.));
#1407 = VECTOR('',#1408,1.);
#1408 = DIRECTION('',(0.,0.,1.));
#1409 = ORIENTED_EDGE('',*,*,#1410,.T.);
#1410 = EDGE_CURVE('',#1401,#1411,#1413,.T.);
#1411 = VERTEX_POINT('',#1412);
#1412 = CARTESIAN_POINT('',(100.,1.5,6.));
#1413 = LINE('',#1414,#1415);
#1414 = CARTESIAN_POINT('',(100.,-1.5,6.));
#1415 = VECTOR('',#1416,1.);
#1416 = DIRECTION('',(0.,1.,0.));
#1417 = ORIENTED_EDGE('',*,*,#1418,.T.);
#1418 = EDGE_CURVE('',#1411,#1419,#1421,.T.);
#1419 = VERTEX_POINT('',#1420);
#1420 = CARTESIAN_POINT('',(100.,1.5,36.));
#1421 = LINE('',#1422,#1423);
#1422 = CARTESIAN_POINT('',(100.,1.5,6.));
#1423 = VECTOR('',#1424,1.);
#1424 = DIRECTION('',(0.,0.,1.));
#1425 = ORIENTED_EDGE('',*,*,#1426,.F.);
#1426 = EDGE_CURVE('',#1403,#1419,#1427,.T.);
#1427 = LINE('',#1428,#1429);
#1428 = CARTESIAN_POINT('',(100.,-1.5,36.));
#1429 = VECTOR('',#1430,1.);
#1430 = DIRECTION('',(0.,1.,0.));
#1431 = PLANE('',#1432);
#1432 = AXIS2_PLACEMENT_3D('',#1433,#1434,#1435);
#1433 = CARTESIAN_POINT('',(100.,-55.,3.));
#1434 = DIRECTION('',(-1.,1.110223024625E-16,0.));
#1435 = DIRECTION('',(0.,0.,1.));
#1436 = ADVANCED_FACE('',(#1437),#1443,.F.);
#1437 = FACE_BOUND('',#1438,.F.);
#1438 = EDGE_LOOP('',(#1439,#1440,#1441,#1442));
#1439 = ORIENTED_EDGE('',*,*,#1410,.F.);
#1440 = ORIENTED_EDGE('',*,*,#1400,.T.);
#1441 = ORIENTED_EDGE('',*,*,#1426,.T.);
#1442 = ORIENTED_EDGE('',*,*,#1418,.F.);
#1443 = PLANE('',#1444);
#1444 = AXIS2_PLACEMENT_3D('',#1445,#1446,#1447);
#1445 = CARTESIAN_POINT('',(100.,-55.,3.));
#1446 = DIRECTION('',(-1.,1.110223024625E-16,0.));
#1447 = DIRECTION('',(0.,0.,1.));
#1448 = ADVANCED_FACE('',(#1449),#1455,.F.);
#1449 = FACE_BOUND('',#1450,.F.);
#1450 = EDGE_LOOP('',(#1451,#1452,#1453,#1454));
#1451 = ORIENTED_EDGE('',*,*,#1376,.F.);
#1452 = ORIENTED_EDGE('',*,*,#1366,.T.);
#1453 = ORIENTED_EDGE('',*,*,#1392,.T.);
#1454 = ORIENTED_EDGE('',*,*,#1384,.F.);
#1455 = PLANE('',#1456);
#1456 = AXIS2_PLACEMENT_3D('',#1457,#1458,#1459);
#1457 = CARTESIAN_POINT('',(100.,-55.,3.));
#1458 = DIRECTION('',(-1.,1.110223024625E-16,0.));
#1459 = DIRECTION('',(0.,0.,1.));
#1460 = ADVANCED_FACE('',(#1461),#1467,.F.);
#1461 = FACE_BOUND('',#1462,.F.);
#1462 = EDGE_LOOP('',(#1463,#1464,#1465,#1466));
#1463 = ORIENTED_EDGE('',*,*,#1342,.F.);
#1464 = ORIENTED_EDGE('',*,*,#1332,.T.);
#1465 = ORIENTED_EDGE('',*,*,#1358,.T.);
#1466 = ORIENTED_EDGE('',*,*,#1350,.F.);
#1467 = PLANE('',#1468);
#1468 = AXIS2_PLACEMENT_3D('',#1469,#1470,#1471);
#1469 = CARTESIAN_POINT('',(100.,-55.,3.));
#1470 = DIRECTION('',(-1.,1.110223024625E-16,0.));
#1471 = DIRECTION('',(0.,0.,1.));
#1472 = ADVANCED_FACE('',(#1473),#1479,.F.);
#1473 = FACE_BOUND('',#1474,.F.);
#1474 = EDGE_LOOP('',(#1475,#1476,#1477,#1478));
#1475 = ORIENTED_EDGE('',*,*,#1308,.F.);
#1476 = ORIENTED_EDGE('',*,*,#1298,.T.);
#1477 = ORIENTED_EDGE('',*,*,#1324,.T.);
#1478 = ORIENTED_EDGE('',*,*,#1316,.F.);
#1479 = PLANE('',#1480);
#1480 = AXIS2_PLACEMENT_3D('',#1481,#1482,#1483);
#1481 = CARTESIAN_POINT('',(100.,-55.,3.));
#1482 = DIRECTION('',(-1.,1.110223024625E-16,0.));
#1483 = DIRECTION('',(0.,0.,1.));
#1484 = ADVANCED_FACE('',(#1485),#1491,.F.);
#1485 = FACE_BOUND('',#1486,.F.);
#1486 = EDGE_LOOP('',(#1487,#1488,#1489,#1490));
#1487 = ORIENTED_EDGE('',*,*,#1274,.F.);
#1488 = ORIENTED_EDGE('',*,*,#1264,.T.);
#1489 = ORIENTED_EDGE('',*,*,#1290,.T.);
#1490 = ORIENTED_EDGE('',*,*,#1282,.F.);
#1491 = PLANE('',#1492);
#1492 = AXIS2_PLACEMENT_3D('',#1493,#1494,#1495);
#1493 = CARTESIAN_POINT('',(100.,-55.,3.));
#1494 = DIRECTION('',(-1.,1.110223024625E-16,0.));
#1495 = DIRECTION('',(0.,0.,1.));
#1496 = ADVANCED_FACE('',(#1497),#1503,.F.);
#1497 = FACE_BOUND('',#1498,.F.);
#1498 = EDGE_LOOP('',(#1499,#1500,#1501,#1502));
#1499 = ORIENTED_EDGE('',*,*,#1240,.F.);
#1500 = ORIENTED_EDGE('',*,*,#1230,.T.);
#1501 = ORIENTED_EDGE('',*,*,#1256,.T.);
#1502 = ORIENTED_EDGE('',*,*,#1248,.F.);
#1503 = PLANE('',#1504);
#1504 = AXIS2_PLACEMENT_3D('',#1505,#1506,#1507);
#1505 = CARTESIAN_POINT('',(100.,-55.,3.));
#1506 = DIRECTION('',(-1.,1.110223024625E-16,0.));
#1507 = DIRECTION('',(0.,0.,1.));
#1508 = ADVANCED_FACE('',(#1509),#1527,.T.);
#1509 = FACE_BOUND('',#1510,.T.);
#1510 = EDGE_LOOP('',(#1511,#1512,#1513,#1521));
#1511 = ORIENTED_EDGE('',*,*,#1191,.F.);
#1512 = ORIENTED_EDGE('',*,*,#1214,.T.);
#1513 = ORIENTED_EDGE('',*,*,#1514,.T.);
#1514 = EDGE_CURVE('',#1215,#1515,#1517,.T.);
#1515 = VERTEX_POINT('',#1516);
#1516 = CARTESIAN_POINT('',(97.,55.,53.));
#1517 = LINE('',#1518,#1519);
#1518 = CARTESIAN_POINT('',(100.,55.,53.));
#1519 = VECTOR('',#1520,1.);
#1520 = DIRECTION('',(-1.,1.110223024625E-16,0.));
#1521 = ORIENTED_EDGE('',*,*,#1522,.F.);
#1522 = EDGE_CURVE('',#1184,#1515,#1523,.T.);
#1523 = LINE('',#1524,#1525);
#1524 = CARTESIAN_POINT('',(97.,-55.,53.));
#1525 = VECTOR('',#1526,1.);
#1526 = DIRECTION('',(1.110223024625E-16,1.,0.));
#1527 = PLANE('',#1528);
#1528 = AXIS2_PLACEMENT_3D('',#1529,#1530,#1531);
#1529 = CARTESIAN_POINT('',(100.,-55.,53.));
#1530 = DIRECTION('',(0.,0.,1.));
#1531 = DIRECTION('',(1.110223024625E-16,1.,0.));
#1532 = ADVANCED_FACE('',(#1533),#1558,.F.);
#1533 = FACE_BOUND('',#1534,.F.);
#1534 = EDGE_LOOP('',(#1535,#1536,#1544,#1552));
#1535 = ORIENTED_EDGE('',*,*,#1167,.F.);
#1536 = ORIENTED_EDGE('',*,*,#1537,.T.);
#1537 = EDGE_CURVE('',#1160,#1538,#1540,.T.);
#1538 = VERTEX_POINT('',#1539);
#1539 = CARTESIAN_POINT('',(87.,-55.,3.));
#1540 = LINE('',#1541,#1542);
#1541 = CARTESIAN_POINT('',(97.,-55.,3.));
#1542 = VECTOR('',#1543,1.);
#1543 = DIRECTION('',(-1.,1.110223024625E-16,0.));
#1544 = ORIENTED_EDGE('',*,*,#1545,.T.);
#1545 = EDGE_CURVE('',#1538,#1546,#1548,.T.);
#1546 = VERTEX_POINT('',#1547);
#1547 = CARTESIAN_POINT('',(87.,-55.,6.));
#1548 = LINE('',#1549,#1550);
#1549 = CARTESIAN_POINT('',(87.,-55.,3.));
#1550 = VECTOR('',#1551,1.);
#1551 = DIRECTION('',(0.,0.,1.));
#1552 = ORIENTED_EDGE('',*,*,#1553,.F.);
#1553 = EDGE_CURVE('',#1168,#1546,#1554,.T.);
#1554 = LINE('',#1555,#1556);
#1555 = CARTESIAN_POINT('',(97.,-55.,6.));
#1556 = VECTOR('',#1557,1.);
#1557 = DIRECTION('',(-1.,1.110223024625E-16,0.));
#1558 = PLANE('',#1559);
#1559 = AXIS2_PLACEMENT_3D('',#1560,#1561,#1562);
#1560 = CARTESIAN_POINT('',(97.,-55.,3.));
#1561 = DIRECTION('',(1.110223024625E-16,1.,0.));
#1562 = DIRECTION('',(0.,0.,1.));
#1563 = ADVANCED_FACE('',(#1564),#1589,.T.);
#1564 = FACE_BOUND('',#1565,.T.);
#1565 = EDGE_LOOP('',(#1566,#1574,#1575,#1583));
#1566 = ORIENTED_EDGE('',*,*,#1567,.F.);
#1567 = EDGE_CURVE('',#1168,#1568,#1570,.T.);
#1568 = VERTEX_POINT('',#1569);
#1569 = CARTESIAN_POINT('',(97.,55.,6.));
#1570 = LINE('',#1571,#1572);
#1571 = CARTESIAN_POINT('',(97.,-55.,6.));
#1572 = VECTOR('',#1573,1.);
#1573 = DIRECTION('',(1.110223024625E-16,1.,0.));
#1574 = ORIENTED_EDGE('',*,*,#1175,.T.);
#1575 = ORIENTED_EDGE('',*,*,#1576,.T.);
#1576 = EDGE_CURVE('',#1176,#1577,#1579,.T.);
#1577 = VERTEX_POINT('',#1578);
#1578 = CARTESIAN_POINT('',(97.,55.,50.));
#1579 = LINE('',#1580,#1581);
#1580 = CARTESIAN_POINT('',(97.,-55.,50.));
#1581 = VECTOR('',#1582,1.);
#1582 = DIRECTION('',(1.110223024625E-16,1.,0.));
#1583 = ORIENTED_EDGE('',*,*,#1584,.F.);
#1584 = EDGE_CURVE('',#1568,#1577,#1585,.T.);
#1585 = LINE('',#1586,#1587);
#1586 = CARTESIAN_POINT('',(97.,55.,3.));
#1587 = VECTOR('',#1588,1.);
#1588 = DIRECTION('',(0.,0.,1.));
#1589 = PLANE('',#1590);
#1590 = AXIS2_PLACEMENT_3D('',#1591,#1592,#1593);
#1591 = CARTESIAN_POINT('',(97.,-55.,3.));
#1592 = DIRECTION('',(-1.,1.110223024625E-16,0.));
#1593 = DIRECTION('',(0.,0.,1.));
#1594 = ADVANCED_FACE('',(#1595),#1620,.F.);
#1595 = FACE_BOUND('',#1596,.F.);
#1596 = EDGE_LOOP('',(#1597,#1598,#1606,#1614));
#1597 = ORIENTED_EDGE('',*,*,#1183,.F.);
#1598 = ORIENTED_EDGE('',*,*,#1599,.T.);
#1599 = EDGE_CURVE('',#1176,#1600,#1602,.T.);
#1600 = VERTEX_POINT('',#1601);
#1601 = CARTESIAN_POINT('',(87.,-55.,50.));
#1602 = LINE('',#1603,#1604);
#1603 = CARTESIAN_POINT('',(97.,-55.,50.));
#1604 = VECTOR('',#1605,1.);
#1605 = DIRECTION('',(-1.,1.110223024625E-16,0.));
#1606 = ORIENTED_EDGE('',*,*,#1607,.T.);
#1607 = EDGE_CURVE('',#1600,#1608,#1610,.T.);
#1608 = VERTEX_POINT('',#1609);
#1609 = CARTESIAN_POINT('',(87.,-55.,53.));
#1610 = LINE('',#1611,#1612);
#1611 = CARTESIAN_POINT('',(87.,-55.,50.));
#1612 = VECTOR('',#1613,1.);
#1613 = DIRECTION('',(0.,0.,1.));
#1614 = ORIENTED_EDGE('',*,*,#1615,.F.);
#1615 = EDGE_CURVE('',#1184,#1608,#1616,.T.);
#1616 = LINE('',#1617,#1618);
#1617 = CARTESIAN_POINT('',(97.,-55.,53.));
#1618 = VECTOR('',#1619,1.);
#1619 = DIRECTION('',(-1.,1.110223024625E-16,0.));
#1620 = PLANE('',#1621);
#1621 = AXIS2_PLACEMENT_3D('',#1622,#1623,#1624);
#1622 = CARTESIAN_POINT('',(97.,-55.,50.));
#1623 = DIRECTION('',(1.110223024625E-16,1.,0.));
#1624 = DIRECTION('',(0.,0.,1.));
#1625 = ADVANCED_FACE('',(#1626),#1644,.F.);
#1626 = FACE_BOUND('',#1627,.F.);
#1627 = EDGE_LOOP('',(#1628,#1629,#1630,#1638));
#1628 = ORIENTED_EDGE('',*,*,#1159,.F.);
#1629 = ORIENTED_EDGE('',*,*,#1205,.T.);
#1630 = ORIENTED_EDGE('',*,*,#1631,.T.);
#1631 = EDGE_CURVE('',#1206,#1632,#1634,.T.);
#1632 = VERTEX_POINT('',#1633);
#1633 = CARTESIAN_POINT('',(97.,55.,3.));
#1634 = LINE('',#1635,#1636);
#1635 = CARTESIAN_POINT('',(100.,55.,3.));
#1636 = VECTOR('',#1637,1.);
#1637 = DIRECTION('',(-1.,1.110223024625E-16,0.));
#1638 = ORIENTED_EDGE('',*,*,#1639,.F.);
#1639 = EDGE_CURVE('',#1160,#1632,#1640,.T.);
#1640 = LINE('',#1641,#1642);
#1641 = CARTESIAN_POINT('',(97.,-55.,3.));
#1642 = VECTOR('',#1643,1.);
#1643 = DIRECTION('',(1.110223024625E-16,1.,0.));
#1644 = PLANE('',#1645);
#1645 = AXIS2_PLACEMENT_3D('',#1646,#1647,#1648);
#1646 = CARTESIAN_POINT('',(100.,-55.,3.));
#1647 = DIRECTION('',(0.,0.,1.));
#1648 = DIRECTION('',(1.110223024625E-16,1.,0.));
#1649 = ADVANCED_FACE('',(#1650),#1668,.T.);
#1650 = FACE_BOUND('',#1651,.T.);
#1651 = EDGE_LOOP('',(#1652,#1653,#1654,#1660,#1661,#1667));
#1652 = ORIENTED_EDGE('',*,*,#1222,.F.);
#1653 = ORIENTED_EDGE('',*,*,#1631,.T.);
#1654 = ORIENTED_EDGE('',*,*,#1655,.T.);
#1655 = EDGE_CURVE('',#1632,#1568,#1656,.T.);
#1656 = LINE('',#1657,#1658);
#1657 = CARTESIAN_POINT('',(97.,55.,3.));
#1658 = VECTOR('',#1659,1.);
#1659 = DIRECTION('',(0.,0.,1.));
#1660 = ORIENTED_EDGE('',*,*,#1584,.T.);
#1661 = ORIENTED_EDGE('',*,*,#1662,.T.);
#1662 = EDGE_CURVE('',#1577,#1515,#1663,.T.);
#1663 = LINE('',#1664,#1665);
#1664 = CARTESIAN_POINT('',(97.,55.,3.));
#1665 = VECTOR('',#1666,1.);
#1666 = DIRECTION('',(0.,0.,1.));
#1667 = ORIENTED_EDGE('',*,*,#1514,.F.);
#1668 = PLANE('',#1669);
#1669 = AXIS2_PLACEMENT_3D('',#1670,#1671,#1672);
#1670 = CARTESIAN_POINT('',(100.,55.,3.));
#1671 = DIRECTION('',(1.110223024625E-16,1.,0.));
#1672 = DIRECTION('',(0.,0.,1.));
#1673 = ADVANCED_FACE('',(#1674,#1692,#1703),#1714,.T.);
#1674 = FACE_BOUND('',#1675,.T.);
#1675 = EDGE_LOOP('',(#1676,#1677,#1678,#1686));
#1676 = ORIENTED_EDGE('',*,*,#1615,.F.);
#1677 = ORIENTED_EDGE('',*,*,#1522,.T.);
#1678 = ORIENTED_EDGE('',*,*,#1679,.T.);
#1679 = EDGE_CURVE('',#1515,#1680,#1682,.T.);
#1680 = VERTEX_POINT('',#1681);
#1681 = CARTESIAN_POINT('',(87.,55.,53.));
#1682 = LINE('',#1683,#1684);
#1683 = CARTESIAN_POINT('',(97.,55.,53.));
#1684 = VECTOR('',#1685,1.);
#1685 = DIRECTION('',(-1.,1.110223024625E-16,0.));
#1686 = ORIENTED_EDGE('',*,*,#1687,.F.);
#1687 = EDGE_CURVE('',#1608,#1680,#1688,.T.);
#1688 = LINE('',#1689,#1690);
#1689 = CARTESIAN_POINT('',(87.,-55.,53.));
#1690 = VECTOR('',#1691,1.);
#1691 = DIRECTION('',(1.110223024625E-16,1.,0.));
#1692 = FACE_BOUND('',#1693,.T.);
#1693 = EDGE_LOOP('',(#1694));
#1694 = ORIENTED_EDGE('',*,*,#1695,.F.);
#1695 = EDGE_CURVE('',#1696,#1696,#1698,.T.);
#1696 = VERTEX_POINT('',#1697);
#1697 = CARTESIAN_POINT('',(92.,-28.3,53.));
#1698 = CIRCLE('',#1699,1.7);
#1699 = AXIS2_PLACEMENT_3D('',#1700,#1701,#1702);
#1700 = CARTESIAN_POINT('',(92.,-30.,53.));
#1701 = DIRECTION('',(0.,-0.,1.));
#1702 = DIRECTION('',(1.110223024625E-16,1.,0.));
#1703 = FACE_BOUND('',#1704,.T.);
#1704 = EDGE_LOOP('',(#1705));
#1705 = ORIENTED_EDGE('',*,*,#1706,.F.);
#1706 = EDGE_CURVE('',#1707,#1707,#1709,.T.);
#1707 = VERTEX_POINT('',#1708);
#1708 = CARTESIAN_POINT('',(92.,31.7,53.));
#1709 = CIRCLE('',#1710,1.7);
#1710 = AXIS2_PLACEMENT_3D('',#1711,#1712,#1713);
#1711 = CARTESIAN_POINT('',(92.,30.,53.));
#1712 = DIRECTION('',(0.,-0.,1.));
#1713 = DIRECTION('',(1.110223024625E-16,1.,0.));
#1714 = PLANE('',#1715);
#1715 = AXIS2_PLACEMENT_3D('',#1716,#1717,#1718);
#1716 = CARTESIAN_POINT('',(97.,-55.,53.));
#1717 = DIRECTION('',(0.,0.,1.));
#1718 = DIRECTION('',(1.110223024625E-16,1.,0.));
#1719 = ADVANCED_FACE('',(#1720,#1738,#1749),#1760,.T.);
#1720 = FACE_BOUND('',#1721,.T.);
#1721 = EDGE_LOOP('',(#1722,#1723,#1724,#1732));
#1722 = ORIENTED_EDGE('',*,*,#1553,.F.);
#1723 = ORIENTED_EDGE('',*,*,#1567,.T.);
#1724 = ORIENTED_EDGE('',*,*,#1725,.T.);
#1725 = EDGE_CURVE('',#1568,#1726,#1728,.T.);
#1726 = VERTEX_POINT('',#1727);
#1727 = CARTESIAN_POINT('',(87.,55.,6.));
#1728 = LINE('',#1729,#1730);
#1729 = CARTESIAN_POINT('',(97.,55.,6.));
#1730 = VECTOR('',#1731,1.);
#1731 = DIRECTION('',(-1.,1.110223024625E-16,0.));
#1732 = ORIENTED_EDGE('',*,*,#1733,.F.);
#1733 = EDGE_CURVE('',#1546,#1726,#1734,.T.);
#1734 = LINE('',#1735,#1736);
#1735 = CARTESIAN_POINT('',(87.,-55.,6.));
#1736 = VECTOR('',#1737,1.);
#1737 = DIRECTION('',(1.110223024625E-16,1.,0.));
#1738 = FACE_BOUND('',#1739,.T.);
#1739 = EDGE_LOOP('',(#1740));
#1740 = ORIENTED_EDGE('',*,*,#1741,.F.);
#1741 = EDGE_CURVE('',#1742,#1742,#1744,.T.);
#1742 = VERTEX_POINT('',#1743);
#1743 = CARTESIAN_POINT('',(92.,-28.3,6.));
#1744 = CIRCLE('',#1745,1.7);
#1745 = AXIS2_PLACEMENT_3D('',#1746,#1747,#1748);
#1746 = CARTESIAN_POINT('',(92.,-30.,6.));
#1747 = DIRECTION('',(0.,-0.,1.));
#1748 = DIRECTION('',(1.110223024625E-16,1.,0.));
#1749 = FACE_BOUND('',#1750,.T.);
#1750 = EDGE_LOOP('',(#1751));
#1751 = ORIENTED_EDGE('',*,*,#1752,.F.);
#1752 = EDGE_CURVE('',#1753,#1753,#1755,.T.);
#1753 = VERTEX_POINT('',#1754);
#1754 = CARTESIAN_POINT('',(92.,31.7,6.));
#1755 = CIRCLE('',#1756,1.7);
#1756 = AXIS2_PLACEMENT_3D('',#1757,#1758,#1759);
#1757 = CARTESIAN_POINT('',(92.,30.,6.));
#1758 = DIRECTION('',(0.,-0.,1.));
#1759 = DIRECTION('',(1.110223024625E-16,1.,0.));
#1760 = PLANE('',#1761);
#1761 = AXIS2_PLACEMENT_3D('',#1762,#1763,#1764);
#1762 = CARTESIAN_POINT('',(97.,-55.,6.));
#1763 = DIRECTION('',(0.,0.,1.));
#1764 = DIRECTION('',(1.110223024625E-16,1.,0.));
#1765 = ADVANCED_FACE('',(#1766),#1784,.T.);
#1766 = FACE_BOUND('',#1767,.T.);
#1767 = EDGE_LOOP('',(#1768,#1776,#1777,#1778));
#1768 = ORIENTED_EDGE('',*,*,#1769,.F.);
#1769 = EDGE_CURVE('',#1538,#1770,#1772,.T.);
#1770 = VERTEX_POINT('',#1771);
#1771 = CARTESIAN_POINT('',(87.,55.,3.));
#1772 = LINE('',#1773,#1774);
#1773 = CARTESIAN_POINT('',(87.,-55.,3.));
#1774 = VECTOR('',#1775,1.);
#1775 = DIRECTION('',(1.110223024625E-16,1.,0.));
#1776 = ORIENTED_EDGE('',*,*,#1545,.T.);
#1777 = ORIENTED_EDGE('',*,*,#1733,.T.);
#1778 = ORIENTED_EDGE('',*,*,#1779,.F.);
#1779 = EDGE_CURVE('',#1770,#1726,#1780,.T.);
#1780 = LINE('',#1781,#1782);
#1781 = CARTESIAN_POINT('',(87.,55.,3.));
#1782 = VECTOR('',#1783,1.);
#1783 = DIRECTION('',(0.,0.,1.));
#1784 = PLANE('',#1785);
#1785 = AXIS2_PLACEMENT_3D('',#1786,#1787,#1788);
#1786 = CARTESIAN_POINT('',(87.,-55.,3.));
#1787 = DIRECTION('',(-1.,1.110223024625E-16,0.));
#1788 = DIRECTION('',(0.,0.,1.));
#1789 = ADVANCED_FACE('',(#1790,#1801,#1812),#1823,.F.);
#1790 = FACE_BOUND('',#1791,.F.);
#1791 = EDGE_LOOP('',(#1792,#1793,#1794,#1800));
#1792 = ORIENTED_EDGE('',*,*,#1537,.F.);
#1793 = ORIENTED_EDGE('',*,*,#1639,.T.);
#1794 = ORIENTED_EDGE('',*,*,#1795,.T.);
#1795 = EDGE_CURVE('',#1632,#1770,#1796,.T.);
#1796 = LINE('',#1797,#1798);
#1797 = CARTESIAN_POINT('',(97.,55.,3.));
#1798 = VECTOR('',#1799,1.);
#1799 = DIRECTION('',(-1.,1.110223024625E-16,0.));
#1800 = ORIENTED_EDGE('',*,*,#1769,.F.);
#1801 = FACE_BOUND('',#1802,.F.);
#1802 = EDGE_LOOP('',(#1803));
#1803 = ORIENTED_EDGE('',*,*,#1804,.F.);
#1804 = EDGE_CURVE('',#1805,#1805,#1807,.T.);
#1805 = VERTEX_POINT('',#1806);
#1806 = CARTESIAN_POINT('',(92.,-28.3,3.));
#1807 = CIRCLE('',#1808,1.7);
#1808 = AXIS2_PLACEMENT_3D('',#1809,#1810,#1811);
#1809 = CARTESIAN_POINT('',(92.,-30.,3.));
#1810 = DIRECTION('',(0.,-0.,1.));
#1811 = DIRECTION('',(1.110223024625E-16,1.,0.));
#1812 = FACE_BOUND('',#1813,.F.);
#1813 = EDGE_LOOP('',(#1814));
#1814 = ORIENTED_EDGE('',*,*,#1815,.F.);
#1815 = EDGE_CURVE('',#1816,#1816,#1818,.T.);
#1816 = VERTEX_POINT('',#1817);
#1817 = CARTESIAN_POINT('',(92.,31.7,3.));
#1818 = CIRCLE('',#1819,1.7);
#1819 = AXIS2_PLACEMENT_3D('',#1820,#1821,#1822);
#1820 = CARTESIAN_POINT('',(92.,30.,3.));
#1821 = DIRECTION('',(0.,-0.,1.));
#1822 = DIRECTION('',(1.110223024625E-16,1.,0.));
#1823 = PLANE('',#1824);
#1824 = AXIS2_PLACEMENT_3D('',#1825,#1826,#1827);
#1825 = CARTESIAN_POINT('',(97.,-55.,3.));
#1826 = DIRECTION('',(0.,0.,1.));
#1827 = DIRECTION('',(1.110223024625E-16,1.,0.));
#1828 = ADVANCED_FACE('',(#1829,#1847,#1858),#1869,.F.);
#1829 = FACE_BOUND('',#1830,.F.);
#1830 = EDGE_LOOP('',(#1831,#1832,#1833,#1841));
#1831 = ORIENTED_EDGE('',*,*,#1599,.F.);
#1832 = ORIENTED_EDGE('',*,*,#1576,.T.);
#1833 = ORIENTED_EDGE('',*,*,#1834,.T.);
#1834 = EDGE_CURVE('',#1577,#1835,#1837,.T.);
#1835 = VERTEX_POINT('',#1836);
#1836 = CARTESIAN_POINT('',(87.,55.,50.));
#1837 = LINE('',#1838,#1839);
#1838 = CARTESIAN_POINT('',(97.,55.,50.));
#1839 = VECTOR('',#1840,1.);
#1840 = DIRECTION('',(-1.,1.110223024625E-16,0.));
#1841 = ORIENTED_EDGE('',*,*,#1842,.F.);
#1842 = EDGE_CURVE('',#1600,#1835,#1843,.T.);
#1843 = LINE('',#1844,#1845);
#1844 = CARTESIAN_POINT('',(87.,-55.,50.));
#1845 = VECTOR('',#1846,1.);
#1846 = DIRECTION('',(1.110223024625E-16,1.,0.));
#1847 = FACE_BOUND('',#1848,.F.);
#1848 = EDGE_LOOP('',(#1849));
#1849 = ORIENTED_EDGE('',*,*,#1850,.F.);
#1850 = EDGE_CURVE('',#1851,#1851,#1853,.T.);
#1851 = VERTEX_POINT('',#1852);
#1852 = CARTESIAN_POINT('',(92.,-28.3,50.));
#1853 = CIRCLE('',#1854,1.7);
#1854 = AXIS2_PLACEMENT_3D('',#1855,#1856,#1857);
#1855 = CARTESIAN_POINT('',(92.,-30.,50.));
#1856 = DIRECTION('',(0.,-0.,1.));
#1857 = DIRECTION('',(1.110223024625E-16,1.,0.));
#1858 = FACE_BOUND('',#1859,.F.);
#1859 = EDGE_LOOP('',(#1860));
#1860 = ORIENTED_EDGE('',*,*,#1861,.F.);
#1861 = EDGE_CURVE('',#1862,#1862,#1864,.T.);
#1862 = VERTEX_POINT('',#1863);
#1863 = CARTESIAN_POINT('',(92.,31.7,50.));
#1864 = CIRCLE('',#1865,1.7);
#1865 = AXIS2_PLACEMENT_3D('',#1866,#1867,#1868);
#1866 = CARTESIAN_POINT('',(92.,30.,50.));
#1867 = DIRECTION('',(0.,-0.,1.));
#1868 = DIRECTION('',(1.110223024625E-16,1.,0.));
#1869 = PLANE('',#1870);
#1870 = AXIS2_PLACEMENT_3D('',#1871,#1872,#1873);
#1871 = CARTESIAN_POINT('',(97.,-55.,50.));
#1872 = DIRECTION('',(0.,0.,1.));
#1873 = DIRECTION('',(1.110223024625E-16,1.,0.));
#1874 = ADVANCED_FACE('',(#1875),#1886,.T.);
#1875 = FACE_BOUND('',#1876,.T.);
#1876 = EDGE_LOOP('',(#1877,#1878,#1879,#1880));
#1877 = ORIENTED_EDGE('',*,*,#1842,.F.);
#1878 = ORIENTED_EDGE('',*,*,#1607,.T.);
#1879 = ORIENTED_EDGE('',*,*,#1687,.T.);
#1880 = ORIENTED_EDGE('',*,*,#1881,.F.);
#1881 = EDGE_CURVE('',#1835,#1680,#1882,.T.);
#1882 = LINE('',#1883,#1884);
#1883 = CARTESIAN_POINT('',(87.,55.,50.));
#1884 = VECTOR('',#1885,1.);
#1885 = DIRECTION('',(0.,0.,1.));
#1886 = PLANE('',#1887);
#1887 = AXIS2_PLACEMENT_3D('',#1888,#1889,#1890);
#1888 = CARTESIAN_POINT('',(87.,-55.,50.));
#1889 = DIRECTION('',(-1.,1.110223024625E-16,0.));
#1890 = DIRECTION('',(0.,0.,1.));
#1891 = ADVANCED_FACE('',(#1892),#1898,.T.);
#1892 = FACE_BOUND('',#1893,.T.);
#1893 = EDGE_LOOP('',(#1894,#1895,#1896,#1897));
#1894 = ORIENTED_EDGE('',*,*,#1655,.F.);
#1895 = ORIENTED_EDGE('',*,*,#1795,.T.);
#1896 = ORIENTED_EDGE('',*,*,#1779,.T.);
#1897 = ORIENTED_EDGE('',*,*,#1725,.F.);
#1898 = PLANE('',#1899);
#1899 = AXIS2_PLACEMENT_3D('',#1900,#1901,#1902);
#1900 = CARTESIAN_POINT('',(97.,55.,3.));
#1901 = DIRECTION('',(1.110223024625E-16,1.,0.));
#1902 = DIRECTION('',(0.,0.,1.));
#1903 = ADVANCED_FACE('',(#1904),#1910,.T.);
#1904 = FACE_BOUND('',#1905,.T.);
#1905 = EDGE_LOOP('',(#1906,#1907,#1908,#1909));
#1906 = ORIENTED_EDGE('',*,*,#1662,.F.);
#1907 = ORIENTED_EDGE('',*,*,#1834,.T.);
#1908 = ORIENTED_EDGE('',*,*,#1881,.T.);
#1909 = ORIENTED_EDGE('',*,*,#1679,.F.);
#1910 = PLANE('',#1911);
#1911 = AXIS2_PLACEMENT_3D('',#1912,#1913,#1914);
#1912 = CARTESIAN_POINT('',(97.,55.,50.));
#1913 = DIRECTION('',(1.110223024625E-16,1.,0.));
#1914 = DIRECTION('',(0.,0.,1.));
#1915 = ADVANCED_FACE('',(#1916),#1927,.F.);
#1916 = FACE_BOUND('',#1917,.F.);
#1917 = EDGE_LOOP('',(#1918,#1919,#1925,#1926));
#1918 = ORIENTED_EDGE('',*,*,#1695,.F.);
#1919 = ORIENTED_EDGE('',*,*,#1920,.F.);
#1920 = EDGE_CURVE('',#1851,#1696,#1921,.T.);
#1921 = LINE('',#1922,#1923);
#1922 = CARTESIAN_POINT('',(92.,-28.3,50.));
#1923 = VECTOR('',#1924,1.);
#1924 = DIRECTION('',(0.,0.,1.));
#1925 = ORIENTED_EDGE('',*,*,#1850,.T.);
#1926 = ORIENTED_EDGE('',*,*,#1920,.T.);
#1927 = CYLINDRICAL_SURFACE('',#1928,1.7);
#1928 = AXIS2_PLACEMENT_3D('',#1929,#1930,#1931);
#1929 = CARTESIAN_POINT('',(92.,-30.,50.));
#1930 = DIRECTION('',(0.,0.,1.));
#1931 = DIRECTION('',(1.110223024625E-16,1.,0.));
#1932 = ADVANCED_FACE('',(#1933),#1944,.F.);
#1933 = FACE_BOUND('',#1934,.F.);
#1934 = EDGE_LOOP('',(#1935,#1936,#1942,#1943));
#1935 = ORIENTED_EDGE('',*,*,#1706,.F.);
#1936 = ORIENTED_EDGE('',*,*,#1937,.F.);
#1937 = EDGE_CURVE('',#1862,#1707,#1938,.T.);
#1938 = LINE('',#1939,#1940);
#1939 = CARTESIAN_POINT('',(92.,31.7,50.));
#1940 = VECTOR('',#1941,1.);
#1941 = DIRECTION('',(0.,0.,1.));
#1942 = ORIENTED_EDGE('',*,*,#1861,.T.);
#1943 = ORIENTED_EDGE('',*,*,#1937,.T.);
#1944 = CYLINDRICAL_SURFACE('',#1945,1.7);
#1945 = AXIS2_PLACEMENT_3D('',#1946,#1947,#1948);
#1946 = CARTESIAN_POINT('',(92.,30.,50.));
#1947 = DIRECTION('',(0.,0.,1.));
#1948 = DIRECTION('',(1.110223024625E-16,1.,0.));
#1949 = ADVANCED_FACE('',(#1950),#1961,.F.);
#1950 = FACE_BOUND('',#1951,.F.);
#1951 = EDGE_LOOP('',(#1952,#1953,#1959,#1960));
#1952 = ORIENTED_EDGE('',*,*,#1741,.F.);
#1953 = ORIENTED_EDGE('',*,*,#1954,.F.);
#1954 = EDGE_CURVE('',#1805,#1742,#1955,.T.);
#1955 = LINE('',#1956,#1957);
#1956 = CARTESIAN_POINT('',(92.,-28.3,3.));
#1957 = VECTOR('',#1958,1.);
#1958 = DIRECTION('',(0.,0.,1.));
#1959 = ORIENTED_EDGE('',*,*,#1804,.T.);
#1960 = ORIENTED_EDGE('',*,*,#1954,.T.);
#1961 = CYLINDRICAL_SURFACE('',#1962,1.7);
#1962 = AXIS2_PLACEMENT_3D('',#1963,#1964,#1965);
#1963 = CARTESIAN_POINT('',(92.,-30.,3.));
#1964 = DIRECTION('',(0.,0.,1.));
#1965 = DIRECTION('',(1.110223024625E-16,1.,0.));
#1966 = ADVANCED_FACE('',(#1967),#1978,.F.);
#1967 = FACE_BOUND('',#1968,.F.);
#1968 = EDGE_LOOP('',(#1969,#1970,#1976,#1977));
#1969 = ORIENTED_EDGE('',*,*,#1752,.F.);
#1970 = ORIENTED_EDGE('',*,*,#1971,.F.);
#1971 = EDGE_CURVE('',#1816,#1753,#1972,.T.);
#1972 = LINE('',#1973,#1974);
#1973 = CARTESIAN_POINT('',(92.,31.7,3.));
#1974 = VECTOR('',#1975,1.);
#1975 = DIRECTION('',(0.,0.,1.));
#1976 = ORIENTED_EDGE('',*,*,#1815,.T.);
#1977 = ORIENTED_EDGE('',*,*,#1971,.T.);
#1978 = CYLINDRICAL_SURFACE('',#1979,1.7);
#1979 = AXIS2_PLACEMENT_3D('',#1980,#1981,#1982);
#1980 = CARTESIAN_POINT('',(92.,30.,3.));
#1981 = DIRECTION('',(0.,0.,1.));
#1982 = DIRECTION('',(1.110223024625E-16,1.,0.));
#1983 = MANIFOLD_SOLID_BREP('',#1984);
#1984 = CLOSED_SHELL('',(#1985,#2041,#2151,#2175,#2206,#2316,#2347,#2371
    ,#2395,#2417,#2434,#2451,#2463,#2480,#2502,#2519,#2536,#2548,#2594,
    #2640,#2664,#2703,#2749,#2766,#2778,#2790,#2807,#2824,#2841));
#1985 = ADVANCED_FACE('',(#1986),#2036,.F.);
#1986 = FACE_BOUND('',#1987,.F.);
#1987 = EDGE_LOOP('',(#1988,#1998,#2006,#2014,#2022,#2030));
#1988 = ORIENTED_EDGE('',*,*,#1989,.F.);
#1989 = EDGE_CURVE('',#1990,#1992,#1994,.T.);
#1990 = VERTEX_POINT('',#1991);
#1991 = CARTESIAN_POINT('',(-100.,55.,3.));
#1992 = VERTEX_POINT('',#1993);
#1993 = CARTESIAN_POINT('',(-100.,55.,53.));
#1994 = LINE('',#1995,#1996);
#1995 = CARTESIAN_POINT('',(-100.,55.,3.));
#1996 = VECTOR('',#1997,1.);
#1997 = DIRECTION('',(0.,0.,1.));
#1998 = ORIENTED_EDGE('',*,*,#1999,.T.);
#1999 = EDGE_CURVE('',#1990,#2000,#2002,.T.);
#2000 = VERTEX_POINT('',#2001);
#2001 = CARTESIAN_POINT('',(-97.,55.,3.));
#2002 = LINE('',#2003,#2004);
#2003 = CARTESIAN_POINT('',(-100.,55.,3.));
#2004 = VECTOR('',#2005,1.);
#2005 = DIRECTION('',(1.,1.110223024625E-16,0.));
#2006 = ORIENTED_EDGE('',*,*,#2007,.T.);
#2007 = EDGE_CURVE('',#2000,#2008,#2010,.T.);
#2008 = VERTEX_POINT('',#2009);
#2009 = CARTESIAN_POINT('',(-97.,55.,6.));
#2010 = LINE('',#2011,#2012);
#2011 = CARTESIAN_POINT('',(-97.,55.,3.));
#2012 = VECTOR('',#2013,1.);
#2013 = DIRECTION('',(0.,0.,1.));
#2014 = ORIENTED_EDGE('',*,*,#2015,.T.);
#2015 = EDGE_CURVE('',#2008,#2016,#2018,.T.);
#2016 = VERTEX_POINT('',#2017);
#2017 = CARTESIAN_POINT('',(-97.,55.,50.));
#2018 = LINE('',#2019,#2020);
#2019 = CARTESIAN_POINT('',(-97.,55.,3.));
#2020 = VECTOR('',#2021,1.);
#2021 = DIRECTION('',(0.,0.,1.));
#2022 = ORIENTED_EDGE('',*,*,#2023,.T.);
#2023 = EDGE_CURVE('',#2016,#2024,#2026,.T.);
#2024 = VERTEX_POINT('',#2025);
#2025 = CARTESIAN_POINT('',(-97.,55.,53.));
#2026 = LINE('',#2027,#2028);
#2027 = CARTESIAN_POINT('',(-97.,55.,3.));
#2028 = VECTOR('',#2029,1.);
#2029 = DIRECTION('',(0.,0.,1.));
#2030 = ORIENTED_EDGE('',*,*,#2031,.F.);
#2031 = EDGE_CURVE('',#1992,#2024,#2032,.T.);
#2032 = LINE('',#2033,#2034);
#2033 = CARTESIAN_POINT('',(-100.,55.,53.));
#2034 = VECTOR('',#2035,1.);
#2035 = DIRECTION('',(1.,1.110223024625E-16,0.));
#2036 = PLANE('',#2037);
#2037 = AXIS2_PLACEMENT_3D('',#2038,#2039,#2040);
#2038 = CARTESIAN_POINT('',(-100.,55.,3.));
#2039 = DIRECTION('',(1.110223024625E-16,-1.,0.));
#2040 = DIRECTION('',(0.,0.,1.));
#2041 = ADVANCED_FACE('',(#2042,#2067,#2101,#2112),#2146,.F.);
#2042 = FACE_BOUND('',#2043,.F.);
#2043 = EDGE_LOOP('',(#2044,#2052,#2053,#2061));
#2044 = ORIENTED_EDGE('',*,*,#2045,.F.);
#2045 = EDGE_CURVE('',#1990,#2046,#2048,.T.);
#2046 = VERTEX_POINT('',#2047);
#2047 = CARTESIAN_POINT('',(-100.,-55.,3.));
#2048 = LINE('',#2049,#2050);
#2049 = CARTESIAN_POINT('',(-100.,55.,3.));
#2050 = VECTOR('',#2051,1.);
#2051 = DIRECTION('',(1.110223024625E-16,-1.,0.));
#2052 = ORIENTED_EDGE('',*,*,#1989,.T.);
#2053 = ORIENTED_EDGE('',*,*,#2054,.T.);
#2054 = EDGE_CURVE('',#1992,#2055,#2057,.T.);
#2055 = VERTEX_POINT('',#2056);
#2056 = CARTESIAN_POINT('',(-100.,-55.,53.));
#2057 = LINE('',#2058,#2059);
#2058 = CARTESIAN_POINT('',(-100.,55.,53.));
#2059 = VECTOR('',#2060,1.);
#2060 = DIRECTION('',(1.110223024625E-16,-1.,0.));
#2061 = ORIENTED_EDGE('',*,*,#2062,.F.);
#2062 = EDGE_CURVE('',#2046,#2055,#2063,.T.);
#2063 = LINE('',#2064,#2065);
#2064 = CARTESIAN_POINT('',(-100.,-55.,3.));
#2065 = VECTOR('',#2066,1.);
#2066 = DIRECTION('',(0.,0.,1.));
#2067 = FACE_BOUND('',#2068,.F.);
#2068 = EDGE_LOOP('',(#2069,#2079,#2087,#2095));
#2069 = ORIENTED_EDGE('',*,*,#2070,.F.);
#2070 = EDGE_CURVE('',#2071,#2073,#2075,.T.);
#2071 = VERTEX_POINT('',#2072);
#2072 = CARTESIAN_POINT('',(-100.,25.4,21.5));
#2073 = VERTEX_POINT('',#2074);
#2074 = CARTESIAN_POINT('',(-100.,44.6,21.5));
#2075 = LINE('',#2076,#2077);
#2076 = CARTESIAN_POINT('',(-100.,25.4,21.5));
#2077 = VECTOR('',#2078,1.);
#2078 = DIRECTION('',(0.,1.,0.));
#2079 = ORIENTED_EDGE('',*,*,#2080,.T.);
#2080 = EDGE_CURVE('',#2071,#2081,#2083,.T.);
#2081 = VERTEX_POINT('',#2082);
#2082 = CARTESIAN_POINT('',(-100.,25.4,34.5));
#2083 = LINE('',#2084,#2085);
#2084 = CARTESIAN_POINT('',(-100.,25.4,21.5));
#2085 = VECTOR('',#2086,1.);
#2086 = DIRECTION('',(0.,0.,1.));
#2087 = ORIENTED_EDGE('',*,*,#2088,.T.);
#2088 = EDGE_CURVE('',#2081,#2089,#2091,.T.);
#2089 = VERTEX_POINT('',#2090);
#2090 = CARTESIAN_POINT('',(-100.,44.6,34.5));
#2091 = LINE('',#2092,#2093);
#2092 = CARTESIAN_POINT('',(-100.,25.4,34.5));
#2093 = VECTOR('',#2094,1.);
#2094 = DIRECTION('',(0.,1.,0.));
#2095 = ORIENTED_EDGE('',*,*,#2096,.F.);
#2096 = EDGE_CURVE('',#2073,#2089,#2097,.T.);
#2097 = LINE('',#2098,#2099);
#2098 = CARTESIAN_POINT('',(-100.,44.6,21.5));
#2099 = VECTOR('',#2100,1.);
#2100 = DIRECTION('',(0.,0.,1.));
#2101 = FACE_BOUND('',#2102,.F.);
#2102 = EDGE_LOOP('',(#2103));
#2103 = ORIENTED_EDGE('',*,*,#2104,.F.);
#2104 = EDGE_CURVE('',#2105,#2105,#2107,.T.);
#2105 = VERTEX_POINT('',#2106);
#2106 = CARTESIAN_POINT('',(-100.,2.694222958124E-15,39.));
#2107 = CIRCLE('',#2108,11.);
#2108 = AXIS2_PLACEMENT_3D('',#2109,#2110,#2111);
#2109 = CARTESIAN_POINT('',(-100.,0.,28.));
#2110 = DIRECTION('',(1.,0.,-0.));
#2111 = DIRECTION('',(0.,0.,1.));
#2112 = FACE_BOUND('',#2113,.F.);
#2113 = EDGE_LOOP('',(#2114,#2124,#2132,#2140));
#2114 = ORIENTED_EDGE('',*,*,#2115,.F.);
#2115 = EDGE_CURVE('',#2116,#2118,#2120,.T.);
#2116 = VERTEX_POINT('',#2117);
#2117 = CARTESIAN_POINT('',(-100.,-46.,19.));
#2118 = VERTEX_POINT('',#2119);
#2119 = CARTESIAN_POINT('',(-100.,-24.,19.));
#2120 = LINE('',#2121,#2122);
#2121 = CARTESIAN_POINT('',(-100.,-46.,19.));
#2122 = VECTOR('',#2123,1.);
#2123 = DIRECTION('',(0.,1.,0.));
#2124 = ORIENTED_EDGE('',*,*,#2125,.T.);
#2125 = EDGE_CURVE('',#2116,#2126,#2128,.T.);
#2126 = VERTEX_POINT('',#2127);
#2127 = CARTESIAN_POINT('',(-100.,-46.,37.));
#2128 = LINE('',#2129,#2130);
#2129 = CARTESIAN_POINT('',(-100.,-46.,19.));
#2130 = VECTOR('',#2131,1.);
#2131 = DIRECTION('',(0.,0.,1.));
#2132 = ORIENTED_EDGE('',*,*,#2133,.T.);
#2133 = EDGE_CURVE('',#2126,#2134,#2136,.T.);
#2134 = VERTEX_POINT('',#2135);
#2135 = CARTESIAN_POINT('',(-100.,-24.,37.));
#2136 = LINE('',#2137,#2138);
#2137 = CARTESIAN_POINT('',(-100.,-46.,37.));
#2138 = VECTOR('',#2139,1.);
#2139 = DIRECTION('',(0.,1.,0.));
#2140 = ORIENTED_EDGE('',*,*,#2141,.F.);
#2141 = EDGE_CURVE('',#2118,#2134,#2142,.T.);
#2142 = LINE('',#2143,#2144);
#2143 = CARTESIAN_POINT('',(-100.,-24.,19.));
#2144 = VECTOR('',#2145,1.);
#2145 = DIRECTION('',(0.,0.,1.));
#2146 = PLANE('',#2147);
#2147 = AXIS2_PLACEMENT_3D('',#2148,#2149,#2150);
#2148 = CARTESIAN_POINT('',(-100.,55.,3.));
#2149 = DIRECTION('',(1.,1.110223024625E-16,0.));
#2150 = DIRECTION('',(0.,0.,1.));
#2151 = ADVANCED_FACE('',(#2152),#2170,.T.);
#2152 = FACE_BOUND('',#2153,.T.);
#2153 = EDGE_LOOP('',(#2154,#2155,#2156,#2164));
#2154 = ORIENTED_EDGE('',*,*,#2031,.F.);
#2155 = ORIENTED_EDGE('',*,*,#2054,.T.);
#2156 = ORIENTED_EDGE('',*,*,#2157,.T.);
#2157 = EDGE_CURVE('',#2055,#2158,#2160,.T.);
#2158 = VERTEX_POINT('',#2159);
#2159 = CARTESIAN_POINT('',(-97.,-55.,53.));
#2160 = LINE('',#2161,#2162);
#2161 = CARTESIAN_POINT('',(-100.,-55.,53.));
#2162 = VECTOR('',#2163,1.);
#2163 = DIRECTION('',(1.,1.110223024625E-16,0.));
#2164 = ORIENTED_EDGE('',*,*,#2165,.F.);
#2165 = EDGE_CURVE('',#2024,#2158,#2166,.T.);
#2166 = LINE('',#2167,#2168);
#2167 = CARTESIAN_POINT('',(-97.,55.,53.));
#2168 = VECTOR('',#2169,1.);
#2169 = DIRECTION('',(1.110223024625E-16,-1.,0.));
#2170 = PLANE('',#2171);
#2171 = AXIS2_PLACEMENT_3D('',#2172,#2173,#2174);
#2172 = CARTESIAN_POINT('',(-100.,55.,53.));
#2173 = DIRECTION('',(0.,0.,1.));
#2174 = DIRECTION('',(1.110223024625E-16,-1.,0.));
#2175 = ADVANCED_FACE('',(#2176),#2201,.F.);
#2176 = FACE_BOUND('',#2177,.F.);
#2177 = EDGE_LOOP('',(#2178,#2179,#2187,#2195));
#2178 = ORIENTED_EDGE('',*,*,#2007,.F.);
#2179 = ORIENTED_EDGE('',*,*,#2180,.T.);
#2180 = EDGE_CURVE('',#2000,#2181,#2183,.T.);
#2181 = VERTEX_POINT('',#2182);
#2182 = CARTESIAN_POINT('',(-87.,55.,3.));
#2183 = LINE('',#2184,#2185);
#2184 = CARTESIAN_POINT('',(-97.,55.,3.));
#2185 = VECTOR('',#2186,1.);
#2186 = DIRECTION('',(1.,1.110223024625E-16,0.));
#2187 = ORIENTED_EDGE('',*,*,#2188,.T.);
#2188 = EDGE_CURVE('',#2181,#2189,#2191,.T.);
#2189 = VERTEX_POINT('',#2190);
#2190 = CARTESIAN_POINT('',(-87.,55.,6.));
#2191 = LINE('',#2192,#2193);
#2192 = CARTESIAN_POINT('',(-87.,55.,3.));
#2193 = VECTOR('',#2194,1.);
#2194 = DIRECTION('',(0.,0.,1.));
#2195 = ORIENTED_EDGE('',*,*,#2196,.F.);
#2196 = EDGE_CURVE('',#2008,#2189,#2197,.T.);
#2197 = LINE('',#2198,#2199);
#2198 = CARTESIAN_POINT('',(-97.,55.,6.));
#2199 = VECTOR('',#2200,1.);
#2200 = DIRECTION('',(1.,1.110223024625E-16,0.));
#2201 = PLANE('',#2202);
#2202 = AXIS2_PLACEMENT_3D('',#2203,#2204,#2205);
#2203 = CARTESIAN_POINT('',(-97.,55.,3.));
#2204 = DIRECTION('',(1.110223024625E-16,-1.,0.));
#2205 = DIRECTION('',(0.,0.,1.));
#2206 = ADVANCED_FACE('',(#2207,#2232,#2266,#2277),#2311,.T.);
#2207 = FACE_BOUND('',#2208,.T.);
#2208 = EDGE_LOOP('',(#2209,#2217,#2218,#2226));
#2209 = ORIENTED_EDGE('',*,*,#2210,.F.);
#2210 = EDGE_CURVE('',#2008,#2211,#2213,.T.);
#2211 = VERTEX_POINT('',#2212);
#2212 = CARTESIAN_POINT('',(-97.,-55.,6.));
#2213 = LINE('',#2214,#2215);
#2214 = CARTESIAN_POINT('',(-97.,55.,6.));
#2215 = VECTOR('',#2216,1.);
#2216 = DIRECTION('',(1.110223024625E-16,-1.,0.));
#2217 = ORIENTED_EDGE('',*,*,#2015,.T.);
#2218 = ORIENTED_EDGE('',*,*,#2219,.T.);
#2219 = EDGE_CURVE('',#2016,#2220,#2222,.T.);
#2220 = VERTEX_POINT('',#2221);
#2221 = CARTESIAN_POINT('',(-97.,-55.,50.));
#2222 = LINE('',#2223,#2224);
#2223 = CARTESIAN_POINT('',(-97.,55.,50.));
#2224 = VECTOR('',#2225,1.);
#2225 = DIRECTION('',(1.110223024625E-16,-1.,0.));
#2226 = ORIENTED_EDGE('',*,*,#2227,.F.);
#2227 = EDGE_CURVE('',#2211,#2220,#2228,.T.);
#2228 = LINE('',#2229,#2230);
#2229 = CARTESIAN_POINT('',(-97.,-55.,3.));
#2230 = VECTOR('',#2231,1.);
#2231 = DIRECTION('',(0.,0.,1.));
#2232 = FACE_BOUND('',#2233,.T.);
#2233 = EDGE_LOOP('',(#2234,#2244,#2252,#2260));
#2234 = ORIENTED_EDGE('',*,*,#2235,.F.);
#2235 = EDGE_CURVE('',#2236,#2238,#2240,.T.);
#2236 = VERTEX_POINT('',#2237);
#2237 = CARTESIAN_POINT('',(-97.,25.4,21.5));
#2238 = VERTEX_POINT('',#2239);
#2239 = CARTESIAN_POINT('',(-97.,44.6,21.5));
#2240 = LINE('',#2241,#2242);
#2241 = CARTESIAN_POINT('',(-97.,25.4,21.5));
#2242 = VECTOR('',#2243,1.);
#2243 = DIRECTION('',(0.,1.,0.));
#2244 = ORIENTED_EDGE('',*,*,#2245,.T.);
#2245 = EDGE_CURVE('',#2236,#2246,#2248,.T.);
#2246 = VERTEX_POINT('',#2247);
#2247 = CARTESIAN_POINT('',(-97.,25.4,34.5));
#2248 = LINE('',#2249,#2250);
#2249 = CARTESIAN_POINT('',(-97.,25.4,21.5));
#2250 = VECTOR('',#2251,1.);
#2251 = DIRECTION('',(0.,0.,1.));
#2252 = ORIENTED_EDGE('',*,*,#2253,.T.);
#2253 = EDGE_CURVE('',#2246,#2254,#2256,.T.);
#2254 = VERTEX_POINT('',#2255);
#2255 = CARTESIAN_POINT('',(-97.,44.6,34.5));
#2256 = LINE('',#2257,#2258);
#2257 = CARTESIAN_POINT('',(-97.,25.4,34.5));
#2258 = VECTOR('',#2259,1.);
#2259 = DIRECTION('',(0.,1.,0.));
#2260 = ORIENTED_EDGE('',*,*,#2261,.F.);
#2261 = EDGE_CURVE('',#2238,#2254,#2262,.T.);
#2262 = LINE('',#2263,#2264);
#2263 = CARTESIAN_POINT('',(-97.,44.6,21.5));
#2264 = VECTOR('',#2265,1.);
#2265 = DIRECTION('',(0.,0.,1.));
#2266 = FACE_BOUND('',#2267,.T.);
#2267 = EDGE_LOOP('',(#2268));
#2268 = ORIENTED_EDGE('',*,*,#2269,.F.);
#2269 = EDGE_CURVE('',#2270,#2270,#2272,.T.);
#2270 = VERTEX_POINT('',#2271);
#2271 = CARTESIAN_POINT('',(-97.,2.694222958124E-15,39.));
#2272 = CIRCLE('',#2273,11.);
#2273 = AXIS2_PLACEMENT_3D('',#2274,#2275,#2276);
#2274 = CARTESIAN_POINT('',(-97.,0.,28.));
#2275 = DIRECTION('',(1.,0.,-0.));
#2276 = DIRECTION('',(0.,0.,1.));
#2277 = FACE_BOUND('',#2278,.T.);
#2278 = EDGE_LOOP('',(#2279,#2289,#2297,#2305));
#2279 = ORIENTED_EDGE('',*,*,#2280,.F.);
#2280 = EDGE_CURVE('',#2281,#2283,#2285,.T.);
#2281 = VERTEX_POINT('',#2282);
#2282 = CARTESIAN_POINT('',(-97.,-46.,19.));
#2283 = VERTEX_POINT('',#2284);
#2284 = CARTESIAN_POINT('',(-97.,-24.,19.));
#2285 = LINE('',#2286,#2287);
#2286 = CARTESIAN_POINT('',(-97.,-46.,19.));
#2287 = VECTOR('',#2288,1.);
#2288 = DIRECTION('',(0.,1.,0.));
#2289 = ORIENTED_EDGE('',*,*,#2290,.T.);
#2290 = EDGE_CURVE('',#2281,#2291,#2293,.T.);
#2291 = VERTEX_POINT('',#2292);
#2292 = CARTESIAN_POINT('',(-97.,-46.,37.));
#2293 = LINE('',#2294,#2295);
#2294 = CARTESIAN_POINT('',(-97.,-46.,19.));
#2295 = VECTOR('',#2296,1.);
#2296 = DIRECTION('',(0.,0.,1.));
#2297 = ORIENTED_EDGE('',*,*,#2298,.T.);
#2298 = EDGE_CURVE('',#2291,#2299,#2301,.T.);
#2299 = VERTEX_POINT('',#2300);
#2300 = CARTESIAN_POINT('',(-97.,-24.,37.));
#2301 = LINE('',#2302,#2303);
#2302 = CARTESIAN_POINT('',(-97.,-46.,37.));
#2303 = VECTOR('',#2304,1.);
#2304 = DIRECTION('',(0.,1.,0.));
#2305 = ORIENTED_EDGE('',*,*,#2306,.F.);
#2306 = EDGE_CURVE('',#2283,#2299,#2307,.T.);
#2307 = LINE('',#2308,#2309);
#2308 = CARTESIAN_POINT('',(-97.,-24.,19.));
#2309 = VECTOR('',#2310,1.);
#2310 = DIRECTION('',(0.,0.,1.));
#2311 = PLANE('',#2312);
#2312 = AXIS2_PLACEMENT_3D('',#2313,#2314,#2315);
#2313 = CARTESIAN_POINT('',(-97.,55.,3.));
#2314 = DIRECTION('',(1.,1.110223024625E-16,0.));
#2315 = DIRECTION('',(0.,0.,1.));
#2316 = ADVANCED_FACE('',(#2317),#2342,.F.);
#2317 = FACE_BOUND('',#2318,.F.);
#2318 = EDGE_LOOP('',(#2319,#2320,#2328,#2336));
#2319 = ORIENTED_EDGE('',*,*,#2023,.F.);
#2320 = ORIENTED_EDGE('',*,*,#2321,.T.);
#2321 = EDGE_CURVE('',#2016,#2322,#2324,.T.);
#2322 = VERTEX_POINT('',#2323);
#2323 = CARTESIAN_POINT('',(-87.,55.,50.));
#2324 = LINE('',#2325,#2326);
#2325 = CARTESIAN_POINT('',(-97.,55.,50.));
#2326 = VECTOR('',#2327,1.);
#2327 = DIRECTION('',(1.,1.110223024625E-16,0.));
#2328 = ORIENTED_EDGE('',*,*,#2329,.T.);
#2329 = EDGE_CURVE('',#2322,#2330,#2332,.T.);
#2330 = VERTEX_POINT('',#2331);
#2331 = CARTESIAN_POINT('',(-87.,55.,53.));
#2332 = LINE('',#2333,#2334);
#2333 = CARTESIAN_POINT('',(-87.,55.,50.));
#2334 = VECTOR('',#2335,1.);
#2335 = DIRECTION('',(0.,0.,1.));
#2336 = ORIENTED_EDGE('',*,*,#2337,.F.);
#2337 = EDGE_CURVE('',#2024,#2330,#2338,.T.);
#2338 = LINE('',#2339,#2340);
#2339 = CARTESIAN_POINT('',(-97.,55.,53.));
#2340 = VECTOR('',#2341,1.);
#2341 = DIRECTION('',(1.,1.110223024625E-16,0.));
#2342 = PLANE('',#2343);
#2343 = AXIS2_PLACEMENT_3D('',#2344,#2345,#2346);
#2344 = CARTESIAN_POINT('',(-97.,55.,50.));
#2345 = DIRECTION('',(1.110223024625E-16,-1.,0.));
#2346 = DIRECTION('',(0.,0.,1.));
#2347 = ADVANCED_FACE('',(#2348),#2366,.F.);
#2348 = FACE_BOUND('',#2349,.F.);
#2349 = EDGE_LOOP('',(#2350,#2351,#2352,#2360));
#2350 = ORIENTED_EDGE('',*,*,#1999,.F.);
#2351 = ORIENTED_EDGE('',*,*,#2045,.T.);
#2352 = ORIENTED_EDGE('',*,*,#2353,.T.);
#2353 = EDGE_CURVE('',#2046,#2354,#2356,.T.);
#2354 = VERTEX_POINT('',#2355);
#2355 = CARTESIAN_POINT('',(-97.,-55.,3.));
#2356 = LINE('',#2357,#2358);
#2357 = CARTESIAN_POINT('',(-100.,-55.,3.));
#2358 = VECTOR('',#2359,1.);
#2359 = DIRECTION('',(1.,1.110223024625E-16,0.));
#2360 = ORIENTED_EDGE('',*,*,#2361,.F.);
#2361 = EDGE_CURVE('',#2000,#2354,#2362,.T.);
#2362 = LINE('',#2363,#2364);
#2363 = CARTESIAN_POINT('',(-97.,55.,3.));
#2364 = VECTOR('',#2365,1.);
#2365 = DIRECTION('',(1.110223024625E-16,-1.,0.));
#2366 = PLANE('',#2367);
#2367 = AXIS2_PLACEMENT_3D('',#2368,#2369,#2370);
#2368 = CARTESIAN_POINT('',(-100.,55.,3.));
#2369 = DIRECTION('',(0.,0.,1.));
#2370 = DIRECTION('',(1.110223024625E-16,-1.,0.));
#2371 = ADVANCED_FACE('',(#2372),#2390,.T.);
#2372 = FACE_BOUND('',#2373,.T.);
#2373 = EDGE_LOOP('',(#2374,#2375,#2376,#2382,#2383,#2389));
#2374 = ORIENTED_EDGE('',*,*,#2062,.F.);
#2375 = ORIENTED_EDGE('',*,*,#2353,.T.);
#2376 = ORIENTED_EDGE('',*,*,#2377,.T.);
#2377 = EDGE_CURVE('',#2354,#2211,#2378,.T.);
#2378 = LINE('',#2379,#2380);
#2379 = CARTESIAN_POINT('',(-97.,-55.,3.));
#2380 = VECTOR('',#2381,1.);
#2381 = DIRECTION('',(0.,0.,1.));
#2382 = ORIENTED_EDGE('',*,*,#2227,.T.);
#2383 = ORIENTED_EDGE('',*,*,#2384,.T.);
#2384 = EDGE_CURVE('',#2220,#2158,#2385,.T.);
#2385 = LINE('',#2386,#2387);
#2386 = CARTESIAN_POINT('',(-97.,-55.,3.));
#2387 = VECTOR('',#2388,1.);
#2388 = DIRECTION('',(0.,0.,1.));
#2389 = ORIENTED_EDGE('',*,*,#2157,.F.);
#2390 = PLANE('',#2391);
#2391 = AXIS2_PLACEMENT_3D('',#2392,#2393,#2394);
#2392 = CARTESIAN_POINT('',(-100.,-55.,3.));
#2393 = DIRECTION('',(1.110223024625E-16,-1.,0.));
#2394 = DIRECTION('',(0.,0.,1.));
#2395 = ADVANCED_FACE('',(#2396),#2412,.T.);
#2396 = FACE_BOUND('',#2397,.T.);
#2397 = EDGE_LOOP('',(#2398,#2399,#2405,#2406));
#2398 = ORIENTED_EDGE('',*,*,#2070,.F.);
#2399 = ORIENTED_EDGE('',*,*,#2400,.T.);
#2400 = EDGE_CURVE('',#2071,#2236,#2401,.T.);
#2401 = LINE('',#2402,#2403);
#2402 = CARTESIAN_POINT('',(-100.,25.4,21.5));
#2403 = VECTOR('',#2404,1.);
#2404 = DIRECTION('',(1.,0.,0.));
#2405 = ORIENTED_EDGE('',*,*,#2235,.T.);
#2406 = ORIENTED_EDGE('',*,*,#2407,.F.);
#2407 = EDGE_CURVE('',#2073,#2238,#2408,.T.);
#2408 = LINE('',#2409,#2410);
#2409 = CARTESIAN_POINT('',(-100.,44.6,21.5));
#2410 = VECTOR('',#2411,1.);
#2411 = DIRECTION('',(1.,0.,0.));
#2412 = PLANE('',#2413);
#2413 = AXIS2_PLACEMENT_3D('',#2414,#2415,#2416);
#2414 = CARTESIAN_POINT('',(-100.,25.4,21.5));
#2415 = DIRECTION('',(0.,0.,1.));
#2416 = DIRECTION('',(1.,0.,0.));
#2417 = ADVANCED_FACE('',(#2418),#2429,.F.);
#2418 = FACE_BOUND('',#2419,.F.);
#2419 = EDGE_LOOP('',(#2420,#2421,#2422,#2428));
#2420 = ORIENTED_EDGE('',*,*,#2407,.F.);
#2421 = ORIENTED_EDGE('',*,*,#2096,.T.);
#2422 = ORIENTED_EDGE('',*,*,#2423,.T.);
#2423 = EDGE_CURVE('',#2089,#2254,#2424,.T.);
#2424 = LINE('',#2425,#2426);
#2425 = CARTESIAN_POINT('',(-100.,44.6,34.5));
#2426 = VECTOR('',#2427,1.);
#2427 = DIRECTION('',(1.,0.,0.));
#2428 = ORIENTED_EDGE('',*,*,#2261,.F.);
#2429 = PLANE('',#2430);
#2430 = AXIS2_PLACEMENT_3D('',#2431,#2432,#2433);
#2431 = CARTESIAN_POINT('',(-100.,44.6,21.5));
#2432 = DIRECTION('',(0.,1.,0.));
#2433 = DIRECTION('',(0.,0.,1.));
#2434 = ADVANCED_FACE('',(#2435),#2446,.F.);
#2435 = FACE_BOUND('',#2436,.F.);
#2436 = EDGE_LOOP('',(#2437,#2438,#2444,#2445));
#2437 = ORIENTED_EDGE('',*,*,#2088,.F.);
#2438 = ORIENTED_EDGE('',*,*,#2439,.T.);
#2439 = EDGE_CURVE('',#2081,#2246,#2440,.T.);
#2440 = LINE('',#2441,#2442);
#2441 = CARTESIAN_POINT('',(-100.,25.4,34.5));
#2442 = VECTOR('',#2443,1.);
#2443 = DIRECTION('',(1.,0.,0.));
#2444 = ORIENTED_EDGE('',*,*,#2253,.T.);
#2445 = ORIENTED_EDGE('',*,*,#2423,.F.);
#2446 = PLANE('',#2447);
#2447 = AXIS2_PLACEMENT_3D('',#2448,#2449,#2450);
#2448 = CARTESIAN_POINT('',(-100.,25.4,34.5));
#2449 = DIRECTION('',(0.,0.,1.));
#2450 = DIRECTION('',(1.,0.,0.));
#2451 = ADVANCED_FACE('',(#2452),#2458,.T.);
#2452 = FACE_BOUND('',#2453,.T.);
#2453 = EDGE_LOOP('',(#2454,#2455,#2456,#2457));
#2454 = ORIENTED_EDGE('',*,*,#2400,.F.);
#2455 = ORIENTED_EDGE('',*,*,#2080,.T.);
#2456 = ORIENTED_EDGE('',*,*,#2439,.T.);
#2457 = ORIENTED_EDGE('',*,*,#2245,.F.);
#2458 = PLANE('',#2459);
#2459 = AXIS2_PLACEMENT_3D('',#2460,#2461,#2462);
#2460 = CARTESIAN_POINT('',(-100.,25.4,21.5));
#2461 = DIRECTION('',(0.,1.,0.));
#2462 = DIRECTION('',(0.,0.,1.));
#2463 = ADVANCED_FACE('',(#2464),#2475,.F.);
#2464 = FACE_BOUND('',#2465,.F.);
#2465 = EDGE_LOOP('',(#2466,#2467,#2473,#2474));
#2466 = ORIENTED_EDGE('',*,*,#2269,.F.);
#2467 = ORIENTED_EDGE('',*,*,#2468,.F.);
#2468 = EDGE_CURVE('',#2105,#2270,#2469,.T.);
#2469 = LINE('',#2470,#2471);
#2470 = CARTESIAN_POINT('',(-100.,2.694222958124E-15,39.));
#2471 = VECTOR('',#2472,1.);
#2472 = DIRECTION('',(1.,0.,0.));
#2473 = ORIENTED_EDGE('',*,*,#2104,.T.);
#2474 = ORIENTED_EDGE('',*,*,#2468,.T.);
#2475 = CYLINDRICAL_SURFACE('',#2476,11.);
#2476 = AXIS2_PLACEMENT_3D('',#2477,#2478,#2479);
#2477 = CARTESIAN_POINT('',(-100.,0.,28.));
#2478 = DIRECTION('',(1.,0.,0.));
#2479 = DIRECTION('',(0.,0.,1.));
#2480 = ADVANCED_FACE('',(#2481),#2497,.T.);
#2481 = FACE_BOUND('',#2482,.T.);
#2482 = EDGE_LOOP('',(#2483,#2484,#2490,#2491));
#2483 = ORIENTED_EDGE('',*,*,#2115,.F.);
#2484 = ORIENTED_EDGE('',*,*,#2485,.T.);
#2485 = EDGE_CURVE('',#2116,#2281,#2486,.T.);
#2486 = LINE('',#2487,#2488);
#2487 = CARTESIAN_POINT('',(-100.,-46.,19.));
#2488 = VECTOR('',#2489,1.);
#2489 = DIRECTION('',(1.,0.,0.));
#2490 = ORIENTED_EDGE('',*,*,#2280,.T.);
#2491 = ORIENTED_EDGE('',*,*,#2492,.F.);
#2492 = EDGE_CURVE('',#2118,#2283,#2493,.T.);
#2493 = LINE('',#2494,#2495);
#2494 = CARTESIAN_POINT('',(-100.,-24.,19.));
#2495 = VECTOR('',#2496,1.);
#2496 = DIRECTION('',(1.,0.,0.));
#2497 = PLANE('',#2498);
#2498 = AXIS2_PLACEMENT_3D('',#2499,#2500,#2501);
#2499 = CARTESIAN_POINT('',(-100.,-46.,19.));
#2500 = DIRECTION('',(0.,0.,1.));
#2501 = DIRECTION('',(1.,0.,0.));
#2502 = ADVANCED_FACE('',(#2503),#2514,.T.);
#2503 = FACE_BOUND('',#2504,.T.);
#2504 = EDGE_LOOP('',(#2505,#2506,#2507,#2513));
#2505 = ORIENTED_EDGE('',*,*,#2485,.F.);
#2506 = ORIENTED_EDGE('',*,*,#2125,.T.);
#2507 = ORIENTED_EDGE('',*,*,#2508,.T.);
#2508 = EDGE_CURVE('',#2126,#2291,#2509,.T.);
#2509 = LINE('',#2510,#2511);
#2510 = CARTESIAN_POINT('',(-100.,-46.,37.));
#2511 = VECTOR('',#2512,1.);
#2512 = DIRECTION('',(1.,0.,0.));
#2513 = ORIENTED_EDGE('',*,*,#2290,.F.);
#2514 = PLANE('',#2515);
#2515 = AXIS2_PLACEMENT_3D('',#2516,#2517,#2518);
#2516 = CARTESIAN_POINT('',(-100.,-46.,19.));
#2517 = DIRECTION('',(0.,1.,0.));
#2518 = DIRECTION('',(0.,0.,1.));
#2519 = ADVANCED_FACE('',(#2520),#2531,.F.);
#2520 = FACE_BOUND('',#2521,.F.);
#2521 = EDGE_LOOP('',(#2522,#2523,#2524,#2530));
#2522 = ORIENTED_EDGE('',*,*,#2492,.F.);
#2523 = ORIENTED_EDGE('',*,*,#2141,.T.);
#2524 = ORIENTED_EDGE('',*,*,#2525,.T.);
#2525 = EDGE_CURVE('',#2134,#2299,#2526,.T.);
#2526 = LINE('',#2527,#2528);
#2527 = CARTESIAN_POINT('',(-100.,-24.,37.));
#2528 = VECTOR('',#2529,1.);
#2529 = DIRECTION('',(1.,0.,0.));
#2530 = ORIENTED_EDGE('',*,*,#2306,.F.);
#2531 = PLANE('',#2532);
#2532 = AXIS2_PLACEMENT_3D('',#2533,#2534,#2535);
#2533 = CARTESIAN_POINT('',(-100.,-24.,19.));
#2534 = DIRECTION('',(0.,1.,0.));
#2535 = DIRECTION('',(0.,0.,1.));
#2536 = ADVANCED_FACE('',(#2537),#2543,.F.);
#2537 = FACE_BOUND('',#2538,.F.);
#2538 = EDGE_LOOP('',(#2539,#2540,#2541,#2542));
#2539 = ORIENTED_EDGE('',*,*,#2133,.F.);
#2540 = ORIENTED_EDGE('',*,*,#2508,.T.);
#2541 = ORIENTED_EDGE('',*,*,#2298,.T.);
#2542 = ORIENTED_EDGE('',*,*,#2525,.F.);
#2543 = PLANE('',#2544);
#2544 = AXIS2_PLACEMENT_3D('',#2545,#2546,#2547);
#2545 = CARTESIAN_POINT('',(-100.,-46.,37.));
#2546 = DIRECTION('',(0.,0.,1.));
#2547 = DIRECTION('',(1.,0.,0.));
#2548 = ADVANCED_FACE('',(#2549,#2567,#2578),#2589,.T.);
#2549 = FACE_BOUND('',#2550,.T.);
#2550 = EDGE_LOOP('',(#2551,#2552,#2553,#2561));
#2551 = ORIENTED_EDGE('',*,*,#2337,.F.);
#2552 = ORIENTED_EDGE('',*,*,#2165,.T.);
#2553 = ORIENTED_EDGE('',*,*,#2554,.T.);
#2554 = EDGE_CURVE('',#2158,#2555,#2557,.T.);
#2555 = VERTEX_POINT('',#2556);
#2556 = CARTESIAN_POINT('',(-87.,-55.,53.));
#2557 = LINE('',#2558,#2559);
#2558 = CARTESIAN_POINT('',(-97.,-55.,53.));
#2559 = VECTOR('',#2560,1.);
#2560 = DIRECTION('',(1.,1.110223024625E-16,0.));
#2561 = ORIENTED_EDGE('',*,*,#2562,.F.);
#2562 = EDGE_CURVE('',#2330,#2555,#2563,.T.);
#2563 = LINE('',#2564,#2565);
#2564 = CARTESIAN_POINT('',(-87.,55.,53.));
#2565 = VECTOR('',#2566,1.);
#2566 = DIRECTION('',(1.110223024625E-16,-1.,0.));
#2567 = FACE_BOUND('',#2568,.T.);
#2568 = EDGE_LOOP('',(#2569));
#2569 = ORIENTED_EDGE('',*,*,#2570,.F.);
#2570 = EDGE_CURVE('',#2571,#2571,#2573,.T.);
#2571 = VERTEX_POINT('',#2572);
#2572 = CARTESIAN_POINT('',(-92.,28.3,53.));
#2573 = CIRCLE('',#2574,1.7);
#2574 = AXIS2_PLACEMENT_3D('',#2575,#2576,#2577);
#2575 = CARTESIAN_POINT('',(-92.,30.,53.));
#2576 = DIRECTION('',(-0.,0.,1.));
#2577 = DIRECTION('',(1.110223024625E-16,-1.,0.));
#2578 = FACE_BOUND('',#2579,.T.);
#2579 = EDGE_LOOP('',(#2580));
#2580 = ORIENTED_EDGE('',*,*,#2581,.F.);
#2581 = EDGE_CURVE('',#2582,#2582,#2584,.T.);
#2582 = VERTEX_POINT('',#2583);
#2583 = CARTESIAN_POINT('',(-92.,-31.7,53.));
#2584 = CIRCLE('',#2585,1.7);
#2585 = AXIS2_PLACEMENT_3D('',#2586,#2587,#2588);
#2586 = CARTESIAN_POINT('',(-92.,-30.,53.));
#2587 = DIRECTION('',(-0.,0.,1.));
#2588 = DIRECTION('',(1.110223024625E-16,-1.,0.));
#2589 = PLANE('',#2590);
#2590 = AXIS2_PLACEMENT_3D('',#2591,#2592,#2593);
#2591 = CARTESIAN_POINT('',(-97.,55.,53.));
#2592 = DIRECTION('',(0.,0.,1.));
#2593 = DIRECTION('',(1.110223024625E-16,-1.,0.));
#2594 = ADVANCED_FACE('',(#2595,#2613,#2624),#2635,.T.);
#2595 = FACE_BOUND('',#2596,.T.);
#2596 = EDGE_LOOP('',(#2597,#2598,#2599,#2607));
#2597 = ORIENTED_EDGE('',*,*,#2196,.F.);
#2598 = ORIENTED_EDGE('',*,*,#2210,.T.);
#2599 = ORIENTED_EDGE('',*,*,#2600,.T.);
#2600 = EDGE_CURVE('',#2211,#2601,#2603,.T.);
#2601 = VERTEX_POINT('',#2602);
#2602 = CARTESIAN_POINT('',(-87.,-55.,6.));
#2603 = LINE('',#2604,#2605);
#2604 = CARTESIAN_POINT('',(-97.,-55.,6.));
#2605 = VECTOR('',#2606,1.);
#2606 = DIRECTION('',(1.,1.110223024625E-16,0.));
#2607 = ORIENTED_EDGE('',*,*,#2608,.F.);
#2608 = EDGE_CURVE('',#2189,#2601,#2609,.T.);
#2609 = LINE('',#2610,#2611);
#2610 = CARTESIAN_POINT('',(-87.,55.,6.));
#2611 = VECTOR('',#2612,1.);
#2612 = DIRECTION('',(1.110223024625E-16,-1.,0.));
#2613 = FACE_BOUND('',#2614,.T.);
#2614 = EDGE_LOOP('',(#2615));
#2615 = ORIENTED_EDGE('',*,*,#2616,.F.);
#2616 = EDGE_CURVE('',#2617,#2617,#2619,.T.);
#2617 = VERTEX_POINT('',#2618);
#2618 = CARTESIAN_POINT('',(-92.,28.3,6.));
#2619 = CIRCLE('',#2620,1.7);
#2620 = AXIS2_PLACEMENT_3D('',#2621,#2622,#2623);
#2621 = CARTESIAN_POINT('',(-92.,30.,6.));
#2622 = DIRECTION('',(-0.,0.,1.));
#2623 = DIRECTION('',(1.110223024625E-16,-1.,0.));
#2624 = FACE_BOUND('',#2625,.T.);
#2625 = EDGE_LOOP('',(#2626));
#2626 = ORIENTED_EDGE('',*,*,#2627,.F.);
#2627 = EDGE_CURVE('',#2628,#2628,#2630,.T.);
#2628 = VERTEX_POINT('',#2629);
#2629 = CARTESIAN_POINT('',(-92.,-31.7,6.));
#2630 = CIRCLE('',#2631,1.7);
#2631 = AXIS2_PLACEMENT_3D('',#2632,#2633,#2634);
#2632 = CARTESIAN_POINT('',(-92.,-30.,6.));
#2633 = DIRECTION('',(-0.,0.,1.));
#2634 = DIRECTION('',(1.110223024625E-16,-1.,0.));
#2635 = PLANE('',#2636);
#2636 = AXIS2_PLACEMENT_3D('',#2637,#2638,#2639);
#2637 = CARTESIAN_POINT('',(-97.,55.,6.));
#2638 = DIRECTION('',(0.,0.,1.));
#2639 = DIRECTION('',(1.110223024625E-16,-1.,0.));
#2640 = ADVANCED_FACE('',(#2641),#2659,.T.);
#2641 = FACE_BOUND('',#2642,.T.);
#2642 = EDGE_LOOP('',(#2643,#2651,#2652,#2653));
#2643 = ORIENTED_EDGE('',*,*,#2644,.F.);
#2644 = EDGE_CURVE('',#2181,#2645,#2647,.T.);
#2645 = VERTEX_POINT('',#2646);
#2646 = CARTESIAN_POINT('',(-87.,-55.,3.));
#2647 = LINE('',#2648,#2649);
#2648 = CARTESIAN_POINT('',(-87.,55.,3.));
#2649 = VECTOR('',#2650,1.);
#2650 = DIRECTION('',(1.110223024625E-16,-1.,0.));
#2651 = ORIENTED_EDGE('',*,*,#2188,.T.);
#2652 = ORIENTED_EDGE('',*,*,#2608,.T.);
#2653 = ORIENTED_EDGE('',*,*,#2654,.F.);
#2654 = EDGE_CURVE('',#2645,#2601,#2655,.T.);
#2655 = LINE('',#2656,#2657);
#2656 = CARTESIAN_POINT('',(-87.,-55.,3.));
#2657 = VECTOR('',#2658,1.);
#2658 = DIRECTION('',(0.,0.,1.));
#2659 = PLANE('',#2660);
#2660 = AXIS2_PLACEMENT_3D('',#2661,#2662,#2663);
#2661 = CARTESIAN_POINT('',(-87.,55.,3.));
#2662 = DIRECTION('',(1.,1.110223024625E-16,0.));
#2663 = DIRECTION('',(0.,0.,1.));
#2664 = ADVANCED_FACE('',(#2665,#2676,#2687),#2698,.F.);
#2665 = FACE_BOUND('',#2666,.F.);
#2666 = EDGE_LOOP('',(#2667,#2668,#2669,#2675));
#2667 = ORIENTED_EDGE('',*,*,#2180,.F.);
#2668 = ORIENTED_EDGE('',*,*,#2361,.T.);
#2669 = ORIENTED_EDGE('',*,*,#2670,.T.);
#2670 = EDGE_CURVE('',#2354,#2645,#2671,.T.);
#2671 = LINE('',#2672,#2673);
#2672 = CARTESIAN_POINT('',(-97.,-55.,3.));
#2673 = VECTOR('',#2674,1.);
#2674 = DIRECTION('',(1.,1.110223024625E-16,0.));
#2675 = ORIENTED_EDGE('',*,*,#2644,.F.);
#2676 = FACE_BOUND('',#2677,.F.);
#2677 = EDGE_LOOP('',(#2678));
#2678 = ORIENTED_EDGE('',*,*,#2679,.F.);
#2679 = EDGE_CURVE('',#2680,#2680,#2682,.T.);
#2680 = VERTEX_POINT('',#2681);
#2681 = CARTESIAN_POINT('',(-92.,28.3,3.));
#2682 = CIRCLE('',#2683,1.7);
#2683 = AXIS2_PLACEMENT_3D('',#2684,#2685,#2686);
#2684 = CARTESIAN_POINT('',(-92.,30.,3.));
#2685 = DIRECTION('',(-0.,0.,1.));
#2686 = DIRECTION('',(1.110223024625E-16,-1.,0.));
#2687 = FACE_BOUND('',#2688,.F.);
#2688 = EDGE_LOOP('',(#2689));
#2689 = ORIENTED_EDGE('',*,*,#2690,.F.);
#2690 = EDGE_CURVE('',#2691,#2691,#2693,.T.);
#2691 = VERTEX_POINT('',#2692);
#2692 = CARTESIAN_POINT('',(-92.,-31.7,3.));
#2693 = CIRCLE('',#2694,1.7);
#2694 = AXIS2_PLACEMENT_3D('',#2695,#2696,#2697);
#2695 = CARTESIAN_POINT('',(-92.,-30.,3.));
#2696 = DIRECTION('',(-0.,0.,1.));
#2697 = DIRECTION('',(1.110223024625E-16,-1.,0.));
#2698 = PLANE('',#2699);
#2699 = AXIS2_PLACEMENT_3D('',#2700,#2701,#2702);
#2700 = CARTESIAN_POINT('',(-97.,55.,3.));
#2701 = DIRECTION('',(0.,0.,1.));
#2702 = DIRECTION('',(1.110223024625E-16,-1.,0.));
#2703 = ADVANCED_FACE('',(#2704,#2722,#2733),#2744,.F.);
#2704 = FACE_BOUND('',#2705,.F.);
#2705 = EDGE_LOOP('',(#2706,#2707,#2708,#2716));
#2706 = ORIENTED_EDGE('',*,*,#2321,.F.);
#2707 = ORIENTED_EDGE('',*,*,#2219,.T.);
#2708 = ORIENTED_EDGE('',*,*,#2709,.T.);
#2709 = EDGE_CURVE('',#2220,#2710,#2712,.T.);
#2710 = VERTEX_POINT('',#2711);
#2711 = CARTESIAN_POINT('',(-87.,-55.,50.));
#2712 = LINE('',#2713,#2714);
#2713 = CARTESIAN_POINT('',(-97.,-55.,50.));
#2714 = VECTOR('',#2715,1.);
#2715 = DIRECTION('',(1.,1.110223024625E-16,0.));
#2716 = ORIENTED_EDGE('',*,*,#2717,.F.);
#2717 = EDGE_CURVE('',#2322,#2710,#2718,.T.);
#2718 = LINE('',#2719,#2720);
#2719 = CARTESIAN_POINT('',(-87.,55.,50.));
#2720 = VECTOR('',#2721,1.);
#2721 = DIRECTION('',(1.110223024625E-16,-1.,0.));
#2722 = FACE_BOUND('',#2723,.F.);
#2723 = EDGE_LOOP('',(#2724));
#2724 = ORIENTED_EDGE('',*,*,#2725,.F.);
#2725 = EDGE_CURVE('',#2726,#2726,#2728,.T.);
#2726 = VERTEX_POINT('',#2727);
#2727 = CARTESIAN_POINT('',(-92.,28.3,50.));
#2728 = CIRCLE('',#2729,1.7);
#2729 = AXIS2_PLACEMENT_3D('',#2730,#2731,#2732);
#2730 = CARTESIAN_POINT('',(-92.,30.,50.));
#2731 = DIRECTION('',(-0.,0.,1.));
#2732 = DIRECTION('',(1.110223024625E-16,-1.,0.));
#2733 = FACE_BOUND('',#2734,.F.);
#2734 = EDGE_LOOP('',(#2735));
#2735 = ORIENTED_EDGE('',*,*,#2736,.F.);
#2736 = EDGE_CURVE('',#2737,#2737,#2739,.T.);
#2737 = VERTEX_POINT('',#2738);
#2738 = CARTESIAN_POINT('',(-92.,-31.7,50.));
#2739 = CIRCLE('',#2740,1.7);
#2740 = AXIS2_PLACEMENT_3D('',#2741,#2742,#2743);
#2741 = CARTESIAN_POINT('',(-92.,-30.,50.));
#2742 = DIRECTION('',(-0.,0.,1.));
#2743 = DIRECTION('',(1.110223024625E-16,-1.,0.));
#2744 = PLANE('',#2745);
#2745 = AXIS2_PLACEMENT_3D('',#2746,#2747,#2748);
#2746 = CARTESIAN_POINT('',(-97.,55.,50.));
#2747 = DIRECTION('',(0.,0.,1.));
#2748 = DIRECTION('',(1.110223024625E-16,-1.,0.));
#2749 = ADVANCED_FACE('',(#2750),#2761,.T.);
#2750 = FACE_BOUND('',#2751,.T.);
#2751 = EDGE_LOOP('',(#2752,#2753,#2754,#2755));
#2752 = ORIENTED_EDGE('',*,*,#2717,.F.);
#2753 = ORIENTED_EDGE('',*,*,#2329,.T.);
#2754 = ORIENTED_EDGE('',*,*,#2562,.T.);
#2755 = ORIENTED_EDGE('',*,*,#2756,.F.);
#2756 = EDGE_CURVE('',#2710,#2555,#2757,.T.);
#2757 = LINE('',#2758,#2759);
#2758 = CARTESIAN_POINT('',(-87.,-55.,50.));
#2759 = VECTOR('',#2760,1.);
#2760 = DIRECTION('',(0.,0.,1.));
#2761 = PLANE('',#2762);
#2762 = AXIS2_PLACEMENT_3D('',#2763,#2764,#2765);
#2763 = CARTESIAN_POINT('',(-87.,55.,50.));
#2764 = DIRECTION('',(1.,1.110223024625E-16,0.));
#2765 = DIRECTION('',(0.,0.,1.));
#2766 = ADVANCED_FACE('',(#2767),#2773,.T.);
#2767 = FACE_BOUND('',#2768,.T.);
#2768 = EDGE_LOOP('',(#2769,#2770,#2771,#2772));
#2769 = ORIENTED_EDGE('',*,*,#2377,.F.);
#2770 = ORIENTED_EDGE('',*,*,#2670,.T.);
#2771 = ORIENTED_EDGE('',*,*,#2654,.T.);
#2772 = ORIENTED_EDGE('',*,*,#2600,.F.);
#2773 = PLANE('',#2774);
#2774 = AXIS2_PLACEMENT_3D('',#2775,#2776,#2777);
#2775 = CARTESIAN_POINT('',(-97.,-55.,3.));
#2776 = DIRECTION('',(1.110223024625E-16,-1.,0.));
#2777 = DIRECTION('',(0.,0.,1.));
#2778 = ADVANCED_FACE('',(#2779),#2785,.T.);
#2779 = FACE_BOUND('',#2780,.T.);
#2780 = EDGE_LOOP('',(#2781,#2782,#2783,#2784));
#2781 = ORIENTED_EDGE('',*,*,#2384,.F.);
#2782 = ORIENTED_EDGE('',*,*,#2709,.T.);
#2783 = ORIENTED_EDGE('',*,*,#2756,.T.);
#2784 = ORIENTED_EDGE('',*,*,#2554,.F.);
#2785 = PLANE('',#2786);
#2786 = AXIS2_PLACEMENT_3D('',#2787,#2788,#2789);
#2787 = CARTESIAN_POINT('',(-97.,-55.,50.));
#2788 = DIRECTION('',(1.110223024625E-16,-1.,0.));
#2789 = DIRECTION('',(0.,0.,1.));
#2790 = ADVANCED_FACE('',(#2791),#2802,.F.);
#2791 = FACE_BOUND('',#2792,.F.);
#2792 = EDGE_LOOP('',(#2793,#2794,#2800,#2801));
#2793 = ORIENTED_EDGE('',*,*,#2570,.F.);
#2794 = ORIENTED_EDGE('',*,*,#2795,.F.);
#2795 = EDGE_CURVE('',#2726,#2571,#2796,.T.);
#2796 = LINE('',#2797,#2798);
#2797 = CARTESIAN_POINT('',(-92.,28.3,50.));
#2798 = VECTOR('',#2799,1.);
#2799 = DIRECTION('',(0.,0.,1.));
#2800 = ORIENTED_EDGE('',*,*,#2725,.T.);
#2801 = ORIENTED_EDGE('',*,*,#2795,.T.);
#2802 = CYLINDRICAL_SURFACE('',#2803,1.7);
#2803 = AXIS2_PLACEMENT_3D('',#2804,#2805,#2806);
#2804 = CARTESIAN_POINT('',(-92.,30.,50.));
#2805 = DIRECTION('',(0.,0.,1.));
#2806 = DIRECTION('',(1.110223024625E-16,-1.,0.));
#2807 = ADVANCED_FACE('',(#2808),#2819,.F.);
#2808 = FACE_BOUND('',#2809,.F.);
#2809 = EDGE_LOOP('',(#2810,#2811,#2817,#2818));
#2810 = ORIENTED_EDGE('',*,*,#2581,.F.);
#2811 = ORIENTED_EDGE('',*,*,#2812,.F.);
#2812 = EDGE_CURVE('',#2737,#2582,#2813,.T.);
#2813 = LINE('',#2814,#2815);
#2814 = CARTESIAN_POINT('',(-92.,-31.7,50.));
#2815 = VECTOR('',#2816,1.);
#2816 = DIRECTION('',(0.,0.,1.));
#2817 = ORIENTED_EDGE('',*,*,#2736,.T.);
#2818 = ORIENTED_EDGE('',*,*,#2812,.T.);
#2819 = CYLINDRICAL_SURFACE('',#2820,1.7);
#2820 = AXIS2_PLACEMENT_3D('',#2821,#2822,#2823);
#2821 = CARTESIAN_POINT('',(-92.,-30.,50.));
#2822 = DIRECTION('',(0.,0.,1.));
#2823 = DIRECTION('',(1.110223024625E-16,-1.,0.));
#2824 = ADVANCED_FACE('',(#2825),#2836,.F.);
#2825 = FACE_BOUND('',#2826,.F.);
#2826 = EDGE_LOOP('',(#2827,#2828,#2834,#2835));
#2827 = ORIENTED_EDGE('',*,*,#2616,.F.);
#2828 = ORIENTED_EDGE('',*,*,#2829,.F.);
#2829 = EDGE_CURVE('',#2680,#2617,#2830,.T.);
#2830 = LINE('',#2831,#2832);
#2831 = CARTESIAN_POINT('',(-92.,28.3,3.));
#2832 = VECTOR('',#2833,1.);
#2833 = DIRECTION('',(0.,0.,1.));
#2834 = ORIENTED_EDGE('',*,*,#2679,.T.);
#2835 = ORIENTED_EDGE('',*,*,#2829,.T.);
#2836 = CYLINDRICAL_SURFACE('',#2837,1.7);
#2837 = AXIS2_PLACEMENT_3D('',#2838,#2839,#2840);
#2838 = CARTESIAN_POINT('',(-92.,30.,3.));
#2839 = DIRECTION('',(0.,0.,1.));
#2840 = DIRECTION('',(1.110223024625E-16,-1.,0.));
#2841 = ADVANCED_FACE('',(#2842),#2853,.F.);
#2842 = FACE_BOUND('',#2843,.F.);
#2843 = EDGE_LOOP('',(#2844,#2845,#2851,#2852));
#2844 = ORIENTED_EDGE('',*,*,#2627,.F.);
#2845 = ORIENTED_EDGE('',*,*,#2846,.F.);
#2846 = EDGE_CURVE('',#2691,#2628,#2847,.T.);
#2847 = LINE('',#2848,#2849);
#2848 = CARTESIAN_POINT('',(-92.,-31.7,3.));
#2849 = VECTOR('',#2850,1.);
#2850 = DIRECTION('',(0.,0.,1.));
#2851 = ORIENTED_EDGE('',*,*,#2690,.T.);
#2852 = ORIENTED_EDGE('',*,*,#2846,.T.);
#2853 = CYLINDRICAL_SURFACE('',#2854,1.7);
#2854 = AXIS2_PLACEMENT_3D('',#2855,#2856,#2857);
#2855 = CARTESIAN_POINT('',(-92.,-30.,3.));
#2856 = DIRECTION('',(0.,0.,1.));
#2857 = DIRECTION('',(1.110223024625E-16,-1.,0.));
#2858 = ( GEOMETRIC_REPRESENTATION_CONTEXT(3) 
GLOBAL_UNCERTAINTY_ASSIGNED_CONTEXT((#2862)) 
GLOBAL_UNIT_ASSIGNED_CONTEXT((#2859,#2860,#2861)) REPRESENTATION_CONTEXT
('Context #1','3D Context with UNIT and UNCERTAINTY') );
#2859 = ( LENGTH_UNIT() NAMED_UNIT(*) SI_UNIT(.MILLI.,.METRE.) );
#2860 = ( NAMED_UNIT(*) PLANE_ANGLE_UNIT() SI_UNIT($,.RADIAN.) );
#2861 = ( NAMED_UNIT(*) SI_UNIT($,.STERADIAN.) SOLID_ANGLE_UNIT() );
#2862 = UNCERTAINTY_MEASURE_WITH_UNIT(LENGTH_MEASURE(1.E-07),#2859,
  'distance_accuracy_value','confusion accuracy');
#2863 = PRODUCT_RELATED_PRODUCT_CATEGORY('part',$,(#7));
ENDSEC;
END-ISO-10303-21;
