solid 
 facet normal -1.000000e+00  0.000000e+00 -0.000000e+00
   outer loop
     vertex  0.000000e+00  8.000000e+00  1.560000e+02
     vertex  0.000000e+00  8.000000e+00  0.000000e+00
     vertex  0.000000e+00  0.000000e+00  0.000000e+00
   endloop
 endfacet
 facet normal -1.000000e+00  0.000000e+00  0.000000e+00
   outer loop
     vertex  0.000000e+00  0.000000e+00  1.560000e+02
     vertex  0.000000e+00  8.000000e+00  1.560000e+02
     vertex  0.000000e+00  0.000000e+00  0.000000e+00
   endloop
 endfacet
 facet normal  0.000000e+00 -1.000000e+00 -0.000000e+00
   outer loop
     vertex  1.294180e+01  0.000000e+00  1.198961e+02
     vertex  0.000000e+00  0.000000e+00  0.000000e+00
     vertex  1.297252e+01  0.000000e+00  1.198648e+02
   endloop
 endfacet
 facet normal -0.000000e+00 -1.000000e+00  0.000000e+00
   outer loop
     vertex  1.300408e+01  0.000000e+00  1.198343e+02
     vertex  1.297252e+01  0.000000e+00  1.198648e+02
     vertex  0.000000e+00  0.000000e+00  0.000000e+00
   endloop
 endfacet
 facet normal  0.000000e+00 -1.000000e+00 -0.000000e+00
   outer loop
     vertex  1.291195e+01  0.000000e+00  1.199283e+02
     vertex  0.000000e+00  0.000000e+00  0.000000e+00
     vertex  1.294180e+01  0.000000e+00  1.198961e+02
   endloop
 endfacet
 facet normal -0.000000e+00 -1.000000e+00  0.000000e+00
   outer loop
     vertex  1.303648e+01  0.000000e+00  1.198046e+02
     vertex  1.300408e+01  0.000000e+00  1.198343e+02
     vertex  0.000000e+00  0.000000e+00  0.000000e+00
   endloop
 endfacet
 facet normal  0.000000e+00 -1.000000e+00 -0.000000e+00
   outer loop
     vertex  1.288299e+01  0.000000e+00  1.199613e+02
     vertex  0.000000e+00  0.000000e+00  0.000000e+00
     vertex  1.291195e+01  0.000000e+00  1.199283e+02
   endloop
 endfacet
 facet normal -0.000000e+00 -1.000000e+00  0.000000e+00
   outer loop
     vertex  1.306967e+01  0.000000e+00  1.197759e+02
     vertex  1.303648e+01  0.000000e+00  1.198046e+02
     vertex  0.000000e+00  0.000000e+00  0.000000e+00
   endloop
 endfacet
 facet normal  0.000000e+00 -1.000000e+00 -0.000000e+00
   outer loop
     vertex  1.285496e+01  0.000000e+00  1.199951e+02
     vertex  0.000000e+00  0.000000e+00  0.000000e+00
     vertex  1.288299e+01  0.000000e+00  1.199613e+02
   endloop
 endfacet
 facet normal -0.000000e+00 -1.000000e+00  0.000000e+00
   outer loop
     vertex  1.310364e+01  0.000000e+00  1.197481e+02
     vertex  1.306967e+01  0.000000e+00  1.197759e+02
     vertex  0.000000e+00  0.000000e+00  0.000000e+00
   endloop
 endfacet
 facet normal  0.000000e+00 -1.000000e+00 -0.000000e+00
   outer loop
     vertex  1.282786e+01  0.000000e+00  1.200296e+02
     vertex  0.000000e+00  0.000000e+00  0.000000e+00
     vertex  1.285496e+01  0.000000e+00  1.199951e+02
   endloop
 endfacet
 facet normal -0.000000e+00 -1.000000e+00  0.000000e+00
   outer loop
     vertex  1.313836e+01  0.000000e+00  1.197212e+02
     vertex  1.310364e+01  0.000000e+00  1.197481e+02
     vertex  0.000000e+00  0.000000e+00  0.000000e+00
   endloop
 endfacet
 facet normal  0.000000e+00 -1.000000e+00 -0.000000e+00
   outer loop
     vertex  1.280171e+01  0.000000e+00  1.200649e+02
     vertex  0.000000e+00  0.000000e+00  0.000000e+00
     vertex  1.282786e+01  0.000000e+00  1.200296e+02
   endloop
 endfacet
 facet normal -0.000000e+00 -1.000000e+00  0.000000e+00
   outer loop
     vertex  1.317381e+01  0.000000e+00  1.196953e+02
     vertex  1.313836e+01  0.000000e+00  1.197212e+02
     vertex  0.000000e+00  0.000000e+00  0.000000e+00
   endloop
 endfacet
 facet normal  0.000000e+00 -1.000000e+00 -0.000000e+00
   outer loop
     vertex  1.277655e+01  0.000000e+00  1.201008e+02
     vertex  0.000000e+00  0.000000e+00  0.000000e+00
     vertex  1.280171e+01  0.000000e+00  1.200649e+02
   endloop
 endfacet
 facet normal -0.000000e+00 -1.000000e+00  0.000000e+00
   outer loop
     vertex  1.320995e+01  0.000000e+00  1.196704e+02
     vertex  1.317381e+01  0.000000e+00  1.196953e+02
     vertex  0.000000e+00  0.000000e+00  0.000000e+00
   endloop
 endfacet
 facet normal  0.000000e+00 -1.000000e+00 -0.000000e+00
   outer loop
     vertex  1.275238e+01  0.000000e+00  1.201375e+02
     vertex  0.000000e+00  0.000000e+00  0.000000e+00
     vertex  1.277655e+01  0.000000e+00  1.201008e+02
   endloop
 endfacet
 facet normal -0.000000e+00 -1.000000e+00  0.000000e+00
   outer loop
     vertex  1.324676e+01  0.000000e+00  1.196465e+02
     vertex  1.320995e+01  0.000000e+00  1.196704e+02
     vertex  0.000000e+00  0.000000e+00  0.000000e+00
   endloop
 endfacet
 facet normal  0.000000e+00 -1.000000e+00 -0.000000e+00
   outer loop
     vertex  1.272922e+01  0.000000e+00  1.201748e+02
     vertex  0.000000e+00  0.000000e+00  0.000000e+00
     vertex  1.275238e+01  0.000000e+00  1.201375e+02
   endloop
 endfacet
 facet normal -0.000000e+00 -1.000000e+00  0.000000e+00
   outer loop
     vertex  1.328421e+01  0.000000e+00  1.196236e+02
     vertex  1.324676e+01  0.000000e+00  1.196465e+02
     vertex  0.000000e+00  0.000000e+00  0.000000e+00
   endloop
 endfacet
 facet normal  0.000000e+00 -1.000000e+00 -0.000000e+00
   outer loop
     vertex  1.270710e+01  0.000000e+00  1.202127e+02
     vertex  0.000000e+00  0.000000e+00  0.000000e+00
     vertex  1.272922e+01  0.000000e+00  1.201748e+02
   endloop
 endfacet
 facet normal -0.000000e+00 -1.000000e+00  0.000000e+00
   outer loop
     vertex  1.332228e+01  0.000000e+00  1.196017e+02
     vertex  1.328421e+01  0.000000e+00  1.196236e+02
     vertex  0.000000e+00  0.000000e+00  0.000000e+00
   endloop
 endfacet
 facet normal  0.000000e+00 -1.000000e+00 -0.000000e+00
   outer loop
     vertex  1.268603e+01  0.000000e+00  1.202512e+02
     vertex  0.000000e+00  0.000000e+00  0.000000e+00
     vertex  1.270710e+01  0.000000e+00  1.202127e+02
   endloop
 endfacet
 facet normal -0.000000e+00 -1.000000e+00  0.000000e+00
   outer loop
     vertex  1.336093e+01  0.000000e+00  1.195809e+02
     vertex  1.332228e+01  0.000000e+00  1.196017e+02
     vertex  0.000000e+00  0.000000e+00  0.000000e+00
   endloop
 endfacet
 facet normal  0.000000e+00 -1.000000e+00 -0.000000e+00
   outer loop
     vertex  1.266602e+01  0.000000e+00  1.202903e+02
     vertex  0.000000e+00  0.000000e+00  0.000000e+00
     vertex  1.268603e+01  0.000000e+00  1.202512e+02
   endloop
 endfacet
 facet normal -0.000000e+00 -1.000000e+00  0.000000e+00
   outer loop
     vertex  1.340014e+01  0.000000e+00  1.195612e+02
     vertex  1.336093e+01  0.000000e+00  1.195809e+02
     vertex  0.000000e+00  0.000000e+00  0.000000e+00
   endloop
 endfacet
 facet normal  0.000000e+00 -1.000000e+00 -0.000000e+00
   outer loop
     vertex  1.264709e+01  0.000000e+00  1.203299e+02
     vertex  0.000000e+00  0.000000e+00  0.000000e+00
     vertex  1.266602e+01  0.000000e+00  1.202903e+02
   endloop
 endfacet
 facet normal -0.000000e+00 -1.000000e+00  0.000000e+00
   outer loop
     vertex  1.343988e+01  0.000000e+00  1.195425e+02
     vertex  1.340014e+01  0.000000e+00  1.195612e+02
     vertex  0.000000e+00  0.000000e+00  0.000000e+00
   endloop
 endfacet
 facet normal  0.000000e+00 -1.000000e+00 -0.000000e+00
   outer loop
     vertex  1.262925e+01  0.000000e+00  1.203700e+02
     vertex  0.000000e+00  0.000000e+00  0.000000e+00
     vertex  1.264709e+01  0.000000e+00  1.203299e+02
   endloop
 endfacet
 facet normal -0.000000e+00 -1.000000e+00  0.000000e+00
   outer loop
     vertex  1.348011e+01  0.000000e+00  1.195250e+02
     vertex  1.343988e+01  0.000000e+00  1.195425e+02
     vertex  0.000000e+00  0.000000e+00  0.000000e+00
   endloop
 endfacet
 facet normal  0.000000e+00 -1.000000e+00 -0.000000e+00
   outer loop
     vertex  1.261252e+01  0.000000e+00  1.204106e+02
     vertex  0.000000e+00  0.000000e+00  0.000000e+00
     vertex  1.262925e+01  0.000000e+00  1.203700e+02
   endloop
 endfacet
 facet normal -0.000000e+00 -1.000000e+00  0.000000e+00
   outer loop
     vertex  1.352081e+01  0.000000e+00  1.195085e+02
     vertex  1.348011e+01  0.000000e+00  1.195250e+02
     vertex  0.000000e+00  0.000000e+00  0.000000e+00
   endloop
 endfacet
 facet normal  0.000000e+00 -1.000000e+00 -0.000000e+00
   outer loop
     vertex  1.259691e+01  0.000000e+00  1.204516e+02
     vertex  0.000000e+00  0.000000e+00  0.000000e+00
     vertex  1.261252e+01  0.000000e+00  1.204106e+02
   endloop
 endfacet
 facet normal -0.000000e+00 -1.000000e+00  0.000000e+00
   outer loop
     vertex  1.356195e+01  0.000000e+00  1.194932e+02
     vertex  1.352081e+01  0.000000e+00  1.195085e+02
     vertex  0.000000e+00  0.000000e+00  0.000000e+00
   endloop
 endfacet
 facet normal  0.000000e+00 -1.000000e+00 -0.000000e+00
   outer loop
     vertex  1.258243e+01  0.000000e+00  1.204931e+02
     vertex  0.000000e+00  0.000000e+00  0.000000e+00
     vertex  1.259691e+01  0.000000e+00  1.204516e+02
   endloop
 endfacet
 facet normal -0.000000e+00 -1.000000e+00  0.000000e+00
   outer loop
     vertex  1.360349e+01  0.000000e+00  1.194790e+02
     vertex  1.356195e+01  0.000000e+00  1.194932e+02
     vertex  0.000000e+00  0.000000e+00  0.000000e+00
   endloop
 endfacet
 facet normal  0.000000e+00 -1.000000e+00 -0.000000e+00
   outer loop
     vertex  1.256909e+01  0.000000e+00  1.205349e+02
     vertex  0.000000e+00  0.000000e+00  0.000000e+00
     vertex  1.258243e+01  0.000000e+00  1.204931e+02
   endloop
 endfacet
 facet normal -0.000000e+00 -1.000000e+00  0.000000e+00
   outer loop
     vertex  1.364540e+01  0.000000e+00  1.194659e+02
     vertex  1.360349e+01  0.000000e+00  1.194790e+02
     vertex  0.000000e+00  0.000000e+00  0.000000e+00
   endloop
 endfacet
 facet normal  0.000000e+00 -1.000000e+00 -0.000000e+00
   outer loop
     vertex  1.255691e+01  0.000000e+00  1.205771e+02
     vertex  0.000000e+00  0.000000e+00  0.000000e+00
     vertex  1.256909e+01  0.000000e+00  1.205349e+02
   endloop
 endfacet
 facet normal -0.000000e+00 -1.000000e+00  0.000000e+00
   outer loop
     vertex  1.368766e+01  0.000000e+00  1.194540e+02
     vertex  1.364540e+01  0.000000e+00  1.194659e+02
     vertex  0.000000e+00  0.000000e+00  0.000000e+00
   endloop
 endfacet
 facet normal  0.000000e+00 -1.000000e+00 -0.000000e+00
   outer loop
     vertex  1.254589e+01  0.000000e+00  1.206196e+02
     vertex  0.000000e+00  0.000000e+00  0.000000e+00
     vertex  1.255691e+01  0.000000e+00  1.205771e+02
   endloop
 endfacet
 facet normal -0.000000e+00 -1.000000e+00  0.000000e+00
   outer loop
     vertex  1.373022e+01  0.000000e+00  1.194433e+02
     vertex  1.368766e+01  0.000000e+00  1.194540e+02
     vertex  0.000000e+00  0.000000e+00  0.000000e+00
   endloop
 endfacet
 facet normal -0.000000e+00 -1.000000e+00  0.000000e+00
   outer loop
     vertex  1.377307e+01  0.000000e+00  1.194338e+02
     vertex  1.373022e+01  0.000000e+00  1.194433e+02
     vertex  0.000000e+00  0.000000e+00  0.000000e+00
   endloop
 endfacet
 facet normal  5.225884e-14 -1.000000e+00 -6.045754e-15
   outer loop
     vertex  1.381616e+01  0.000000e+00  1.194254e+02
     vertex  0.000000e+00  0.000000e+00  0.000000e+00
     vertex  6.037742e+00  3.155254e-13  0.000000e+00
   endloop
 endfacet
 facet normal -0.000000e+00 -1.000000e+00  0.000000e+00
   outer loop
     vertex  1.381616e+01  0.000000e+00  1.194254e+02
     vertex  1.377307e+01  0.000000e+00  1.194338e+02
     vertex  0.000000e+00  0.000000e+00  0.000000e+00
   endloop
 endfacet
 facet normal -4.342179e-16 -1.000000e+00 -2.613748e-15
   outer loop
     vertex  1.385947e+01  0.000000e+00  1.194182e+02
     vertex  1.381616e+01  0.000000e+00  1.194254e+02
     vertex  6.037742e+00  3.155254e-13  0.000000e+00
   endloop
 endfacet
 facet normal -3.614976e-16 -1.000000e+00 -2.618511e-15
   outer loop
     vertex  1.390295e+01  0.000000e+00  1.194122e+02
     vertex  1.385947e+01  0.000000e+00  1.194182e+02
     vertex  6.037742e+00  3.155254e-13  0.000000e+00
   endloop
 endfacet
 facet normal -2.890666e-16 -1.000000e+00 -2.623282e-15
   outer loop
     vertex  1.394659e+01  0.000000e+00  1.194074e+02
     vertex  1.390295e+01  0.000000e+00  1.194122e+02
     vertex  6.037742e+00  3.155254e-13  0.000000e+00
   endloop
 endfacet
 facet normal -2.168126e-16 -1.000000e+00 -2.628068e-15
   outer loop
     vertex  1.399034e+01  0.000000e+00  1.194038e+02
     vertex  1.394659e+01  0.000000e+00  1.194074e+02
     vertex  6.037742e+00  3.155254e-13  0.000000e+00
   endloop
 endfacet
 facet normal -1.446242e-16 -1.000000e+00 -2.632876e-15
   outer loop
     vertex  1.403417e+01  0.000000e+00  1.194014e+02
     vertex  1.399034e+01  0.000000e+00  1.194038e+02
     vertex  6.037742e+00  3.155254e-13  0.000000e+00
   endloop
 endfacet
 facet normal -7.239039e-17 -1.000000e+00 -2.637713e-15
   outer loop
     vertex  1.407805e+01  0.000000e+00  1.194002e+02
     vertex  1.403417e+01  0.000000e+00  1.194014e+02
     vertex  6.037742e+00  3.155254e-13  0.000000e+00
   endloop
 endfacet
 facet normal -2.639828e-14 -1.000000e+00 -8.552435e-16
   outer loop
     vertex  1.412195e+01  0.000000e+00  1.194002e+02
     vertex  6.037742e+00  3.155254e-13  0.000000e+00
     vertex  2.216226e+01 -1.101341e-13  0.000000e+00
   endloop
 endfacet
 facet normal -0.000000e+00 -1.000000e+00 -2.642588e-15
   outer loop
     vertex  1.412195e+01  0.000000e+00  1.194002e+02
     vertex  1.407805e+01  0.000000e+00  1.194002e+02
     vertex  6.037742e+00  3.155254e-13  0.000000e+00
   endloop
 endfacet
 facet normal -2.526786e-17 -1.000000e+00  9.206937e-16
   outer loop
     vertex  1.416583e+01  0.000000e+00  1.194014e+02
     vertex  1.412195e+01  0.000000e+00  1.194002e+02
     vertex  2.216226e+01 -1.101341e-13  0.000000e+00
   endloop
 endfacet
 facet normal -5.048107e-17 -1.000000e+00  9.190051e-16
   outer loop
     vertex  1.420966e+01  0.000000e+00  1.194038e+02
     vertex  1.416583e+01  0.000000e+00  1.194014e+02
     vertex  2.216226e+01 -1.101341e-13  0.000000e+00
   endloop
 endfacet
 facet normal -7.567844e-17 -1.000000e+00  9.173269e-16
   outer loop
     vertex  1.425341e+01  0.000000e+00  1.194074e+02
     vertex  1.420966e+01  0.000000e+00  1.194038e+02
     vertex  2.216226e+01 -1.101341e-13  0.000000e+00
   endloop
 endfacet
 facet normal -1.008987e-16 -1.000000e+00  9.156565e-16
   outer loop
     vertex  1.429705e+01  0.000000e+00  1.194122e+02
     vertex  1.425341e+01  0.000000e+00  1.194074e+02
     vertex  2.216226e+01 -1.101341e-13  0.000000e+00
   endloop
 endfacet
 facet normal -1.261807e-16 -1.000000e+00  9.139912e-16
   outer loop
     vertex  1.434053e+01  0.000000e+00  1.194182e+02
     vertex  1.429705e+01  0.000000e+00  1.194122e+02
     vertex  2.216226e+01 -1.101341e-13  0.000000e+00
   endloop
 endfacet
 facet normal  1.824094e-14 -1.000000e+00  2.110270e-15
   outer loop
     vertex  1.438384e+01  0.000000e+00  1.194254e+02
     vertex  2.216226e+01 -1.101341e-13  0.000000e+00
     vertex  2.820000e+01  0.000000e+00  0.000000e+00
   endloop
 endfacet
 facet normal -1.515637e-16 -1.000000e+00  9.123287e-16
   outer loop
     vertex  1.438384e+01  0.000000e+00  1.194254e+02
     vertex  1.434053e+01  0.000000e+00  1.194182e+02
     vertex  2.216226e+01 -1.101341e-13  0.000000e+00
   endloop
 endfacet
 facet normal  0.000000e+00 -1.000000e+00 -0.000000e+00
   outer loop
     vertex  1.442693e+01  0.000000e+00  1.194338e+02
     vertex  1.438384e+01  0.000000e+00  1.194254e+02
     vertex  2.820000e+01  0.000000e+00  0.000000e+00
   endloop
 endfacet
 facet normal  0.000000e+00 -1.000000e+00 -0.000000e+00
   outer loop
     vertex  1.446978e+01  0.000000e+00  1.194433e+02
     vertex  1.442693e+01  0.000000e+00  1.194338e+02
     vertex  2.820000e+01  0.000000e+00  0.000000e+00
   endloop
 endfacet
 facet normal  0.000000e+00 -1.000000e+00 -0.000000e+00
   outer loop
     vertex  1.451234e+01  0.000000e+00  1.194540e+02
     vertex  1.446978e+01  0.000000e+00  1.194433e+02
     vertex  2.820000e+01  0.000000e+00  0.000000e+00
   endloop
 endfacet
 facet normal  0.000000e+00 -1.000000e+00 -0.000000e+00
   outer loop
     vertex  1.455460e+01  0.000000e+00  1.194659e+02
     vertex  1.451234e+01  0.000000e+00  1.194540e+02
     vertex  2.820000e+01  0.000000e+00  0.000000e+00
   endloop
 endfacet
 facet normal  0.000000e+00 -1.000000e+00 -0.000000e+00
   outer loop
     vertex  1.459651e+01  0.000000e+00  1.194790e+02
     vertex  1.455460e+01  0.000000e+00  1.194659e+02
     vertex  2.820000e+01  0.000000e+00  0.000000e+00
   endloop
 endfacet
 facet normal  0.000000e+00 -1.000000e+00 -0.000000e+00
   outer loop
     vertex  1.463805e+01  0.000000e+00  1.194932e+02
     vertex  1.459651e+01  0.000000e+00  1.194790e+02
     vertex  2.820000e+01  0.000000e+00  0.000000e+00
   endloop
 endfacet
 facet normal  0.000000e+00 -1.000000e+00 -0.000000e+00
   outer loop
     vertex  1.467919e+01  0.000000e+00  1.195085e+02
     vertex  1.463805e+01  0.000000e+00  1.194932e+02
     vertex  2.820000e+01  0.000000e+00  0.000000e+00
   endloop
 endfacet
 facet normal  0.000000e+00 -1.000000e+00 -0.000000e+00
   outer loop
     vertex  1.471989e+01  0.000000e+00  1.195250e+02
     vertex  1.467919e+01  0.000000e+00  1.195085e+02
     vertex  2.820000e+01  0.000000e+00  0.000000e+00
   endloop
 endfacet
 facet normal  0.000000e+00 -1.000000e+00 -0.000000e+00
   outer loop
     vertex  1.476012e+01  0.000000e+00  1.195425e+02
     vertex  1.471989e+01  0.000000e+00  1.195250e+02
     vertex  2.820000e+01  0.000000e+00  0.000000e+00
   endloop
 endfacet
 facet normal  0.000000e+00 -1.000000e+00 -0.000000e+00
   outer loop
     vertex  1.479986e+01  0.000000e+00  1.195612e+02
     vertex  1.476012e+01  0.000000e+00  1.195425e+02
     vertex  2.820000e+01  0.000000e+00  0.000000e+00
   endloop
 endfacet
 facet normal  0.000000e+00 -1.000000e+00 -0.000000e+00
   outer loop
     vertex  1.483907e+01  0.000000e+00  1.195809e+02
     vertex  1.479986e+01  0.000000e+00  1.195612e+02
     vertex  2.820000e+01  0.000000e+00  0.000000e+00
   endloop
 endfacet
 facet normal  0.000000e+00 -1.000000e+00 -0.000000e+00
   outer loop
     vertex  1.487772e+01  0.000000e+00  1.196017e+02
     vertex  1.483907e+01  0.000000e+00  1.195809e+02
     vertex  2.820000e+01  0.000000e+00  0.000000e+00
   endloop
 endfacet
 facet normal  0.000000e+00 -1.000000e+00 -0.000000e+00
   outer loop
     vertex  1.491579e+01  0.000000e+00  1.196236e+02
     vertex  1.487772e+01  0.000000e+00  1.196017e+02
     vertex  2.820000e+01  0.000000e+00  0.000000e+00
   endloop
 endfacet
 facet normal  0.000000e+00 -1.000000e+00 -0.000000e+00
   outer loop
     vertex  1.495324e+01  0.000000e+00  1.196465e+02
     vertex  1.491579e+01  0.000000e+00  1.196236e+02
     vertex  2.820000e+01  0.000000e+00  0.000000e+00
   endloop
 endfacet
 facet normal  0.000000e+00 -1.000000e+00 -0.000000e+00
   outer loop
     vertex  1.499005e+01  0.000000e+00  1.196704e+02
     vertex  1.495324e+01  0.000000e+00  1.196465e+02
     vertex  2.820000e+01  0.000000e+00  0.000000e+00
   endloop
 endfacet
 facet normal  0.000000e+00 -1.000000e+00 -0.000000e+00
   outer loop
     vertex  1.502619e+01  0.000000e+00  1.196953e+02
     vertex  1.499005e+01  0.000000e+00  1.196704e+02
     vertex  2.820000e+01  0.000000e+00  0.000000e+00
   endloop
 endfacet
 facet normal  0.000000e+00 -1.000000e+00 -0.000000e+00
   outer loop
     vertex  1.506164e+01  0.000000e+00  1.197212e+02
     vertex  1.502619e+01  0.000000e+00  1.196953e+02
     vertex  2.820000e+01  0.000000e+00  0.000000e+00
   endloop
 endfacet
 facet normal  0.000000e+00 -1.000000e+00 -0.000000e+00
   outer loop
     vertex  1.509636e+01  0.000000e+00  1.197481e+02
     vertex  1.506164e+01  0.000000e+00  1.197212e+02
     vertex  2.820000e+01  0.000000e+00  0.000000e+00
   endloop
 endfacet
 facet normal  0.000000e+00 -1.000000e+00 -0.000000e+00
   outer loop
     vertex  1.513033e+01  0.000000e+00  1.197759e+02
     vertex  1.509636e+01  0.000000e+00  1.197481e+02
     vertex  2.820000e+01  0.000000e+00  0.000000e+00
   endloop
 endfacet
 facet normal  0.000000e+00 -1.000000e+00 -0.000000e+00
   outer loop
     vertex  1.516352e+01  0.000000e+00  1.198046e+02
     vertex  1.513033e+01  0.000000e+00  1.197759e+02
     vertex  2.820000e+01  0.000000e+00  0.000000e+00
   endloop
 endfacet
 facet normal  0.000000e+00 -1.000000e+00 -0.000000e+00
   outer loop
     vertex  1.519592e+01  0.000000e+00  1.198343e+02
     vertex  1.516352e+01  0.000000e+00  1.198046e+02
     vertex  2.820000e+01  0.000000e+00  0.000000e+00
   endloop
 endfacet
 facet normal  0.000000e+00 -1.000000e+00 -0.000000e+00
   outer loop
     vertex  1.522748e+01  0.000000e+00  1.198648e+02
     vertex  1.519592e+01  0.000000e+00  1.198343e+02
     vertex  2.820000e+01  0.000000e+00  0.000000e+00
   endloop
 endfacet
 facet normal  0.000000e+00 -1.000000e+00 -0.000000e+00
   outer loop
     vertex  1.525820e+01  0.000000e+00  1.198961e+02
     vertex  1.522748e+01  0.000000e+00  1.198648e+02
     vertex  2.820000e+01  0.000000e+00  0.000000e+00
   endloop
 endfacet
 facet normal  0.000000e+00 -1.000000e+00 -0.000000e+00
   outer loop
     vertex  1.528805e+01  0.000000e+00  1.199283e+02
     vertex  1.525820e+01  0.000000e+00  1.198961e+02
     vertex  2.820000e+01  0.000000e+00  0.000000e+00
   endloop
 endfacet
 facet normal  0.000000e+00 -1.000000e+00 -0.000000e+00
   outer loop
     vertex  1.531701e+01  0.000000e+00  1.199613e+02
     vertex  1.528805e+01  0.000000e+00  1.199283e+02
     vertex  2.820000e+01  0.000000e+00  0.000000e+00
   endloop
 endfacet
 facet normal  0.000000e+00 -1.000000e+00 -0.000000e+00
   outer loop
     vertex  1.534504e+01  0.000000e+00  1.199951e+02
     vertex  1.531701e+01  0.000000e+00  1.199613e+02
     vertex  2.820000e+01  0.000000e+00  0.000000e+00
   endloop
 endfacet
 facet normal  0.000000e+00 -1.000000e+00 -0.000000e+00
   outer loop
     vertex  1.537214e+01  0.000000e+00  1.200296e+02
     vertex  1.534504e+01  0.000000e+00  1.199951e+02
     vertex  2.820000e+01  0.000000e+00  0.000000e+00
   endloop
 endfacet
 facet normal  0.000000e+00 -1.000000e+00 -0.000000e+00
   outer loop
     vertex  1.539829e+01  0.000000e+00  1.200649e+02
     vertex  1.537214e+01  0.000000e+00  1.200296e+02
     vertex  2.820000e+01  0.000000e+00  0.000000e+00
   endloop
 endfacet
 facet normal  0.000000e+00 -1.000000e+00 -0.000000e+00
   outer loop
     vertex  1.542345e+01  0.000000e+00  1.201008e+02
     vertex  1.539829e+01  0.000000e+00  1.200649e+02
     vertex  2.820000e+01  0.000000e+00  0.000000e+00
   endloop
 endfacet
 facet normal  0.000000e+00 -1.000000e+00  0.000000e+00
   outer loop
     vertex  1.198597e+01  0.000000e+00  1.338714e+02
     vertex  1.281466e+01  0.000000e+00  1.219528e+02
     vertex  1.284129e+01  0.000000e+00  1.219877e+02
   endloop
 endfacet
 facet normal  0.000000e+00 -1.000000e+00  0.000000e+00
   outer loop
     vertex  1.192837e+01  0.000000e+00  1.339302e+02
     vertex  1.281466e+01  0.000000e+00  1.219528e+02
     vertex  1.198597e+01  0.000000e+00  1.338714e+02
   endloop
 endfacet
 facet normal  0.000000e+00 -1.000000e+00  0.000000e+00
   outer loop
     vertex  1.192837e+01  0.000000e+00  1.339302e+02
     vertex  1.278901e+01  0.000000e+00  1.219172e+02
     vertex  1.281466e+01  0.000000e+00  1.219528e+02
   endloop
 endfacet
 facet normal  0.000000e+00 -1.000000e+00  0.000000e+00
   outer loop
     vertex  1.204516e+01  0.000000e+00  1.338142e+02
     vertex  1.284129e+01  0.000000e+00  1.219877e+02
     vertex  1.286886e+01  0.000000e+00  1.220219e+02
   endloop
 endfacet
 facet normal -0.000000e+00 -1.000000e+00 -0.000000e+00
   outer loop
     vertex  1.204516e+01  0.000000e+00  1.338142e+02
     vertex  1.198597e+01  0.000000e+00  1.338714e+02
     vertex  1.284129e+01  0.000000e+00  1.219877e+02
   endloop
 endfacet
 facet normal  0.000000e+00 -1.000000e+00  0.000000e+00
   outer loop
     vertex  1.187240e+01  0.000000e+00  1.339906e+02
     vertex  1.278901e+01  0.000000e+00  1.219172e+02
     vertex  1.192837e+01  0.000000e+00  1.339302e+02
   endloop
 endfacet
 facet normal  0.000000e+00 -1.000000e+00  0.000000e+00
   outer loop
     vertex  1.187240e+01  0.000000e+00  1.339906e+02
     vertex  1.276434e+01  0.000000e+00  1.218809e+02
     vertex  1.278901e+01  0.000000e+00  1.219172e+02
   endloop
 endfacet
 facet normal  0.000000e+00 -1.000000e+00  0.000000e+00
   outer loop
     vertex  1.210590e+01  0.000000e+00  1.337587e+02
     vertex  1.286886e+01  0.000000e+00  1.220219e+02
     vertex  1.289736e+01  0.000000e+00  1.220553e+02
   endloop
 endfacet
 facet normal -0.000000e+00 -1.000000e+00 -0.000000e+00
   outer loop
     vertex  1.210590e+01  0.000000e+00  1.337587e+02
     vertex  1.204516e+01  0.000000e+00  1.338142e+02
     vertex  1.286886e+01  0.000000e+00  1.220219e+02
   endloop
 endfacet
 facet normal  0.000000e+00 -1.000000e+00  0.000000e+00
   outer loop
     vertex  1.181811e+01  0.000000e+00  1.340524e+02
     vertex  1.276434e+01  0.000000e+00  1.218809e+02
     vertex  1.187240e+01  0.000000e+00  1.339906e+02
   endloop
 endfacet
 facet normal  0.000000e+00 -1.000000e+00  0.000000e+00
   outer loop
     vertex  1.181811e+01  0.000000e+00  1.340524e+02
     vertex  1.271803e+01  0.000000e+00  1.218063e+02
     vertex  1.274067e+01  0.000000e+00  1.218439e+02
   endloop
 endfacet
 facet normal  0.000000e+00 -1.000000e+00  0.000000e+00
   outer loop
     vertex  1.181811e+01  0.000000e+00  1.340524e+02
     vertex  1.274067e+01  0.000000e+00  1.218439e+02
     vertex  1.276434e+01  0.000000e+00  1.218809e+02
   endloop
 endfacet
 facet normal  0.000000e+00 -1.000000e+00  0.000000e+00
   outer loop
     vertex  1.216814e+01  0.000000e+00  1.337048e+02
     vertex  1.289736e+01  0.000000e+00  1.220553e+02
     vertex  1.292676e+01  0.000000e+00  1.220879e+02
   endloop
 endfacet
 facet normal -0.000000e+00 -1.000000e+00 -0.000000e+00
   outer loop
     vertex  1.216814e+01  0.000000e+00  1.337048e+02
     vertex  1.210590e+01  0.000000e+00  1.337587e+02
     vertex  1.289736e+01  0.000000e+00  1.220553e+02
   endloop
 endfacet
 facet normal  0.000000e+00 -1.000000e+00  0.000000e+00
   outer loop
     vertex  1.176554e+01  0.000000e+00  1.341158e+02
     vertex  1.271803e+01  0.000000e+00  1.218063e+02
     vertex  1.181811e+01  0.000000e+00  1.340524e+02
   endloop
 endfacet
 facet normal  0.000000e+00 -1.000000e+00  0.000000e+00
   outer loop
     vertex  1.176554e+01  0.000000e+00  1.341158e+02
     vertex  1.269643e+01  0.000000e+00  1.217681e+02
     vertex  1.271803e+01  0.000000e+00  1.218063e+02
   endloop
 endfacet
 facet normal  0.000000e+00 -1.000000e+00  0.000000e+00
   outer loop
     vertex  1.223183e+01  0.000000e+00  1.336527e+02
     vertex  1.292676e+01  0.000000e+00  1.220879e+02
     vertex  1.295705e+01  0.000000e+00  1.221197e+02
   endloop
 endfacet
 facet normal  0.000000e+00 -1.000000e+00  0.000000e+00
   outer loop
     vertex  1.223183e+01  0.000000e+00  1.336527e+02
     vertex  1.295705e+01  0.000000e+00  1.221197e+02
     vertex  1.298820e+01  0.000000e+00  1.221506e+02
   endloop
 endfacet
 facet normal -0.000000e+00 -1.000000e+00 -0.000000e+00
   outer loop
     vertex  1.223183e+01  0.000000e+00  1.336527e+02
     vertex  1.216814e+01  0.000000e+00  1.337048e+02
     vertex  1.292676e+01  0.000000e+00  1.220879e+02
   endloop
 endfacet
 facet normal  0.000000e+00 -1.000000e+00  0.000000e+00
   outer loop
     vertex  1.171473e+01  0.000000e+00  1.341805e+02
     vertex  1.269643e+01  0.000000e+00  1.217681e+02
     vertex  1.176554e+01  0.000000e+00  1.341158e+02
   endloop
 endfacet
 facet normal  0.000000e+00 -1.000000e+00  0.000000e+00
   outer loop
     vertex  1.171473e+01  0.000000e+00  1.341805e+02
     vertex  1.267589e+01  0.000000e+00  1.217293e+02
     vertex  1.269643e+01  0.000000e+00  1.217681e+02
   endloop
 endfacet
 facet normal  0.000000e+00 -1.000000e+00  0.000000e+00
   outer loop
     vertex  1.229693e+01  0.000000e+00  1.336023e+02
     vertex  1.298820e+01  0.000000e+00  1.221506e+02
     vertex  1.302018e+01  0.000000e+00  1.221807e+02
   endloop
 endfacet
 facet normal -0.000000e+00 -1.000000e+00 -0.000000e+00
   outer loop
     vertex  1.229693e+01  0.000000e+00  1.336023e+02
     vertex  1.223183e+01  0.000000e+00  1.336527e+02
     vertex  1.298820e+01  0.000000e+00  1.221506e+02
   endloop
 endfacet
 facet normal  0.000000e+00 -1.000000e+00  0.000000e+00
   outer loop
     vertex  1.166571e+01  0.000000e+00  1.342466e+02
     vertex  1.267589e+01  0.000000e+00  1.217293e+02
     vertex  1.171473e+01  0.000000e+00  1.341805e+02
   endloop
 endfacet
 facet normal  0.000000e+00 -1.000000e+00  0.000000e+00
   outer loop
     vertex  1.166571e+01  0.000000e+00  1.342466e+02
     vertex  1.265642e+01  0.000000e+00  1.216900e+02
     vertex  1.267589e+01  0.000000e+00  1.217293e+02
   endloop
 endfacet
 facet normal  0.000000e+00 -1.000000e+00  0.000000e+00
   outer loop
     vertex  1.236339e+01  0.000000e+00  1.335537e+02
     vertex  1.302018e+01  0.000000e+00  1.221807e+02
     vertex  1.305298e+01  0.000000e+00  1.222099e+02
   endloop
 endfacet
 facet normal -0.000000e+00 -1.000000e+00 -0.000000e+00
   outer loop
     vertex  1.236339e+01  0.000000e+00  1.335537e+02
     vertex  1.229693e+01  0.000000e+00  1.336023e+02
     vertex  1.302018e+01  0.000000e+00  1.221807e+02
   endloop
 endfacet
 facet normal  0.000000e+00 -1.000000e+00  0.000000e+00
   outer loop
     vertex  1.161853e+01  0.000000e+00  1.343141e+02
     vertex  1.265642e+01  0.000000e+00  1.216900e+02
     vertex  1.166571e+01  0.000000e+00  1.342466e+02
   endloop
 endfacet
 facet normal  0.000000e+00 -1.000000e+00  0.000000e+00
   outer loop
     vertex  1.161853e+01  0.000000e+00  1.343141e+02
     vertex  1.263803e+01  0.000000e+00  1.216501e+02
     vertex  1.265642e+01  0.000000e+00  1.216900e+02
   endloop
 endfacet
 facet normal  0.000000e+00 -1.000000e+00  0.000000e+00
   outer loop
     vertex  1.243115e+01  0.000000e+00  1.335070e+02
     vertex  1.305298e+01  0.000000e+00  1.222099e+02
     vertex  1.308656e+01  0.000000e+00  1.222381e+02
   endloop
 endfacet
 facet normal -0.000000e+00 -1.000000e+00 -0.000000e+00
   outer loop
     vertex  1.243115e+01  0.000000e+00  1.335070e+02
     vertex  1.236339e+01  0.000000e+00  1.335537e+02
     vertex  1.305298e+01  0.000000e+00  1.222099e+02
   endloop
 endfacet
 facet normal  0.000000e+00 -1.000000e+00  0.000000e+00
   outer loop
     vertex  1.157321e+01  0.000000e+00  1.343828e+02
     vertex  1.263803e+01  0.000000e+00  1.216501e+02
     vertex  1.161853e+01  0.000000e+00  1.343141e+02
   endloop
 endfacet
 facet normal  0.000000e+00 -1.000000e+00  0.000000e+00
   outer loop
     vertex  1.157321e+01  0.000000e+00  1.343828e+02
     vertex  1.262074e+01  0.000000e+00  1.216098e+02
     vertex  1.263803e+01  0.000000e+00  1.216501e+02
   endloop
 endfacet
 facet normal  0.000000e+00 -1.000000e+00  0.000000e+00
   outer loop
     vertex  1.250017e+01  0.000000e+00  1.334622e+02
     vertex  1.308656e+01  0.000000e+00  1.222381e+02
     vertex  1.312091e+01  0.000000e+00  1.222655e+02
   endloop
 endfacet
 facet normal -0.000000e+00 -1.000000e+00 -0.000000e+00
   outer loop
     vertex  1.250017e+01  0.000000e+00  1.334622e+02
     vertex  1.243115e+01  0.000000e+00  1.335070e+02
     vertex  1.308656e+01  0.000000e+00  1.222381e+02
   endloop
 endfacet
 facet normal  0.000000e+00 -1.000000e+00  0.000000e+00
   outer loop
     vertex  1.152979e+01  0.000000e+00  1.344527e+02
     vertex  1.262074e+01  0.000000e+00  1.216098e+02
     vertex  1.157321e+01  0.000000e+00  1.343828e+02
   endloop
 endfacet
 facet normal  0.000000e+00 -1.000000e+00  0.000000e+00
   outer loop
     vertex  1.152979e+01  0.000000e+00  1.344527e+02
     vertex  1.260457e+01  0.000000e+00  1.215689e+02
     vertex  1.262074e+01  0.000000e+00  1.216098e+02
   endloop
 endfacet
 facet normal  0.000000e+00 -1.000000e+00  0.000000e+00
   outer loop
     vertex  1.257040e+01  0.000000e+00  1.334192e+02
     vertex  1.312091e+01  0.000000e+00  1.222655e+02
     vertex  1.315600e+01  0.000000e+00  1.222918e+02
   endloop
 endfacet
 facet normal -0.000000e+00 -1.000000e+00 -0.000000e+00
   outer loop
     vertex  1.257040e+01  0.000000e+00  1.334192e+02
     vertex  1.250017e+01  0.000000e+00  1.334622e+02
     vertex  1.312091e+01  0.000000e+00  1.222655e+02
   endloop
 endfacet
 facet normal  0.000000e+00 -1.000000e+00  0.000000e+00
   outer loop
     vertex  1.148831e+01  0.000000e+00  1.345238e+02
     vertex  1.260457e+01  0.000000e+00  1.215689e+02
     vertex  1.152979e+01  0.000000e+00  1.344527e+02
   endloop
 endfacet
 facet normal  0.000000e+00 -1.000000e+00  0.000000e+00
   outer loop
     vertex  1.148831e+01  0.000000e+00  1.345238e+02
     vertex  1.258953e+01  0.000000e+00  1.215277e+02
     vertex  1.260457e+01  0.000000e+00  1.215689e+02
   endloop
 endfacet
 facet normal  0.000000e+00 -1.000000e+00  0.000000e+00
   outer loop
     vertex  1.264177e+01  0.000000e+00  1.333782e+02
     vertex  1.315600e+01  0.000000e+00  1.222918e+02
     vertex  1.319179e+01  0.000000e+00  1.223173e+02
   endloop
 endfacet
 facet normal -0.000000e+00 -1.000000e+00 -0.000000e+00
   outer loop
     vertex  1.264177e+01  0.000000e+00  1.333782e+02
     vertex  1.257040e+01  0.000000e+00  1.334192e+02
     vertex  1.315600e+01  0.000000e+00  1.222918e+02
   endloop
 endfacet
 facet normal  0.000000e+00 -1.000000e+00  0.000000e+00
   outer loop
     vertex  1.144880e+01  0.000000e+00  1.345960e+02
     vertex  1.257562e+01  0.000000e+00  1.214861e+02
     vertex  1.258953e+01  0.000000e+00  1.215277e+02
   endloop
 endfacet
 facet normal  0.000000e+00 -1.000000e+00  0.000000e+00
   outer loop
     vertex  1.144880e+01  0.000000e+00  1.345960e+02
     vertex  1.258953e+01  0.000000e+00  1.215277e+02
     vertex  1.148831e+01  0.000000e+00  1.345238e+02
   endloop
 endfacet
 facet normal  0.000000e+00 -1.000000e+00  0.000000e+00
   outer loop
     vertex  1.271425e+01  0.000000e+00  1.333392e+02
     vertex  1.319179e+01  0.000000e+00  1.223173e+02
     vertex  1.322827e+01  0.000000e+00  1.223417e+02
   endloop
 endfacet
 facet normal  0.000000e+00 -1.000000e+00  0.000000e+00
   outer loop
     vertex  1.271425e+01  0.000000e+00  1.333392e+02
     vertex  1.322827e+01  0.000000e+00  1.223417e+02
     vertex  1.326541e+01  0.000000e+00  1.223651e+02
   endloop
 endfacet
 facet normal -0.000000e+00 -1.000000e+00 -0.000000e+00
   outer loop
     vertex  1.271425e+01  0.000000e+00  1.333392e+02
     vertex  1.264177e+01  0.000000e+00  1.333782e+02
     vertex  1.319179e+01  0.000000e+00  1.223173e+02
   endloop
 endfacet
 facet normal  0.000000e+00 -1.000000e+00  0.000000e+00
   outer loop
     vertex  1.141128e+01  0.000000e+00  1.346693e+02
     vertex  1.256286e+01  0.000000e+00  1.214441e+02
     vertex  1.257562e+01  0.000000e+00  1.214861e+02
   endloop
 endfacet
 facet normal  0.000000e+00 -1.000000e+00  0.000000e+00
   outer loop
     vertex  1.141128e+01  0.000000e+00  1.346693e+02
     vertex  1.257562e+01  0.000000e+00  1.214861e+02
     vertex  1.144880e+01  0.000000e+00  1.345960e+02
   endloop
 endfacet
 facet normal  0.000000e+00 -1.000000e+00  0.000000e+00
   outer loop
     vertex  1.278776e+01  0.000000e+00  1.333022e+02
     vertex  1.326541e+01  0.000000e+00  1.223651e+02
     vertex  1.330317e+01  0.000000e+00  1.223875e+02
   endloop
 endfacet
 facet normal -0.000000e+00 -1.000000e+00 -0.000000e+00
   outer loop
     vertex  1.278776e+01  0.000000e+00  1.333022e+02
     vertex  1.271425e+01  0.000000e+00  1.333392e+02
     vertex  1.326541e+01  0.000000e+00  1.223651e+02
   endloop
 endfacet
 facet normal  0.000000e+00 -1.000000e+00  0.000000e+00
   outer loop
     vertex  1.137579e+01  0.000000e+00  1.347436e+02
     vertex  1.255125e+01  0.000000e+00  1.214017e+02
     vertex  1.256286e+01  0.000000e+00  1.214441e+02
   endloop
 endfacet
 facet normal  0.000000e+00 -1.000000e+00  0.000000e+00
   outer loop
     vertex  1.137579e+01  0.000000e+00  1.347436e+02
     vertex  1.256286e+01  0.000000e+00  1.214441e+02
     vertex  1.141128e+01  0.000000e+00  1.346693e+02
   endloop
 endfacet
 facet normal  0.000000e+00 -1.000000e+00  0.000000e+00
   outer loop
     vertex  1.286227e+01  0.000000e+00  1.332672e+02
     vertex  1.330317e+01  0.000000e+00  1.223875e+02
     vertex  1.334153e+01  0.000000e+00  1.224088e+02
   endloop
 endfacet
 facet normal -0.000000e+00 -1.000000e+00 -0.000000e+00
   outer loop
     vertex  1.286227e+01  0.000000e+00  1.332672e+02
     vertex  1.278776e+01  0.000000e+00  1.333022e+02
     vertex  1.330317e+01  0.000000e+00  1.223875e+02
   endloop
 endfacet
 facet normal  0.000000e+00 -1.000000e+00  0.000000e+00
   outer loop
     vertex  1.134234e+01  0.000000e+00  1.348188e+02
     vertex  1.255125e+01  0.000000e+00  1.214017e+02
     vertex  1.137579e+01  0.000000e+00  1.347436e+02
   endloop
 endfacet
 facet normal  0.000000e+00 -1.000000e+00  0.000000e+00
   outer loop
     vertex  1.134234e+01  0.000000e+00  1.348188e+02
     vertex  1.253155e+01  0.000000e+00  1.213162e+02
     vertex  1.254082e+01  0.000000e+00  1.213591e+02
   endloop
 endfacet
 facet normal  0.000000e+00 -1.000000e+00  0.000000e+00
   outer loop
     vertex  1.134234e+01  0.000000e+00  1.348188e+02
     vertex  1.254082e+01  0.000000e+00  1.213591e+02
     vertex  1.255125e+01  0.000000e+00  1.214017e+02
   endloop
 endfacet
 facet normal -0.000000e+00 -1.000000e+00 -0.000000e+00
   outer loop
     vertex  1.293771e+01  0.000000e+00  1.332343e+02
     vertex  1.286227e+01  0.000000e+00  1.332672e+02
     vertex  1.334153e+01  0.000000e+00  1.224088e+02
   endloop
 endfacet
 facet normal  0.000000e+00 -1.000000e+00  0.000000e+00
   outer loop
     vertex  1.293771e+01  0.000000e+00  1.332343e+02
     vertex  1.334153e+01  0.000000e+00  1.224088e+02
     vertex  1.338047e+01  0.000000e+00  1.224291e+02
   endloop
 endfacet
 facet normal  0.000000e+00 -1.000000e+00  0.000000e+00
   outer loop
     vertex  1.131097e+01  0.000000e+00  1.348949e+02
     vertex  1.253155e+01  0.000000e+00  1.213162e+02
     vertex  1.134234e+01  0.000000e+00  1.348188e+02
   endloop
 endfacet
 facet normal  0.000000e+00 -1.000000e+00  0.000000e+00
   outer loop
     vertex  1.131097e+01  0.000000e+00  1.348949e+02
     vertex  1.252347e+01  0.000000e+00  1.212730e+02
     vertex  1.253155e+01  0.000000e+00  1.213162e+02
   endloop
 endfacet
 facet normal  0.000000e+00 -1.000000e+00  0.000000e+00
   outer loop
     vertex  1.301402e+01  0.000000e+00  1.332035e+02
     vertex  1.338047e+01  0.000000e+00  1.224291e+02
     vertex  1.341995e+01  0.000000e+00  1.224483e+02
   endloop
 endfacet
 facet normal -0.000000e+00 -1.000000e+00 -0.000000e+00
   outer loop
     vertex  1.301402e+01  0.000000e+00  1.332035e+02
     vertex  1.293771e+01  0.000000e+00  1.332343e+02
     vertex  1.338047e+01  0.000000e+00  1.224291e+02
   endloop
 endfacet
 facet normal  0.000000e+00 -1.000000e+00  0.000000e+00
   outer loop
     vertex  1.128170e+01  0.000000e+00  1.349718e+02
     vertex  1.252347e+01  0.000000e+00  1.212730e+02
     vertex  1.131097e+01  0.000000e+00  1.348949e+02
   endloop
 endfacet
 facet normal  0.000000e+00 -1.000000e+00  0.000000e+00
   outer loop
     vertex  1.128170e+01  0.000000e+00  1.349718e+02
     vertex  1.251657e+01  0.000000e+00  1.212297e+02
     vertex  1.252347e+01  0.000000e+00  1.212730e+02
   endloop
 endfacet
 facet normal -0.000000e+00 -1.000000e+00 -0.000000e+00
   outer loop
     vertex  1.309115e+01  0.000000e+00  1.331747e+02
     vertex  1.301402e+01  0.000000e+00  1.332035e+02
     vertex  1.341995e+01  0.000000e+00  1.224483e+02
   endloop
 endfacet
 facet normal  0.000000e+00 -1.000000e+00  0.000000e+00
   outer loop
     vertex  1.309115e+01  0.000000e+00  1.331747e+02
     vertex  1.341995e+01  0.000000e+00  1.224483e+02
     vertex  1.345993e+01  0.000000e+00  1.224664e+02
   endloop
 endfacet
 facet normal  0.000000e+00 -1.000000e+00  0.000000e+00
   outer loop
     vertex  1.309115e+01  0.000000e+00  1.331747e+02
     vertex  1.345993e+01  0.000000e+00  1.224664e+02
     vertex  1.350040e+01  0.000000e+00  1.224834e+02
   endloop
 endfacet
 facet normal  0.000000e+00 -1.000000e+00  0.000000e+00
   outer loop
     vertex  1.125456e+01  0.000000e+00  1.350495e+02
     vertex  1.251657e+01  0.000000e+00  1.212297e+02
     vertex  1.128170e+01  0.000000e+00  1.349718e+02
   endloop
 endfacet
 facet normal  0.000000e+00 -1.000000e+00  0.000000e+00
   outer loop
     vertex  1.125456e+01  0.000000e+00  1.350495e+02
     vertex  1.251087e+01  0.000000e+00  1.211862e+02
     vertex  1.251657e+01  0.000000e+00  1.212297e+02
   endloop
 endfacet
 facet normal  0.000000e+00 -1.000000e+00  0.000000e+00
   outer loop
     vertex  1.316904e+01  0.000000e+00  1.331481e+02
     vertex  1.350040e+01  0.000000e+00  1.224834e+02
     vertex  1.354132e+01  0.000000e+00  1.224993e+02
   endloop
 endfacet
 facet normal -0.000000e+00 -1.000000e+00 -0.000000e+00
   outer loop
     vertex  1.316904e+01  0.000000e+00  1.331481e+02
     vertex  1.309115e+01  0.000000e+00  1.331747e+02
     vertex  1.350040e+01  0.000000e+00  1.224834e+02
   endloop
 endfacet
 facet normal  0.000000e+00 -1.000000e+00  0.000000e+00
   outer loop
     vertex  1.122955e+01  0.000000e+00  1.351279e+02
     vertex  1.251087e+01  0.000000e+00  1.211862e+02
     vertex  1.125456e+01  0.000000e+00  1.350495e+02
   endloop
 endfacet
 facet normal  0.000000e+00 -1.000000e+00  0.000000e+00
   outer loop
     vertex  1.122955e+01  0.000000e+00  1.351279e+02
     vertex  1.250636e+01  0.000000e+00  1.211425e+02
     vertex  1.251087e+01  0.000000e+00  1.211862e+02
   endloop
 endfacet
 facet normal -0.000000e+00 -1.000000e+00 -0.000000e+00
   outer loop
     vertex  1.324763e+01  0.000000e+00  1.331236e+02
     vertex  1.316904e+01  0.000000e+00  1.331481e+02
     vertex  1.354132e+01  0.000000e+00  1.224993e+02
   endloop
 endfacet
 facet normal  0.000000e+00 -1.000000e+00  0.000000e+00
   outer loop
     vertex  1.324763e+01  0.000000e+00  1.331236e+02
     vertex  1.354132e+01  0.000000e+00  1.224993e+02
     vertex  1.358267e+01  0.000000e+00  1.225141e+02
   endloop
 endfacet
 facet normal  0.000000e+00 -1.000000e+00  0.000000e+00
   outer loop
     vertex  1.120671e+01  0.000000e+00  1.352070e+02
     vertex  1.250636e+01  0.000000e+00  1.211425e+02
     vertex  1.122955e+01  0.000000e+00  1.351279e+02
   endloop
 endfacet
 facet normal  0.000000e+00 -1.000000e+00  0.000000e+00
   outer loop
     vertex  1.120671e+01  0.000000e+00  1.352070e+02
     vertex  1.250305e+01  0.000000e+00  1.210987e+02
     vertex  1.250636e+01  0.000000e+00  1.211425e+02
   endloop
 endfacet
 facet normal  0.000000e+00 -1.000000e+00  0.000000e+00
   outer loop
     vertex  1.332686e+01  0.000000e+00  1.331013e+02
     vertex  1.358267e+01  0.000000e+00  1.225141e+02
     vertex  1.362440e+01  0.000000e+00  1.225277e+02
   endloop
 endfacet
 facet normal -0.000000e+00 -1.000000e+00 -0.000000e+00
   outer loop
     vertex  1.332686e+01  0.000000e+00  1.331013e+02
     vertex  1.324763e+01  0.000000e+00  1.331236e+02
     vertex  1.358267e+01  0.000000e+00  1.225141e+02
   endloop
 endfacet
 facet normal  0.000000e+00 -1.000000e+00  0.000000e+00
   outer loop
     vertex  1.118604e+01  0.000000e+00  1.352867e+02
     vertex  1.250305e+01  0.000000e+00  1.210987e+02
     vertex  1.120671e+01  0.000000e+00  1.352070e+02
   endloop
 endfacet
 facet normal  0.000000e+00 -1.000000e+00  0.000000e+00
   outer loop
     vertex  1.340667e+01  0.000000e+00  1.330812e+02
     vertex  1.362440e+01  0.000000e+00  1.225277e+02
     vertex  1.366649e+01  0.000000e+00  1.225402e+02
   endloop
 endfacet
 facet normal -0.000000e+00 -1.000000e+00 -0.000000e+00
   outer loop
     vertex  1.340667e+01  0.000000e+00  1.330812e+02
     vertex  1.332686e+01  0.000000e+00  1.331013e+02
     vertex  1.362440e+01  0.000000e+00  1.225277e+02
   endloop
 endfacet
 facet normal -0.000000e+00 -1.000000e+00 -0.000000e+00
   outer loop
     vertex  1.348700e+01  0.000000e+00  1.330633e+02
     vertex  1.340667e+01  0.000000e+00  1.330812e+02
     vertex  1.366649e+01  0.000000e+00  1.225402e+02
   endloop
 endfacet
 facet normal  0.000000e+00 -1.000000e+00  0.000000e+00
   outer loop
     vertex  1.348700e+01  0.000000e+00  1.330633e+02
     vertex  1.366649e+01  0.000000e+00  1.225402e+02
     vertex  1.370890e+01  0.000000e+00  1.225515e+02
   endloop
 endfacet
 facet normal  0.000000e+00 -1.000000e+00  0.000000e+00
   outer loop
     vertex  1.348700e+01  0.000000e+00  1.330633e+02
     vertex  1.370890e+01  0.000000e+00  1.225515e+02
     vertex  1.375161e+01  0.000000e+00  1.225616e+02
   endloop
 endfacet
 facet normal  0.000000e+00 -1.000000e+00  0.000000e+00
   outer loop
     vertex  1.356780e+01  0.000000e+00  1.330476e+02
     vertex  1.375161e+01  0.000000e+00  1.225616e+02
     vertex  1.379459e+01  0.000000e+00  1.225706e+02
   endloop
 endfacet
 facet normal -0.000000e+00 -1.000000e+00 -0.000000e+00
   outer loop
     vertex  1.356780e+01  0.000000e+00  1.330476e+02
     vertex  1.348700e+01  0.000000e+00  1.330633e+02
     vertex  1.375161e+01  0.000000e+00  1.225616e+02
   endloop
 endfacet
 facet normal  0.000000e+00 -1.000000e+00  0.000000e+00
   outer loop
     vertex  1.364900e+01  0.000000e+00  1.330341e+02
     vertex  1.379459e+01  0.000000e+00  1.225706e+02
     vertex  1.383779e+01  0.000000e+00  1.225784e+02
   endloop
 endfacet
 facet normal -0.000000e+00 -1.000000e+00 -0.000000e+00
   outer loop
     vertex  1.364900e+01  0.000000e+00  1.330341e+02
     vertex  1.356780e+01  0.000000e+00  1.330476e+02
     vertex  1.379459e+01  0.000000e+00  1.225706e+02
   endloop
 endfacet
 facet normal  0.000000e+00 -1.000000e+00  0.000000e+00
   outer loop
     vertex  1.373053e+01  0.000000e+00  1.330228e+02
     vertex  1.383779e+01  0.000000e+00  1.225784e+02
     vertex  1.388119e+01  0.000000e+00  1.225850e+02
   endloop
 endfacet
 facet normal -0.000000e+00 -1.000000e+00 -0.000000e+00
   outer loop
     vertex  1.373053e+01  0.000000e+00  1.330228e+02
     vertex  1.364900e+01  0.000000e+00  1.330341e+02
     vertex  1.383779e+01  0.000000e+00  1.225784e+02
   endloop
 endfacet
 facet normal -0.000000e+00 -1.000000e+00 -0.000000e+00
   outer loop
     vertex  1.381235e+01  0.000000e+00  1.330138e+02
     vertex  1.373053e+01  0.000000e+00  1.330228e+02
     vertex  1.388119e+01  0.000000e+00  1.225850e+02
   endloop
 endfacet
 facet normal  0.000000e+00 -1.000000e+00  0.000000e+00
   outer loop
     vertex  1.381235e+01  0.000000e+00  1.330138e+02
     vertex  1.388119e+01  0.000000e+00  1.225850e+02
     vertex  1.392475e+01  0.000000e+00  1.225904e+02
   endloop
 endfacet
 facet normal -0.000000e+00 -1.000000e+00 -0.000000e+00
   outer loop
     vertex  1.389438e+01  0.000000e+00  1.330071e+02
     vertex  1.381235e+01  0.000000e+00  1.330138e+02
     vertex  1.392475e+01  0.000000e+00  1.225904e+02
   endloop
 endfacet
 facet normal  0.000000e+00 -1.000000e+00  0.000000e+00
   outer loop
     vertex  1.389438e+01  0.000000e+00  1.330071e+02
     vertex  1.392475e+01  0.000000e+00  1.225904e+02
     vertex  1.396845e+01  0.000000e+00  1.225946e+02
   endloop
 endfacet
 facet normal  0.000000e+00 -1.000000e+00  0.000000e+00
   outer loop
     vertex  1.389438e+01  0.000000e+00  1.330071e+02
     vertex  1.396845e+01  0.000000e+00  1.225946e+02
     vertex  1.401224e+01  0.000000e+00  1.225976e+02
   endloop
 endfacet
 facet normal -0.000000e+00 -1.000000e+00 -0.000000e+00
   outer loop
     vertex  1.397657e+01  0.000000e+00  1.330025e+02
     vertex  1.389438e+01  0.000000e+00  1.330071e+02
     vertex  1.401224e+01  0.000000e+00  1.225976e+02
   endloop
 endfacet
 facet normal  0.000000e+00 -1.000000e+00  0.000000e+00
   outer loop
     vertex  1.397657e+01  0.000000e+00  1.330025e+02
     vertex  1.401224e+01  0.000000e+00  1.225976e+02
     vertex  1.405611e+01  0.000000e+00  1.225994e+02
   endloop
 endfacet
 facet normal  0.000000e+00 -1.000000e+00 -0.000000e+00
   outer loop
     vertex  1.405885e+01  0.000000e+00  1.330003e+02
     vertex  1.405611e+01  0.000000e+00  1.225994e+02
     vertex  1.410000e+01  0.000000e+00  1.226000e+02
   endloop
 endfacet
 facet normal -0.000000e+00 -1.000000e+00  0.000000e+00
   outer loop
     vertex  1.405885e+01  0.000000e+00  1.330003e+02
     vertex  1.397657e+01  0.000000e+00  1.330025e+02
     vertex  1.405611e+01  0.000000e+00  1.225994e+02
   endloop
 endfacet
 facet normal  0.000000e+00 -1.000000e+00 -0.000000e+00
   outer loop
     vertex  1.414115e+01  0.000000e+00  1.330003e+02
     vertex  1.410000e+01  0.000000e+00  1.226000e+02
     vertex  1.414389e+01  0.000000e+00  1.225994e+02
   endloop
 endfacet
 facet normal -0.000000e+00 -1.000000e+00  0.000000e+00
   outer loop
     vertex  1.414115e+01  0.000000e+00  1.330003e+02
     vertex  1.405885e+01  0.000000e+00  1.330003e+02
     vertex  1.410000e+01  0.000000e+00  1.226000e+02
   endloop
 endfacet
 facet normal  0.000000e+00 -1.000000e+00  0.000000e+00
   outer loop
     vertex  1.422343e+01  0.000000e+00  1.330025e+02
     vertex  1.414389e+01  0.000000e+00  1.225994e+02
     vertex  1.418776e+01  0.000000e+00  1.225976e+02
   endloop
 endfacet
 facet normal  0.000000e+00 -1.000000e+00  0.000000e+00
   outer loop
     vertex  1.422343e+01  0.000000e+00  1.330025e+02
     vertex  1.414115e+01  0.000000e+00  1.330003e+02
     vertex  1.414389e+01  0.000000e+00  1.225994e+02
   endloop
 endfacet
 facet normal  0.000000e+00 -1.000000e+00  0.000000e+00
   outer loop
     vertex  1.430562e+01  0.000000e+00  1.330071e+02
     vertex  1.418776e+01  0.000000e+00  1.225976e+02
     vertex  1.423155e+01  0.000000e+00  1.225946e+02
   endloop
 endfacet
 facet normal  0.000000e+00 -1.000000e+00  0.000000e+00
   outer loop
     vertex  1.430562e+01  0.000000e+00  1.330071e+02
     vertex  1.423155e+01  0.000000e+00  1.225946e+02
     vertex  1.427525e+01  0.000000e+00  1.225904e+02
   endloop
 endfacet
 facet normal  0.000000e+00 -1.000000e+00  0.000000e+00
   outer loop
     vertex  1.430562e+01  0.000000e+00  1.330071e+02
     vertex  1.422343e+01  0.000000e+00  1.330025e+02
     vertex  1.418776e+01  0.000000e+00  1.225976e+02
   endloop
 endfacet
 facet normal  0.000000e+00 -1.000000e+00  0.000000e+00
   outer loop
     vertex  1.438765e+01  0.000000e+00  1.330138e+02
     vertex  1.427525e+01  0.000000e+00  1.225904e+02
     vertex  1.431881e+01  0.000000e+00  1.225850e+02
   endloop
 endfacet
 facet normal  0.000000e+00 -1.000000e+00  0.000000e+00
   outer loop
     vertex  1.438765e+01  0.000000e+00  1.330138e+02
     vertex  1.430562e+01  0.000000e+00  1.330071e+02
     vertex  1.427525e+01  0.000000e+00  1.225904e+02
   endloop
 endfacet
 facet normal  0.000000e+00 -1.000000e+00  0.000000e+00
   outer loop
     vertex  1.446947e+01  0.000000e+00  1.330228e+02
     vertex  1.431881e+01  0.000000e+00  1.225850e+02
     vertex  1.436221e+01  0.000000e+00  1.225784e+02
   endloop
 endfacet
 facet normal  0.000000e+00 -1.000000e+00  0.000000e+00
   outer loop
     vertex  1.446947e+01  0.000000e+00  1.330228e+02
     vertex  1.438765e+01  0.000000e+00  1.330138e+02
     vertex  1.431881e+01  0.000000e+00  1.225850e+02
   endloop
 endfacet
 facet normal  0.000000e+00 -1.000000e+00  0.000000e+00
   outer loop
     vertex  1.455100e+01  0.000000e+00  1.330341e+02
     vertex  1.436221e+01  0.000000e+00  1.225784e+02
     vertex  1.440541e+01  0.000000e+00  1.225706e+02
   endloop
 endfacet
 facet normal  0.000000e+00 -1.000000e+00  0.000000e+00
   outer loop
     vertex  1.455100e+01  0.000000e+00  1.330341e+02
     vertex  1.446947e+01  0.000000e+00  1.330228e+02
     vertex  1.436221e+01  0.000000e+00  1.225784e+02
   endloop
 endfacet
 facet normal  0.000000e+00 -1.000000e+00  0.000000e+00
   outer loop
     vertex  1.463220e+01  0.000000e+00  1.330476e+02
     vertex  1.440541e+01  0.000000e+00  1.225706e+02
     vertex  1.444839e+01  0.000000e+00  1.225616e+02
   endloop
 endfacet
 facet normal  0.000000e+00 -1.000000e+00  0.000000e+00
   outer loop
     vertex  1.463220e+01  0.000000e+00  1.330476e+02
     vertex  1.455100e+01  0.000000e+00  1.330341e+02
     vertex  1.440541e+01  0.000000e+00  1.225706e+02
   endloop
 endfacet
 facet normal  0.000000e+00 -1.000000e+00  0.000000e+00
   outer loop
     vertex  1.471300e+01  0.000000e+00  1.330633e+02
     vertex  1.444839e+01  0.000000e+00  1.225616e+02
     vertex  1.449110e+01  0.000000e+00  1.225515e+02
   endloop
 endfacet
 facet normal  0.000000e+00 -1.000000e+00  0.000000e+00
   outer loop
     vertex  1.471300e+01  0.000000e+00  1.330633e+02
     vertex  1.449110e+01  0.000000e+00  1.225515e+02
     vertex  1.453351e+01  0.000000e+00  1.225402e+02
   endloop
 endfacet
 facet normal  0.000000e+00 -1.000000e+00  0.000000e+00
   outer loop
     vertex  1.471300e+01  0.000000e+00  1.330633e+02
     vertex  1.463220e+01  0.000000e+00  1.330476e+02
     vertex  1.444839e+01  0.000000e+00  1.225616e+02
   endloop
 endfacet
 facet normal  0.000000e+00 -1.000000e+00  0.000000e+00
   outer loop
     vertex  1.479333e+01  0.000000e+00  1.330812e+02
     vertex  1.453351e+01  0.000000e+00  1.225402e+02
     vertex  1.457560e+01  0.000000e+00  1.225277e+02
   endloop
 endfacet
 facet normal  0.000000e+00 -1.000000e+00  0.000000e+00
   outer loop
     vertex  1.479333e+01  0.000000e+00  1.330812e+02
     vertex  1.471300e+01  0.000000e+00  1.330633e+02
     vertex  1.453351e+01  0.000000e+00  1.225402e+02
   endloop
 endfacet
 facet normal  0.000000e+00 -1.000000e+00  0.000000e+00
   outer loop
     vertex  1.487314e+01  0.000000e+00  1.331013e+02
     vertex  1.457560e+01  0.000000e+00  1.225277e+02
     vertex  1.461733e+01  0.000000e+00  1.225141e+02
   endloop
 endfacet
 facet normal  0.000000e+00 -1.000000e+00  0.000000e+00
   outer loop
     vertex  1.487314e+01  0.000000e+00  1.331013e+02
     vertex  1.479333e+01  0.000000e+00  1.330812e+02
     vertex  1.457560e+01  0.000000e+00  1.225277e+02
   endloop
 endfacet
 facet normal  0.000000e+00 -1.000000e+00  0.000000e+00
   outer loop
     vertex  1.495237e+01  0.000000e+00  1.331236e+02
     vertex  1.461733e+01  0.000000e+00  1.225141e+02
     vertex  1.465868e+01  0.000000e+00  1.224993e+02
   endloop
 endfacet
 facet normal  0.000000e+00 -1.000000e+00  0.000000e+00
   outer loop
     vertex  1.495237e+01  0.000000e+00  1.331236e+02
     vertex  1.487314e+01  0.000000e+00  1.331013e+02
     vertex  1.461733e+01  0.000000e+00  1.225141e+02
   endloop
 endfacet
 facet normal  0.000000e+00 -1.000000e+00  0.000000e+00
   outer loop
     vertex  1.503096e+01  0.000000e+00  1.331481e+02
     vertex  1.495237e+01  0.000000e+00  1.331236e+02
     vertex  1.465868e+01  0.000000e+00  1.224993e+02
   endloop
 endfacet
 facet normal  0.000000e+00 -1.000000e+00  0.000000e+00
   outer loop
     vertex  1.503096e+01  0.000000e+00  1.331481e+02
     vertex  1.465868e+01  0.000000e+00  1.224993e+02
     vertex  1.469960e+01  0.000000e+00  1.224834e+02
   endloop
 endfacet
 facet normal  0.000000e+00 -1.000000e+00  0.000000e+00
   outer loop
     vertex  1.510885e+01  0.000000e+00  1.331747e+02
     vertex  1.503096e+01  0.000000e+00  1.331481e+02
     vertex  1.469960e+01  0.000000e+00  1.224834e+02
   endloop
 endfacet
 facet normal  0.000000e+00 -1.000000e+00  0.000000e+00
   outer loop
     vertex  1.510885e+01  0.000000e+00  1.331747e+02
     vertex  1.469960e+01  0.000000e+00  1.224834e+02
     vertex  1.474007e+01  0.000000e+00  1.224664e+02
   endloop
 endfacet
 facet normal  0.000000e+00 -1.000000e+00  0.000000e+00
   outer loop
     vertex  1.510885e+01  0.000000e+00  1.331747e+02
     vertex  1.474007e+01  0.000000e+00  1.224664e+02
     vertex  1.478005e+01  0.000000e+00  1.224483e+02
   endloop
 endfacet
 facet normal  0.000000e+00 -1.000000e+00  0.000000e+00
   outer loop
     vertex  1.518598e+01  0.000000e+00  1.332035e+02
     vertex  1.478005e+01  0.000000e+00  1.224483e+02
     vertex  1.481953e+01  0.000000e+00  1.224291e+02
   endloop
 endfacet
 facet normal  0.000000e+00 -1.000000e+00  0.000000e+00
   outer loop
     vertex  1.518598e+01  0.000000e+00  1.332035e+02
     vertex  1.510885e+01  0.000000e+00  1.331747e+02
     vertex  1.478005e+01  0.000000e+00  1.224483e+02
   endloop
 endfacet
 facet normal  0.000000e+00 -1.000000e+00  0.000000e+00
   outer loop
     vertex  1.526229e+01  0.000000e+00  1.332343e+02
     vertex  1.518598e+01  0.000000e+00  1.332035e+02
     vertex  1.481953e+01  0.000000e+00  1.224291e+02
   endloop
 endfacet
 facet normal  0.000000e+00 -1.000000e+00  0.000000e+00
   outer loop
     vertex  1.526229e+01  0.000000e+00  1.332343e+02
     vertex  1.481953e+01  0.000000e+00  1.224291e+02
     vertex  1.485847e+01  0.000000e+00  1.224088e+02
   endloop
 endfacet
 facet normal  0.000000e+00 -1.000000e+00  0.000000e+00
   outer loop
     vertex  1.533773e+01  0.000000e+00  1.332672e+02
     vertex  1.526229e+01  0.000000e+00  1.332343e+02
     vertex  1.485847e+01  0.000000e+00  1.224088e+02
   endloop
 endfacet
 facet normal  0.000000e+00 -1.000000e+00  0.000000e+00
   outer loop
     vertex  1.533773e+01  0.000000e+00  1.332672e+02
     vertex  1.485847e+01  0.000000e+00  1.224088e+02
     vertex  1.489683e+01  0.000000e+00  1.223875e+02
   endloop
 endfacet
 facet normal  0.000000e+00 -1.000000e+00  0.000000e+00
   outer loop
     vertex  1.541224e+01  0.000000e+00  1.333022e+02
     vertex  1.489683e+01  0.000000e+00  1.223875e+02
     vertex  1.493459e+01  0.000000e+00  1.223651e+02
   endloop
 endfacet
 facet normal  0.000000e+00 -1.000000e+00  0.000000e+00
   outer loop
     vertex  1.541224e+01  0.000000e+00  1.333022e+02
     vertex  1.533773e+01  0.000000e+00  1.332672e+02
     vertex  1.489683e+01  0.000000e+00  1.223875e+02
   endloop
 endfacet
 facet normal  0.000000e+00 -1.000000e+00  0.000000e+00
   outer loop
     vertex  1.548575e+01  0.000000e+00  1.333392e+02
     vertex  1.493459e+01  0.000000e+00  1.223651e+02
     vertex  1.497173e+01  0.000000e+00  1.223417e+02
   endloop
 endfacet
 facet normal  0.000000e+00 -1.000000e+00  0.000000e+00
   outer loop
     vertex  1.548575e+01  0.000000e+00  1.333392e+02
     vertex  1.497173e+01  0.000000e+00  1.223417e+02
     vertex  1.500821e+01  0.000000e+00  1.223173e+02
   endloop
 endfacet
 facet normal  0.000000e+00 -1.000000e+00  0.000000e+00
   outer loop
     vertex  1.548575e+01  0.000000e+00  1.333392e+02
     vertex  1.541224e+01  0.000000e+00  1.333022e+02
     vertex  1.493459e+01  0.000000e+00  1.223651e+02
   endloop
 endfacet
 facet normal  0.000000e+00 -1.000000e+00  0.000000e+00
   outer loop
     vertex  1.555823e+01  0.000000e+00  1.333782e+02
     vertex  1.500821e+01  0.000000e+00  1.223173e+02
     vertex  1.504400e+01  0.000000e+00  1.222918e+02
   endloop
 endfacet
 facet normal  0.000000e+00 -1.000000e+00  0.000000e+00
   outer loop
     vertex  1.555823e+01  0.000000e+00  1.333782e+02
     vertex  1.548575e+01  0.000000e+00  1.333392e+02
     vertex  1.500821e+01  0.000000e+00  1.223173e+02
   endloop
 endfacet
 facet normal  0.000000e+00 -1.000000e+00  0.000000e+00
   outer loop
     vertex  1.562960e+01  0.000000e+00  1.334192e+02
     vertex  1.504400e+01  0.000000e+00  1.222918e+02
     vertex  1.507909e+01  0.000000e+00  1.222655e+02
   endloop
 endfacet
 facet normal  0.000000e+00 -1.000000e+00  0.000000e+00
   outer loop
     vertex  1.562960e+01  0.000000e+00  1.334192e+02
     vertex  1.555823e+01  0.000000e+00  1.333782e+02
     vertex  1.504400e+01  0.000000e+00  1.222918e+02
   endloop
 endfacet
 facet normal  0.000000e+00 -1.000000e+00  0.000000e+00
   outer loop
     vertex  1.569983e+01  0.000000e+00  1.334622e+02
     vertex  1.507909e+01  0.000000e+00  1.222655e+02
     vertex  1.511344e+01  0.000000e+00  1.222381e+02
   endloop
 endfacet
 facet normal  0.000000e+00 -1.000000e+00  0.000000e+00
   outer loop
     vertex  1.569983e+01  0.000000e+00  1.334622e+02
     vertex  1.562960e+01  0.000000e+00  1.334192e+02
     vertex  1.507909e+01  0.000000e+00  1.222655e+02
   endloop
 endfacet
 facet normal  0.000000e+00 -1.000000e+00  0.000000e+00
   outer loop
     vertex  1.576885e+01  0.000000e+00  1.335070e+02
     vertex  1.569983e+01  0.000000e+00  1.334622e+02
     vertex  1.511344e+01  0.000000e+00  1.222381e+02
   endloop
 endfacet
 facet normal  0.000000e+00 -1.000000e+00  0.000000e+00
   outer loop
     vertex  1.576885e+01  0.000000e+00  1.335070e+02
     vertex  1.511344e+01  0.000000e+00  1.222381e+02
     vertex  1.514702e+01  0.000000e+00  1.222099e+02
   endloop
 endfacet
 facet normal  0.000000e+00 -1.000000e+00  0.000000e+00
   outer loop
     vertex  1.583661e+01  0.000000e+00  1.335537e+02
     vertex  1.514702e+01  0.000000e+00  1.222099e+02
     vertex  1.517982e+01  0.000000e+00  1.221807e+02
   endloop
 endfacet
 facet normal  0.000000e+00 -1.000000e+00  0.000000e+00
   outer loop
     vertex  1.583661e+01  0.000000e+00  1.335537e+02
     vertex  1.576885e+01  0.000000e+00  1.335070e+02
     vertex  1.514702e+01  0.000000e+00  1.222099e+02
   endloop
 endfacet
 facet normal  0.000000e+00 -1.000000e+00  0.000000e+00
   outer loop
     vertex  1.590307e+01  0.000000e+00  1.336023e+02
     vertex  1.517982e+01  0.000000e+00  1.221807e+02
     vertex  1.521180e+01  0.000000e+00  1.221506e+02
   endloop
 endfacet
 facet normal  0.000000e+00 -1.000000e+00  0.000000e+00
   outer loop
     vertex  1.590307e+01  0.000000e+00  1.336023e+02
     vertex  1.583661e+01  0.000000e+00  1.335537e+02
     vertex  1.517982e+01  0.000000e+00  1.221807e+02
   endloop
 endfacet
 facet normal  0.000000e+00 -1.000000e+00  0.000000e+00
   outer loop
     vertex  1.596817e+01  0.000000e+00  1.336527e+02
     vertex  1.521180e+01  0.000000e+00  1.221506e+02
     vertex  1.524295e+01  0.000000e+00  1.221197e+02
   endloop
 endfacet
 facet normal  0.000000e+00 -1.000000e+00  0.000000e+00
   outer loop
     vertex  1.596817e+01  0.000000e+00  1.336527e+02
     vertex  1.524295e+01  0.000000e+00  1.221197e+02
     vertex  1.527324e+01  0.000000e+00  1.220879e+02
   endloop
 endfacet
 facet normal  0.000000e+00 -1.000000e+00  0.000000e+00
   outer loop
     vertex  1.596817e+01  0.000000e+00  1.336527e+02
     vertex  1.590307e+01  0.000000e+00  1.336023e+02
     vertex  1.521180e+01  0.000000e+00  1.221506e+02
   endloop
 endfacet
 facet normal  0.000000e+00 -1.000000e+00  0.000000e+00
   outer loop
     vertex  1.603186e+01  0.000000e+00  1.337048e+02
     vertex  1.596817e+01  0.000000e+00  1.336527e+02
     vertex  1.527324e+01  0.000000e+00  1.220879e+02
   endloop
 endfacet
 facet normal  0.000000e+00 -1.000000e+00  0.000000e+00
   outer loop
     vertex  1.603186e+01  0.000000e+00  1.337048e+02
     vertex  1.527324e+01  0.000000e+00  1.220879e+02
     vertex  1.530264e+01  0.000000e+00  1.220553e+02
   endloop
 endfacet
 facet normal  0.000000e+00 -1.000000e+00  0.000000e+00
   outer loop
     vertex  1.609410e+01  0.000000e+00  1.337587e+02
     vertex  1.530264e+01  0.000000e+00  1.220553e+02
     vertex  1.533114e+01  0.000000e+00  1.220219e+02
   endloop
 endfacet
 facet normal  0.000000e+00 -1.000000e+00  0.000000e+00
   outer loop
     vertex  1.609410e+01  0.000000e+00  1.337587e+02
     vertex  1.603186e+01  0.000000e+00  1.337048e+02
     vertex  1.530264e+01  0.000000e+00  1.220553e+02
   endloop
 endfacet
 facet normal  0.000000e+00 -1.000000e+00  0.000000e+00
   outer loop
     vertex  1.615484e+01  0.000000e+00  1.338142e+02
     vertex  1.533114e+01  0.000000e+00  1.220219e+02
     vertex  1.535871e+01  0.000000e+00  1.219877e+02
   endloop
 endfacet
 facet normal  0.000000e+00 -1.000000e+00  0.000000e+00
   outer loop
     vertex  1.615484e+01  0.000000e+00  1.338142e+02
     vertex  1.609410e+01  0.000000e+00  1.337587e+02
     vertex  1.533114e+01  0.000000e+00  1.220219e+02
   endloop
 endfacet
 facet normal  0.000000e+00 -1.000000e+00  0.000000e+00
   outer loop
     vertex  1.621403e+01  0.000000e+00  1.338714e+02
     vertex  1.535871e+01  0.000000e+00  1.219877e+02
     vertex  1.538534e+01  0.000000e+00  1.219528e+02
   endloop
 endfacet
 facet normal  0.000000e+00 -1.000000e+00  0.000000e+00
   outer loop
     vertex  1.621403e+01  0.000000e+00  1.338714e+02
     vertex  1.615484e+01  0.000000e+00  1.338142e+02
     vertex  1.535871e+01  0.000000e+00  1.219877e+02
   endloop
 endfacet
 facet normal  0.000000e+00 -1.000000e+00  0.000000e+00
   outer loop
     vertex  1.627163e+01  0.000000e+00  1.339302e+02
     vertex  1.538534e+01  0.000000e+00  1.219528e+02
     vertex  1.541099e+01  0.000000e+00  1.219172e+02
   endloop
 endfacet
 facet normal  0.000000e+00 -1.000000e+00  0.000000e+00
   outer loop
     vertex  1.627163e+01  0.000000e+00  1.339302e+02
     vertex  1.621403e+01  0.000000e+00  1.338714e+02
     vertex  1.538534e+01  0.000000e+00  1.219528e+02
   endloop
 endfacet
 facet normal  0.000000e+00 -1.000000e+00  0.000000e+00
   outer loop
     vertex  1.632760e+01  0.000000e+00  1.339906e+02
     vertex  1.627163e+01  0.000000e+00  1.339302e+02
     vertex  1.541099e+01  0.000000e+00  1.219172e+02
   endloop
 endfacet
 facet normal  0.000000e+00 -1.000000e+00  0.000000e+00
   outer loop
     vertex  1.632760e+01  0.000000e+00  1.339906e+02
     vertex  1.541099e+01  0.000000e+00  1.219172e+02
     vertex  1.543566e+01  0.000000e+00  1.218809e+02
   endloop
 endfacet
 facet normal  0.000000e+00 -1.000000e+00  0.000000e+00
   outer loop
     vertex  1.638189e+01  0.000000e+00  1.340524e+02
     vertex  1.632760e+01  0.000000e+00  1.339906e+02
     vertex  1.543566e+01  0.000000e+00  1.218809e+02
   endloop
 endfacet
 facet normal  0.000000e+00 -1.000000e+00  0.000000e+00
   outer loop
     vertex  1.638189e+01  0.000000e+00  1.340524e+02
     vertex  1.543566e+01  0.000000e+00  1.218809e+02
     vertex  1.545933e+01  0.000000e+00  1.218439e+02
   endloop
 endfacet
 facet normal  0.000000e+00 -1.000000e+00  0.000000e+00
   outer loop
     vertex  1.638189e+01  0.000000e+00  1.340524e+02
     vertex  1.545933e+01  0.000000e+00  1.218439e+02
     vertex  1.548197e+01  0.000000e+00  1.218063e+02
   endloop
 endfacet
 facet normal  0.000000e+00 -1.000000e+00  0.000000e+00
   outer loop
     vertex  1.643446e+01  0.000000e+00  1.341158e+02
     vertex  1.548197e+01  0.000000e+00  1.218063e+02
     vertex  1.550357e+01  0.000000e+00  1.217681e+02
   endloop
 endfacet
 facet normal  0.000000e+00 -1.000000e+00  0.000000e+00
   outer loop
     vertex  1.643446e+01  0.000000e+00  1.341158e+02
     vertex  1.638189e+01  0.000000e+00  1.340524e+02
     vertex  1.548197e+01  0.000000e+00  1.218063e+02
   endloop
 endfacet
 facet normal  0.000000e+00 -1.000000e+00  0.000000e+00
   outer loop
     vertex  1.648527e+01  0.000000e+00  1.341805e+02
     vertex  1.550357e+01  0.000000e+00  1.217681e+02
     vertex  1.552411e+01  0.000000e+00  1.217293e+02
   endloop
 endfacet
 facet normal  0.000000e+00 -1.000000e+00  0.000000e+00
   outer loop
     vertex  1.648527e+01  0.000000e+00  1.341805e+02
     vertex  1.643446e+01  0.000000e+00  1.341158e+02
     vertex  1.550357e+01  0.000000e+00  1.217681e+02
   endloop
 endfacet
 facet normal  0.000000e+00 -1.000000e+00  0.000000e+00
   outer loop
     vertex  1.653429e+01  0.000000e+00  1.342466e+02
     vertex  1.648527e+01  0.000000e+00  1.341805e+02
     vertex  1.552411e+01  0.000000e+00  1.217293e+02
   endloop
 endfacet
 facet normal  0.000000e+00 -1.000000e+00  0.000000e+00
   outer loop
     vertex  1.653429e+01  0.000000e+00  1.342466e+02
     vertex  1.552411e+01  0.000000e+00  1.217293e+02
     vertex  1.554358e+01  0.000000e+00  1.216900e+02
   endloop
 endfacet
 facet normal  0.000000e+00 -1.000000e+00  0.000000e+00
   outer loop
     vertex  1.658147e+01  0.000000e+00  1.343141e+02
     vertex  1.653429e+01  0.000000e+00  1.342466e+02
     vertex  1.554358e+01  0.000000e+00  1.216900e+02
   endloop
 endfacet
 facet normal  0.000000e+00 -1.000000e+00  0.000000e+00
   outer loop
     vertex  1.658147e+01  0.000000e+00  1.343141e+02
     vertex  1.554358e+01  0.000000e+00  1.216900e+02
     vertex  1.556197e+01  0.000000e+00  1.216501e+02
   endloop
 endfacet
 facet normal  0.000000e+00 -1.000000e+00  0.000000e+00
   outer loop
     vertex  1.662679e+01  0.000000e+00  1.343828e+02
     vertex  1.556197e+01  0.000000e+00  1.216501e+02
     vertex  1.557926e+01  0.000000e+00  1.216098e+02
   endloop
 endfacet
 facet normal  0.000000e+00 -1.000000e+00  0.000000e+00
   outer loop
     vertex  1.662679e+01  0.000000e+00  1.343828e+02
     vertex  1.658147e+01  0.000000e+00  1.343141e+02
     vertex  1.556197e+01  0.000000e+00  1.216501e+02
   endloop
 endfacet
 facet normal  0.000000e+00 -1.000000e+00  0.000000e+00
   outer loop
     vertex  1.667021e+01  0.000000e+00  1.344527e+02
     vertex  1.662679e+01  0.000000e+00  1.343828e+02
     vertex  1.557926e+01  0.000000e+00  1.216098e+02
   endloop
 endfacet
 facet normal  0.000000e+00 -1.000000e+00  0.000000e+00
   outer loop
     vertex  1.667021e+01  0.000000e+00  1.344527e+02
     vertex  1.557926e+01  0.000000e+00  1.216098e+02
     vertex  1.559543e+01  0.000000e+00  1.215689e+02
   endloop
 endfacet
 facet normal  0.000000e+00 -1.000000e+00  0.000000e+00
   outer loop
     vertex  1.671169e+01  0.000000e+00  1.345238e+02
     vertex  1.559543e+01  0.000000e+00  1.215689e+02
     vertex  1.561047e+01  0.000000e+00  1.215277e+02
   endloop
 endfacet
 facet normal  0.000000e+00 -1.000000e+00  0.000000e+00
   outer loop
     vertex  1.671169e+01  0.000000e+00  1.345238e+02
     vertex  1.667021e+01  0.000000e+00  1.344527e+02
     vertex  1.559543e+01  0.000000e+00  1.215689e+02
   endloop
 endfacet
 facet normal  0.000000e+00 -1.000000e+00  0.000000e+00
   outer loop
     vertex  1.675120e+01  0.000000e+00  1.345960e+02
     vertex  1.561047e+01  0.000000e+00  1.215277e+02
     vertex  1.562438e+01  0.000000e+00  1.214861e+02
   endloop
 endfacet
 facet normal  0.000000e+00 -1.000000e+00  0.000000e+00
   outer loop
     vertex  1.675120e+01  0.000000e+00  1.345960e+02
     vertex  1.671169e+01  0.000000e+00  1.345238e+02
     vertex  1.561047e+01  0.000000e+00  1.215277e+02
   endloop
 endfacet
 facet normal  0.000000e+00 -1.000000e+00  0.000000e+00
   outer loop
     vertex  1.678872e+01  0.000000e+00  1.346693e+02
     vertex  1.675120e+01  0.000000e+00  1.345960e+02
     vertex  1.562438e+01  0.000000e+00  1.214861e+02
   endloop
 endfacet
 facet normal  0.000000e+00 -1.000000e+00  0.000000e+00
   outer loop
     vertex  1.678872e+01  0.000000e+00  1.346693e+02
     vertex  1.562438e+01  0.000000e+00  1.214861e+02
     vertex  1.563714e+01  0.000000e+00  1.214441e+02
   endloop
 endfacet
 facet normal  0.000000e+00 -1.000000e+00  0.000000e+00
   outer loop
     vertex  1.682421e+01  0.000000e+00  1.347436e+02
     vertex  1.678872e+01  0.000000e+00  1.346693e+02
     vertex  1.563714e+01  0.000000e+00  1.214441e+02
   endloop
 endfacet
 facet normal  0.000000e+00 -1.000000e+00  0.000000e+00
   outer loop
     vertex  1.682421e+01  0.000000e+00  1.347436e+02
     vertex  1.563714e+01  0.000000e+00  1.214441e+02
     vertex  1.564875e+01  0.000000e+00  1.214017e+02
   endloop
 endfacet
 facet normal  0.000000e+00 -1.000000e+00  0.000000e+00
   outer loop
     vertex  1.685766e+01  0.000000e+00  1.348188e+02
     vertex  1.682421e+01  0.000000e+00  1.347436e+02
     vertex  1.564875e+01  0.000000e+00  1.214017e+02
   endloop
 endfacet
 facet normal  0.000000e+00 -1.000000e+00  0.000000e+00
   outer loop
     vertex  1.685766e+01  0.000000e+00  1.348188e+02
     vertex  1.564875e+01  0.000000e+00  1.214017e+02
     vertex  1.565918e+01  0.000000e+00  1.213591e+02
   endloop
 endfacet
 facet normal  0.000000e+00 -1.000000e+00  0.000000e+00
   outer loop
     vertex  1.685766e+01  0.000000e+00  1.348188e+02
     vertex  1.565918e+01  0.000000e+00  1.213591e+02
     vertex  1.566845e+01  0.000000e+00  1.213162e+02
   endloop
 endfacet
 facet normal  0.000000e+00 -1.000000e+00  0.000000e+00
   outer loop
     vertex  1.688903e+01  0.000000e+00  1.348949e+02
     vertex  1.685766e+01  0.000000e+00  1.348188e+02
     vertex  1.566845e+01  0.000000e+00  1.213162e+02
   endloop
 endfacet
 facet normal  0.000000e+00 -1.000000e+00  0.000000e+00
   outer loop
     vertex  1.688903e+01  0.000000e+00  1.348949e+02
     vertex  1.566845e+01  0.000000e+00  1.213162e+02
     vertex  1.567653e+01  0.000000e+00  1.212730e+02
   endloop
 endfacet
 facet normal  0.000000e+00 -1.000000e+00  0.000000e+00
   outer loop
     vertex  1.691830e+01  0.000000e+00  1.349718e+02
     vertex  1.688903e+01  0.000000e+00  1.348949e+02
     vertex  1.567653e+01  0.000000e+00  1.212730e+02
   endloop
 endfacet
 facet normal  0.000000e+00 -1.000000e+00  0.000000e+00
   outer loop
     vertex  1.691830e+01  0.000000e+00  1.349718e+02
     vertex  1.567653e+01  0.000000e+00  1.212730e+02
     vertex  1.568343e+01  0.000000e+00  1.212297e+02
   endloop
 endfacet
 facet normal  0.000000e+00 -1.000000e+00  0.000000e+00
   outer loop
     vertex  1.694544e+01  0.000000e+00  1.350495e+02
     vertex  1.691830e+01  0.000000e+00  1.349718e+02
     vertex  1.568343e+01  0.000000e+00  1.212297e+02
   endloop
 endfacet
 facet normal  0.000000e+00 -1.000000e+00  0.000000e+00
   outer loop
     vertex  1.694544e+01  0.000000e+00  1.350495e+02
     vertex  1.568343e+01  0.000000e+00  1.212297e+02
     vertex  1.568913e+01  0.000000e+00  1.211862e+02
   endloop
 endfacet
 facet normal  0.000000e+00 -1.000000e+00  0.000000e+00
   outer loop
     vertex  1.697045e+01  0.000000e+00  1.351279e+02
     vertex  1.694544e+01  0.000000e+00  1.350495e+02
     vertex  1.568913e+01  0.000000e+00  1.211862e+02
   endloop
 endfacet
 facet normal  0.000000e+00 -1.000000e+00  0.000000e+00
   outer loop
     vertex  1.697045e+01  0.000000e+00  1.351279e+02
     vertex  1.568913e+01  0.000000e+00  1.211862e+02
     vertex  1.569364e+01  0.000000e+00  1.211425e+02
   endloop
 endfacet
 facet normal  0.000000e+00 -1.000000e+00  0.000000e+00
   outer loop
     vertex  1.699329e+01  0.000000e+00  1.352070e+02
     vertex  1.697045e+01  0.000000e+00  1.351279e+02
     vertex  1.569364e+01  0.000000e+00  1.211425e+02
   endloop
 endfacet
 facet normal  0.000000e+00 -1.000000e+00  0.000000e+00
   outer loop
     vertex  1.699329e+01  0.000000e+00  1.352070e+02
     vertex  1.569364e+01  0.000000e+00  1.211425e+02
     vertex  1.569695e+01  0.000000e+00  1.210987e+02
   endloop
 endfacet
 facet normal  0.000000e+00 -1.000000e+00  0.000000e+00
   outer loop
     vertex  1.701396e+01  0.000000e+00  1.352867e+02
     vertex  1.699329e+01  0.000000e+00  1.352070e+02
     vertex  1.569695e+01  0.000000e+00  1.210987e+02
   endloop
 endfacet
 facet normal  0.000000e+00 -1.000000e+00  0.000000e+00
   outer loop
     vertex  0.000000e+00  0.000000e+00  1.560000e+02
     vertex  1.254589e+01  0.000000e+00  1.206196e+02
     vertex  1.253604e+01  0.000000e+00  1.206623e+02
   endloop
 endfacet
 facet normal  0.000000e+00 -1.000000e+00  0.000000e+00
   outer loop
     vertex  0.000000e+00  0.000000e+00  1.560000e+02
     vertex  1.253604e+01  0.000000e+00  1.206623e+02
     vertex  1.252736e+01  0.000000e+00  1.207054e+02
   endloop
 endfacet
 facet normal  0.000000e+00 -1.000000e+00  0.000000e+00
   outer loop
     vertex  0.000000e+00  0.000000e+00  1.560000e+02
     vertex  1.252736e+01  0.000000e+00  1.207054e+02
     vertex  1.251987e+01  0.000000e+00  1.207486e+02
   endloop
 endfacet
 facet normal  0.000000e+00 -1.000000e+00  0.000000e+00
   outer loop
     vertex  0.000000e+00  0.000000e+00  1.560000e+02
     vertex  1.251987e+01  0.000000e+00  1.207486e+02
     vertex  1.251357e+01  0.000000e+00  1.207921e+02
   endloop
 endfacet
 facet normal  0.000000e+00 -1.000000e+00  0.000000e+00
   outer loop
     vertex  0.000000e+00  0.000000e+00  1.560000e+02
     vertex  1.251357e+01  0.000000e+00  1.207921e+02
     vertex  1.250846e+01  0.000000e+00  1.208357e+02
   endloop
 endfacet
 facet normal  0.000000e+00 -1.000000e+00  0.000000e+00
   outer loop
     vertex  0.000000e+00  0.000000e+00  1.560000e+02
     vertex  1.250846e+01  0.000000e+00  1.208357e+02
     vertex  1.250455e+01  0.000000e+00  1.208794e+02
   endloop
 endfacet
 facet normal  0.000000e+00 -1.000000e+00  0.000000e+00
   outer loop
     vertex  0.000000e+00  0.000000e+00  1.560000e+02
     vertex  1.250455e+01  0.000000e+00  1.208794e+02
     vertex  1.250184e+01  0.000000e+00  1.209232e+02
   endloop
 endfacet
 facet normal  0.000000e+00 -1.000000e+00  0.000000e+00
   outer loop
     vertex  0.000000e+00  0.000000e+00  1.560000e+02
     vertex  1.250184e+01  0.000000e+00  1.209232e+02
     vertex  1.250034e+01  0.000000e+00  1.209671e+02
   endloop
 endfacet
 facet normal  0.000000e+00 -1.000000e+00  0.000000e+00
   outer loop
     vertex  0.000000e+00  0.000000e+00  1.560000e+02
     vertex  1.250034e+01  0.000000e+00  1.209671e+02
     vertex  1.250004e+01  0.000000e+00  1.210110e+02
   endloop
 endfacet
 facet normal  0.000000e+00 -1.000000e+00  0.000000e+00
   outer loop
     vertex  0.000000e+00  0.000000e+00  1.560000e+02
     vertex  1.250004e+01  0.000000e+00  1.210110e+02
     vertex  1.250094e+01  0.000000e+00  1.210549e+02
   endloop
 endfacet
 facet normal  0.000000e+00 -1.000000e+00  0.000000e+00
   outer loop
     vertex  0.000000e+00  0.000000e+00  1.560000e+02
     vertex  1.250094e+01  0.000000e+00  1.210549e+02
     vertex  1.250305e+01  0.000000e+00  1.210987e+02
   endloop
 endfacet
 facet normal  0.000000e+00 -1.000000e+00  0.000000e+00
   outer loop
     vertex  0.000000e+00  0.000000e+00  1.560000e+02
     vertex  1.250305e+01  0.000000e+00  1.210987e+02
     vertex  1.118604e+01  0.000000e+00  1.352867e+02
   endloop
 endfacet
 facet normal  0.000000e+00 -1.000000e+00  0.000000e+00
   outer loop
     vertex  0.000000e+00  0.000000e+00  1.560000e+02
     vertex  1.118604e+01  0.000000e+00  1.352867e+02
     vertex  1.116757e+01  0.000000e+00  1.353669e+02
   endloop
 endfacet
 facet normal  0.000000e+00 -1.000000e+00  0.000000e+00
   outer loop
     vertex  0.000000e+00  0.000000e+00  1.560000e+02
     vertex  1.116757e+01  0.000000e+00  1.353669e+02
     vertex  1.115130e+01  0.000000e+00  1.354476e+02
   endloop
 endfacet
 facet normal  0.000000e+00 -1.000000e+00  0.000000e+00
   outer loop
     vertex  0.000000e+00  0.000000e+00  1.560000e+02
     vertex  1.115130e+01  0.000000e+00  1.354476e+02
     vertex  1.113726e+01  0.000000e+00  1.355287e+02
   endloop
 endfacet
 facet normal  0.000000e+00 -1.000000e+00  0.000000e+00
   outer loop
     vertex  0.000000e+00  0.000000e+00  1.560000e+02
     vertex  1.113726e+01  0.000000e+00  1.355287e+02
     vertex  1.112544e+01  0.000000e+00  1.356101e+02
   endloop
 endfacet
 facet normal  0.000000e+00 -1.000000e+00  0.000000e+00
   outer loop
     vertex  0.000000e+00  0.000000e+00  1.560000e+02
     vertex  1.112544e+01  0.000000e+00  1.356101e+02
     vertex  1.111587e+01  0.000000e+00  1.356919e+02
   endloop
 endfacet
 facet normal  0.000000e+00 -1.000000e+00  0.000000e+00
   outer loop
     vertex  0.000000e+00  0.000000e+00  1.560000e+02
     vertex  1.111587e+01  0.000000e+00  1.356919e+02
     vertex  1.110854e+01  0.000000e+00  1.357739e+02
   endloop
 endfacet
 facet normal  0.000000e+00 -1.000000e+00  0.000000e+00
   outer loop
     vertex  0.000000e+00  0.000000e+00  1.560000e+02
     vertex  1.110854e+01  0.000000e+00  1.357739e+02
     vertex  1.110346e+01  0.000000e+00  1.358560e+02
   endloop
 endfacet
 facet normal  0.000000e+00 -1.000000e+00  0.000000e+00
   outer loop
     vertex  0.000000e+00  0.000000e+00  1.560000e+02
     vertex  1.110346e+01  0.000000e+00  1.358560e+02
     vertex  1.110064e+01  0.000000e+00  1.359383e+02
   endloop
 endfacet
 facet normal  0.000000e+00 -1.000000e+00  0.000000e+00
   outer loop
     vertex  0.000000e+00  0.000000e+00  1.560000e+02
     vertex  1.110064e+01  0.000000e+00  1.359383e+02
     vertex  1.110007e+01  0.000000e+00  1.360206e+02
   endloop
 endfacet
 facet normal  0.000000e+00 -1.000000e+00  0.000000e+00
   outer loop
     vertex  0.000000e+00  0.000000e+00  1.560000e+02
     vertex  1.110007e+01  0.000000e+00  1.360206e+02
     vertex  1.110176e+01  0.000000e+00  1.361029e+02
   endloop
 endfacet
 facet normal  0.000000e+00 -1.000000e+00  0.000000e+00
   outer loop
     vertex  0.000000e+00  0.000000e+00  1.560000e+02
     vertex  1.110176e+01  0.000000e+00  1.361029e+02
     vertex  1.110571e+01  0.000000e+00  1.361851e+02
   endloop
 endfacet
 facet normal  0.000000e+00 -1.000000e+00  0.000000e+00
   outer loop
     vertex  0.000000e+00  0.000000e+00  1.560000e+02
     vertex  1.110571e+01  0.000000e+00  1.361851e+02
     vertex  1.111192e+01  0.000000e+00  1.362672e+02
   endloop
 endfacet
 facet normal  0.000000e+00 -1.000000e+00  0.000000e+00
   outer loop
     vertex  0.000000e+00  0.000000e+00  1.560000e+02
     vertex  1.111192e+01  0.000000e+00  1.362672e+02
     vertex  1.112037e+01  0.000000e+00  1.363490e+02
   endloop
 endfacet
 facet normal  0.000000e+00 -1.000000e+00  0.000000e+00
   outer loop
     vertex  0.000000e+00  0.000000e+00  1.560000e+02
     vertex  1.112037e+01  0.000000e+00  1.363490e+02
     vertex  1.113107e+01  0.000000e+00  1.364306e+02
   endloop
 endfacet
 facet normal  0.000000e+00 -1.000000e+00  0.000000e+00
   outer loop
     vertex  0.000000e+00  0.000000e+00  1.560000e+02
     vertex  1.113107e+01  0.000000e+00  1.364306e+02
     vertex  1.114400e+01  0.000000e+00  1.365119e+02
   endloop
 endfacet
 facet normal  0.000000e+00 -1.000000e+00  0.000000e+00
   outer loop
     vertex  0.000000e+00  0.000000e+00  1.560000e+02
     vertex  1.114400e+01  0.000000e+00  1.365119e+02
     vertex  1.115916e+01  0.000000e+00  1.365928e+02
   endloop
 endfacet
 facet normal  0.000000e+00 -1.000000e+00  0.000000e+00
   outer loop
     vertex  0.000000e+00  0.000000e+00  1.560000e+02
     vertex  1.115916e+01  0.000000e+00  1.365928e+02
     vertex  1.117653e+01  0.000000e+00  1.366733e+02
   endloop
 endfacet
 facet normal  0.000000e+00 -1.000000e+00  0.000000e+00
   outer loop
     vertex  0.000000e+00  0.000000e+00  1.560000e+02
     vertex  1.117653e+01  0.000000e+00  1.366733e+02
     vertex  1.119610e+01  0.000000e+00  1.367532e+02
   endloop
 endfacet
 facet normal  0.000000e+00 -1.000000e+00  0.000000e+00
   outer loop
     vertex  0.000000e+00  0.000000e+00  1.560000e+02
     vertex  1.119610e+01  0.000000e+00  1.367532e+02
     vertex  1.121786e+01  0.000000e+00  1.368326e+02
   endloop
 endfacet
 facet normal  0.000000e+00 -1.000000e+00  0.000000e+00
   outer loop
     vertex  0.000000e+00  0.000000e+00  1.560000e+02
     vertex  1.121786e+01  0.000000e+00  1.368326e+02
     vertex  1.124179e+01  0.000000e+00  1.369114e+02
   endloop
 endfacet
 facet normal  0.000000e+00 -1.000000e+00  0.000000e+00
   outer loop
     vertex  0.000000e+00  0.000000e+00  1.560000e+02
     vertex  1.124179e+01  0.000000e+00  1.369114e+02
     vertex  1.126786e+01  0.000000e+00  1.369894e+02
   endloop
 endfacet
 facet normal  0.000000e+00 -1.000000e+00  0.000000e+00
   outer loop
     vertex  0.000000e+00  0.000000e+00  1.560000e+02
     vertex  1.126786e+01  0.000000e+00  1.369894e+02
     vertex  1.129608e+01  0.000000e+00  1.370668e+02
   endloop
 endfacet
 facet normal  0.000000e+00 -1.000000e+00  0.000000e+00
   outer loop
     vertex  0.000000e+00  0.000000e+00  1.560000e+02
     vertex  1.129608e+01  0.000000e+00  1.370668e+02
     vertex  1.132640e+01  0.000000e+00  1.371433e+02
   endloop
 endfacet
 facet normal  0.000000e+00 -1.000000e+00  0.000000e+00
   outer loop
     vertex  0.000000e+00  0.000000e+00  1.560000e+02
     vertex  1.132640e+01  0.000000e+00  1.371433e+02
     vertex  1.135881e+01  0.000000e+00  1.372190e+02
   endloop
 endfacet
 facet normal  0.000000e+00 -1.000000e+00  0.000000e+00
   outer loop
     vertex  0.000000e+00  0.000000e+00  1.560000e+02
     vertex  1.135881e+01  0.000000e+00  1.372190e+02
     vertex  1.139328e+01  0.000000e+00  1.372937e+02
   endloop
 endfacet
 facet normal  0.000000e+00 -1.000000e+00  0.000000e+00
   outer loop
     vertex  0.000000e+00  0.000000e+00  1.560000e+02
     vertex  1.139328e+01  0.000000e+00  1.372937e+02
     vertex  1.142979e+01  0.000000e+00  1.373675e+02
   endloop
 endfacet
 facet normal  0.000000e+00 -1.000000e+00  0.000000e+00
   outer loop
     vertex  0.000000e+00  0.000000e+00  1.560000e+02
     vertex  1.142979e+01  0.000000e+00  1.373675e+02
     vertex  1.146831e+01  0.000000e+00  1.374402e+02
   endloop
 endfacet
 facet normal  0.000000e+00 -1.000000e+00  0.000000e+00
   outer loop
     vertex  0.000000e+00  0.000000e+00  1.560000e+02
     vertex  1.146831e+01  0.000000e+00  1.374402e+02
     vertex  1.150881e+01  0.000000e+00  1.375119e+02
   endloop
 endfacet
 facet normal  0.000000e+00 -1.000000e+00  0.000000e+00
   outer loop
     vertex  0.000000e+00  0.000000e+00  1.560000e+02
     vertex  1.150881e+01  0.000000e+00  1.375119e+02
     vertex  1.155126e+01  0.000000e+00  1.375824e+02
   endloop
 endfacet
 facet normal  0.000000e+00 -1.000000e+00  0.000000e+00
   outer loop
     vertex  0.000000e+00  0.000000e+00  1.560000e+02
     vertex  1.155126e+01  0.000000e+00  1.375824e+02
     vertex  1.159563e+01  0.000000e+00  1.376517e+02
   endloop
 endfacet
 facet normal  0.000000e+00 -1.000000e+00  0.000000e+00
   outer loop
     vertex  0.000000e+00  0.000000e+00  1.560000e+02
     vertex  1.159563e+01  0.000000e+00  1.376517e+02
     vertex  1.164189e+01  0.000000e+00  1.377198e+02
   endloop
 endfacet
 facet normal  0.000000e+00 -1.000000e+00  0.000000e+00
   outer loop
     vertex  0.000000e+00  0.000000e+00  1.560000e+02
     vertex  1.164189e+01  0.000000e+00  1.377198e+02
     vertex  1.168999e+01  0.000000e+00  1.377866e+02
   endloop
 endfacet
 facet normal  0.000000e+00 -1.000000e+00  0.000000e+00
   outer loop
     vertex  0.000000e+00  0.000000e+00  1.560000e+02
     vertex  0.000000e+00  0.000000e+00  0.000000e+00
     vertex  1.254589e+01  0.000000e+00  1.206196e+02
   endloop
 endfacet
 facet normal  0.000000e+00 -1.000000e+00  0.000000e+00
   outer loop
     vertex  1.294180e+01  0.000000e+00  1.498961e+02
     vertex  1.219980e+01  0.000000e+00  1.383215e+02
     vertex  1.226421e+01  0.000000e+00  1.383727e+02
   endloop
 endfacet
 facet normal  0.000000e+00 -1.000000e+00 -0.000000e+00
   outer loop
     vertex  1.294180e+01  0.000000e+00  1.498961e+02
     vertex  1.226421e+01  0.000000e+00  1.383727e+02
     vertex  1.297252e+01  0.000000e+00  1.498648e+02
   endloop
 endfacet
 facet normal  0.000000e+00 -1.000000e+00  0.000000e+00
   outer loop
     vertex  1.300408e+01  0.000000e+00  1.498343e+02
     vertex  1.226421e+01  0.000000e+00  1.383727e+02
     vertex  1.232999e+01  0.000000e+00  1.384222e+02
   endloop
 endfacet
 facet normal -0.000000e+00 -1.000000e+00  0.000000e+00
   outer loop
     vertex  1.300408e+01  0.000000e+00  1.498343e+02
     vertex  1.297252e+01  0.000000e+00  1.498648e+02
     vertex  1.226421e+01  0.000000e+00  1.383727e+02
   endloop
 endfacet
 facet normal  0.000000e+00 -1.000000e+00 -0.000000e+00
   outer loop
     vertex  1.291195e+01  0.000000e+00  1.499283e+02
     vertex  1.219980e+01  0.000000e+00  1.383215e+02
     vertex  1.294180e+01  0.000000e+00  1.498961e+02
   endloop
 endfacet
 facet normal  0.000000e+00 -1.000000e+00  0.000000e+00
   outer loop
     vertex  1.291195e+01  0.000000e+00  1.499283e+02
     vertex  1.213683e+01  0.000000e+00  1.382685e+02
     vertex  1.219980e+01  0.000000e+00  1.383215e+02
   endloop
 endfacet
 facet normal -0.000000e+00 -1.000000e+00  0.000000e+00
   outer loop
     vertex  1.303648e+01  0.000000e+00  1.498046e+02
     vertex  1.300408e+01  0.000000e+00  1.498343e+02
     vertex  1.232999e+01  0.000000e+00  1.384222e+02
   endloop
 endfacet
 facet normal  0.000000e+00 -1.000000e+00  0.000000e+00
   outer loop
     vertex  1.303648e+01  0.000000e+00  1.498046e+02
     vertex  1.232999e+01  0.000000e+00  1.384222e+02
     vertex  1.239711e+01  0.000000e+00  1.384699e+02
   endloop
 endfacet
 facet normal  0.000000e+00 -1.000000e+00 -0.000000e+00
   outer loop
     vertex  1.288299e+01  0.000000e+00  1.499613e+02
     vertex  1.213683e+01  0.000000e+00  1.382685e+02
     vertex  1.291195e+01  0.000000e+00  1.499283e+02
   endloop
 endfacet
 facet normal  0.000000e+00 -1.000000e+00  0.000000e+00
   outer loop
     vertex  1.288299e+01  0.000000e+00  1.499613e+02
     vertex  1.207534e+01  0.000000e+00  1.382138e+02
     vertex  1.213683e+01  0.000000e+00  1.382685e+02
   endloop
 endfacet
 facet normal -0.000000e+00 -1.000000e+00  0.000000e+00
   outer loop
     vertex  1.306967e+01  0.000000e+00  1.497759e+02
     vertex  1.303648e+01  0.000000e+00  1.498046e+02
     vertex  1.239711e+01  0.000000e+00  1.384699e+02
   endloop
 endfacet
 facet normal  0.000000e+00 -1.000000e+00  0.000000e+00
   outer loop
     vertex  1.306967e+01  0.000000e+00  1.497759e+02
     vertex  1.239711e+01  0.000000e+00  1.384699e+02
     vertex  1.246551e+01  0.000000e+00  1.385156e+02
   endloop
 endfacet
 facet normal  0.000000e+00 -1.000000e+00 -0.000000e+00
   outer loop
     vertex  1.285496e+01  0.000000e+00  1.499951e+02
     vertex  1.207534e+01  0.000000e+00  1.382138e+02
     vertex  1.288299e+01  0.000000e+00  1.499613e+02
   endloop
 endfacet
 facet normal  0.000000e+00 -1.000000e+00  0.000000e+00
   outer loop
     vertex  1.285496e+01  0.000000e+00  1.499951e+02
     vertex  1.201537e+01  0.000000e+00  1.381574e+02
     vertex  1.207534e+01  0.000000e+00  1.382138e+02
   endloop
 endfacet
 facet normal  0.000000e+00 -1.000000e+00  0.000000e+00
   outer loop
     vertex  1.310364e+01  0.000000e+00  1.497481e+02
     vertex  1.246551e+01  0.000000e+00  1.385156e+02
     vertex  1.253514e+01  0.000000e+00  1.385595e+02
   endloop
 endfacet
 facet normal -0.000000e+00 -1.000000e+00  0.000000e+00
   outer loop
     vertex  1.310364e+01  0.000000e+00  1.497481e+02
     vertex  1.306967e+01  0.000000e+00  1.497759e+02
     vertex  1.246551e+01  0.000000e+00  1.385156e+02
   endloop
 endfacet
 facet normal  0.000000e+00 -1.000000e+00 -0.000000e+00
   outer loop
     vertex  1.282786e+01  0.000000e+00  1.500296e+02
     vertex  1.201537e+01  0.000000e+00  1.381574e+02
     vertex  1.285496e+01  0.000000e+00  1.499951e+02
   endloop
 endfacet
 facet normal  0.000000e+00 -1.000000e+00  0.000000e+00
   outer loop
     vertex  1.282786e+01  0.000000e+00  1.500296e+02
     vertex  1.195697e+01  0.000000e+00  1.380994e+02
     vertex  1.201537e+01  0.000000e+00  1.381574e+02
   endloop
 endfacet
 facet normal -0.000000e+00 -1.000000e+00  0.000000e+00
   outer loop
     vertex  1.313836e+01  0.000000e+00  1.497212e+02
     vertex  1.310364e+01  0.000000e+00  1.497481e+02
     vertex  1.253514e+01  0.000000e+00  1.385595e+02
   endloop
 endfacet
 facet normal  0.000000e+00 -1.000000e+00  0.000000e+00
   outer loop
     vertex  1.313836e+01  0.000000e+00  1.497212e+02
     vertex  1.253514e+01  0.000000e+00  1.385595e+02
     vertex  1.260594e+01  0.000000e+00  1.386015e+02
   endloop
 endfacet
 facet normal  0.000000e+00 -1.000000e+00 -0.000000e+00
   outer loop
     vertex  1.280171e+01  0.000000e+00  1.500649e+02
     vertex  1.195697e+01  0.000000e+00  1.380994e+02
     vertex  1.282786e+01  0.000000e+00  1.500296e+02
   endloop
 endfacet
 facet normal  0.000000e+00 -1.000000e+00  0.000000e+00
   outer loop
     vertex  1.280171e+01  0.000000e+00  1.500649e+02
     vertex  1.190018e+01  0.000000e+00  1.380398e+02
     vertex  1.195697e+01  0.000000e+00  1.380994e+02
   endloop
 endfacet
 facet normal -0.000000e+00 -1.000000e+00  0.000000e+00
   outer loop
     vertex  1.317381e+01  0.000000e+00  1.496953e+02
     vertex  1.313836e+01  0.000000e+00  1.497212e+02
     vertex  1.260594e+01  0.000000e+00  1.386015e+02
   endloop
 endfacet
 facet normal  0.000000e+00 -1.000000e+00  0.000000e+00
   outer loop
     vertex  1.317381e+01  0.000000e+00  1.496953e+02
     vertex  1.260594e+01  0.000000e+00  1.386015e+02
     vertex  1.267788e+01  0.000000e+00  1.386415e+02
   endloop
 endfacet
 facet normal  0.000000e+00 -1.000000e+00  0.000000e+00
   outer loop
     vertex  1.277655e+01  0.000000e+00  1.501008e+02
     vertex  1.184505e+01  0.000000e+00  1.379787e+02
     vertex  1.190018e+01  0.000000e+00  1.380398e+02
   endloop
 endfacet
 facet normal  0.000000e+00 -1.000000e+00 -0.000000e+00
   outer loop
     vertex  1.277655e+01  0.000000e+00  1.501008e+02
     vertex  1.190018e+01  0.000000e+00  1.380398e+02
     vertex  1.280171e+01  0.000000e+00  1.500649e+02
   endloop
 endfacet
 facet normal -0.000000e+00 -1.000000e+00  0.000000e+00
   outer loop
     vertex  1.320995e+01  0.000000e+00  1.496704e+02
     vertex  1.317381e+01  0.000000e+00  1.496953e+02
     vertex  1.267788e+01  0.000000e+00  1.386415e+02
   endloop
 endfacet
 facet normal  0.000000e+00 -1.000000e+00  0.000000e+00
   outer loop
     vertex  1.275238e+01  0.000000e+00  1.501375e+02
     vertex  1.179161e+01  0.000000e+00  1.379161e+02
     vertex  1.184505e+01  0.000000e+00  1.379787e+02
   endloop
 endfacet
 facet normal  0.000000e+00 -1.000000e+00 -0.000000e+00
   outer loop
     vertex  1.275238e+01  0.000000e+00  1.501375e+02
     vertex  1.184505e+01  0.000000e+00  1.379787e+02
     vertex  1.277655e+01  0.000000e+00  1.501008e+02
   endloop
 endfacet
 facet normal -0.000000e+00 -1.000000e+00  0.000000e+00
   outer loop
     vertex  1.324676e+01  0.000000e+00  1.496465e+02
     vertex  1.320995e+01  0.000000e+00  1.496704e+02
     vertex  1.267788e+01  0.000000e+00  1.386415e+02
   endloop
 endfacet
 facet normal  0.000000e+00 -1.000000e+00  0.000000e+00
   outer loop
     vertex  1.324676e+01  0.000000e+00  1.496465e+02
     vertex  1.267788e+01  0.000000e+00  1.386415e+02
     vertex  1.275088e+01  0.000000e+00  1.386795e+02
   endloop
 endfacet
 facet normal  0.000000e+00 -1.000000e+00 -0.000000e+00
   outer loop
     vertex  1.272922e+01  0.000000e+00  1.501748e+02
     vertex  1.179161e+01  0.000000e+00  1.379161e+02
     vertex  1.275238e+01  0.000000e+00  1.501375e+02
   endloop
 endfacet
 facet normal  0.000000e+00 -1.000000e+00  0.000000e+00
   outer loop
     vertex  1.328421e+01  0.000000e+00  1.496236e+02
     vertex  1.275088e+01  0.000000e+00  1.386795e+02
     vertex  1.282490e+01  0.000000e+00  1.387155e+02
   endloop
 endfacet
 facet normal -0.000000e+00 -1.000000e+00  0.000000e+00
   outer loop
     vertex  1.328421e+01  0.000000e+00  1.496236e+02
     vertex  1.324676e+01  0.000000e+00  1.496465e+02
     vertex  1.275088e+01  0.000000e+00  1.386795e+02
   endloop
 endfacet
 facet normal  0.000000e+00 -1.000000e+00  0.000000e+00
   outer loop
     vertex  1.270710e+01  0.000000e+00  1.502127e+02
     vertex  1.173991e+01  0.000000e+00  1.378520e+02
     vertex  1.179161e+01  0.000000e+00  1.379161e+02
   endloop
 endfacet
 facet normal  0.000000e+00 -1.000000e+00 -0.000000e+00
   outer loop
     vertex  1.270710e+01  0.000000e+00  1.502127e+02
     vertex  1.179161e+01  0.000000e+00  1.379161e+02
     vertex  1.272922e+01  0.000000e+00  1.501748e+02
   endloop
 endfacet
 facet normal  0.000000e+00 -1.000000e+00  0.000000e+00
   outer loop
     vertex  1.332228e+01  0.000000e+00  1.496017e+02
     vertex  1.282490e+01  0.000000e+00  1.387155e+02
     vertex  1.289987e+01  0.000000e+00  1.387495e+02
   endloop
 endfacet
 facet normal -0.000000e+00 -1.000000e+00  0.000000e+00
   outer loop
     vertex  1.332228e+01  0.000000e+00  1.496017e+02
     vertex  1.328421e+01  0.000000e+00  1.496236e+02
     vertex  1.282490e+01  0.000000e+00  1.387155e+02
   endloop
 endfacet
 facet normal  0.000000e+00 -1.000000e+00  0.000000e+00
   outer loop
     vertex  1.268603e+01  0.000000e+00  1.502512e+02
     vertex  1.168999e+01  0.000000e+00  1.377866e+02
     vertex  1.173991e+01  0.000000e+00  1.378520e+02
   endloop
 endfacet
 facet normal  0.000000e+00 -1.000000e+00 -0.000000e+00
   outer loop
     vertex  1.268603e+01  0.000000e+00  1.502512e+02
     vertex  1.173991e+01  0.000000e+00  1.378520e+02
     vertex  1.270710e+01  0.000000e+00  1.502127e+02
   endloop
 endfacet
 facet normal -0.000000e+00 -1.000000e+00  0.000000e+00
   outer loop
     vertex  1.268603e+01  0.000000e+00  1.502512e+02
     vertex  0.000000e+00  0.000000e+00  1.560000e+02
     vertex  1.168999e+01  0.000000e+00  1.377866e+02
   endloop
 endfacet
 facet normal -0.000000e+00 -1.000000e+00  0.000000e+00
   outer loop
     vertex  1.336093e+01  0.000000e+00  1.495809e+02
     vertex  1.332228e+01  0.000000e+00  1.496017e+02
     vertex  1.289987e+01  0.000000e+00  1.387495e+02
   endloop
 endfacet
 facet normal  0.000000e+00 -1.000000e+00  0.000000e+00
   outer loop
     vertex  1.336093e+01  0.000000e+00  1.495809e+02
     vertex  1.289987e+01  0.000000e+00  1.387495e+02
     vertex  1.297576e+01  0.000000e+00  1.387814e+02
   endloop
 endfacet
 facet normal -0.000000e+00 -1.000000e+00 -0.000000e+00
   outer loop
     vertex  1.266602e+01  0.000000e+00  1.502903e+02
     vertex  0.000000e+00  0.000000e+00  1.560000e+02
     vertex  1.268603e+01  0.000000e+00  1.502512e+02
   endloop
 endfacet
 facet normal  0.000000e+00 -1.000000e+00  0.000000e+00
   outer loop
     vertex  1.340014e+01  0.000000e+00  1.495612e+02
     vertex  1.297576e+01  0.000000e+00  1.387814e+02
     vertex  1.305248e+01  0.000000e+00  1.388112e+02
   endloop
 endfacet
 facet normal -0.000000e+00 -1.000000e+00  0.000000e+00
   outer loop
     vertex  1.340014e+01  0.000000e+00  1.495612e+02
     vertex  1.336093e+01  0.000000e+00  1.495809e+02
     vertex  1.297576e+01  0.000000e+00  1.387814e+02
   endloop
 endfacet
 facet normal -0.000000e+00 -1.000000e+00 -0.000000e+00
   outer loop
     vertex  1.264709e+01  0.000000e+00  1.503299e+02
     vertex  0.000000e+00  0.000000e+00  1.560000e+02
     vertex  1.266602e+01  0.000000e+00  1.502903e+02
   endloop
 endfacet
 facet normal  0.000000e+00 -1.000000e+00  0.000000e+00
   outer loop
     vertex  1.343988e+01  0.000000e+00  1.495425e+02
     vertex  1.305248e+01  0.000000e+00  1.388112e+02
     vertex  1.313000e+01  0.000000e+00  1.388389e+02
   endloop
 endfacet
 facet normal -0.000000e+00 -1.000000e+00  0.000000e+00
   outer loop
     vertex  1.343988e+01  0.000000e+00  1.495425e+02
     vertex  1.340014e+01  0.000000e+00  1.495612e+02
     vertex  1.305248e+01  0.000000e+00  1.388112e+02
   endloop
 endfacet
 facet normal -0.000000e+00 -1.000000e+00 -0.000000e+00
   outer loop
     vertex  1.262925e+01  0.000000e+00  1.503700e+02
     vertex  0.000000e+00  0.000000e+00  1.560000e+02
     vertex  1.264709e+01  0.000000e+00  1.503299e+02
   endloop
 endfacet
 facet normal -0.000000e+00 -1.000000e+00  0.000000e+00
   outer loop
     vertex  1.348011e+01  0.000000e+00  1.495250e+02
     vertex  1.343988e+01  0.000000e+00  1.495425e+02
     vertex  1.313000e+01  0.000000e+00  1.388389e+02
   endloop
 endfacet
 facet normal -0.000000e+00 -1.000000e+00 -0.000000e+00
   outer loop
     vertex  1.261252e+01  0.000000e+00  1.504106e+02
     vertex  0.000000e+00  0.000000e+00  1.560000e+02
     vertex  1.262925e+01  0.000000e+00  1.503700e+02
   endloop
 endfacet
 facet normal  0.000000e+00 -1.000000e+00  0.000000e+00
   outer loop
     vertex  1.352081e+01  0.000000e+00  1.495085e+02
     vertex  1.313000e+01  0.000000e+00  1.388389e+02
     vertex  1.320825e+01  0.000000e+00  1.388644e+02
   endloop
 endfacet
 facet normal -0.000000e+00 -1.000000e+00  0.000000e+00
   outer loop
     vertex  1.352081e+01  0.000000e+00  1.495085e+02
     vertex  1.348011e+01  0.000000e+00  1.495250e+02
     vertex  1.313000e+01  0.000000e+00  1.388389e+02
   endloop
 endfacet
 facet normal -0.000000e+00 -1.000000e+00 -0.000000e+00
   outer loop
     vertex  1.259691e+01  0.000000e+00  1.504516e+02
     vertex  0.000000e+00  0.000000e+00  1.560000e+02
     vertex  1.261252e+01  0.000000e+00  1.504106e+02
   endloop
 endfacet
 facet normal  0.000000e+00 -1.000000e+00  0.000000e+00
   outer loop
     vertex  1.356195e+01  0.000000e+00  1.494932e+02
     vertex  1.320825e+01  0.000000e+00  1.388644e+02
     vertex  1.328716e+01  0.000000e+00  1.388878e+02
   endloop
 endfacet
 facet normal -0.000000e+00 -1.000000e+00  0.000000e+00
   outer loop
     vertex  1.356195e+01  0.000000e+00  1.494932e+02
     vertex  1.352081e+01  0.000000e+00  1.495085e+02
     vertex  1.320825e+01  0.000000e+00  1.388644e+02
   endloop
 endfacet
 facet normal -0.000000e+00 -1.000000e+00 -0.000000e+00
   outer loop
     vertex  1.258243e+01  0.000000e+00  1.504931e+02
     vertex  0.000000e+00  0.000000e+00  1.560000e+02
     vertex  1.259691e+01  0.000000e+00  1.504516e+02
   endloop
 endfacet
 facet normal  0.000000e+00 -1.000000e+00  0.000000e+00
   outer loop
     vertex  1.360349e+01  0.000000e+00  1.494790e+02
     vertex  1.328716e+01  0.000000e+00  1.388878e+02
     vertex  1.336669e+01  0.000000e+00  1.389090e+02
   endloop
 endfacet
 facet normal -0.000000e+00 -1.000000e+00  0.000000e+00
   outer loop
     vertex  1.360349e+01  0.000000e+00  1.494790e+02
     vertex  1.356195e+01  0.000000e+00  1.494932e+02
     vertex  1.328716e+01  0.000000e+00  1.388878e+02
   endloop
 endfacet
 facet normal -0.000000e+00 -1.000000e+00 -0.000000e+00
   outer loop
     vertex  1.256909e+01  0.000000e+00  1.505349e+02
     vertex  0.000000e+00  0.000000e+00  1.560000e+02
     vertex  1.258243e+01  0.000000e+00  1.504931e+02
   endloop
 endfacet
 facet normal -0.000000e+00 -1.000000e+00  0.000000e+00
   outer loop
     vertex  1.364540e+01  0.000000e+00  1.494659e+02
     vertex  1.360349e+01  0.000000e+00  1.494790e+02
     vertex  1.336669e+01  0.000000e+00  1.389090e+02
   endloop
 endfacet
 facet normal  0.000000e+00 -1.000000e+00  0.000000e+00
   outer loop
     vertex  1.364540e+01  0.000000e+00  1.494659e+02
     vertex  1.336669e+01  0.000000e+00  1.389090e+02
     vertex  1.344678e+01  0.000000e+00  1.389280e+02
   endloop
 endfacet
 facet normal -0.000000e+00 -1.000000e+00 -0.000000e+00
   outer loop
     vertex  1.255691e+01  0.000000e+00  1.505771e+02
     vertex  0.000000e+00  0.000000e+00  1.560000e+02
     vertex  1.256909e+01  0.000000e+00  1.505349e+02
   endloop
 endfacet
 facet normal  0.000000e+00 -1.000000e+00  0.000000e+00
   outer loop
     vertex  1.368766e+01  0.000000e+00  1.494540e+02
     vertex  1.344678e+01  0.000000e+00  1.389280e+02
     vertex  1.352735e+01  0.000000e+00  1.389448e+02
   endloop
 endfacet
 facet normal -0.000000e+00 -1.000000e+00  0.000000e+00
   outer loop
     vertex  1.368766e+01  0.000000e+00  1.494540e+02
     vertex  1.364540e+01  0.000000e+00  1.494659e+02
     vertex  1.344678e+01  0.000000e+00  1.389280e+02
   endloop
 endfacet
 facet normal -0.000000e+00 -1.000000e+00 -0.000000e+00
   outer loop
     vertex  1.254589e+01  0.000000e+00  1.506196e+02
     vertex  0.000000e+00  0.000000e+00  1.560000e+02
     vertex  1.255691e+01  0.000000e+00  1.505771e+02
   endloop
 endfacet
 facet normal -0.000000e+00 -1.000000e+00  0.000000e+00
   outer loop
     vertex  1.373022e+01  0.000000e+00  1.494433e+02
     vertex  1.368766e+01  0.000000e+00  1.494540e+02
     vertex  1.352735e+01  0.000000e+00  1.389448e+02
   endloop
 endfacet
 facet normal -0.000000e+00 -1.000000e+00 -0.000000e+00
   outer loop
     vertex  1.253604e+01  0.000000e+00  1.506623e+02
     vertex  0.000000e+00  0.000000e+00  1.560000e+02
     vertex  1.254589e+01  0.000000e+00  1.506196e+02
   endloop
 endfacet
 facet normal -0.000000e+00 -1.000000e+00  0.000000e+00
   outer loop
     vertex  1.377307e+01  0.000000e+00  1.494338e+02
     vertex  1.373022e+01  0.000000e+00  1.494433e+02
     vertex  1.352735e+01  0.000000e+00  1.389448e+02
   endloop
 endfacet
 facet normal  0.000000e+00 -1.000000e+00  0.000000e+00
   outer loop
     vertex  1.377307e+01  0.000000e+00  1.494338e+02
     vertex  1.352735e+01  0.000000e+00  1.389448e+02
     vertex  1.360835e+01  0.000000e+00  1.389594e+02
   endloop
 endfacet
 facet normal -0.000000e+00 -1.000000e+00 -0.000000e+00
   outer loop
     vertex  1.252736e+01  0.000000e+00  1.507054e+02
     vertex  0.000000e+00  0.000000e+00  1.560000e+02
     vertex  1.253604e+01  0.000000e+00  1.506623e+02
   endloop
 endfacet
 facet normal -0.000000e+00 -1.000000e+00  0.000000e+00
   outer loop
     vertex  1.381616e+01  0.000000e+00  1.494254e+02
     vertex  1.377307e+01  0.000000e+00  1.494338e+02
     vertex  1.360835e+01  0.000000e+00  1.389594e+02
   endloop
 endfacet
 facet normal  0.000000e+00 -1.000000e+00  0.000000e+00
   outer loop
     vertex  1.381616e+01  0.000000e+00  1.494254e+02
     vertex  1.360835e+01  0.000000e+00  1.389594e+02
     vertex  1.368973e+01  0.000000e+00  1.389718e+02
   endloop
 endfacet
 facet normal -0.000000e+00 -1.000000e+00 -0.000000e+00
   outer loop
     vertex  1.251987e+01  0.000000e+00  1.507486e+02
     vertex  0.000000e+00  0.000000e+00  1.560000e+02
     vertex  1.252736e+01  0.000000e+00  1.507054e+02
   endloop
 endfacet
 facet normal  0.000000e+00 -1.000000e+00  0.000000e+00
   outer loop
     vertex  1.385947e+01  0.000000e+00  1.494182e+02
     vertex  1.368973e+01  0.000000e+00  1.389718e+02
     vertex  1.377141e+01  0.000000e+00  1.389820e+02
   endloop
 endfacet
 facet normal -0.000000e+00 -1.000000e+00  0.000000e+00
   outer loop
     vertex  1.385947e+01  0.000000e+00  1.494182e+02
     vertex  1.381616e+01  0.000000e+00  1.494254e+02
     vertex  1.368973e+01  0.000000e+00  1.389718e+02
   endloop
 endfacet
 facet normal -0.000000e+00 -1.000000e+00 -0.000000e+00
   outer loop
     vertex  1.251357e+01  0.000000e+00  1.507921e+02
     vertex  0.000000e+00  0.000000e+00  1.560000e+02
     vertex  1.251987e+01  0.000000e+00  1.507486e+02
   endloop
 endfacet
 facet normal  0.000000e+00 -1.000000e+00  0.000000e+00
   outer loop
     vertex  1.390295e+01  0.000000e+00  1.494122e+02
     vertex  1.377141e+01  0.000000e+00  1.389820e+02
     vertex  1.385334e+01  0.000000e+00  1.389898e+02
   endloop
 endfacet
 facet normal -0.000000e+00 -1.000000e+00  0.000000e+00
   outer loop
     vertex  1.390295e+01  0.000000e+00  1.494122e+02
     vertex  1.385947e+01  0.000000e+00  1.494182e+02
     vertex  1.377141e+01  0.000000e+00  1.389820e+02
   endloop
 endfacet
 facet normal -0.000000e+00 -1.000000e+00 -0.000000e+00
   outer loop
     vertex  1.250846e+01  0.000000e+00  1.508357e+02
     vertex  0.000000e+00  0.000000e+00  1.560000e+02
     vertex  1.251357e+01  0.000000e+00  1.507921e+02
   endloop
 endfacet
 facet normal -0.000000e+00 -1.000000e+00  0.000000e+00
   outer loop
     vertex  1.394659e+01  0.000000e+00  1.494074e+02
     vertex  1.390295e+01  0.000000e+00  1.494122e+02
     vertex  1.385334e+01  0.000000e+00  1.389898e+02
   endloop
 endfacet
 facet normal  0.000000e+00 -1.000000e+00  0.000000e+00
   outer loop
     vertex  1.394659e+01  0.000000e+00  1.494074e+02
     vertex  1.385334e+01  0.000000e+00  1.389898e+02
     vertex  1.393546e+01  0.000000e+00  1.389955e+02
   endloop
 endfacet
 facet normal -0.000000e+00 -1.000000e+00 -0.000000e+00
   outer loop
     vertex  1.250455e+01  0.000000e+00  1.508794e+02
     vertex  0.000000e+00  0.000000e+00  1.560000e+02
     vertex  1.250846e+01  0.000000e+00  1.508357e+02
   endloop
 endfacet
 facet normal -0.000000e+00 -1.000000e+00  0.000000e+00
   outer loop
     vertex  1.399034e+01  0.000000e+00  1.494038e+02
     vertex  1.394659e+01  0.000000e+00  1.494074e+02
     vertex  1.393546e+01  0.000000e+00  1.389955e+02
   endloop
 endfacet
 facet normal -0.000000e+00 -1.000000e+00 -0.000000e+00
   outer loop
     vertex  1.250184e+01  0.000000e+00  1.509232e+02
     vertex  0.000000e+00  0.000000e+00  1.560000e+02
     vertex  1.250455e+01  0.000000e+00  1.508794e+02
   endloop
 endfacet
 facet normal  0.000000e+00 -1.000000e+00  0.000000e+00
   outer loop
     vertex  1.403417e+01  0.000000e+00  1.494014e+02
     vertex  1.393546e+01  0.000000e+00  1.389955e+02
     vertex  1.401770e+01  0.000000e+00  1.389989e+02
   endloop
 endfacet
 facet normal -0.000000e+00 -1.000000e+00  0.000000e+00
   outer loop
     vertex  1.403417e+01  0.000000e+00  1.494014e+02
     vertex  1.399034e+01  0.000000e+00  1.494038e+02
     vertex  1.393546e+01  0.000000e+00  1.389955e+02
   endloop
 endfacet
 facet normal -0.000000e+00 -1.000000e+00 -0.000000e+00
   outer loop
     vertex  1.250034e+01  0.000000e+00  1.509671e+02
     vertex  0.000000e+00  0.000000e+00  1.560000e+02
     vertex  1.250184e+01  0.000000e+00  1.509232e+02
   endloop
 endfacet
 facet normal  0.000000e+00 -1.000000e+00 -0.000000e+00
   outer loop
     vertex  1.407805e+01  0.000000e+00  1.494002e+02
     vertex  1.401770e+01  0.000000e+00  1.389989e+02
     vertex  1.410000e+01  0.000000e+00  1.390000e+02
   endloop
 endfacet
 facet normal -0.000000e+00 -1.000000e+00  0.000000e+00
   outer loop
     vertex  1.407805e+01  0.000000e+00  1.494002e+02
     vertex  1.403417e+01  0.000000e+00  1.494014e+02
     vertex  1.401770e+01  0.000000e+00  1.389989e+02
   endloop
 endfacet
 facet normal -0.000000e+00 -1.000000e+00 -0.000000e+00
   outer loop
     vertex  1.250004e+01  0.000000e+00  1.510110e+02
     vertex  0.000000e+00  0.000000e+00  1.560000e+02
     vertex  1.250034e+01  0.000000e+00  1.509671e+02
   endloop
 endfacet
 facet normal  0.000000e+00 -1.000000e+00 -0.000000e+00
   outer loop
     vertex  1.412195e+01  0.000000e+00  1.494002e+02
     vertex  1.410000e+01  0.000000e+00  1.390000e+02
     vertex  1.418230e+01  0.000000e+00  1.389989e+02
   endloop
 endfacet
 facet normal -0.000000e+00 -1.000000e+00  0.000000e+00
   outer loop
     vertex  1.412195e+01  0.000000e+00  1.494002e+02
     vertex  1.407805e+01  0.000000e+00  1.494002e+02
     vertex  1.410000e+01  0.000000e+00  1.390000e+02
   endloop
 endfacet
 facet normal -0.000000e+00 -1.000000e+00  0.000000e+00
   outer loop
     vertex  1.250094e+01  0.000000e+00  1.510549e+02
     vertex  0.000000e+00  0.000000e+00  1.560000e+02
     vertex  1.250004e+01  0.000000e+00  1.510110e+02
   endloop
 endfacet
 facet normal  0.000000e+00 -1.000000e+00 -0.000000e+00
   outer loop
     vertex  1.416583e+01  0.000000e+00  1.494014e+02
     vertex  1.412195e+01  0.000000e+00  1.494002e+02
     vertex  1.418230e+01  0.000000e+00  1.389989e+02
   endloop
 endfacet
 facet normal  0.000000e+00 -1.000000e+00  0.000000e+00
   outer loop
     vertex  1.416583e+01  0.000000e+00  1.494014e+02
     vertex  1.418230e+01  0.000000e+00  1.389989e+02
     vertex  1.426454e+01  0.000000e+00  1.389955e+02
   endloop
 endfacet
 facet normal -0.000000e+00 -1.000000e+00  0.000000e+00
   outer loop
     vertex  1.250305e+01  0.000000e+00  1.510987e+02
     vertex  0.000000e+00  0.000000e+00  1.560000e+02
     vertex  1.250094e+01  0.000000e+00  1.510549e+02
   endloop
 endfacet
 facet normal  0.000000e+00 -1.000000e+00 -0.000000e+00
   outer loop
     vertex  1.420966e+01  0.000000e+00  1.494038e+02
     vertex  1.416583e+01  0.000000e+00  1.494014e+02
     vertex  1.426454e+01  0.000000e+00  1.389955e+02
   endloop
 endfacet
 facet normal -0.000000e+00 -1.000000e+00  0.000000e+00
   outer loop
     vertex  1.250636e+01  0.000000e+00  1.511425e+02
     vertex  0.000000e+00  0.000000e+00  1.560000e+02
     vertex  1.250305e+01  0.000000e+00  1.510987e+02
   endloop
 endfacet
 facet normal  0.000000e+00 -1.000000e+00 -0.000000e+00
   outer loop
     vertex  1.425341e+01  0.000000e+00  1.494074e+02
     vertex  1.420966e+01  0.000000e+00  1.494038e+02
     vertex  1.426454e+01  0.000000e+00  1.389955e+02
   endloop
 endfacet
 facet normal  0.000000e+00 -1.000000e+00  0.000000e+00
   outer loop
     vertex  1.425341e+01  0.000000e+00  1.494074e+02
     vertex  1.426454e+01  0.000000e+00  1.389955e+02
     vertex  1.434666e+01  0.000000e+00  1.389898e+02
   endloop
 endfacet
 facet normal -0.000000e+00 -1.000000e+00  0.000000e+00
   outer loop
     vertex  1.251087e+01  0.000000e+00  1.511862e+02
     vertex  0.000000e+00  0.000000e+00  1.560000e+02
     vertex  1.250636e+01  0.000000e+00  1.511425e+02
   endloop
 endfacet
 facet normal  0.000000e+00 -1.000000e+00 -0.000000e+00
   outer loop
     vertex  1.429705e+01  0.000000e+00  1.494122e+02
     vertex  1.425341e+01  0.000000e+00  1.494074e+02
     vertex  1.434666e+01  0.000000e+00  1.389898e+02
   endloop
 endfacet
 facet normal  0.000000e+00 -1.000000e+00  0.000000e+00
   outer loop
     vertex  1.429705e+01  0.000000e+00  1.494122e+02
     vertex  1.434666e+01  0.000000e+00  1.389898e+02
     vertex  1.442859e+01  0.000000e+00  1.389820e+02
   endloop
 endfacet
 facet normal -0.000000e+00 -1.000000e+00  0.000000e+00
   outer loop
     vertex  1.251657e+01  0.000000e+00  1.512297e+02
     vertex  0.000000e+00  0.000000e+00  1.560000e+02
     vertex  1.251087e+01  0.000000e+00  1.511862e+02
   endloop
 endfacet
 facet normal  0.000000e+00 -1.000000e+00 -0.000000e+00
   outer loop
     vertex  1.434053e+01  0.000000e+00  1.494182e+02
     vertex  1.429705e+01  0.000000e+00  1.494122e+02
     vertex  1.442859e+01  0.000000e+00  1.389820e+02
   endloop
 endfacet
 facet normal  0.000000e+00 -1.000000e+00  0.000000e+00
   outer loop
     vertex  1.434053e+01  0.000000e+00  1.494182e+02
     vertex  1.442859e+01  0.000000e+00  1.389820e+02
     vertex  1.451027e+01  0.000000e+00  1.389718e+02
   endloop
 endfacet
 facet normal -0.000000e+00 -1.000000e+00  0.000000e+00
   outer loop
     vertex  1.252347e+01  0.000000e+00  1.512730e+02
     vertex  0.000000e+00  0.000000e+00  1.560000e+02
     vertex  1.251657e+01  0.000000e+00  1.512297e+02
   endloop
 endfacet
 facet normal  0.000000e+00 -1.000000e+00  0.000000e+00
   outer loop
     vertex  1.438384e+01  0.000000e+00  1.494254e+02
     vertex  1.451027e+01  0.000000e+00  1.389718e+02
     vertex  1.459165e+01  0.000000e+00  1.389594e+02
   endloop
 endfacet
 facet normal  0.000000e+00 -1.000000e+00 -0.000000e+00
   outer loop
     vertex  1.438384e+01  0.000000e+00  1.494254e+02
     vertex  1.434053e+01  0.000000e+00  1.494182e+02
     vertex  1.451027e+01  0.000000e+00  1.389718e+02
   endloop
 endfacet
 facet normal -0.000000e+00 -1.000000e+00  0.000000e+00
   outer loop
     vertex  1.253155e+01  0.000000e+00  1.513162e+02
     vertex  0.000000e+00  0.000000e+00  1.560000e+02
     vertex  1.252347e+01  0.000000e+00  1.512730e+02
   endloop
 endfacet
 facet normal  0.000000e+00 -1.000000e+00 -0.000000e+00
   outer loop
     vertex  1.442693e+01  0.000000e+00  1.494338e+02
     vertex  1.438384e+01  0.000000e+00  1.494254e+02
     vertex  1.459165e+01  0.000000e+00  1.389594e+02
   endloop
 endfacet
 facet normal  0.000000e+00 -1.000000e+00  0.000000e+00
   outer loop
     vertex  1.442693e+01  0.000000e+00  1.494338e+02
     vertex  1.459165e+01  0.000000e+00  1.389594e+02
     vertex  1.467265e+01  0.000000e+00  1.389448e+02
   endloop
 endfacet
 facet normal -0.000000e+00 -1.000000e+00  0.000000e+00
   outer loop
     vertex  1.254082e+01  0.000000e+00  1.513591e+02
     vertex  0.000000e+00  0.000000e+00  1.560000e+02
     vertex  1.253155e+01  0.000000e+00  1.513162e+02
   endloop
 endfacet
 facet normal  0.000000e+00 -1.000000e+00 -0.000000e+00
   outer loop
     vertex  1.446978e+01  0.000000e+00  1.494433e+02
     vertex  1.442693e+01  0.000000e+00  1.494338e+02
     vertex  1.467265e+01  0.000000e+00  1.389448e+02
   endloop
 endfacet
 facet normal -0.000000e+00 -1.000000e+00  0.000000e+00
   outer loop
     vertex  1.255125e+01  0.000000e+00  1.514017e+02
     vertex  0.000000e+00  0.000000e+00  1.560000e+02
     vertex  1.254082e+01  0.000000e+00  1.513591e+02
   endloop
 endfacet
 facet normal  0.000000e+00 -1.000000e+00 -0.000000e+00
   outer loop
     vertex  1.451234e+01  0.000000e+00  1.494540e+02
     vertex  1.446978e+01  0.000000e+00  1.494433e+02
     vertex  1.467265e+01  0.000000e+00  1.389448e+02
   endloop
 endfacet
 facet normal  0.000000e+00 -1.000000e+00  0.000000e+00
   outer loop
     vertex  1.451234e+01  0.000000e+00  1.494540e+02
     vertex  1.467265e+01  0.000000e+00  1.389448e+02
     vertex  1.475322e+01  0.000000e+00  1.389280e+02
   endloop
 endfacet
 facet normal -0.000000e+00 -1.000000e+00  0.000000e+00
   outer loop
     vertex  1.256286e+01  0.000000e+00  1.514441e+02
     vertex  0.000000e+00  0.000000e+00  1.560000e+02
     vertex  1.255125e+01  0.000000e+00  1.514017e+02
   endloop
 endfacet
 facet normal  0.000000e+00 -1.000000e+00  0.000000e+00
   outer loop
     vertex  1.455460e+01  0.000000e+00  1.494659e+02
     vertex  1.475322e+01  0.000000e+00  1.389280e+02
     vertex  1.483331e+01  0.000000e+00  1.389090e+02
   endloop
 endfacet
 facet normal  0.000000e+00 -1.000000e+00 -0.000000e+00
   outer loop
     vertex  1.455460e+01  0.000000e+00  1.494659e+02
     vertex  1.451234e+01  0.000000e+00  1.494540e+02
     vertex  1.475322e+01  0.000000e+00  1.389280e+02
   endloop
 endfacet
 facet normal -0.000000e+00 -1.000000e+00  0.000000e+00
   outer loop
     vertex  1.257562e+01  0.000000e+00  1.514861e+02
     vertex  0.000000e+00  0.000000e+00  1.560000e+02
     vertex  1.256286e+01  0.000000e+00  1.514441e+02
   endloop
 endfacet
 facet normal  0.000000e+00 -1.000000e+00  0.000000e+00
   outer loop
     vertex  1.459651e+01  0.000000e+00  1.494790e+02
     vertex  1.483331e+01  0.000000e+00  1.389090e+02
     vertex  1.491284e+01  0.000000e+00  1.388878e+02
   endloop
 endfacet
 facet normal  0.000000e+00 -1.000000e+00 -0.000000e+00
   outer loop
     vertex  1.459651e+01  0.000000e+00  1.494790e+02
     vertex  1.455460e+01  0.000000e+00  1.494659e+02
     vertex  1.483331e+01  0.000000e+00  1.389090e+02
   endloop
 endfacet
 facet normal -0.000000e+00 -1.000000e+00  0.000000e+00
   outer loop
     vertex  1.258953e+01  0.000000e+00  1.515277e+02
     vertex  0.000000e+00  0.000000e+00  1.560000e+02
     vertex  1.257562e+01  0.000000e+00  1.514861e+02
   endloop
 endfacet
 facet normal  0.000000e+00 -1.000000e+00  0.000000e+00
   outer loop
     vertex  1.463805e+01  0.000000e+00  1.494932e+02
     vertex  1.491284e+01  0.000000e+00  1.388878e+02
     vertex  1.499175e+01  0.000000e+00  1.388644e+02
   endloop
 endfacet
 facet normal  0.000000e+00 -1.000000e+00 -0.000000e+00
   outer loop
     vertex  1.463805e+01  0.000000e+00  1.494932e+02
     vertex  1.459651e+01  0.000000e+00  1.494790e+02
     vertex  1.491284e+01  0.000000e+00  1.388878e+02
   endloop
 endfacet
 facet normal -0.000000e+00 -1.000000e+00  0.000000e+00
   outer loop
     vertex  1.260457e+01  0.000000e+00  1.515689e+02
     vertex  0.000000e+00  0.000000e+00  1.560000e+02
     vertex  1.258953e+01  0.000000e+00  1.515277e+02
   endloop
 endfacet
 facet normal  0.000000e+00 -1.000000e+00  0.000000e+00
   outer loop
     vertex  1.467919e+01  0.000000e+00  1.495085e+02
     vertex  1.499175e+01  0.000000e+00  1.388644e+02
     vertex  1.507000e+01  0.000000e+00  1.388389e+02
   endloop
 endfacet
 facet normal  0.000000e+00 -1.000000e+00 -0.000000e+00
   outer loop
     vertex  1.467919e+01  0.000000e+00  1.495085e+02
     vertex  1.463805e+01  0.000000e+00  1.494932e+02
     vertex  1.499175e+01  0.000000e+00  1.388644e+02
   endloop
 endfacet
 facet normal -0.000000e+00 -1.000000e+00  0.000000e+00
   outer loop
     vertex  1.262074e+01  0.000000e+00  1.516098e+02
     vertex  0.000000e+00  0.000000e+00  1.560000e+02
     vertex  1.260457e+01  0.000000e+00  1.515689e+02
   endloop
 endfacet
 facet normal  0.000000e+00 -1.000000e+00 -0.000000e+00
   outer loop
     vertex  1.471989e+01  0.000000e+00  1.495250e+02
     vertex  1.467919e+01  0.000000e+00  1.495085e+02
     vertex  1.507000e+01  0.000000e+00  1.388389e+02
   endloop
 endfacet
 facet normal -0.000000e+00 -1.000000e+00  0.000000e+00
   outer loop
     vertex  1.263803e+01  0.000000e+00  1.516501e+02
     vertex  0.000000e+00  0.000000e+00  1.560000e+02
     vertex  1.262074e+01  0.000000e+00  1.516098e+02
   endloop
 endfacet
 facet normal  0.000000e+00 -1.000000e+00  0.000000e+00
   outer loop
     vertex  1.476012e+01  0.000000e+00  1.495425e+02
     vertex  1.507000e+01  0.000000e+00  1.388389e+02
     vertex  1.514752e+01  0.000000e+00  1.388112e+02
   endloop
 endfacet
 facet normal  0.000000e+00 -1.000000e+00 -0.000000e+00
   outer loop
     vertex  1.476012e+01  0.000000e+00  1.495425e+02
     vertex  1.471989e+01  0.000000e+00  1.495250e+02
     vertex  1.507000e+01  0.000000e+00  1.388389e+02
   endloop
 endfacet
 facet normal -0.000000e+00 -1.000000e+00  0.000000e+00
   outer loop
     vertex  1.265642e+01  0.000000e+00  1.516900e+02
     vertex  0.000000e+00  0.000000e+00  1.560000e+02
     vertex  1.263803e+01  0.000000e+00  1.516501e+02
   endloop
 endfacet
 facet normal  0.000000e+00 -1.000000e+00  0.000000e+00
   outer loop
     vertex  1.479986e+01  0.000000e+00  1.495612e+02
     vertex  1.514752e+01  0.000000e+00  1.388112e+02
     vertex  1.522424e+01  0.000000e+00  1.387814e+02
   endloop
 endfacet
 facet normal  0.000000e+00 -1.000000e+00 -0.000000e+00
   outer loop
     vertex  1.479986e+01  0.000000e+00  1.495612e+02
     vertex  1.476012e+01  0.000000e+00  1.495425e+02
     vertex  1.514752e+01  0.000000e+00  1.388112e+02
   endloop
 endfacet
 facet normal -0.000000e+00 -1.000000e+00  0.000000e+00
   outer loop
     vertex  1.267589e+01  0.000000e+00  1.517293e+02
     vertex  0.000000e+00  0.000000e+00  1.560000e+02
     vertex  1.265642e+01  0.000000e+00  1.516900e+02
   endloop
 endfacet
 facet normal  0.000000e+00 -1.000000e+00  0.000000e+00
   outer loop
     vertex  1.483907e+01  0.000000e+00  1.495809e+02
     vertex  1.522424e+01  0.000000e+00  1.387814e+02
     vertex  1.530013e+01  0.000000e+00  1.387495e+02
   endloop
 endfacet
 facet normal  0.000000e+00 -1.000000e+00 -0.000000e+00
   outer loop
     vertex  1.483907e+01  0.000000e+00  1.495809e+02
     vertex  1.479986e+01  0.000000e+00  1.495612e+02
     vertex  1.522424e+01  0.000000e+00  1.387814e+02
   endloop
 endfacet
 facet normal -0.000000e+00 -1.000000e+00  0.000000e+00
   outer loop
     vertex  1.269643e+01  0.000000e+00  1.517681e+02
     vertex  0.000000e+00  0.000000e+00  1.560000e+02
     vertex  1.267589e+01  0.000000e+00  1.517293e+02
   endloop
 endfacet
 facet normal  0.000000e+00 -1.000000e+00  0.000000e+00
   outer loop
     vertex  1.487772e+01  0.000000e+00  1.496017e+02
     vertex  1.530013e+01  0.000000e+00  1.387495e+02
     vertex  1.537510e+01  0.000000e+00  1.387155e+02
   endloop
 endfacet
 facet normal  0.000000e+00 -1.000000e+00 -0.000000e+00
   outer loop
     vertex  1.487772e+01  0.000000e+00  1.496017e+02
     vertex  1.483907e+01  0.000000e+00  1.495809e+02
     vertex  1.530013e+01  0.000000e+00  1.387495e+02
   endloop
 endfacet
 facet normal -0.000000e+00 -1.000000e+00  0.000000e+00
   outer loop
     vertex  1.271803e+01  0.000000e+00  1.518063e+02
     vertex  0.000000e+00  0.000000e+00  1.560000e+02
     vertex  1.269643e+01  0.000000e+00  1.517681e+02
   endloop
 endfacet
 facet normal  0.000000e+00 -1.000000e+00  0.000000e+00
   outer loop
     vertex  1.491579e+01  0.000000e+00  1.496236e+02
     vertex  1.537510e+01  0.000000e+00  1.387155e+02
     vertex  1.544912e+01  0.000000e+00  1.386795e+02
   endloop
 endfacet
 facet normal  0.000000e+00 -1.000000e+00 -0.000000e+00
   outer loop
     vertex  1.491579e+01  0.000000e+00  1.496236e+02
     vertex  1.487772e+01  0.000000e+00  1.496017e+02
     vertex  1.537510e+01  0.000000e+00  1.387155e+02
   endloop
 endfacet
 facet normal -0.000000e+00 -1.000000e+00  0.000000e+00
   outer loop
     vertex  1.274067e+01  0.000000e+00  1.518439e+02
     vertex  0.000000e+00  0.000000e+00  1.560000e+02
     vertex  1.271803e+01  0.000000e+00  1.518063e+02
   endloop
 endfacet
 facet normal  0.000000e+00 -1.000000e+00 -0.000000e+00
   outer loop
     vertex  1.495324e+01  0.000000e+00  1.496465e+02
     vertex  1.491579e+01  0.000000e+00  1.496236e+02
     vertex  1.544912e+01  0.000000e+00  1.386795e+02
   endloop
 endfacet
 facet normal  0.000000e+00 -1.000000e+00  0.000000e+00
   outer loop
     vertex  1.495324e+01  0.000000e+00  1.496465e+02
     vertex  1.544912e+01  0.000000e+00  1.386795e+02
     vertex  1.552212e+01  0.000000e+00  1.386415e+02
   endloop
 endfacet
 facet normal -0.000000e+00 -1.000000e+00  0.000000e+00
   outer loop
     vertex  1.276434e+01  0.000000e+00  1.518809e+02
     vertex  0.000000e+00  0.000000e+00  1.560000e+02
     vertex  1.274067e+01  0.000000e+00  1.518439e+02
   endloop
 endfacet
 facet normal  0.000000e+00 -1.000000e+00 -0.000000e+00
   outer loop
     vertex  1.499005e+01  0.000000e+00  1.496704e+02
     vertex  1.495324e+01  0.000000e+00  1.496465e+02
     vertex  1.552212e+01  0.000000e+00  1.386415e+02
   endloop
 endfacet
 facet normal -0.000000e+00 -1.000000e+00  0.000000e+00
   outer loop
     vertex  1.278901e+01  0.000000e+00  1.519172e+02
     vertex  0.000000e+00  0.000000e+00  1.560000e+02
     vertex  1.276434e+01  0.000000e+00  1.518809e+02
   endloop
 endfacet
 facet normal  0.000000e+00 -1.000000e+00 -0.000000e+00
   outer loop
     vertex  1.502619e+01  0.000000e+00  1.496953e+02
     vertex  1.499005e+01  0.000000e+00  1.496704e+02
     vertex  1.552212e+01  0.000000e+00  1.386415e+02
   endloop
 endfacet
 facet normal  0.000000e+00 -1.000000e+00  0.000000e+00
   outer loop
     vertex  1.502619e+01  0.000000e+00  1.496953e+02
     vertex  1.552212e+01  0.000000e+00  1.386415e+02
     vertex  1.559406e+01  0.000000e+00  1.386015e+02
   endloop
 endfacet
 facet normal -0.000000e+00 -1.000000e+00  0.000000e+00
   outer loop
     vertex  1.281466e+01  0.000000e+00  1.519528e+02
     vertex  0.000000e+00  0.000000e+00  1.560000e+02
     vertex  1.278901e+01  0.000000e+00  1.519172e+02
   endloop
 endfacet
 facet normal  0.000000e+00 -1.000000e+00  0.000000e+00
   outer loop
     vertex  1.506164e+01  0.000000e+00  1.497212e+02
     vertex  1.559406e+01  0.000000e+00  1.386015e+02
     vertex  1.566486e+01  0.000000e+00  1.385595e+02
   endloop
 endfacet
 facet normal  0.000000e+00 -1.000000e+00 -0.000000e+00
   outer loop
     vertex  1.506164e+01  0.000000e+00  1.497212e+02
     vertex  1.502619e+01  0.000000e+00  1.496953e+02
     vertex  1.559406e+01  0.000000e+00  1.386015e+02
   endloop
 endfacet
 facet normal -0.000000e+00 -1.000000e+00  0.000000e+00
   outer loop
     vertex  1.284129e+01  0.000000e+00  1.519877e+02
     vertex  0.000000e+00  0.000000e+00  1.560000e+02
     vertex  1.281466e+01  0.000000e+00  1.519528e+02
   endloop
 endfacet
 facet normal  0.000000e+00 -1.000000e+00 -0.000000e+00
   outer loop
     vertex  1.509636e+01  0.000000e+00  1.497481e+02
     vertex  1.506164e+01  0.000000e+00  1.497212e+02
     vertex  1.566486e+01  0.000000e+00  1.385595e+02
   endloop
 endfacet
 facet normal  0.000000e+00 -1.000000e+00  0.000000e+00
   outer loop
     vertex  1.509636e+01  0.000000e+00  1.497481e+02
     vertex  1.566486e+01  0.000000e+00  1.385595e+02
     vertex  1.573449e+01  0.000000e+00  1.385156e+02
   endloop
 endfacet
 facet normal -0.000000e+00 -1.000000e+00  0.000000e+00
   outer loop
     vertex  1.286886e+01  0.000000e+00  1.520219e+02
     vertex  0.000000e+00  0.000000e+00  1.560000e+02
     vertex  1.284129e+01  0.000000e+00  1.519877e+02
   endloop
 endfacet
 facet normal  0.000000e+00 -1.000000e+00 -0.000000e+00
   outer loop
     vertex  1.513033e+01  0.000000e+00  1.497759e+02
     vertex  1.509636e+01  0.000000e+00  1.497481e+02
     vertex  1.573449e+01  0.000000e+00  1.385156e+02
   endloop
 endfacet
 facet normal  0.000000e+00 -1.000000e+00  0.000000e+00
   outer loop
     vertex  1.513033e+01  0.000000e+00  1.497759e+02
     vertex  1.573449e+01  0.000000e+00  1.385156e+02
     vertex  1.580289e+01  0.000000e+00  1.384699e+02
   endloop
 endfacet
 facet normal -0.000000e+00 -1.000000e+00  0.000000e+00
   outer loop
     vertex  1.289736e+01  0.000000e+00  1.520553e+02
     vertex  0.000000e+00  0.000000e+00  1.560000e+02
     vertex  1.286886e+01  0.000000e+00  1.520219e+02
   endloop
 endfacet
 facet normal  0.000000e+00 -1.000000e+00 -0.000000e+00
   outer loop
     vertex  1.516352e+01  0.000000e+00  1.498046e+02
     vertex  1.513033e+01  0.000000e+00  1.497759e+02
     vertex  1.580289e+01  0.000000e+00  1.384699e+02
   endloop
 endfacet
 facet normal  0.000000e+00 -1.000000e+00  0.000000e+00
   outer loop
     vertex  1.516352e+01  0.000000e+00  1.498046e+02
     vertex  1.580289e+01  0.000000e+00  1.384699e+02
     vertex  1.587001e+01  0.000000e+00  1.384222e+02
   endloop
 endfacet
 facet normal -0.000000e+00 -1.000000e+00  0.000000e+00
   outer loop
     vertex  1.292676e+01  0.000000e+00  1.520879e+02
     vertex  0.000000e+00  0.000000e+00  1.560000e+02
     vertex  1.289736e+01  0.000000e+00  1.520553e+02
   endloop
 endfacet
 facet normal  0.000000e+00 -1.000000e+00 -0.000000e+00
   outer loop
     vertex  1.519592e+01  0.000000e+00  1.498343e+02
     vertex  1.516352e+01  0.000000e+00  1.498046e+02
     vertex  1.587001e+01  0.000000e+00  1.384222e+02
   endloop
 endfacet
 facet normal  0.000000e+00 -1.000000e+00  0.000000e+00
   outer loop
     vertex  1.519592e+01  0.000000e+00  1.498343e+02
     vertex  1.587001e+01  0.000000e+00  1.384222e+02
     vertex  1.593579e+01  0.000000e+00  1.383727e+02
   endloop
 endfacet
 facet normal -0.000000e+00 -1.000000e+00  0.000000e+00
   outer loop
     vertex  1.295705e+01  0.000000e+00  1.521197e+02
     vertex  0.000000e+00  0.000000e+00  1.560000e+02
     vertex  1.292676e+01  0.000000e+00  1.520879e+02
   endloop
 endfacet
 facet normal  0.000000e+00 -1.000000e+00 -0.000000e+00
   outer loop
     vertex  1.522748e+01  0.000000e+00  1.498648e+02
     vertex  1.519592e+01  0.000000e+00  1.498343e+02
     vertex  1.593579e+01  0.000000e+00  1.383727e+02
   endloop
 endfacet
 facet normal -0.000000e+00 -1.000000e+00  0.000000e+00
   outer loop
     vertex  1.298820e+01  0.000000e+00  1.521506e+02
     vertex  0.000000e+00  0.000000e+00  1.560000e+02
     vertex  1.295705e+01  0.000000e+00  1.521197e+02
   endloop
 endfacet
 facet normal  0.000000e+00 -1.000000e+00 -0.000000e+00
   outer loop
     vertex  1.525820e+01  0.000000e+00  1.498961e+02
     vertex  1.522748e+01  0.000000e+00  1.498648e+02
     vertex  1.593579e+01  0.000000e+00  1.383727e+02
   endloop
 endfacet
 facet normal  0.000000e+00 -1.000000e+00  0.000000e+00
   outer loop
     vertex  1.525820e+01  0.000000e+00  1.498961e+02
     vertex  1.593579e+01  0.000000e+00  1.383727e+02
     vertex  1.600020e+01  0.000000e+00  1.383215e+02
   endloop
 endfacet
 facet normal -0.000000e+00 -1.000000e+00  0.000000e+00
   outer loop
     vertex  1.302018e+01  0.000000e+00  1.521807e+02
     vertex  0.000000e+00  0.000000e+00  1.560000e+02
     vertex  1.298820e+01  0.000000e+00  1.521506e+02
   endloop
 endfacet
 facet normal  0.000000e+00 -1.000000e+00 -0.000000e+00
   outer loop
     vertex  1.528805e+01  0.000000e+00  1.499283e+02
     vertex  1.525820e+01  0.000000e+00  1.498961e+02
     vertex  1.600020e+01  0.000000e+00  1.383215e+02
   endloop
 endfacet
 facet normal  0.000000e+00 -1.000000e+00  0.000000e+00
   outer loop
     vertex  1.528805e+01  0.000000e+00  1.499283e+02
     vertex  1.600020e+01  0.000000e+00  1.383215e+02
     vertex  1.606317e+01  0.000000e+00  1.382685e+02
   endloop
 endfacet
 facet normal -0.000000e+00 -1.000000e+00  0.000000e+00
   outer loop
     vertex  1.305298e+01  0.000000e+00  1.522099e+02
     vertex  0.000000e+00  0.000000e+00  1.560000e+02
     vertex  1.302018e+01  0.000000e+00  1.521807e+02
   endloop
 endfacet
 facet normal  0.000000e+00 -1.000000e+00 -0.000000e+00
   outer loop
     vertex  1.531701e+01  0.000000e+00  1.499613e+02
     vertex  1.528805e+01  0.000000e+00  1.499283e+02
     vertex  1.606317e+01  0.000000e+00  1.382685e+02
   endloop
 endfacet
 facet normal  0.000000e+00 -1.000000e+00  0.000000e+00
   outer loop
     vertex  1.531701e+01  0.000000e+00  1.499613e+02
     vertex  1.606317e+01  0.000000e+00  1.382685e+02
     vertex  1.612466e+01  0.000000e+00  1.382138e+02
   endloop
 endfacet
 facet normal -0.000000e+00 -1.000000e+00  0.000000e+00
   outer loop
     vertex  1.308656e+01  0.000000e+00  1.522381e+02
     vertex  0.000000e+00  0.000000e+00  1.560000e+02
     vertex  1.305298e+01  0.000000e+00  1.522099e+02
   endloop
 endfacet
 facet normal  0.000000e+00 -1.000000e+00 -0.000000e+00
   outer loop
     vertex  1.534504e+01  0.000000e+00  1.499951e+02
     vertex  1.531701e+01  0.000000e+00  1.499613e+02
     vertex  1.612466e+01  0.000000e+00  1.382138e+02
   endloop
 endfacet
 facet normal  0.000000e+00 -1.000000e+00  0.000000e+00
   outer loop
     vertex  1.534504e+01  0.000000e+00  1.499951e+02
     vertex  1.612466e+01  0.000000e+00  1.382138e+02
     vertex  1.618463e+01  0.000000e+00  1.381574e+02
   endloop
 endfacet
 facet normal -0.000000e+00 -1.000000e+00  0.000000e+00
   outer loop
     vertex  1.312091e+01  0.000000e+00  1.522655e+02
     vertex  0.000000e+00  0.000000e+00  1.560000e+02
     vertex  1.308656e+01  0.000000e+00  1.522381e+02
   endloop
 endfacet
 facet normal  0.000000e+00 -1.000000e+00 -0.000000e+00
   outer loop
     vertex  1.537214e+01  0.000000e+00  1.500296e+02
     vertex  1.534504e+01  0.000000e+00  1.499951e+02
     vertex  1.618463e+01  0.000000e+00  1.381574e+02
   endloop
 endfacet
 facet normal  0.000000e+00 -1.000000e+00  0.000000e+00
   outer loop
     vertex  1.537214e+01  0.000000e+00  1.500296e+02
     vertex  1.618463e+01  0.000000e+00  1.381574e+02
     vertex  1.624303e+01  0.000000e+00  1.380994e+02
   endloop
 endfacet
 facet normal -0.000000e+00 -1.000000e+00  0.000000e+00
   outer loop
     vertex  1.315600e+01  0.000000e+00  1.522918e+02
     vertex  0.000000e+00  0.000000e+00  1.560000e+02
     vertex  1.312091e+01  0.000000e+00  1.522655e+02
   endloop
 endfacet
 facet normal  0.000000e+00 -1.000000e+00 -0.000000e+00
   outer loop
     vertex  1.539829e+01  0.000000e+00  1.500649e+02
     vertex  1.537214e+01  0.000000e+00  1.500296e+02
     vertex  1.624303e+01  0.000000e+00  1.380994e+02
   endloop
 endfacet
 facet normal  0.000000e+00 -1.000000e+00  0.000000e+00
   outer loop
     vertex  1.539829e+01  0.000000e+00  1.500649e+02
     vertex  1.624303e+01  0.000000e+00  1.380994e+02
     vertex  1.629982e+01  0.000000e+00  1.380398e+02
   endloop
 endfacet
 facet normal -0.000000e+00 -1.000000e+00  0.000000e+00
   outer loop
     vertex  1.319179e+01  0.000000e+00  1.523173e+02
     vertex  0.000000e+00  0.000000e+00  1.560000e+02
     vertex  1.315600e+01  0.000000e+00  1.522918e+02
   endloop
 endfacet
 facet normal  0.000000e+00 -1.000000e+00 -0.000000e+00
   outer loop
     vertex  1.542345e+01  0.000000e+00  1.501008e+02
     vertex  1.539829e+01  0.000000e+00  1.500649e+02
     vertex  1.629982e+01  0.000000e+00  1.380398e+02
   endloop
 endfacet
 facet normal  0.000000e+00 -1.000000e+00  0.000000e+00
   outer loop
     vertex  1.542345e+01  0.000000e+00  1.501008e+02
     vertex  1.629982e+01  0.000000e+00  1.380398e+02
     vertex  1.635495e+01  0.000000e+00  1.379787e+02
   endloop
 endfacet
 facet normal -0.000000e+00 -1.000000e+00  0.000000e+00
   outer loop
     vertex  1.322827e+01  0.000000e+00  1.523417e+02
     vertex  0.000000e+00  0.000000e+00  1.560000e+02
     vertex  1.319179e+01  0.000000e+00  1.523173e+02
   endloop
 endfacet
 facet normal  0.000000e+00 -1.000000e+00 -0.000000e+00
   outer loop
     vertex  1.544762e+01  0.000000e+00  1.501375e+02
     vertex  1.542345e+01  0.000000e+00  1.501008e+02
     vertex  1.635495e+01  0.000000e+00  1.379787e+02
   endloop
 endfacet
 facet normal  0.000000e+00 -1.000000e+00  0.000000e+00
   outer loop
     vertex  1.544762e+01  0.000000e+00  1.501375e+02
     vertex  1.635495e+01  0.000000e+00  1.379787e+02
     vertex  1.640839e+01  0.000000e+00  1.379161e+02
   endloop
 endfacet
 facet normal -0.000000e+00 -1.000000e+00  0.000000e+00
   outer loop
     vertex  1.326541e+01  0.000000e+00  1.523651e+02
     vertex  0.000000e+00  0.000000e+00  1.560000e+02
     vertex  1.322827e+01  0.000000e+00  1.523417e+02
   endloop
 endfacet
 facet normal  0.000000e+00 -1.000000e+00 -0.000000e+00
   outer loop
     vertex  1.547078e+01  0.000000e+00  1.501748e+02
     vertex  1.544762e+01  0.000000e+00  1.501375e+02
     vertex  1.640839e+01  0.000000e+00  1.379161e+02
   endloop
 endfacet
 facet normal -0.000000e+00 -1.000000e+00  0.000000e+00
   outer loop
     vertex  1.330317e+01  0.000000e+00  1.523875e+02
     vertex  0.000000e+00  0.000000e+00  1.560000e+02
     vertex  1.326541e+01  0.000000e+00  1.523651e+02
   endloop
 endfacet
 facet normal  0.000000e+00 -1.000000e+00 -0.000000e+00
   outer loop
     vertex  1.549290e+01  0.000000e+00  1.502127e+02
     vertex  1.547078e+01  0.000000e+00  1.501748e+02
     vertex  1.640839e+01  0.000000e+00  1.379161e+02
   endloop
 endfacet
 facet normal  0.000000e+00 -1.000000e+00  0.000000e+00
   outer loop
     vertex  1.549290e+01  0.000000e+00  1.502127e+02
     vertex  1.640839e+01  0.000000e+00  1.379161e+02
     vertex  1.646009e+01  0.000000e+00  1.378520e+02
   endloop
 endfacet
 facet normal -0.000000e+00 -1.000000e+00  0.000000e+00
   outer loop
     vertex  1.334153e+01  0.000000e+00  1.524088e+02
     vertex  0.000000e+00  0.000000e+00  1.560000e+02
     vertex  1.330317e+01  0.000000e+00  1.523875e+02
   endloop
 endfacet
 facet normal  0.000000e+00 -1.000000e+00  0.000000e+00
   outer loop
     vertex  1.551397e+01  0.000000e+00  1.502512e+02
     vertex  1.646009e+01  0.000000e+00  1.378520e+02
     vertex  1.651001e+01  0.000000e+00  1.377866e+02
   endloop
 endfacet
 facet normal  0.000000e+00 -1.000000e+00 -0.000000e+00
   outer loop
     vertex  1.551397e+01  0.000000e+00  1.502512e+02
     vertex  1.549290e+01  0.000000e+00  1.502127e+02
     vertex  1.646009e+01  0.000000e+00  1.378520e+02
   endloop
 endfacet
 facet normal -0.000000e+00 -1.000000e+00  0.000000e+00
   outer loop
     vertex  1.338047e+01  0.000000e+00  1.524291e+02
     vertex  0.000000e+00  0.000000e+00  1.560000e+02
     vertex  1.334153e+01  0.000000e+00  1.524088e+02
   endloop
 endfacet
 facet normal -0.000000e+00 -1.000000e+00  0.000000e+00
   outer loop
     vertex  1.341995e+01  0.000000e+00  1.524483e+02
     vertex  0.000000e+00  0.000000e+00  1.560000e+02
     vertex  1.338047e+01  0.000000e+00  1.524291e+02
   endloop
 endfacet
 facet normal -0.000000e+00 -1.000000e+00  0.000000e+00
   outer loop
     vertex  1.345993e+01  0.000000e+00  1.524664e+02
     vertex  0.000000e+00  0.000000e+00  1.560000e+02
     vertex  1.341995e+01  0.000000e+00  1.524483e+02
   endloop
 endfacet
 facet normal -0.000000e+00 -1.000000e+00  0.000000e+00
   outer loop
     vertex  1.350040e+01  0.000000e+00  1.524834e+02
     vertex  0.000000e+00  0.000000e+00  1.560000e+02
     vertex  1.345993e+01  0.000000e+00  1.524664e+02
   endloop
 endfacet
 facet normal -0.000000e+00 -1.000000e+00  0.000000e+00
   outer loop
     vertex  1.354132e+01  0.000000e+00  1.524993e+02
     vertex  0.000000e+00  0.000000e+00  1.560000e+02
     vertex  1.350040e+01  0.000000e+00  1.524834e+02
   endloop
 endfacet
 facet normal -0.000000e+00 -1.000000e+00  0.000000e+00
   outer loop
     vertex  1.358267e+01  0.000000e+00  1.525141e+02
     vertex  0.000000e+00  0.000000e+00  1.560000e+02
     vertex  1.354132e+01  0.000000e+00  1.524993e+02
   endloop
 endfacet
 facet normal -0.000000e+00 -1.000000e+00  0.000000e+00
   outer loop
     vertex  1.362440e+01  0.000000e+00  1.525277e+02
     vertex  0.000000e+00  0.000000e+00  1.560000e+02
     vertex  1.358267e+01  0.000000e+00  1.525141e+02
   endloop
 endfacet
 facet normal -0.000000e+00 -1.000000e+00  0.000000e+00
   outer loop
     vertex  1.366649e+01  0.000000e+00  1.525402e+02
     vertex  0.000000e+00  0.000000e+00  1.560000e+02
     vertex  1.362440e+01  0.000000e+00  1.525277e+02
   endloop
 endfacet
 facet normal -0.000000e+00 -1.000000e+00  0.000000e+00
   outer loop
     vertex  1.370890e+01  0.000000e+00  1.525515e+02
     vertex  0.000000e+00  0.000000e+00  1.560000e+02
     vertex  1.366649e+01  0.000000e+00  1.525402e+02
   endloop
 endfacet
 facet normal -0.000000e+00 -1.000000e+00  0.000000e+00
   outer loop
     vertex  1.375161e+01  0.000000e+00  1.525616e+02
     vertex  0.000000e+00  0.000000e+00  1.560000e+02
     vertex  1.370890e+01  0.000000e+00  1.525515e+02
   endloop
 endfacet
 facet normal -0.000000e+00 -1.000000e+00  0.000000e+00
   outer loop
     vertex  1.379459e+01  0.000000e+00  1.525706e+02
     vertex  0.000000e+00  0.000000e+00  1.560000e+02
     vertex  1.375161e+01  0.000000e+00  1.525616e+02
   endloop
 endfacet
 facet normal -0.000000e+00 -1.000000e+00  0.000000e+00
   outer loop
     vertex  1.383779e+01  0.000000e+00  1.525784e+02
     vertex  0.000000e+00  0.000000e+00  1.560000e+02
     vertex  1.379459e+01  0.000000e+00  1.525706e+02
   endloop
 endfacet
 facet normal -0.000000e+00 -1.000000e+00  0.000000e+00
   outer loop
     vertex  1.388119e+01  0.000000e+00  1.525850e+02
     vertex  0.000000e+00  0.000000e+00  1.560000e+02
     vertex  1.383779e+01  0.000000e+00  1.525784e+02
   endloop
 endfacet
 facet normal -0.000000e+00 -1.000000e+00  0.000000e+00
   outer loop
     vertex  1.392475e+01  0.000000e+00  1.525904e+02
     vertex  0.000000e+00  0.000000e+00  1.560000e+02
     vertex  1.388119e+01  0.000000e+00  1.525850e+02
   endloop
 endfacet
 facet normal -0.000000e+00 -1.000000e+00  0.000000e+00
   outer loop
     vertex  1.396845e+01  0.000000e+00  1.525946e+02
     vertex  0.000000e+00  0.000000e+00  1.560000e+02
     vertex  1.392475e+01  0.000000e+00  1.525904e+02
   endloop
 endfacet
 facet normal -0.000000e+00 -1.000000e+00  0.000000e+00
   outer loop
     vertex  1.401224e+01  0.000000e+00  1.525976e+02
     vertex  0.000000e+00  0.000000e+00  1.560000e+02
     vertex  1.396845e+01  0.000000e+00  1.525946e+02
   endloop
 endfacet
 facet normal -0.000000e+00 -1.000000e+00  0.000000e+00
   outer loop
     vertex  1.405611e+01  0.000000e+00  1.525994e+02
     vertex  0.000000e+00  0.000000e+00  1.560000e+02
     vertex  1.401224e+01  0.000000e+00  1.525976e+02
   endloop
 endfacet
 facet normal -0.000000e+00 -1.000000e+00  0.000000e+00
   outer loop
     vertex  1.410000e+01  0.000000e+00  1.526000e+02
     vertex  0.000000e+00  0.000000e+00  1.560000e+02
     vertex  1.405611e+01  0.000000e+00  1.525994e+02
   endloop
 endfacet
 facet normal  0.000000e+00 -1.000000e+00  0.000000e+00
   outer loop
     vertex  2.820000e+01  0.000000e+00  1.560000e+02
     vertex  1.701396e+01  0.000000e+00  1.352867e+02
     vertex  1.569695e+01  0.000000e+00  1.210987e+02
   endloop
 endfacet
 facet normal  0.000000e+00 -1.000000e+00  0.000000e+00
   outer loop
     vertex  2.820000e+01  0.000000e+00  1.560000e+02
     vertex  1.569695e+01  0.000000e+00  1.210987e+02
     vertex  1.569906e+01  0.000000e+00  1.210549e+02
   endloop
 endfacet
 facet normal  0.000000e+00 -1.000000e+00  0.000000e+00
   outer loop
     vertex  2.820000e+01  0.000000e+00  1.560000e+02
     vertex  1.569906e+01  0.000000e+00  1.210549e+02
     vertex  1.569996e+01  0.000000e+00  1.210110e+02
   endloop
 endfacet
 facet normal  0.000000e+00 -1.000000e+00  0.000000e+00
   outer loop
     vertex  2.820000e+01  0.000000e+00  1.560000e+02
     vertex  1.569996e+01  0.000000e+00  1.210110e+02
     vertex  1.569966e+01  0.000000e+00  1.209671e+02
   endloop
 endfacet
 facet normal  0.000000e+00 -1.000000e+00  0.000000e+00
   outer loop
     vertex  2.820000e+01  0.000000e+00  1.560000e+02
     vertex  1.569966e+01  0.000000e+00  1.209671e+02
     vertex  1.569816e+01  0.000000e+00  1.209232e+02
   endloop
 endfacet
 facet normal  0.000000e+00 -1.000000e+00  0.000000e+00
   outer loop
     vertex  2.820000e+01  0.000000e+00  1.560000e+02
     vertex  1.569816e+01  0.000000e+00  1.209232e+02
     vertex  1.569545e+01  0.000000e+00  1.208794e+02
   endloop
 endfacet
 facet normal  0.000000e+00 -1.000000e+00  0.000000e+00
   outer loop
     vertex  2.820000e+01  0.000000e+00  1.560000e+02
     vertex  1.569545e+01  0.000000e+00  1.208794e+02
     vertex  1.569154e+01  0.000000e+00  1.208357e+02
   endloop
 endfacet
 facet normal  0.000000e+00 -1.000000e+00  0.000000e+00
   outer loop
     vertex  2.820000e+01  0.000000e+00  1.560000e+02
     vertex  1.569154e+01  0.000000e+00  1.208357e+02
     vertex  1.568643e+01  0.000000e+00  1.207921e+02
   endloop
 endfacet
 facet normal  0.000000e+00 -1.000000e+00  0.000000e+00
   outer loop
     vertex  2.820000e+01  0.000000e+00  1.560000e+02
     vertex  1.651001e+01  0.000000e+00  1.377866e+02
     vertex  1.655811e+01  0.000000e+00  1.377198e+02
   endloop
 endfacet
 facet normal  0.000000e+00 -1.000000e+00  0.000000e+00
   outer loop
     vertex  2.820000e+01  0.000000e+00  1.560000e+02
     vertex  1.655811e+01  0.000000e+00  1.377198e+02
     vertex  1.660437e+01  0.000000e+00  1.376517e+02
   endloop
 endfacet
 facet normal  0.000000e+00 -1.000000e+00  0.000000e+00
   outer loop
     vertex  2.820000e+01  0.000000e+00  1.560000e+02
     vertex  1.660437e+01  0.000000e+00  1.376517e+02
     vertex  1.664874e+01  0.000000e+00  1.375824e+02
   endloop
 endfacet
 facet normal  0.000000e+00 -1.000000e+00  0.000000e+00
   outer loop
     vertex  2.820000e+01  0.000000e+00  1.560000e+02
     vertex  1.664874e+01  0.000000e+00  1.375824e+02
     vertex  1.669119e+01  0.000000e+00  1.375119e+02
   endloop
 endfacet
 facet normal  0.000000e+00 -1.000000e+00  0.000000e+00
   outer loop
     vertex  2.820000e+01  0.000000e+00  1.560000e+02
     vertex  1.669119e+01  0.000000e+00  1.375119e+02
     vertex  1.673169e+01  0.000000e+00  1.374402e+02
   endloop
 endfacet
 facet normal  0.000000e+00 -1.000000e+00  0.000000e+00
   outer loop
     vertex  2.820000e+01  0.000000e+00  1.560000e+02
     vertex  1.673169e+01  0.000000e+00  1.374402e+02
     vertex  1.677021e+01  0.000000e+00  1.373675e+02
   endloop
 endfacet
 facet normal  0.000000e+00 -1.000000e+00  0.000000e+00
   outer loop
     vertex  2.820000e+01  0.000000e+00  1.560000e+02
     vertex  1.677021e+01  0.000000e+00  1.373675e+02
     vertex  1.680672e+01  0.000000e+00  1.372937e+02
   endloop
 endfacet
 facet normal  0.000000e+00 -1.000000e+00  0.000000e+00
   outer loop
     vertex  2.820000e+01  0.000000e+00  1.560000e+02
     vertex  1.680672e+01  0.000000e+00  1.372937e+02
     vertex  1.684119e+01  0.000000e+00  1.372190e+02
   endloop
 endfacet
 facet normal  0.000000e+00 -1.000000e+00  0.000000e+00
   outer loop
     vertex  2.820000e+01  0.000000e+00  1.560000e+02
     vertex  1.684119e+01  0.000000e+00  1.372190e+02
     vertex  1.687360e+01  0.000000e+00  1.371433e+02
   endloop
 endfacet
 facet normal  0.000000e+00 -1.000000e+00  0.000000e+00
   outer loop
     vertex  2.820000e+01  0.000000e+00  1.560000e+02
     vertex  1.687360e+01  0.000000e+00  1.371433e+02
     vertex  1.690392e+01  0.000000e+00  1.370668e+02
   endloop
 endfacet
 facet normal  0.000000e+00 -1.000000e+00  0.000000e+00
   outer loop
     vertex  2.820000e+01  0.000000e+00  1.560000e+02
     vertex  1.690392e+01  0.000000e+00  1.370668e+02
     vertex  1.693214e+01  0.000000e+00  1.369894e+02
   endloop
 endfacet
 facet normal  0.000000e+00 -1.000000e+00  0.000000e+00
   outer loop
     vertex  2.820000e+01  0.000000e+00  1.560000e+02
     vertex  1.693214e+01  0.000000e+00  1.369894e+02
     vertex  1.695821e+01  0.000000e+00  1.369114e+02
   endloop
 endfacet
 facet normal  0.000000e+00 -1.000000e+00  0.000000e+00
   outer loop
     vertex  2.820000e+01  0.000000e+00  1.560000e+02
     vertex  1.695821e+01  0.000000e+00  1.369114e+02
     vertex  1.698214e+01  0.000000e+00  1.368326e+02
   endloop
 endfacet
 facet normal  0.000000e+00 -1.000000e+00  0.000000e+00
   outer loop
     vertex  2.820000e+01  0.000000e+00  1.560000e+02
     vertex  1.698214e+01  0.000000e+00  1.368326e+02
     vertex  1.700390e+01  0.000000e+00  1.367532e+02
   endloop
 endfacet
 facet normal  0.000000e+00 -1.000000e+00  0.000000e+00
   outer loop
     vertex  2.820000e+01  0.000000e+00  1.560000e+02
     vertex  1.700390e+01  0.000000e+00  1.367532e+02
     vertex  1.702347e+01  0.000000e+00  1.366733e+02
   endloop
 endfacet
 facet normal  0.000000e+00 -1.000000e+00  0.000000e+00
   outer loop
     vertex  2.820000e+01  0.000000e+00  1.560000e+02
     vertex  1.702347e+01  0.000000e+00  1.366733e+02
     vertex  1.704084e+01  0.000000e+00  1.365928e+02
   endloop
 endfacet
 facet normal  0.000000e+00 -1.000000e+00  0.000000e+00
   outer loop
     vertex  2.820000e+01  0.000000e+00  1.560000e+02
     vertex  1.704084e+01  0.000000e+00  1.365928e+02
     vertex  1.705600e+01  0.000000e+00  1.365119e+02
   endloop
 endfacet
 facet normal  0.000000e+00 -1.000000e+00  0.000000e+00
   outer loop
     vertex  2.820000e+01  0.000000e+00  1.560000e+02
     vertex  1.705600e+01  0.000000e+00  1.365119e+02
     vertex  1.706893e+01  0.000000e+00  1.364306e+02
   endloop
 endfacet
 facet normal  0.000000e+00 -1.000000e+00  0.000000e+00
   outer loop
     vertex  2.820000e+01  0.000000e+00  1.560000e+02
     vertex  1.706893e+01  0.000000e+00  1.364306e+02
     vertex  1.707963e+01  0.000000e+00  1.363490e+02
   endloop
 endfacet
 facet normal  0.000000e+00 -1.000000e+00  0.000000e+00
   outer loop
     vertex  2.820000e+01  0.000000e+00  1.560000e+02
     vertex  1.707963e+01  0.000000e+00  1.363490e+02
     vertex  1.708808e+01  0.000000e+00  1.362672e+02
   endloop
 endfacet
 facet normal  0.000000e+00 -1.000000e+00  0.000000e+00
   outer loop
     vertex  2.820000e+01  0.000000e+00  1.560000e+02
     vertex  1.708808e+01  0.000000e+00  1.362672e+02
     vertex  1.709429e+01  0.000000e+00  1.361851e+02
   endloop
 endfacet
 facet normal  0.000000e+00 -1.000000e+00  0.000000e+00
   outer loop
     vertex  2.820000e+01  0.000000e+00  1.560000e+02
     vertex  1.709429e+01  0.000000e+00  1.361851e+02
     vertex  1.709824e+01  0.000000e+00  1.361029e+02
   endloop
 endfacet
 facet normal  0.000000e+00 -1.000000e+00  0.000000e+00
   outer loop
     vertex  2.820000e+01  0.000000e+00  1.560000e+02
     vertex  1.709824e+01  0.000000e+00  1.361029e+02
     vertex  1.709993e+01  0.000000e+00  1.360206e+02
   endloop
 endfacet
 facet normal  0.000000e+00 -1.000000e+00  0.000000e+00
   outer loop
     vertex  2.820000e+01  0.000000e+00  1.560000e+02
     vertex  1.709993e+01  0.000000e+00  1.360206e+02
     vertex  1.709936e+01  0.000000e+00  1.359383e+02
   endloop
 endfacet
 facet normal  0.000000e+00 -1.000000e+00  0.000000e+00
   outer loop
     vertex  2.820000e+01  0.000000e+00  1.560000e+02
     vertex  1.709936e+01  0.000000e+00  1.359383e+02
     vertex  1.709654e+01  0.000000e+00  1.358560e+02
   endloop
 endfacet
 facet normal  0.000000e+00 -1.000000e+00  0.000000e+00
   outer loop
     vertex  2.820000e+01  0.000000e+00  1.560000e+02
     vertex  1.709654e+01  0.000000e+00  1.358560e+02
     vertex  1.709146e+01  0.000000e+00  1.357739e+02
   endloop
 endfacet
 facet normal  0.000000e+00 -1.000000e+00  0.000000e+00
   outer loop
     vertex  2.820000e+01  0.000000e+00  1.560000e+02
     vertex  1.709146e+01  0.000000e+00  1.357739e+02
     vertex  1.708413e+01  0.000000e+00  1.356919e+02
   endloop
 endfacet
 facet normal  0.000000e+00 -1.000000e+00  0.000000e+00
   outer loop
     vertex  2.820000e+01  0.000000e+00  1.560000e+02
     vertex  1.708413e+01  0.000000e+00  1.356919e+02
     vertex  1.707456e+01  0.000000e+00  1.356101e+02
   endloop
 endfacet
 facet normal  0.000000e+00 -1.000000e+00  0.000000e+00
   outer loop
     vertex  2.820000e+01  0.000000e+00  1.560000e+02
     vertex  1.707456e+01  0.000000e+00  1.356101e+02
     vertex  1.706274e+01  0.000000e+00  1.355287e+02
   endloop
 endfacet
 facet normal  0.000000e+00 -1.000000e+00  0.000000e+00
   outer loop
     vertex  2.820000e+01  0.000000e+00  1.560000e+02
     vertex  1.706274e+01  0.000000e+00  1.355287e+02
     vertex  1.704870e+01  0.000000e+00  1.354476e+02
   endloop
 endfacet
 facet normal  0.000000e+00 -1.000000e+00  0.000000e+00
   outer loop
     vertex  2.820000e+01  0.000000e+00  1.560000e+02
     vertex  1.704870e+01  0.000000e+00  1.354476e+02
     vertex  1.703243e+01  0.000000e+00  1.353669e+02
   endloop
 endfacet
 facet normal  0.000000e+00 -1.000000e+00  0.000000e+00
   outer loop
     vertex  2.820000e+01  0.000000e+00  1.560000e+02
     vertex  1.703243e+01  0.000000e+00  1.353669e+02
     vertex  1.701396e+01  0.000000e+00  1.352867e+02
   endloop
 endfacet
 facet normal -0.000000e+00 -1.000000e+00  0.000000e+00
   outer loop
     vertex  2.820000e+01  0.000000e+00  1.560000e+02
     vertex  0.000000e+00  0.000000e+00  1.560000e+02
     vertex  1.410000e+01  0.000000e+00  1.526000e+02
   endloop
 endfacet
 facet normal  0.000000e+00 -1.000000e+00  0.000000e+00
   outer loop
     vertex  2.820000e+01  0.000000e+00  1.560000e+02
     vertex  1.410000e+01  0.000000e+00  1.526000e+02
     vertex  1.414389e+01  0.000000e+00  1.525994e+02
   endloop
 endfacet
 facet normal  0.000000e+00 -1.000000e+00  0.000000e+00
   outer loop
     vertex  2.820000e+01  0.000000e+00  1.560000e+02
     vertex  1.414389e+01  0.000000e+00  1.525994e+02
     vertex  1.418776e+01  0.000000e+00  1.525976e+02
   endloop
 endfacet
 facet normal  0.000000e+00 -1.000000e+00  0.000000e+00
   outer loop
     vertex  2.820000e+01  0.000000e+00  1.560000e+02
     vertex  1.418776e+01  0.000000e+00  1.525976e+02
     vertex  1.423155e+01  0.000000e+00  1.525946e+02
   endloop
 endfacet
 facet normal  0.000000e+00 -1.000000e+00  0.000000e+00
   outer loop
     vertex  2.820000e+01  0.000000e+00  1.560000e+02
     vertex  1.423155e+01  0.000000e+00  1.525946e+02
     vertex  1.427525e+01  0.000000e+00  1.525904e+02
   endloop
 endfacet
 facet normal  0.000000e+00 -1.000000e+00  0.000000e+00
   outer loop
     vertex  2.820000e+01  0.000000e+00  1.560000e+02
     vertex  1.427525e+01  0.000000e+00  1.525904e+02
     vertex  1.431881e+01  0.000000e+00  1.525850e+02
   endloop
 endfacet
 facet normal  0.000000e+00 -1.000000e+00  0.000000e+00
   outer loop
     vertex  2.820000e+01  0.000000e+00  1.560000e+02
     vertex  1.431881e+01  0.000000e+00  1.525850e+02
     vertex  1.436221e+01  0.000000e+00  1.525784e+02
   endloop
 endfacet
 facet normal  0.000000e+00 -1.000000e+00  0.000000e+00
   outer loop
     vertex  2.820000e+01  0.000000e+00  1.560000e+02
     vertex  1.436221e+01  0.000000e+00  1.525784e+02
     vertex  1.440541e+01  0.000000e+00  1.525706e+02
   endloop
 endfacet
 facet normal  0.000000e+00 -1.000000e+00  0.000000e+00
   outer loop
     vertex  2.820000e+01  0.000000e+00  1.560000e+02
     vertex  1.440541e+01  0.000000e+00  1.525706e+02
     vertex  1.444839e+01  0.000000e+00  1.525616e+02
   endloop
 endfacet
 facet normal  0.000000e+00 -1.000000e+00  0.000000e+00
   outer loop
     vertex  2.820000e+01  0.000000e+00  1.560000e+02
     vertex  1.444839e+01  0.000000e+00  1.525616e+02
     vertex  1.449110e+01  0.000000e+00  1.525515e+02
   endloop
 endfacet
 facet normal  0.000000e+00 -1.000000e+00  0.000000e+00
   outer loop
     vertex  2.820000e+01  0.000000e+00  1.560000e+02
     vertex  1.449110e+01  0.000000e+00  1.525515e+02
     vertex  1.453351e+01  0.000000e+00  1.525402e+02
   endloop
 endfacet
 facet normal  0.000000e+00 -1.000000e+00  0.000000e+00
   outer loop
     vertex  2.820000e+01  0.000000e+00  1.560000e+02
     vertex  1.453351e+01  0.000000e+00  1.525402e+02
     vertex  1.457560e+01  0.000000e+00  1.525277e+02
   endloop
 endfacet
 facet normal  0.000000e+00 -1.000000e+00  0.000000e+00
   outer loop
     vertex  2.820000e+01  0.000000e+00  1.560000e+02
     vertex  1.457560e+01  0.000000e+00  1.525277e+02
     vertex  1.461733e+01  0.000000e+00  1.525141e+02
   endloop
 endfacet
 facet normal  0.000000e+00 -1.000000e+00  0.000000e+00
   outer loop
     vertex  2.820000e+01  0.000000e+00  1.560000e+02
     vertex  1.461733e+01  0.000000e+00  1.525141e+02
     vertex  1.465868e+01  0.000000e+00  1.524993e+02
   endloop
 endfacet
 facet normal  0.000000e+00 -1.000000e+00  0.000000e+00
   outer loop
     vertex  2.820000e+01  0.000000e+00  1.560000e+02
     vertex  1.465868e+01  0.000000e+00  1.524993e+02
     vertex  1.469960e+01  0.000000e+00  1.524834e+02
   endloop
 endfacet
 facet normal  0.000000e+00 -1.000000e+00  0.000000e+00
   outer loop
     vertex  2.820000e+01  0.000000e+00  1.560000e+02
     vertex  1.469960e+01  0.000000e+00  1.524834e+02
     vertex  1.474007e+01  0.000000e+00  1.524664e+02
   endloop
 endfacet
 facet normal  0.000000e+00 -1.000000e+00  0.000000e+00
   outer loop
     vertex  2.820000e+01  0.000000e+00  1.560000e+02
     vertex  1.474007e+01  0.000000e+00  1.524664e+02
     vertex  1.478005e+01  0.000000e+00  1.524483e+02
   endloop
 endfacet
 facet normal  0.000000e+00 -1.000000e+00  0.000000e+00
   outer loop
     vertex  2.820000e+01  0.000000e+00  1.560000e+02
     vertex  1.478005e+01  0.000000e+00  1.524483e+02
     vertex  1.481953e+01  0.000000e+00  1.524291e+02
   endloop
 endfacet
 facet normal  0.000000e+00 -1.000000e+00  0.000000e+00
   outer loop
     vertex  2.820000e+01  0.000000e+00  1.560000e+02
     vertex  1.481953e+01  0.000000e+00  1.524291e+02
     vertex  1.485847e+01  0.000000e+00  1.524088e+02
   endloop
 endfacet
 facet normal  0.000000e+00 -1.000000e+00  0.000000e+00
   outer loop
     vertex  2.820000e+01  0.000000e+00  1.560000e+02
     vertex  1.485847e+01  0.000000e+00  1.524088e+02
     vertex  1.489683e+01  0.000000e+00  1.523875e+02
   endloop
 endfacet
 facet normal  0.000000e+00 -1.000000e+00  0.000000e+00
   outer loop
     vertex  2.820000e+01  0.000000e+00  1.560000e+02
     vertex  1.489683e+01  0.000000e+00  1.523875e+02
     vertex  1.493459e+01  0.000000e+00  1.523651e+02
   endloop
 endfacet
 facet normal  0.000000e+00 -1.000000e+00  0.000000e+00
   outer loop
     vertex  2.820000e+01  0.000000e+00  1.560000e+02
     vertex  1.493459e+01  0.000000e+00  1.523651e+02
     vertex  1.497173e+01  0.000000e+00  1.523417e+02
   endloop
 endfacet
 facet normal  0.000000e+00 -1.000000e+00  0.000000e+00
   outer loop
     vertex  2.820000e+01  0.000000e+00  1.560000e+02
     vertex  1.497173e+01  0.000000e+00  1.523417e+02
     vertex  1.500821e+01  0.000000e+00  1.523173e+02
   endloop
 endfacet
 facet normal  0.000000e+00 -1.000000e+00  0.000000e+00
   outer loop
     vertex  2.820000e+01  0.000000e+00  1.560000e+02
     vertex  1.500821e+01  0.000000e+00  1.523173e+02
     vertex  1.504400e+01  0.000000e+00  1.522918e+02
   endloop
 endfacet
 facet normal  0.000000e+00 -1.000000e+00  0.000000e+00
   outer loop
     vertex  2.820000e+01  0.000000e+00  1.560000e+02
     vertex  1.504400e+01  0.000000e+00  1.522918e+02
     vertex  1.507909e+01  0.000000e+00  1.522655e+02
   endloop
 endfacet
 facet normal  0.000000e+00 -1.000000e+00  0.000000e+00
   outer loop
     vertex  2.820000e+01  0.000000e+00  1.560000e+02
     vertex  1.507909e+01  0.000000e+00  1.522655e+02
     vertex  1.511344e+01  0.000000e+00  1.522381e+02
   endloop
 endfacet
 facet normal  0.000000e+00 -1.000000e+00  0.000000e+00
   outer loop
     vertex  2.820000e+01  0.000000e+00  1.560000e+02
     vertex  1.511344e+01  0.000000e+00  1.522381e+02
     vertex  1.514702e+01  0.000000e+00  1.522099e+02
   endloop
 endfacet
 facet normal  0.000000e+00 -1.000000e+00  0.000000e+00
   outer loop
     vertex  2.820000e+01  0.000000e+00  1.560000e+02
     vertex  1.514702e+01  0.000000e+00  1.522099e+02
     vertex  1.517982e+01  0.000000e+00  1.521807e+02
   endloop
 endfacet
 facet normal  0.000000e+00 -1.000000e+00  0.000000e+00
   outer loop
     vertex  2.820000e+01  0.000000e+00  1.560000e+02
     vertex  1.517982e+01  0.000000e+00  1.521807e+02
     vertex  1.521180e+01  0.000000e+00  1.521506e+02
   endloop
 endfacet
 facet normal  0.000000e+00 -1.000000e+00  0.000000e+00
   outer loop
     vertex  2.820000e+01  0.000000e+00  1.560000e+02
     vertex  1.521180e+01  0.000000e+00  1.521506e+02
     vertex  1.524295e+01  0.000000e+00  1.521197e+02
   endloop
 endfacet
 facet normal  0.000000e+00 -1.000000e+00  0.000000e+00
   outer loop
     vertex  2.820000e+01  0.000000e+00  1.560000e+02
     vertex  1.524295e+01  0.000000e+00  1.521197e+02
     vertex  1.527324e+01  0.000000e+00  1.520879e+02
   endloop
 endfacet
 facet normal  0.000000e+00 -1.000000e+00  0.000000e+00
   outer loop
     vertex  2.820000e+01  0.000000e+00  1.560000e+02
     vertex  1.527324e+01  0.000000e+00  1.520879e+02
     vertex  1.530264e+01  0.000000e+00  1.520553e+02
   endloop
 endfacet
 facet normal  0.000000e+00 -1.000000e+00  0.000000e+00
   outer loop
     vertex  2.820000e+01  0.000000e+00  1.560000e+02
     vertex  1.530264e+01  0.000000e+00  1.520553e+02
     vertex  1.533114e+01  0.000000e+00  1.520219e+02
   endloop
 endfacet
 facet normal  0.000000e+00 -1.000000e+00  0.000000e+00
   outer loop
     vertex  2.820000e+01  0.000000e+00  1.560000e+02
     vertex  1.533114e+01  0.000000e+00  1.520219e+02
     vertex  1.535871e+01  0.000000e+00  1.519877e+02
   endloop
 endfacet
 facet normal  0.000000e+00 -1.000000e+00  0.000000e+00
   outer loop
     vertex  2.820000e+01  0.000000e+00  1.560000e+02
     vertex  1.535871e+01  0.000000e+00  1.519877e+02
     vertex  1.538534e+01  0.000000e+00  1.519528e+02
   endloop
 endfacet
 facet normal  0.000000e+00 -1.000000e+00  0.000000e+00
   outer loop
     vertex  2.820000e+01  0.000000e+00  1.560000e+02
     vertex  1.538534e+01  0.000000e+00  1.519528e+02
     vertex  1.541099e+01  0.000000e+00  1.519172e+02
   endloop
 endfacet
 facet normal  0.000000e+00 -1.000000e+00  0.000000e+00
   outer loop
     vertex  2.820000e+01  0.000000e+00  1.560000e+02
     vertex  1.541099e+01  0.000000e+00  1.519172e+02
     vertex  1.543566e+01  0.000000e+00  1.518809e+02
   endloop
 endfacet
 facet normal  0.000000e+00 -1.000000e+00  0.000000e+00
   outer loop
     vertex  2.820000e+01  0.000000e+00  1.560000e+02
     vertex  1.543566e+01  0.000000e+00  1.518809e+02
     vertex  1.545933e+01  0.000000e+00  1.518439e+02
   endloop
 endfacet
 facet normal  0.000000e+00 -1.000000e+00  0.000000e+00
   outer loop
     vertex  2.820000e+01  0.000000e+00  1.560000e+02
     vertex  1.545933e+01  0.000000e+00  1.518439e+02
     vertex  1.548197e+01  0.000000e+00  1.518063e+02
   endloop
 endfacet
 facet normal  0.000000e+00 -1.000000e+00  0.000000e+00
   outer loop
     vertex  2.820000e+01  0.000000e+00  1.560000e+02
     vertex  1.548197e+01  0.000000e+00  1.518063e+02
     vertex  1.550357e+01  0.000000e+00  1.517681e+02
   endloop
 endfacet
 facet normal  0.000000e+00 -1.000000e+00  0.000000e+00
   outer loop
     vertex  2.820000e+01  0.000000e+00  1.560000e+02
     vertex  1.550357e+01  0.000000e+00  1.517681e+02
     vertex  1.552411e+01  0.000000e+00  1.517293e+02
   endloop
 endfacet
 facet normal  0.000000e+00 -1.000000e+00  0.000000e+00
   outer loop
     vertex  2.820000e+01  0.000000e+00  1.560000e+02
     vertex  1.552411e+01  0.000000e+00  1.517293e+02
     vertex  1.554358e+01  0.000000e+00  1.516900e+02
   endloop
 endfacet
 facet normal  0.000000e+00 -1.000000e+00  0.000000e+00
   outer loop
     vertex  2.820000e+01  0.000000e+00  1.560000e+02
     vertex  1.554358e+01  0.000000e+00  1.516900e+02
     vertex  1.556197e+01  0.000000e+00  1.516501e+02
   endloop
 endfacet
 facet normal  0.000000e+00 -1.000000e+00  0.000000e+00
   outer loop
     vertex  2.820000e+01  0.000000e+00  1.560000e+02
     vertex  1.556197e+01  0.000000e+00  1.516501e+02
     vertex  1.557926e+01  0.000000e+00  1.516098e+02
   endloop
 endfacet
 facet normal  0.000000e+00 -1.000000e+00  0.000000e+00
   outer loop
     vertex  2.820000e+01  0.000000e+00  1.560000e+02
     vertex  1.557926e+01  0.000000e+00  1.516098e+02
     vertex  1.559543e+01  0.000000e+00  1.515689e+02
   endloop
 endfacet
 facet normal  0.000000e+00 -1.000000e+00  0.000000e+00
   outer loop
     vertex  2.820000e+01  0.000000e+00  1.560000e+02
     vertex  1.559543e+01  0.000000e+00  1.515689e+02
     vertex  1.561047e+01  0.000000e+00  1.515277e+02
   endloop
 endfacet
 facet normal  0.000000e+00 -1.000000e+00  0.000000e+00
   outer loop
     vertex  2.820000e+01  0.000000e+00  1.560000e+02
     vertex  1.561047e+01  0.000000e+00  1.515277e+02
     vertex  1.562438e+01  0.000000e+00  1.514861e+02
   endloop
 endfacet
 facet normal  0.000000e+00 -1.000000e+00  0.000000e+00
   outer loop
     vertex  2.820000e+01  0.000000e+00  1.560000e+02
     vertex  1.562438e+01  0.000000e+00  1.514861e+02
     vertex  1.563714e+01  0.000000e+00  1.514441e+02
   endloop
 endfacet
 facet normal  0.000000e+00 -1.000000e+00  0.000000e+00
   outer loop
     vertex  2.820000e+01  0.000000e+00  1.560000e+02
     vertex  1.563714e+01  0.000000e+00  1.514441e+02
     vertex  1.564875e+01  0.000000e+00  1.514017e+02
   endloop
 endfacet
 facet normal  0.000000e+00 -1.000000e+00  0.000000e+00
   outer loop
     vertex  2.820000e+01  0.000000e+00  1.560000e+02
     vertex  1.564875e+01  0.000000e+00  1.514017e+02
     vertex  1.565918e+01  0.000000e+00  1.513591e+02
   endloop
 endfacet
 facet normal  0.000000e+00 -1.000000e+00  0.000000e+00
   outer loop
     vertex  2.820000e+01  0.000000e+00  1.560000e+02
     vertex  1.565918e+01  0.000000e+00  1.513591e+02
     vertex  1.566845e+01  0.000000e+00  1.513162e+02
   endloop
 endfacet
 facet normal  0.000000e+00 -1.000000e+00  0.000000e+00
   outer loop
     vertex  2.820000e+01  0.000000e+00  1.560000e+02
     vertex  1.566845e+01  0.000000e+00  1.513162e+02
     vertex  1.567653e+01  0.000000e+00  1.512730e+02
   endloop
 endfacet
 facet normal  0.000000e+00 -1.000000e+00  0.000000e+00
   outer loop
     vertex  2.820000e+01  0.000000e+00  1.560000e+02
     vertex  1.567653e+01  0.000000e+00  1.512730e+02
     vertex  1.568343e+01  0.000000e+00  1.512297e+02
   endloop
 endfacet
 facet normal  0.000000e+00 -1.000000e+00  0.000000e+00
   outer loop
     vertex  2.820000e+01  0.000000e+00  1.560000e+02
     vertex  1.568343e+01  0.000000e+00  1.512297e+02
     vertex  1.568913e+01  0.000000e+00  1.511862e+02
   endloop
 endfacet
 facet normal  0.000000e+00 -1.000000e+00  0.000000e+00
   outer loop
     vertex  2.820000e+01  0.000000e+00  1.560000e+02
     vertex  1.568913e+01  0.000000e+00  1.511862e+02
     vertex  1.569364e+01  0.000000e+00  1.511425e+02
   endloop
 endfacet
 facet normal  0.000000e+00 -1.000000e+00  0.000000e+00
   outer loop
     vertex  2.820000e+01  0.000000e+00  1.560000e+02
     vertex  1.569364e+01  0.000000e+00  1.511425e+02
     vertex  1.569695e+01  0.000000e+00  1.510987e+02
   endloop
 endfacet
 facet normal  0.000000e+00 -1.000000e+00  0.000000e+00
   outer loop
     vertex  2.820000e+01  0.000000e+00  1.560000e+02
     vertex  1.569695e+01  0.000000e+00  1.510987e+02
     vertex  1.569906e+01  0.000000e+00  1.510549e+02
   endloop
 endfacet
 facet normal  0.000000e+00 -1.000000e+00  0.000000e+00
   outer loop
     vertex  2.820000e+01  0.000000e+00  1.560000e+02
     vertex  1.569906e+01  0.000000e+00  1.510549e+02
     vertex  1.569996e+01  0.000000e+00  1.510110e+02
   endloop
 endfacet
 facet normal  0.000000e+00 -1.000000e+00  0.000000e+00
   outer loop
     vertex  2.820000e+01  0.000000e+00  1.560000e+02
     vertex  1.569996e+01  0.000000e+00  1.510110e+02
     vertex  1.569966e+01  0.000000e+00  1.509671e+02
   endloop
 endfacet
 facet normal  0.000000e+00 -1.000000e+00  0.000000e+00
   outer loop
     vertex  2.820000e+01  0.000000e+00  1.560000e+02
     vertex  1.569966e+01  0.000000e+00  1.509671e+02
     vertex  1.569816e+01  0.000000e+00  1.509232e+02
   endloop
 endfacet
 facet normal  0.000000e+00 -1.000000e+00  0.000000e+00
   outer loop
     vertex  2.820000e+01  0.000000e+00  1.560000e+02
     vertex  1.569816e+01  0.000000e+00  1.509232e+02
     vertex  1.569545e+01  0.000000e+00  1.508794e+02
   endloop
 endfacet
 facet normal  0.000000e+00 -1.000000e+00  0.000000e+00
   outer loop
     vertex  2.820000e+01  0.000000e+00  1.560000e+02
     vertex  1.569545e+01  0.000000e+00  1.508794e+02
     vertex  1.569154e+01  0.000000e+00  1.508357e+02
   endloop
 endfacet
 facet normal  0.000000e+00 -1.000000e+00  0.000000e+00
   outer loop
     vertex  2.820000e+01  0.000000e+00  1.560000e+02
     vertex  1.569154e+01  0.000000e+00  1.508357e+02
     vertex  1.568643e+01  0.000000e+00  1.507921e+02
   endloop
 endfacet
 facet normal  0.000000e+00 -1.000000e+00  0.000000e+00
   outer loop
     vertex  2.820000e+01  0.000000e+00  1.560000e+02
     vertex  1.568643e+01  0.000000e+00  1.507921e+02
     vertex  1.568013e+01  0.000000e+00  1.507486e+02
   endloop
 endfacet
 facet normal  0.000000e+00 -1.000000e+00  0.000000e+00
   outer loop
     vertex  2.820000e+01  0.000000e+00  1.560000e+02
     vertex  1.568013e+01  0.000000e+00  1.507486e+02
     vertex  1.567264e+01  0.000000e+00  1.507054e+02
   endloop
 endfacet
 facet normal  0.000000e+00 -1.000000e+00  0.000000e+00
   outer loop
     vertex  2.820000e+01  0.000000e+00  1.560000e+02
     vertex  1.567264e+01  0.000000e+00  1.507054e+02
     vertex  1.566396e+01  0.000000e+00  1.506623e+02
   endloop
 endfacet
 facet normal  0.000000e+00 -1.000000e+00  0.000000e+00
   outer loop
     vertex  2.820000e+01  0.000000e+00  1.560000e+02
     vertex  1.566396e+01  0.000000e+00  1.506623e+02
     vertex  1.565411e+01  0.000000e+00  1.506196e+02
   endloop
 endfacet
 facet normal  0.000000e+00 -1.000000e+00  0.000000e+00
   outer loop
     vertex  2.820000e+01  0.000000e+00  1.560000e+02
     vertex  1.565411e+01  0.000000e+00  1.506196e+02
     vertex  1.564309e+01  0.000000e+00  1.505771e+02
   endloop
 endfacet
 facet normal  0.000000e+00 -1.000000e+00  0.000000e+00
   outer loop
     vertex  2.820000e+01  0.000000e+00  1.560000e+02
     vertex  1.564309e+01  0.000000e+00  1.505771e+02
     vertex  1.563091e+01  0.000000e+00  1.505349e+02
   endloop
 endfacet
 facet normal  0.000000e+00 -1.000000e+00  0.000000e+00
   outer loop
     vertex  2.820000e+01  0.000000e+00  1.560000e+02
     vertex  1.563091e+01  0.000000e+00  1.505349e+02
     vertex  1.561757e+01  0.000000e+00  1.504931e+02
   endloop
 endfacet
 facet normal  0.000000e+00 -1.000000e+00  0.000000e+00
   outer loop
     vertex  2.820000e+01  0.000000e+00  1.560000e+02
     vertex  1.561757e+01  0.000000e+00  1.504931e+02
     vertex  1.560309e+01  0.000000e+00  1.504516e+02
   endloop
 endfacet
 facet normal  0.000000e+00 -1.000000e+00  0.000000e+00
   outer loop
     vertex  2.820000e+01  0.000000e+00  1.560000e+02
     vertex  1.560309e+01  0.000000e+00  1.504516e+02
     vertex  1.558748e+01  0.000000e+00  1.504106e+02
   endloop
 endfacet
 facet normal  0.000000e+00 -1.000000e+00  0.000000e+00
   outer loop
     vertex  2.820000e+01  0.000000e+00  1.560000e+02
     vertex  1.558748e+01  0.000000e+00  1.504106e+02
     vertex  1.557075e+01  0.000000e+00  1.503700e+02
   endloop
 endfacet
 facet normal  0.000000e+00 -1.000000e+00  0.000000e+00
   outer loop
     vertex  2.820000e+01  0.000000e+00  1.560000e+02
     vertex  1.557075e+01  0.000000e+00  1.503700e+02
     vertex  1.555291e+01  0.000000e+00  1.503299e+02
   endloop
 endfacet
 facet normal  0.000000e+00 -1.000000e+00  0.000000e+00
   outer loop
     vertex  2.820000e+01  0.000000e+00  1.560000e+02
     vertex  1.555291e+01  0.000000e+00  1.503299e+02
     vertex  1.553398e+01  0.000000e+00  1.502903e+02
   endloop
 endfacet
 facet normal  0.000000e+00 -1.000000e+00  0.000000e+00
   outer loop
     vertex  2.820000e+01  0.000000e+00  1.560000e+02
     vertex  1.553398e+01  0.000000e+00  1.502903e+02
     vertex  1.551397e+01  0.000000e+00  1.502512e+02
   endloop
 endfacet
 facet normal  0.000000e+00 -1.000000e+00  0.000000e+00
   outer loop
     vertex  2.820000e+01  0.000000e+00  1.560000e+02
     vertex  1.551397e+01  0.000000e+00  1.502512e+02
     vertex  1.651001e+01  0.000000e+00  1.377866e+02
   endloop
 endfacet
 facet normal  0.000000e+00 -1.000000e+00 -0.000000e+00
   outer loop
     vertex  2.820000e+01  0.000000e+00  1.560000e+02
     vertex  1.568643e+01  0.000000e+00  1.207921e+02
     vertex  2.820000e+01  0.000000e+00  0.000000e+00
   endloop
 endfacet
 facet normal  0.000000e+00 -1.000000e+00 -0.000000e+00
   outer loop
     vertex  1.568643e+01  0.000000e+00  1.207921e+02
     vertex  1.568013e+01  0.000000e+00  1.207486e+02
     vertex  2.820000e+01  0.000000e+00  0.000000e+00
   endloop
 endfacet
 facet normal  0.000000e+00 -1.000000e+00 -0.000000e+00
   outer loop
     vertex  1.568013e+01  0.000000e+00  1.207486e+02
     vertex  1.567264e+01  0.000000e+00  1.207054e+02
     vertex  2.820000e+01  0.000000e+00  0.000000e+00
   endloop
 endfacet
 facet normal  0.000000e+00 -1.000000e+00 -0.000000e+00
   outer loop
     vertex  1.567264e+01  0.000000e+00  1.207054e+02
     vertex  1.566396e+01  0.000000e+00  1.206623e+02
     vertex  2.820000e+01  0.000000e+00  0.000000e+00
   endloop
 endfacet
 facet normal  0.000000e+00 -1.000000e+00 -0.000000e+00
   outer loop
     vertex  1.566396e+01  0.000000e+00  1.206623e+02
     vertex  1.565411e+01  0.000000e+00  1.206196e+02
     vertex  2.820000e+01  0.000000e+00  0.000000e+00
   endloop
 endfacet
 facet normal  0.000000e+00 -1.000000e+00 -0.000000e+00
   outer loop
     vertex  1.565411e+01  0.000000e+00  1.206196e+02
     vertex  1.564309e+01  0.000000e+00  1.205771e+02
     vertex  2.820000e+01  0.000000e+00  0.000000e+00
   endloop
 endfacet
 facet normal  0.000000e+00 -1.000000e+00 -0.000000e+00
   outer loop
     vertex  1.564309e+01  0.000000e+00  1.205771e+02
     vertex  1.563091e+01  0.000000e+00  1.205349e+02
     vertex  2.820000e+01  0.000000e+00  0.000000e+00
   endloop
 endfacet
 facet normal  0.000000e+00 -1.000000e+00 -0.000000e+00
   outer loop
     vertex  1.563091e+01  0.000000e+00  1.205349e+02
     vertex  1.561757e+01  0.000000e+00  1.204931e+02
     vertex  2.820000e+01  0.000000e+00  0.000000e+00
   endloop
 endfacet
 facet normal  0.000000e+00 -1.000000e+00 -0.000000e+00
   outer loop
     vertex  1.561757e+01  0.000000e+00  1.204931e+02
     vertex  1.560309e+01  0.000000e+00  1.204516e+02
     vertex  2.820000e+01  0.000000e+00  0.000000e+00
   endloop
 endfacet
 facet normal  0.000000e+00 -1.000000e+00 -0.000000e+00
   outer loop
     vertex  1.560309e+01  0.000000e+00  1.204516e+02
     vertex  1.558748e+01  0.000000e+00  1.204106e+02
     vertex  2.820000e+01  0.000000e+00  0.000000e+00
   endloop
 endfacet
 facet normal  0.000000e+00 -1.000000e+00 -0.000000e+00
   outer loop
     vertex  1.558748e+01  0.000000e+00  1.204106e+02
     vertex  1.557075e+01  0.000000e+00  1.203700e+02
     vertex  2.820000e+01  0.000000e+00  0.000000e+00
   endloop
 endfacet
 facet normal  0.000000e+00 -1.000000e+00 -0.000000e+00
   outer loop
     vertex  1.557075e+01  0.000000e+00  1.203700e+02
     vertex  1.555291e+01  0.000000e+00  1.203299e+02
     vertex  2.820000e+01  0.000000e+00  0.000000e+00
   endloop
 endfacet
 facet normal  0.000000e+00 -1.000000e+00 -0.000000e+00
   outer loop
     vertex  1.555291e+01  0.000000e+00  1.203299e+02
     vertex  1.553398e+01  0.000000e+00  1.202903e+02
     vertex  2.820000e+01  0.000000e+00  0.000000e+00
   endloop
 endfacet
 facet normal  0.000000e+00 -1.000000e+00 -0.000000e+00
   outer loop
     vertex  1.553398e+01  0.000000e+00  1.202903e+02
     vertex  1.551397e+01  0.000000e+00  1.202512e+02
     vertex  2.820000e+01  0.000000e+00  0.000000e+00
   endloop
 endfacet
 facet normal  0.000000e+00 -1.000000e+00 -0.000000e+00
   outer loop
     vertex  1.551397e+01  0.000000e+00  1.202512e+02
     vertex  1.549290e+01  0.000000e+00  1.202127e+02
     vertex  2.820000e+01  0.000000e+00  0.000000e+00
   endloop
 endfacet
 facet normal  0.000000e+00 -1.000000e+00 -0.000000e+00
   outer loop
     vertex  1.549290e+01  0.000000e+00  1.202127e+02
     vertex  1.547078e+01  0.000000e+00  1.201748e+02
     vertex  2.820000e+01  0.000000e+00  0.000000e+00
   endloop
 endfacet
 facet normal  0.000000e+00 -1.000000e+00 -0.000000e+00
   outer loop
     vertex  1.547078e+01  0.000000e+00  1.201748e+02
     vertex  1.544762e+01  0.000000e+00  1.201375e+02
     vertex  2.820000e+01  0.000000e+00  0.000000e+00
   endloop
 endfacet
 facet normal  0.000000e+00 -1.000000e+00 -0.000000e+00
   outer loop
     vertex  1.544762e+01  0.000000e+00  1.201375e+02
     vertex  1.542345e+01  0.000000e+00  1.201008e+02
     vertex  2.820000e+01  0.000000e+00  0.000000e+00
   endloop
 endfacet
 facet normal  0.000000e+00  0.000000e+00  1.000000e+00
   outer loop
     vertex  2.820000e+01  8.000000e+00  1.560000e+02
     vertex  0.000000e+00  8.000000e+00  1.560000e+02
     vertex  0.000000e+00  0.000000e+00  1.560000e+02
   endloop
 endfacet
 facet normal  0.000000e+00  0.000000e+00  1.000000e+00
   outer loop
     vertex  2.820000e+01  8.000000e+00  1.560000e+02
     vertex  0.000000e+00  0.000000e+00  1.560000e+02
     vertex  2.820000e+01  0.000000e+00  1.560000e+02
   endloop
 endfacet
 facet normal  0.000000e+00  1.000000e+00  0.000000e+00
   outer loop
     vertex  1.294180e+01  8.000000e+00  1.198961e+02
     vertex  1.297252e+01  8.000000e+00  1.198648e+02
     vertex  0.000000e+00  8.000000e+00  0.000000e+00
   endloop
 endfacet
 facet normal  0.000000e+00  1.000000e+00  0.000000e+00
   outer loop
     vertex  1.300408e+01  8.000000e+00  1.198343e+02
     vertex  0.000000e+00  8.000000e+00  0.000000e+00
     vertex  1.297252e+01  8.000000e+00  1.198648e+02
   endloop
 endfacet
 facet normal  0.000000e+00  1.000000e+00  0.000000e+00
   outer loop
     vertex  1.291195e+01  8.000000e+00  1.199283e+02
     vertex  1.294180e+01  8.000000e+00  1.198961e+02
     vertex  0.000000e+00  8.000000e+00  0.000000e+00
   endloop
 endfacet
 facet normal  0.000000e+00  1.000000e+00  0.000000e+00
   outer loop
     vertex  1.303648e+01  8.000000e+00  1.198046e+02
     vertex  0.000000e+00  8.000000e+00  0.000000e+00
     vertex  1.300408e+01  8.000000e+00  1.198343e+02
   endloop
 endfacet
 facet normal  0.000000e+00  1.000000e+00  0.000000e+00
   outer loop
     vertex  1.288299e+01  8.000000e+00  1.199613e+02
     vertex  1.291195e+01  8.000000e+00  1.199283e+02
     vertex  0.000000e+00  8.000000e+00  0.000000e+00
   endloop
 endfacet
 facet normal  0.000000e+00  1.000000e+00  0.000000e+00
   outer loop
     vertex  1.306967e+01  8.000000e+00  1.197759e+02
     vertex  0.000000e+00  8.000000e+00  0.000000e+00
     vertex  1.303648e+01  8.000000e+00  1.198046e+02
   endloop
 endfacet
 facet normal  0.000000e+00  1.000000e+00  0.000000e+00
   outer loop
     vertex  1.285496e+01  8.000000e+00  1.199951e+02
     vertex  1.288299e+01  8.000000e+00  1.199613e+02
     vertex  0.000000e+00  8.000000e+00  0.000000e+00
   endloop
 endfacet
 facet normal  0.000000e+00  1.000000e+00  0.000000e+00
   outer loop
     vertex  1.310364e+01  8.000000e+00  1.197481e+02
     vertex  0.000000e+00  8.000000e+00  0.000000e+00
     vertex  1.306967e+01  8.000000e+00  1.197759e+02
   endloop
 endfacet
 facet normal  0.000000e+00  1.000000e+00  0.000000e+00
   outer loop
     vertex  1.282786e+01  8.000000e+00  1.200296e+02
     vertex  1.285496e+01  8.000000e+00  1.199951e+02
     vertex  0.000000e+00  8.000000e+00  0.000000e+00
   endloop
 endfacet
 facet normal  0.000000e+00  1.000000e+00  0.000000e+00
   outer loop
     vertex  1.313836e+01  8.000000e+00  1.197212e+02
     vertex  0.000000e+00  8.000000e+00  0.000000e+00
     vertex  1.310364e+01  8.000000e+00  1.197481e+02
   endloop
 endfacet
 facet normal  0.000000e+00  1.000000e+00  0.000000e+00
   outer loop
     vertex  1.280171e+01  8.000000e+00  1.200649e+02
     vertex  1.282786e+01  8.000000e+00  1.200296e+02
     vertex  0.000000e+00  8.000000e+00  0.000000e+00
   endloop
 endfacet
 facet normal  0.000000e+00  1.000000e+00  0.000000e+00
   outer loop
     vertex  1.317381e+01  8.000000e+00  1.196953e+02
     vertex  0.000000e+00  8.000000e+00  0.000000e+00
     vertex  1.313836e+01  8.000000e+00  1.197212e+02
   endloop
 endfacet
 facet normal  0.000000e+00  1.000000e+00  0.000000e+00
   outer loop
     vertex  1.277655e+01  8.000000e+00  1.201008e+02
     vertex  1.280171e+01  8.000000e+00  1.200649e+02
     vertex  0.000000e+00  8.000000e+00  0.000000e+00
   endloop
 endfacet
 facet normal  0.000000e+00  1.000000e+00  0.000000e+00
   outer loop
     vertex  1.320995e+01  8.000000e+00  1.196704e+02
     vertex  0.000000e+00  8.000000e+00  0.000000e+00
     vertex  1.317381e+01  8.000000e+00  1.196953e+02
   endloop
 endfacet
 facet normal  0.000000e+00  1.000000e+00  0.000000e+00
   outer loop
     vertex  1.275238e+01  8.000000e+00  1.201375e+02
     vertex  1.277655e+01  8.000000e+00  1.201008e+02
     vertex  0.000000e+00  8.000000e+00  0.000000e+00
   endloop
 endfacet
 facet normal  0.000000e+00  1.000000e+00  0.000000e+00
   outer loop
     vertex  1.324676e+01  8.000000e+00  1.196465e+02
     vertex  0.000000e+00  8.000000e+00  0.000000e+00
     vertex  1.320995e+01  8.000000e+00  1.196704e+02
   endloop
 endfacet
 facet normal  0.000000e+00  1.000000e+00  0.000000e+00
   outer loop
     vertex  1.272922e+01  8.000000e+00  1.201748e+02
     vertex  1.275238e+01  8.000000e+00  1.201375e+02
     vertex  0.000000e+00  8.000000e+00  0.000000e+00
   endloop
 endfacet
 facet normal  0.000000e+00  1.000000e+00  0.000000e+00
   outer loop
     vertex  1.328421e+01  8.000000e+00  1.196236e+02
     vertex  0.000000e+00  8.000000e+00  0.000000e+00
     vertex  1.324676e+01  8.000000e+00  1.196465e+02
   endloop
 endfacet
 facet normal  0.000000e+00  1.000000e+00  0.000000e+00
   outer loop
     vertex  1.270710e+01  8.000000e+00  1.202127e+02
     vertex  1.272922e+01  8.000000e+00  1.201748e+02
     vertex  0.000000e+00  8.000000e+00  0.000000e+00
   endloop
 endfacet
 facet normal  0.000000e+00  1.000000e+00  0.000000e+00
   outer loop
     vertex  1.332228e+01  8.000000e+00  1.196017e+02
     vertex  0.000000e+00  8.000000e+00  0.000000e+00
     vertex  1.328421e+01  8.000000e+00  1.196236e+02
   endloop
 endfacet
 facet normal  0.000000e+00  1.000000e+00  0.000000e+00
   outer loop
     vertex  1.268603e+01  8.000000e+00  1.202512e+02
     vertex  1.270710e+01  8.000000e+00  1.202127e+02
     vertex  0.000000e+00  8.000000e+00  0.000000e+00
   endloop
 endfacet
 facet normal  0.000000e+00  1.000000e+00  0.000000e+00
   outer loop
     vertex  1.336093e+01  8.000000e+00  1.195809e+02
     vertex  0.000000e+00  8.000000e+00  0.000000e+00
     vertex  1.332228e+01  8.000000e+00  1.196017e+02
   endloop
 endfacet
 facet normal  0.000000e+00  1.000000e+00  0.000000e+00
   outer loop
     vertex  1.266602e+01  8.000000e+00  1.202903e+02
     vertex  1.268603e+01  8.000000e+00  1.202512e+02
     vertex  0.000000e+00  8.000000e+00  0.000000e+00
   endloop
 endfacet
 facet normal  0.000000e+00  1.000000e+00  0.000000e+00
   outer loop
     vertex  1.340014e+01  8.000000e+00  1.195612e+02
     vertex  0.000000e+00  8.000000e+00  0.000000e+00
     vertex  1.336093e+01  8.000000e+00  1.195809e+02
   endloop
 endfacet
 facet normal  0.000000e+00  1.000000e+00  0.000000e+00
   outer loop
     vertex  1.264709e+01  8.000000e+00  1.203299e+02
     vertex  1.266602e+01  8.000000e+00  1.202903e+02
     vertex  0.000000e+00  8.000000e+00  0.000000e+00
   endloop
 endfacet
 facet normal  0.000000e+00  1.000000e+00  0.000000e+00
   outer loop
     vertex  1.343988e+01  8.000000e+00  1.195425e+02
     vertex  0.000000e+00  8.000000e+00  0.000000e+00
     vertex  1.340014e+01  8.000000e+00  1.195612e+02
   endloop
 endfacet
 facet normal  0.000000e+00  1.000000e+00  0.000000e+00
   outer loop
     vertex  1.262925e+01  8.000000e+00  1.203700e+02
     vertex  1.264709e+01  8.000000e+00  1.203299e+02
     vertex  0.000000e+00  8.000000e+00  0.000000e+00
   endloop
 endfacet
 facet normal  0.000000e+00  1.000000e+00  0.000000e+00
   outer loop
     vertex  1.348011e+01  8.000000e+00  1.195250e+02
     vertex  0.000000e+00  8.000000e+00  0.000000e+00
     vertex  1.343988e+01  8.000000e+00  1.195425e+02
   endloop
 endfacet
 facet normal  0.000000e+00  1.000000e+00  0.000000e+00
   outer loop
     vertex  1.261252e+01  8.000000e+00  1.204106e+02
     vertex  1.262925e+01  8.000000e+00  1.203700e+02
     vertex  0.000000e+00  8.000000e+00  0.000000e+00
   endloop
 endfacet
 facet normal  0.000000e+00  1.000000e+00  0.000000e+00
   outer loop
     vertex  1.352081e+01  8.000000e+00  1.195085e+02
     vertex  0.000000e+00  8.000000e+00  0.000000e+00
     vertex  1.348011e+01  8.000000e+00  1.195250e+02
   endloop
 endfacet
 facet normal  0.000000e+00  1.000000e+00  0.000000e+00
   outer loop
     vertex  1.259691e+01  8.000000e+00  1.204516e+02
     vertex  1.261252e+01  8.000000e+00  1.204106e+02
     vertex  0.000000e+00  8.000000e+00  0.000000e+00
   endloop
 endfacet
 facet normal  0.000000e+00  1.000000e+00  0.000000e+00
   outer loop
     vertex  1.356195e+01  8.000000e+00  1.194932e+02
     vertex  0.000000e+00  8.000000e+00  0.000000e+00
     vertex  1.352081e+01  8.000000e+00  1.195085e+02
   endloop
 endfacet
 facet normal  0.000000e+00  1.000000e+00  0.000000e+00
   outer loop
     vertex  1.258243e+01  8.000000e+00  1.204931e+02
     vertex  1.259691e+01  8.000000e+00  1.204516e+02
     vertex  0.000000e+00  8.000000e+00  0.000000e+00
   endloop
 endfacet
 facet normal  0.000000e+00  1.000000e+00  0.000000e+00
   outer loop
     vertex  1.360349e+01  8.000000e+00  1.194790e+02
     vertex  0.000000e+00  8.000000e+00  0.000000e+00
     vertex  1.356195e+01  8.000000e+00  1.194932e+02
   endloop
 endfacet
 facet normal  0.000000e+00  1.000000e+00  0.000000e+00
   outer loop
     vertex  1.256909e+01  8.000000e+00  1.205349e+02
     vertex  1.258243e+01  8.000000e+00  1.204931e+02
     vertex  0.000000e+00  8.000000e+00  0.000000e+00
   endloop
 endfacet
 facet normal  0.000000e+00  1.000000e+00  0.000000e+00
   outer loop
     vertex  1.364540e+01  8.000000e+00  1.194659e+02
     vertex  0.000000e+00  8.000000e+00  0.000000e+00
     vertex  1.360349e+01  8.000000e+00  1.194790e+02
   endloop
 endfacet
 facet normal  0.000000e+00  1.000000e+00  0.000000e+00
   outer loop
     vertex  1.255691e+01  8.000000e+00  1.205771e+02
     vertex  1.256909e+01  8.000000e+00  1.205349e+02
     vertex  0.000000e+00  8.000000e+00  0.000000e+00
   endloop
 endfacet
 facet normal  0.000000e+00  1.000000e+00  0.000000e+00
   outer loop
     vertex  1.368766e+01  8.000000e+00  1.194540e+02
     vertex  0.000000e+00  8.000000e+00  0.000000e+00
     vertex  1.364540e+01  8.000000e+00  1.194659e+02
   endloop
 endfacet
 facet normal  0.000000e+00  1.000000e+00  0.000000e+00
   outer loop
     vertex  1.254589e+01  8.000000e+00  1.206196e+02
     vertex  1.255691e+01  8.000000e+00  1.205771e+02
     vertex  0.000000e+00  8.000000e+00  0.000000e+00
   endloop
 endfacet
 facet normal  0.000000e+00  1.000000e+00  0.000000e+00
   outer loop
     vertex  1.373022e+01  8.000000e+00  1.194433e+02
     vertex  0.000000e+00  8.000000e+00  0.000000e+00
     vertex  1.368766e+01  8.000000e+00  1.194540e+02
   endloop
 endfacet
 facet normal  0.000000e+00  1.000000e+00  0.000000e+00
   outer loop
     vertex  1.377307e+01  8.000000e+00  1.194338e+02
     vertex  0.000000e+00  8.000000e+00  0.000000e+00
     vertex  1.373022e+01  8.000000e+00  1.194433e+02
   endloop
 endfacet
 facet normal  5.236916e-14  1.000000e+00 -6.058518e-15
   outer loop
     vertex  1.381616e+01  8.000000e+00  1.194254e+02
     vertex  6.037742e+00  8.000000e+00  0.000000e+00
     vertex  0.000000e+00  8.000000e+00  0.000000e+00
   endloop
 endfacet
 facet normal  0.000000e+00  1.000000e+00  0.000000e+00
   outer loop
     vertex  1.381616e+01  8.000000e+00  1.194254e+02
     vertex  0.000000e+00  8.000000e+00  0.000000e+00
     vertex  1.377307e+01  8.000000e+00  1.194338e+02
   endloop
 endfacet
 facet normal -4.351346e-16  1.000000e+00 -2.619266e-15
   outer loop
     vertex  1.385947e+01  8.000000e+00  1.194182e+02
     vertex  6.037742e+00  8.000000e+00  0.000000e+00
     vertex  1.381616e+01  8.000000e+00  1.194254e+02
   endloop
 endfacet
 facet normal -3.622608e-16  1.000000e+00 -2.624039e-15
   outer loop
     vertex  1.390295e+01  8.000000e+00  1.194122e+02
     vertex  6.037742e+00  8.000000e+00  0.000000e+00
     vertex  1.385947e+01  8.000000e+00  1.194182e+02
   endloop
 endfacet
 facet normal -2.896769e-16  1.000000e+00 -2.628820e-15
   outer loop
     vertex  1.394659e+01  8.000000e+00  1.194074e+02
     vertex  6.037742e+00  8.000000e+00  0.000000e+00
     vertex  1.390295e+01  8.000000e+00  1.194122e+02
   endloop
 endfacet
 facet normal -2.172704e-16  1.000000e+00 -2.633616e-15
   outer loop
     vertex  1.399034e+01  8.000000e+00  1.194038e+02
     vertex  6.037742e+00  8.000000e+00  0.000000e+00
     vertex  1.394659e+01  8.000000e+00  1.194074e+02
   endloop
 endfacet
 facet normal -1.449295e-16  1.000000e+00 -2.638434e-15
   outer loop
     vertex  1.403417e+01  8.000000e+00  1.194014e+02
     vertex  6.037742e+00  8.000000e+00  0.000000e+00
     vertex  1.399034e+01  8.000000e+00  1.194038e+02
   endloop
 endfacet
 facet normal -7.254322e-17  1.000000e+00 -2.643282e-15
   outer loop
     vertex  1.407805e+01  8.000000e+00  1.194002e+02
     vertex  6.037742e+00  8.000000e+00  0.000000e+00
     vertex  1.403417e+01  8.000000e+00  1.194014e+02
   endloop
 endfacet
 facet normal -2.621926e-14  1.000000e+00 -8.825830e-16
   outer loop
     vertex  1.407805e+01  8.000000e+00  1.194002e+02
     vertex  2.216226e+01  8.000000e+00  0.000000e+00
     vertex  6.037742e+00  8.000000e+00  0.000000e+00
   endloop
 endfacet
 facet normal  0.000000e+00  1.000000e+00  8.926405e-16
   outer loop
     vertex  1.412195e+01  8.000000e+00  1.194002e+02
     vertex  2.216226e+01  8.000000e+00  0.000000e+00
     vertex  1.407805e+01  8.000000e+00  1.194002e+02
   endloop
 endfacet
 facet normal -2.445277e-17  1.000000e+00  8.909939e-16
   outer loop
     vertex  1.416583e+01  8.000000e+00  1.194014e+02
     vertex  2.216226e+01  8.000000e+00  0.000000e+00
     vertex  1.412195e+01  8.000000e+00  1.194002e+02
   endloop
 endfacet
 facet normal -4.885265e-17  1.000000e+00  8.893598e-16
   outer loop
     vertex  1.420966e+01  8.000000e+00  1.194038e+02
     vertex  2.216226e+01  8.000000e+00  0.000000e+00
     vertex  1.416583e+01  8.000000e+00  1.194014e+02
   endloop
 endfacet
 facet normal -7.323720e-17  1.000000e+00  8.877357e-16
   outer loop
     vertex  1.425341e+01  8.000000e+00  1.194074e+02
     vertex  2.216226e+01  8.000000e+00  0.000000e+00
     vertex  1.420966e+01  8.000000e+00  1.194038e+02
   endloop
 endfacet
 facet normal -9.764390e-17  1.000000e+00  8.861192e-16
   outer loop
     vertex  1.429705e+01  8.000000e+00  1.194122e+02
     vertex  2.216226e+01  8.000000e+00  0.000000e+00
     vertex  1.425341e+01  8.000000e+00  1.194074e+02
   endloop
 endfacet
 facet normal -1.221104e-16  1.000000e+00  8.845076e-16
   outer loop
     vertex  1.434053e+01  8.000000e+00  1.194182e+02
     vertex  2.216226e+01  8.000000e+00  0.000000e+00
     vertex  1.429705e+01  8.000000e+00  1.194122e+02
   endloop
 endfacet
 facet normal  1.765253e-14  1.000000e+00  2.042197e-15
   outer loop
     vertex  1.438384e+01  8.000000e+00  1.194254e+02
     vertex  2.820000e+01  8.000000e+00  0.000000e+00
     vertex  2.216226e+01  8.000000e+00  0.000000e+00
   endloop
 endfacet
 facet normal -1.466746e-16  1.000000e+00  8.828987e-16
   outer loop
     vertex  1.438384e+01  8.000000e+00  1.194254e+02
     vertex  2.216226e+01  8.000000e+00  0.000000e+00
     vertex  1.434053e+01  8.000000e+00  1.194182e+02
   endloop
 endfacet
 facet normal  0.000000e+00  1.000000e+00  0.000000e+00
   outer loop
     vertex  1.442693e+01  8.000000e+00  1.194338e+02
     vertex  2.820000e+01  8.000000e+00  0.000000e+00
     vertex  1.438384e+01  8.000000e+00  1.194254e+02
   endloop
 endfacet
 facet normal  0.000000e+00  1.000000e+00  0.000000e+00
   outer loop
     vertex  1.446978e+01  8.000000e+00  1.194433e+02
     vertex  2.820000e+01  8.000000e+00  0.000000e+00
     vertex  1.442693e+01  8.000000e+00  1.194338e+02
   endloop
 endfacet
 facet normal  0.000000e+00  1.000000e+00  0.000000e+00
   outer loop
     vertex  1.451234e+01  8.000000e+00  1.194540e+02
     vertex  2.820000e+01  8.000000e+00  0.000000e+00
     vertex  1.446978e+01  8.000000e+00  1.194433e+02
   endloop
 endfacet
 facet normal  0.000000e+00  1.000000e+00  0.000000e+00
   outer loop
     vertex  1.455460e+01  8.000000e+00  1.194659e+02
     vertex  2.820000e+01  8.000000e+00  0.000000e+00
     vertex  1.451234e+01  8.000000e+00  1.194540e+02
   endloop
 endfacet
 facet normal  0.000000e+00  1.000000e+00  0.000000e+00
   outer loop
     vertex  1.459651e+01  8.000000e+00  1.194790e+02
     vertex  2.820000e+01  8.000000e+00  0.000000e+00
     vertex  1.455460e+01  8.000000e+00  1.194659e+02
   endloop
 endfacet
 facet normal  0.000000e+00  1.000000e+00  0.000000e+00
   outer loop
     vertex  1.463805e+01  8.000000e+00  1.194932e+02
     vertex  2.820000e+01  8.000000e+00  0.000000e+00
     vertex  1.459651e+01  8.000000e+00  1.194790e+02
   endloop
 endfacet
 facet normal  0.000000e+00  1.000000e+00  0.000000e+00
   outer loop
     vertex  1.467919e+01  8.000000e+00  1.195085e+02
     vertex  2.820000e+01  8.000000e+00  0.000000e+00
     vertex  1.463805e+01  8.000000e+00  1.194932e+02
   endloop
 endfacet
 facet normal  0.000000e+00  1.000000e+00  0.000000e+00
   outer loop
     vertex  1.471989e+01  8.000000e+00  1.195250e+02
     vertex  2.820000e+01  8.000000e+00  0.000000e+00
     vertex  1.467919e+01  8.000000e+00  1.195085e+02
   endloop
 endfacet
 facet normal  0.000000e+00  1.000000e+00  0.000000e+00
   outer loop
     vertex  1.476012e+01  8.000000e+00  1.195425e+02
     vertex  2.820000e+01  8.000000e+00  0.000000e+00
     vertex  1.471989e+01  8.000000e+00  1.195250e+02
   endloop
 endfacet
 facet normal  0.000000e+00  1.000000e+00  0.000000e+00
   outer loop
     vertex  1.479986e+01  8.000000e+00  1.195612e+02
     vertex  2.820000e+01  8.000000e+00  0.000000e+00
     vertex  1.476012e+01  8.000000e+00  1.195425e+02
   endloop
 endfacet
 facet normal  0.000000e+00  1.000000e+00  0.000000e+00
   outer loop
     vertex  1.483907e+01  8.000000e+00  1.195809e+02
     vertex  2.820000e+01  8.000000e+00  0.000000e+00
     vertex  1.479986e+01  8.000000e+00  1.195612e+02
   endloop
 endfacet
 facet normal  0.000000e+00  1.000000e+00  0.000000e+00
   outer loop
     vertex  1.487772e+01  8.000000e+00  1.196017e+02
     vertex  2.820000e+01  8.000000e+00  0.000000e+00
     vertex  1.483907e+01  8.000000e+00  1.195809e+02
   endloop
 endfacet
 facet normal  0.000000e+00  1.000000e+00  0.000000e+00
   outer loop
     vertex  1.491579e+01  8.000000e+00  1.196236e+02
     vertex  2.820000e+01  8.000000e+00  0.000000e+00
     vertex  1.487772e+01  8.000000e+00  1.196017e+02
   endloop
 endfacet
 facet normal  0.000000e+00  1.000000e+00  0.000000e+00
   outer loop
     vertex  1.495324e+01  8.000000e+00  1.196465e+02
     vertex  2.820000e+01  8.000000e+00  0.000000e+00
     vertex  1.491579e+01  8.000000e+00  1.196236e+02
   endloop
 endfacet
 facet normal  0.000000e+00  1.000000e+00  0.000000e+00
   outer loop
     vertex  1.499005e+01  8.000000e+00  1.196704e+02
     vertex  2.820000e+01  8.000000e+00  0.000000e+00
     vertex  1.495324e+01  8.000000e+00  1.196465e+02
   endloop
 endfacet
 facet normal  0.000000e+00  1.000000e+00  0.000000e+00
   outer loop
     vertex  1.502619e+01  8.000000e+00  1.196953e+02
     vertex  2.820000e+01  8.000000e+00  0.000000e+00
     vertex  1.499005e+01  8.000000e+00  1.196704e+02
   endloop
 endfacet
 facet normal  0.000000e+00  1.000000e+00  0.000000e+00
   outer loop
     vertex  1.506164e+01  8.000000e+00  1.197212e+02
     vertex  2.820000e+01  8.000000e+00  0.000000e+00
     vertex  1.502619e+01  8.000000e+00  1.196953e+02
   endloop
 endfacet
 facet normal  0.000000e+00  1.000000e+00  0.000000e+00
   outer loop
     vertex  1.509636e+01  8.000000e+00  1.197481e+02
     vertex  2.820000e+01  8.000000e+00  0.000000e+00
     vertex  1.506164e+01  8.000000e+00  1.197212e+02
   endloop
 endfacet
 facet normal  0.000000e+00  1.000000e+00  0.000000e+00
   outer loop
     vertex  1.513033e+01  8.000000e+00  1.197759e+02
     vertex  2.820000e+01  8.000000e+00  0.000000e+00
     vertex  1.509636e+01  8.000000e+00  1.197481e+02
   endloop
 endfacet
 facet normal  0.000000e+00  1.000000e+00  0.000000e+00
   outer loop
     vertex  1.516352e+01  8.000000e+00  1.198046e+02
     vertex  2.820000e+01  8.000000e+00  0.000000e+00
     vertex  1.513033e+01  8.000000e+00  1.197759e+02
   endloop
 endfacet
 facet normal  0.000000e+00  1.000000e+00  0.000000e+00
   outer loop
     vertex  1.519592e+01  8.000000e+00  1.198343e+02
     vertex  2.820000e+01  8.000000e+00  0.000000e+00
     vertex  1.516352e+01  8.000000e+00  1.198046e+02
   endloop
 endfacet
 facet normal  0.000000e+00  1.000000e+00  0.000000e+00
   outer loop
     vertex  1.522748e+01  8.000000e+00  1.198648e+02
     vertex  2.820000e+01  8.000000e+00  0.000000e+00
     vertex  1.519592e+01  8.000000e+00  1.198343e+02
   endloop
 endfacet
 facet normal  0.000000e+00  1.000000e+00  0.000000e+00
   outer loop
     vertex  1.525820e+01  8.000000e+00  1.198961e+02
     vertex  2.820000e+01  8.000000e+00  0.000000e+00
     vertex  1.522748e+01  8.000000e+00  1.198648e+02
   endloop
 endfacet
 facet normal  0.000000e+00  1.000000e+00  0.000000e+00
   outer loop
     vertex  1.528805e+01  8.000000e+00  1.199283e+02
     vertex  2.820000e+01  8.000000e+00  0.000000e+00
     vertex  1.525820e+01  8.000000e+00  1.198961e+02
   endloop
 endfacet
 facet normal  0.000000e+00  1.000000e+00  0.000000e+00
   outer loop
     vertex  1.531701e+01  8.000000e+00  1.199613e+02
     vertex  2.820000e+01  8.000000e+00  0.000000e+00
     vertex  1.528805e+01  8.000000e+00  1.199283e+02
   endloop
 endfacet
 facet normal  0.000000e+00  1.000000e+00  0.000000e+00
   outer loop
     vertex  1.534504e+01  8.000000e+00  1.199951e+02
     vertex  2.820000e+01  8.000000e+00  0.000000e+00
     vertex  1.531701e+01  8.000000e+00  1.199613e+02
   endloop
 endfacet
 facet normal  0.000000e+00  1.000000e+00  0.000000e+00
   outer loop
     vertex  1.537214e+01  8.000000e+00  1.200296e+02
     vertex  2.820000e+01  8.000000e+00  0.000000e+00
     vertex  1.534504e+01  8.000000e+00  1.199951e+02
   endloop
 endfacet
 facet normal  0.000000e+00  1.000000e+00  0.000000e+00
   outer loop
     vertex  1.539829e+01  8.000000e+00  1.200649e+02
     vertex  2.820000e+01  8.000000e+00  0.000000e+00
     vertex  1.537214e+01  8.000000e+00  1.200296e+02
   endloop
 endfacet
 facet normal  0.000000e+00  1.000000e+00  0.000000e+00
   outer loop
     vertex  1.542345e+01  8.000000e+00  1.201008e+02
     vertex  2.820000e+01  8.000000e+00  0.000000e+00
     vertex  1.539829e+01  8.000000e+00  1.200649e+02
   endloop
 endfacet
 facet normal  0.000000e+00  1.000000e+00  0.000000e+00
   outer loop
     vertex  1.198597e+01  8.000000e+00  1.338714e+02
     vertex  1.284129e+01  8.000000e+00  1.219877e+02
     vertex  1.281466e+01  8.000000e+00  1.219528e+02
   endloop
 endfacet
 facet normal  0.000000e+00  1.000000e+00  0.000000e+00
   outer loop
     vertex  1.192837e+01  8.000000e+00  1.339302e+02
     vertex  1.198597e+01  8.000000e+00  1.338714e+02
     vertex  1.281466e+01  8.000000e+00  1.219528e+02
   endloop
 endfacet
 facet normal  0.000000e+00  1.000000e+00  0.000000e+00
   outer loop
     vertex  1.192837e+01  8.000000e+00  1.339302e+02
     vertex  1.281466e+01  8.000000e+00  1.219528e+02
     vertex  1.278901e+01  8.000000e+00  1.219172e+02
   endloop
 endfacet
 facet normal  0.000000e+00  1.000000e+00  0.000000e+00
   outer loop
     vertex  1.204516e+01  8.000000e+00  1.338142e+02
     vertex  1.286886e+01  8.000000e+00  1.220219e+02
     vertex  1.284129e+01  8.000000e+00  1.219877e+02
   endloop
 endfacet
 facet normal  0.000000e+00  1.000000e+00  0.000000e+00
   outer loop
     vertex  1.204516e+01  8.000000e+00  1.338142e+02
     vertex  1.284129e+01  8.000000e+00  1.219877e+02
     vertex  1.198597e+01  8.000000e+00  1.338714e+02
   endloop
 endfacet
 facet normal  0.000000e+00  1.000000e+00  0.000000e+00
   outer loop
     vertex  1.187240e+01  8.000000e+00  1.339906e+02
     vertex  1.192837e+01  8.000000e+00  1.339302e+02
     vertex  1.278901e+01  8.000000e+00  1.219172e+02
   endloop
 endfacet
 facet normal  0.000000e+00  1.000000e+00  0.000000e+00
   outer loop
     vertex  1.187240e+01  8.000000e+00  1.339906e+02
     vertex  1.278901e+01  8.000000e+00  1.219172e+02
     vertex  1.276434e+01  8.000000e+00  1.218809e+02
   endloop
 endfacet
 facet normal  0.000000e+00  1.000000e+00  0.000000e+00
   outer loop
     vertex  1.210590e+01  8.000000e+00  1.337587e+02
     vertex  1.289736e+01  8.000000e+00  1.220553e+02
     vertex  1.286886e+01  8.000000e+00  1.220219e+02
   endloop
 endfacet
 facet normal  0.000000e+00  1.000000e+00  0.000000e+00
   outer loop
     vertex  1.210590e+01  8.000000e+00  1.337587e+02
     vertex  1.286886e+01  8.000000e+00  1.220219e+02
     vertex  1.204516e+01  8.000000e+00  1.338142e+02
   endloop
 endfacet
 facet normal  0.000000e+00  1.000000e+00  0.000000e+00
   outer loop
     vertex  1.181811e+01  8.000000e+00  1.340524e+02
     vertex  1.187240e+01  8.000000e+00  1.339906e+02
     vertex  1.276434e+01  8.000000e+00  1.218809e+02
   endloop
 endfacet
 facet normal  0.000000e+00  1.000000e+00  0.000000e+00
   outer loop
     vertex  1.181811e+01  8.000000e+00  1.340524e+02
     vertex  1.274067e+01  8.000000e+00  1.218439e+02
     vertex  1.271803e+01  8.000000e+00  1.218063e+02
   endloop
 endfacet
 facet normal  0.000000e+00  1.000000e+00  0.000000e+00
   outer loop
     vertex  1.181811e+01  8.000000e+00  1.340524e+02
     vertex  1.276434e+01  8.000000e+00  1.218809e+02
     vertex  1.274067e+01  8.000000e+00  1.218439e+02
   endloop
 endfacet
 facet normal  0.000000e+00  1.000000e+00  0.000000e+00
   outer loop
     vertex  1.216814e+01  8.000000e+00  1.337048e+02
     vertex  1.292676e+01  8.000000e+00  1.220879e+02
     vertex  1.289736e+01  8.000000e+00  1.220553e+02
   endloop
 endfacet
 facet normal  0.000000e+00  1.000000e+00  0.000000e+00
   outer loop
     vertex  1.216814e+01  8.000000e+00  1.337048e+02
     vertex  1.289736e+01  8.000000e+00  1.220553e+02
     vertex  1.210590e+01  8.000000e+00  1.337587e+02
   endloop
 endfacet
 facet normal  0.000000e+00  1.000000e+00  0.000000e+00
   outer loop
     vertex  1.176554e+01  8.000000e+00  1.341158e+02
     vertex  1.181811e+01  8.000000e+00  1.340524e+02
     vertex  1.271803e+01  8.000000e+00  1.218063e+02
   endloop
 endfacet
 facet normal  0.000000e+00  1.000000e+00  0.000000e+00
   outer loop
     vertex  1.176554e+01  8.000000e+00  1.341158e+02
     vertex  1.271803e+01  8.000000e+00  1.218063e+02
     vertex  1.269643e+01  8.000000e+00  1.217681e+02
   endloop
 endfacet
 facet normal  0.000000e+00  1.000000e+00  0.000000e+00
   outer loop
     vertex  1.223183e+01  8.000000e+00  1.336527e+02
     vertex  1.295705e+01  8.000000e+00  1.221197e+02
     vertex  1.292676e+01  8.000000e+00  1.220879e+02
   endloop
 endfacet
 facet normal  0.000000e+00  1.000000e+00  0.000000e+00
   outer loop
     vertex  1.223183e+01  8.000000e+00  1.336527e+02
     vertex  1.298820e+01  8.000000e+00  1.221506e+02
     vertex  1.295705e+01  8.000000e+00  1.221197e+02
   endloop
 endfacet
 facet normal  0.000000e+00  1.000000e+00  0.000000e+00
   outer loop
     vertex  1.223183e+01  8.000000e+00  1.336527e+02
     vertex  1.292676e+01  8.000000e+00  1.220879e+02
     vertex  1.216814e+01  8.000000e+00  1.337048e+02
   endloop
 endfacet
 facet normal  0.000000e+00  1.000000e+00  0.000000e+00
   outer loop
     vertex  1.171473e+01  8.000000e+00  1.341805e+02
     vertex  1.176554e+01  8.000000e+00  1.341158e+02
     vertex  1.269643e+01  8.000000e+00  1.217681e+02
   endloop
 endfacet
 facet normal  0.000000e+00  1.000000e+00  0.000000e+00
   outer loop
     vertex  1.171473e+01  8.000000e+00  1.341805e+02
     vertex  1.269643e+01  8.000000e+00  1.217681e+02
     vertex  1.267589e+01  8.000000e+00  1.217293e+02
   endloop
 endfacet
 facet normal  0.000000e+00  1.000000e+00  0.000000e+00
   outer loop
     vertex  1.229693e+01  8.000000e+00  1.336023e+02
     vertex  1.302018e+01  8.000000e+00  1.221807e+02
     vertex  1.298820e+01  8.000000e+00  1.221506e+02
   endloop
 endfacet
 facet normal  0.000000e+00  1.000000e+00  0.000000e+00
   outer loop
     vertex  1.229693e+01  8.000000e+00  1.336023e+02
     vertex  1.298820e+01  8.000000e+00  1.221506e+02
     vertex  1.223183e+01  8.000000e+00  1.336527e+02
   endloop
 endfacet
 facet normal  0.000000e+00  1.000000e+00  0.000000e+00
   outer loop
     vertex  1.166571e+01  8.000000e+00  1.342466e+02
     vertex  1.171473e+01  8.000000e+00  1.341805e+02
     vertex  1.267589e+01  8.000000e+00  1.217293e+02
   endloop
 endfacet
 facet normal  0.000000e+00  1.000000e+00  0.000000e+00
   outer loop
     vertex  1.166571e+01  8.000000e+00  1.342466e+02
     vertex  1.267589e+01  8.000000e+00  1.217293e+02
     vertex  1.265642e+01  8.000000e+00  1.216900e+02
   endloop
 endfacet
 facet normal  0.000000e+00  1.000000e+00  0.000000e+00
   outer loop
     vertex  1.236339e+01  8.000000e+00  1.335537e+02
     vertex  1.305298e+01  8.000000e+00  1.222099e+02
     vertex  1.302018e+01  8.000000e+00  1.221807e+02
   endloop
 endfacet
 facet normal  0.000000e+00  1.000000e+00  0.000000e+00
   outer loop
     vertex  1.236339e+01  8.000000e+00  1.335537e+02
     vertex  1.302018e+01  8.000000e+00  1.221807e+02
     vertex  1.229693e+01  8.000000e+00  1.336023e+02
   endloop
 endfacet
 facet normal  0.000000e+00  1.000000e+00  0.000000e+00
   outer loop
     vertex  1.161853e+01  8.000000e+00  1.343141e+02
     vertex  1.166571e+01  8.000000e+00  1.342466e+02
     vertex  1.265642e+01  8.000000e+00  1.216900e+02
   endloop
 endfacet
 facet normal  0.000000e+00  1.000000e+00  0.000000e+00
   outer loop
     vertex  1.161853e+01  8.000000e+00  1.343141e+02
     vertex  1.265642e+01  8.000000e+00  1.216900e+02
     vertex  1.263803e+01  8.000000e+00  1.216501e+02
   endloop
 endfacet
 facet normal  0.000000e+00  1.000000e+00  0.000000e+00
   outer loop
     vertex  1.243115e+01  8.000000e+00  1.335070e+02
     vertex  1.308656e+01  8.000000e+00  1.222381e+02
     vertex  1.305298e+01  8.000000e+00  1.222099e+02
   endloop
 endfacet
 facet normal  0.000000e+00  1.000000e+00  0.000000e+00
   outer loop
     vertex  1.243115e+01  8.000000e+00  1.335070e+02
     vertex  1.305298e+01  8.000000e+00  1.222099e+02
     vertex  1.236339e+01  8.000000e+00  1.335537e+02
   endloop
 endfacet
 facet normal  0.000000e+00  1.000000e+00  0.000000e+00
   outer loop
     vertex  1.157321e+01  8.000000e+00  1.343828e+02
     vertex  1.161853e+01  8.000000e+00  1.343141e+02
     vertex  1.263803e+01  8.000000e+00  1.216501e+02
   endloop
 endfacet
 facet normal  0.000000e+00  1.000000e+00  0.000000e+00
   outer loop
     vertex  1.157321e+01  8.000000e+00  1.343828e+02
     vertex  1.263803e+01  8.000000e+00  1.216501e+02
     vertex  1.262074e+01  8.000000e+00  1.216098e+02
   endloop
 endfacet
 facet normal  0.000000e+00  1.000000e+00  0.000000e+00
   outer loop
     vertex  1.250017e+01  8.000000e+00  1.334622e+02
     vertex  1.312091e+01  8.000000e+00  1.222655e+02
     vertex  1.308656e+01  8.000000e+00  1.222381e+02
   endloop
 endfacet
 facet normal  0.000000e+00  1.000000e+00  0.000000e+00
   outer loop
     vertex  1.250017e+01  8.000000e+00  1.334622e+02
     vertex  1.308656e+01  8.000000e+00  1.222381e+02
     vertex  1.243115e+01  8.000000e+00  1.335070e+02
   endloop
 endfacet
 facet normal  0.000000e+00  1.000000e+00  0.000000e+00
   outer loop
     vertex  1.152979e+01  8.000000e+00  1.344527e+02
     vertex  1.157321e+01  8.000000e+00  1.343828e+02
     vertex  1.262074e+01  8.000000e+00  1.216098e+02
   endloop
 endfacet
 facet normal  0.000000e+00  1.000000e+00  0.000000e+00
   outer loop
     vertex  1.152979e+01  8.000000e+00  1.344527e+02
     vertex  1.262074e+01  8.000000e+00  1.216098e+02
     vertex  1.260457e+01  8.000000e+00  1.215689e+02
   endloop
 endfacet
 facet normal  0.000000e+00  1.000000e+00  0.000000e+00
   outer loop
     vertex  1.257040e+01  8.000000e+00  1.334192e+02
     vertex  1.315600e+01  8.000000e+00  1.222918e+02
     vertex  1.312091e+01  8.000000e+00  1.222655e+02
   endloop
 endfacet
 facet normal  0.000000e+00  1.000000e+00  0.000000e+00
   outer loop
     vertex  1.257040e+01  8.000000e+00  1.334192e+02
     vertex  1.312091e+01  8.000000e+00  1.222655e+02
     vertex  1.250017e+01  8.000000e+00  1.334622e+02
   endloop
 endfacet
 facet normal  0.000000e+00  1.000000e+00  0.000000e+00
   outer loop
     vertex  1.148831e+01  8.000000e+00  1.345238e+02
     vertex  1.152979e+01  8.000000e+00  1.344527e+02
     vertex  1.260457e+01  8.000000e+00  1.215689e+02
   endloop
 endfacet
 facet normal  0.000000e+00  1.000000e+00  0.000000e+00
   outer loop
     vertex  1.148831e+01  8.000000e+00  1.345238e+02
     vertex  1.260457e+01  8.000000e+00  1.215689e+02
     vertex  1.258953e+01  8.000000e+00  1.215277e+02
   endloop
 endfacet
 facet normal  0.000000e+00  1.000000e+00  0.000000e+00
   outer loop
     vertex  1.264177e+01  8.000000e+00  1.333782e+02
     vertex  1.319179e+01  8.000000e+00  1.223173e+02
     vertex  1.315600e+01  8.000000e+00  1.222918e+02
   endloop
 endfacet
 facet normal  0.000000e+00  1.000000e+00  0.000000e+00
   outer loop
     vertex  1.264177e+01  8.000000e+00  1.333782e+02
     vertex  1.315600e+01  8.000000e+00  1.222918e+02
     vertex  1.257040e+01  8.000000e+00  1.334192e+02
   endloop
 endfacet
 facet normal  0.000000e+00  1.000000e+00  0.000000e+00
   outer loop
     vertex  1.144880e+01  8.000000e+00  1.345960e+02
     vertex  1.258953e+01  8.000000e+00  1.215277e+02
     vertex  1.257562e+01  8.000000e+00  1.214861e+02
   endloop
 endfacet
 facet normal  0.000000e+00  1.000000e+00  0.000000e+00
   outer loop
     vertex  1.144880e+01  8.000000e+00  1.345960e+02
     vertex  1.148831e+01  8.000000e+00  1.345238e+02
     vertex  1.258953e+01  8.000000e+00  1.215277e+02
   endloop
 endfacet
 facet normal  0.000000e+00  1.000000e+00  0.000000e+00
   outer loop
     vertex  1.271425e+01  8.000000e+00  1.333392e+02
     vertex  1.322827e+01  8.000000e+00  1.223417e+02
     vertex  1.319179e+01  8.000000e+00  1.223173e+02
   endloop
 endfacet
 facet normal  0.000000e+00  1.000000e+00  0.000000e+00
   outer loop
     vertex  1.271425e+01  8.000000e+00  1.333392e+02
     vertex  1.326541e+01  8.000000e+00  1.223651e+02
     vertex  1.322827e+01  8.000000e+00  1.223417e+02
   endloop
 endfacet
 facet normal  0.000000e+00  1.000000e+00  0.000000e+00
   outer loop
     vertex  1.271425e+01  8.000000e+00  1.333392e+02
     vertex  1.319179e+01  8.000000e+00  1.223173e+02
     vertex  1.264177e+01  8.000000e+00  1.333782e+02
   endloop
 endfacet
 facet normal  0.000000e+00  1.000000e+00  0.000000e+00
   outer loop
     vertex  1.141128e+01  8.000000e+00  1.346693e+02
     vertex  1.257562e+01  8.000000e+00  1.214861e+02
     vertex  1.256286e+01  8.000000e+00  1.214441e+02
   endloop
 endfacet
 facet normal  0.000000e+00  1.000000e+00  0.000000e+00
   outer loop
     vertex  1.141128e+01  8.000000e+00  1.346693e+02
     vertex  1.144880e+01  8.000000e+00  1.345960e+02
     vertex  1.257562e+01  8.000000e+00  1.214861e+02
   endloop
 endfacet
 facet normal  0.000000e+00  1.000000e+00  0.000000e+00
   outer loop
     vertex  1.278776e+01  8.000000e+00  1.333022e+02
     vertex  1.330317e+01  8.000000e+00  1.223875e+02
     vertex  1.326541e+01  8.000000e+00  1.223651e+02
   endloop
 endfacet
 facet normal  0.000000e+00  1.000000e+00  0.000000e+00
   outer loop
     vertex  1.278776e+01  8.000000e+00  1.333022e+02
     vertex  1.326541e+01  8.000000e+00  1.223651e+02
     vertex  1.271425e+01  8.000000e+00  1.333392e+02
   endloop
 endfacet
 facet normal  0.000000e+00  1.000000e+00  0.000000e+00
   outer loop
     vertex  1.137579e+01  8.000000e+00  1.347436e+02
     vertex  1.256286e+01  8.000000e+00  1.214441e+02
     vertex  1.255125e+01  8.000000e+00  1.214017e+02
   endloop
 endfacet
 facet normal  0.000000e+00  1.000000e+00  0.000000e+00
   outer loop
     vertex  1.137579e+01  8.000000e+00  1.347436e+02
     vertex  1.141128e+01  8.000000e+00  1.346693e+02
     vertex  1.256286e+01  8.000000e+00  1.214441e+02
   endloop
 endfacet
 facet normal  0.000000e+00  1.000000e+00  0.000000e+00
   outer loop
     vertex  1.286227e+01  8.000000e+00  1.332672e+02
     vertex  1.334153e+01  8.000000e+00  1.224088e+02
     vertex  1.330317e+01  8.000000e+00  1.223875e+02
   endloop
 endfacet
 facet normal  0.000000e+00  1.000000e+00  0.000000e+00
   outer loop
     vertex  1.286227e+01  8.000000e+00  1.332672e+02
     vertex  1.330317e+01  8.000000e+00  1.223875e+02
     vertex  1.278776e+01  8.000000e+00  1.333022e+02
   endloop
 endfacet
 facet normal  0.000000e+00  1.000000e+00  0.000000e+00
   outer loop
     vertex  1.134234e+01  8.000000e+00  1.348188e+02
     vertex  1.137579e+01  8.000000e+00  1.347436e+02
     vertex  1.255125e+01  8.000000e+00  1.214017e+02
   endloop
 endfacet
 facet normal  0.000000e+00  1.000000e+00  0.000000e+00
   outer loop
     vertex  1.134234e+01  8.000000e+00  1.348188e+02
     vertex  1.254082e+01  8.000000e+00  1.213591e+02
     vertex  1.253155e+01  8.000000e+00  1.213162e+02
   endloop
 endfacet
 facet normal  0.000000e+00  1.000000e+00  0.000000e+00
   outer loop
     vertex  1.134234e+01  8.000000e+00  1.348188e+02
     vertex  1.255125e+01  8.000000e+00  1.214017e+02
     vertex  1.254082e+01  8.000000e+00  1.213591e+02
   endloop
 endfacet
 facet normal  0.000000e+00  1.000000e+00  0.000000e+00
   outer loop
     vertex  1.293771e+01  8.000000e+00  1.332343e+02
     vertex  1.334153e+01  8.000000e+00  1.224088e+02
     vertex  1.286227e+01  8.000000e+00  1.332672e+02
   endloop
 endfacet
 facet normal  0.000000e+00  1.000000e+00  0.000000e+00
   outer loop
     vertex  1.293771e+01  8.000000e+00  1.332343e+02
     vertex  1.338047e+01  8.000000e+00  1.224291e+02
     vertex  1.334153e+01  8.000000e+00  1.224088e+02
   endloop
 endfacet
 facet normal  0.000000e+00  1.000000e+00  0.000000e+00
   outer loop
     vertex  1.131097e+01  8.000000e+00  1.348949e+02
     vertex  1.134234e+01  8.000000e+00  1.348188e+02
     vertex  1.253155e+01  8.000000e+00  1.213162e+02
   endloop
 endfacet
 facet normal  0.000000e+00  1.000000e+00  0.000000e+00
   outer loop
     vertex  1.131097e+01  8.000000e+00  1.348949e+02
     vertex  1.253155e+01  8.000000e+00  1.213162e+02
     vertex  1.252347e+01  8.000000e+00  1.212730e+02
   endloop
 endfacet
 facet normal  0.000000e+00  1.000000e+00  0.000000e+00
   outer loop
     vertex  1.301402e+01  8.000000e+00  1.332035e+02
     vertex  1.341995e+01  8.000000e+00  1.224483e+02
     vertex  1.338047e+01  8.000000e+00  1.224291e+02
   endloop
 endfacet
 facet normal  0.000000e+00  1.000000e+00  0.000000e+00
   outer loop
     vertex  1.301402e+01  8.000000e+00  1.332035e+02
     vertex  1.338047e+01  8.000000e+00  1.224291e+02
     vertex  1.293771e+01  8.000000e+00  1.332343e+02
   endloop
 endfacet
 facet normal  0.000000e+00  1.000000e+00  0.000000e+00
   outer loop
     vertex  1.128170e+01  8.000000e+00  1.349718e+02
     vertex  1.131097e+01  8.000000e+00  1.348949e+02
     vertex  1.252347e+01  8.000000e+00  1.212730e+02
   endloop
 endfacet
 facet normal  0.000000e+00  1.000000e+00  0.000000e+00
   outer loop
     vertex  1.128170e+01  8.000000e+00  1.349718e+02
     vertex  1.252347e+01  8.000000e+00  1.212730e+02
     vertex  1.251657e+01  8.000000e+00  1.212297e+02
   endloop
 endfacet
 facet normal  0.000000e+00  1.000000e+00  0.000000e+00
   outer loop
     vertex  1.309115e+01  8.000000e+00  1.331747e+02
     vertex  1.341995e+01  8.000000e+00  1.224483e+02
     vertex  1.301402e+01  8.000000e+00  1.332035e+02
   endloop
 endfacet
 facet normal  0.000000e+00  1.000000e+00  0.000000e+00
   outer loop
     vertex  1.309115e+01  8.000000e+00  1.331747e+02
     vertex  1.345993e+01  8.000000e+00  1.224664e+02
     vertex  1.341995e+01  8.000000e+00  1.224483e+02
   endloop
 endfacet
 facet normal  0.000000e+00  1.000000e+00  0.000000e+00
   outer loop
     vertex  1.309115e+01  8.000000e+00  1.331747e+02
     vertex  1.350040e+01  8.000000e+00  1.224834e+02
     vertex  1.345993e+01  8.000000e+00  1.224664e+02
   endloop
 endfacet
 facet normal  0.000000e+00  1.000000e+00  0.000000e+00
   outer loop
     vertex  1.125456e+01  8.000000e+00  1.350495e+02
     vertex  1.128170e+01  8.000000e+00  1.349718e+02
     vertex  1.251657e+01  8.000000e+00  1.212297e+02
   endloop
 endfacet
 facet normal  0.000000e+00  1.000000e+00  0.000000e+00
   outer loop
     vertex  1.125456e+01  8.000000e+00  1.350495e+02
     vertex  1.251657e+01  8.000000e+00  1.212297e+02
     vertex  1.251087e+01  8.000000e+00  1.211862e+02
   endloop
 endfacet
 facet normal  0.000000e+00  1.000000e+00  0.000000e+00
   outer loop
     vertex  1.316904e+01  8.000000e+00  1.331481e+02
     vertex  1.354132e+01  8.000000e+00  1.224993e+02
     vertex  1.350040e+01  8.000000e+00  1.224834e+02
   endloop
 endfacet
 facet normal  0.000000e+00  1.000000e+00  0.000000e+00
   outer loop
     vertex  1.316904e+01  8.000000e+00  1.331481e+02
     vertex  1.350040e+01  8.000000e+00  1.224834e+02
     vertex  1.309115e+01  8.000000e+00  1.331747e+02
   endloop
 endfacet
 facet normal  0.000000e+00  1.000000e+00  0.000000e+00
   outer loop
     vertex  1.122955e+01  8.000000e+00  1.351279e+02
     vertex  1.125456e+01  8.000000e+00  1.350495e+02
     vertex  1.251087e+01  8.000000e+00  1.211862e+02
   endloop
 endfacet
 facet normal  0.000000e+00  1.000000e+00  0.000000e+00
   outer loop
     vertex  1.122955e+01  8.000000e+00  1.351279e+02
     vertex  1.251087e+01  8.000000e+00  1.211862e+02
     vertex  1.250636e+01  8.000000e+00  1.211425e+02
   endloop
 endfacet
 facet normal  0.000000e+00  1.000000e+00  0.000000e+00
   outer loop
     vertex  1.324763e+01  8.000000e+00  1.331236e+02
     vertex  1.354132e+01  8.000000e+00  1.224993e+02
     vertex  1.316904e+01  8.000000e+00  1.331481e+02
   endloop
 endfacet
 facet normal  0.000000e+00  1.000000e+00  0.000000e+00
   outer loop
     vertex  1.324763e+01  8.000000e+00  1.331236e+02
     vertex  1.358267e+01  8.000000e+00  1.225141e+02
     vertex  1.354132e+01  8.000000e+00  1.224993e+02
   endloop
 endfacet
 facet normal  0.000000e+00  1.000000e+00  0.000000e+00
   outer loop
     vertex  1.120671e+01  8.000000e+00  1.352070e+02
     vertex  1.122955e+01  8.000000e+00  1.351279e+02
     vertex  1.250636e+01  8.000000e+00  1.211425e+02
   endloop
 endfacet
 facet normal  0.000000e+00  1.000000e+00  0.000000e+00
   outer loop
     vertex  1.120671e+01  8.000000e+00  1.352070e+02
     vertex  1.250636e+01  8.000000e+00  1.211425e+02
     vertex  1.250305e+01  8.000000e+00  1.210987e+02
   endloop
 endfacet
 facet normal  0.000000e+00  1.000000e+00  0.000000e+00
   outer loop
     vertex  1.332686e+01  8.000000e+00  1.331013e+02
     vertex  1.362440e+01  8.000000e+00  1.225277e+02
     vertex  1.358267e+01  8.000000e+00  1.225141e+02
   endloop
 endfacet
 facet normal  0.000000e+00  1.000000e+00  0.000000e+00
   outer loop
     vertex  1.332686e+01  8.000000e+00  1.331013e+02
     vertex  1.358267e+01  8.000000e+00  1.225141e+02
     vertex  1.324763e+01  8.000000e+00  1.331236e+02
   endloop
 endfacet
 facet normal  0.000000e+00  1.000000e+00  0.000000e+00
   outer loop
     vertex  1.118604e+01  8.000000e+00  1.352867e+02
     vertex  1.120671e+01  8.000000e+00  1.352070e+02
     vertex  1.250305e+01  8.000000e+00  1.210987e+02
   endloop
 endfacet
 facet normal  0.000000e+00  1.000000e+00  0.000000e+00
   outer loop
     vertex  1.340667e+01  8.000000e+00  1.330812e+02
     vertex  1.366649e+01  8.000000e+00  1.225402e+02
     vertex  1.362440e+01  8.000000e+00  1.225277e+02
   endloop
 endfacet
 facet normal  0.000000e+00  1.000000e+00  0.000000e+00
   outer loop
     vertex  1.340667e+01  8.000000e+00  1.330812e+02
     vertex  1.362440e+01  8.000000e+00  1.225277e+02
     vertex  1.332686e+01  8.000000e+00  1.331013e+02
   endloop
 endfacet
 facet normal  0.000000e+00  1.000000e+00  0.000000e+00
   outer loop
     vertex  1.348700e+01  8.000000e+00  1.330633e+02
     vertex  1.366649e+01  8.000000e+00  1.225402e+02
     vertex  1.340667e+01  8.000000e+00  1.330812e+02
   endloop
 endfacet
 facet normal  0.000000e+00  1.000000e+00  0.000000e+00
   outer loop
     vertex  1.348700e+01  8.000000e+00  1.330633e+02
     vertex  1.370890e+01  8.000000e+00  1.225515e+02
     vertex  1.366649e+01  8.000000e+00  1.225402e+02
   endloop
 endfacet
 facet normal  0.000000e+00  1.000000e+00  0.000000e+00
   outer loop
     vertex  1.348700e+01  8.000000e+00  1.330633e+02
     vertex  1.375161e+01  8.000000e+00  1.225616e+02
     vertex  1.370890e+01  8.000000e+00  1.225515e+02
   endloop
 endfacet
 facet normal  0.000000e+00  1.000000e+00  0.000000e+00
   outer loop
     vertex  1.356780e+01  8.000000e+00  1.330476e+02
     vertex  1.379459e+01  8.000000e+00  1.225706e+02
     vertex  1.375161e+01  8.000000e+00  1.225616e+02
   endloop
 endfacet
 facet normal  0.000000e+00  1.000000e+00  0.000000e+00
   outer loop
     vertex  1.356780e+01  8.000000e+00  1.330476e+02
     vertex  1.375161e+01  8.000000e+00  1.225616e+02
     vertex  1.348700e+01  8.000000e+00  1.330633e+02
   endloop
 endfacet
 facet normal  0.000000e+00  1.000000e+00  0.000000e+00
   outer loop
     vertex  1.364900e+01  8.000000e+00  1.330341e+02
     vertex  1.383779e+01  8.000000e+00  1.225784e+02
     vertex  1.379459e+01  8.000000e+00  1.225706e+02
   endloop
 endfacet
 facet normal  0.000000e+00  1.000000e+00  0.000000e+00
   outer loop
     vertex  1.364900e+01  8.000000e+00  1.330341e+02
     vertex  1.379459e+01  8.000000e+00  1.225706e+02
     vertex  1.356780e+01  8.000000e+00  1.330476e+02
   endloop
 endfacet
 facet normal  0.000000e+00  1.000000e+00  0.000000e+00
   outer loop
     vertex  1.373053e+01  8.000000e+00  1.330228e+02
     vertex  1.388119e+01  8.000000e+00  1.225850e+02
     vertex  1.383779e+01  8.000000e+00  1.225784e+02
   endloop
 endfacet
 facet normal  0.000000e+00  1.000000e+00  0.000000e+00
   outer loop
     vertex  1.373053e+01  8.000000e+00  1.330228e+02
     vertex  1.383779e+01  8.000000e+00  1.225784e+02
     vertex  1.364900e+01  8.000000e+00  1.330341e+02
   endloop
 endfacet
 facet normal  0.000000e+00  1.000000e+00  0.000000e+00
   outer loop
     vertex  1.381235e+01  8.000000e+00  1.330138e+02
     vertex  1.388119e+01  8.000000e+00  1.225850e+02
     vertex  1.373053e+01  8.000000e+00  1.330228e+02
   endloop
 endfacet
 facet normal  0.000000e+00  1.000000e+00  0.000000e+00
   outer loop
     vertex  1.381235e+01  8.000000e+00  1.330138e+02
     vertex  1.392475e+01  8.000000e+00  1.225904e+02
     vertex  1.388119e+01  8.000000e+00  1.225850e+02
   endloop
 endfacet
 facet normal  0.000000e+00  1.000000e+00  0.000000e+00
   outer loop
     vertex  1.389438e+01  8.000000e+00  1.330071e+02
     vertex  1.392475e+01  8.000000e+00  1.225904e+02
     vertex  1.381235e+01  8.000000e+00  1.330138e+02
   endloop
 endfacet
 facet normal  0.000000e+00  1.000000e+00  0.000000e+00
   outer loop
     vertex  1.389438e+01  8.000000e+00  1.330071e+02
     vertex  1.396845e+01  8.000000e+00  1.225946e+02
     vertex  1.392475e+01  8.000000e+00  1.225904e+02
   endloop
 endfacet
 facet normal  0.000000e+00  1.000000e+00  0.000000e+00
   outer loop
     vertex  1.389438e+01  8.000000e+00  1.330071e+02
     vertex  1.401224e+01  8.000000e+00  1.225976e+02
     vertex  1.396845e+01  8.000000e+00  1.225946e+02
   endloop
 endfacet
 facet normal  0.000000e+00  1.000000e+00  0.000000e+00
   outer loop
     vertex  1.397657e+01  8.000000e+00  1.330025e+02
     vertex  1.401224e+01  8.000000e+00  1.225976e+02
     vertex  1.389438e+01  8.000000e+00  1.330071e+02
   endloop
 endfacet
 facet normal  0.000000e+00  1.000000e+00  0.000000e+00
   outer loop
     vertex  1.397657e+01  8.000000e+00  1.330025e+02
     vertex  1.405611e+01  8.000000e+00  1.225994e+02
     vertex  1.401224e+01  8.000000e+00  1.225976e+02
   endloop
 endfacet
 facet normal  0.000000e+00  1.000000e+00  0.000000e+00
   outer loop
     vertex  1.405885e+01  8.000000e+00  1.330003e+02
     vertex  1.410000e+01  8.000000e+00  1.226000e+02
     vertex  1.405611e+01  8.000000e+00  1.225994e+02
   endloop
 endfacet
 facet normal  0.000000e+00  1.000000e+00  0.000000e+00
   outer loop
     vertex  1.405885e+01  8.000000e+00  1.330003e+02
     vertex  1.405611e+01  8.000000e+00  1.225994e+02
     vertex  1.397657e+01  8.000000e+00  1.330025e+02
   endloop
 endfacet
 facet normal  0.000000e+00  1.000000e+00  0.000000e+00
   outer loop
     vertex  1.414115e+01  8.000000e+00  1.330003e+02
     vertex  1.414389e+01  8.000000e+00  1.225994e+02
     vertex  1.410000e+01  8.000000e+00  1.226000e+02
   endloop
 endfacet
 facet normal  0.000000e+00  1.000000e+00  0.000000e+00
   outer loop
     vertex  1.414115e+01  8.000000e+00  1.330003e+02
     vertex  1.410000e+01  8.000000e+00  1.226000e+02
     vertex  1.405885e+01  8.000000e+00  1.330003e+02
   endloop
 endfacet
 facet normal  0.000000e+00  1.000000e+00  0.000000e+00
   outer loop
     vertex  1.422343e+01  8.000000e+00  1.330025e+02
     vertex  1.418776e+01  8.000000e+00  1.225976e+02
     vertex  1.414389e+01  8.000000e+00  1.225994e+02
   endloop
 endfacet
 facet normal  0.000000e+00  1.000000e+00  0.000000e+00
   outer loop
     vertex  1.422343e+01  8.000000e+00  1.330025e+02
     vertex  1.414389e+01  8.000000e+00  1.225994e+02
     vertex  1.414115e+01  8.000000e+00  1.330003e+02
   endloop
 endfacet
 facet normal  0.000000e+00  1.000000e+00  0.000000e+00
   outer loop
     vertex  1.430562e+01  8.000000e+00  1.330071e+02
     vertex  1.423155e+01  8.000000e+00  1.225946e+02
     vertex  1.418776e+01  8.000000e+00  1.225976e+02
   endloop
 endfacet
 facet normal  0.000000e+00  1.000000e+00  0.000000e+00
   outer loop
     vertex  1.430562e+01  8.000000e+00  1.330071e+02
     vertex  1.427525e+01  8.000000e+00  1.225904e+02
     vertex  1.423155e+01  8.000000e+00  1.225946e+02
   endloop
 endfacet
 facet normal  0.000000e+00  1.000000e+00  0.000000e+00
   outer loop
     vertex  1.430562e+01  8.000000e+00  1.330071e+02
     vertex  1.418776e+01  8.000000e+00  1.225976e+02
     vertex  1.422343e+01  8.000000e+00  1.330025e+02
   endloop
 endfacet
 facet normal  0.000000e+00  1.000000e+00  0.000000e+00
   outer loop
     vertex  1.438765e+01  8.000000e+00  1.330138e+02
     vertex  1.431881e+01  8.000000e+00  1.225850e+02
     vertex  1.427525e+01  8.000000e+00  1.225904e+02
   endloop
 endfacet
 facet normal  0.000000e+00  1.000000e+00  0.000000e+00
   outer loop
     vertex  1.438765e+01  8.000000e+00  1.330138e+02
     vertex  1.427525e+01  8.000000e+00  1.225904e+02
     vertex  1.430562e+01  8.000000e+00  1.330071e+02
   endloop
 endfacet
 facet normal  0.000000e+00  1.000000e+00  0.000000e+00
   outer loop
     vertex  1.446947e+01  8.000000e+00  1.330228e+02
     vertex  1.436221e+01  8.000000e+00  1.225784e+02
     vertex  1.431881e+01  8.000000e+00  1.225850e+02
   endloop
 endfacet
 facet normal  0.000000e+00  1.000000e+00  0.000000e+00
   outer loop
     vertex  1.446947e+01  8.000000e+00  1.330228e+02
     vertex  1.431881e+01  8.000000e+00  1.225850e+02
     vertex  1.438765e+01  8.000000e+00  1.330138e+02
   endloop
 endfacet
 facet normal  0.000000e+00  1.000000e+00  0.000000e+00
   outer loop
     vertex  1.455100e+01  8.000000e+00  1.330341e+02
     vertex  1.440541e+01  8.000000e+00  1.225706e+02
     vertex  1.436221e+01  8.000000e+00  1.225784e+02
   endloop
 endfacet
 facet normal  0.000000e+00  1.000000e+00  0.000000e+00
   outer loop
     vertex  1.455100e+01  8.000000e+00  1.330341e+02
     vertex  1.436221e+01  8.000000e+00  1.225784e+02
     vertex  1.446947e+01  8.000000e+00  1.330228e+02
   endloop
 endfacet
 facet normal  0.000000e+00  1.000000e+00  0.000000e+00
   outer loop
     vertex  1.463220e+01  8.000000e+00  1.330476e+02
     vertex  1.444839e+01  8.000000e+00  1.225616e+02
     vertex  1.440541e+01  8.000000e+00  1.225706e+02
   endloop
 endfacet
 facet normal  0.000000e+00  1.000000e+00  0.000000e+00
   outer loop
     vertex  1.463220e+01  8.000000e+00  1.330476e+02
     vertex  1.440541e+01  8.000000e+00  1.225706e+02
     vertex  1.455100e+01  8.000000e+00  1.330341e+02
   endloop
 endfacet
 facet normal  0.000000e+00  1.000000e+00  0.000000e+00
   outer loop
     vertex  1.471300e+01  8.000000e+00  1.330633e+02
     vertex  1.449110e+01  8.000000e+00  1.225515e+02
     vertex  1.444839e+01  8.000000e+00  1.225616e+02
   endloop
 endfacet
 facet normal  0.000000e+00  1.000000e+00  0.000000e+00
   outer loop
     vertex  1.471300e+01  8.000000e+00  1.330633e+02
     vertex  1.453351e+01  8.000000e+00  1.225402e+02
     vertex  1.449110e+01  8.000000e+00  1.225515e+02
   endloop
 endfacet
 facet normal  0.000000e+00  1.000000e+00  0.000000e+00
   outer loop
     vertex  1.471300e+01  8.000000e+00  1.330633e+02
     vertex  1.444839e+01  8.000000e+00  1.225616e+02
     vertex  1.463220e+01  8.000000e+00  1.330476e+02
   endloop
 endfacet
 facet normal  0.000000e+00  1.000000e+00  0.000000e+00
   outer loop
     vertex  1.479333e+01  8.000000e+00  1.330812e+02
     vertex  1.457560e+01  8.000000e+00  1.225277e+02
     vertex  1.453351e+01  8.000000e+00  1.225402e+02
   endloop
 endfacet
 facet normal  0.000000e+00  1.000000e+00  0.000000e+00
   outer loop
     vertex  1.479333e+01  8.000000e+00  1.330812e+02
     vertex  1.453351e+01  8.000000e+00  1.225402e+02
     vertex  1.471300e+01  8.000000e+00  1.330633e+02
   endloop
 endfacet
 facet normal  0.000000e+00  1.000000e+00  0.000000e+00
   outer loop
     vertex  1.487314e+01  8.000000e+00  1.331013e+02
     vertex  1.461733e+01  8.000000e+00  1.225141e+02
     vertex  1.457560e+01  8.000000e+00  1.225277e+02
   endloop
 endfacet
 facet normal  0.000000e+00  1.000000e+00  0.000000e+00
   outer loop
     vertex  1.487314e+01  8.000000e+00  1.331013e+02
     vertex  1.457560e+01  8.000000e+00  1.225277e+02
     vertex  1.479333e+01  8.000000e+00  1.330812e+02
   endloop
 endfacet
 facet normal  0.000000e+00  1.000000e+00  0.000000e+00
   outer loop
     vertex  1.495237e+01  8.000000e+00  1.331236e+02
     vertex  1.465868e+01  8.000000e+00  1.224993e+02
     vertex  1.461733e+01  8.000000e+00  1.225141e+02
   endloop
 endfacet
 facet normal  0.000000e+00  1.000000e+00  0.000000e+00
   outer loop
     vertex  1.495237e+01  8.000000e+00  1.331236e+02
     vertex  1.461733e+01  8.000000e+00  1.225141e+02
     vertex  1.487314e+01  8.000000e+00  1.331013e+02
   endloop
 endfacet
 facet normal  0.000000e+00  1.000000e+00  0.000000e+00
   outer loop
     vertex  1.503096e+01  8.000000e+00  1.331481e+02
     vertex  1.465868e+01  8.000000e+00  1.224993e+02
     vertex  1.495237e+01  8.000000e+00  1.331236e+02
   endloop
 endfacet
 facet normal  0.000000e+00  1.000000e+00  0.000000e+00
   outer loop
     vertex  1.503096e+01  8.000000e+00  1.331481e+02
     vertex  1.469960e+01  8.000000e+00  1.224834e+02
     vertex  1.465868e+01  8.000000e+00  1.224993e+02
   endloop
 endfacet
 facet normal  0.000000e+00  1.000000e+00  0.000000e+00
   outer loop
     vertex  1.510885e+01  8.000000e+00  1.331747e+02
     vertex  1.469960e+01  8.000000e+00  1.224834e+02
     vertex  1.503096e+01  8.000000e+00  1.331481e+02
   endloop
 endfacet
 facet normal  0.000000e+00  1.000000e+00  0.000000e+00
   outer loop
     vertex  1.510885e+01  8.000000e+00  1.331747e+02
     vertex  1.474007e+01  8.000000e+00  1.224664e+02
     vertex  1.469960e+01  8.000000e+00  1.224834e+02
   endloop
 endfacet
 facet normal  0.000000e+00  1.000000e+00  0.000000e+00
   outer loop
     vertex  1.510885e+01  8.000000e+00  1.331747e+02
     vertex  1.478005e+01  8.000000e+00  1.224483e+02
     vertex  1.474007e+01  8.000000e+00  1.224664e+02
   endloop
 endfacet
 facet normal  0.000000e+00  1.000000e+00  0.000000e+00
   outer loop
     vertex  1.518598e+01  8.000000e+00  1.332035e+02
     vertex  1.481953e+01  8.000000e+00  1.224291e+02
     vertex  1.478005e+01  8.000000e+00  1.224483e+02
   endloop
 endfacet
 facet normal  0.000000e+00  1.000000e+00  0.000000e+00
   outer loop
     vertex  1.518598e+01  8.000000e+00  1.332035e+02
     vertex  1.478005e+01  8.000000e+00  1.224483e+02
     vertex  1.510885e+01  8.000000e+00  1.331747e+02
   endloop
 endfacet
 facet normal  0.000000e+00  1.000000e+00  0.000000e+00
   outer loop
     vertex  1.526229e+01  8.000000e+00  1.332343e+02
     vertex  1.481953e+01  8.000000e+00  1.224291e+02
     vertex  1.518598e+01  8.000000e+00  1.332035e+02
   endloop
 endfacet
 facet normal  0.000000e+00  1.000000e+00  0.000000e+00
   outer loop
     vertex  1.526229e+01  8.000000e+00  1.332343e+02
     vertex  1.485847e+01  8.000000e+00  1.224088e+02
     vertex  1.481953e+01  8.000000e+00  1.224291e+02
   endloop
 endfacet
 facet normal  0.000000e+00  1.000000e+00  0.000000e+00
   outer loop
     vertex  1.533773e+01  8.000000e+00  1.332672e+02
     vertex  1.485847e+01  8.000000e+00  1.224088e+02
     vertex  1.526229e+01  8.000000e+00  1.332343e+02
   endloop
 endfacet
 facet normal  0.000000e+00  1.000000e+00  0.000000e+00
   outer loop
     vertex  1.533773e+01  8.000000e+00  1.332672e+02
     vertex  1.489683e+01  8.000000e+00  1.223875e+02
     vertex  1.485847e+01  8.000000e+00  1.224088e+02
   endloop
 endfacet
 facet normal  0.000000e+00  1.000000e+00  0.000000e+00
   outer loop
     vertex  1.541224e+01  8.000000e+00  1.333022e+02
     vertex  1.493459e+01  8.000000e+00  1.223651e+02
     vertex  1.489683e+01  8.000000e+00  1.223875e+02
   endloop
 endfacet
 facet normal  0.000000e+00  1.000000e+00  0.000000e+00
   outer loop
     vertex  1.541224e+01  8.000000e+00  1.333022e+02
     vertex  1.489683e+01  8.000000e+00  1.223875e+02
     vertex  1.533773e+01  8.000000e+00  1.332672e+02
   endloop
 endfacet
 facet normal  0.000000e+00  1.000000e+00  0.000000e+00
   outer loop
     vertex  1.548575e+01  8.000000e+00  1.333392e+02
     vertex  1.497173e+01  8.000000e+00  1.223417e+02
     vertex  1.493459e+01  8.000000e+00  1.223651e+02
   endloop
 endfacet
 facet normal  0.000000e+00  1.000000e+00  0.000000e+00
   outer loop
     vertex  1.548575e+01  8.000000e+00  1.333392e+02
     vertex  1.500821e+01  8.000000e+00  1.223173e+02
     vertex  1.497173e+01  8.000000e+00  1.223417e+02
   endloop
 endfacet
 facet normal  0.000000e+00  1.000000e+00  0.000000e+00
   outer loop
     vertex  1.548575e+01  8.000000e+00  1.333392e+02
     vertex  1.493459e+01  8.000000e+00  1.223651e+02
     vertex  1.541224e+01  8.000000e+00  1.333022e+02
   endloop
 endfacet
 facet normal  0.000000e+00  1.000000e+00  0.000000e+00
   outer loop
     vertex  1.555823e+01  8.000000e+00  1.333782e+02
     vertex  1.504400e+01  8.000000e+00  1.222918e+02
     vertex  1.500821e+01  8.000000e+00  1.223173e+02
   endloop
 endfacet
 facet normal  0.000000e+00  1.000000e+00  0.000000e+00
   outer loop
     vertex  1.555823e+01  8.000000e+00  1.333782e+02
     vertex  1.500821e+01  8.000000e+00  1.223173e+02
     vertex  1.548575e+01  8.000000e+00  1.333392e+02
   endloop
 endfacet
 facet normal  0.000000e+00  1.000000e+00  0.000000e+00
   outer loop
     vertex  1.562960e+01  8.000000e+00  1.334192e+02
     vertex  1.507909e+01  8.000000e+00  1.222655e+02
     vertex  1.504400e+01  8.000000e+00  1.222918e+02
   endloop
 endfacet
 facet normal  0.000000e+00  1.000000e+00  0.000000e+00
   outer loop
     vertex  1.562960e+01  8.000000e+00  1.334192e+02
     vertex  1.504400e+01  8.000000e+00  1.222918e+02
     vertex  1.555823e+01  8.000000e+00  1.333782e+02
   endloop
 endfacet
 facet normal  0.000000e+00  1.000000e+00  0.000000e+00
   outer loop
     vertex  1.569983e+01  8.000000e+00  1.334622e+02
     vertex  1.511344e+01  8.000000e+00  1.222381e+02
     vertex  1.507909e+01  8.000000e+00  1.222655e+02
   endloop
 endfacet
 facet normal  0.000000e+00  1.000000e+00  0.000000e+00
   outer loop
     vertex  1.569983e+01  8.000000e+00  1.334622e+02
     vertex  1.507909e+01  8.000000e+00  1.222655e+02
     vertex  1.562960e+01  8.000000e+00  1.334192e+02
   endloop
 endfacet
 facet normal  0.000000e+00  1.000000e+00  0.000000e+00
   outer loop
     vertex  1.576885e+01  8.000000e+00  1.335070e+02
     vertex  1.511344e+01  8.000000e+00  1.222381e+02
     vertex  1.569983e+01  8.000000e+00  1.334622e+02
   endloop
 endfacet
 facet normal  0.000000e+00  1.000000e+00  0.000000e+00
   outer loop
     vertex  1.576885e+01  8.000000e+00  1.335070e+02
     vertex  1.514702e+01  8.000000e+00  1.222099e+02
     vertex  1.511344e+01  8.000000e+00  1.222381e+02
   endloop
 endfacet
 facet normal  0.000000e+00  1.000000e+00  0.000000e+00
   outer loop
     vertex  1.583661e+01  8.000000e+00  1.335537e+02
     vertex  1.517982e+01  8.000000e+00  1.221807e+02
     vertex  1.514702e+01  8.000000e+00  1.222099e+02
   endloop
 endfacet
 facet normal  0.000000e+00  1.000000e+00  0.000000e+00
   outer loop
     vertex  1.583661e+01  8.000000e+00  1.335537e+02
     vertex  1.514702e+01  8.000000e+00  1.222099e+02
     vertex  1.576885e+01  8.000000e+00  1.335070e+02
   endloop
 endfacet
 facet normal  0.000000e+00  1.000000e+00  0.000000e+00
   outer loop
     vertex  1.590307e+01  8.000000e+00  1.336023e+02
     vertex  1.521180e+01  8.000000e+00  1.221506e+02
     vertex  1.517982e+01  8.000000e+00  1.221807e+02
   endloop
 endfacet
 facet normal  0.000000e+00  1.000000e+00  0.000000e+00
   outer loop
     vertex  1.590307e+01  8.000000e+00  1.336023e+02
     vertex  1.517982e+01  8.000000e+00  1.221807e+02
     vertex  1.583661e+01  8.000000e+00  1.335537e+02
   endloop
 endfacet
 facet normal  0.000000e+00  1.000000e+00  0.000000e+00
   outer loop
     vertex  1.596817e+01  8.000000e+00  1.336527e+02
     vertex  1.524295e+01  8.000000e+00  1.221197e+02
     vertex  1.521180e+01  8.000000e+00  1.221506e+02
   endloop
 endfacet
 facet normal  0.000000e+00  1.000000e+00  0.000000e+00
   outer loop
     vertex  1.596817e+01  8.000000e+00  1.336527e+02
     vertex  1.527324e+01  8.000000e+00  1.220879e+02
     vertex  1.524295e+01  8.000000e+00  1.221197e+02
   endloop
 endfacet
 facet normal  0.000000e+00  1.000000e+00  0.000000e+00
   outer loop
     vertex  1.596817e+01  8.000000e+00  1.336527e+02
     vertex  1.521180e+01  8.000000e+00  1.221506e+02
     vertex  1.590307e+01  8.000000e+00  1.336023e+02
   endloop
 endfacet
 facet normal  0.000000e+00  1.000000e+00  0.000000e+00
   outer loop
     vertex  1.603186e+01  8.000000e+00  1.337048e+02
     vertex  1.527324e+01  8.000000e+00  1.220879e+02
     vertex  1.596817e+01  8.000000e+00  1.336527e+02
   endloop
 endfacet
 facet normal  0.000000e+00  1.000000e+00  0.000000e+00
   outer loop
     vertex  1.603186e+01  8.000000e+00  1.337048e+02
     vertex  1.530264e+01  8.000000e+00  1.220553e+02
     vertex  1.527324e+01  8.000000e+00  1.220879e+02
   endloop
 endfacet
 facet normal  0.000000e+00  1.000000e+00  0.000000e+00
   outer loop
     vertex  1.609410e+01  8.000000e+00  1.337587e+02
     vertex  1.533114e+01  8.000000e+00  1.220219e+02
     vertex  1.530264e+01  8.000000e+00  1.220553e+02
   endloop
 endfacet
 facet normal  0.000000e+00  1.000000e+00  0.000000e+00
   outer loop
     vertex  1.609410e+01  8.000000e+00  1.337587e+02
     vertex  1.530264e+01  8.000000e+00  1.220553e+02
     vertex  1.603186e+01  8.000000e+00  1.337048e+02
   endloop
 endfacet
 facet normal  0.000000e+00  1.000000e+00  0.000000e+00
   outer loop
     vertex  1.615484e+01  8.000000e+00  1.338142e+02
     vertex  1.535871e+01  8.000000e+00  1.219877e+02
     vertex  1.533114e+01  8.000000e+00  1.220219e+02
   endloop
 endfacet
 facet normal  0.000000e+00  1.000000e+00  0.000000e+00
   outer loop
     vertex  1.615484e+01  8.000000e+00  1.338142e+02
     vertex  1.533114e+01  8.000000e+00  1.220219e+02
     vertex  1.609410e+01  8.000000e+00  1.337587e+02
   endloop
 endfacet
 facet normal  0.000000e+00  1.000000e+00  0.000000e+00
   outer loop
     vertex  1.621403e+01  8.000000e+00  1.338714e+02
     vertex  1.538534e+01  8.000000e+00  1.219528e+02
     vertex  1.535871e+01  8.000000e+00  1.219877e+02
   endloop
 endfacet
 facet normal  0.000000e+00  1.000000e+00  0.000000e+00
   outer loop
     vertex  1.621403e+01  8.000000e+00  1.338714e+02
     vertex  1.535871e+01  8.000000e+00  1.219877e+02
     vertex  1.615484e+01  8.000000e+00  1.338142e+02
   endloop
 endfacet
 facet normal  0.000000e+00  1.000000e+00  0.000000e+00
   outer loop
     vertex  1.627163e+01  8.000000e+00  1.339302e+02
     vertex  1.541099e+01  8.000000e+00  1.219172e+02
     vertex  1.538534e+01  8.000000e+00  1.219528e+02
   endloop
 endfacet
 facet normal  0.000000e+00  1.000000e+00  0.000000e+00
   outer loop
     vertex  1.627163e+01  8.000000e+00  1.339302e+02
     vertex  1.538534e+01  8.000000e+00  1.219528e+02
     vertex  1.621403e+01  8.000000e+00  1.338714e+02
   endloop
 endfacet
 facet normal  0.000000e+00  1.000000e+00  0.000000e+00
   outer loop
     vertex  1.632760e+01  8.000000e+00  1.339906e+02
     vertex  1.541099e+01  8.000000e+00  1.219172e+02
     vertex  1.627163e+01  8.000000e+00  1.339302e+02
   endloop
 endfacet
 facet normal  0.000000e+00  1.000000e+00  0.000000e+00
   outer loop
     vertex  1.632760e+01  8.000000e+00  1.339906e+02
     vertex  1.543566e+01  8.000000e+00  1.218809e+02
     vertex  1.541099e+01  8.000000e+00  1.219172e+02
   endloop
 endfacet
 facet normal  0.000000e+00  1.000000e+00  0.000000e+00
   outer loop
     vertex  1.638189e+01  8.000000e+00  1.340524e+02
     vertex  1.543566e+01  8.000000e+00  1.218809e+02
     vertex  1.632760e+01  8.000000e+00  1.339906e+02
   endloop
 endfacet
 facet normal  0.000000e+00  1.000000e+00  0.000000e+00
   outer loop
     vertex  1.638189e+01  8.000000e+00  1.340524e+02
     vertex  1.545933e+01  8.000000e+00  1.218439e+02
     vertex  1.543566e+01  8.000000e+00  1.218809e+02
   endloop
 endfacet
 facet normal  0.000000e+00  1.000000e+00  0.000000e+00
   outer loop
     vertex  1.638189e+01  8.000000e+00  1.340524e+02
     vertex  1.548197e+01  8.000000e+00  1.218063e+02
     vertex  1.545933e+01  8.000000e+00  1.218439e+02
   endloop
 endfacet
 facet normal  0.000000e+00  1.000000e+00  0.000000e+00
   outer loop
     vertex  1.643446e+01  8.000000e+00  1.341158e+02
     vertex  1.550357e+01  8.000000e+00  1.217681e+02
     vertex  1.548197e+01  8.000000e+00  1.218063e+02
   endloop
 endfacet
 facet normal  0.000000e+00  1.000000e+00  0.000000e+00
   outer loop
     vertex  1.643446e+01  8.000000e+00  1.341158e+02
     vertex  1.548197e+01  8.000000e+00  1.218063e+02
     vertex  1.638189e+01  8.000000e+00  1.340524e+02
   endloop
 endfacet
 facet normal  0.000000e+00  1.000000e+00  0.000000e+00
   outer loop
     vertex  1.648527e+01  8.000000e+00  1.341805e+02
     vertex  1.552411e+01  8.000000e+00  1.217293e+02
     vertex  1.550357e+01  8.000000e+00  1.217681e+02
   endloop
 endfacet
 facet normal  0.000000e+00  1.000000e+00  0.000000e+00
   outer loop
     vertex  1.648527e+01  8.000000e+00  1.341805e+02
     vertex  1.550357e+01  8.000000e+00  1.217681e+02
     vertex  1.643446e+01  8.000000e+00  1.341158e+02
   endloop
 endfacet
 facet normal  0.000000e+00  1.000000e+00  0.000000e+00
   outer loop
     vertex  1.653429e+01  8.000000e+00  1.342466e+02
     vertex  1.552411e+01  8.000000e+00  1.217293e+02
     vertex  1.648527e+01  8.000000e+00  1.341805e+02
   endloop
 endfacet
 facet normal  0.000000e+00  1.000000e+00  0.000000e+00
   outer loop
     vertex  1.653429e+01  8.000000e+00  1.342466e+02
     vertex  1.554358e+01  8.000000e+00  1.216900e+02
     vertex  1.552411e+01  8.000000e+00  1.217293e+02
   endloop
 endfacet
 facet normal  0.000000e+00  1.000000e+00  0.000000e+00
   outer loop
     vertex  1.658147e+01  8.000000e+00  1.343141e+02
     vertex  1.554358e+01  8.000000e+00  1.216900e+02
     vertex  1.653429e+01  8.000000e+00  1.342466e+02
   endloop
 endfacet
 facet normal  0.000000e+00  1.000000e+00  0.000000e+00
   outer loop
     vertex  1.658147e+01  8.000000e+00  1.343141e+02
     vertex  1.556197e+01  8.000000e+00  1.216501e+02
     vertex  1.554358e+01  8.000000e+00  1.216900e+02
   endloop
 endfacet
 facet normal  0.000000e+00  1.000000e+00  0.000000e+00
   outer loop
     vertex  1.662679e+01  8.000000e+00  1.343828e+02
     vertex  1.557926e+01  8.000000e+00  1.216098e+02
     vertex  1.556197e+01  8.000000e+00  1.216501e+02
   endloop
 endfacet
 facet normal  0.000000e+00  1.000000e+00  0.000000e+00
   outer loop
     vertex  1.662679e+01  8.000000e+00  1.343828e+02
     vertex  1.556197e+01  8.000000e+00  1.216501e+02
     vertex  1.658147e+01  8.000000e+00  1.343141e+02
   endloop
 endfacet
 facet normal  0.000000e+00  1.000000e+00  0.000000e+00
   outer loop
     vertex  1.667021e+01  8.000000e+00  1.344527e+02
     vertex  1.557926e+01  8.000000e+00  1.216098e+02
     vertex  1.662679e+01  8.000000e+00  1.343828e+02
   endloop
 endfacet
 facet normal  0.000000e+00  1.000000e+00  0.000000e+00
   outer loop
     vertex  1.667021e+01  8.000000e+00  1.344527e+02
     vertex  1.559543e+01  8.000000e+00  1.215689e+02
     vertex  1.557926e+01  8.000000e+00  1.216098e+02
   endloop
 endfacet
 facet normal  0.000000e+00  1.000000e+00  0.000000e+00
   outer loop
     vertex  1.671169e+01  8.000000e+00  1.345238e+02
     vertex  1.561047e+01  8.000000e+00  1.215277e+02
     vertex  1.559543e+01  8.000000e+00  1.215689e+02
   endloop
 endfacet
 facet normal  0.000000e+00  1.000000e+00  0.000000e+00
   outer loop
     vertex  1.671169e+01  8.000000e+00  1.345238e+02
     vertex  1.559543e+01  8.000000e+00  1.215689e+02
     vertex  1.667021e+01  8.000000e+00  1.344527e+02
   endloop
 endfacet
 facet normal  0.000000e+00  1.000000e+00  0.000000e+00
   outer loop
     vertex  1.675120e+01  8.000000e+00  1.345960e+02
     vertex  1.562438e+01  8.000000e+00  1.214861e+02
     vertex  1.561047e+01  8.000000e+00  1.215277e+02
   endloop
 endfacet
 facet normal  0.000000e+00  1.000000e+00  0.000000e+00
   outer loop
     vertex  1.675120e+01  8.000000e+00  1.345960e+02
     vertex  1.561047e+01  8.000000e+00  1.215277e+02
     vertex  1.671169e+01  8.000000e+00  1.345238e+02
   endloop
 endfacet
 facet normal  0.000000e+00  1.000000e+00  0.000000e+00
   outer loop
     vertex  1.678872e+01  8.000000e+00  1.346693e+02
     vertex  1.562438e+01  8.000000e+00  1.214861e+02
     vertex  1.675120e+01  8.000000e+00  1.345960e+02
   endloop
 endfacet
 facet normal  0.000000e+00  1.000000e+00  0.000000e+00
   outer loop
     vertex  1.678872e+01  8.000000e+00  1.346693e+02
     vertex  1.563714e+01  8.000000e+00  1.214441e+02
     vertex  1.562438e+01  8.000000e+00  1.214861e+02
   endloop
 endfacet
 facet normal  0.000000e+00  1.000000e+00  0.000000e+00
   outer loop
     vertex  1.682421e+01  8.000000e+00  1.347436e+02
     vertex  1.563714e+01  8.000000e+00  1.214441e+02
     vertex  1.678872e+01  8.000000e+00  1.346693e+02
   endloop
 endfacet
 facet normal  0.000000e+00  1.000000e+00  0.000000e+00
   outer loop
     vertex  1.682421e+01  8.000000e+00  1.347436e+02
     vertex  1.564875e+01  8.000000e+00  1.214017e+02
     vertex  1.563714e+01  8.000000e+00  1.214441e+02
   endloop
 endfacet
 facet normal  0.000000e+00  1.000000e+00  0.000000e+00
   outer loop
     vertex  1.685766e+01  8.000000e+00  1.348188e+02
     vertex  1.564875e+01  8.000000e+00  1.214017e+02
     vertex  1.682421e+01  8.000000e+00  1.347436e+02
   endloop
 endfacet
 facet normal  0.000000e+00  1.000000e+00  0.000000e+00
   outer loop
     vertex  1.685766e+01  8.000000e+00  1.348188e+02
     vertex  1.565918e+01  8.000000e+00  1.213591e+02
     vertex  1.564875e+01  8.000000e+00  1.214017e+02
   endloop
 endfacet
 facet normal  0.000000e+00  1.000000e+00  0.000000e+00
   outer loop
     vertex  1.685766e+01  8.000000e+00  1.348188e+02
     vertex  1.566845e+01  8.000000e+00  1.213162e+02
     vertex  1.565918e+01  8.000000e+00  1.213591e+02
   endloop
 endfacet
 facet normal  0.000000e+00  1.000000e+00  0.000000e+00
   outer loop
     vertex  1.688903e+01  8.000000e+00  1.348949e+02
     vertex  1.566845e+01  8.000000e+00  1.213162e+02
     vertex  1.685766e+01  8.000000e+00  1.348188e+02
   endloop
 endfacet
 facet normal  0.000000e+00  1.000000e+00  0.000000e+00
   outer loop
     vertex  1.688903e+01  8.000000e+00  1.348949e+02
     vertex  1.567653e+01  8.000000e+00  1.212730e+02
     vertex  1.566845e+01  8.000000e+00  1.213162e+02
   endloop
 endfacet
 facet normal  0.000000e+00  1.000000e+00  0.000000e+00
   outer loop
     vertex  1.691830e+01  8.000000e+00  1.349718e+02
     vertex  1.567653e+01  8.000000e+00  1.212730e+02
     vertex  1.688903e+01  8.000000e+00  1.348949e+02
   endloop
 endfacet
 facet normal  0.000000e+00  1.000000e+00  0.000000e+00
   outer loop
     vertex  1.691830e+01  8.000000e+00  1.349718e+02
     vertex  1.568343e+01  8.000000e+00  1.212297e+02
     vertex  1.567653e+01  8.000000e+00  1.212730e+02
   endloop
 endfacet
 facet normal  0.000000e+00  1.000000e+00  0.000000e+00
   outer loop
     vertex  1.694544e+01  8.000000e+00  1.350495e+02
     vertex  1.568343e+01  8.000000e+00  1.212297e+02
     vertex  1.691830e+01  8.000000e+00  1.349718e+02
   endloop
 endfacet
 facet normal  0.000000e+00  1.000000e+00  0.000000e+00
   outer loop
     vertex  1.694544e+01  8.000000e+00  1.350495e+02
     vertex  1.568913e+01  8.000000e+00  1.211862e+02
     vertex  1.568343e+01  8.000000e+00  1.212297e+02
   endloop
 endfacet
 facet normal  0.000000e+00  1.000000e+00  0.000000e+00
   outer loop
     vertex  1.697045e+01  8.000000e+00  1.351279e+02
     vertex  1.568913e+01  8.000000e+00  1.211862e+02
     vertex  1.694544e+01  8.000000e+00  1.350495e+02
   endloop
 endfacet
 facet normal  0.000000e+00  1.000000e+00  0.000000e+00
   outer loop
     vertex  1.697045e+01  8.000000e+00  1.351279e+02
     vertex  1.569364e+01  8.000000e+00  1.211425e+02
     vertex  1.568913e+01  8.000000e+00  1.211862e+02
   endloop
 endfacet
 facet normal  0.000000e+00  1.000000e+00  0.000000e+00
   outer loop
     vertex  1.699329e+01  8.000000e+00  1.352070e+02
     vertex  1.569364e+01  8.000000e+00  1.211425e+02
     vertex  1.697045e+01  8.000000e+00  1.351279e+02
   endloop
 endfacet
 facet normal  0.000000e+00  1.000000e+00  0.000000e+00
   outer loop
     vertex  1.699329e+01  8.000000e+00  1.352070e+02
     vertex  1.569695e+01  8.000000e+00  1.210987e+02
     vertex  1.569364e+01  8.000000e+00  1.211425e+02
   endloop
 endfacet
 facet normal  0.000000e+00  1.000000e+00  0.000000e+00
   outer loop
     vertex  1.701396e+01  8.000000e+00  1.352867e+02
     vertex  1.569695e+01  8.000000e+00  1.210987e+02
     vertex  1.699329e+01  8.000000e+00  1.352070e+02
   endloop
 endfacet
 facet normal  0.000000e+00  1.000000e+00  0.000000e+00
   outer loop
     vertex  0.000000e+00  8.000000e+00  1.560000e+02
     vertex  1.253604e+01  8.000000e+00  1.206623e+02
     vertex  1.254589e+01  8.000000e+00  1.206196e+02
   endloop
 endfacet
 facet normal  0.000000e+00  1.000000e+00  0.000000e+00
   outer loop
     vertex  0.000000e+00  8.000000e+00  1.560000e+02
     vertex  1.252736e+01  8.000000e+00  1.207054e+02
     vertex  1.253604e+01  8.000000e+00  1.206623e+02
   endloop
 endfacet
 facet normal  0.000000e+00  1.000000e+00  0.000000e+00
   outer loop
     vertex  0.000000e+00  8.000000e+00  1.560000e+02
     vertex  1.251987e+01  8.000000e+00  1.207486e+02
     vertex  1.252736e+01  8.000000e+00  1.207054e+02
   endloop
 endfacet
 facet normal  0.000000e+00  1.000000e+00  0.000000e+00
   outer loop
     vertex  0.000000e+00  8.000000e+00  1.560000e+02
     vertex  1.251357e+01  8.000000e+00  1.207921e+02
     vertex  1.251987e+01  8.000000e+00  1.207486e+02
   endloop
 endfacet
 facet normal  0.000000e+00  1.000000e+00  0.000000e+00
   outer loop
     vertex  0.000000e+00  8.000000e+00  1.560000e+02
     vertex  1.250846e+01  8.000000e+00  1.208357e+02
     vertex  1.251357e+01  8.000000e+00  1.207921e+02
   endloop
 endfacet
 facet normal  0.000000e+00  1.000000e+00  0.000000e+00
   outer loop
     vertex  0.000000e+00  8.000000e+00  1.560000e+02
     vertex  1.250455e+01  8.000000e+00  1.208794e+02
     vertex  1.250846e+01  8.000000e+00  1.208357e+02
   endloop
 endfacet
 facet normal  0.000000e+00  1.000000e+00  0.000000e+00
   outer loop
     vertex  0.000000e+00  8.000000e+00  1.560000e+02
     vertex  1.250184e+01  8.000000e+00  1.209232e+02
     vertex  1.250455e+01  8.000000e+00  1.208794e+02
   endloop
 endfacet
 facet normal  0.000000e+00  1.000000e+00  0.000000e+00
   outer loop
     vertex  0.000000e+00  8.000000e+00  1.560000e+02
     vertex  1.250034e+01  8.000000e+00  1.209671e+02
     vertex  1.250184e+01  8.000000e+00  1.209232e+02
   endloop
 endfacet
 facet normal  0.000000e+00  1.000000e+00  0.000000e+00
   outer loop
     vertex  0.000000e+00  8.000000e+00  1.560000e+02
     vertex  1.250004e+01  8.000000e+00  1.210110e+02
     vertex  1.250034e+01  8.000000e+00  1.209671e+02
   endloop
 endfacet
 facet normal  0.000000e+00  1.000000e+00  0.000000e+00
   outer loop
     vertex  0.000000e+00  8.000000e+00  1.560000e+02
     vertex  1.250094e+01  8.000000e+00  1.210549e+02
     vertex  1.250004e+01  8.000000e+00  1.210110e+02
   endloop
 endfacet
 facet normal  0.000000e+00  1.000000e+00  0.000000e+00
   outer loop
     vertex  0.000000e+00  8.000000e+00  1.560000e+02
     vertex  1.250305e+01  8.000000e+00  1.210987e+02
     vertex  1.250094e+01  8.000000e+00  1.210549e+02
   endloop
 endfacet
 facet normal  0.000000e+00  1.000000e+00  0.000000e+00
   outer loop
     vertex  0.000000e+00  8.000000e+00  1.560000e+02
     vertex  1.118604e+01  8.000000e+00  1.352867e+02
     vertex  1.250305e+01  8.000000e+00  1.210987e+02
   endloop
 endfacet
 facet normal  0.000000e+00  1.000000e+00  0.000000e+00
   outer loop
     vertex  0.000000e+00  8.000000e+00  1.560000e+02
     vertex  1.116757e+01  8.000000e+00  1.353669e+02
     vertex  1.118604e+01  8.000000e+00  1.352867e+02
   endloop
 endfacet
 facet normal  0.000000e+00  1.000000e+00  0.000000e+00
   outer loop
     vertex  0.000000e+00  8.000000e+00  1.560000e+02
     vertex  1.115130e+01  8.000000e+00  1.354476e+02
     vertex  1.116757e+01  8.000000e+00  1.353669e+02
   endloop
 endfacet
 facet normal  0.000000e+00  1.000000e+00  0.000000e+00
   outer loop
     vertex  0.000000e+00  8.000000e+00  1.560000e+02
     vertex  1.113726e+01  8.000000e+00  1.355287e+02
     vertex  1.115130e+01  8.000000e+00  1.354476e+02
   endloop
 endfacet
 facet normal  0.000000e+00  1.000000e+00  0.000000e+00
   outer loop
     vertex  0.000000e+00  8.000000e+00  1.560000e+02
     vertex  1.112544e+01  8.000000e+00  1.356101e+02
     vertex  1.113726e+01  8.000000e+00  1.355287e+02
   endloop
 endfacet
 facet normal  0.000000e+00  1.000000e+00  0.000000e+00
   outer loop
     vertex  0.000000e+00  8.000000e+00  1.560000e+02
     vertex  1.111587e+01  8.000000e+00  1.356919e+02
     vertex  1.112544e+01  8.000000e+00  1.356101e+02
   endloop
 endfacet
 facet normal  0.000000e+00  1.000000e+00  0.000000e+00
   outer loop
     vertex  0.000000e+00  8.000000e+00  1.560000e+02
     vertex  1.110854e+01  8.000000e+00  1.357739e+02
     vertex  1.111587e+01  8.000000e+00  1.356919e+02
   endloop
 endfacet
 facet normal  0.000000e+00  1.000000e+00  0.000000e+00
   outer loop
     vertex  0.000000e+00  8.000000e+00  1.560000e+02
     vertex  1.110346e+01  8.000000e+00  1.358560e+02
     vertex  1.110854e+01  8.000000e+00  1.357739e+02
   endloop
 endfacet
 facet normal  0.000000e+00  1.000000e+00  0.000000e+00
   outer loop
     vertex  0.000000e+00  8.000000e+00  1.560000e+02
     vertex  1.110064e+01  8.000000e+00  1.359383e+02
     vertex  1.110346e+01  8.000000e+00  1.358560e+02
   endloop
 endfacet
 facet normal  0.000000e+00  1.000000e+00  0.000000e+00
   outer loop
     vertex  0.000000e+00  8.000000e+00  1.560000e+02
     vertex  1.110007e+01  8.000000e+00  1.360206e+02
     vertex  1.110064e+01  8.000000e+00  1.359383e+02
   endloop
 endfacet
 facet normal  0.000000e+00  1.000000e+00  0.000000e+00
   outer loop
     vertex  0.000000e+00  8.000000e+00  1.560000e+02
     vertex  1.110176e+01  8.000000e+00  1.361029e+02
     vertex  1.110007e+01  8.000000e+00  1.360206e+02
   endloop
 endfacet
 facet normal  0.000000e+00  1.000000e+00  0.000000e+00
   outer loop
     vertex  0.000000e+00  8.000000e+00  1.560000e+02
     vertex  1.110571e+01  8.000000e+00  1.361851e+02
     vertex  1.110176e+01  8.000000e+00  1.361029e+02
   endloop
 endfacet
 facet normal  0.000000e+00  1.000000e+00  0.000000e+00
   outer loop
     vertex  0.000000e+00  8.000000e+00  1.560000e+02
     vertex  1.111192e+01  8.000000e+00  1.362672e+02
     vertex  1.110571e+01  8.000000e+00  1.361851e+02
   endloop
 endfacet
 facet normal  0.000000e+00  1.000000e+00  0.000000e+00
   outer loop
     vertex  0.000000e+00  8.000000e+00  1.560000e+02
     vertex  1.112037e+01  8.000000e+00  1.363490e+02
     vertex  1.111192e+01  8.000000e+00  1.362672e+02
   endloop
 endfacet
 facet normal  0.000000e+00  1.000000e+00  0.000000e+00
   outer loop
     vertex  0.000000e+00  8.000000e+00  1.560000e+02
     vertex  1.113107e+01  8.000000e+00  1.364306e+02
     vertex  1.112037e+01  8.000000e+00  1.363490e+02
   endloop
 endfacet
 facet normal  0.000000e+00  1.000000e+00  0.000000e+00
   outer loop
     vertex  0.000000e+00  8.000000e+00  1.560000e+02
     vertex  1.114400e+01  8.000000e+00  1.365119e+02
     vertex  1.113107e+01  8.000000e+00  1.364306e+02
   endloop
 endfacet
 facet normal  0.000000e+00  1.000000e+00  0.000000e+00
   outer loop
     vertex  0.000000e+00  8.000000e+00  1.560000e+02
     vertex  1.115916e+01  8.000000e+00  1.365928e+02
     vertex  1.114400e+01  8.000000e+00  1.365119e+02
   endloop
 endfacet
 facet normal  0.000000e+00  1.000000e+00  0.000000e+00
   outer loop
     vertex  0.000000e+00  8.000000e+00  1.560000e+02
     vertex  1.117653e+01  8.000000e+00  1.366733e+02
     vertex  1.115916e+01  8.000000e+00  1.365928e+02
   endloop
 endfacet
 facet normal  0.000000e+00  1.000000e+00  0.000000e+00
   outer loop
     vertex  0.000000e+00  8.000000e+00  1.560000e+02
     vertex  1.119610e+01  8.000000e+00  1.367532e+02
     vertex  1.117653e+01  8.000000e+00  1.366733e+02
   endloop
 endfacet
 facet normal  0.000000e+00  1.000000e+00  0.000000e+00
   outer loop
     vertex  0.000000e+00  8.000000e+00  1.560000e+02
     vertex  1.121786e+01  8.000000e+00  1.368326e+02
     vertex  1.119610e+01  8.000000e+00  1.367532e+02
   endloop
 endfacet
 facet normal  0.000000e+00  1.000000e+00  0.000000e+00
   outer loop
     vertex  0.000000e+00  8.000000e+00  1.560000e+02
     vertex  1.124179e+01  8.000000e+00  1.369114e+02
     vertex  1.121786e+01  8.000000e+00  1.368326e+02
   endloop
 endfacet
 facet normal  0.000000e+00  1.000000e+00  0.000000e+00
   outer loop
     vertex  0.000000e+00  8.000000e+00  1.560000e+02
     vertex  1.126786e+01  8.000000e+00  1.369894e+02
     vertex  1.124179e+01  8.000000e+00  1.369114e+02
   endloop
 endfacet
 facet normal  0.000000e+00  1.000000e+00  0.000000e+00
   outer loop
     vertex  0.000000e+00  8.000000e+00  1.560000e+02
     vertex  1.129608e+01  8.000000e+00  1.370668e+02
     vertex  1.126786e+01  8.000000e+00  1.369894e+02
   endloop
 endfacet
 facet normal  0.000000e+00  1.000000e+00  0.000000e+00
   outer loop
     vertex  0.000000e+00  8.000000e+00  1.560000e+02
     vertex  1.132640e+01  8.000000e+00  1.371433e+02
     vertex  1.129608e+01  8.000000e+00  1.370668e+02
   endloop
 endfacet
 facet normal  0.000000e+00  1.000000e+00  0.000000e+00
   outer loop
     vertex  0.000000e+00  8.000000e+00  1.560000e+02
     vertex  1.135881e+01  8.000000e+00  1.372190e+02
     vertex  1.132640e+01  8.000000e+00  1.371433e+02
   endloop
 endfacet
 facet normal  0.000000e+00  1.000000e+00  0.000000e+00
   outer loop
     vertex  0.000000e+00  8.000000e+00  1.560000e+02
     vertex  1.139328e+01  8.000000e+00  1.372937e+02
     vertex  1.135881e+01  8.000000e+00  1.372190e+02
   endloop
 endfacet
 facet normal  0.000000e+00  1.000000e+00  0.000000e+00
   outer loop
     vertex  0.000000e+00  8.000000e+00  1.560000e+02
     vertex  1.142979e+01  8.000000e+00  1.373675e+02
     vertex  1.139328e+01  8.000000e+00  1.372937e+02
   endloop
 endfacet
 facet normal  0.000000e+00  1.000000e+00  0.000000e+00
   outer loop
     vertex  0.000000e+00  8.000000e+00  1.560000e+02
     vertex  1.146831e+01  8.000000e+00  1.374402e+02
     vertex  1.142979e+01  8.000000e+00  1.373675e+02
   endloop
 endfacet
 facet normal  0.000000e+00  1.000000e+00  0.000000e+00
   outer loop
     vertex  0.000000e+00  8.000000e+00  1.560000e+02
     vertex  1.150881e+01  8.000000e+00  1.375119e+02
     vertex  1.146831e+01  8.000000e+00  1.374402e+02
   endloop
 endfacet
 facet normal  0.000000e+00  1.000000e+00  0.000000e+00
   outer loop
     vertex  0.000000e+00  8.000000e+00  1.560000e+02
     vertex  1.155126e+01  8.000000e+00  1.375824e+02
     vertex  1.150881e+01  8.000000e+00  1.375119e+02
   endloop
 endfacet
 facet normal  0.000000e+00  1.000000e+00  0.000000e+00
   outer loop
     vertex  0.000000e+00  8.000000e+00  1.560000e+02
     vertex  1.159563e+01  8.000000e+00  1.376517e+02
     vertex  1.155126e+01  8.000000e+00  1.375824e+02
   endloop
 endfacet
 facet normal  0.000000e+00  1.000000e+00  0.000000e+00
   outer loop
     vertex  0.000000e+00  8.000000e+00  1.560000e+02
     vertex  1.164189e+01  8.000000e+00  1.377198e+02
     vertex  1.159563e+01  8.000000e+00  1.376517e+02
   endloop
 endfacet
 facet normal  0.000000e+00  1.000000e+00  0.000000e+00
   outer loop
     vertex  0.000000e+00  8.000000e+00  1.560000e+02
     vertex  1.168999e+01  8.000000e+00  1.377866e+02
     vertex  1.164189e+01  8.000000e+00  1.377198e+02
   endloop
 endfacet
 facet normal  0.000000e+00  1.000000e+00  0.000000e+00
   outer loop
     vertex  0.000000e+00  8.000000e+00  1.560000e+02
     vertex  1.254589e+01  8.000000e+00  1.206196e+02
     vertex  0.000000e+00  8.000000e+00  0.000000e+00
   endloop
 endfacet
 facet normal  0.000000e+00  1.000000e+00  0.000000e+00
   outer loop
     vertex  1.294180e+01  8.000000e+00  1.498961e+02
     vertex  1.226421e+01  8.000000e+00  1.383727e+02
     vertex  1.219980e+01  8.000000e+00  1.383215e+02
   endloop
 endfacet
 facet normal  0.000000e+00  1.000000e+00  0.000000e+00
   outer loop
     vertex  1.294180e+01  8.000000e+00  1.498961e+02
     vertex  1.297252e+01  8.000000e+00  1.498648e+02
     vertex  1.226421e+01  8.000000e+00  1.383727e+02
   endloop
 endfacet
 facet normal  0.000000e+00  1.000000e+00  0.000000e+00
   outer loop
     vertex  1.300408e+01  8.000000e+00  1.498343e+02
     vertex  1.232999e+01  8.000000e+00  1.384222e+02
     vertex  1.226421e+01  8.000000e+00  1.383727e+02
   endloop
 endfacet
 facet normal  0.000000e+00  1.000000e+00  0.000000e+00
   outer loop
     vertex  1.300408e+01  8.000000e+00  1.498343e+02
     vertex  1.226421e+01  8.000000e+00  1.383727e+02
     vertex  1.297252e+01  8.000000e+00  1.498648e+02
   endloop
 endfacet
 facet normal  0.000000e+00  1.000000e+00  0.000000e+00
   outer loop
     vertex  1.291195e+01  8.000000e+00  1.499283e+02
     vertex  1.294180e+01  8.000000e+00  1.498961e+02
     vertex  1.219980e+01  8.000000e+00  1.383215e+02
   endloop
 endfacet
 facet normal  0.000000e+00  1.000000e+00  0.000000e+00
   outer loop
     vertex  1.291195e+01  8.000000e+00  1.499283e+02
     vertex  1.219980e+01  8.000000e+00  1.383215e+02
     vertex  1.213683e+01  8.000000e+00  1.382685e+02
   endloop
 endfacet
 facet normal  0.000000e+00  1.000000e+00  0.000000e+00
   outer loop
     vertex  1.303648e+01  8.000000e+00  1.498046e+02
     vertex  1.232999e+01  8.000000e+00  1.384222e+02
     vertex  1.300408e+01  8.000000e+00  1.498343e+02
   endloop
 endfacet
 facet normal  0.000000e+00  1.000000e+00  0.000000e+00
   outer loop
     vertex  1.303648e+01  8.000000e+00  1.498046e+02
     vertex  1.239711e+01  8.000000e+00  1.384699e+02
     vertex  1.232999e+01  8.000000e+00  1.384222e+02
   endloop
 endfacet
 facet normal  0.000000e+00  1.000000e+00  0.000000e+00
   outer loop
     vertex  1.288299e+01  8.000000e+00  1.499613e+02
     vertex  1.291195e+01  8.000000e+00  1.499283e+02
     vertex  1.213683e+01  8.000000e+00  1.382685e+02
   endloop
 endfacet
 facet normal  0.000000e+00  1.000000e+00  0.000000e+00
   outer loop
     vertex  1.288299e+01  8.000000e+00  1.499613e+02
     vertex  1.213683e+01  8.000000e+00  1.382685e+02
     vertex  1.207534e+01  8.000000e+00  1.382138e+02
   endloop
 endfacet
 facet normal  0.000000e+00  1.000000e+00  0.000000e+00
   outer loop
     vertex  1.306967e+01  8.000000e+00  1.497759e+02
     vertex  1.239711e+01  8.000000e+00  1.384699e+02
     vertex  1.303648e+01  8.000000e+00  1.498046e+02
   endloop
 endfacet
 facet normal  0.000000e+00  1.000000e+00  0.000000e+00
   outer loop
     vertex  1.306967e+01  8.000000e+00  1.497759e+02
     vertex  1.246551e+01  8.000000e+00  1.385156e+02
     vertex  1.239711e+01  8.000000e+00  1.384699e+02
   endloop
 endfacet
 facet normal  0.000000e+00  1.000000e+00  0.000000e+00
   outer loop
     vertex  1.285496e+01  8.000000e+00  1.499951e+02
     vertex  1.288299e+01  8.000000e+00  1.499613e+02
     vertex  1.207534e+01  8.000000e+00  1.382138e+02
   endloop
 endfacet
 facet normal  0.000000e+00  1.000000e+00  0.000000e+00
   outer loop
     vertex  1.285496e+01  8.000000e+00  1.499951e+02
     vertex  1.207534e+01  8.000000e+00  1.382138e+02
     vertex  1.201537e+01  8.000000e+00  1.381574e+02
   endloop
 endfacet
 facet normal  0.000000e+00  1.000000e+00  0.000000e+00
   outer loop
     vertex  1.310364e+01  8.000000e+00  1.497481e+02
     vertex  1.253514e+01  8.000000e+00  1.385595e+02
     vertex  1.246551e+01  8.000000e+00  1.385156e+02
   endloop
 endfacet
 facet normal  0.000000e+00  1.000000e+00  0.000000e+00
   outer loop
     vertex  1.310364e+01  8.000000e+00  1.497481e+02
     vertex  1.246551e+01  8.000000e+00  1.385156e+02
     vertex  1.306967e+01  8.000000e+00  1.497759e+02
   endloop
 endfacet
 facet normal  0.000000e+00  1.000000e+00  0.000000e+00
   outer loop
     vertex  1.282786e+01  8.000000e+00  1.500296e+02
     vertex  1.285496e+01  8.000000e+00  1.499951e+02
     vertex  1.201537e+01  8.000000e+00  1.381574e+02
   endloop
 endfacet
 facet normal  0.000000e+00  1.000000e+00  0.000000e+00
   outer loop
     vertex  1.282786e+01  8.000000e+00  1.500296e+02
     vertex  1.201537e+01  8.000000e+00  1.381574e+02
     vertex  1.195697e+01  8.000000e+00  1.380994e+02
   endloop
 endfacet
 facet normal  0.000000e+00  1.000000e+00  0.000000e+00
   outer loop
     vertex  1.313836e+01  8.000000e+00  1.497212e+02
     vertex  1.253514e+01  8.000000e+00  1.385595e+02
     vertex  1.310364e+01  8.000000e+00  1.497481e+02
   endloop
 endfacet
 facet normal  0.000000e+00  1.000000e+00  0.000000e+00
   outer loop
     vertex  1.313836e+01  8.000000e+00  1.497212e+02
     vertex  1.260594e+01  8.000000e+00  1.386015e+02
     vertex  1.253514e+01  8.000000e+00  1.385595e+02
   endloop
 endfacet
 facet normal  0.000000e+00  1.000000e+00  0.000000e+00
   outer loop
     vertex  1.280171e+01  8.000000e+00  1.500649e+02
     vertex  1.282786e+01  8.000000e+00  1.500296e+02
     vertex  1.195697e+01  8.000000e+00  1.380994e+02
   endloop
 endfacet
 facet normal  0.000000e+00  1.000000e+00  0.000000e+00
   outer loop
     vertex  1.280171e+01  8.000000e+00  1.500649e+02
     vertex  1.195697e+01  8.000000e+00  1.380994e+02
     vertex  1.190018e+01  8.000000e+00  1.380398e+02
   endloop
 endfacet
 facet normal  0.000000e+00  1.000000e+00  0.000000e+00
   outer loop
     vertex  1.317381e+01  8.000000e+00  1.496953e+02
     vertex  1.260594e+01  8.000000e+00  1.386015e+02
     vertex  1.313836e+01  8.000000e+00  1.497212e+02
   endloop
 endfacet
 facet normal  0.000000e+00  1.000000e+00  0.000000e+00
   outer loop
     vertex  1.317381e+01  8.000000e+00  1.496953e+02
     vertex  1.267788e+01  8.000000e+00  1.386415e+02
     vertex  1.260594e+01  8.000000e+00  1.386015e+02
   endloop
 endfacet
 facet normal  0.000000e+00  1.000000e+00  0.000000e+00
   outer loop
     vertex  1.277655e+01  8.000000e+00  1.501008e+02
     vertex  1.190018e+01  8.000000e+00  1.380398e+02
     vertex  1.184505e+01  8.000000e+00  1.379787e+02
   endloop
 endfacet
 facet normal  0.000000e+00  1.000000e+00  0.000000e+00
   outer loop
     vertex  1.277655e+01  8.000000e+00  1.501008e+02
     vertex  1.280171e+01  8.000000e+00  1.500649e+02
     vertex  1.190018e+01  8.000000e+00  1.380398e+02
   endloop
 endfacet
 facet normal  0.000000e+00  1.000000e+00  0.000000e+00
   outer loop
     vertex  1.320995e+01  8.000000e+00  1.496704e+02
     vertex  1.267788e+01  8.000000e+00  1.386415e+02
     vertex  1.317381e+01  8.000000e+00  1.496953e+02
   endloop
 endfacet
 facet normal  0.000000e+00  1.000000e+00  0.000000e+00
   outer loop
     vertex  1.275238e+01  8.000000e+00  1.501375e+02
     vertex  1.184505e+01  8.000000e+00  1.379787e+02
     vertex  1.179161e+01  8.000000e+00  1.379161e+02
   endloop
 endfacet
 facet normal  0.000000e+00  1.000000e+00  0.000000e+00
   outer loop
     vertex  1.275238e+01  8.000000e+00  1.501375e+02
     vertex  1.277655e+01  8.000000e+00  1.501008e+02
     vertex  1.184505e+01  8.000000e+00  1.379787e+02
   endloop
 endfacet
 facet normal  0.000000e+00  1.000000e+00  0.000000e+00
   outer loop
     vertex  1.324676e+01  8.000000e+00  1.496465e+02
     vertex  1.267788e+01  8.000000e+00  1.386415e+02
     vertex  1.320995e+01  8.000000e+00  1.496704e+02
   endloop
 endfacet
 facet normal  0.000000e+00  1.000000e+00  0.000000e+00
   outer loop
     vertex  1.324676e+01  8.000000e+00  1.496465e+02
     vertex  1.275088e+01  8.000000e+00  1.386795e+02
     vertex  1.267788e+01  8.000000e+00  1.386415e+02
   endloop
 endfacet
 facet normal  0.000000e+00  1.000000e+00  0.000000e+00
   outer loop
     vertex  1.272922e+01  8.000000e+00  1.501748e+02
     vertex  1.275238e+01  8.000000e+00  1.501375e+02
     vertex  1.179161e+01  8.000000e+00  1.379161e+02
   endloop
 endfacet
 facet normal  0.000000e+00  1.000000e+00  0.000000e+00
   outer loop
     vertex  1.328421e+01  8.000000e+00  1.496236e+02
     vertex  1.282490e+01  8.000000e+00  1.387155e+02
     vertex  1.275088e+01  8.000000e+00  1.386795e+02
   endloop
 endfacet
 facet normal  0.000000e+00  1.000000e+00  0.000000e+00
   outer loop
     vertex  1.328421e+01  8.000000e+00  1.496236e+02
     vertex  1.275088e+01  8.000000e+00  1.386795e+02
     vertex  1.324676e+01  8.000000e+00  1.496465e+02
   endloop
 endfacet
 facet normal  0.000000e+00  1.000000e+00  0.000000e+00
   outer loop
     vertex  1.270710e+01  8.000000e+00  1.502127e+02
     vertex  1.179161e+01  8.000000e+00  1.379161e+02
     vertex  1.173991e+01  8.000000e+00  1.378520e+02
   endloop
 endfacet
 facet normal  0.000000e+00  1.000000e+00  0.000000e+00
   outer loop
     vertex  1.270710e+01  8.000000e+00  1.502127e+02
     vertex  1.272922e+01  8.000000e+00  1.501748e+02
     vertex  1.179161e+01  8.000000e+00  1.379161e+02
   endloop
 endfacet
 facet normal  0.000000e+00  1.000000e+00  0.000000e+00
   outer loop
     vertex  1.332228e+01  8.000000e+00  1.496017e+02
     vertex  1.289987e+01  8.000000e+00  1.387495e+02
     vertex  1.282490e+01  8.000000e+00  1.387155e+02
   endloop
 endfacet
 facet normal  0.000000e+00  1.000000e+00  0.000000e+00
   outer loop
     vertex  1.332228e+01  8.000000e+00  1.496017e+02
     vertex  1.282490e+01  8.000000e+00  1.387155e+02
     vertex  1.328421e+01  8.000000e+00  1.496236e+02
   endloop
 endfacet
 facet normal  0.000000e+00  1.000000e+00  0.000000e+00
   outer loop
     vertex  1.268603e+01  8.000000e+00  1.502512e+02
     vertex  1.173991e+01  8.000000e+00  1.378520e+02
     vertex  1.168999e+01  8.000000e+00  1.377866e+02
   endloop
 endfacet
 facet normal  0.000000e+00  1.000000e+00  0.000000e+00
   outer loop
     vertex  1.268603e+01  8.000000e+00  1.502512e+02
     vertex  1.270710e+01  8.000000e+00  1.502127e+02
     vertex  1.173991e+01  8.000000e+00  1.378520e+02
   endloop
 endfacet
 facet normal  0.000000e+00  1.000000e+00  0.000000e+00
   outer loop
     vertex  1.268603e+01  8.000000e+00  1.502512e+02
     vertex  1.168999e+01  8.000000e+00  1.377866e+02
     vertex  0.000000e+00  8.000000e+00  1.560000e+02
   endloop
 endfacet
 facet normal  0.000000e+00  1.000000e+00  0.000000e+00
   outer loop
     vertex  1.336093e+01  8.000000e+00  1.495809e+02
     vertex  1.289987e+01  8.000000e+00  1.387495e+02
     vertex  1.332228e+01  8.000000e+00  1.496017e+02
   endloop
 endfacet
 facet normal  0.000000e+00  1.000000e+00  0.000000e+00
   outer loop
     vertex  1.336093e+01  8.000000e+00  1.495809e+02
     vertex  1.297576e+01  8.000000e+00  1.387814e+02
     vertex  1.289987e+01  8.000000e+00  1.387495e+02
   endloop
 endfacet
 facet normal  0.000000e+00  1.000000e+00  0.000000e+00
   outer loop
     vertex  1.266602e+01  8.000000e+00  1.502903e+02
     vertex  1.268603e+01  8.000000e+00  1.502512e+02
     vertex  0.000000e+00  8.000000e+00  1.560000e+02
   endloop
 endfacet
 facet normal  0.000000e+00  1.000000e+00  0.000000e+00
   outer loop
     vertex  1.340014e+01  8.000000e+00  1.495612e+02
     vertex  1.305248e+01  8.000000e+00  1.388112e+02
     vertex  1.297576e+01  8.000000e+00  1.387814e+02
   endloop
 endfacet
 facet normal  0.000000e+00  1.000000e+00  0.000000e+00
   outer loop
     vertex  1.340014e+01  8.000000e+00  1.495612e+02
     vertex  1.297576e+01  8.000000e+00  1.387814e+02
     vertex  1.336093e+01  8.000000e+00  1.495809e+02
   endloop
 endfacet
 facet normal  0.000000e+00  1.000000e+00  0.000000e+00
   outer loop
     vertex  1.264709e+01  8.000000e+00  1.503299e+02
     vertex  1.266602e+01  8.000000e+00  1.502903e+02
     vertex  0.000000e+00  8.000000e+00  1.560000e+02
   endloop
 endfacet
 facet normal  0.000000e+00  1.000000e+00  0.000000e+00
   outer loop
     vertex  1.343988e+01  8.000000e+00  1.495425e+02
     vertex  1.313000e+01  8.000000e+00  1.388389e+02
     vertex  1.305248e+01  8.000000e+00  1.388112e+02
   endloop
 endfacet
 facet normal  0.000000e+00  1.000000e+00  0.000000e+00
   outer loop
     vertex  1.343988e+01  8.000000e+00  1.495425e+02
     vertex  1.305248e+01  8.000000e+00  1.388112e+02
     vertex  1.340014e+01  8.000000e+00  1.495612e+02
   endloop
 endfacet
 facet normal  0.000000e+00  1.000000e+00  0.000000e+00
   outer loop
     vertex  1.262925e+01  8.000000e+00  1.503700e+02
     vertex  1.264709e+01  8.000000e+00  1.503299e+02
     vertex  0.000000e+00  8.000000e+00  1.560000e+02
   endloop
 endfacet
 facet normal  0.000000e+00  1.000000e+00  0.000000e+00
   outer loop
     vertex  1.348011e+01  8.000000e+00  1.495250e+02
     vertex  1.313000e+01  8.000000e+00  1.388389e+02
     vertex  1.343988e+01  8.000000e+00  1.495425e+02
   endloop
 endfacet
 facet normal  0.000000e+00  1.000000e+00  0.000000e+00
   outer loop
     vertex  1.261252e+01  8.000000e+00  1.504106e+02
     vertex  1.262925e+01  8.000000e+00  1.503700e+02
     vertex  0.000000e+00  8.000000e+00  1.560000e+02
   endloop
 endfacet
 facet normal  0.000000e+00  1.000000e+00  0.000000e+00
   outer loop
     vertex  1.352081e+01  8.000000e+00  1.495085e+02
     vertex  1.320825e+01  8.000000e+00  1.388644e+02
     vertex  1.313000e+01  8.000000e+00  1.388389e+02
   endloop
 endfacet
 facet normal  0.000000e+00  1.000000e+00  0.000000e+00
   outer loop
     vertex  1.352081e+01  8.000000e+00  1.495085e+02
     vertex  1.313000e+01  8.000000e+00  1.388389e+02
     vertex  1.348011e+01  8.000000e+00  1.495250e+02
   endloop
 endfacet
 facet normal  0.000000e+00  1.000000e+00  0.000000e+00
   outer loop
     vertex  1.259691e+01  8.000000e+00  1.504516e+02
     vertex  1.261252e+01  8.000000e+00  1.504106e+02
     vertex  0.000000e+00  8.000000e+00  1.560000e+02
   endloop
 endfacet
 facet normal  0.000000e+00  1.000000e+00  0.000000e+00
   outer loop
     vertex  1.356195e+01  8.000000e+00  1.494932e+02
     vertex  1.328716e+01  8.000000e+00  1.388878e+02
     vertex  1.320825e+01  8.000000e+00  1.388644e+02
   endloop
 endfacet
 facet normal  0.000000e+00  1.000000e+00  0.000000e+00
   outer loop
     vertex  1.356195e+01  8.000000e+00  1.494932e+02
     vertex  1.320825e+01  8.000000e+00  1.388644e+02
     vertex  1.352081e+01  8.000000e+00  1.495085e+02
   endloop
 endfacet
 facet normal  0.000000e+00  1.000000e+00  0.000000e+00
   outer loop
     vertex  1.258243e+01  8.000000e+00  1.504931e+02
     vertex  1.259691e+01  8.000000e+00  1.504516e+02
     vertex  0.000000e+00  8.000000e+00  1.560000e+02
   endloop
 endfacet
 facet normal  0.000000e+00  1.000000e+00  0.000000e+00
   outer loop
     vertex  1.360349e+01  8.000000e+00  1.494790e+02
     vertex  1.336669e+01  8.000000e+00  1.389090e+02
     vertex  1.328716e+01  8.000000e+00  1.388878e+02
   endloop
 endfacet
 facet normal  0.000000e+00  1.000000e+00  0.000000e+00
   outer loop
     vertex  1.360349e+01  8.000000e+00  1.494790e+02
     vertex  1.328716e+01  8.000000e+00  1.388878e+02
     vertex  1.356195e+01  8.000000e+00  1.494932e+02
   endloop
 endfacet
 facet normal  0.000000e+00  1.000000e+00  0.000000e+00
   outer loop
     vertex  1.256909e+01  8.000000e+00  1.505349e+02
     vertex  1.258243e+01  8.000000e+00  1.504931e+02
     vertex  0.000000e+00  8.000000e+00  1.560000e+02
   endloop
 endfacet
 facet normal  0.000000e+00  1.000000e+00  0.000000e+00
   outer loop
     vertex  1.364540e+01  8.000000e+00  1.494659e+02
     vertex  1.336669e+01  8.000000e+00  1.389090e+02
     vertex  1.360349e+01  8.000000e+00  1.494790e+02
   endloop
 endfacet
 facet normal  0.000000e+00  1.000000e+00  0.000000e+00
   outer loop
     vertex  1.364540e+01  8.000000e+00  1.494659e+02
     vertex  1.344678e+01  8.000000e+00  1.389280e+02
     vertex  1.336669e+01  8.000000e+00  1.389090e+02
   endloop
 endfacet
 facet normal  0.000000e+00  1.000000e+00  0.000000e+00
   outer loop
     vertex  1.255691e+01  8.000000e+00  1.505771e+02
     vertex  1.256909e+01  8.000000e+00  1.505349e+02
     vertex  0.000000e+00  8.000000e+00  1.560000e+02
   endloop
 endfacet
 facet normal  0.000000e+00  1.000000e+00  0.000000e+00
   outer loop
     vertex  1.368766e+01  8.000000e+00  1.494540e+02
     vertex  1.352735e+01  8.000000e+00  1.389448e+02
     vertex  1.344678e+01  8.000000e+00  1.389280e+02
   endloop
 endfacet
 facet normal  0.000000e+00  1.000000e+00  0.000000e+00
   outer loop
     vertex  1.368766e+01  8.000000e+00  1.494540e+02
     vertex  1.344678e+01  8.000000e+00  1.389280e+02
     vertex  1.364540e+01  8.000000e+00  1.494659e+02
   endloop
 endfacet
 facet normal  0.000000e+00  1.000000e+00  0.000000e+00
   outer loop
     vertex  1.254589e+01  8.000000e+00  1.506196e+02
     vertex  1.255691e+01  8.000000e+00  1.505771e+02
     vertex  0.000000e+00  8.000000e+00  1.560000e+02
   endloop
 endfacet
 facet normal  0.000000e+00  1.000000e+00  0.000000e+00
   outer loop
     vertex  1.373022e+01  8.000000e+00  1.494433e+02
     vertex  1.352735e+01  8.000000e+00  1.389448e+02
     vertex  1.368766e+01  8.000000e+00  1.494540e+02
   endloop
 endfacet
 facet normal  0.000000e+00  1.000000e+00  0.000000e+00
   outer loop
     vertex  1.253604e+01  8.000000e+00  1.506623e+02
     vertex  1.254589e+01  8.000000e+00  1.506196e+02
     vertex  0.000000e+00  8.000000e+00  1.560000e+02
   endloop
 endfacet
 facet normal  0.000000e+00  1.000000e+00  0.000000e+00
   outer loop
     vertex  1.377307e+01  8.000000e+00  1.494338e+02
     vertex  1.352735e+01  8.000000e+00  1.389448e+02
     vertex  1.373022e+01  8.000000e+00  1.494433e+02
   endloop
 endfacet
 facet normal  0.000000e+00  1.000000e+00  0.000000e+00
   outer loop
     vertex  1.377307e+01  8.000000e+00  1.494338e+02
     vertex  1.360835e+01  8.000000e+00  1.389594e+02
     vertex  1.352735e+01  8.000000e+00  1.389448e+02
   endloop
 endfacet
 facet normal  0.000000e+00  1.000000e+00  0.000000e+00
   outer loop
     vertex  1.252736e+01  8.000000e+00  1.507054e+02
     vertex  1.253604e+01  8.000000e+00  1.506623e+02
     vertex  0.000000e+00  8.000000e+00  1.560000e+02
   endloop
 endfacet
 facet normal  0.000000e+00  1.000000e+00  0.000000e+00
   outer loop
     vertex  1.381616e+01  8.000000e+00  1.494254e+02
     vertex  1.360835e+01  8.000000e+00  1.389594e+02
     vertex  1.377307e+01  8.000000e+00  1.494338e+02
   endloop
 endfacet
 facet normal  0.000000e+00  1.000000e+00  0.000000e+00
   outer loop
     vertex  1.381616e+01  8.000000e+00  1.494254e+02
     vertex  1.368973e+01  8.000000e+00  1.389718e+02
     vertex  1.360835e+01  8.000000e+00  1.389594e+02
   endloop
 endfacet
 facet normal  0.000000e+00  1.000000e+00  0.000000e+00
   outer loop
     vertex  1.251987e+01  8.000000e+00  1.507486e+02
     vertex  1.252736e+01  8.000000e+00  1.507054e+02
     vertex  0.000000e+00  8.000000e+00  1.560000e+02
   endloop
 endfacet
 facet normal  0.000000e+00  1.000000e+00  0.000000e+00
   outer loop
     vertex  1.385947e+01  8.000000e+00  1.494182e+02
     vertex  1.377141e+01  8.000000e+00  1.389820e+02
     vertex  1.368973e+01  8.000000e+00  1.389718e+02
   endloop
 endfacet
 facet normal  0.000000e+00  1.000000e+00  0.000000e+00
   outer loop
     vertex  1.385947e+01  8.000000e+00  1.494182e+02
     vertex  1.368973e+01  8.000000e+00  1.389718e+02
     vertex  1.381616e+01  8.000000e+00  1.494254e+02
   endloop
 endfacet
 facet normal  0.000000e+00  1.000000e+00  0.000000e+00
   outer loop
     vertex  1.251357e+01  8.000000e+00  1.507921e+02
     vertex  1.251987e+01  8.000000e+00  1.507486e+02
     vertex  0.000000e+00  8.000000e+00  1.560000e+02
   endloop
 endfacet
 facet normal  0.000000e+00  1.000000e+00  0.000000e+00
   outer loop
     vertex  1.390295e+01  8.000000e+00  1.494122e+02
     vertex  1.385334e+01  8.000000e+00  1.389898e+02
     vertex  1.377141e+01  8.000000e+00  1.389820e+02
   endloop
 endfacet
 facet normal  0.000000e+00  1.000000e+00  0.000000e+00
   outer loop
     vertex  1.390295e+01  8.000000e+00  1.494122e+02
     vertex  1.377141e+01  8.000000e+00  1.389820e+02
     vertex  1.385947e+01  8.000000e+00  1.494182e+02
   endloop
 endfacet
 facet normal  0.000000e+00  1.000000e+00  0.000000e+00
   outer loop
     vertex  1.250846e+01  8.000000e+00  1.508357e+02
     vertex  1.251357e+01  8.000000e+00  1.507921e+02
     vertex  0.000000e+00  8.000000e+00  1.560000e+02
   endloop
 endfacet
 facet normal  0.000000e+00  1.000000e+00  0.000000e+00
   outer loop
     vertex  1.394659e+01  8.000000e+00  1.494074e+02
     vertex  1.385334e+01  8.000000e+00  1.389898e+02
     vertex  1.390295e+01  8.000000e+00  1.494122e+02
   endloop
 endfacet
 facet normal  0.000000e+00  1.000000e+00  0.000000e+00
   outer loop
     vertex  1.394659e+01  8.000000e+00  1.494074e+02
     vertex  1.393546e+01  8.000000e+00  1.389955e+02
     vertex  1.385334e+01  8.000000e+00  1.389898e+02
   endloop
 endfacet
 facet normal  0.000000e+00  1.000000e+00  0.000000e+00
   outer loop
     vertex  1.250455e+01  8.000000e+00  1.508794e+02
     vertex  1.250846e+01  8.000000e+00  1.508357e+02
     vertex  0.000000e+00  8.000000e+00  1.560000e+02
   endloop
 endfacet
 facet normal  0.000000e+00  1.000000e+00  0.000000e+00
   outer loop
     vertex  1.399034e+01  8.000000e+00  1.494038e+02
     vertex  1.393546e+01  8.000000e+00  1.389955e+02
     vertex  1.394659e+01  8.000000e+00  1.494074e+02
   endloop
 endfacet
 facet normal  0.000000e+00  1.000000e+00  0.000000e+00
   outer loop
     vertex  1.250184e+01  8.000000e+00  1.509232e+02
     vertex  1.250455e+01  8.000000e+00  1.508794e+02
     vertex  0.000000e+00  8.000000e+00  1.560000e+02
   endloop
 endfacet
 facet normal  0.000000e+00  1.000000e+00  0.000000e+00
   outer loop
     vertex  1.403417e+01  8.000000e+00  1.494014e+02
     vertex  1.401770e+01  8.000000e+00  1.389989e+02
     vertex  1.393546e+01  8.000000e+00  1.389955e+02
   endloop
 endfacet
 facet normal  0.000000e+00  1.000000e+00  0.000000e+00
   outer loop
     vertex  1.403417e+01  8.000000e+00  1.494014e+02
     vertex  1.393546e+01  8.000000e+00  1.389955e+02
     vertex  1.399034e+01  8.000000e+00  1.494038e+02
   endloop
 endfacet
 facet normal  0.000000e+00  1.000000e+00  0.000000e+00
   outer loop
     vertex  1.250034e+01  8.000000e+00  1.509671e+02
     vertex  1.250184e+01  8.000000e+00  1.509232e+02
     vertex  0.000000e+00  8.000000e+00  1.560000e+02
   endloop
 endfacet
 facet normal  0.000000e+00  1.000000e+00  0.000000e+00
   outer loop
     vertex  1.407805e+01  8.000000e+00  1.494002e+02
     vertex  1.410000e+01  8.000000e+00  1.390000e+02
     vertex  1.401770e+01  8.000000e+00  1.389989e+02
   endloop
 endfacet
 facet normal  0.000000e+00  1.000000e+00  0.000000e+00
   outer loop
     vertex  1.407805e+01  8.000000e+00  1.494002e+02
     vertex  1.401770e+01  8.000000e+00  1.389989e+02
     vertex  1.403417e+01  8.000000e+00  1.494014e+02
   endloop
 endfacet
 facet normal  0.000000e+00  1.000000e+00  0.000000e+00
   outer loop
     vertex  1.250004e+01  8.000000e+00  1.510110e+02
     vertex  1.250034e+01  8.000000e+00  1.509671e+02
     vertex  0.000000e+00  8.000000e+00  1.560000e+02
   endloop
 endfacet
 facet normal  0.000000e+00  1.000000e+00  0.000000e+00
   outer loop
     vertex  1.412195e+01  8.000000e+00  1.494002e+02
     vertex  1.418230e+01  8.000000e+00  1.389989e+02
     vertex  1.410000e+01  8.000000e+00  1.390000e+02
   endloop
 endfacet
 facet normal  0.000000e+00  1.000000e+00  0.000000e+00
   outer loop
     vertex  1.412195e+01  8.000000e+00  1.494002e+02
     vertex  1.410000e+01  8.000000e+00  1.390000e+02
     vertex  1.407805e+01  8.000000e+00  1.494002e+02
   endloop
 endfacet
 facet normal  0.000000e+00  1.000000e+00  0.000000e+00
   outer loop
     vertex  1.250094e+01  8.000000e+00  1.510549e+02
     vertex  1.250004e+01  8.000000e+00  1.510110e+02
     vertex  0.000000e+00  8.000000e+00  1.560000e+02
   endloop
 endfacet
 facet normal  0.000000e+00  1.000000e+00  0.000000e+00
   outer loop
     vertex  1.416583e+01  8.000000e+00  1.494014e+02
     vertex  1.418230e+01  8.000000e+00  1.389989e+02
     vertex  1.412195e+01  8.000000e+00  1.494002e+02
   endloop
 endfacet
 facet normal  0.000000e+00  1.000000e+00  0.000000e+00
   outer loop
     vertex  1.416583e+01  8.000000e+00  1.494014e+02
     vertex  1.426454e+01  8.000000e+00  1.389955e+02
     vertex  1.418230e+01  8.000000e+00  1.389989e+02
   endloop
 endfacet
 facet normal  0.000000e+00  1.000000e+00  0.000000e+00
   outer loop
     vertex  1.250305e+01  8.000000e+00  1.510987e+02
     vertex  1.250094e+01  8.000000e+00  1.510549e+02
     vertex  0.000000e+00  8.000000e+00  1.560000e+02
   endloop
 endfacet
 facet normal  0.000000e+00  1.000000e+00  0.000000e+00
   outer loop
     vertex  1.420966e+01  8.000000e+00  1.494038e+02
     vertex  1.426454e+01  8.000000e+00  1.389955e+02
     vertex  1.416583e+01  8.000000e+00  1.494014e+02
   endloop
 endfacet
 facet normal  0.000000e+00  1.000000e+00  0.000000e+00
   outer loop
     vertex  1.250636e+01  8.000000e+00  1.511425e+02
     vertex  1.250305e+01  8.000000e+00  1.510987e+02
     vertex  0.000000e+00  8.000000e+00  1.560000e+02
   endloop
 endfacet
 facet normal  0.000000e+00  1.000000e+00  0.000000e+00
   outer loop
     vertex  1.425341e+01  8.000000e+00  1.494074e+02
     vertex  1.426454e+01  8.000000e+00  1.389955e+02
     vertex  1.420966e+01  8.000000e+00  1.494038e+02
   endloop
 endfacet
 facet normal  0.000000e+00  1.000000e+00  0.000000e+00
   outer loop
     vertex  1.425341e+01  8.000000e+00  1.494074e+02
     vertex  1.434666e+01  8.000000e+00  1.389898e+02
     vertex  1.426454e+01  8.000000e+00  1.389955e+02
   endloop
 endfacet
 facet normal  0.000000e+00  1.000000e+00  0.000000e+00
   outer loop
     vertex  1.251087e+01  8.000000e+00  1.511862e+02
     vertex  1.250636e+01  8.000000e+00  1.511425e+02
     vertex  0.000000e+00  8.000000e+00  1.560000e+02
   endloop
 endfacet
 facet normal  0.000000e+00  1.000000e+00  0.000000e+00
   outer loop
     vertex  1.429705e+01  8.000000e+00  1.494122e+02
     vertex  1.434666e+01  8.000000e+00  1.389898e+02
     vertex  1.425341e+01  8.000000e+00  1.494074e+02
   endloop
 endfacet
 facet normal  0.000000e+00  1.000000e+00  0.000000e+00
   outer loop
     vertex  1.429705e+01  8.000000e+00  1.494122e+02
     vertex  1.442859e+01  8.000000e+00  1.389820e+02
     vertex  1.434666e+01  8.000000e+00  1.389898e+02
   endloop
 endfacet
 facet normal  0.000000e+00  1.000000e+00  0.000000e+00
   outer loop
     vertex  1.251657e+01  8.000000e+00  1.512297e+02
     vertex  1.251087e+01  8.000000e+00  1.511862e+02
     vertex  0.000000e+00  8.000000e+00  1.560000e+02
   endloop
 endfacet
 facet normal  0.000000e+00  1.000000e+00  0.000000e+00
   outer loop
     vertex  1.434053e+01  8.000000e+00  1.494182e+02
     vertex  1.442859e+01  8.000000e+00  1.389820e+02
     vertex  1.429705e+01  8.000000e+00  1.494122e+02
   endloop
 endfacet
 facet normal  0.000000e+00  1.000000e+00  0.000000e+00
   outer loop
     vertex  1.434053e+01  8.000000e+00  1.494182e+02
     vertex  1.451027e+01  8.000000e+00  1.389718e+02
     vertex  1.442859e+01  8.000000e+00  1.389820e+02
   endloop
 endfacet
 facet normal  0.000000e+00  1.000000e+00  0.000000e+00
   outer loop
     vertex  1.252347e+01  8.000000e+00  1.512730e+02
     vertex  1.251657e+01  8.000000e+00  1.512297e+02
     vertex  0.000000e+00  8.000000e+00  1.560000e+02
   endloop
 endfacet
 facet normal  0.000000e+00  1.000000e+00  0.000000e+00
   outer loop
     vertex  1.438384e+01  8.000000e+00  1.494254e+02
     vertex  1.459165e+01  8.000000e+00  1.389594e+02
     vertex  1.451027e+01  8.000000e+00  1.389718e+02
   endloop
 endfacet
 facet normal  0.000000e+00  1.000000e+00  0.000000e+00
   outer loop
     vertex  1.438384e+01  8.000000e+00  1.494254e+02
     vertex  1.451027e+01  8.000000e+00  1.389718e+02
     vertex  1.434053e+01  8.000000e+00  1.494182e+02
   endloop
 endfacet
 facet normal  0.000000e+00  1.000000e+00  0.000000e+00
   outer loop
     vertex  1.253155e+01  8.000000e+00  1.513162e+02
     vertex  1.252347e+01  8.000000e+00  1.512730e+02
     vertex  0.000000e+00  8.000000e+00  1.560000e+02
   endloop
 endfacet
 facet normal  0.000000e+00  1.000000e+00  0.000000e+00
   outer loop
     vertex  1.442693e+01  8.000000e+00  1.494338e+02
     vertex  1.459165e+01  8.000000e+00  1.389594e+02
     vertex  1.438384e+01  8.000000e+00  1.494254e+02
   endloop
 endfacet
 facet normal  0.000000e+00  1.000000e+00  0.000000e+00
   outer loop
     vertex  1.442693e+01  8.000000e+00  1.494338e+02
     vertex  1.467265e+01  8.000000e+00  1.389448e+02
     vertex  1.459165e+01  8.000000e+00  1.389594e+02
   endloop
 endfacet
 facet normal  0.000000e+00  1.000000e+00  0.000000e+00
   outer loop
     vertex  1.254082e+01  8.000000e+00  1.513591e+02
     vertex  1.253155e+01  8.000000e+00  1.513162e+02
     vertex  0.000000e+00  8.000000e+00  1.560000e+02
   endloop
 endfacet
 facet normal  0.000000e+00  1.000000e+00  0.000000e+00
   outer loop
     vertex  1.446978e+01  8.000000e+00  1.494433e+02
     vertex  1.467265e+01  8.000000e+00  1.389448e+02
     vertex  1.442693e+01  8.000000e+00  1.494338e+02
   endloop
 endfacet
 facet normal  0.000000e+00  1.000000e+00  0.000000e+00
   outer loop
     vertex  1.255125e+01  8.000000e+00  1.514017e+02
     vertex  1.254082e+01  8.000000e+00  1.513591e+02
     vertex  0.000000e+00  8.000000e+00  1.560000e+02
   endloop
 endfacet
 facet normal  0.000000e+00  1.000000e+00  0.000000e+00
   outer loop
     vertex  1.451234e+01  8.000000e+00  1.494540e+02
     vertex  1.467265e+01  8.000000e+00  1.389448e+02
     vertex  1.446978e+01  8.000000e+00  1.494433e+02
   endloop
 endfacet
 facet normal  0.000000e+00  1.000000e+00  0.000000e+00
   outer loop
     vertex  1.451234e+01  8.000000e+00  1.494540e+02
     vertex  1.475322e+01  8.000000e+00  1.389280e+02
     vertex  1.467265e+01  8.000000e+00  1.389448e+02
   endloop
 endfacet
 facet normal  0.000000e+00  1.000000e+00  0.000000e+00
   outer loop
     vertex  1.256286e+01  8.000000e+00  1.514441e+02
     vertex  1.255125e+01  8.000000e+00  1.514017e+02
     vertex  0.000000e+00  8.000000e+00  1.560000e+02
   endloop
 endfacet
 facet normal  0.000000e+00  1.000000e+00  0.000000e+00
   outer loop
     vertex  1.455460e+01  8.000000e+00  1.494659e+02
     vertex  1.483331e+01  8.000000e+00  1.389090e+02
     vertex  1.475322e+01  8.000000e+00  1.389280e+02
   endloop
 endfacet
 facet normal  0.000000e+00  1.000000e+00  0.000000e+00
   outer loop
     vertex  1.455460e+01  8.000000e+00  1.494659e+02
     vertex  1.475322e+01  8.000000e+00  1.389280e+02
     vertex  1.451234e+01  8.000000e+00  1.494540e+02
   endloop
 endfacet
 facet normal  0.000000e+00  1.000000e+00  0.000000e+00
   outer loop
     vertex  1.257562e+01  8.000000e+00  1.514861e+02
     vertex  1.256286e+01  8.000000e+00  1.514441e+02
     vertex  0.000000e+00  8.000000e+00  1.560000e+02
   endloop
 endfacet
 facet normal  0.000000e+00  1.000000e+00  0.000000e+00
   outer loop
     vertex  1.459651e+01  8.000000e+00  1.494790e+02
     vertex  1.491284e+01  8.000000e+00  1.388878e+02
     vertex  1.483331e+01  8.000000e+00  1.389090e+02
   endloop
 endfacet
 facet normal  0.000000e+00  1.000000e+00  0.000000e+00
   outer loop
     vertex  1.459651e+01  8.000000e+00  1.494790e+02
     vertex  1.483331e+01  8.000000e+00  1.389090e+02
     vertex  1.455460e+01  8.000000e+00  1.494659e+02
   endloop
 endfacet
 facet normal  0.000000e+00  1.000000e+00  0.000000e+00
   outer loop
     vertex  1.258953e+01  8.000000e+00  1.515277e+02
     vertex  1.257562e+01  8.000000e+00  1.514861e+02
     vertex  0.000000e+00  8.000000e+00  1.560000e+02
   endloop
 endfacet
 facet normal  0.000000e+00  1.000000e+00  0.000000e+00
   outer loop
     vertex  1.463805e+01  8.000000e+00  1.494932e+02
     vertex  1.499175e+01  8.000000e+00  1.388644e+02
     vertex  1.491284e+01  8.000000e+00  1.388878e+02
   endloop
 endfacet
 facet normal  0.000000e+00  1.000000e+00  0.000000e+00
   outer loop
     vertex  1.463805e+01  8.000000e+00  1.494932e+02
     vertex  1.491284e+01  8.000000e+00  1.388878e+02
     vertex  1.459651e+01  8.000000e+00  1.494790e+02
   endloop
 endfacet
 facet normal  0.000000e+00  1.000000e+00  0.000000e+00
   outer loop
     vertex  1.260457e+01  8.000000e+00  1.515689e+02
     vertex  1.258953e+01  8.000000e+00  1.515277e+02
     vertex  0.000000e+00  8.000000e+00  1.560000e+02
   endloop
 endfacet
 facet normal  0.000000e+00  1.000000e+00  0.000000e+00
   outer loop
     vertex  1.467919e+01  8.000000e+00  1.495085e+02
     vertex  1.507000e+01  8.000000e+00  1.388389e+02
     vertex  1.499175e+01  8.000000e+00  1.388644e+02
   endloop
 endfacet
 facet normal  0.000000e+00  1.000000e+00  0.000000e+00
   outer loop
     vertex  1.467919e+01  8.000000e+00  1.495085e+02
     vertex  1.499175e+01  8.000000e+00  1.388644e+02
     vertex  1.463805e+01  8.000000e+00  1.494932e+02
   endloop
 endfacet
 facet normal  0.000000e+00  1.000000e+00  0.000000e+00
   outer loop
     vertex  1.262074e+01  8.000000e+00  1.516098e+02
     vertex  1.260457e+01  8.000000e+00  1.515689e+02
     vertex  0.000000e+00  8.000000e+00  1.560000e+02
   endloop
 endfacet
 facet normal  0.000000e+00  1.000000e+00  0.000000e+00
   outer loop
     vertex  1.471989e+01  8.000000e+00  1.495250e+02
     vertex  1.507000e+01  8.000000e+00  1.388389e+02
     vertex  1.467919e+01  8.000000e+00  1.495085e+02
   endloop
 endfacet
 facet normal  0.000000e+00  1.000000e+00  0.000000e+00
   outer loop
     vertex  1.263803e+01  8.000000e+00  1.516501e+02
     vertex  1.262074e+01  8.000000e+00  1.516098e+02
     vertex  0.000000e+00  8.000000e+00  1.560000e+02
   endloop
 endfacet
 facet normal  0.000000e+00  1.000000e+00  0.000000e+00
   outer loop
     vertex  1.476012e+01  8.000000e+00  1.495425e+02
     vertex  1.514752e+01  8.000000e+00  1.388112e+02
     vertex  1.507000e+01  8.000000e+00  1.388389e+02
   endloop
 endfacet
 facet normal  0.000000e+00  1.000000e+00  0.000000e+00
   outer loop
     vertex  1.476012e+01  8.000000e+00  1.495425e+02
     vertex  1.507000e+01  8.000000e+00  1.388389e+02
     vertex  1.471989e+01  8.000000e+00  1.495250e+02
   endloop
 endfacet
 facet normal  0.000000e+00  1.000000e+00  0.000000e+00
   outer loop
     vertex  1.265642e+01  8.000000e+00  1.516900e+02
     vertex  1.263803e+01  8.000000e+00  1.516501e+02
     vertex  0.000000e+00  8.000000e+00  1.560000e+02
   endloop
 endfacet
 facet normal  0.000000e+00  1.000000e+00  0.000000e+00
   outer loop
     vertex  1.479986e+01  8.000000e+00  1.495612e+02
     vertex  1.522424e+01  8.000000e+00  1.387814e+02
     vertex  1.514752e+01  8.000000e+00  1.388112e+02
   endloop
 endfacet
 facet normal  0.000000e+00  1.000000e+00  0.000000e+00
   outer loop
     vertex  1.479986e+01  8.000000e+00  1.495612e+02
     vertex  1.514752e+01  8.000000e+00  1.388112e+02
     vertex  1.476012e+01  8.000000e+00  1.495425e+02
   endloop
 endfacet
 facet normal  0.000000e+00  1.000000e+00  0.000000e+00
   outer loop
     vertex  1.267589e+01  8.000000e+00  1.517293e+02
     vertex  1.265642e+01  8.000000e+00  1.516900e+02
     vertex  0.000000e+00  8.000000e+00  1.560000e+02
   endloop
 endfacet
 facet normal  0.000000e+00  1.000000e+00  0.000000e+00
   outer loop
     vertex  1.483907e+01  8.000000e+00  1.495809e+02
     vertex  1.530013e+01  8.000000e+00  1.387495e+02
     vertex  1.522424e+01  8.000000e+00  1.387814e+02
   endloop
 endfacet
 facet normal  0.000000e+00  1.000000e+00  0.000000e+00
   outer loop
     vertex  1.483907e+01  8.000000e+00  1.495809e+02
     vertex  1.522424e+01  8.000000e+00  1.387814e+02
     vertex  1.479986e+01  8.000000e+00  1.495612e+02
   endloop
 endfacet
 facet normal  0.000000e+00  1.000000e+00  0.000000e+00
   outer loop
     vertex  1.269643e+01  8.000000e+00  1.517681e+02
     vertex  1.267589e+01  8.000000e+00  1.517293e+02
     vertex  0.000000e+00  8.000000e+00  1.560000e+02
   endloop
 endfacet
 facet normal  0.000000e+00  1.000000e+00  0.000000e+00
   outer loop
     vertex  1.487772e+01  8.000000e+00  1.496017e+02
     vertex  1.537510e+01  8.000000e+00  1.387155e+02
     vertex  1.530013e+01  8.000000e+00  1.387495e+02
   endloop
 endfacet
 facet normal  0.000000e+00  1.000000e+00  0.000000e+00
   outer loop
     vertex  1.487772e+01  8.000000e+00  1.496017e+02
     vertex  1.530013e+01  8.000000e+00  1.387495e+02
     vertex  1.483907e+01  8.000000e+00  1.495809e+02
   endloop
 endfacet
 facet normal  0.000000e+00  1.000000e+00  0.000000e+00
   outer loop
     vertex  1.271803e+01  8.000000e+00  1.518063e+02
     vertex  1.269643e+01  8.000000e+00  1.517681e+02
     vertex  0.000000e+00  8.000000e+00  1.560000e+02
   endloop
 endfacet
 facet normal  0.000000e+00  1.000000e+00  0.000000e+00
   outer loop
     vertex  1.491579e+01  8.000000e+00  1.496236e+02
     vertex  1.544912e+01  8.000000e+00  1.386795e+02
     vertex  1.537510e+01  8.000000e+00  1.387155e+02
   endloop
 endfacet
 facet normal  0.000000e+00  1.000000e+00  0.000000e+00
   outer loop
     vertex  1.491579e+01  8.000000e+00  1.496236e+02
     vertex  1.537510e+01  8.000000e+00  1.387155e+02
     vertex  1.487772e+01  8.000000e+00  1.496017e+02
   endloop
 endfacet
 facet normal  0.000000e+00  1.000000e+00  0.000000e+00
   outer loop
     vertex  1.274067e+01  8.000000e+00  1.518439e+02
     vertex  1.271803e+01  8.000000e+00  1.518063e+02
     vertex  0.000000e+00  8.000000e+00  1.560000e+02
   endloop
 endfacet
 facet normal  0.000000e+00  1.000000e+00  0.000000e+00
   outer loop
     vertex  1.495324e+01  8.000000e+00  1.496465e+02
     vertex  1.544912e+01  8.000000e+00  1.386795e+02
     vertex  1.491579e+01  8.000000e+00  1.496236e+02
   endloop
 endfacet
 facet normal  0.000000e+00  1.000000e+00  0.000000e+00
   outer loop
     vertex  1.495324e+01  8.000000e+00  1.496465e+02
     vertex  1.552212e+01  8.000000e+00  1.386415e+02
     vertex  1.544912e+01  8.000000e+00  1.386795e+02
   endloop
 endfacet
 facet normal  0.000000e+00  1.000000e+00  0.000000e+00
   outer loop
     vertex  1.276434e+01  8.000000e+00  1.518809e+02
     vertex  1.274067e+01  8.000000e+00  1.518439e+02
     vertex  0.000000e+00  8.000000e+00  1.560000e+02
   endloop
 endfacet
 facet normal  0.000000e+00  1.000000e+00  0.000000e+00
   outer loop
     vertex  1.499005e+01  8.000000e+00  1.496704e+02
     vertex  1.552212e+01  8.000000e+00  1.386415e+02
     vertex  1.495324e+01  8.000000e+00  1.496465e+02
   endloop
 endfacet
 facet normal  0.000000e+00  1.000000e+00  0.000000e+00
   outer loop
     vertex  1.278901e+01  8.000000e+00  1.519172e+02
     vertex  1.276434e+01  8.000000e+00  1.518809e+02
     vertex  0.000000e+00  8.000000e+00  1.560000e+02
   endloop
 endfacet
 facet normal  0.000000e+00  1.000000e+00  0.000000e+00
   outer loop
     vertex  1.502619e+01  8.000000e+00  1.496953e+02
     vertex  1.552212e+01  8.000000e+00  1.386415e+02
     vertex  1.499005e+01  8.000000e+00  1.496704e+02
   endloop
 endfacet
 facet normal  0.000000e+00  1.000000e+00  0.000000e+00
   outer loop
     vertex  1.502619e+01  8.000000e+00  1.496953e+02
     vertex  1.559406e+01  8.000000e+00  1.386015e+02
     vertex  1.552212e+01  8.000000e+00  1.386415e+02
   endloop
 endfacet
 facet normal  0.000000e+00  1.000000e+00  0.000000e+00
   outer loop
     vertex  1.281466e+01  8.000000e+00  1.519528e+02
     vertex  1.278901e+01  8.000000e+00  1.519172e+02
     vertex  0.000000e+00  8.000000e+00  1.560000e+02
   endloop
 endfacet
 facet normal  0.000000e+00  1.000000e+00  0.000000e+00
   outer loop
     vertex  1.506164e+01  8.000000e+00  1.497212e+02
     vertex  1.566486e+01  8.000000e+00  1.385595e+02
     vertex  1.559406e+01  8.000000e+00  1.386015e+02
   endloop
 endfacet
 facet normal  0.000000e+00  1.000000e+00  0.000000e+00
   outer loop
     vertex  1.506164e+01  8.000000e+00  1.497212e+02
     vertex  1.559406e+01  8.000000e+00  1.386015e+02
     vertex  1.502619e+01  8.000000e+00  1.496953e+02
   endloop
 endfacet
 facet normal  0.000000e+00  1.000000e+00  0.000000e+00
   outer loop
     vertex  1.284129e+01  8.000000e+00  1.519877e+02
     vertex  1.281466e+01  8.000000e+00  1.519528e+02
     vertex  0.000000e+00  8.000000e+00  1.560000e+02
   endloop
 endfacet
 facet normal  0.000000e+00  1.000000e+00  0.000000e+00
   outer loop
     vertex  1.509636e+01  8.000000e+00  1.497481e+02
     vertex  1.566486e+01  8.000000e+00  1.385595e+02
     vertex  1.506164e+01  8.000000e+00  1.497212e+02
   endloop
 endfacet
 facet normal  0.000000e+00  1.000000e+00  0.000000e+00
   outer loop
     vertex  1.509636e+01  8.000000e+00  1.497481e+02
     vertex  1.573449e+01  8.000000e+00  1.385156e+02
     vertex  1.566486e+01  8.000000e+00  1.385595e+02
   endloop
 endfacet
 facet normal  0.000000e+00  1.000000e+00  0.000000e+00
   outer loop
     vertex  1.286886e+01  8.000000e+00  1.520219e+02
     vertex  1.284129e+01  8.000000e+00  1.519877e+02
     vertex  0.000000e+00  8.000000e+00  1.560000e+02
   endloop
 endfacet
 facet normal  0.000000e+00  1.000000e+00  0.000000e+00
   outer loop
     vertex  1.513033e+01  8.000000e+00  1.497759e+02
     vertex  1.573449e+01  8.000000e+00  1.385156e+02
     vertex  1.509636e+01  8.000000e+00  1.497481e+02
   endloop
 endfacet
 facet normal  0.000000e+00  1.000000e+00  0.000000e+00
   outer loop
     vertex  1.513033e+01  8.000000e+00  1.497759e+02
     vertex  1.580289e+01  8.000000e+00  1.384699e+02
     vertex  1.573449e+01  8.000000e+00  1.385156e+02
   endloop
 endfacet
 facet normal  0.000000e+00  1.000000e+00  0.000000e+00
   outer loop
     vertex  1.289736e+01  8.000000e+00  1.520553e+02
     vertex  1.286886e+01  8.000000e+00  1.520219e+02
     vertex  0.000000e+00  8.000000e+00  1.560000e+02
   endloop
 endfacet
 facet normal  0.000000e+00  1.000000e+00  0.000000e+00
   outer loop
     vertex  1.516352e+01  8.000000e+00  1.498046e+02
     vertex  1.580289e+01  8.000000e+00  1.384699e+02
     vertex  1.513033e+01  8.000000e+00  1.497759e+02
   endloop
 endfacet
 facet normal  0.000000e+00  1.000000e+00  0.000000e+00
   outer loop
     vertex  1.516352e+01  8.000000e+00  1.498046e+02
     vertex  1.587001e+01  8.000000e+00  1.384222e+02
     vertex  1.580289e+01  8.000000e+00  1.384699e+02
   endloop
 endfacet
 facet normal  0.000000e+00  1.000000e+00  0.000000e+00
   outer loop
     vertex  1.292676e+01  8.000000e+00  1.520879e+02
     vertex  1.289736e+01  8.000000e+00  1.520553e+02
     vertex  0.000000e+00  8.000000e+00  1.560000e+02
   endloop
 endfacet
 facet normal  0.000000e+00  1.000000e+00  0.000000e+00
   outer loop
     vertex  1.519592e+01  8.000000e+00  1.498343e+02
     vertex  1.587001e+01  8.000000e+00  1.384222e+02
     vertex  1.516352e+01  8.000000e+00  1.498046e+02
   endloop
 endfacet
 facet normal  0.000000e+00  1.000000e+00  0.000000e+00
   outer loop
     vertex  1.519592e+01  8.000000e+00  1.498343e+02
     vertex  1.593579e+01  8.000000e+00  1.383727e+02
     vertex  1.587001e+01  8.000000e+00  1.384222e+02
   endloop
 endfacet
 facet normal  0.000000e+00  1.000000e+00  0.000000e+00
   outer loop
     vertex  1.295705e+01  8.000000e+00  1.521197e+02
     vertex  1.292676e+01  8.000000e+00  1.520879e+02
     vertex  0.000000e+00  8.000000e+00  1.560000e+02
   endloop
 endfacet
 facet normal  0.000000e+00  1.000000e+00  0.000000e+00
   outer loop
     vertex  1.522748e+01  8.000000e+00  1.498648e+02
     vertex  1.593579e+01  8.000000e+00  1.383727e+02
     vertex  1.519592e+01  8.000000e+00  1.498343e+02
   endloop
 endfacet
 facet normal  0.000000e+00  1.000000e+00  0.000000e+00
   outer loop
     vertex  1.298820e+01  8.000000e+00  1.521506e+02
     vertex  1.295705e+01  8.000000e+00  1.521197e+02
     vertex  0.000000e+00  8.000000e+00  1.560000e+02
   endloop
 endfacet
 facet normal  0.000000e+00  1.000000e+00  0.000000e+00
   outer loop
     vertex  1.525820e+01  8.000000e+00  1.498961e+02
     vertex  1.593579e+01  8.000000e+00  1.383727e+02
     vertex  1.522748e+01  8.000000e+00  1.498648e+02
   endloop
 endfacet
 facet normal  0.000000e+00  1.000000e+00  0.000000e+00
   outer loop
     vertex  1.525820e+01  8.000000e+00  1.498961e+02
     vertex  1.600020e+01  8.000000e+00  1.383215e+02
     vertex  1.593579e+01  8.000000e+00  1.383727e+02
   endloop
 endfacet
 facet normal  0.000000e+00  1.000000e+00  0.000000e+00
   outer loop
     vertex  1.302018e+01  8.000000e+00  1.521807e+02
     vertex  1.298820e+01  8.000000e+00  1.521506e+02
     vertex  0.000000e+00  8.000000e+00  1.560000e+02
   endloop
 endfacet
 facet normal  0.000000e+00  1.000000e+00  0.000000e+00
   outer loop
     vertex  1.528805e+01  8.000000e+00  1.499283e+02
     vertex  1.600020e+01  8.000000e+00  1.383215e+02
     vertex  1.525820e+01  8.000000e+00  1.498961e+02
   endloop
 endfacet
 facet normal  0.000000e+00  1.000000e+00  0.000000e+00
   outer loop
     vertex  1.528805e+01  8.000000e+00  1.499283e+02
     vertex  1.606317e+01  8.000000e+00  1.382685e+02
     vertex  1.600020e+01  8.000000e+00  1.383215e+02
   endloop
 endfacet
 facet normal  0.000000e+00  1.000000e+00  0.000000e+00
   outer loop
     vertex  1.305298e+01  8.000000e+00  1.522099e+02
     vertex  1.302018e+01  8.000000e+00  1.521807e+02
     vertex  0.000000e+00  8.000000e+00  1.560000e+02
   endloop
 endfacet
 facet normal  0.000000e+00  1.000000e+00  0.000000e+00
   outer loop
     vertex  1.531701e+01  8.000000e+00  1.499613e+02
     vertex  1.606317e+01  8.000000e+00  1.382685e+02
     vertex  1.528805e+01  8.000000e+00  1.499283e+02
   endloop
 endfacet
 facet normal  0.000000e+00  1.000000e+00  0.000000e+00
   outer loop
     vertex  1.531701e+01  8.000000e+00  1.499613e+02
     vertex  1.612466e+01  8.000000e+00  1.382138e+02
     vertex  1.606317e+01  8.000000e+00  1.382685e+02
   endloop
 endfacet
 facet normal  0.000000e+00  1.000000e+00  0.000000e+00
   outer loop
     vertex  1.308656e+01  8.000000e+00  1.522381e+02
     vertex  1.305298e+01  8.000000e+00  1.522099e+02
     vertex  0.000000e+00  8.000000e+00  1.560000e+02
   endloop
 endfacet
 facet normal  0.000000e+00  1.000000e+00  0.000000e+00
   outer loop
     vertex  1.534504e+01  8.000000e+00  1.499951e+02
     vertex  1.612466e+01  8.000000e+00  1.382138e+02
     vertex  1.531701e+01  8.000000e+00  1.499613e+02
   endloop
 endfacet
 facet normal  0.000000e+00  1.000000e+00  0.000000e+00
   outer loop
     vertex  1.534504e+01  8.000000e+00  1.499951e+02
     vertex  1.618463e+01  8.000000e+00  1.381574e+02
     vertex  1.612466e+01  8.000000e+00  1.382138e+02
   endloop
 endfacet
 facet normal  0.000000e+00  1.000000e+00  0.000000e+00
   outer loop
     vertex  1.312091e+01  8.000000e+00  1.522655e+02
     vertex  1.308656e+01  8.000000e+00  1.522381e+02
     vertex  0.000000e+00  8.000000e+00  1.560000e+02
   endloop
 endfacet
 facet normal  0.000000e+00  1.000000e+00  0.000000e+00
   outer loop
     vertex  1.537214e+01  8.000000e+00  1.500296e+02
     vertex  1.618463e+01  8.000000e+00  1.381574e+02
     vertex  1.534504e+01  8.000000e+00  1.499951e+02
   endloop
 endfacet
 facet normal  0.000000e+00  1.000000e+00  0.000000e+00
   outer loop
     vertex  1.537214e+01  8.000000e+00  1.500296e+02
     vertex  1.624303e+01  8.000000e+00  1.380994e+02
     vertex  1.618463e+01  8.000000e+00  1.381574e+02
   endloop
 endfacet
 facet normal  0.000000e+00  1.000000e+00  0.000000e+00
   outer loop
     vertex  1.315600e+01  8.000000e+00  1.522918e+02
     vertex  1.312091e+01  8.000000e+00  1.522655e+02
     vertex  0.000000e+00  8.000000e+00  1.560000e+02
   endloop
 endfacet
 facet normal  0.000000e+00  1.000000e+00  0.000000e+00
   outer loop
     vertex  1.539829e+01  8.000000e+00  1.500649e+02
     vertex  1.624303e+01  8.000000e+00  1.380994e+02
     vertex  1.537214e+01  8.000000e+00  1.500296e+02
   endloop
 endfacet
 facet normal  0.000000e+00  1.000000e+00  0.000000e+00
   outer loop
     vertex  1.539829e+01  8.000000e+00  1.500649e+02
     vertex  1.629982e+01  8.000000e+00  1.380398e+02
     vertex  1.624303e+01  8.000000e+00  1.380994e+02
   endloop
 endfacet
 facet normal  0.000000e+00  1.000000e+00  0.000000e+00
   outer loop
     vertex  1.319179e+01  8.000000e+00  1.523173e+02
     vertex  1.315600e+01  8.000000e+00  1.522918e+02
     vertex  0.000000e+00  8.000000e+00  1.560000e+02
   endloop
 endfacet
 facet normal  0.000000e+00  1.000000e+00  0.000000e+00
   outer loop
     vertex  1.542345e+01  8.000000e+00  1.501008e+02
     vertex  1.629982e+01  8.000000e+00  1.380398e+02
     vertex  1.539829e+01  8.000000e+00  1.500649e+02
   endloop
 endfacet
 facet normal  0.000000e+00  1.000000e+00  0.000000e+00
   outer loop
     vertex  1.542345e+01  8.000000e+00  1.501008e+02
     vertex  1.635495e+01  8.000000e+00  1.379787e+02
     vertex  1.629982e+01  8.000000e+00  1.380398e+02
   endloop
 endfacet
 facet normal  0.000000e+00  1.000000e+00  0.000000e+00
   outer loop
     vertex  1.322827e+01  8.000000e+00  1.523417e+02
     vertex  1.319179e+01  8.000000e+00  1.523173e+02
     vertex  0.000000e+00  8.000000e+00  1.560000e+02
   endloop
 endfacet
 facet normal  0.000000e+00  1.000000e+00  0.000000e+00
   outer loop
     vertex  1.544762e+01  8.000000e+00  1.501375e+02
     vertex  1.635495e+01  8.000000e+00  1.379787e+02
     vertex  1.542345e+01  8.000000e+00  1.501008e+02
   endloop
 endfacet
 facet normal  0.000000e+00  1.000000e+00  0.000000e+00
   outer loop
     vertex  1.544762e+01  8.000000e+00  1.501375e+02
     vertex  1.640839e+01  8.000000e+00  1.379161e+02
     vertex  1.635495e+01  8.000000e+00  1.379787e+02
   endloop
 endfacet
 facet normal  0.000000e+00  1.000000e+00  0.000000e+00
   outer loop
     vertex  1.326541e+01  8.000000e+00  1.523651e+02
     vertex  1.322827e+01  8.000000e+00  1.523417e+02
     vertex  0.000000e+00  8.000000e+00  1.560000e+02
   endloop
 endfacet
 facet normal  0.000000e+00  1.000000e+00  0.000000e+00
   outer loop
     vertex  1.547078e+01  8.000000e+00  1.501748e+02
     vertex  1.640839e+01  8.000000e+00  1.379161e+02
     vertex  1.544762e+01  8.000000e+00  1.501375e+02
   endloop
 endfacet
 facet normal  0.000000e+00  1.000000e+00  0.000000e+00
   outer loop
     vertex  1.330317e+01  8.000000e+00  1.523875e+02
     vertex  1.326541e+01  8.000000e+00  1.523651e+02
     vertex  0.000000e+00  8.000000e+00  1.560000e+02
   endloop
 endfacet
 facet normal  0.000000e+00  1.000000e+00  0.000000e+00
   outer loop
     vertex  1.549290e+01  8.000000e+00  1.502127e+02
     vertex  1.640839e+01  8.000000e+00  1.379161e+02
     vertex  1.547078e+01  8.000000e+00  1.501748e+02
   endloop
 endfacet
 facet normal  0.000000e+00  1.000000e+00  0.000000e+00
   outer loop
     vertex  1.549290e+01  8.000000e+00  1.502127e+02
     vertex  1.646009e+01  8.000000e+00  1.378520e+02
     vertex  1.640839e+01  8.000000e+00  1.379161e+02
   endloop
 endfacet
 facet normal  0.000000e+00  1.000000e+00  0.000000e+00
   outer loop
     vertex  1.334153e+01  8.000000e+00  1.524088e+02
     vertex  1.330317e+01  8.000000e+00  1.523875e+02
     vertex  0.000000e+00  8.000000e+00  1.560000e+02
   endloop
 endfacet
 facet normal  0.000000e+00  1.000000e+00  0.000000e+00
   outer loop
     vertex  1.551397e+01  8.000000e+00  1.502512e+02
     vertex  1.651001e+01  8.000000e+00  1.377866e+02
     vertex  1.646009e+01  8.000000e+00  1.378520e+02
   endloop
 endfacet
 facet normal  0.000000e+00  1.000000e+00  0.000000e+00
   outer loop
     vertex  1.551397e+01  8.000000e+00  1.502512e+02
     vertex  1.646009e+01  8.000000e+00  1.378520e+02
     vertex  1.549290e+01  8.000000e+00  1.502127e+02
   endloop
 endfacet
 facet normal  0.000000e+00  1.000000e+00  0.000000e+00
   outer loop
     vertex  1.338047e+01  8.000000e+00  1.524291e+02
     vertex  1.334153e+01  8.000000e+00  1.524088e+02
     vertex  0.000000e+00  8.000000e+00  1.560000e+02
   endloop
 endfacet
 facet normal  0.000000e+00  1.000000e+00  0.000000e+00
   outer loop
     vertex  1.341995e+01  8.000000e+00  1.524483e+02
     vertex  1.338047e+01  8.000000e+00  1.524291e+02
     vertex  0.000000e+00  8.000000e+00  1.560000e+02
   endloop
 endfacet
 facet normal  0.000000e+00  1.000000e+00  0.000000e+00
   outer loop
     vertex  1.345993e+01  8.000000e+00  1.524664e+02
     vertex  1.341995e+01  8.000000e+00  1.524483e+02
     vertex  0.000000e+00  8.000000e+00  1.560000e+02
   endloop
 endfacet
 facet normal  0.000000e+00  1.000000e+00  0.000000e+00
   outer loop
     vertex  1.350040e+01  8.000000e+00  1.524834e+02
     vertex  1.345993e+01  8.000000e+00  1.524664e+02
     vertex  0.000000e+00  8.000000e+00  1.560000e+02
   endloop
 endfacet
 facet normal  0.000000e+00  1.000000e+00  0.000000e+00
   outer loop
     vertex  1.354132e+01  8.000000e+00  1.524993e+02
     vertex  1.350040e+01  8.000000e+00  1.524834e+02
     vertex  0.000000e+00  8.000000e+00  1.560000e+02
   endloop
 endfacet
 facet normal  0.000000e+00  1.000000e+00  0.000000e+00
   outer loop
     vertex  1.358267e+01  8.000000e+00  1.525141e+02
     vertex  1.354132e+01  8.000000e+00  1.524993e+02
     vertex  0.000000e+00  8.000000e+00  1.560000e+02
   endloop
 endfacet
 facet normal  0.000000e+00  1.000000e+00  0.000000e+00
   outer loop
     vertex  1.362440e+01  8.000000e+00  1.525277e+02
     vertex  1.358267e+01  8.000000e+00  1.525141e+02
     vertex  0.000000e+00  8.000000e+00  1.560000e+02
   endloop
 endfacet
 facet normal  0.000000e+00  1.000000e+00  0.000000e+00
   outer loop
     vertex  1.366649e+01  8.000000e+00  1.525402e+02
     vertex  1.362440e+01  8.000000e+00  1.525277e+02
     vertex  0.000000e+00  8.000000e+00  1.560000e+02
   endloop
 endfacet
 facet normal  0.000000e+00  1.000000e+00  0.000000e+00
   outer loop
     vertex  1.370890e+01  8.000000e+00  1.525515e+02
     vertex  1.366649e+01  8.000000e+00  1.525402e+02
     vertex  0.000000e+00  8.000000e+00  1.560000e+02
   endloop
 endfacet
 facet normal  0.000000e+00  1.000000e+00  0.000000e+00
   outer loop
     vertex  1.375161e+01  8.000000e+00  1.525616e+02
     vertex  1.370890e+01  8.000000e+00  1.525515e+02
     vertex  0.000000e+00  8.000000e+00  1.560000e+02
   endloop
 endfacet
 facet normal  0.000000e+00  1.000000e+00  0.000000e+00
   outer loop
     vertex  1.379459e+01  8.000000e+00  1.525706e+02
     vertex  1.375161e+01  8.000000e+00  1.525616e+02
     vertex  0.000000e+00  8.000000e+00  1.560000e+02
   endloop
 endfacet
 facet normal  0.000000e+00  1.000000e+00  0.000000e+00
   outer loop
     vertex  1.383779e+01  8.000000e+00  1.525784e+02
     vertex  1.379459e+01  8.000000e+00  1.525706e+02
     vertex  0.000000e+00  8.000000e+00  1.560000e+02
   endloop
 endfacet
 facet normal  0.000000e+00  1.000000e+00  0.000000e+00
   outer loop
     vertex  1.388119e+01  8.000000e+00  1.525850e+02
     vertex  1.383779e+01  8.000000e+00  1.525784e+02
     vertex  0.000000e+00  8.000000e+00  1.560000e+02
   endloop
 endfacet
 facet normal  0.000000e+00  1.000000e+00  0.000000e+00
   outer loop
     vertex  1.392475e+01  8.000000e+00  1.525904e+02
     vertex  1.388119e+01  8.000000e+00  1.525850e+02
     vertex  0.000000e+00  8.000000e+00  1.560000e+02
   endloop
 endfacet
 facet normal  0.000000e+00  1.000000e+00  0.000000e+00
   outer loop
     vertex  1.396845e+01  8.000000e+00  1.525946e+02
     vertex  1.392475e+01  8.000000e+00  1.525904e+02
     vertex  0.000000e+00  8.000000e+00  1.560000e+02
   endloop
 endfacet
 facet normal  0.000000e+00  1.000000e+00  0.000000e+00
   outer loop
     vertex  1.401224e+01  8.000000e+00  1.525976e+02
     vertex  1.396845e+01  8.000000e+00  1.525946e+02
     vertex  0.000000e+00  8.000000e+00  1.560000e+02
   endloop
 endfacet
 facet normal  0.000000e+00  1.000000e+00  0.000000e+00
   outer loop
     vertex  1.405611e+01  8.000000e+00  1.525994e+02
     vertex  1.401224e+01  8.000000e+00  1.525976e+02
     vertex  0.000000e+00  8.000000e+00  1.560000e+02
   endloop
 endfacet
 facet normal  0.000000e+00  1.000000e+00  0.000000e+00
   outer loop
     vertex  1.410000e+01  8.000000e+00  1.526000e+02
     vertex  1.405611e+01  8.000000e+00  1.525994e+02
     vertex  0.000000e+00  8.000000e+00  1.560000e+02
   endloop
 endfacet
 facet normal  0.000000e+00  1.000000e+00  0.000000e+00
   outer loop
     vertex  2.820000e+01  8.000000e+00  1.560000e+02
     vertex  1.569695e+01  8.000000e+00  1.210987e+02
     vertex  1.701396e+01  8.000000e+00  1.352867e+02
   endloop
 endfacet
 facet normal  0.000000e+00  1.000000e+00  0.000000e+00
   outer loop
     vertex  2.820000e+01  8.000000e+00  1.560000e+02
     vertex  1.569906e+01  8.000000e+00  1.210549e+02
     vertex  1.569695e+01  8.000000e+00  1.210987e+02
   endloop
 endfacet
 facet normal  0.000000e+00  1.000000e+00  0.000000e+00
   outer loop
     vertex  2.820000e+01  8.000000e+00  1.560000e+02
     vertex  1.569996e+01  8.000000e+00  1.210110e+02
     vertex  1.569906e+01  8.000000e+00  1.210549e+02
   endloop
 endfacet
 facet normal  0.000000e+00  1.000000e+00  0.000000e+00
   outer loop
     vertex  2.820000e+01  8.000000e+00  1.560000e+02
     vertex  1.569966e+01  8.000000e+00  1.209671e+02
     vertex  1.569996e+01  8.000000e+00  1.210110e+02
   endloop
 endfacet
 facet normal  0.000000e+00  1.000000e+00  0.000000e+00
   outer loop
     vertex  2.820000e+01  8.000000e+00  1.560000e+02
     vertex  1.569816e+01  8.000000e+00  1.209232e+02
     vertex  1.569966e+01  8.000000e+00  1.209671e+02
   endloop
 endfacet
 facet normal  0.000000e+00  1.000000e+00  0.000000e+00
   outer loop
     vertex  2.820000e+01  8.000000e+00  1.560000e+02
     vertex  1.569545e+01  8.000000e+00  1.208794e+02
     vertex  1.569816e+01  8.000000e+00  1.209232e+02
   endloop
 endfacet
 facet normal  0.000000e+00  1.000000e+00  0.000000e+00
   outer loop
     vertex  2.820000e+01  8.000000e+00  1.560000e+02
     vertex  1.569154e+01  8.000000e+00  1.208357e+02
     vertex  1.569545e+01  8.000000e+00  1.208794e+02
   endloop
 endfacet
 facet normal  0.000000e+00  1.000000e+00  0.000000e+00
   outer loop
     vertex  2.820000e+01  8.000000e+00  1.560000e+02
     vertex  1.568643e+01  8.000000e+00  1.207921e+02
     vertex  1.569154e+01  8.000000e+00  1.208357e+02
   endloop
 endfacet
 facet normal  0.000000e+00  1.000000e+00  0.000000e+00
   outer loop
     vertex  2.820000e+01  8.000000e+00  1.560000e+02
     vertex  1.655811e+01  8.000000e+00  1.377198e+02
     vertex  1.651001e+01  8.000000e+00  1.377866e+02
   endloop
 endfacet
 facet normal  0.000000e+00  1.000000e+00  0.000000e+00
   outer loop
     vertex  2.820000e+01  8.000000e+00  1.560000e+02
     vertex  1.660437e+01  8.000000e+00  1.376517e+02
     vertex  1.655811e+01  8.000000e+00  1.377198e+02
   endloop
 endfacet
 facet normal  0.000000e+00  1.000000e+00  0.000000e+00
   outer loop
     vertex  2.820000e+01  8.000000e+00  1.560000e+02
     vertex  1.664874e+01  8.000000e+00  1.375824e+02
     vertex  1.660437e+01  8.000000e+00  1.376517e+02
   endloop
 endfacet
 facet normal  0.000000e+00  1.000000e+00  0.000000e+00
   outer loop
     vertex  2.820000e+01  8.000000e+00  1.560000e+02
     vertex  1.669119e+01  8.000000e+00  1.375119e+02
     vertex  1.664874e+01  8.000000e+00  1.375824e+02
   endloop
 endfacet
 facet normal  0.000000e+00  1.000000e+00  0.000000e+00
   outer loop
     vertex  2.820000e+01  8.000000e+00  1.560000e+02
     vertex  1.673169e+01  8.000000e+00  1.374402e+02
     vertex  1.669119e+01  8.000000e+00  1.375119e+02
   endloop
 endfacet
 facet normal  0.000000e+00  1.000000e+00  0.000000e+00
   outer loop
     vertex  2.820000e+01  8.000000e+00  1.560000e+02
     vertex  1.677021e+01  8.000000e+00  1.373675e+02
     vertex  1.673169e+01  8.000000e+00  1.374402e+02
   endloop
 endfacet
 facet normal  0.000000e+00  1.000000e+00  0.000000e+00
   outer loop
     vertex  2.820000e+01  8.000000e+00  1.560000e+02
     vertex  1.680672e+01  8.000000e+00  1.372937e+02
     vertex  1.677021e+01  8.000000e+00  1.373675e+02
   endloop
 endfacet
 facet normal  0.000000e+00  1.000000e+00  0.000000e+00
   outer loop
     vertex  2.820000e+01  8.000000e+00  1.560000e+02
     vertex  1.684119e+01  8.000000e+00  1.372190e+02
     vertex  1.680672e+01  8.000000e+00  1.372937e+02
   endloop
 endfacet
 facet normal  0.000000e+00  1.000000e+00  0.000000e+00
   outer loop
     vertex  2.820000e+01  8.000000e+00  1.560000e+02
     vertex  1.687360e+01  8.000000e+00  1.371433e+02
     vertex  1.684119e+01  8.000000e+00  1.372190e+02
   endloop
 endfacet
 facet normal  0.000000e+00  1.000000e+00  0.000000e+00
   outer loop
     vertex  2.820000e+01  8.000000e+00  1.560000e+02
     vertex  1.690392e+01  8.000000e+00  1.370668e+02
     vertex  1.687360e+01  8.000000e+00  1.371433e+02
   endloop
 endfacet
 facet normal  0.000000e+00  1.000000e+00  0.000000e+00
   outer loop
     vertex  2.820000e+01  8.000000e+00  1.560000e+02
     vertex  1.693214e+01  8.000000e+00  1.369894e+02
     vertex  1.690392e+01  8.000000e+00  1.370668e+02
   endloop
 endfacet
 facet normal  0.000000e+00  1.000000e+00  0.000000e+00
   outer loop
     vertex  2.820000e+01  8.000000e+00  1.560000e+02
     vertex  1.695821e+01  8.000000e+00  1.369114e+02
     vertex  1.693214e+01  8.000000e+00  1.369894e+02
   endloop
 endfacet
 facet normal  0.000000e+00  1.000000e+00  0.000000e+00
   outer loop
     vertex  2.820000e+01  8.000000e+00  1.560000e+02
     vertex  1.698214e+01  8.000000e+00  1.368326e+02
     vertex  1.695821e+01  8.000000e+00  1.369114e+02
   endloop
 endfacet
 facet normal  0.000000e+00  1.000000e+00  0.000000e+00
   outer loop
     vertex  2.820000e+01  8.000000e+00  1.560000e+02
     vertex  1.700390e+01  8.000000e+00  1.367532e+02
     vertex  1.698214e+01  8.000000e+00  1.368326e+02
   endloop
 endfacet
 facet normal  0.000000e+00  1.000000e+00  0.000000e+00
   outer loop
     vertex  2.820000e+01  8.000000e+00  1.560000e+02
     vertex  1.702347e+01  8.000000e+00  1.366733e+02
     vertex  1.700390e+01  8.000000e+00  1.367532e+02
   endloop
 endfacet
 facet normal  0.000000e+00  1.000000e+00  0.000000e+00
   outer loop
     vertex  2.820000e+01  8.000000e+00  1.560000e+02
     vertex  1.704084e+01  8.000000e+00  1.365928e+02
     vertex  1.702347e+01  8.000000e+00  1.366733e+02
   endloop
 endfacet
 facet normal  0.000000e+00  1.000000e+00  0.000000e+00
   outer loop
     vertex  2.820000e+01  8.000000e+00  1.560000e+02
     vertex  1.705600e+01  8.000000e+00  1.365119e+02
     vertex  1.704084e+01  8.000000e+00  1.365928e+02
   endloop
 endfacet
 facet normal  0.000000e+00  1.000000e+00  0.000000e+00
   outer loop
     vertex  2.820000e+01  8.000000e+00  1.560000e+02
     vertex  1.706893e+01  8.000000e+00  1.364306e+02
     vertex  1.705600e+01  8.000000e+00  1.365119e+02
   endloop
 endfacet
 facet normal  0.000000e+00  1.000000e+00  0.000000e+00
   outer loop
     vertex  2.820000e+01  8.000000e+00  1.560000e+02
     vertex  1.707963e+01  8.000000e+00  1.363490e+02
     vertex  1.706893e+01  8.000000e+00  1.364306e+02
   endloop
 endfacet
 facet normal  0.000000e+00  1.000000e+00  0.000000e+00
   outer loop
     vertex  2.820000e+01  8.000000e+00  1.560000e+02
     vertex  1.708808e+01  8.000000e+00  1.362672e+02
     vertex  1.707963e+01  8.000000e+00  1.363490e+02
   endloop
 endfacet
 facet normal  0.000000e+00  1.000000e+00  0.000000e+00
   outer loop
     vertex  2.820000e+01  8.000000e+00  1.560000e+02
     vertex  1.709429e+01  8.000000e+00  1.361851e+02
     vertex  1.708808e+01  8.000000e+00  1.362672e+02
   endloop
 endfacet
 facet normal  0.000000e+00  1.000000e+00  0.000000e+00
   outer loop
     vertex  2.820000e+01  8.000000e+00  1.560000e+02
     vertex  1.709824e+01  8.000000e+00  1.361029e+02
     vertex  1.709429e+01  8.000000e+00  1.361851e+02
   endloop
 endfacet
 facet normal  0.000000e+00  1.000000e+00  0.000000e+00
   outer loop
     vertex  2.820000e+01  8.000000e+00  1.560000e+02
     vertex  1.709993e+01  8.000000e+00  1.360206e+02
     vertex  1.709824e+01  8.000000e+00  1.361029e+02
   endloop
 endfacet
 facet normal  0.000000e+00  1.000000e+00  0.000000e+00
   outer loop
     vertex  2.820000e+01  8.000000e+00  1.560000e+02
     vertex  1.709936e+01  8.000000e+00  1.359383e+02
     vertex  1.709993e+01  8.000000e+00  1.360206e+02
   endloop
 endfacet
 facet normal  0.000000e+00  1.000000e+00  0.000000e+00
   outer loop
     vertex  2.820000e+01  8.000000e+00  1.560000e+02
     vertex  1.709654e+01  8.000000e+00  1.358560e+02
     vertex  1.709936e+01  8.000000e+00  1.359383e+02
   endloop
 endfacet
 facet normal  0.000000e+00  1.000000e+00  0.000000e+00
   outer loop
     vertex  2.820000e+01  8.000000e+00  1.560000e+02
     vertex  1.709146e+01  8.000000e+00  1.357739e+02
     vertex  1.709654e+01  8.000000e+00  1.358560e+02
   endloop
 endfacet
 facet normal  0.000000e+00  1.000000e+00  0.000000e+00
   outer loop
     vertex  2.820000e+01  8.000000e+00  1.560000e+02
     vertex  1.708413e+01  8.000000e+00  1.356919e+02
     vertex  1.709146e+01  8.000000e+00  1.357739e+02
   endloop
 endfacet
 facet normal  0.000000e+00  1.000000e+00  0.000000e+00
   outer loop
     vertex  2.820000e+01  8.000000e+00  1.560000e+02
     vertex  1.707456e+01  8.000000e+00  1.356101e+02
     vertex  1.708413e+01  8.000000e+00  1.356919e+02
   endloop
 endfacet
 facet normal  0.000000e+00  1.000000e+00  0.000000e+00
   outer loop
     vertex  2.820000e+01  8.000000e+00  1.560000e+02
     vertex  1.706274e+01  8.000000e+00  1.355287e+02
     vertex  1.707456e+01  8.000000e+00  1.356101e+02
   endloop
 endfacet
 facet normal  0.000000e+00  1.000000e+00  0.000000e+00
   outer loop
     vertex  2.820000e+01  8.000000e+00  1.560000e+02
     vertex  1.704870e+01  8.000000e+00  1.354476e+02
     vertex  1.706274e+01  8.000000e+00  1.355287e+02
   endloop
 endfacet
 facet normal  0.000000e+00  1.000000e+00  0.000000e+00
   outer loop
     vertex  2.820000e+01  8.000000e+00  1.560000e+02
     vertex  1.703243e+01  8.000000e+00  1.353669e+02
     vertex  1.704870e+01  8.000000e+00  1.354476e+02
   endloop
 endfacet
 facet normal  0.000000e+00  1.000000e+00  0.000000e+00
   outer loop
     vertex  2.820000e+01  8.000000e+00  1.560000e+02
     vertex  1.701396e+01  8.000000e+00  1.352867e+02
     vertex  1.703243e+01  8.000000e+00  1.353669e+02
   endloop
 endfacet
 facet normal  0.000000e+00  1.000000e+00  0.000000e+00
   outer loop
     vertex  2.820000e+01  8.000000e+00  1.560000e+02
     vertex  1.410000e+01  8.000000e+00  1.526000e+02
     vertex  0.000000e+00  8.000000e+00  1.560000e+02
   endloop
 endfacet
 facet normal  0.000000e+00  1.000000e+00  0.000000e+00
   outer loop
     vertex  2.820000e+01  8.000000e+00  1.560000e+02
     vertex  1.414389e+01  8.000000e+00  1.525994e+02
     vertex  1.410000e+01  8.000000e+00  1.526000e+02
   endloop
 endfacet
 facet normal  0.000000e+00  1.000000e+00  0.000000e+00
   outer loop
     vertex  2.820000e+01  8.000000e+00  1.560000e+02
     vertex  1.418776e+01  8.000000e+00  1.525976e+02
     vertex  1.414389e+01  8.000000e+00  1.525994e+02
   endloop
 endfacet
 facet normal  0.000000e+00  1.000000e+00  0.000000e+00
   outer loop
     vertex  2.820000e+01  8.000000e+00  1.560000e+02
     vertex  1.423155e+01  8.000000e+00  1.525946e+02
     vertex  1.418776e+01  8.000000e+00  1.525976e+02
   endloop
 endfacet
 facet normal  0.000000e+00  1.000000e+00  0.000000e+00
   outer loop
     vertex  2.820000e+01  8.000000e+00  1.560000e+02
     vertex  1.427525e+01  8.000000e+00  1.525904e+02
     vertex  1.423155e+01  8.000000e+00  1.525946e+02
   endloop
 endfacet
 facet normal  0.000000e+00  1.000000e+00  0.000000e+00
   outer loop
     vertex  2.820000e+01  8.000000e+00  1.560000e+02
     vertex  1.431881e+01  8.000000e+00  1.525850e+02
     vertex  1.427525e+01  8.000000e+00  1.525904e+02
   endloop
 endfacet
 facet normal  0.000000e+00  1.000000e+00  0.000000e+00
   outer loop
     vertex  2.820000e+01  8.000000e+00  1.560000e+02
     vertex  1.436221e+01  8.000000e+00  1.525784e+02
     vertex  1.431881e+01  8.000000e+00  1.525850e+02
   endloop
 endfacet
 facet normal  0.000000e+00  1.000000e+00  0.000000e+00
   outer loop
     vertex  2.820000e+01  8.000000e+00  1.560000e+02
     vertex  1.440541e+01  8.000000e+00  1.525706e+02
     vertex  1.436221e+01  8.000000e+00  1.525784e+02
   endloop
 endfacet
 facet normal  0.000000e+00  1.000000e+00  0.000000e+00
   outer loop
     vertex  2.820000e+01  8.000000e+00  1.560000e+02
     vertex  1.444839e+01  8.000000e+00  1.525616e+02
     vertex  1.440541e+01  8.000000e+00  1.525706e+02
   endloop
 endfacet
 facet normal  0.000000e+00  1.000000e+00  0.000000e+00
   outer loop
     vertex  2.820000e+01  8.000000e+00  1.560000e+02
     vertex  1.449110e+01  8.000000e+00  1.525515e+02
     vertex  1.444839e+01  8.000000e+00  1.525616e+02
   endloop
 endfacet
 facet normal  0.000000e+00  1.000000e+00  0.000000e+00
   outer loop
     vertex  2.820000e+01  8.000000e+00  1.560000e+02
     vertex  1.453351e+01  8.000000e+00  1.525402e+02
     vertex  1.449110e+01  8.000000e+00  1.525515e+02
   endloop
 endfacet
 facet normal  0.000000e+00  1.000000e+00  0.000000e+00
   outer loop
     vertex  2.820000e+01  8.000000e+00  1.560000e+02
     vertex  1.457560e+01  8.000000e+00  1.525277e+02
     vertex  1.453351e+01  8.000000e+00  1.525402e+02
   endloop
 endfacet
 facet normal  0.000000e+00  1.000000e+00  0.000000e+00
   outer loop
     vertex  2.820000e+01  8.000000e+00  1.560000e+02
     vertex  1.461733e+01  8.000000e+00  1.525141e+02
     vertex  1.457560e+01  8.000000e+00  1.525277e+02
   endloop
 endfacet
 facet normal  0.000000e+00  1.000000e+00  0.000000e+00
   outer loop
     vertex  2.820000e+01  8.000000e+00  1.560000e+02
     vertex  1.465868e+01  8.000000e+00  1.524993e+02
     vertex  1.461733e+01  8.000000e+00  1.525141e+02
   endloop
 endfacet
 facet normal  0.000000e+00  1.000000e+00  0.000000e+00
   outer loop
     vertex  2.820000e+01  8.000000e+00  1.560000e+02
     vertex  1.469960e+01  8.000000e+00  1.524834e+02
     vertex  1.465868e+01  8.000000e+00  1.524993e+02
   endloop
 endfacet
 facet normal  0.000000e+00  1.000000e+00  0.000000e+00
   outer loop
     vertex  2.820000e+01  8.000000e+00  1.560000e+02
     vertex  1.474007e+01  8.000000e+00  1.524664e+02
     vertex  1.469960e+01  8.000000e+00  1.524834e+02
   endloop
 endfacet
 facet normal  0.000000e+00  1.000000e+00  0.000000e+00
   outer loop
     vertex  2.820000e+01  8.000000e+00  1.560000e+02
     vertex  1.478005e+01  8.000000e+00  1.524483e+02
     vertex  1.474007e+01  8.000000e+00  1.524664e+02
   endloop
 endfacet
 facet normal  0.000000e+00  1.000000e+00  0.000000e+00
   outer loop
     vertex  2.820000e+01  8.000000e+00  1.560000e+02
     vertex  1.481953e+01  8.000000e+00  1.524291e+02
     vertex  1.478005e+01  8.000000e+00  1.524483e+02
   endloop
 endfacet
 facet normal  0.000000e+00  1.000000e+00  0.000000e+00
   outer loop
     vertex  2.820000e+01  8.000000e+00  1.560000e+02
     vertex  1.485847e+01  8.000000e+00  1.524088e+02
     vertex  1.481953e+01  8.000000e+00  1.524291e+02
   endloop
 endfacet
 facet normal  0.000000e+00  1.000000e+00  0.000000e+00
   outer loop
     vertex  2.820000e+01  8.000000e+00  1.560000e+02
     vertex  1.489683e+01  8.000000e+00  1.523875e+02
     vertex  1.485847e+01  8.000000e+00  1.524088e+02
   endloop
 endfacet
 facet normal  0.000000e+00  1.000000e+00  0.000000e+00
   outer loop
     vertex  2.820000e+01  8.000000e+00  1.560000e+02
     vertex  1.493459e+01  8.000000e+00  1.523651e+02
     vertex  1.489683e+01  8.000000e+00  1.523875e+02
   endloop
 endfacet
 facet normal  0.000000e+00  1.000000e+00  0.000000e+00
   outer loop
     vertex  2.820000e+01  8.000000e+00  1.560000e+02
     vertex  1.497173e+01  8.000000e+00  1.523417e+02
     vertex  1.493459e+01  8.000000e+00  1.523651e+02
   endloop
 endfacet
 facet normal  0.000000e+00  1.000000e+00  0.000000e+00
   outer loop
     vertex  2.820000e+01  8.000000e+00  1.560000e+02
     vertex  1.500821e+01  8.000000e+00  1.523173e+02
     vertex  1.497173e+01  8.000000e+00  1.523417e+02
   endloop
 endfacet
 facet normal  0.000000e+00  1.000000e+00  0.000000e+00
   outer loop
     vertex  2.820000e+01  8.000000e+00  1.560000e+02
     vertex  1.504400e+01  8.000000e+00  1.522918e+02
     vertex  1.500821e+01  8.000000e+00  1.523173e+02
   endloop
 endfacet
 facet normal  0.000000e+00  1.000000e+00  0.000000e+00
   outer loop
     vertex  2.820000e+01  8.000000e+00  1.560000e+02
     vertex  1.507909e+01  8.000000e+00  1.522655e+02
     vertex  1.504400e+01  8.000000e+00  1.522918e+02
   endloop
 endfacet
 facet normal  0.000000e+00  1.000000e+00  0.000000e+00
   outer loop
     vertex  2.820000e+01  8.000000e+00  1.560000e+02
     vertex  1.511344e+01  8.000000e+00  1.522381e+02
     vertex  1.507909e+01  8.000000e+00  1.522655e+02
   endloop
 endfacet
 facet normal  0.000000e+00  1.000000e+00  0.000000e+00
   outer loop
     vertex  2.820000e+01  8.000000e+00  1.560000e+02
     vertex  1.514702e+01  8.000000e+00  1.522099e+02
     vertex  1.511344e+01  8.000000e+00  1.522381e+02
   endloop
 endfacet
 facet normal  0.000000e+00  1.000000e+00  0.000000e+00
   outer loop
     vertex  2.820000e+01  8.000000e+00  1.560000e+02
     vertex  1.517982e+01  8.000000e+00  1.521807e+02
     vertex  1.514702e+01  8.000000e+00  1.522099e+02
   endloop
 endfacet
 facet normal  0.000000e+00  1.000000e+00  0.000000e+00
   outer loop
     vertex  2.820000e+01  8.000000e+00  1.560000e+02
     vertex  1.521180e+01  8.000000e+00  1.521506e+02
     vertex  1.517982e+01  8.000000e+00  1.521807e+02
   endloop
 endfacet
 facet normal  0.000000e+00  1.000000e+00  0.000000e+00
   outer loop
     vertex  2.820000e+01  8.000000e+00  1.560000e+02
     vertex  1.524295e+01  8.000000e+00  1.521197e+02
     vertex  1.521180e+01  8.000000e+00  1.521506e+02
   endloop
 endfacet
 facet normal  0.000000e+00  1.000000e+00  0.000000e+00
   outer loop
     vertex  2.820000e+01  8.000000e+00  1.560000e+02
     vertex  1.527324e+01  8.000000e+00  1.520879e+02
     vertex  1.524295e+01  8.000000e+00  1.521197e+02
   endloop
 endfacet
 facet normal  0.000000e+00  1.000000e+00  0.000000e+00
   outer loop
     vertex  2.820000e+01  8.000000e+00  1.560000e+02
     vertex  1.530264e+01  8.000000e+00  1.520553e+02
     vertex  1.527324e+01  8.000000e+00  1.520879e+02
   endloop
 endfacet
 facet normal  0.000000e+00  1.000000e+00  0.000000e+00
   outer loop
     vertex  2.820000e+01  8.000000e+00  1.560000e+02
     vertex  1.533114e+01  8.000000e+00  1.520219e+02
     vertex  1.530264e+01  8.000000e+00  1.520553e+02
   endloop
 endfacet
 facet normal  0.000000e+00  1.000000e+00  0.000000e+00
   outer loop
     vertex  2.820000e+01  8.000000e+00  1.560000e+02
     vertex  1.535871e+01  8.000000e+00  1.519877e+02
     vertex  1.533114e+01  8.000000e+00  1.520219e+02
   endloop
 endfacet
 facet normal  0.000000e+00  1.000000e+00  0.000000e+00
   outer loop
     vertex  2.820000e+01  8.000000e+00  1.560000e+02
     vertex  1.538534e+01  8.000000e+00  1.519528e+02
     vertex  1.535871e+01  8.000000e+00  1.519877e+02
   endloop
 endfacet
 facet normal  0.000000e+00  1.000000e+00  0.000000e+00
   outer loop
     vertex  2.820000e+01  8.000000e+00  1.560000e+02
     vertex  1.541099e+01  8.000000e+00  1.519172e+02
     vertex  1.538534e+01  8.000000e+00  1.519528e+02
   endloop
 endfacet
 facet normal  0.000000e+00  1.000000e+00  0.000000e+00
   outer loop
     vertex  2.820000e+01  8.000000e+00  1.560000e+02
     vertex  1.543566e+01  8.000000e+00  1.518809e+02
     vertex  1.541099e+01  8.000000e+00  1.519172e+02
   endloop
 endfacet
 facet normal  0.000000e+00  1.000000e+00  0.000000e+00
   outer loop
     vertex  2.820000e+01  8.000000e+00  1.560000e+02
     vertex  1.545933e+01  8.000000e+00  1.518439e+02
     vertex  1.543566e+01  8.000000e+00  1.518809e+02
   endloop
 endfacet
 facet normal  0.000000e+00  1.000000e+00  0.000000e+00
   outer loop
     vertex  2.820000e+01  8.000000e+00  1.560000e+02
     vertex  1.548197e+01  8.000000e+00  1.518063e+02
     vertex  1.545933e+01  8.000000e+00  1.518439e+02
   endloop
 endfacet
 facet normal  0.000000e+00  1.000000e+00  0.000000e+00
   outer loop
     vertex  2.820000e+01  8.000000e+00  1.560000e+02
     vertex  1.550357e+01  8.000000e+00  1.517681e+02
     vertex  1.548197e+01  8.000000e+00  1.518063e+02
   endloop
 endfacet
 facet normal  0.000000e+00  1.000000e+00  0.000000e+00
   outer loop
     vertex  2.820000e+01  8.000000e+00  1.560000e+02
     vertex  1.552411e+01  8.000000e+00  1.517293e+02
     vertex  1.550357e+01  8.000000e+00  1.517681e+02
   endloop
 endfacet
 facet normal  0.000000e+00  1.000000e+00  0.000000e+00
   outer loop
     vertex  2.820000e+01  8.000000e+00  1.560000e+02
     vertex  1.554358e+01  8.000000e+00  1.516900e+02
     vertex  1.552411e+01  8.000000e+00  1.517293e+02
   endloop
 endfacet
 facet normal  0.000000e+00  1.000000e+00  0.000000e+00
   outer loop
     vertex  2.820000e+01  8.000000e+00  1.560000e+02
     vertex  1.556197e+01  8.000000e+00  1.516501e+02
     vertex  1.554358e+01  8.000000e+00  1.516900e+02
   endloop
 endfacet
 facet normal  0.000000e+00  1.000000e+00  0.000000e+00
   outer loop
     vertex  2.820000e+01  8.000000e+00  1.560000e+02
     vertex  1.557926e+01  8.000000e+00  1.516098e+02
     vertex  1.556197e+01  8.000000e+00  1.516501e+02
   endloop
 endfacet
 facet normal  0.000000e+00  1.000000e+00  0.000000e+00
   outer loop
     vertex  2.820000e+01  8.000000e+00  1.560000e+02
     vertex  1.559543e+01  8.000000e+00  1.515689e+02
     vertex  1.557926e+01  8.000000e+00  1.516098e+02
   endloop
 endfacet
 facet normal  0.000000e+00  1.000000e+00  0.000000e+00
   outer loop
     vertex  2.820000e+01  8.000000e+00  1.560000e+02
     vertex  1.561047e+01  8.000000e+00  1.515277e+02
     vertex  1.559543e+01  8.000000e+00  1.515689e+02
   endloop
 endfacet
 facet normal  0.000000e+00  1.000000e+00  0.000000e+00
   outer loop
     vertex  2.820000e+01  8.000000e+00  1.560000e+02
     vertex  1.562438e+01  8.000000e+00  1.514861e+02
     vertex  1.561047e+01  8.000000e+00  1.515277e+02
   endloop
 endfacet
 facet normal  0.000000e+00  1.000000e+00  0.000000e+00
   outer loop
     vertex  2.820000e+01  8.000000e+00  1.560000e+02
     vertex  1.563714e+01  8.000000e+00  1.514441e+02
     vertex  1.562438e+01  8.000000e+00  1.514861e+02
   endloop
 endfacet
 facet normal  0.000000e+00  1.000000e+00  0.000000e+00
   outer loop
     vertex  2.820000e+01  8.000000e+00  1.560000e+02
     vertex  1.564875e+01  8.000000e+00  1.514017e+02
     vertex  1.563714e+01  8.000000e+00  1.514441e+02
   endloop
 endfacet
 facet normal  0.000000e+00  1.000000e+00  0.000000e+00
   outer loop
     vertex  2.820000e+01  8.000000e+00  1.560000e+02
     vertex  1.565918e+01  8.000000e+00  1.513591e+02
     vertex  1.564875e+01  8.000000e+00  1.514017e+02
   endloop
 endfacet
 facet normal  0.000000e+00  1.000000e+00  0.000000e+00
   outer loop
     vertex  2.820000e+01  8.000000e+00  1.560000e+02
     vertex  1.566845e+01  8.000000e+00  1.513162e+02
     vertex  1.565918e+01  8.000000e+00  1.513591e+02
   endloop
 endfacet
 facet normal  0.000000e+00  1.000000e+00  0.000000e+00
   outer loop
     vertex  2.820000e+01  8.000000e+00  1.560000e+02
     vertex  1.567653e+01  8.000000e+00  1.512730e+02
     vertex  1.566845e+01  8.000000e+00  1.513162e+02
   endloop
 endfacet
 facet normal  0.000000e+00  1.000000e+00  0.000000e+00
   outer loop
     vertex  2.820000e+01  8.000000e+00  1.560000e+02
     vertex  1.568343e+01  8.000000e+00  1.512297e+02
     vertex  1.567653e+01  8.000000e+00  1.512730e+02
   endloop
 endfacet
 facet normal  0.000000e+00  1.000000e+00  0.000000e+00
   outer loop
     vertex  2.820000e+01  8.000000e+00  1.560000e+02
     vertex  1.568913e+01  8.000000e+00  1.511862e+02
     vertex  1.568343e+01  8.000000e+00  1.512297e+02
   endloop
 endfacet
 facet normal  0.000000e+00  1.000000e+00  0.000000e+00
   outer loop
     vertex  2.820000e+01  8.000000e+00  1.560000e+02
     vertex  1.569364e+01  8.000000e+00  1.511425e+02
     vertex  1.568913e+01  8.000000e+00  1.511862e+02
   endloop
 endfacet
 facet normal  0.000000e+00  1.000000e+00  0.000000e+00
   outer loop
     vertex  2.820000e+01  8.000000e+00  1.560000e+02
     vertex  1.569695e+01  8.000000e+00  1.510987e+02
     vertex  1.569364e+01  8.000000e+00  1.511425e+02
   endloop
 endfacet
 facet normal  0.000000e+00  1.000000e+00  0.000000e+00
   outer loop
     vertex  2.820000e+01  8.000000e+00  1.560000e+02
     vertex  1.569906e+01  8.000000e+00  1.510549e+02
     vertex  1.569695e+01  8.000000e+00  1.510987e+02
   endloop
 endfacet
 facet normal  0.000000e+00  1.000000e+00  0.000000e+00
   outer loop
     vertex  2.820000e+01  8.000000e+00  1.560000e+02
     vertex  1.569996e+01  8.000000e+00  1.510110e+02
     vertex  1.569906e+01  8.000000e+00  1.510549e+02
   endloop
 endfacet
 facet normal  0.000000e+00  1.000000e+00  0.000000e+00
   outer loop
     vertex  2.820000e+01  8.000000e+00  1.560000e+02
     vertex  1.569966e+01  8.000000e+00  1.509671e+02
     vertex  1.569996e+01  8.000000e+00  1.510110e+02
   endloop
 endfacet
 facet normal  0.000000e+00  1.000000e+00  0.000000e+00
   outer loop
     vertex  2.820000e+01  8.000000e+00  1.560000e+02
     vertex  1.569816e+01  8.000000e+00  1.509232e+02
     vertex  1.569966e+01  8.000000e+00  1.509671e+02
   endloop
 endfacet
 facet normal  0.000000e+00  1.000000e+00  0.000000e+00
   outer loop
     vertex  2.820000e+01  8.000000e+00  1.560000e+02
     vertex  1.569545e+01  8.000000e+00  1.508794e+02
     vertex  1.569816e+01  8.000000e+00  1.509232e+02
   endloop
 endfacet
 facet normal  0.000000e+00  1.000000e+00  0.000000e+00
   outer loop
     vertex  2.820000e+01  8.000000e+00  1.560000e+02
     vertex  1.569154e+01  8.000000e+00  1.508357e+02
     vertex  1.569545e+01  8.000000e+00  1.508794e+02
   endloop
 endfacet
 facet normal  0.000000e+00  1.000000e+00  0.000000e+00
   outer loop
     vertex  2.820000e+01  8.000000e+00  1.560000e+02
     vertex  1.568643e+01  8.000000e+00  1.507921e+02
     vertex  1.569154e+01  8.000000e+00  1.508357e+02
   endloop
 endfacet
 facet normal  0.000000e+00  1.000000e+00  0.000000e+00
   outer loop
     vertex  2.820000e+01  8.000000e+00  1.560000e+02
     vertex  1.568013e+01  8.000000e+00  1.507486e+02
     vertex  1.568643e+01  8.000000e+00  1.507921e+02
   endloop
 endfacet
 facet normal  0.000000e+00  1.000000e+00  0.000000e+00
   outer loop
     vertex  2.820000e+01  8.000000e+00  1.560000e+02
     vertex  1.567264e+01  8.000000e+00  1.507054e+02
     vertex  1.568013e+01  8.000000e+00  1.507486e+02
   endloop
 endfacet
 facet normal  0.000000e+00  1.000000e+00  0.000000e+00
   outer loop
     vertex  2.820000e+01  8.000000e+00  1.560000e+02
     vertex  1.566396e+01  8.000000e+00  1.506623e+02
     vertex  1.567264e+01  8.000000e+00  1.507054e+02
   endloop
 endfacet
 facet normal  0.000000e+00  1.000000e+00  0.000000e+00
   outer loop
     vertex  2.820000e+01  8.000000e+00  1.560000e+02
     vertex  1.565411e+01  8.000000e+00  1.506196e+02
     vertex  1.566396e+01  8.000000e+00  1.506623e+02
   endloop
 endfacet
 facet normal  0.000000e+00  1.000000e+00  0.000000e+00
   outer loop
     vertex  2.820000e+01  8.000000e+00  1.560000e+02
     vertex  1.564309e+01  8.000000e+00  1.505771e+02
     vertex  1.565411e+01  8.000000e+00  1.506196e+02
   endloop
 endfacet
 facet normal  0.000000e+00  1.000000e+00  0.000000e+00
   outer loop
     vertex  2.820000e+01  8.000000e+00  1.560000e+02
     vertex  1.563091e+01  8.000000e+00  1.505349e+02
     vertex  1.564309e+01  8.000000e+00  1.505771e+02
   endloop
 endfacet
 facet normal  0.000000e+00  1.000000e+00  0.000000e+00
   outer loop
     vertex  2.820000e+01  8.000000e+00  1.560000e+02
     vertex  1.561757e+01  8.000000e+00  1.504931e+02
     vertex  1.563091e+01  8.000000e+00  1.505349e+02
   endloop
 endfacet
 facet normal  0.000000e+00  1.000000e+00  0.000000e+00
   outer loop
     vertex  2.820000e+01  8.000000e+00  1.560000e+02
     vertex  1.560309e+01  8.000000e+00  1.504516e+02
     vertex  1.561757e+01  8.000000e+00  1.504931e+02
   endloop
 endfacet
 facet normal  0.000000e+00  1.000000e+00  0.000000e+00
   outer loop
     vertex  2.820000e+01  8.000000e+00  1.560000e+02
     vertex  1.558748e+01  8.000000e+00  1.504106e+02
     vertex  1.560309e+01  8.000000e+00  1.504516e+02
   endloop
 endfacet
 facet normal  0.000000e+00  1.000000e+00  0.000000e+00
   outer loop
     vertex  2.820000e+01  8.000000e+00  1.560000e+02
     vertex  1.557075e+01  8.000000e+00  1.503700e+02
     vertex  1.558748e+01  8.000000e+00  1.504106e+02
   endloop
 endfacet
 facet normal  0.000000e+00  1.000000e+00  0.000000e+00
   outer loop
     vertex  2.820000e+01  8.000000e+00  1.560000e+02
     vertex  1.555291e+01  8.000000e+00  1.503299e+02
     vertex  1.557075e+01  8.000000e+00  1.503700e+02
   endloop
 endfacet
 facet normal  0.000000e+00  1.000000e+00  0.000000e+00
   outer loop
     vertex  2.820000e+01  8.000000e+00  1.560000e+02
     vertex  1.553398e+01  8.000000e+00  1.502903e+02
     vertex  1.555291e+01  8.000000e+00  1.503299e+02
   endloop
 endfacet
 facet normal  0.000000e+00  1.000000e+00  0.000000e+00
   outer loop
     vertex  2.820000e+01  8.000000e+00  1.560000e+02
     vertex  1.551397e+01  8.000000e+00  1.502512e+02
     vertex  1.553398e+01  8.000000e+00  1.502903e+02
   endloop
 endfacet
 facet normal  0.000000e+00  1.000000e+00  0.000000e+00
   outer loop
     vertex  2.820000e+01  8.000000e+00  1.560000e+02
     vertex  1.651001e+01  8.000000e+00  1.377866e+02
     vertex  1.551397e+01  8.000000e+00  1.502512e+02
   endloop
 endfacet
 facet normal  0.000000e+00  1.000000e+00  0.000000e+00
   outer loop
     vertex  2.820000e+01  8.000000e+00  1.560000e+02
     vertex  2.820000e+01  8.000000e+00  0.000000e+00
     vertex  1.568643e+01  8.000000e+00  1.207921e+02
   endloop
 endfacet
 facet normal  0.000000e+00  1.000000e+00  0.000000e+00
   outer loop
     vertex  1.568643e+01  8.000000e+00  1.207921e+02
     vertex  2.820000e+01  8.000000e+00  0.000000e+00
     vertex  1.568013e+01  8.000000e+00  1.207486e+02
   endloop
 endfacet
 facet normal  0.000000e+00  1.000000e+00  0.000000e+00
   outer loop
     vertex  1.568013e+01  8.000000e+00  1.207486e+02
     vertex  2.820000e+01  8.000000e+00  0.000000e+00
     vertex  1.567264e+01  8.000000e+00  1.207054e+02
   endloop
 endfacet
 facet normal  0.000000e+00  1.000000e+00  0.000000e+00
   outer loop
     vertex  1.567264e+01  8.000000e+00  1.207054e+02
     vertex  2.820000e+01  8.000000e+00  0.000000e+00
     vertex  1.566396e+01  8.000000e+00  1.206623e+02
   endloop
 endfacet
 facet normal  0.000000e+00  1.000000e+00  0.000000e+00
   outer loop
     vertex  1.566396e+01  8.000000e+00  1.206623e+02
     vertex  2.820000e+01  8.000000e+00  0.000000e+00
     vertex  1.565411e+01  8.000000e+00  1.206196e+02
   endloop
 endfacet
 facet normal  0.000000e+00  1.000000e+00  0.000000e+00
   outer loop
     vertex  1.565411e+01  8.000000e+00  1.206196e+02
     vertex  2.820000e+01  8.000000e+00  0.000000e+00
     vertex  1.564309e+01  8.000000e+00  1.205771e+02
   endloop
 endfacet
 facet normal  0.000000e+00  1.000000e+00  0.000000e+00
   outer loop
     vertex  1.564309e+01  8.000000e+00  1.205771e+02
     vertex  2.820000e+01  8.000000e+00  0.000000e+00
     vertex  1.563091e+01  8.000000e+00  1.205349e+02
   endloop
 endfacet
 facet normal  0.000000e+00  1.000000e+00  0.000000e+00
   outer loop
     vertex  1.563091e+01  8.000000e+00  1.205349e+02
     vertex  2.820000e+01  8.000000e+00  0.000000e+00
     vertex  1.561757e+01  8.000000e+00  1.204931e+02
   endloop
 endfacet
 facet normal  0.000000e+00  1.000000e+00  0.000000e+00
   outer loop
     vertex  1.561757e+01  8.000000e+00  1.204931e+02
     vertex  2.820000e+01  8.000000e+00  0.000000e+00
     vertex  1.560309e+01  8.000000e+00  1.204516e+02
   endloop
 endfacet
 facet normal  0.000000e+00  1.000000e+00  0.000000e+00
   outer loop
     vertex  1.560309e+01  8.000000e+00  1.204516e+02
     vertex  2.820000e+01  8.000000e+00  0.000000e+00
     vertex  1.558748e+01  8.000000e+00  1.204106e+02
   endloop
 endfacet
 facet normal  0.000000e+00  1.000000e+00  0.000000e+00
   outer loop
     vertex  1.558748e+01  8.000000e+00  1.204106e+02
     vertex  2.820000e+01  8.000000e+00  0.000000e+00
     vertex  1.557075e+01  8.000000e+00  1.203700e+02
   endloop
 endfacet
 facet normal  0.000000e+00  1.000000e+00  0.000000e+00
   outer loop
     vertex  1.557075e+01  8.000000e+00  1.203700e+02
     vertex  2.820000e+01  8.000000e+00  0.000000e+00
     vertex  1.555291e+01  8.000000e+00  1.203299e+02
   endloop
 endfacet
 facet normal  0.000000e+00  1.000000e+00  0.000000e+00
   outer loop
     vertex  1.555291e+01  8.000000e+00  1.203299e+02
     vertex  2.820000e+01  8.000000e+00  0.000000e+00
     vertex  1.553398e+01  8.000000e+00  1.202903e+02
   endloop
 endfacet
 facet normal  0.000000e+00  1.000000e+00  0.000000e+00
   outer loop
     vertex  1.553398e+01  8.000000e+00  1.202903e+02
     vertex  2.820000e+01  8.000000e+00  0.000000e+00
     vertex  1.551397e+01  8.000000e+00  1.202512e+02
   endloop
 endfacet
 facet normal  0.000000e+00  1.000000e+00  0.000000e+00
   outer loop
     vertex  1.551397e+01  8.000000e+00  1.202512e+02
     vertex  2.820000e+01  8.000000e+00  0.000000e+00
     vertex  1.549290e+01  8.000000e+00  1.202127e+02
   endloop
 endfacet
 facet normal  0.000000e+00  1.000000e+00  0.000000e+00
   outer loop
     vertex  1.549290e+01  8.000000e+00  1.202127e+02
     vertex  2.820000e+01  8.000000e+00  0.000000e+00
     vertex  1.547078e+01  8.000000e+00  1.201748e+02
   endloop
 endfacet
 facet normal  0.000000e+00  1.000000e+00  0.000000e+00
   outer loop
     vertex  1.547078e+01  8.000000e+00  1.201748e+02
     vertex  2.820000e+01  8.000000e+00  0.000000e+00
     vertex  1.544762e+01  8.000000e+00  1.201375e+02
   endloop
 endfacet
 facet normal  0.000000e+00  1.000000e+00  0.000000e+00
   outer loop
     vertex  1.544762e+01  8.000000e+00  1.201375e+02
     vertex  2.820000e+01  8.000000e+00  0.000000e+00
     vertex  1.542345e+01  8.000000e+00  1.201008e+02
   endloop
 endfacet
 facet normal  0.000000e+00 -0.000000e+00 -1.000000e+00
   outer loop
     vertex  5.932348e+00  2.198590e-01  0.000000e+00
     vertex  6.037742e+00  3.155254e-13  0.000000e+00
     vertex  0.000000e+00  0.000000e+00  0.000000e+00
   endloop
 endfacet
 facet normal  0.000000e+00 -0.000000e+00 -1.000000e+00
   outer loop
     vertex  5.832949e+00  4.424923e-01  0.000000e+00
     vertex  5.932348e+00  2.198590e-01  0.000000e+00
     vertex  0.000000e+00  0.000000e+00  0.000000e+00
   endloop
 endfacet
 facet normal  0.000000e+00 -0.000000e+00 -1.000000e+00
   outer loop
     vertex  5.739616e+00  6.677364e-01  0.000000e+00
     vertex  5.832949e+00  4.424923e-01  0.000000e+00
     vertex  0.000000e+00  0.000000e+00  0.000000e+00
   endloop
 endfacet
 facet normal  0.000000e+00 -0.000000e+00 -1.000000e+00
   outer loop
     vertex  5.652419e+00  8.954261e-01  0.000000e+00
     vertex  5.739616e+00  6.677364e-01  0.000000e+00
     vertex  0.000000e+00  0.000000e+00  0.000000e+00
   endloop
 endfacet
 facet normal  0.000000e+00 -0.000000e+00 -1.000000e+00
   outer loop
     vertex  5.571422e+00  1.125394e+00  0.000000e+00
     vertex  5.652419e+00  8.954261e-01  0.000000e+00
     vertex  0.000000e+00  0.000000e+00  0.000000e+00
   endloop
 endfacet
 facet normal  0.000000e+00 -0.000000e+00 -1.000000e+00
   outer loop
     vertex  5.496684e+00  1.357472e+00  0.000000e+00
     vertex  5.571422e+00  1.125394e+00  0.000000e+00
     vertex  0.000000e+00  0.000000e+00  0.000000e+00
   endloop
 endfacet
 facet normal  0.000000e+00 -0.000000e+00 -1.000000e+00
   outer loop
     vertex  5.428260e+00  1.591489e+00  0.000000e+00
     vertex  5.496684e+00  1.357472e+00  0.000000e+00
     vertex  0.000000e+00  0.000000e+00  0.000000e+00
   endloop
 endfacet
 facet normal  0.000000e+00 -0.000000e+00 -1.000000e+00
   outer loop
     vertex  5.366200e+00  1.827274e+00  0.000000e+00
     vertex  5.428260e+00  1.591489e+00  0.000000e+00
     vertex  0.000000e+00  0.000000e+00  0.000000e+00
   endloop
 endfacet
 facet normal  0.000000e+00 -0.000000e+00 -1.000000e+00
   outer loop
     vertex  5.310550e+00  2.064653e+00  0.000000e+00
     vertex  5.366200e+00  1.827274e+00  0.000000e+00
     vertex  0.000000e+00  0.000000e+00  0.000000e+00
   endloop
 endfacet
 facet normal  0.000000e+00 -0.000000e+00 -1.000000e+00
   outer loop
     vertex  5.261350e+00  2.303453e+00  0.000000e+00
     vertex  5.310550e+00  2.064653e+00  0.000000e+00
     vertex  0.000000e+00  0.000000e+00  0.000000e+00
   endloop
 endfacet
 facet normal  0.000000e+00 -0.000000e+00 -1.000000e+00
   outer loop
     vertex  5.218637e+00  2.543498e+00  0.000000e+00
     vertex  5.261350e+00  2.303453e+00  0.000000e+00
     vertex  0.000000e+00  0.000000e+00  0.000000e+00
   endloop
 endfacet
 facet normal  0.000000e+00 -0.000000e+00 -1.000000e+00
   outer loop
     vertex  5.182443e+00  2.784611e+00  0.000000e+00
     vertex  5.218637e+00  2.543498e+00  0.000000e+00
     vertex  0.000000e+00  0.000000e+00  0.000000e+00
   endloop
 endfacet
 facet normal  0.000000e+00 -0.000000e+00 -1.000000e+00
   outer loop
     vertex  5.152792e+00  3.026617e+00  0.000000e+00
     vertex  5.182443e+00  2.784611e+00  0.000000e+00
     vertex  0.000000e+00  0.000000e+00  0.000000e+00
   endloop
 endfacet
 facet normal  0.000000e+00 -0.000000e+00 -1.000000e+00
   outer loop
     vertex  5.129708e+00  3.269337e+00  0.000000e+00
     vertex  5.152792e+00  3.026617e+00  0.000000e+00
     vertex  0.000000e+00  0.000000e+00  0.000000e+00
   endloop
 endfacet
 facet normal  0.000000e+00 -0.000000e+00 -1.000000e+00
   outer loop
     vertex  5.113208e+00  3.512593e+00  0.000000e+00
     vertex  5.129708e+00  3.269337e+00  0.000000e+00
     vertex  0.000000e+00  0.000000e+00  0.000000e+00
   endloop
 endfacet
 facet normal  0.000000e+00 -0.000000e+00 -1.000000e+00
   outer loop
     vertex  5.103303e+00  3.756207e+00  0.000000e+00
     vertex  5.113208e+00  3.512593e+00  0.000000e+00
     vertex  0.000000e+00  0.000000e+00  0.000000e+00
   endloop
 endfacet
 facet normal -0.000000e+00  0.000000e+00 -1.000000e+00
   outer loop
     vertex  5.100000e+00  4.000000e+00  0.000000e+00
     vertex  0.000000e+00  0.000000e+00  0.000000e+00
     vertex  0.000000e+00  8.000000e+00  0.000000e+00
   endloop
 endfacet
 facet normal  0.000000e+00 -0.000000e+00 -1.000000e+00
   outer loop
     vertex  5.100000e+00  4.000000e+00  0.000000e+00
     vertex  5.103303e+00  3.756207e+00  0.000000e+00
     vertex  0.000000e+00  0.000000e+00  0.000000e+00
   endloop
 endfacet
 facet normal -0.000000e+00  0.000000e+00 -1.000000e+00
   outer loop
     vertex  5.103303e+00  4.243793e+00  0.000000e+00
     vertex  5.100000e+00  4.000000e+00  0.000000e+00
     vertex  0.000000e+00  8.000000e+00  0.000000e+00
   endloop
 endfacet
 facet normal -0.000000e+00  0.000000e+00 -1.000000e+00
   outer loop
     vertex  5.113208e+00  4.487407e+00  0.000000e+00
     vertex  5.103303e+00  4.243793e+00  0.000000e+00
     vertex  0.000000e+00  8.000000e+00  0.000000e+00
   endloop
 endfacet
 facet normal -0.000000e+00  0.000000e+00 -1.000000e+00
   outer loop
     vertex  5.129708e+00  4.730663e+00  0.000000e+00
     vertex  5.113208e+00  4.487407e+00  0.000000e+00
     vertex  0.000000e+00  8.000000e+00  0.000000e+00
   endloop
 endfacet
 facet normal -0.000000e+00  0.000000e+00 -1.000000e+00
   outer loop
     vertex  5.152792e+00  4.973383e+00  0.000000e+00
     vertex  5.129708e+00  4.730663e+00  0.000000e+00
     vertex  0.000000e+00  8.000000e+00  0.000000e+00
   endloop
 endfacet
 facet normal -0.000000e+00  0.000000e+00 -1.000000e+00
   outer loop
     vertex  5.182443e+00  5.215389e+00  0.000000e+00
     vertex  5.152792e+00  4.973383e+00  0.000000e+00
     vertex  0.000000e+00  8.000000e+00  0.000000e+00
   endloop
 endfacet
 facet normal -0.000000e+00  0.000000e+00 -1.000000e+00
   outer loop
     vertex  5.218637e+00  5.456502e+00  0.000000e+00
     vertex  5.182443e+00  5.215389e+00  0.000000e+00
     vertex  0.000000e+00  8.000000e+00  0.000000e+00
   endloop
 endfacet
 facet normal -0.000000e+00  0.000000e+00 -1.000000e+00
   outer loop
     vertex  5.261350e+00  5.696547e+00  0.000000e+00
     vertex  5.218637e+00  5.456502e+00  0.000000e+00
     vertex  0.000000e+00  8.000000e+00  0.000000e+00
   endloop
 endfacet
 facet normal -0.000000e+00  0.000000e+00 -1.000000e+00
   outer loop
     vertex  5.310550e+00  5.935347e+00  0.000000e+00
     vertex  5.261350e+00  5.696547e+00  0.000000e+00
     vertex  0.000000e+00  8.000000e+00  0.000000e+00
   endloop
 endfacet
 facet normal -0.000000e+00  0.000000e+00 -1.000000e+00
   outer loop
     vertex  5.366200e+00  6.172726e+00  0.000000e+00
     vertex  5.310550e+00  5.935347e+00  0.000000e+00
     vertex  0.000000e+00  8.000000e+00  0.000000e+00
   endloop
 endfacet
 facet normal -0.000000e+00  0.000000e+00 -1.000000e+00
   outer loop
     vertex  5.428260e+00  6.408511e+00  0.000000e+00
     vertex  5.366200e+00  6.172726e+00  0.000000e+00
     vertex  0.000000e+00  8.000000e+00  0.000000e+00
   endloop
 endfacet
 facet normal -0.000000e+00  0.000000e+00 -1.000000e+00
   outer loop
     vertex  5.496684e+00  6.642528e+00  0.000000e+00
     vertex  5.428260e+00  6.408511e+00  0.000000e+00
     vertex  0.000000e+00  8.000000e+00  0.000000e+00
   endloop
 endfacet
 facet normal -0.000000e+00  0.000000e+00 -1.000000e+00
   outer loop
     vertex  5.571422e+00  6.874606e+00  0.000000e+00
     vertex  5.496684e+00  6.642528e+00  0.000000e+00
     vertex  0.000000e+00  8.000000e+00  0.000000e+00
   endloop
 endfacet
 facet normal -0.000000e+00  0.000000e+00 -1.000000e+00
   outer loop
     vertex  5.652419e+00  7.104574e+00  0.000000e+00
     vertex  5.571422e+00  6.874606e+00  0.000000e+00
     vertex  0.000000e+00  8.000000e+00  0.000000e+00
   endloop
 endfacet
 facet normal -0.000000e+00  0.000000e+00 -1.000000e+00
   outer loop
     vertex  5.739616e+00  7.332264e+00  0.000000e+00
     vertex  5.652419e+00  7.104574e+00  0.000000e+00
     vertex  0.000000e+00  8.000000e+00  0.000000e+00
   endloop
 endfacet
 facet normal -0.000000e+00  0.000000e+00 -1.000000e+00
   outer loop
     vertex  5.832949e+00  7.557508e+00  0.000000e+00
     vertex  5.739616e+00  7.332264e+00  0.000000e+00
     vertex  0.000000e+00  8.000000e+00  0.000000e+00
   endloop
 endfacet
 facet normal -0.000000e+00  0.000000e+00 -1.000000e+00
   outer loop
     vertex  5.932348e+00  7.780141e+00  0.000000e+00
     vertex  5.832949e+00  7.557508e+00  0.000000e+00
     vertex  0.000000e+00  8.000000e+00  0.000000e+00
   endloop
 endfacet
 facet normal -0.000000e+00  0.000000e+00 -1.000000e+00
   outer loop
     vertex  6.037742e+00  8.000000e+00  0.000000e+00
     vertex  5.932348e+00  7.780141e+00  0.000000e+00
     vertex  0.000000e+00  8.000000e+00  0.000000e+00
   endloop
 endfacet
 facet normal  0.000000e+00  0.000000e+00  1.000000e+00
   outer loop
     vertex  6.948599e+00 -1.464199e+00  0.000000e+00
     vertex  7.101060e+00 -1.658165e+00  0.000000e+00
     vertex  7.258779e+00 -1.847880e+00  0.000000e+00
   endloop
 endfacet
 facet normal  0.000000e+00  0.000000e+00  1.000000e+00
   outer loop
     vertex  6.948599e+00 -1.464199e+00  0.000000e+00
     vertex  7.258779e+00 -1.847880e+00  0.000000e+00
     vertex  7.421640e+00 -2.033200e+00  0.000000e+00
   endloop
 endfacet
 facet normal  0.000000e+00  0.000000e+00  1.000000e+00
   outer loop
     vertex  6.948599e+00 -1.464199e+00  0.000000e+00
     vertex  7.421640e+00 -2.033200e+00  0.000000e+00
     vertex  7.589519e+00 -2.213987e+00  0.000000e+00
   endloop
 endfacet
 facet normal  0.000000e+00  0.000000e+00  1.000000e+00
   outer loop
     vertex  6.948599e+00 -1.464199e+00  0.000000e+00
     vertex  7.589519e+00 -2.213987e+00  0.000000e+00
     vertex  7.762290e+00 -2.390104e+00  0.000000e+00
   endloop
 endfacet
 facet normal  0.000000e+00  0.000000e+00  1.000000e+00
   outer loop
     vertex  6.948599e+00 -1.464199e+00  0.000000e+00
     vertex  7.762290e+00 -2.390104e+00  0.000000e+00
     vertex  7.939824e+00 -2.561420e+00  0.000000e+00
   endloop
 endfacet
 facet normal  0.000000e+00  0.000000e+00  1.000000e+00
   outer loop
     vertex  8.694864e+00 -3.196145e+00  0.000000e+00
     vertex  8.308642e+00 -2.889134e+00  0.000000e+00
     vertex  8.499648e+00 -3.045287e+00  0.000000e+00
   endloop
 endfacet
 facet normal  0.000000e+00  0.000000e+00  1.000000e+00
   outer loop
     vertex  9.304277e+00 -3.615842e+00  0.000000e+00
     vertex  6.659911e+00 -1.064096e+00  0.000000e+00
     vertex  6.801513e+00 -1.266126e+00  0.000000e+00
   endloop
 endfacet
 facet normal  0.000000e+00  0.000000e+00  1.000000e+00
   outer loop
     vertex  9.304277e+00 -3.615842e+00  0.000000e+00
     vertex  6.801513e+00 -1.266126e+00  0.000000e+00
     vertex  6.948599e+00 -1.464199e+00  0.000000e+00
   endloop
 endfacet
 facet normal  0.000000e+00  0.000000e+00  1.000000e+00
   outer loop
     vertex  9.304277e+00 -3.615842e+00  0.000000e+00
     vertex  7.939824e+00 -2.561420e+00  0.000000e+00
     vertex  8.121987e+00 -2.727805e+00  0.000000e+00
   endloop
 endfacet
 facet normal  0.000000e+00  0.000000e+00  1.000000e+00
   outer loop
     vertex  9.304277e+00 -3.615842e+00  0.000000e+00
     vertex  8.121987e+00 -2.727805e+00  0.000000e+00
     vertex  8.308642e+00 -2.889134e+00  0.000000e+00
   endloop
 endfacet
 facet normal  0.000000e+00  0.000000e+00  1.000000e+00
   outer loop
     vertex  9.304277e+00 -3.615842e+00  0.000000e+00
     vertex  8.694864e+00 -3.196145e+00  0.000000e+00
     vertex  8.894140e+00 -3.341596e+00  0.000000e+00
   endloop
 endfacet
 facet normal  0.000000e+00  0.000000e+00  1.000000e+00
   outer loop
     vertex  9.304277e+00 -3.615842e+00  0.000000e+00
     vertex  8.894140e+00 -3.341596e+00  0.000000e+00
     vertex  9.097329e+00 -3.481530e+00  0.000000e+00
   endloop
 endfacet
 facet normal  0.000000e+00  0.000000e+00  1.000000e+00
   outer loop
     vertex  9.304277e+00 -3.615842e+00  0.000000e+00
     vertex  6.948599e+00 -1.464199e+00  0.000000e+00
     vertex  7.939824e+00 -2.561420e+00  0.000000e+00
   endloop
 endfacet
 facet normal  0.000000e+00  0.000000e+00  1.000000e+00
   outer loop
     vertex  9.304277e+00 -3.615842e+00  0.000000e+00
     vertex  8.308642e+00 -2.889134e+00  0.000000e+00
     vertex  8.694864e+00 -3.196145e+00  0.000000e+00
   endloop
 endfacet
 facet normal  0.000000e+00  0.000000e+00  1.000000e+00
   outer loop
     vertex  6.269054e+00 -4.357958e-01  0.000000e+00
     vertex  6.393581e+00 -6.487750e-01  0.000000e+00
     vertex  6.523899e+00 -8.582610e-01  0.000000e+00
   endloop
 endfacet
 facet normal  0.000000e+00  0.000000e+00  1.000000e+00
   outer loop
     vertex  9.728826e+00 -3.867200e+00  0.000000e+00
     vertex  9.304277e+00 -3.615842e+00  0.000000e+00
     vertex  9.514829e+00 -3.744431e+00  0.000000e+00
   endloop
 endfacet
 facet normal  0.000000e+00  0.000000e+00  1.000000e+00
   outer loop
     vertex  6.150411e+00 -2.194832e-01  0.000000e+00
     vertex  6.523899e+00 -8.582610e-01  0.000000e+00
     vertex  6.659911e+00 -1.064096e+00  0.000000e+00
   endloop
 endfacet
 facet normal  0.000000e+00  0.000000e+00  1.000000e+00
   outer loop
     vertex  6.150411e+00 -2.194832e-01  0.000000e+00
     vertex  6.269054e+00 -4.357958e-01  0.000000e+00
     vertex  6.523899e+00 -8.582610e-01  0.000000e+00
   endloop
 endfacet
 facet normal  0.000000e+00  0.000000e+00  1.000000e+00
   outer loop
     vertex  6.037742e+00  3.155254e-13  0.000000e+00
     vertex  6.150411e+00 -2.194832e-01  0.000000e+00
     vertex  6.659911e+00 -1.064096e+00  0.000000e+00
   endloop
 endfacet
 facet normal  0.000000e+00  0.000000e+00  1.000000e+00
   outer loop
     vertex  1.016651e+01 -4.094916e+00  0.000000e+00
     vertex  6.659911e+00 -1.064096e+00  0.000000e+00
     vertex  9.304277e+00 -3.615842e+00  0.000000e+00
   endloop
 endfacet
 facet normal  0.000000e+00  0.000000e+00  1.000000e+00
   outer loop
     vertex  1.016651e+01 -4.094916e+00  0.000000e+00
     vertex  9.304277e+00 -3.615842e+00  0.000000e+00
     vertex  9.728826e+00 -3.867200e+00  0.000000e+00
   endloop
 endfacet
 facet normal  0.000000e+00  0.000000e+00  1.000000e+00
   outer loop
     vertex  1.016651e+01 -4.094916e+00  0.000000e+00
     vertex  9.728826e+00 -3.867200e+00  0.000000e+00
     vertex  9.946108e+00 -3.984058e+00  0.000000e+00
   endloop
 endfacet
 facet normal  0.000000e+00  0.000000e+00  1.000000e+00
   outer loop
     vertex  1.016651e+01 -4.094916e+00  0.000000e+00
     vertex  6.037742e+00  3.155254e-13  0.000000e+00
     vertex  6.659911e+00 -1.064096e+00  0.000000e+00
   endloop
 endfacet
 facet normal  0.000000e+00  0.000000e+00  1.000000e+00
   outer loop
     vertex  1.084478e+01 -4.390683e+00  0.000000e+00
     vertex  1.016651e+01 -4.094916e+00  0.000000e+00
     vertex  1.038987e+01 -4.199692e+00  0.000000e+00
   endloop
 endfacet
 facet normal  0.000000e+00  0.000000e+00  1.000000e+00
   outer loop
     vertex  1.084478e+01 -4.390683e+00  0.000000e+00
     vertex  1.038987e+01 -4.199692e+00  0.000000e+00
     vertex  1.061602e+01 -4.298305e+00  0.000000e+00
   endloop
 endfacet
 facet normal  0.000000e+00  0.000000e+00  1.000000e+00
   outer loop
     vertex  1.130948e+01 -4.556459e+00  0.000000e+00
     vertex  1.084478e+01 -4.390683e+00  0.000000e+00
     vertex  1.107599e+01 -4.476756e+00  0.000000e+00
   endloop
 endfacet
 facet normal  0.000000e+00  0.000000e+00  1.000000e+00
   outer loop
     vertex  1.130948e+01 -4.556459e+00  0.000000e+00
     vertex  1.016651e+01 -4.094916e+00  0.000000e+00
     vertex  1.084478e+01 -4.390683e+00  0.000000e+00
   endloop
 endfacet
 facet normal  0.000000e+00  0.000000e+00  1.000000e+00
   outer loop
     vertex  1.154506e+01 -4.629732e+00  0.000000e+00
     vertex  1.016651e+01 -4.094916e+00  0.000000e+00
     vertex  1.130948e+01 -4.556459e+00  0.000000e+00
   endloop
 endfacet
 facet normal  0.000000e+00  0.000000e+00  1.000000e+00
   outer loop
     vertex  1.250479e+01 -4.857500e+00  0.000000e+00
     vertex  6.037742e+00  3.155254e-13  0.000000e+00
     vertex  1.016651e+01 -4.094916e+00  0.000000e+00
   endloop
 endfacet
 facet normal  0.000000e+00  0.000000e+00  1.000000e+00
   outer loop
     vertex  1.250479e+01 -4.857500e+00  0.000000e+00
     vertex  1.154506e+01 -4.629732e+00  0.000000e+00
     vertex  1.178256e+01 -4.696521e+00  0.000000e+00
   endloop
 endfacet
 facet normal  0.000000e+00  0.000000e+00  1.000000e+00
   outer loop
     vertex  1.250479e+01 -4.857500e+00  0.000000e+00
     vertex  1.178256e+01 -4.696521e+00  0.000000e+00
     vertex  1.202180e+01 -4.756774e+00  0.000000e+00
   endloop
 endfacet
 facet normal  0.000000e+00  0.000000e+00  1.000000e+00
   outer loop
     vertex  1.250479e+01 -4.857500e+00  0.000000e+00
     vertex  1.202180e+01 -4.756774e+00  0.000000e+00
     vertex  1.226261e+01 -4.810447e+00  0.000000e+00
   endloop
 endfacet
 facet normal  0.000000e+00  0.000000e+00  1.000000e+00
   outer loop
     vertex  1.250479e+01 -4.857500e+00  0.000000e+00
     vertex  1.016651e+01 -4.094916e+00  0.000000e+00
     vertex  1.154506e+01 -4.629732e+00  0.000000e+00
   endloop
 endfacet
 facet normal  0.000000e+00  0.000000e+00  1.000000e+00
   outer loop
     vertex  1.299257e+01 -4.931607e+00  0.000000e+00
     vertex  1.250479e+01 -4.857500e+00  0.000000e+00
     vertex  1.274817e+01 -4.897897e+00  0.000000e+00
   endloop
 endfacet
 facet normal  0.000000e+00  0.000000e+00  1.000000e+00
   outer loop
     vertex  1.373002e+01 -4.992392e+00  0.000000e+00
     vertex  1.299257e+01 -4.931607e+00  0.000000e+00
     vertex  1.323780e+01 -4.958606e+00  0.000000e+00
   endloop
 endfacet
 facet normal  0.000000e+00  0.000000e+00  1.000000e+00
   outer loop
     vertex  1.373002e+01 -4.992392e+00  0.000000e+00
     vertex  1.323780e+01 -4.958606e+00  0.000000e+00
     vertex  1.348368e+01 -4.978873e+00  0.000000e+00
   endloop
 endfacet
 facet normal  0.000000e+00  0.000000e+00  1.000000e+00
   outer loop
     vertex  1.373002e+01 -4.992392e+00  0.000000e+00
     vertex  1.250479e+01 -4.857500e+00  0.000000e+00
     vertex  1.299257e+01 -4.931607e+00  0.000000e+00
   endloop
 endfacet
 facet normal  0.000000e+00  0.000000e+00  1.000000e+00
   outer loop
     vertex  1.373002e+01 -4.992392e+00  0.000000e+00
     vertex  6.037742e+00  3.155254e-13  0.000000e+00
     vertex  1.250479e+01 -4.857500e+00  0.000000e+00
   endloop
 endfacet
 facet normal  0.000000e+00  0.000000e+00  1.000000e+00
   outer loop
     vertex  1.422336e+01 -4.999155e+00  0.000000e+00
     vertex  1.373002e+01 -4.992392e+00  0.000000e+00
     vertex  1.397664e+01 -4.999155e+00  0.000000e+00
   endloop
 endfacet
 facet normal  0.000000e+00  0.000000e+00  1.000000e+00
   outer loop
     vertex  1.471632e+01 -4.978873e+00  0.000000e+00
     vertex  1.422336e+01 -4.999155e+00  0.000000e+00
     vertex  1.446998e+01 -4.992392e+00  0.000000e+00
   endloop
 endfacet
 facet normal  0.000000e+00  0.000000e+00  1.000000e+00
   outer loop
     vertex  1.471632e+01 -4.978873e+00  0.000000e+00
     vertex  1.373002e+01 -4.992392e+00  0.000000e+00
     vertex  1.422336e+01 -4.999155e+00  0.000000e+00
   endloop
 endfacet
 facet normal  0.000000e+00  0.000000e+00  1.000000e+00
   outer loop
     vertex  1.545183e+01 -4.897897e+00  0.000000e+00
     vertex  1.471632e+01 -4.978873e+00  0.000000e+00
     vertex  1.496220e+01 -4.958606e+00  0.000000e+00
   endloop
 endfacet
 facet normal  0.000000e+00  0.000000e+00  1.000000e+00
   outer loop
     vertex  1.545183e+01 -4.897897e+00  0.000000e+00
     vertex  1.496220e+01 -4.958606e+00  0.000000e+00
     vertex  1.520743e+01 -4.931607e+00  0.000000e+00
   endloop
 endfacet
 facet normal  0.000000e+00  0.000000e+00  1.000000e+00
   outer loop
     vertex  1.545183e+01 -4.897897e+00  0.000000e+00
     vertex  1.373002e+01 -4.992392e+00  0.000000e+00
     vertex  1.471632e+01 -4.978873e+00  0.000000e+00
   endloop
 endfacet
 facet normal  0.000000e+00  0.000000e+00  1.000000e+00
   outer loop
     vertex  1.665494e+01 -4.629732e+00  0.000000e+00
     vertex  1.545183e+01 -4.897897e+00  0.000000e+00
     vertex  1.569521e+01 -4.857500e+00  0.000000e+00
   endloop
 endfacet
 facet normal  0.000000e+00  0.000000e+00  1.000000e+00
   outer loop
     vertex  1.665494e+01 -4.629732e+00  0.000000e+00
     vertex  1.569521e+01 -4.857500e+00  0.000000e+00
     vertex  1.593739e+01 -4.810447e+00  0.000000e+00
   endloop
 endfacet
 facet normal  0.000000e+00  0.000000e+00  1.000000e+00
   outer loop
     vertex  1.665494e+01 -4.629732e+00  0.000000e+00
     vertex  1.593739e+01 -4.810447e+00  0.000000e+00
     vertex  1.617820e+01 -4.756774e+00  0.000000e+00
   endloop
 endfacet
 facet normal  0.000000e+00  0.000000e+00  1.000000e+00
   outer loop
     vertex  1.665494e+01 -4.629732e+00  0.000000e+00
     vertex  1.617820e+01 -4.756774e+00  0.000000e+00
     vertex  1.641744e+01 -4.696521e+00  0.000000e+00
   endloop
 endfacet
 facet normal  0.000000e+00  0.000000e+00  1.000000e+00
   outer loop
     vertex  1.665494e+01 -4.629732e+00  0.000000e+00
     vertex  6.037742e+00  3.155254e-13  0.000000e+00
     vertex  1.373002e+01 -4.992392e+00  0.000000e+00
   endloop
 endfacet
 facet normal  0.000000e+00  0.000000e+00  1.000000e+00
   outer loop
     vertex  1.665494e+01 -4.629732e+00  0.000000e+00
     vertex  1.373002e+01 -4.992392e+00  0.000000e+00
     vertex  1.545183e+01 -4.897897e+00  0.000000e+00
   endloop
 endfacet
 facet normal  0.000000e+00  0.000000e+00  1.000000e+00
   outer loop
     vertex  1.735522e+01 -4.390683e+00  0.000000e+00
     vertex  1.689052e+01 -4.556459e+00  0.000000e+00
     vertex  1.712401e+01 -4.476756e+00  0.000000e+00
   endloop
 endfacet
 facet normal  0.000000e+00  0.000000e+00  1.000000e+00
   outer loop
     vertex  1.758398e+01 -4.298305e+00  0.000000e+00
     vertex  1.665494e+01 -4.629732e+00  0.000000e+00
     vertex  1.689052e+01 -4.556459e+00  0.000000e+00
   endloop
 endfacet
 facet normal  0.000000e+00  0.000000e+00  1.000000e+00
   outer loop
     vertex  1.758398e+01 -4.298305e+00  0.000000e+00
     vertex  6.037742e+00  3.155254e-13  0.000000e+00
     vertex  1.665494e+01 -4.629732e+00  0.000000e+00
   endloop
 endfacet
 facet normal  0.000000e+00  0.000000e+00  1.000000e+00
   outer loop
     vertex  1.758398e+01 -4.298305e+00  0.000000e+00
     vertex  1.689052e+01 -4.556459e+00  0.000000e+00
     vertex  1.735522e+01 -4.390683e+00  0.000000e+00
   endloop
 endfacet
 facet normal  0.000000e+00  0.000000e+00  1.000000e+00
   outer loop
     vertex  1.825389e+01 -3.984058e+00  0.000000e+00
     vertex  1.758398e+01 -4.298305e+00  0.000000e+00
     vertex  1.781013e+01 -4.199692e+00  0.000000e+00
   endloop
 endfacet
 facet normal  0.000000e+00  0.000000e+00  1.000000e+00
   outer loop
     vertex  1.825389e+01 -3.984058e+00  0.000000e+00
     vertex  1.781013e+01 -4.199692e+00  0.000000e+00
     vertex  1.803349e+01 -4.094916e+00  0.000000e+00
   endloop
 endfacet
 facet normal  0.000000e+00  0.000000e+00  1.000000e+00
   outer loop
     vertex  1.847117e+01 -3.867200e+00  0.000000e+00
     vertex  1.758398e+01 -4.298305e+00  0.000000e+00
     vertex  1.825389e+01 -3.984058e+00  0.000000e+00
   endloop
 endfacet
 facet normal  0.000000e+00  0.000000e+00  1.000000e+00
   outer loop
     vertex  1.868517e+01 -3.744431e+00  0.000000e+00
     vertex  1.758398e+01 -4.298305e+00  0.000000e+00
     vertex  1.847117e+01 -3.867200e+00  0.000000e+00
   endloop
 endfacet
 facet normal  0.000000e+00  0.000000e+00  1.000000e+00
   outer loop
     vertex  1.930586e+01 -3.341596e+00  0.000000e+00
     vertex  1.758398e+01 -4.298305e+00  0.000000e+00
     vertex  1.868517e+01 -3.744431e+00  0.000000e+00
   endloop
 endfacet
 facet normal  0.000000e+00  0.000000e+00  1.000000e+00
   outer loop
     vertex  1.930586e+01 -3.341596e+00  0.000000e+00
     vertex  1.868517e+01 -3.744431e+00  0.000000e+00
     vertex  1.889572e+01 -3.615842e+00  0.000000e+00
   endloop
 endfacet
 facet normal  0.000000e+00  0.000000e+00  1.000000e+00
   outer loop
     vertex  1.930586e+01 -3.341596e+00  0.000000e+00
     vertex  1.889572e+01 -3.615842e+00  0.000000e+00
     vertex  1.910267e+01 -3.481530e+00  0.000000e+00
   endloop
 endfacet
 facet normal  0.000000e+00  0.000000e+00  1.000000e+00
   outer loop
     vertex  1.970035e+01 -3.045287e+00  0.000000e+00
     vertex  1.758398e+01 -4.298305e+00  0.000000e+00
     vertex  1.930586e+01 -3.341596e+00  0.000000e+00
   endloop
 endfacet
 facet normal  0.000000e+00  0.000000e+00  1.000000e+00
   outer loop
     vertex  1.970035e+01 -3.045287e+00  0.000000e+00
     vertex  1.930586e+01 -3.341596e+00  0.000000e+00
     vertex  1.950514e+01 -3.196145e+00  0.000000e+00
   endloop
 endfacet
 facet normal  0.000000e+00  0.000000e+00  1.000000e+00
   outer loop
     vertex  2.026018e+01 -2.561420e+00  0.000000e+00
     vertex  1.758398e+01 -4.298305e+00  0.000000e+00
     vertex  1.970035e+01 -3.045287e+00  0.000000e+00
   endloop
 endfacet
 facet normal  0.000000e+00  0.000000e+00  1.000000e+00
   outer loop
     vertex  2.026018e+01 -2.561420e+00  0.000000e+00
     vertex  1.970035e+01 -3.045287e+00  0.000000e+00
     vertex  1.989136e+01 -2.889134e+00  0.000000e+00
   endloop
 endfacet
 facet normal  0.000000e+00  0.000000e+00  1.000000e+00
   outer loop
     vertex  2.026018e+01 -2.561420e+00  0.000000e+00
     vertex  1.989136e+01 -2.889134e+00  0.000000e+00
     vertex  2.007801e+01 -2.727805e+00  0.000000e+00
   endloop
 endfacet
 facet normal  0.000000e+00  0.000000e+00  1.000000e+00
   outer loop
     vertex  2.061048e+01 -2.213987e+00  0.000000e+00
     vertex  2.026018e+01 -2.561420e+00  0.000000e+00
     vertex  2.043771e+01 -2.390104e+00  0.000000e+00
   endloop
 endfacet
 facet normal  0.000000e+00  0.000000e+00  1.000000e+00
   outer loop
     vertex  2.077836e+01 -2.033200e+00  0.000000e+00
     vertex  1.758398e+01 -4.298305e+00  0.000000e+00
     vertex  2.026018e+01 -2.561420e+00  0.000000e+00
   endloop
 endfacet
 facet normal  0.000000e+00  0.000000e+00  1.000000e+00
   outer loop
     vertex  2.077836e+01 -2.033200e+00  0.000000e+00
     vertex  2.026018e+01 -2.561420e+00  0.000000e+00
     vertex  2.061048e+01 -2.213987e+00  0.000000e+00
   endloop
 endfacet
 facet normal  0.000000e+00  0.000000e+00  1.000000e+00
   outer loop
     vertex  2.109894e+01 -1.658165e+00  0.000000e+00
     vertex  1.758398e+01 -4.298305e+00  0.000000e+00
     vertex  2.077836e+01 -2.033200e+00  0.000000e+00
   endloop
 endfacet
 facet normal  0.000000e+00  0.000000e+00  1.000000e+00
   outer loop
     vertex  2.109894e+01 -1.658165e+00  0.000000e+00
     vertex  2.077836e+01 -2.033200e+00  0.000000e+00
     vertex  2.094122e+01 -1.847880e+00  0.000000e+00
   endloop
 endfacet
 facet normal  0.000000e+00  0.000000e+00  1.000000e+00
   outer loop
     vertex  2.139849e+01 -1.266126e+00  0.000000e+00
     vertex  1.758398e+01 -4.298305e+00  0.000000e+00
     vertex  2.109894e+01 -1.658165e+00  0.000000e+00
   endloop
 endfacet
 facet normal  0.000000e+00  0.000000e+00  1.000000e+00
   outer loop
     vertex  2.139849e+01 -1.266126e+00  0.000000e+00
     vertex  2.109894e+01 -1.658165e+00  0.000000e+00
     vertex  2.125140e+01 -1.464199e+00  0.000000e+00
   endloop
 endfacet
 facet normal  0.000000e+00  0.000000e+00  1.000000e+00
   outer loop
     vertex  2.193095e+01 -4.357958e-01  0.000000e+00
     vertex  1.758398e+01 -4.298305e+00  0.000000e+00
     vertex  2.139849e+01 -1.266126e+00  0.000000e+00
   endloop
 endfacet
 facet normal  0.000000e+00  0.000000e+00  1.000000e+00
   outer loop
     vertex  2.193095e+01 -4.357958e-01  0.000000e+00
     vertex  2.139849e+01 -1.266126e+00  0.000000e+00
     vertex  2.154009e+01 -1.064096e+00  0.000000e+00
   endloop
 endfacet
 facet normal  0.000000e+00  0.000000e+00  1.000000e+00
   outer loop
     vertex  2.193095e+01 -4.357958e-01  0.000000e+00
     vertex  2.154009e+01 -1.064096e+00  0.000000e+00
     vertex  2.167610e+01 -8.582610e-01  0.000000e+00
   endloop
 endfacet
 facet normal  0.000000e+00  0.000000e+00  1.000000e+00
   outer loop
     vertex  2.193095e+01 -4.357958e-01  0.000000e+00
     vertex  2.167610e+01 -8.582610e-01  0.000000e+00
     vertex  2.180642e+01 -6.487750e-01  0.000000e+00
   endloop
 endfacet
 facet normal  0.000000e+00  0.000000e+00  1.000000e+00
   outer loop
     vertex  2.193095e+01 -4.357958e-01  0.000000e+00
     vertex  6.037742e+00  3.155254e-13  0.000000e+00
     vertex  1.758398e+01 -4.298305e+00  0.000000e+00
   endloop
 endfacet
 facet normal  0.000000e+00  0.000000e+00  1.000000e+00
   outer loop
     vertex  2.216226e+01 -1.101341e-13  0.000000e+00
     vertex  6.037742e+00  3.155254e-13  0.000000e+00
     vertex  2.193095e+01 -4.357958e-01  0.000000e+00
   endloop
 endfacet
 facet normal  0.000000e+00  0.000000e+00  1.000000e+00
   outer loop
     vertex  2.216226e+01 -1.101341e-13  0.000000e+00
     vertex  2.193095e+01 -4.357958e-01  0.000000e+00
     vertex  2.204959e+01 -2.194832e-01  0.000000e+00
   endloop
 endfacet
 facet normal -0.000000e+00  0.000000e+00 -1.000000e+00
   outer loop
     vertex  2.820000e+01  0.000000e+00  0.000000e+00
     vertex  2.216226e+01 -1.101341e-13  0.000000e+00
     vertex  2.226765e+01  2.198590e-01  0.000000e+00
   endloop
 endfacet
 facet normal  0.000000e+00  0.000000e+00 -1.000000e+00
   outer loop
     vertex  2.820000e+01  0.000000e+00  0.000000e+00
     vertex  2.226765e+01  2.198590e-01  0.000000e+00
     vertex  2.236705e+01  4.424923e-01  0.000000e+00
   endloop
 endfacet
 facet normal  0.000000e+00  0.000000e+00 -1.000000e+00
   outer loop
     vertex  2.820000e+01  0.000000e+00  0.000000e+00
     vertex  2.236705e+01  4.424923e-01  0.000000e+00
     vertex  2.246038e+01  6.677364e-01  0.000000e+00
   endloop
 endfacet
 facet normal  0.000000e+00  0.000000e+00 -1.000000e+00
   outer loop
     vertex  2.820000e+01  0.000000e+00  0.000000e+00
     vertex  2.246038e+01  6.677364e-01  0.000000e+00
     vertex  2.254758e+01  8.954261e-01  0.000000e+00
   endloop
 endfacet
 facet normal  0.000000e+00  0.000000e+00 -1.000000e+00
   outer loop
     vertex  2.820000e+01  0.000000e+00  0.000000e+00
     vertex  2.254758e+01  8.954261e-01  0.000000e+00
     vertex  2.262858e+01  1.125394e+00  0.000000e+00
   endloop
 endfacet
 facet normal  0.000000e+00  0.000000e+00 -1.000000e+00
   outer loop
     vertex  2.820000e+01  0.000000e+00  0.000000e+00
     vertex  2.262858e+01  1.125394e+00  0.000000e+00
     vertex  2.270332e+01  1.357472e+00  0.000000e+00
   endloop
 endfacet
 facet normal  0.000000e+00  0.000000e+00 -1.000000e+00
   outer loop
     vertex  2.820000e+01  0.000000e+00  0.000000e+00
     vertex  2.270332e+01  1.357472e+00  0.000000e+00
     vertex  2.277174e+01  1.591489e+00  0.000000e+00
   endloop
 endfacet
 facet normal  0.000000e+00  0.000000e+00 -1.000000e+00
   outer loop
     vertex  2.820000e+01  0.000000e+00  0.000000e+00
     vertex  2.277174e+01  1.591489e+00  0.000000e+00
     vertex  2.283380e+01  1.827274e+00  0.000000e+00
   endloop
 endfacet
 facet normal  0.000000e+00  0.000000e+00 -1.000000e+00
   outer loop
     vertex  2.820000e+01  0.000000e+00  0.000000e+00
     vertex  2.283380e+01  1.827274e+00  0.000000e+00
     vertex  2.288945e+01  2.064653e+00  0.000000e+00
   endloop
 endfacet
 facet normal  0.000000e+00  0.000000e+00 -1.000000e+00
   outer loop
     vertex  2.820000e+01  0.000000e+00  0.000000e+00
     vertex  2.288945e+01  2.064653e+00  0.000000e+00
     vertex  2.293865e+01  2.303453e+00  0.000000e+00
   endloop
 endfacet
 facet normal  0.000000e+00  0.000000e+00 -1.000000e+00
   outer loop
     vertex  2.820000e+01  0.000000e+00  0.000000e+00
     vertex  2.293865e+01  2.303453e+00  0.000000e+00
     vertex  2.298136e+01  2.543498e+00  0.000000e+00
   endloop
 endfacet
 facet normal  0.000000e+00  0.000000e+00 -1.000000e+00
   outer loop
     vertex  2.820000e+01  0.000000e+00  0.000000e+00
     vertex  2.298136e+01  2.543498e+00  0.000000e+00
     vertex  2.301756e+01  2.784611e+00  0.000000e+00
   endloop
 endfacet
 facet normal  0.000000e+00  0.000000e+00 -1.000000e+00
   outer loop
     vertex  2.820000e+01  0.000000e+00  0.000000e+00
     vertex  2.301756e+01  2.784611e+00  0.000000e+00
     vertex  2.304721e+01  3.026617e+00  0.000000e+00
   endloop
 endfacet
 facet normal  0.000000e+00  0.000000e+00 -1.000000e+00
   outer loop
     vertex  2.820000e+01  0.000000e+00  0.000000e+00
     vertex  2.304721e+01  3.026617e+00  0.000000e+00
     vertex  2.307029e+01  3.269337e+00  0.000000e+00
   endloop
 endfacet
 facet normal  0.000000e+00  0.000000e+00 -1.000000e+00
   outer loop
     vertex  2.820000e+01  0.000000e+00  0.000000e+00
     vertex  2.307029e+01  3.269337e+00  0.000000e+00
     vertex  2.308679e+01  3.512593e+00  0.000000e+00
   endloop
 endfacet
 facet normal  0.000000e+00  0.000000e+00 -1.000000e+00
   outer loop
     vertex  2.820000e+01  0.000000e+00  0.000000e+00
     vertex  2.308679e+01  3.512593e+00  0.000000e+00
     vertex  2.309670e+01  3.756207e+00  0.000000e+00
   endloop
 endfacet
 facet normal  0.000000e+00  0.000000e+00 -1.000000e+00
   outer loop
     vertex  2.820000e+01  0.000000e+00  0.000000e+00
     vertex  2.309670e+01  3.756207e+00  0.000000e+00
     vertex  2.310000e+01  4.000000e+00  0.000000e+00
   endloop
 endfacet
 facet normal  0.000000e+00  0.000000e+00 -1.000000e+00
   outer loop
     vertex  2.820000e+01  8.000000e+00  0.000000e+00
     vertex  2.310000e+01  4.000000e+00  0.000000e+00
     vertex  2.309670e+01  4.243793e+00  0.000000e+00
   endloop
 endfacet
 facet normal  0.000000e+00  0.000000e+00 -1.000000e+00
   outer loop
     vertex  2.820000e+01  8.000000e+00  0.000000e+00
     vertex  2.309670e+01  4.243793e+00  0.000000e+00
     vertex  2.308679e+01  4.487407e+00  0.000000e+00
   endloop
 endfacet
 facet normal  0.000000e+00  0.000000e+00 -1.000000e+00
   outer loop
     vertex  2.820000e+01  8.000000e+00  0.000000e+00
     vertex  2.308679e+01  4.487407e+00  0.000000e+00
     vertex  2.307029e+01  4.730663e+00  0.000000e+00
   endloop
 endfacet
 facet normal  0.000000e+00  0.000000e+00 -1.000000e+00
   outer loop
     vertex  2.820000e+01  8.000000e+00  0.000000e+00
     vertex  2.307029e+01  4.730663e+00  0.000000e+00
     vertex  2.304721e+01  4.973383e+00  0.000000e+00
   endloop
 endfacet
 facet normal  0.000000e+00  0.000000e+00 -1.000000e+00
   outer loop
     vertex  2.820000e+01  8.000000e+00  0.000000e+00
     vertex  2.304721e+01  4.973383e+00  0.000000e+00
     vertex  2.301756e+01  5.215389e+00  0.000000e+00
   endloop
 endfacet
 facet normal  0.000000e+00  0.000000e+00 -1.000000e+00
   outer loop
     vertex  2.820000e+01  8.000000e+00  0.000000e+00
     vertex  2.301756e+01  5.215389e+00  0.000000e+00
     vertex  2.298136e+01  5.456502e+00  0.000000e+00
   endloop
 endfacet
 facet normal  0.000000e+00  0.000000e+00 -1.000000e+00
   outer loop
     vertex  2.820000e+01  8.000000e+00  0.000000e+00
     vertex  2.298136e+01  5.456502e+00  0.000000e+00
     vertex  2.293865e+01  5.696547e+00  0.000000e+00
   endloop
 endfacet
 facet normal  0.000000e+00  0.000000e+00 -1.000000e+00
   outer loop
     vertex  2.820000e+01  8.000000e+00  0.000000e+00
     vertex  2.293865e+01  5.696547e+00  0.000000e+00
     vertex  2.288945e+01  5.935347e+00  0.000000e+00
   endloop
 endfacet
 facet normal  0.000000e+00  0.000000e+00 -1.000000e+00
   outer loop
     vertex  2.820000e+01  8.000000e+00  0.000000e+00
     vertex  2.288945e+01  5.935347e+00  0.000000e+00
     vertex  2.283380e+01  6.172726e+00  0.000000e+00
   endloop
 endfacet
 facet normal  0.000000e+00  0.000000e+00 -1.000000e+00
   outer loop
     vertex  2.820000e+01  8.000000e+00  0.000000e+00
     vertex  2.283380e+01  6.172726e+00  0.000000e+00
     vertex  2.277174e+01  6.408511e+00  0.000000e+00
   endloop
 endfacet
 facet normal  0.000000e+00  0.000000e+00 -1.000000e+00
   outer loop
     vertex  2.820000e+01  8.000000e+00  0.000000e+00
     vertex  2.277174e+01  6.408511e+00  0.000000e+00
     vertex  2.270332e+01  6.642528e+00  0.000000e+00
   endloop
 endfacet
 facet normal  0.000000e+00  0.000000e+00 -1.000000e+00
   outer loop
     vertex  2.820000e+01  8.000000e+00  0.000000e+00
     vertex  2.270332e+01  6.642528e+00  0.000000e+00
     vertex  2.262858e+01  6.874606e+00  0.000000e+00
   endloop
 endfacet
 facet normal  0.000000e+00  0.000000e+00 -1.000000e+00
   outer loop
     vertex  2.820000e+01  8.000000e+00  0.000000e+00
     vertex  2.262858e+01  6.874606e+00  0.000000e+00
     vertex  2.254758e+01  7.104574e+00  0.000000e+00
   endloop
 endfacet
 facet normal  0.000000e+00  0.000000e+00 -1.000000e+00
   outer loop
     vertex  2.820000e+01  8.000000e+00  0.000000e+00
     vertex  2.254758e+01  7.104574e+00  0.000000e+00
     vertex  2.246038e+01  7.332264e+00  0.000000e+00
   endloop
 endfacet
 facet normal  0.000000e+00  0.000000e+00 -1.000000e+00
   outer loop
     vertex  2.820000e+01  8.000000e+00  0.000000e+00
     vertex  2.246038e+01  7.332264e+00  0.000000e+00
     vertex  2.236705e+01  7.557508e+00  0.000000e+00
   endloop
 endfacet
 facet normal  0.000000e+00  0.000000e+00 -1.000000e+00
   outer loop
     vertex  2.820000e+01  8.000000e+00  0.000000e+00
     vertex  2.236705e+01  7.557508e+00  0.000000e+00
     vertex  2.226765e+01  7.780141e+00  0.000000e+00
   endloop
 endfacet
 facet normal -0.000000e+00  0.000000e+00 -1.000000e+00
   outer loop
     vertex  2.820000e+01  8.000000e+00  0.000000e+00
     vertex  2.226765e+01  7.780141e+00  0.000000e+00
     vertex  2.216226e+01  8.000000e+00  0.000000e+00
   endloop
 endfacet
 facet normal  0.000000e+00 -0.000000e+00 -1.000000e+00
   outer loop
     vertex  2.820000e+01  8.000000e+00  0.000000e+00
     vertex  2.820000e+01  0.000000e+00  0.000000e+00
     vertex  2.310000e+01  4.000000e+00  0.000000e+00
   endloop
 endfacet
 facet normal  1.000000e+00  0.000000e+00  0.000000e+00
   outer loop
     vertex  2.820000e+01  8.000000e+00  1.560000e+02
     vertex  2.820000e+01  0.000000e+00  0.000000e+00
     vertex  2.820000e+01  8.000000e+00  0.000000e+00
   endloop
 endfacet
 facet normal  1.000000e+00 -0.000000e+00  0.000000e+00
   outer loop
     vertex  2.820000e+01  0.000000e+00  1.560000e+02
     vertex  2.820000e+01  0.000000e+00  0.000000e+00
     vertex  2.820000e+01  8.000000e+00  1.560000e+02
   endloop
 endfacet
 facet normal -1.371831e-02  0.000000e+00 -9.999059e-01
   outer loop
     vertex  1.414389e+01  8.000000e+00  1.225994e+02
     vertex  1.410000e+01  0.000000e+00  1.226000e+02
     vertex  1.410000e+01  8.000000e+00  1.226000e+02
   endloop
 endfacet
 facet normal -1.371831e-02 -0.000000e+00 -9.999059e-01
   outer loop
     vertex  1.414389e+01  8.000000e+00  1.225994e+02
     vertex  1.414389e+01  0.000000e+00  1.225994e+02
     vertex  1.410000e+01  0.000000e+00  1.226000e+02
   endloop
 endfacet
 facet normal -4.114462e-02 -0.000000e+00 -9.991532e-01
   outer loop
     vertex  1.418776e+01  8.000000e+00  1.225976e+02
     vertex  1.418776e+01  0.000000e+00  1.225976e+02
     vertex  1.414389e+01  0.000000e+00  1.225994e+02
   endloop
 endfacet
 facet normal -4.114462e-02  0.000000e+00 -9.991532e-01
   outer loop
     vertex  1.418776e+01  8.000000e+00  1.225976e+02
     vertex  1.414389e+01  0.000000e+00  1.225994e+02
     vertex  1.414389e+01  8.000000e+00  1.225994e+02
   endloop
 endfacet
 facet normal -6.853995e-02 -0.000000e+00 -9.976484e-01
   outer loop
     vertex  1.423155e+01  8.000000e+00  1.225946e+02
     vertex  1.423155e+01  0.000000e+00  1.225946e+02
     vertex  1.418776e+01  0.000000e+00  1.225976e+02
   endloop
 endfacet
 facet normal -6.853995e-02  0.000000e+00 -9.976484e-01
   outer loop
     vertex  1.423155e+01  8.000000e+00  1.225946e+02
     vertex  1.418776e+01  0.000000e+00  1.225976e+02
     vertex  1.418776e+01  8.000000e+00  1.225976e+02
   endloop
 endfacet
 facet normal -9.588368e-02 -0.000000e+00 -9.953925e-01
   outer loop
     vertex  1.427525e+01  8.000000e+00  1.225904e+02
     vertex  1.427525e+01  0.000000e+00  1.225904e+02
     vertex  1.423155e+01  0.000000e+00  1.225946e+02
   endloop
 endfacet
 facet normal -9.588368e-02  0.000000e+00 -9.953925e-01
   outer loop
     vertex  1.427525e+01  8.000000e+00  1.225904e+02
     vertex  1.423155e+01  0.000000e+00  1.225946e+02
     vertex  1.423155e+01  8.000000e+00  1.225946e+02
   endloop
 endfacet
 facet normal -1.231552e-01 -0.000000e+00 -9.923874e-01
   outer loop
     vertex  1.431881e+01  8.000000e+00  1.225850e+02
     vertex  1.431881e+01  0.000000e+00  1.225850e+02
     vertex  1.427525e+01  0.000000e+00  1.225904e+02
   endloop
 endfacet
 facet normal -1.231552e-01  0.000000e+00 -9.923874e-01
   outer loop
     vertex  1.431881e+01  8.000000e+00  1.225850e+02
     vertex  1.427525e+01  0.000000e+00  1.225904e+02
     vertex  1.427525e+01  8.000000e+00  1.225904e+02
   endloop
 endfacet
 facet normal -1.503341e-01 -0.000000e+00 -9.886353e-01
   outer loop
     vertex  1.436221e+01  8.000000e+00  1.225784e+02
     vertex  1.436221e+01  0.000000e+00  1.225784e+02
     vertex  1.431881e+01  0.000000e+00  1.225850e+02
   endloop
 endfacet
 facet normal -1.503341e-01  0.000000e+00 -9.886353e-01
   outer loop
     vertex  1.436221e+01  8.000000e+00  1.225784e+02
     vertex  1.431881e+01  0.000000e+00  1.225850e+02
     vertex  1.431881e+01  8.000000e+00  1.225850e+02
   endloop
 endfacet
 facet normal -1.773998e-01 -0.000000e+00 -9.841389e-01
   outer loop
     vertex  1.440541e+01  8.000000e+00  1.225706e+02
     vertex  1.440541e+01  0.000000e+00  1.225706e+02
     vertex  1.436221e+01  0.000000e+00  1.225784e+02
   endloop
 endfacet
 facet normal -1.773998e-01  0.000000e+00 -9.841389e-01
   outer loop
     vertex  1.440541e+01  8.000000e+00  1.225706e+02
     vertex  1.436221e+01  0.000000e+00  1.225784e+02
     vertex  1.436221e+01  8.000000e+00  1.225784e+02
   endloop
 endfacet
 facet normal -2.043319e-01 -0.000000e+00 -9.789017e-01
   outer loop
     vertex  1.444839e+01  8.000000e+00  1.225616e+02
     vertex  1.444839e+01  0.000000e+00  1.225616e+02
     vertex  1.440541e+01  0.000000e+00  1.225706e+02
   endloop
 endfacet
 facet normal -2.043319e-01  0.000000e+00 -9.789017e-01
   outer loop
     vertex  1.444839e+01  8.000000e+00  1.225616e+02
     vertex  1.440541e+01  0.000000e+00  1.225706e+02
     vertex  1.440541e+01  8.000000e+00  1.225706e+02
   endloop
 endfacet
 facet normal -2.311102e-01 -0.000000e+00 -9.729276e-01
   outer loop
     vertex  1.449110e+01  8.000000e+00  1.225515e+02
     vertex  1.449110e+01  0.000000e+00  1.225515e+02
     vertex  1.444839e+01  0.000000e+00  1.225616e+02
   endloop
 endfacet
 facet normal -2.311102e-01  0.000000e+00 -9.729276e-01
   outer loop
     vertex  1.449110e+01  8.000000e+00  1.225515e+02
     vertex  1.444839e+01  0.000000e+00  1.225616e+02
     vertex  1.444839e+01  8.000000e+00  1.225616e+02
   endloop
 endfacet
 facet normal -2.577146e-01  0.000000e+00 -9.662211e-01
   outer loop
     vertex  1.453351e+01  8.000000e+00  1.225402e+02
     vertex  1.449110e+01  0.000000e+00  1.225515e+02
     vertex  1.449110e+01  8.000000e+00  1.225515e+02
   endloop
 endfacet
 facet normal -2.577146e-01 -0.000000e+00 -9.662211e-01
   outer loop
     vertex  1.453351e+01  8.000000e+00  1.225402e+02
     vertex  1.453351e+01  0.000000e+00  1.225402e+02
     vertex  1.449110e+01  0.000000e+00  1.225515e+02
   endloop
 endfacet
 facet normal -2.841250e-01  0.000000e+00 -9.587873e-01
   outer loop
     vertex  1.457560e+01  8.000000e+00  1.225277e+02
     vertex  1.453351e+01  0.000000e+00  1.225402e+02
     vertex  1.453351e+01  8.000000e+00  1.225402e+02
   endloop
 endfacet
 facet normal -2.841250e-01 -0.000000e+00 -9.587873e-01
   outer loop
     vertex  1.457560e+01  8.000000e+00  1.225277e+02
     vertex  1.457560e+01  0.000000e+00  1.225277e+02
     vertex  1.453351e+01  0.000000e+00  1.225402e+02
   endloop
 endfacet
 facet normal -3.103214e-01  0.000000e+00 -9.506317e-01
   outer loop
     vertex  1.461733e+01  8.000000e+00  1.225141e+02
     vertex  1.457560e+01  0.000000e+00  1.225277e+02
     vertex  1.457560e+01  8.000000e+00  1.225277e+02
   endloop
 endfacet
 facet normal -3.103214e-01 -0.000000e+00 -9.506317e-01
   outer loop
     vertex  1.461733e+01  8.000000e+00  1.225141e+02
     vertex  1.461733e+01  0.000000e+00  1.225141e+02
     vertex  1.457560e+01  0.000000e+00  1.225277e+02
   endloop
 endfacet
 facet normal -3.362843e-01 -0.000000e+00 -9.417605e-01
   outer loop
     vertex  1.461733e+01  8.000000e+00  1.225141e+02
     vertex  1.465868e+01  0.000000e+00  1.224993e+02
     vertex  1.461733e+01  0.000000e+00  1.225141e+02
   endloop
 endfacet
 facet normal -3.362843e-01 -0.000000e+00 -9.417605e-01
   outer loop
     vertex  1.465868e+01  8.000000e+00  1.224993e+02
     vertex  1.465868e+01  0.000000e+00  1.224993e+02
     vertex  1.461733e+01  8.000000e+00  1.225141e+02
   endloop
 endfacet
 facet normal -3.619940e-01  0.000000e+00 -9.321804e-01
   outer loop
     vertex  1.469960e+01  8.000000e+00  1.224834e+02
     vertex  1.465868e+01  0.000000e+00  1.224993e+02
     vertex  1.465868e+01  8.000000e+00  1.224993e+02
   endloop
 endfacet
 facet normal -3.619940e-01 -0.000000e+00 -9.321804e-01
   outer loop
     vertex  1.469960e+01  8.000000e+00  1.224834e+02
     vertex  1.469960e+01  0.000000e+00  1.224834e+02
     vertex  1.465868e+01  0.000000e+00  1.224993e+02
   endloop
 endfacet
 facet normal -3.874313e-01 -0.000000e+00 -9.218986e-01
   outer loop
     vertex  1.469960e+01  8.000000e+00  1.224834e+02
     vertex  1.474007e+01  0.000000e+00  1.224664e+02
     vertex  1.469960e+01  0.000000e+00  1.224834e+02
   endloop
 endfacet
 facet normal -3.874313e-01 -0.000000e+00 -9.218986e-01
   outer loop
     vertex  1.474007e+01  8.000000e+00  1.224664e+02
     vertex  1.474007e+01  0.000000e+00  1.224664e+02
     vertex  1.469960e+01  8.000000e+00  1.224834e+02
   endloop
 endfacet
 facet normal -4.125769e-01  0.000000e+00 -9.109228e-01
   outer loop
     vertex  1.478005e+01  8.000000e+00  1.224483e+02
     vertex  1.474007e+01  0.000000e+00  1.224664e+02
     vertex  1.474007e+01  8.000000e+00  1.224664e+02
   endloop
 endfacet
 facet normal -4.125769e-01 -0.000000e+00 -9.109228e-01
   outer loop
     vertex  1.478005e+01  8.000000e+00  1.224483e+02
     vertex  1.478005e+01  0.000000e+00  1.224483e+02
     vertex  1.474007e+01  0.000000e+00  1.224664e+02
   endloop
 endfacet
 facet normal -4.374119e-01  0.000000e+00 -8.992613e-01
   outer loop
     vertex  1.481953e+01  8.000000e+00  1.224291e+02
     vertex  1.478005e+01  0.000000e+00  1.224483e+02
     vertex  1.478005e+01  8.000000e+00  1.224483e+02
   endloop
 endfacet
 facet normal -4.374119e-01 -0.000000e+00 -8.992613e-01
   outer loop
     vertex  1.481953e+01  8.000000e+00  1.224291e+02
     vertex  1.481953e+01  0.000000e+00  1.224291e+02
     vertex  1.478005e+01  0.000000e+00  1.224483e+02
   endloop
 endfacet
 facet normal -4.619176e-01 -0.000000e+00 -8.869228e-01
   outer loop
     vertex  1.481953e+01  8.000000e+00  1.224291e+02
     vertex  1.485847e+01  0.000000e+00  1.224088e+02
     vertex  1.481953e+01  0.000000e+00  1.224291e+02
   endloop
 endfacet
 facet normal -4.619176e-01 -0.000000e+00 -8.869228e-01
   outer loop
     vertex  1.485847e+01  8.000000e+00  1.224088e+02
     vertex  1.485847e+01  0.000000e+00  1.224088e+02
     vertex  1.481953e+01  8.000000e+00  1.224291e+02
   endloop
 endfacet
 facet normal -4.860756e-01  0.000000e+00 -8.739167e-01
   outer loop
     vertex  1.489683e+01  8.000000e+00  1.223875e+02
     vertex  1.485847e+01  0.000000e+00  1.224088e+02
     vertex  1.485847e+01  8.000000e+00  1.224088e+02
   endloop
 endfacet
 facet normal -4.860756e-01 -0.000000e+00 -8.739167e-01
   outer loop
     vertex  1.489683e+01  8.000000e+00  1.223875e+02
     vertex  1.489683e+01  0.000000e+00  1.223875e+02
     vertex  1.485847e+01  0.000000e+00  1.224088e+02
   endloop
 endfacet
 facet normal -5.098678e-01  0.000000e+00 -8.602528e-01
   outer loop
     vertex  1.493459e+01  8.000000e+00  1.223651e+02
     vertex  1.489683e+01  0.000000e+00  1.223875e+02
     vertex  1.489683e+01  8.000000e+00  1.223875e+02
   endloop
 endfacet
 facet normal -5.098678e-01 -0.000000e+00 -8.602528e-01
   outer loop
     vertex  1.493459e+01  8.000000e+00  1.223651e+02
     vertex  1.493459e+01  0.000000e+00  1.223651e+02
     vertex  1.489683e+01  0.000000e+00  1.223875e+02
   endloop
 endfacet
 facet normal -5.332761e-01  0.000000e+00 -8.459413e-01
   outer loop
     vertex  1.497173e+01  8.000000e+00  1.223417e+02
     vertex  1.493459e+01  0.000000e+00  1.223651e+02
     vertex  1.493459e+01  8.000000e+00  1.223651e+02
   endloop
 endfacet
 facet normal -5.332761e-01 -0.000000e+00 -8.459413e-01
   outer loop
     vertex  1.497173e+01  8.000000e+00  1.223417e+02
     vertex  1.497173e+01  0.000000e+00  1.223417e+02
     vertex  1.493459e+01  0.000000e+00  1.223651e+02
   endloop
 endfacet
 facet normal -5.562829e-01 -0.000000e+00 -8.309929e-01
   outer loop
     vertex  1.500821e+01  8.000000e+00  1.223173e+02
     vertex  1.500821e+01  0.000000e+00  1.223173e+02
     vertex  1.497173e+01  0.000000e+00  1.223417e+02
   endloop
 endfacet
 facet normal -5.562829e-01  0.000000e+00 -8.309929e-01
   outer loop
     vertex  1.500821e+01  8.000000e+00  1.223173e+02
     vertex  1.497173e+01  0.000000e+00  1.223417e+02
     vertex  1.497173e+01  8.000000e+00  1.223417e+02
   endloop
 endfacet
 facet normal -5.788711e-01 -0.000000e+00 -8.154191e-01
   outer loop
     vertex  1.504400e+01  8.000000e+00  1.222918e+02
     vertex  1.504400e+01  0.000000e+00  1.222918e+02
     vertex  1.500821e+01  0.000000e+00  1.223173e+02
   endloop
 endfacet
 facet normal -5.788711e-01  0.000000e+00 -8.154191e-01
   outer loop
     vertex  1.504400e+01  8.000000e+00  1.222918e+02
     vertex  1.500821e+01  0.000000e+00  1.223173e+02
     vertex  1.500821e+01  8.000000e+00  1.223173e+02
   endloop
 endfacet
 facet normal -6.010234e-01 -0.000000e+00 -7.992314e-01
   outer loop
     vertex  1.507909e+01  8.000000e+00  1.222655e+02
     vertex  1.507909e+01  0.000000e+00  1.222655e+02
     vertex  1.504400e+01  0.000000e+00  1.222918e+02
   endloop
 endfacet
 facet normal -6.010234e-01  0.000000e+00 -7.992314e-01
   outer loop
     vertex  1.507909e+01  8.000000e+00  1.222655e+02
     vertex  1.504400e+01  0.000000e+00  1.222918e+02
     vertex  1.504400e+01  8.000000e+00  1.222918e+02
   endloop
 endfacet
 facet normal -6.227234e-01 -0.000000e+00 -7.824421e-01
   outer loop
     vertex  1.511344e+01  8.000000e+00  1.222381e+02
     vertex  1.511344e+01  0.000000e+00  1.222381e+02
     vertex  1.507909e+01  0.000000e+00  1.222655e+02
   endloop
 endfacet
 facet normal -6.227234e-01  0.000000e+00 -7.824421e-01
   outer loop
     vertex  1.511344e+01  8.000000e+00  1.222381e+02
     vertex  1.507909e+01  0.000000e+00  1.222655e+02
     vertex  1.507909e+01  8.000000e+00  1.222655e+02
   endloop
 endfacet
 facet normal -6.439545e-01 -0.000000e+00 -7.650637e-01
   outer loop
     vertex  1.514702e+01  8.000000e+00  1.222099e+02
     vertex  1.514702e+01  0.000000e+00  1.222099e+02
     vertex  1.511344e+01  0.000000e+00  1.222381e+02
   endloop
 endfacet
 facet normal -6.439545e-01  0.000000e+00 -7.650637e-01
   outer loop
     vertex  1.514702e+01  8.000000e+00  1.222099e+02
     vertex  1.511344e+01  0.000000e+00  1.222381e+02
     vertex  1.511344e+01  8.000000e+00  1.222381e+02
   endloop
 endfacet
 facet normal -6.647010e-01 -0.000000e+00 -7.471095e-01
   outer loop
     vertex  1.517982e+01  8.000000e+00  1.221807e+02
     vertex  1.517982e+01  0.000000e+00  1.221807e+02
     vertex  1.514702e+01  0.000000e+00  1.222099e+02
   endloop
 endfacet
 facet normal -6.647010e-01  0.000000e+00 -7.471095e-01
   outer loop
     vertex  1.517982e+01  8.000000e+00  1.221807e+02
     vertex  1.514702e+01  0.000000e+00  1.222099e+02
     vertex  1.514702e+01  8.000000e+00  1.222099e+02
   endloop
 endfacet
 facet normal -6.849470e-01 -0.000000e+00 -7.285929e-01
   outer loop
     vertex  1.521180e+01  8.000000e+00  1.221506e+02
     vertex  1.521180e+01  0.000000e+00  1.221506e+02
     vertex  1.517982e+01  0.000000e+00  1.221807e+02
   endloop
 endfacet
 facet normal -6.849470e-01  0.000000e+00 -7.285929e-01
   outer loop
     vertex  1.521180e+01  8.000000e+00  1.221506e+02
     vertex  1.517982e+01  0.000000e+00  1.221807e+02
     vertex  1.517982e+01  8.000000e+00  1.221807e+02
   endloop
 endfacet
 facet normal -7.046775e-01 -0.000000e+00 -7.095278e-01
   outer loop
     vertex  1.524295e+01  8.000000e+00  1.221197e+02
     vertex  1.524295e+01  0.000000e+00  1.221197e+02
     vertex  1.521180e+01  0.000000e+00  1.221506e+02
   endloop
 endfacet
 facet normal -7.046775e-01  0.000000e+00 -7.095278e-01
   outer loop
     vertex  1.524295e+01  8.000000e+00  1.221197e+02
     vertex  1.521180e+01  0.000000e+00  1.221506e+02
     vertex  1.521180e+01  8.000000e+00  1.221506e+02
   endloop
 endfacet
 facet normal -7.238775e-01 -0.000000e+00 -6.899286e-01
   outer loop
     vertex  1.527324e+01  8.000000e+00  1.220879e+02
     vertex  1.527324e+01  0.000000e+00  1.220879e+02
     vertex  1.524295e+01  0.000000e+00  1.221197e+02
   endloop
 endfacet
 facet normal -7.238775e-01  0.000000e+00 -6.899286e-01
   outer loop
     vertex  1.527324e+01  8.000000e+00  1.220879e+02
     vertex  1.524295e+01  0.000000e+00  1.221197e+02
     vertex  1.524295e+01  8.000000e+00  1.221197e+02
   endloop
 endfacet
 facet normal -7.425325e-01 -0.000000e+00 -6.698100e-01
   outer loop
     vertex  1.530264e+01  8.000000e+00  1.220553e+02
     vertex  1.530264e+01  0.000000e+00  1.220553e+02
     vertex  1.527324e+01  0.000000e+00  1.220879e+02
   endloop
 endfacet
 facet normal -7.425325e-01  0.000000e+00 -6.698100e-01
   outer loop
     vertex  1.530264e+01  8.000000e+00  1.220553e+02
     vertex  1.527324e+01  0.000000e+00  1.220879e+02
     vertex  1.527324e+01  8.000000e+00  1.220879e+02
   endloop
 endfacet
 facet normal -7.606287e-01 -0.000000e+00 -6.491872e-01
   outer loop
     vertex  1.533114e+01  8.000000e+00  1.220219e+02
     vertex  1.533114e+01  0.000000e+00  1.220219e+02
     vertex  1.530264e+01  0.000000e+00  1.220553e+02
   endloop
 endfacet
 facet normal -7.606287e-01  0.000000e+00 -6.491872e-01
   outer loop
     vertex  1.533114e+01  8.000000e+00  1.220219e+02
     vertex  1.530264e+01  0.000000e+00  1.220553e+02
     vertex  1.530264e+01  8.000000e+00  1.220553e+02
   endloop
 endfacet
 facet normal -7.781522e-01 -0.000000e+00 -6.280757e-01
   outer loop
     vertex  1.535871e+01  8.000000e+00  1.219877e+02
     vertex  1.535871e+01  0.000000e+00  1.219877e+02
     vertex  1.533114e+01  0.000000e+00  1.220219e+02
   endloop
 endfacet
 facet normal -7.950900e-01 -0.000000e+00 -6.064915e-01
   outer loop
     vertex  1.535871e+01  8.000000e+00  1.219877e+02
     vertex  1.538534e+01  0.000000e+00  1.219528e+02
     vertex  1.535871e+01  0.000000e+00  1.219877e+02
   endloop
 endfacet
 facet normal -7.781522e-01  0.000000e+00 -6.280757e-01
   outer loop
     vertex  1.535871e+01  8.000000e+00  1.219877e+02
     vertex  1.533114e+01  0.000000e+00  1.220219e+02
     vertex  1.533114e+01  8.000000e+00  1.220219e+02
   endloop
 endfacet
 facet normal -7.950900e-01 -0.000000e+00 -6.064915e-01
   outer loop
     vertex  1.538534e+01  8.000000e+00  1.219528e+02
     vertex  1.538534e+01  0.000000e+00  1.219528e+02
     vertex  1.535871e+01  8.000000e+00  1.219877e+02
   endloop
 endfacet
 facet normal -8.114292e-01  0.000000e+00 -5.844507e-01
   outer loop
     vertex  1.541099e+01  8.000000e+00  1.219172e+02
     vertex  1.538534e+01  0.000000e+00  1.219528e+02
     vertex  1.538534e+01  8.000000e+00  1.219528e+02
   endloop
 endfacet
 facet normal -8.114292e-01 -0.000000e+00 -5.844507e-01
   outer loop
     vertex  1.541099e+01  8.000000e+00  1.219172e+02
     vertex  1.541099e+01  0.000000e+00  1.219172e+02
     vertex  1.538534e+01  0.000000e+00  1.219528e+02
   endloop
 endfacet
 facet normal -8.271577e-01 -0.000000e+00 -5.619699e-01
   outer loop
     vertex  1.541099e+01  8.000000e+00  1.219172e+02
     vertex  1.543566e+01  0.000000e+00  1.218809e+02
     vertex  1.541099e+01  0.000000e+00  1.219172e+02
   endloop
 endfacet
 facet normal -8.271577e-01 -0.000000e+00 -5.619699e-01
   outer loop
     vertex  1.543566e+01  8.000000e+00  1.218809e+02
     vertex  1.543566e+01  0.000000e+00  1.218809e+02
     vertex  1.541099e+01  8.000000e+00  1.219172e+02
   endloop
 endfacet
 facet normal -8.422635e-01  0.000000e+00 -5.390661e-01
   outer loop
     vertex  1.545933e+01  8.000000e+00  1.218439e+02
     vertex  1.543566e+01  0.000000e+00  1.218809e+02
     vertex  1.543566e+01  8.000000e+00  1.218809e+02
   endloop
 endfacet
 facet normal -8.422635e-01 -0.000000e+00 -5.390661e-01
   outer loop
     vertex  1.545933e+01  8.000000e+00  1.218439e+02
     vertex  1.545933e+01  0.000000e+00  1.218439e+02
     vertex  1.543566e+01  0.000000e+00  1.218809e+02
   endloop
 endfacet
 facet normal -8.567352e-01  0.000000e+00 -5.157565e-01
   outer loop
     vertex  1.548197e+01  8.000000e+00  1.218063e+02
     vertex  1.545933e+01  0.000000e+00  1.218439e+02
     vertex  1.545933e+01  8.000000e+00  1.218439e+02
   endloop
 endfacet
 facet normal -8.567352e-01 -0.000000e+00 -5.157565e-01
   outer loop
     vertex  1.548197e+01  8.000000e+00  1.218063e+02
     vertex  1.548197e+01  0.000000e+00  1.218063e+02
     vertex  1.545933e+01  0.000000e+00  1.218439e+02
   endloop
 endfacet
 facet normal -8.705620e-01  0.000000e+00 -4.920587e-01
   outer loop
     vertex  1.550357e+01  8.000000e+00  1.217681e+02
     vertex  1.548197e+01  0.000000e+00  1.218063e+02
     vertex  1.548197e+01  8.000000e+00  1.218063e+02
   endloop
 endfacet
 facet normal -8.705620e-01 -0.000000e+00 -4.920587e-01
   outer loop
     vertex  1.550357e+01  8.000000e+00  1.217681e+02
     vertex  1.550357e+01  0.000000e+00  1.217681e+02
     vertex  1.548197e+01  0.000000e+00  1.218063e+02
   endloop
 endfacet
 facet normal -8.837335e-01 -0.000000e+00 -4.679904e-01
   outer loop
     vertex  1.550357e+01  8.000000e+00  1.217681e+02
     vertex  1.552411e+01  0.000000e+00  1.217293e+02
     vertex  1.550357e+01  0.000000e+00  1.217681e+02
   endloop
 endfacet
 facet normal -8.837335e-01 -0.000000e+00 -4.679904e-01
   outer loop
     vertex  1.552411e+01  8.000000e+00  1.217293e+02
     vertex  1.552411e+01  0.000000e+00  1.217293e+02
     vertex  1.550357e+01  8.000000e+00  1.217681e+02
   endloop
 endfacet
 facet normal -8.962398e-01  0.000000e+00 -4.435699e-01
   outer loop
     vertex  1.554358e+01  8.000000e+00  1.216900e+02
     vertex  1.552411e+01  0.000000e+00  1.217293e+02
     vertex  1.552411e+01  8.000000e+00  1.217293e+02
   endloop
 endfacet
 facet normal -8.962398e-01 -0.000000e+00 -4.435699e-01
   outer loop
     vertex  1.554358e+01  8.000000e+00  1.216900e+02
     vertex  1.554358e+01  0.000000e+00  1.216900e+02
     vertex  1.552411e+01  0.000000e+00  1.217293e+02
   endloop
 endfacet
 facet normal -9.080714e-01  0.000000e+00 -4.188155e-01
   outer loop
     vertex  1.556197e+01  8.000000e+00  1.216501e+02
     vertex  1.554358e+01  0.000000e+00  1.216900e+02
     vertex  1.554358e+01  8.000000e+00  1.216900e+02
   endloop
 endfacet
 facet normal -9.080714e-01 -0.000000e+00 -4.188155e-01
   outer loop
     vertex  1.556197e+01  8.000000e+00  1.216501e+02
     vertex  1.556197e+01  0.000000e+00  1.216501e+02
     vertex  1.554358e+01  0.000000e+00  1.216900e+02
   endloop
 endfacet
 facet normal -9.192194e-01  0.000000e+00 -3.937458e-01
   outer loop
     vertex  1.557926e+01  8.000000e+00  1.216098e+02
     vertex  1.556197e+01  0.000000e+00  1.216501e+02
     vertex  1.556197e+01  8.000000e+00  1.216501e+02
   endloop
 endfacet
 facet normal -9.192194e-01 -0.000000e+00 -3.937458e-01
   outer loop
     vertex  1.557926e+01  8.000000e+00  1.216098e+02
     vertex  1.557926e+01  0.000000e+00  1.216098e+02
     vertex  1.556197e+01  0.000000e+00  1.216501e+02
   endloop
 endfacet
 facet normal -9.296754e-01  0.000000e+00 -3.683796e-01
   outer loop
     vertex  1.559543e+01  8.000000e+00  1.215689e+02
     vertex  1.557926e+01  0.000000e+00  1.216098e+02
     vertex  1.557926e+01  8.000000e+00  1.216098e+02
   endloop
 endfacet
 facet normal -9.296754e-01 -0.000000e+00 -3.683796e-01
   outer loop
     vertex  1.559543e+01  8.000000e+00  1.215689e+02
     vertex  1.559543e+01  0.000000e+00  1.215689e+02
     vertex  1.557926e+01  0.000000e+00  1.216098e+02
   endloop
 endfacet
 facet normal -9.394317e-01  0.000000e+00 -3.427362e-01
   outer loop
     vertex  1.561047e+01  8.000000e+00  1.215277e+02
     vertex  1.559543e+01  0.000000e+00  1.215689e+02
     vertex  1.559543e+01  8.000000e+00  1.215689e+02
   endloop
 endfacet
 facet normal -9.394317e-01 -0.000000e+00 -3.427362e-01
   outer loop
     vertex  1.561047e+01  8.000000e+00  1.215277e+02
     vertex  1.561047e+01  0.000000e+00  1.215277e+02
     vertex  1.559543e+01  0.000000e+00  1.215689e+02
   endloop
 endfacet
 facet normal -9.484807e-01  0.000000e+00 -3.168348e-01
   outer loop
     vertex  1.562438e+01  8.000000e+00  1.214861e+02
     vertex  1.561047e+01  0.000000e+00  1.215277e+02
     vertex  1.561047e+01  8.000000e+00  1.215277e+02
   endloop
 endfacet
 facet normal -9.484807e-01 -0.000000e+00 -3.168348e-01
   outer loop
     vertex  1.562438e+01  8.000000e+00  1.214861e+02
     vertex  1.562438e+01  0.000000e+00  1.214861e+02
     vertex  1.561047e+01  0.000000e+00  1.215277e+02
   endloop
 endfacet
 facet normal -9.568158e-01  0.000000e+00 -2.906949e-01
   outer loop
     vertex  1.563714e+01  8.000000e+00  1.214441e+02
     vertex  1.562438e+01  0.000000e+00  1.214861e+02
     vertex  1.562438e+01  8.000000e+00  1.214861e+02
   endloop
 endfacet
 facet normal -9.568158e-01 -0.000000e+00 -2.906949e-01
   outer loop
     vertex  1.563714e+01  8.000000e+00  1.214441e+02
     vertex  1.563714e+01  0.000000e+00  1.214441e+02
     vertex  1.562438e+01  0.000000e+00  1.214861e+02
   endloop
 endfacet
 facet normal -9.644306e-01 -0.000000e+00 -2.643362e-01
   outer loop
     vertex  1.563714e+01  8.000000e+00  1.214441e+02
     vertex  1.564875e+01  0.000000e+00  1.214017e+02
     vertex  1.563714e+01  0.000000e+00  1.214441e+02
   endloop
 endfacet
 facet normal -9.644306e-01 -0.000000e+00 -2.643362e-01
   outer loop
     vertex  1.564875e+01  8.000000e+00  1.214017e+02
     vertex  1.564875e+01  0.000000e+00  1.214017e+02
     vertex  1.563714e+01  8.000000e+00  1.214441e+02
   endloop
 endfacet
 facet normal -9.713194e-01  0.000000e+00 -2.377784e-01
   outer loop
     vertex  1.565918e+01  8.000000e+00  1.213591e+02
     vertex  1.564875e+01  0.000000e+00  1.214017e+02
     vertex  1.564875e+01  8.000000e+00  1.214017e+02
   endloop
 endfacet
 facet normal -9.713194e-01 -0.000000e+00 -2.377784e-01
   outer loop
     vertex  1.565918e+01  8.000000e+00  1.213591e+02
     vertex  1.565918e+01  0.000000e+00  1.213591e+02
     vertex  1.564875e+01  0.000000e+00  1.214017e+02
   endloop
 endfacet
 facet normal -9.774771e-01  0.000000e+00 -2.110417e-01
   outer loop
     vertex  1.566845e+01  8.000000e+00  1.213162e+02
     vertex  1.565918e+01  0.000000e+00  1.213591e+02
     vertex  1.565918e+01  8.000000e+00  1.213591e+02
   endloop
 endfacet
 facet normal -9.774771e-01 -0.000000e+00 -2.110417e-01
   outer loop
     vertex  1.566845e+01  8.000000e+00  1.213162e+02
     vertex  1.566845e+01  0.000000e+00  1.213162e+02
     vertex  1.565918e+01  0.000000e+00  1.213591e+02
   endloop
 endfacet
 facet normal -9.828989e-01  0.000000e+00 -1.841461e-01
   outer loop
     vertex  1.567653e+01  8.000000e+00  1.212730e+02
     vertex  1.566845e+01  0.000000e+00  1.213162e+02
     vertex  1.566845e+01  8.000000e+00  1.213162e+02
   endloop
 endfacet
 facet normal -9.828989e-01 -0.000000e+00 -1.841461e-01
   outer loop
     vertex  1.567653e+01  8.000000e+00  1.212730e+02
     vertex  1.567653e+01  0.000000e+00  1.212730e+02
     vertex  1.566845e+01  0.000000e+00  1.213162e+02
   endloop
 endfacet
 facet normal -9.875808e-01 -0.000000e+00 -1.571119e-01
   outer loop
     vertex  1.567653e+01  8.000000e+00  1.212730e+02
     vertex  1.568343e+01  0.000000e+00  1.212297e+02
     vertex  1.567653e+01  0.000000e+00  1.212730e+02
   endloop
 endfacet
 facet normal -9.875808e-01 -0.000000e+00 -1.571119e-01
   outer loop
     vertex  1.568343e+01  8.000000e+00  1.212297e+02
     vertex  1.568343e+01  0.000000e+00  1.212297e+02
     vertex  1.567653e+01  8.000000e+00  1.212730e+02
   endloop
 endfacet
 facet normal -9.915193e-01  0.000000e+00 -1.299594e-01
   outer loop
     vertex  1.568913e+01  8.000000e+00  1.211862e+02
     vertex  1.568343e+01  0.000000e+00  1.212297e+02
     vertex  1.568343e+01  8.000000e+00  1.212297e+02
   endloop
 endfacet
 facet normal -9.915193e-01 -0.000000e+00 -1.299594e-01
   outer loop
     vertex  1.568913e+01  8.000000e+00  1.211862e+02
     vertex  1.568913e+01  0.000000e+00  1.211862e+02
     vertex  1.568343e+01  0.000000e+00  1.212297e+02
   endloop
 endfacet
 facet normal -9.947114e-01  0.000000e+00 -1.027091e-01
   outer loop
     vertex  1.569364e+01  8.000000e+00  1.211425e+02
     vertex  1.568913e+01  0.000000e+00  1.211862e+02
     vertex  1.568913e+01  8.000000e+00  1.211862e+02
   endloop
 endfacet
 facet normal -9.947114e-01 -0.000000e+00 -1.027091e-01
   outer loop
     vertex  1.569364e+01  8.000000e+00  1.211425e+02
     vertex  1.569364e+01  0.000000e+00  1.211425e+02
     vertex  1.568913e+01  0.000000e+00  1.211862e+02
   endloop
 endfacet
 facet normal -9.971548e-01  0.000000e+00 -7.538152e-02
   outer loop
     vertex  1.569695e+01  8.000000e+00  1.210987e+02
     vertex  1.569364e+01  0.000000e+00  1.211425e+02
     vertex  1.569364e+01  8.000000e+00  1.211425e+02
   endloop
 endfacet
 facet normal -9.971548e-01 -0.000000e+00 -7.538152e-02
   outer loop
     vertex  1.569695e+01  8.000000e+00  1.210987e+02
     vertex  1.569695e+01  0.000000e+00  1.210987e+02
     vertex  1.569364e+01  0.000000e+00  1.211425e+02
   endloop
 endfacet
 facet normal -9.988475e-01  0.000000e+00 -4.799716e-02
   outer loop
     vertex  1.569906e+01  8.000000e+00  1.210549e+02
     vertex  1.569695e+01  0.000000e+00  1.210987e+02
     vertex  1.569695e+01  8.000000e+00  1.210987e+02
   endloop
 endfacet
 facet normal -9.988475e-01 -0.000000e+00 -4.799716e-02
   outer loop
     vertex  1.569906e+01  8.000000e+00  1.210549e+02
     vertex  1.569906e+01  0.000000e+00  1.210549e+02
     vertex  1.569695e+01  0.000000e+00  1.210987e+02
   endloop
 endfacet
 facet normal -9.997883e-01 -0.000000e+00 -2.057667e-02
   outer loop
     vertex  1.569996e+01  8.000000e+00  1.210110e+02
     vertex  1.569996e+01  0.000000e+00  1.210110e+02
     vertex  1.569906e+01  0.000000e+00  1.210549e+02
   endloop
 endfacet
 facet normal -9.997883e-01  0.000000e+00 -2.057667e-02
   outer loop
     vertex  1.569996e+01  8.000000e+00  1.210110e+02
     vertex  1.569906e+01  0.000000e+00  1.210549e+02
     vertex  1.569906e+01  8.000000e+00  1.210549e+02
   endloop
 endfacet
 facet normal -9.999765e-01  0.000000e+00  6.859319e-03
   outer loop
     vertex  1.569966e+01  8.000000e+00  1.209671e+02
     vertex  1.569966e+01  0.000000e+00  1.209671e+02
     vertex  1.569996e+01  0.000000e+00  1.210110e+02
   endloop
 endfacet
 facet normal -9.999765e-01  0.000000e+00  6.859319e-03
   outer loop
     vertex  1.569966e+01  8.000000e+00  1.209671e+02
     vertex  1.569996e+01  0.000000e+00  1.210110e+02
     vertex  1.569996e+01  8.000000e+00  1.210110e+02
   endloop
 endfacet
 facet normal -9.994119e-01  0.000000e+00  3.429014e-02
   outer loop
     vertex  1.569816e+01  8.000000e+00  1.209232e+02
     vertex  1.569816e+01  0.000000e+00  1.209232e+02
     vertex  1.569966e+01  0.000000e+00  1.209671e+02
   endloop
 endfacet
 facet normal -9.994119e-01  0.000000e+00  3.429014e-02
   outer loop
     vertex  1.569816e+01  8.000000e+00  1.209232e+02
     vertex  1.569966e+01  0.000000e+00  1.209671e+02
     vertex  1.569966e+01  8.000000e+00  1.209671e+02
   endloop
 endfacet
 facet normal -9.980950e-01  0.000000e+00  6.169515e-02
   outer loop
     vertex  1.569545e+01  8.000000e+00  1.208794e+02
     vertex  1.569545e+01  0.000000e+00  1.208794e+02
     vertex  1.569816e+01  0.000000e+00  1.209232e+02
   endloop
 endfacet
 facet normal -9.960268e-01  0.000000e+00  8.905371e-02
   outer loop
     vertex  1.569545e+01  8.000000e+00  1.208794e+02
     vertex  1.569154e+01  0.000000e+00  1.208357e+02
     vertex  1.569545e+01  0.000000e+00  1.208794e+02
   endloop
 endfacet
 facet normal -9.980950e-01  0.000000e+00  6.169515e-02
   outer loop
     vertex  1.569545e+01  8.000000e+00  1.208794e+02
     vertex  1.569816e+01  0.000000e+00  1.209232e+02
     vertex  1.569816e+01  8.000000e+00  1.209232e+02
   endloop
 endfacet
 facet normal -9.960268e-01  0.000000e+00  8.905371e-02
   outer loop
     vertex  1.569154e+01  8.000000e+00  1.208357e+02
     vertex  1.569154e+01  0.000000e+00  1.208357e+02
     vertex  1.569545e+01  8.000000e+00  1.208794e+02
   endloop
 endfacet
 facet normal -9.932088e-01  0.000000e+00  1.163452e-01
   outer loop
     vertex  1.569154e+01  8.000000e+00  1.208357e+02
     vertex  1.568643e+01  0.000000e+00  1.207921e+02
     vertex  1.569154e+01  0.000000e+00  1.208357e+02
   endloop
 endfacet
 facet normal -9.932088e-01  0.000000e+00  1.163452e-01
   outer loop
     vertex  1.568643e+01  8.000000e+00  1.207921e+02
     vertex  1.568643e+01  0.000000e+00  1.207921e+02
     vertex  1.569154e+01  8.000000e+00  1.208357e+02
   endloop
 endfacet
 facet normal -9.896432e-01  0.000000e+00  1.435492e-01
   outer loop
     vertex  1.568013e+01  8.000000e+00  1.207486e+02
     vertex  1.568643e+01  0.000000e+00  1.207921e+02
     vertex  1.568643e+01  8.000000e+00  1.207921e+02
   endloop
 endfacet
 facet normal -9.896432e-01  0.000000e+00  1.435492e-01
   outer loop
     vertex  1.568013e+01  8.000000e+00  1.207486e+02
     vertex  1.568013e+01  0.000000e+00  1.207486e+02
     vertex  1.568643e+01  0.000000e+00  1.207921e+02
   endloop
 endfacet
 facet normal -9.853326e-01  0.000000e+00  1.706451e-01
   outer loop
     vertex  1.567264e+01  8.000000e+00  1.207054e+02
     vertex  1.568013e+01  0.000000e+00  1.207486e+02
     vertex  1.568013e+01  8.000000e+00  1.207486e+02
   endloop
 endfacet
 facet normal -9.853326e-01  0.000000e+00  1.706451e-01
   outer loop
     vertex  1.567264e+01  8.000000e+00  1.207054e+02
     vertex  1.567264e+01  0.000000e+00  1.207054e+02
     vertex  1.568013e+01  0.000000e+00  1.207486e+02
   endloop
 endfacet
 facet normal -9.802802e-01  0.000000e+00  1.976125e-01
   outer loop
     vertex  1.567264e+01  8.000000e+00  1.207054e+02
     vertex  1.566396e+01  0.000000e+00  1.206623e+02
     vertex  1.567264e+01  0.000000e+00  1.207054e+02
   endloop
 endfacet
 facet normal -9.802802e-01  0.000000e+00  1.976125e-01
   outer loop
     vertex  1.566396e+01  8.000000e+00  1.206623e+02
     vertex  1.566396e+01  0.000000e+00  1.206623e+02
     vertex  1.567264e+01  8.000000e+00  1.207054e+02
   endloop
 endfacet
 facet normal -9.744899e-01  0.000000e+00  2.244312e-01
   outer loop
     vertex  1.565411e+01  8.000000e+00  1.206196e+02
     vertex  1.566396e+01  0.000000e+00  1.206623e+02
     vertex  1.566396e+01  8.000000e+00  1.206623e+02
   endloop
 endfacet
 facet normal -9.744899e-01  0.000000e+00  2.244312e-01
   outer loop
     vertex  1.565411e+01  8.000000e+00  1.206196e+02
     vertex  1.565411e+01  0.000000e+00  1.206196e+02
     vertex  1.566396e+01  0.000000e+00  1.206623e+02
   endloop
 endfacet
 facet normal -9.679661e-01  0.000000e+00  2.510809e-01
   outer loop
     vertex  1.564309e+01  8.000000e+00  1.205771e+02
     vertex  1.565411e+01  0.000000e+00  1.206196e+02
     vertex  1.565411e+01  8.000000e+00  1.206196e+02
   endloop
 endfacet
 facet normal -9.679661e-01  0.000000e+00  2.510809e-01
   outer loop
     vertex  1.564309e+01  8.000000e+00  1.205771e+02
     vertex  1.564309e+01  0.000000e+00  1.205771e+02
     vertex  1.565411e+01  0.000000e+00  1.206196e+02
   endloop
 endfacet
 facet normal -9.607136e-01  0.000000e+00  2.775416e-01
   outer loop
     vertex  1.564309e+01  8.000000e+00  1.205771e+02
     vertex  1.563091e+01  0.000000e+00  1.205349e+02
     vertex  1.564309e+01  0.000000e+00  1.205771e+02
   endloop
 endfacet
 facet normal -9.607136e-01  0.000000e+00  2.775416e-01
   outer loop
     vertex  1.563091e+01  8.000000e+00  1.205349e+02
     vertex  1.563091e+01  0.000000e+00  1.205349e+02
     vertex  1.564309e+01  8.000000e+00  1.205771e+02
   endloop
 endfacet
 facet normal -9.527379e-01  0.000000e+00  3.037934e-01
   outer loop
     vertex  1.561757e+01  8.000000e+00  1.204931e+02
     vertex  1.563091e+01  0.000000e+00  1.205349e+02
     vertex  1.563091e+01  8.000000e+00  1.205349e+02
   endloop
 endfacet
 facet normal -9.527379e-01  0.000000e+00  3.037934e-01
   outer loop
     vertex  1.561757e+01  8.000000e+00  1.204931e+02
     vertex  1.561757e+01  0.000000e+00  1.204931e+02
     vertex  1.563091e+01  0.000000e+00  1.205349e+02
   endloop
 endfacet
 facet normal -9.440450e-01  0.000000e+00  3.298166e-01
   outer loop
     vertex  1.560309e+01  8.000000e+00  1.204516e+02
     vertex  1.561757e+01  0.000000e+00  1.204931e+02
     vertex  1.561757e+01  8.000000e+00  1.204931e+02
   endloop
 endfacet
 facet normal -9.440450e-01  0.000000e+00  3.298166e-01
   outer loop
     vertex  1.560309e+01  8.000000e+00  1.204516e+02
     vertex  1.560309e+01  0.000000e+00  1.204516e+02
     vertex  1.561757e+01  0.000000e+00  1.204931e+02
   endloop
 endfacet
 facet normal -9.346415e-01  0.000000e+00  3.555914e-01
   outer loop
     vertex  1.558748e+01  8.000000e+00  1.204106e+02
     vertex  1.560309e+01  0.000000e+00  1.204516e+02
     vertex  1.560309e+01  8.000000e+00  1.204516e+02
   endloop
 endfacet
 facet normal -9.346415e-01  0.000000e+00  3.555914e-01
   outer loop
     vertex  1.558748e+01  8.000000e+00  1.204106e+02
     vertex  1.558748e+01  0.000000e+00  1.204106e+02
     vertex  1.560309e+01  0.000000e+00  1.204516e+02
   endloop
 endfacet
 facet normal -9.245344e-01  0.000000e+00  3.810986e-01
   outer loop
     vertex  1.558748e+01  8.000000e+00  1.204106e+02
     vertex  1.557075e+01  0.000000e+00  1.203700e+02
     vertex  1.558748e+01  0.000000e+00  1.204106e+02
   endloop
 endfacet
 facet normal -9.245344e-01  0.000000e+00  3.810986e-01
   outer loop
     vertex  1.557075e+01  8.000000e+00  1.203700e+02
     vertex  1.557075e+01  0.000000e+00  1.203700e+02
     vertex  1.558748e+01  8.000000e+00  1.204106e+02
   endloop
 endfacet
 facet normal -9.137314e-01  0.000000e+00  4.063188e-01
   outer loop
     vertex  1.555291e+01  8.000000e+00  1.203299e+02
     vertex  1.555291e+01  0.000000e+00  1.203299e+02
     vertex  1.557075e+01  0.000000e+00  1.203700e+02
   endloop
 endfacet
 facet normal -9.137314e-01  0.000000e+00  4.063188e-01
   outer loop
     vertex  1.555291e+01  8.000000e+00  1.203299e+02
     vertex  1.557075e+01  0.000000e+00  1.203700e+02
     vertex  1.557075e+01  8.000000e+00  1.203700e+02
   endloop
 endfacet
 facet normal -9.022405e-01  0.000000e+00  4.312333e-01
   outer loop
     vertex  1.553398e+01  8.000000e+00  1.202903e+02
     vertex  1.553398e+01  0.000000e+00  1.202903e+02
     vertex  1.555291e+01  0.000000e+00  1.203299e+02
   endloop
 endfacet
 facet normal -9.022405e-01  0.000000e+00  4.312333e-01
   outer loop
     vertex  1.553398e+01  8.000000e+00  1.202903e+02
     vertex  1.555291e+01  0.000000e+00  1.203299e+02
     vertex  1.555291e+01  8.000000e+00  1.203299e+02
   endloop
 endfacet
 facet normal -8.900704e-01  0.000000e+00  4.558231e-01
   outer loop
     vertex  1.551397e+01  8.000000e+00  1.202512e+02
     vertex  1.551397e+01  0.000000e+00  1.202512e+02
     vertex  1.553398e+01  0.000000e+00  1.202903e+02
   endloop
 endfacet
 facet normal -8.772303e-01  0.000000e+00  4.800697e-01
   outer loop
     vertex  1.551397e+01  8.000000e+00  1.202512e+02
     vertex  1.549290e+01  0.000000e+00  1.202127e+02
     vertex  1.551397e+01  0.000000e+00  1.202512e+02
   endloop
 endfacet
 facet normal -8.900704e-01  0.000000e+00  4.558231e-01
   outer loop
     vertex  1.551397e+01  8.000000e+00  1.202512e+02
     vertex  1.553398e+01  0.000000e+00  1.202903e+02
     vertex  1.553398e+01  8.000000e+00  1.202903e+02
   endloop
 endfacet
 facet normal -8.637299e-01  0.000000e+00  5.039550e-01
   outer loop
     vertex  1.549290e+01  8.000000e+00  1.202127e+02
     vertex  1.547078e+01  0.000000e+00  1.201748e+02
     vertex  1.549290e+01  0.000000e+00  1.202127e+02
   endloop
 endfacet
 facet normal -8.772303e-01  0.000000e+00  4.800697e-01
   outer loop
     vertex  1.549290e+01  8.000000e+00  1.202127e+02
     vertex  1.549290e+01  0.000000e+00  1.202127e+02
     vertex  1.551397e+01  8.000000e+00  1.202512e+02
   endloop
 endfacet
 facet normal -8.637299e-01  0.000000e+00  5.039550e-01
   outer loop
     vertex  1.547078e+01  8.000000e+00  1.201748e+02
     vertex  1.547078e+01  0.000000e+00  1.201748e+02
     vertex  1.549290e+01  8.000000e+00  1.202127e+02
   endloop
 endfacet
 facet normal -8.495793e-01  0.000000e+00  5.274609e-01
   outer loop
     vertex  1.544762e+01  8.000000e+00  1.201375e+02
     vertex  1.544762e+01  0.000000e+00  1.201375e+02
     vertex  1.547078e+01  0.000000e+00  1.201748e+02
   endloop
 endfacet
 facet normal -8.347891e-01  0.000000e+00  5.505698e-01
   outer loop
     vertex  1.544762e+01  8.000000e+00  1.201375e+02
     vertex  1.542345e+01  0.000000e+00  1.201008e+02
     vertex  1.544762e+01  0.000000e+00  1.201375e+02
   endloop
 endfacet
 facet normal -8.495793e-01  0.000000e+00  5.274609e-01
   outer loop
     vertex  1.544762e+01  8.000000e+00  1.201375e+02
     vertex  1.547078e+01  0.000000e+00  1.201748e+02
     vertex  1.547078e+01  8.000000e+00  1.201748e+02
   endloop
 endfacet
 facet normal -8.347891e-01  0.000000e+00  5.505698e-01
   outer loop
     vertex  1.542345e+01  8.000000e+00  1.201008e+02
     vertex  1.542345e+01  0.000000e+00  1.201008e+02
     vertex  1.544762e+01  8.000000e+00  1.201375e+02
   endloop
 endfacet
 facet normal -8.193706e-01  0.000000e+00  5.732642e-01
   outer loop
     vertex  1.539829e+01  8.000000e+00  1.200649e+02
     vertex  1.539829e+01  0.000000e+00  1.200649e+02
     vertex  1.542345e+01  0.000000e+00  1.201008e+02
   endloop
 endfacet
 facet normal -8.193706e-01  0.000000e+00  5.732642e-01
   outer loop
     vertex  1.539829e+01  8.000000e+00  1.200649e+02
     vertex  1.542345e+01  0.000000e+00  1.201008e+02
     vertex  1.542345e+01  8.000000e+00  1.201008e+02
   endloop
 endfacet
 facet normal -8.033352e-01  0.000000e+00  5.955271e-01
   outer loop
     vertex  1.537214e+01  8.000000e+00  1.200296e+02
     vertex  1.537214e+01  0.000000e+00  1.200296e+02
     vertex  1.539829e+01  0.000000e+00  1.200649e+02
   endloop
 endfacet
 facet normal -8.033352e-01  0.000000e+00  5.955271e-01
   outer loop
     vertex  1.537214e+01  8.000000e+00  1.200296e+02
     vertex  1.539829e+01  0.000000e+00  1.200649e+02
     vertex  1.539829e+01  8.000000e+00  1.200649e+02
   endloop
 endfacet
 facet normal -7.866951e-01  0.000000e+00  6.173417e-01
   outer loop
     vertex  1.534504e+01  8.000000e+00  1.199951e+02
     vertex  1.534504e+01  0.000000e+00  1.199951e+02
     vertex  1.537214e+01  0.000000e+00  1.200296e+02
   endloop
 endfacet
 facet normal -7.694628e-01  0.000000e+00  6.386916e-01
   outer loop
     vertex  1.534504e+01  8.000000e+00  1.199951e+02
     vertex  1.531701e+01  0.000000e+00  1.199613e+02
     vertex  1.534504e+01  0.000000e+00  1.199951e+02
   endloop
 endfacet
 facet normal -7.866951e-01  0.000000e+00  6.173417e-01
   outer loop
     vertex  1.534504e+01  8.000000e+00  1.199951e+02
     vertex  1.537214e+01  0.000000e+00  1.200296e+02
     vertex  1.537214e+01  8.000000e+00  1.200296e+02
   endloop
 endfacet
 facet normal -7.516513e-01  0.000000e+00  6.595607e-01
   outer loop
     vertex  1.531701e+01  8.000000e+00  1.199613e+02
     vertex  1.528805e+01  0.000000e+00  1.199283e+02
     vertex  1.531701e+01  0.000000e+00  1.199613e+02
   endloop
 endfacet
 facet normal -7.694628e-01  0.000000e+00  6.386916e-01
   outer loop
     vertex  1.531701e+01  8.000000e+00  1.199613e+02
     vertex  1.531701e+01  0.000000e+00  1.199613e+02
     vertex  1.534504e+01  8.000000e+00  1.199951e+02
   endloop
 endfacet
 facet normal -7.332740e-01  0.000000e+00  6.799333e-01
   outer loop
     vertex  1.528805e+01  8.000000e+00  1.199283e+02
     vertex  1.525820e+01  0.000000e+00  1.198961e+02
     vertex  1.528805e+01  0.000000e+00  1.199283e+02
   endloop
 endfacet
 facet normal -7.516513e-01  0.000000e+00  6.595607e-01
   outer loop
     vertex  1.528805e+01  8.000000e+00  1.199283e+02
     vertex  1.528805e+01  0.000000e+00  1.199283e+02
     vertex  1.531701e+01  8.000000e+00  1.199613e+02
   endloop
 endfacet
 facet normal -7.332740e-01  0.000000e+00  6.799333e-01
   outer loop
     vertex  1.525820e+01  8.000000e+00  1.198961e+02
     vertex  1.525820e+01  0.000000e+00  1.198961e+02
     vertex  1.528805e+01  8.000000e+00  1.199283e+02
   endloop
 endfacet
 facet normal -7.143447e-01  0.000000e+00  6.997940e-01
   outer loop
     vertex  1.522748e+01  8.000000e+00  1.198648e+02
     vertex  1.522748e+01  0.000000e+00  1.198648e+02
     vertex  1.525820e+01  0.000000e+00  1.198961e+02
   endloop
 endfacet
 facet normal -6.948776e-01  0.000000e+00  7.191280e-01
   outer loop
     vertex  1.522748e+01  8.000000e+00  1.198648e+02
     vertex  1.519592e+01  0.000000e+00  1.198343e+02
     vertex  1.522748e+01  0.000000e+00  1.198648e+02
   endloop
 endfacet
 facet normal -7.143447e-01  0.000000e+00  6.997940e-01
   outer loop
     vertex  1.522748e+01  8.000000e+00  1.198648e+02
     vertex  1.525820e+01  0.000000e+00  1.198961e+02
     vertex  1.525820e+01  8.000000e+00  1.198961e+02
   endloop
 endfacet
 facet normal -6.948776e-01  0.000000e+00  7.191280e-01
   outer loop
     vertex  1.519592e+01  8.000000e+00  1.198343e+02
     vertex  1.519592e+01  0.000000e+00  1.198343e+02
     vertex  1.522748e+01  8.000000e+00  1.198648e+02
   endloop
 endfacet
 facet normal -6.748875e-01  0.000000e+00  7.379206e-01
   outer loop
     vertex  1.516352e+01  8.000000e+00  1.198046e+02
     vertex  1.519592e+01  0.000000e+00  1.198343e+02
     vertex  1.519592e+01  8.000000e+00  1.198343e+02
   endloop
 endfacet
 facet normal -6.748875e-01  0.000000e+00  7.379206e-01
   outer loop
     vertex  1.516352e+01  8.000000e+00  1.198046e+02
     vertex  1.516352e+01  0.000000e+00  1.198046e+02
     vertex  1.519592e+01  0.000000e+00  1.198343e+02
   endloop
 endfacet
 facet normal -6.543893e-01  0.000000e+00  7.561578e-01
   outer loop
     vertex  1.516352e+01  8.000000e+00  1.198046e+02
     vertex  1.513033e+01  0.000000e+00  1.197759e+02
     vertex  1.516352e+01  0.000000e+00  1.198046e+02
   endloop
 endfacet
 facet normal -6.543893e-01  0.000000e+00  7.561578e-01
   outer loop
     vertex  1.513033e+01  8.000000e+00  1.197759e+02
     vertex  1.513033e+01  0.000000e+00  1.197759e+02
     vertex  1.516352e+01  8.000000e+00  1.198046e+02
   endloop
 endfacet
 facet normal -6.333986e-01  0.000000e+00  7.738257e-01
   outer loop
     vertex  1.509636e+01  8.000000e+00  1.197481e+02
     vertex  1.509636e+01  0.000000e+00  1.197481e+02
     vertex  1.513033e+01  0.000000e+00  1.197759e+02
   endloop
 endfacet
 facet normal -6.119310e-01  0.000000e+00  7.909112e-01
   outer loop
     vertex  1.509636e+01  8.000000e+00  1.197481e+02
     vertex  1.506164e+01  0.000000e+00  1.197212e+02
     vertex  1.509636e+01  0.000000e+00  1.197481e+02
   endloop
 endfacet
 facet normal -6.333986e-01  0.000000e+00  7.738257e-01
   outer loop
     vertex  1.509636e+01  8.000000e+00  1.197481e+02
     vertex  1.513033e+01  0.000000e+00  1.197759e+02
     vertex  1.513033e+01  8.000000e+00  1.197759e+02
   endloop
 endfacet
 facet normal -6.119310e-01  0.000000e+00  7.909112e-01
   outer loop
     vertex  1.506164e+01  8.000000e+00  1.197212e+02
     vertex  1.506164e+01  0.000000e+00  1.197212e+02
     vertex  1.509636e+01  8.000000e+00  1.197481e+02
   endloop
 endfacet
 facet normal -5.900028e-01  0.000000e+00  8.074012e-01
   outer loop
     vertex  1.502619e+01  8.000000e+00  1.196953e+02
     vertex  1.502619e+01  0.000000e+00  1.196953e+02
     vertex  1.506164e+01  0.000000e+00  1.197212e+02
   endloop
 endfacet
 facet normal -5.676304e-01  0.000000e+00  8.232835e-01
   outer loop
     vertex  1.502619e+01  8.000000e+00  1.196953e+02
     vertex  1.499005e+01  0.000000e+00  1.196704e+02
     vertex  1.502619e+01  0.000000e+00  1.196953e+02
   endloop
 endfacet
 facet normal -5.900028e-01  0.000000e+00  8.074012e-01
   outer loop
     vertex  1.502619e+01  8.000000e+00  1.196953e+02
     vertex  1.506164e+01  0.000000e+00  1.197212e+02
     vertex  1.506164e+01  8.000000e+00  1.197212e+02
   endloop
 endfacet
 facet normal -5.676304e-01  0.000000e+00  8.232835e-01
   outer loop
     vertex  1.499005e+01  8.000000e+00  1.196704e+02
     vertex  1.499005e+01  0.000000e+00  1.196704e+02
     vertex  1.502619e+01  8.000000e+00  1.196953e+02
   endloop
 endfacet
 facet normal -5.448308e-01  0.000000e+00  8.385460e-01
   outer loop
     vertex  1.495324e+01  8.000000e+00  1.196465e+02
     vertex  1.495324e+01  0.000000e+00  1.196465e+02
     vertex  1.499005e+01  0.000000e+00  1.196704e+02
   endloop
 endfacet
 facet normal -5.448308e-01  0.000000e+00  8.385460e-01
   outer loop
     vertex  1.495324e+01  8.000000e+00  1.196465e+02
     vertex  1.499005e+01  0.000000e+00  1.196704e+02
     vertex  1.499005e+01  8.000000e+00  1.196704e+02
   endloop
 endfacet
 facet normal -5.216210e-01  0.000000e+00  8.531773e-01
   outer loop
     vertex  1.491579e+01  8.000000e+00  1.196236e+02
     vertex  1.491579e+01  0.000000e+00  1.196236e+02
     vertex  1.495324e+01  0.000000e+00  1.196465e+02
   endloop
 endfacet
 facet normal -5.216210e-01  0.000000e+00  8.531773e-01
   outer loop
     vertex  1.491579e+01  8.000000e+00  1.196236e+02
     vertex  1.495324e+01  0.000000e+00  1.196465e+02
     vertex  1.495324e+01  8.000000e+00  1.196465e+02
   endloop
 endfacet
 facet normal -4.980186e-01  0.000000e+00  8.671664e-01
   outer loop
     vertex  1.487772e+01  8.000000e+00  1.196017e+02
     vertex  1.487772e+01  0.000000e+00  1.196017e+02
     vertex  1.491579e+01  0.000000e+00  1.196236e+02
   endloop
 endfacet
 facet normal -4.740412e-01  0.000000e+00  8.805026e-01
   outer loop
     vertex  1.487772e+01  8.000000e+00  1.196017e+02
     vertex  1.483907e+01  0.000000e+00  1.195809e+02
     vertex  1.487772e+01  0.000000e+00  1.196017e+02
   endloop
 endfacet
 facet normal -4.980186e-01  0.000000e+00  8.671664e-01
   outer loop
     vertex  1.487772e+01  8.000000e+00  1.196017e+02
     vertex  1.491579e+01  0.000000e+00  1.196236e+02
     vertex  1.491579e+01  8.000000e+00  1.196236e+02
   endloop
 endfacet
 facet normal -4.497071e-01  0.000000e+00  8.931761e-01
   outer loop
     vertex  1.483907e+01  8.000000e+00  1.195809e+02
     vertex  1.479986e+01  0.000000e+00  1.195612e+02
     vertex  1.483907e+01  0.000000e+00  1.195809e+02
   endloop
 endfacet
 facet normal -4.740412e-01  0.000000e+00  8.805026e-01
   outer loop
     vertex  1.483907e+01  8.000000e+00  1.195809e+02
     vertex  1.483907e+01  0.000000e+00  1.195809e+02
     vertex  1.487772e+01  8.000000e+00  1.196017e+02
   endloop
 endfacet
 facet normal -4.497071e-01  0.000000e+00  8.931761e-01
   outer loop
     vertex  1.479986e+01  8.000000e+00  1.195612e+02
     vertex  1.479986e+01  0.000000e+00  1.195612e+02
     vertex  1.483907e+01  8.000000e+00  1.195809e+02
   endloop
 endfacet
 facet normal -4.250344e-01  0.000000e+00  9.051772e-01
   outer loop
     vertex  1.476012e+01  8.000000e+00  1.195425e+02
     vertex  1.476012e+01  0.000000e+00  1.195425e+02
     vertex  1.479986e+01  0.000000e+00  1.195612e+02
   endloop
 endfacet
 facet normal -4.250344e-01  0.000000e+00  9.051772e-01
   outer loop
     vertex  1.476012e+01  8.000000e+00  1.195425e+02
     vertex  1.479986e+01  0.000000e+00  1.195612e+02
     vertex  1.479986e+01  8.000000e+00  1.195612e+02
   endloop
 endfacet
 facet normal -4.000417e-01  0.000000e+00  9.164969e-01
   outer loop
     vertex  1.471989e+01  8.000000e+00  1.195250e+02
     vertex  1.471989e+01  0.000000e+00  1.195250e+02
     vertex  1.476012e+01  0.000000e+00  1.195425e+02
   endloop
 endfacet
 facet normal -4.000417e-01  0.000000e+00  9.164969e-01
   outer loop
     vertex  1.471989e+01  8.000000e+00  1.195250e+02
     vertex  1.476012e+01  0.000000e+00  1.195425e+02
     vertex  1.476012e+01  8.000000e+00  1.195425e+02
   endloop
 endfacet
 facet normal -3.747479e-01  0.000000e+00  9.271267e-01
   outer loop
     vertex  1.467919e+01  8.000000e+00  1.195085e+02
     vertex  1.467919e+01  0.000000e+00  1.195085e+02
     vertex  1.471989e+01  0.000000e+00  1.195250e+02
   endloop
 endfacet
 facet normal -3.491720e-01  0.000000e+00  9.370586e-01
   outer loop
     vertex  1.467919e+01  8.000000e+00  1.195085e+02
     vertex  1.463805e+01  0.000000e+00  1.194932e+02
     vertex  1.467919e+01  0.000000e+00  1.195085e+02
   endloop
 endfacet
 facet normal -3.747479e-01  0.000000e+00  9.271267e-01
   outer loop
     vertex  1.467919e+01  8.000000e+00  1.195085e+02
     vertex  1.471989e+01  0.000000e+00  1.195250e+02
     vertex  1.471989e+01  8.000000e+00  1.195250e+02
   endloop
 endfacet
 facet normal -3.491720e-01  0.000000e+00  9.370586e-01
   outer loop
     vertex  1.463805e+01  8.000000e+00  1.194932e+02
     vertex  1.463805e+01  0.000000e+00  1.194932e+02
     vertex  1.467919e+01  8.000000e+00  1.195085e+02
   endloop
 endfacet
 facet normal -3.233333e-01  0.000000e+00  9.462851e-01
   outer loop
     vertex  1.459651e+01  8.000000e+00  1.194790e+02
     vertex  1.459651e+01  0.000000e+00  1.194790e+02
     vertex  1.463805e+01  0.000000e+00  1.194932e+02
   endloop
 endfacet
 facet normal -3.233333e-01  0.000000e+00  9.462851e-01
   outer loop
     vertex  1.459651e+01  8.000000e+00  1.194790e+02
     vertex  1.463805e+01  0.000000e+00  1.194932e+02
     vertex  1.463805e+01  8.000000e+00  1.194932e+02
   endloop
 endfacet
 facet normal -2.972512e-01  0.000000e+00  9.547993e-01
   outer loop
     vertex  1.455460e+01  8.000000e+00  1.194659e+02
     vertex  1.455460e+01  0.000000e+00  1.194659e+02
     vertex  1.459651e+01  0.000000e+00  1.194790e+02
   endloop
 endfacet
 facet normal -2.972512e-01  0.000000e+00  9.547993e-01
   outer loop
     vertex  1.455460e+01  8.000000e+00  1.194659e+02
     vertex  1.459651e+01  0.000000e+00  1.194790e+02
     vertex  1.459651e+01  8.000000e+00  1.194790e+02
   endloop
 endfacet
 facet normal -2.709453e-01  0.000000e+00  9.625948e-01
   outer loop
     vertex  1.451234e+01  8.000000e+00  1.194540e+02
     vertex  1.451234e+01  0.000000e+00  1.194540e+02
     vertex  1.455460e+01  0.000000e+00  1.194659e+02
   endloop
 endfacet
 facet normal -2.709453e-01  0.000000e+00  9.625948e-01
   outer loop
     vertex  1.451234e+01  8.000000e+00  1.194540e+02
     vertex  1.455460e+01  0.000000e+00  1.194659e+02
     vertex  1.455460e+01  8.000000e+00  1.194659e+02
   endloop
 endfacet
 facet normal -2.444354e-01  0.000000e+00  9.696656e-01
   outer loop
     vertex  1.446978e+01  8.000000e+00  1.194433e+02
     vertex  1.446978e+01  0.000000e+00  1.194433e+02
     vertex  1.451234e+01  0.000000e+00  1.194540e+02
   endloop
 endfacet
 facet normal -2.177416e-01  0.000000e+00  9.760065e-01
   outer loop
     vertex  1.446978e+01  8.000000e+00  1.194433e+02
     vertex  1.442693e+01  0.000000e+00  1.194338e+02
     vertex  1.446978e+01  0.000000e+00  1.194433e+02
   endloop
 endfacet
 facet normal -2.444354e-01  0.000000e+00  9.696656e-01
   outer loop
     vertex  1.446978e+01  8.000000e+00  1.194433e+02
     vertex  1.451234e+01  0.000000e+00  1.194540e+02
     vertex  1.451234e+01  8.000000e+00  1.194540e+02
   endloop
 endfacet
 facet normal -1.908838e-01  0.000000e+00  9.816126e-01
   outer loop
     vertex  1.442693e+01  8.000000e+00  1.194338e+02
     vertex  1.438384e+01  0.000000e+00  1.194254e+02
     vertex  1.442693e+01  0.000000e+00  1.194338e+02
   endloop
 endfacet
 facet normal -2.177416e-01  0.000000e+00  9.760065e-01
   outer loop
     vertex  1.442693e+01  8.000000e+00  1.194338e+02
     vertex  1.442693e+01  0.000000e+00  1.194338e+02
     vertex  1.446978e+01  8.000000e+00  1.194433e+02
   endloop
 endfacet
 facet normal -1.638824e-01  0.000000e+00  9.864799e-01
   outer loop
     vertex  1.438384e+01  8.000000e+00  1.194254e+02
     vertex  1.434053e+01  0.000000e+00  1.194182e+02
     vertex  1.438384e+01  0.000000e+00  1.194254e+02
   endloop
 endfacet
 facet normal -1.908838e-01  0.000000e+00  9.816126e-01
   outer loop
     vertex  1.438384e+01  8.000000e+00  1.194254e+02
     vertex  1.438384e+01  0.000000e+00  1.194254e+02
     vertex  1.442693e+01  8.000000e+00  1.194338e+02
   endloop
 endfacet
 facet normal -1.367575e-01  0.000000e+00  9.906046e-01
   outer loop
     vertex  1.434053e+01  8.000000e+00  1.194182e+02
     vertex  1.429705e+01  0.000000e+00  1.194122e+02
     vertex  1.434053e+01  0.000000e+00  1.194182e+02
   endloop
 endfacet
 facet normal -1.638824e-01  0.000000e+00  9.864799e-01
   outer loop
     vertex  1.434053e+01  8.000000e+00  1.194182e+02
     vertex  1.434053e+01  0.000000e+00  1.194182e+02
     vertex  1.438384e+01  8.000000e+00  1.194254e+02
   endloop
 endfacet
 facet normal -1.095298e-01  0.000000e+00  9.939835e-01
   outer loop
     vertex  1.429705e+01  8.000000e+00  1.194122e+02
     vertex  1.425341e+01  0.000000e+00  1.194074e+02
     vertex  1.429705e+01  0.000000e+00  1.194122e+02
   endloop
 endfacet
 facet normal -1.367575e-01  0.000000e+00  9.906046e-01
   outer loop
     vertex  1.429705e+01  8.000000e+00  1.194122e+02
     vertex  1.429705e+01  0.000000e+00  1.194122e+02
     vertex  1.434053e+01  8.000000e+00  1.194182e+02
   endloop
 endfacet
 facet normal -1.095298e-01  0.000000e+00  9.939835e-01
   outer loop
     vertex  1.425341e+01  8.000000e+00  1.194074e+02
     vertex  1.425341e+01  0.000000e+00  1.194074e+02
     vertex  1.429705e+01  8.000000e+00  1.194122e+02
   endloop
 endfacet
 facet normal -8.221955e-02  0.000000e+00  9.966142e-01
   outer loop
     vertex  1.420966e+01  8.000000e+00  1.194038e+02
     vertex  1.425341e+01  0.000000e+00  1.194074e+02
     vertex  1.425341e+01  8.000000e+00  1.194074e+02
   endloop
 endfacet
 facet normal -8.221955e-02  0.000000e+00  9.966142e-01
   outer loop
     vertex  1.420966e+01  8.000000e+00  1.194038e+02
     vertex  1.420966e+01  0.000000e+00  1.194038e+02
     vertex  1.425341e+01  0.000000e+00  1.194074e+02
   endloop
 endfacet
 facet normal -5.484744e-02  0.000000e+00  9.984947e-01
   outer loop
     vertex  1.420966e+01  8.000000e+00  1.194038e+02
     vertex  1.416583e+01  0.000000e+00  1.194014e+02
     vertex  1.420966e+01  0.000000e+00  1.194038e+02
   endloop
 endfacet
 facet normal -5.484744e-02  0.000000e+00  9.984947e-01
   outer loop
     vertex  1.416583e+01  8.000000e+00  1.194014e+02
     vertex  1.416583e+01  0.000000e+00  1.194014e+02
     vertex  1.420966e+01  8.000000e+00  1.194038e+02
   endloop
 endfacet
 facet normal -2.743405e-02  0.000000e+00  9.996236e-01
   outer loop
     vertex  1.416583e+01  8.000000e+00  1.194014e+02
     vertex  1.412195e+01  0.000000e+00  1.194002e+02
     vertex  1.416583e+01  0.000000e+00  1.194014e+02
   endloop
 endfacet
 facet normal -2.743405e-02  0.000000e+00  9.996236e-01
   outer loop
     vertex  1.412195e+01  8.000000e+00  1.194002e+02
     vertex  1.412195e+01  0.000000e+00  1.194002e+02
     vertex  1.416583e+01  8.000000e+00  1.194014e+02
   endloop
 endfacet
 facet normal -0.000000e+00  0.000000e+00  1.000000e+00
   outer loop
     vertex  1.407805e+01  8.000000e+00  1.194002e+02
     vertex  1.412195e+01  0.000000e+00  1.194002e+02
     vertex  1.412195e+01  8.000000e+00  1.194002e+02
   endloop
 endfacet
 facet normal  0.000000e+00  0.000000e+00  1.000000e+00
   outer loop
     vertex  1.407805e+01  8.000000e+00  1.194002e+02
     vertex  1.407805e+01  0.000000e+00  1.194002e+02
     vertex  1.412195e+01  0.000000e+00  1.194002e+02
   endloop
 endfacet
 facet normal  2.743405e-02  0.000000e+00  9.996236e-01
   outer loop
     vertex  1.407805e+01  8.000000e+00  1.194002e+02
     vertex  1.403417e+01  0.000000e+00  1.194014e+02
     vertex  1.407805e+01  0.000000e+00  1.194002e+02
   endloop
 endfacet
 facet normal  2.743405e-02  0.000000e+00  9.996236e-01
   outer loop
     vertex  1.403417e+01  8.000000e+00  1.194014e+02
     vertex  1.403417e+01  0.000000e+00  1.194014e+02
     vertex  1.407805e+01  8.000000e+00  1.194002e+02
   endloop
 endfacet
 facet normal  5.484744e-02  0.000000e+00  9.984947e-01
   outer loop
     vertex  1.399034e+01  8.000000e+00  1.194038e+02
     vertex  1.403417e+01  0.000000e+00  1.194014e+02
     vertex  1.403417e+01  8.000000e+00  1.194014e+02
   endloop
 endfacet
 facet normal  5.484744e-02  0.000000e+00  9.984947e-01
   outer loop
     vertex  1.399034e+01  8.000000e+00  1.194038e+02
     vertex  1.399034e+01  0.000000e+00  1.194038e+02
     vertex  1.403417e+01  0.000000e+00  1.194014e+02
   endloop
 endfacet
 facet normal  8.221955e-02  0.000000e+00  9.966142e-01
   outer loop
     vertex  1.399034e+01  8.000000e+00  1.194038e+02
     vertex  1.394659e+01  0.000000e+00  1.194074e+02
     vertex  1.399034e+01  0.000000e+00  1.194038e+02
   endloop
 endfacet
 facet normal  8.221955e-02  0.000000e+00  9.966142e-01
   outer loop
     vertex  1.394659e+01  8.000000e+00  1.194074e+02
     vertex  1.394659e+01  0.000000e+00  1.194074e+02
     vertex  1.399034e+01  8.000000e+00  1.194038e+02
   endloop
 endfacet
 facet normal  1.095298e-01  0.000000e+00  9.939835e-01
   outer loop
     vertex  1.390295e+01  8.000000e+00  1.194122e+02
     vertex  1.394659e+01  0.000000e+00  1.194074e+02
     vertex  1.394659e+01  8.000000e+00  1.194074e+02
   endloop
 endfacet
 facet normal  1.095298e-01  0.000000e+00  9.939835e-01
   outer loop
     vertex  1.390295e+01  8.000000e+00  1.194122e+02
     vertex  1.390295e+01  0.000000e+00  1.194122e+02
     vertex  1.394659e+01  0.000000e+00  1.194074e+02
   endloop
 endfacet
 facet normal  1.367575e-01  0.000000e+00  9.906046e-01
   outer loop
     vertex  1.390295e+01  8.000000e+00  1.194122e+02
     vertex  1.385947e+01  0.000000e+00  1.194182e+02
     vertex  1.390295e+01  0.000000e+00  1.194122e+02
   endloop
 endfacet
 facet normal  1.367575e-01  0.000000e+00  9.906046e-01
   outer loop
     vertex  1.385947e+01  8.000000e+00  1.194182e+02
     vertex  1.385947e+01  0.000000e+00  1.194182e+02
     vertex  1.390295e+01  8.000000e+00  1.194122e+02
   endloop
 endfacet
 facet normal  1.638824e-01  0.000000e+00  9.864799e-01
   outer loop
     vertex  1.381616e+01  8.000000e+00  1.194254e+02
     vertex  1.385947e+01  0.000000e+00  1.194182e+02
     vertex  1.385947e+01  8.000000e+00  1.194182e+02
   endloop
 endfacet
 facet normal  1.638824e-01  0.000000e+00  9.864799e-01
   outer loop
     vertex  1.381616e+01  8.000000e+00  1.194254e+02
     vertex  1.381616e+01  0.000000e+00  1.194254e+02
     vertex  1.385947e+01  0.000000e+00  1.194182e+02
   endloop
 endfacet
 facet normal  1.908838e-01  0.000000e+00  9.816126e-01
   outer loop
     vertex  1.377307e+01  8.000000e+00  1.194338e+02
     vertex  1.381616e+01  0.000000e+00  1.194254e+02
     vertex  1.381616e+01  8.000000e+00  1.194254e+02
   endloop
 endfacet
 facet normal  1.908838e-01  0.000000e+00  9.816126e-01
   outer loop
     vertex  1.377307e+01  8.000000e+00  1.194338e+02
     vertex  1.377307e+01  0.000000e+00  1.194338e+02
     vertex  1.381616e+01  0.000000e+00  1.194254e+02
   endloop
 endfacet
 facet normal  2.177416e-01  0.000000e+00  9.760065e-01
   outer loop
     vertex  1.373022e+01  8.000000e+00  1.194433e+02
     vertex  1.373022e+01  0.000000e+00  1.194433e+02
     vertex  1.377307e+01  0.000000e+00  1.194338e+02
   endloop
 endfacet
 facet normal  2.177416e-01  0.000000e+00  9.760065e-01
   outer loop
     vertex  1.373022e+01  8.000000e+00  1.194433e+02
     vertex  1.377307e+01  0.000000e+00  1.194338e+02
     vertex  1.377307e+01  8.000000e+00  1.194338e+02
   endloop
 endfacet
 facet normal  2.444354e-01  0.000000e+00  9.696656e-01
   outer loop
     vertex  1.373022e+01  8.000000e+00  1.194433e+02
     vertex  1.368766e+01  0.000000e+00  1.194540e+02
     vertex  1.373022e+01  0.000000e+00  1.194433e+02
   endloop
 endfacet
 facet normal  2.444354e-01  0.000000e+00  9.696656e-01
   outer loop
     vertex  1.368766e+01  8.000000e+00  1.194540e+02
     vertex  1.368766e+01  0.000000e+00  1.194540e+02
     vertex  1.373022e+01  8.000000e+00  1.194433e+02
   endloop
 endfacet
 facet normal  2.709453e-01  0.000000e+00  9.625948e-01
   outer loop
     vertex  1.364540e+01  8.000000e+00  1.194659e+02
     vertex  1.364540e+01  0.000000e+00  1.194659e+02
     vertex  1.368766e+01  0.000000e+00  1.194540e+02
   endloop
 endfacet
 facet normal  2.709453e-01  0.000000e+00  9.625948e-01
   outer loop
     vertex  1.364540e+01  8.000000e+00  1.194659e+02
     vertex  1.368766e+01  0.000000e+00  1.194540e+02
     vertex  1.368766e+01  8.000000e+00  1.194540e+02
   endloop
 endfacet
 facet normal  2.972512e-01  0.000000e+00  9.547993e-01
   outer loop
     vertex  1.360349e+01  8.000000e+00  1.194790e+02
     vertex  1.360349e+01  0.000000e+00  1.194790e+02
     vertex  1.364540e+01  0.000000e+00  1.194659e+02
   endloop
 endfacet
 facet normal  2.972512e-01  0.000000e+00  9.547993e-01
   outer loop
     vertex  1.360349e+01  8.000000e+00  1.194790e+02
     vertex  1.364540e+01  0.000000e+00  1.194659e+02
     vertex  1.364540e+01  8.000000e+00  1.194659e+02
   endloop
 endfacet
 facet normal  3.233333e-01  0.000000e+00  9.462851e-01
   outer loop
     vertex  1.356195e+01  8.000000e+00  1.194932e+02
     vertex  1.356195e+01  0.000000e+00  1.194932e+02
     vertex  1.360349e+01  0.000000e+00  1.194790e+02
   endloop
 endfacet
 facet normal  3.233333e-01  0.000000e+00  9.462851e-01
   outer loop
     vertex  1.356195e+01  8.000000e+00  1.194932e+02
     vertex  1.360349e+01  0.000000e+00  1.194790e+02
     vertex  1.360349e+01  8.000000e+00  1.194790e+02
   endloop
 endfacet
 facet normal  3.491720e-01  0.000000e+00  9.370586e-01
   outer loop
     vertex  1.352081e+01  8.000000e+00  1.195085e+02
     vertex  1.352081e+01  0.000000e+00  1.195085e+02
     vertex  1.356195e+01  0.000000e+00  1.194932e+02
   endloop
 endfacet
 facet normal  3.747479e-01  0.000000e+00  9.271267e-01
   outer loop
     vertex  1.352081e+01  8.000000e+00  1.195085e+02
     vertex  1.348011e+01  0.000000e+00  1.195250e+02
     vertex  1.352081e+01  0.000000e+00  1.195085e+02
   endloop
 endfacet
 facet normal  3.491720e-01  0.000000e+00  9.370586e-01
   outer loop
     vertex  1.352081e+01  8.000000e+00  1.195085e+02
     vertex  1.356195e+01  0.000000e+00  1.194932e+02
     vertex  1.356195e+01  8.000000e+00  1.194932e+02
   endloop
 endfacet
 facet normal  4.000417e-01  0.000000e+00  9.164969e-01
   outer loop
     vertex  1.348011e+01  8.000000e+00  1.195250e+02
     vertex  1.343988e+01  0.000000e+00  1.195425e+02
     vertex  1.348011e+01  0.000000e+00  1.195250e+02
   endloop
 endfacet
 facet normal  3.747479e-01  0.000000e+00  9.271267e-01
   outer loop
     vertex  1.348011e+01  8.000000e+00  1.195250e+02
     vertex  1.348011e+01  0.000000e+00  1.195250e+02
     vertex  1.352081e+01  8.000000e+00  1.195085e+02
   endloop
 endfacet
 facet normal  4.000417e-01  0.000000e+00  9.164969e-01
   outer loop
     vertex  1.343988e+01  8.000000e+00  1.195425e+02
     vertex  1.343988e+01  0.000000e+00  1.195425e+02
     vertex  1.348011e+01  8.000000e+00  1.195250e+02
   endloop
 endfacet
 facet normal  4.250344e-01  0.000000e+00  9.051772e-01
   outer loop
     vertex  1.340014e+01  8.000000e+00  1.195612e+02
     vertex  1.340014e+01  0.000000e+00  1.195612e+02
     vertex  1.343988e+01  0.000000e+00  1.195425e+02
   endloop
 endfacet
 facet normal  4.250344e-01  0.000000e+00  9.051772e-01
   outer loop
     vertex  1.340014e+01  8.000000e+00  1.195612e+02
     vertex  1.343988e+01  0.000000e+00  1.195425e+02
     vertex  1.343988e+01  8.000000e+00  1.195425e+02
   endloop
 endfacet
 facet normal  4.497071e-01  0.000000e+00  8.931761e-01
   outer loop
     vertex  1.336093e+01  8.000000e+00  1.195809e+02
     vertex  1.336093e+01  0.000000e+00  1.195809e+02
     vertex  1.340014e+01  0.000000e+00  1.195612e+02
   endloop
 endfacet
 facet normal  4.497071e-01  0.000000e+00  8.931761e-01
   outer loop
     vertex  1.336093e+01  8.000000e+00  1.195809e+02
     vertex  1.340014e+01  0.000000e+00  1.195612e+02
     vertex  1.340014e+01  8.000000e+00  1.195612e+02
   endloop
 endfacet
 facet normal  4.740412e-01  0.000000e+00  8.805026e-01
   outer loop
     vertex  1.332228e+01  8.000000e+00  1.196017e+02
     vertex  1.332228e+01  0.000000e+00  1.196017e+02
     vertex  1.336093e+01  0.000000e+00  1.195809e+02
   endloop
 endfacet
 facet normal  4.740412e-01  0.000000e+00  8.805026e-01
   outer loop
     vertex  1.332228e+01  8.000000e+00  1.196017e+02
     vertex  1.336093e+01  0.000000e+00  1.195809e+02
     vertex  1.336093e+01  8.000000e+00  1.195809e+02
   endloop
 endfacet
 facet normal  4.980186e-01  0.000000e+00  8.671664e-01
   outer loop
     vertex  1.328421e+01  8.000000e+00  1.196236e+02
     vertex  1.328421e+01  0.000000e+00  1.196236e+02
     vertex  1.332228e+01  0.000000e+00  1.196017e+02
   endloop
 endfacet
 facet normal  5.216210e-01  0.000000e+00  8.531773e-01
   outer loop
     vertex  1.328421e+01  8.000000e+00  1.196236e+02
     vertex  1.324676e+01  0.000000e+00  1.196465e+02
     vertex  1.328421e+01  0.000000e+00  1.196236e+02
   endloop
 endfacet
 facet normal  4.980186e-01  0.000000e+00  8.671664e-01
   outer loop
     vertex  1.328421e+01  8.000000e+00  1.196236e+02
     vertex  1.332228e+01  0.000000e+00  1.196017e+02
     vertex  1.332228e+01  8.000000e+00  1.196017e+02
   endloop
 endfacet
 facet normal  5.448308e-01  0.000000e+00  8.385460e-01
   outer loop
     vertex  1.324676e+01  8.000000e+00  1.196465e+02
     vertex  1.320995e+01  0.000000e+00  1.196704e+02
     vertex  1.324676e+01  0.000000e+00  1.196465e+02
   endloop
 endfacet
 facet normal  5.216210e-01  0.000000e+00  8.531773e-01
   outer loop
     vertex  1.324676e+01  8.000000e+00  1.196465e+02
     vertex  1.324676e+01  0.000000e+00  1.196465e+02
     vertex  1.328421e+01  8.000000e+00  1.196236e+02
   endloop
 endfacet
 facet normal  5.448308e-01  0.000000e+00  8.385460e-01
   outer loop
     vertex  1.320995e+01  8.000000e+00  1.196704e+02
     vertex  1.320995e+01  0.000000e+00  1.196704e+02
     vertex  1.324676e+01  8.000000e+00  1.196465e+02
   endloop
 endfacet
 facet normal  5.676304e-01  0.000000e+00  8.232835e-01
   outer loop
     vertex  1.317381e+01  8.000000e+00  1.196953e+02
     vertex  1.320995e+01  0.000000e+00  1.196704e+02
     vertex  1.320995e+01  8.000000e+00  1.196704e+02
   endloop
 endfacet
 facet normal  5.676304e-01  0.000000e+00  8.232835e-01
   outer loop
     vertex  1.317381e+01  8.000000e+00  1.196953e+02
     vertex  1.317381e+01  0.000000e+00  1.196953e+02
     vertex  1.320995e+01  0.000000e+00  1.196704e+02
   endloop
 endfacet
 facet normal  5.900028e-01  0.000000e+00  8.074012e-01
   outer loop
     vertex  1.317381e+01  8.000000e+00  1.196953e+02
     vertex  1.313836e+01  0.000000e+00  1.197212e+02
     vertex  1.317381e+01  0.000000e+00  1.196953e+02
   endloop
 endfacet
 facet normal  5.900028e-01  0.000000e+00  8.074012e-01
   outer loop
     vertex  1.313836e+01  8.000000e+00  1.197212e+02
     vertex  1.313836e+01  0.000000e+00  1.197212e+02
     vertex  1.317381e+01  8.000000e+00  1.196953e+02
   endloop
 endfacet
 facet normal  6.119310e-01  0.000000e+00  7.909112e-01
   outer loop
     vertex  1.310364e+01  8.000000e+00  1.197481e+02
     vertex  1.313836e+01  0.000000e+00  1.197212e+02
     vertex  1.313836e+01  8.000000e+00  1.197212e+02
   endloop
 endfacet
 facet normal  6.119310e-01  0.000000e+00  7.909112e-01
   outer loop
     vertex  1.310364e+01  8.000000e+00  1.197481e+02
     vertex  1.310364e+01  0.000000e+00  1.197481e+02
     vertex  1.313836e+01  0.000000e+00  1.197212e+02
   endloop
 endfacet
 facet normal  6.333986e-01  0.000000e+00  7.738257e-01
   outer loop
     vertex  1.310364e+01  8.000000e+00  1.197481e+02
     vertex  1.306967e+01  0.000000e+00  1.197759e+02
     vertex  1.310364e+01  0.000000e+00  1.197481e+02
   endloop
 endfacet
 facet normal  6.333986e-01  0.000000e+00  7.738257e-01
   outer loop
     vertex  1.306967e+01  8.000000e+00  1.197759e+02
     vertex  1.306967e+01  0.000000e+00  1.197759e+02
     vertex  1.310364e+01  8.000000e+00  1.197481e+02
   endloop
 endfacet
 facet normal  6.543893e-01  0.000000e+00  7.561578e-01
   outer loop
     vertex  1.303648e+01  8.000000e+00  1.198046e+02
     vertex  1.306967e+01  0.000000e+00  1.197759e+02
     vertex  1.306967e+01  8.000000e+00  1.197759e+02
   endloop
 endfacet
 facet normal  6.543893e-01  0.000000e+00  7.561578e-01
   outer loop
     vertex  1.303648e+01  8.000000e+00  1.198046e+02
     vertex  1.303648e+01  0.000000e+00  1.198046e+02
     vertex  1.306967e+01  0.000000e+00  1.197759e+02
   endloop
 endfacet
 facet normal  6.748875e-01  0.000000e+00  7.379206e-01
   outer loop
     vertex  1.300408e+01  8.000000e+00  1.198343e+02
     vertex  1.303648e+01  0.000000e+00  1.198046e+02
     vertex  1.303648e+01  8.000000e+00  1.198046e+02
   endloop
 endfacet
 facet normal  6.748875e-01  0.000000e+00  7.379206e-01
   outer loop
     vertex  1.300408e+01  8.000000e+00  1.198343e+02
     vertex  1.300408e+01  0.000000e+00  1.198343e+02
     vertex  1.303648e+01  0.000000e+00  1.198046e+02
   endloop
 endfacet
 facet normal  6.948776e-01  0.000000e+00  7.191280e-01
   outer loop
     vertex  1.297252e+01  8.000000e+00  1.198648e+02
     vertex  1.300408e+01  0.000000e+00  1.198343e+02
     vertex  1.300408e+01  8.000000e+00  1.198343e+02
   endloop
 endfacet
 facet normal  6.948776e-01  0.000000e+00  7.191280e-01
   outer loop
     vertex  1.297252e+01  8.000000e+00  1.198648e+02
     vertex  1.297252e+01  0.000000e+00  1.198648e+02
     vertex  1.300408e+01  0.000000e+00  1.198343e+02
   endloop
 endfacet
 facet normal  7.143447e-01  0.000000e+00  6.997940e-01
   outer loop
     vertex  1.294180e+01  8.000000e+00  1.198961e+02
     vertex  1.297252e+01  0.000000e+00  1.198648e+02
     vertex  1.297252e+01  8.000000e+00  1.198648e+02
   endloop
 endfacet
 facet normal  7.143447e-01  0.000000e+00  6.997940e-01
   outer loop
     vertex  1.294180e+01  8.000000e+00  1.198961e+02
     vertex  1.294180e+01  0.000000e+00  1.198961e+02
     vertex  1.297252e+01  0.000000e+00  1.198648e+02
   endloop
 endfacet
 facet normal  7.332740e-01  0.000000e+00  6.799333e-01
   outer loop
     vertex  1.291195e+01  8.000000e+00  1.199283e+02
     vertex  1.294180e+01  0.000000e+00  1.198961e+02
     vertex  1.294180e+01  8.000000e+00  1.198961e+02
   endloop
 endfacet
 facet normal  7.332740e-01  0.000000e+00  6.799333e-01
   outer loop
     vertex  1.291195e+01  8.000000e+00  1.199283e+02
     vertex  1.291195e+01  0.000000e+00  1.199283e+02
     vertex  1.294180e+01  0.000000e+00  1.198961e+02
   endloop
 endfacet
 facet normal  7.516513e-01  0.000000e+00  6.595607e-01
   outer loop
     vertex  1.291195e+01  8.000000e+00  1.199283e+02
     vertex  1.288299e+01  0.000000e+00  1.199613e+02
     vertex  1.291195e+01  0.000000e+00  1.199283e+02
   endloop
 endfacet
 facet normal  7.516513e-01  0.000000e+00  6.595607e-01
   outer loop
     vertex  1.288299e+01  8.000000e+00  1.199613e+02
     vertex  1.288299e+01  0.000000e+00  1.199613e+02
     vertex  1.291195e+01  8.000000e+00  1.199283e+02
   endloop
 endfacet
 facet normal  7.694628e-01  0.000000e+00  6.386916e-01
   outer loop
     vertex  1.285496e+01  8.000000e+00  1.199951e+02
     vertex  1.288299e+01  0.000000e+00  1.199613e+02
     vertex  1.288299e+01  8.000000e+00  1.199613e+02
   endloop
 endfacet
 facet normal  7.694628e-01  0.000000e+00  6.386916e-01
   outer loop
     vertex  1.285496e+01  8.000000e+00  1.199951e+02
     vertex  1.285496e+01  0.000000e+00  1.199951e+02
     vertex  1.288299e+01  0.000000e+00  1.199613e+02
   endloop
 endfacet
 facet normal  7.866951e-01  0.000000e+00  6.173417e-01
   outer loop
     vertex  1.282786e+01  8.000000e+00  1.200296e+02
     vertex  1.285496e+01  0.000000e+00  1.199951e+02
     vertex  1.285496e+01  8.000000e+00  1.199951e+02
   endloop
 endfacet
 facet normal  7.866951e-01  0.000000e+00  6.173417e-01
   outer loop
     vertex  1.282786e+01  8.000000e+00  1.200296e+02
     vertex  1.282786e+01  0.000000e+00  1.200296e+02
     vertex  1.285496e+01  0.000000e+00  1.199951e+02
   endloop
 endfacet
 facet normal  8.033352e-01  0.000000e+00  5.955271e-01
   outer loop
     vertex  1.280171e+01  8.000000e+00  1.200649e+02
     vertex  1.282786e+01  0.000000e+00  1.200296e+02
     vertex  1.282786e+01  8.000000e+00  1.200296e+02
   endloop
 endfacet
 facet normal  8.033352e-01  0.000000e+00  5.955271e-01
   outer loop
     vertex  1.280171e+01  8.000000e+00  1.200649e+02
     vertex  1.280171e+01  0.000000e+00  1.200649e+02
     vertex  1.282786e+01  0.000000e+00  1.200296e+02
   endloop
 endfacet
 facet normal  8.193706e-01  0.000000e+00  5.732642e-01
   outer loop
     vertex  1.277655e+01  8.000000e+00  1.201008e+02
     vertex  1.280171e+01  0.000000e+00  1.200649e+02
     vertex  1.280171e+01  8.000000e+00  1.200649e+02
   endloop
 endfacet
 facet normal  8.193706e-01  0.000000e+00  5.732642e-01
   outer loop
     vertex  1.277655e+01  8.000000e+00  1.201008e+02
     vertex  1.277655e+01  0.000000e+00  1.201008e+02
     vertex  1.280171e+01  0.000000e+00  1.200649e+02
   endloop
 endfacet
 facet normal  8.347891e-01  0.000000e+00  5.505698e-01
   outer loop
     vertex  1.275238e+01  8.000000e+00  1.201375e+02
     vertex  1.277655e+01  0.000000e+00  1.201008e+02
     vertex  1.277655e+01  8.000000e+00  1.201008e+02
   endloop
 endfacet
 facet normal  8.347891e-01  0.000000e+00  5.505698e-01
   outer loop
     vertex  1.275238e+01  8.000000e+00  1.201375e+02
     vertex  1.275238e+01  0.000000e+00  1.201375e+02
     vertex  1.277655e+01  0.000000e+00  1.201008e+02
   endloop
 endfacet
 facet normal  8.495793e-01  0.000000e+00  5.274609e-01
   outer loop
     vertex  1.275238e+01  8.000000e+00  1.201375e+02
     vertex  1.272922e+01  0.000000e+00  1.201748e+02
     vertex  1.275238e+01  0.000000e+00  1.201375e+02
   endloop
 endfacet
 facet normal  8.495793e-01  0.000000e+00  5.274609e-01
   outer loop
     vertex  1.272922e+01  8.000000e+00  1.201748e+02
     vertex  1.272922e+01  0.000000e+00  1.201748e+02
     vertex  1.275238e+01  8.000000e+00  1.201375e+02
   endloop
 endfacet
 facet normal  8.637299e-01  0.000000e+00  5.039550e-01
   outer loop
     vertex  1.270710e+01  8.000000e+00  1.202127e+02
     vertex  1.272922e+01  0.000000e+00  1.201748e+02
     vertex  1.272922e+01  8.000000e+00  1.201748e+02
   endloop
 endfacet
 facet normal  8.637299e-01  0.000000e+00  5.039550e-01
   outer loop
     vertex  1.270710e+01  8.000000e+00  1.202127e+02
     vertex  1.270710e+01  0.000000e+00  1.202127e+02
     vertex  1.272922e+01  0.000000e+00  1.201748e+02
   endloop
 endfacet
 facet normal  8.772303e-01  0.000000e+00  4.800697e-01
   outer loop
     vertex  1.270710e+01  8.000000e+00  1.202127e+02
     vertex  1.268603e+01  0.000000e+00  1.202512e+02
     vertex  1.270710e+01  0.000000e+00  1.202127e+02
   endloop
 endfacet
 facet normal  8.772303e-01  0.000000e+00  4.800697e-01
   outer loop
     vertex  1.268603e+01  8.000000e+00  1.202512e+02
     vertex  1.268603e+01  0.000000e+00  1.202512e+02
     vertex  1.270710e+01  8.000000e+00  1.202127e+02
   endloop
 endfacet
 facet normal  8.900704e-01  0.000000e+00  4.558231e-01
   outer loop
     vertex  1.266602e+01  8.000000e+00  1.202903e+02
     vertex  1.268603e+01  0.000000e+00  1.202512e+02
     vertex  1.268603e+01  8.000000e+00  1.202512e+02
   endloop
 endfacet
 facet normal  8.900704e-01  0.000000e+00  4.558231e-01
   outer loop
     vertex  1.266602e+01  8.000000e+00  1.202903e+02
     vertex  1.266602e+01  0.000000e+00  1.202903e+02
     vertex  1.268603e+01  0.000000e+00  1.202512e+02
   endloop
 endfacet
 facet normal  9.022405e-01  0.000000e+00  4.312333e-01
   outer loop
     vertex  1.264709e+01  8.000000e+00  1.203299e+02
     vertex  1.266602e+01  0.000000e+00  1.202903e+02
     vertex  1.266602e+01  8.000000e+00  1.202903e+02
   endloop
 endfacet
 facet normal  9.022405e-01  0.000000e+00  4.312333e-01
   outer loop
     vertex  1.264709e+01  8.000000e+00  1.203299e+02
     vertex  1.264709e+01  0.000000e+00  1.203299e+02
     vertex  1.266602e+01  0.000000e+00  1.202903e+02
   endloop
 endfacet
 facet normal  9.137314e-01  0.000000e+00  4.063188e-01
   outer loop
     vertex  1.264709e+01  8.000000e+00  1.203299e+02
     vertex  1.262925e+01  0.000000e+00  1.203700e+02
     vertex  1.264709e+01  0.000000e+00  1.203299e+02
   endloop
 endfacet
 facet normal  9.137314e-01  0.000000e+00  4.063188e-01
   outer loop
     vertex  1.262925e+01  8.000000e+00  1.203700e+02
     vertex  1.262925e+01  0.000000e+00  1.203700e+02
     vertex  1.264709e+01  8.000000e+00  1.203299e+02
   endloop
 endfacet
 facet normal  9.245344e-01  0.000000e+00  3.810986e-01
   outer loop
     vertex  1.261252e+01  8.000000e+00  1.204106e+02
     vertex  1.261252e+01  0.000000e+00  1.204106e+02
     vertex  1.262925e+01  0.000000e+00  1.203700e+02
   endloop
 endfacet
 facet normal  9.245344e-01  0.000000e+00  3.810986e-01
   outer loop
     vertex  1.261252e+01  8.000000e+00  1.204106e+02
     vertex  1.262925e+01  0.000000e+00  1.203700e+02
     vertex  1.262925e+01  8.000000e+00  1.203700e+02
   endloop
 endfacet
 facet normal  9.346415e-01  0.000000e+00  3.555914e-01
   outer loop
     vertex  1.259691e+01  8.000000e+00  1.204516e+02
     vertex  1.259691e+01  0.000000e+00  1.204516e+02
     vertex  1.261252e+01  0.000000e+00  1.204106e+02
   endloop
 endfacet
 facet normal  9.346415e-01  0.000000e+00  3.555914e-01
   outer loop
     vertex  1.259691e+01  8.000000e+00  1.204516e+02
     vertex  1.261252e+01  0.000000e+00  1.204106e+02
     vertex  1.261252e+01  8.000000e+00  1.204106e+02
   endloop
 endfacet
 facet normal  9.440450e-01  0.000000e+00  3.298166e-01
   outer loop
     vertex  1.258243e+01  8.000000e+00  1.204931e+02
     vertex  1.258243e+01  0.000000e+00  1.204931e+02
     vertex  1.259691e+01  0.000000e+00  1.204516e+02
   endloop
 endfacet
 facet normal  9.440450e-01  0.000000e+00  3.298166e-01
   outer loop
     vertex  1.258243e+01  8.000000e+00  1.204931e+02
     vertex  1.259691e+01  0.000000e+00  1.204516e+02
     vertex  1.259691e+01  8.000000e+00  1.204516e+02
   endloop
 endfacet
 facet normal  9.527379e-01  0.000000e+00  3.037934e-01
   outer loop
     vertex  1.256909e+01  8.000000e+00  1.205349e+02
     vertex  1.256909e+01  0.000000e+00  1.205349e+02
     vertex  1.258243e+01  0.000000e+00  1.204931e+02
   endloop
 endfacet
 facet normal  9.607136e-01  0.000000e+00  2.775416e-01
   outer loop
     vertex  1.256909e+01  8.000000e+00  1.205349e+02
     vertex  1.255691e+01  0.000000e+00  1.205771e+02
     vertex  1.256909e+01  0.000000e+00  1.205349e+02
   endloop
 endfacet
 facet normal  9.527379e-01  0.000000e+00  3.037934e-01
   outer loop
     vertex  1.256909e+01  8.000000e+00  1.205349e+02
     vertex  1.258243e+01  0.000000e+00  1.204931e+02
     vertex  1.258243e+01  8.000000e+00  1.204931e+02
   endloop
 endfacet
 facet normal  9.607136e-01  0.000000e+00  2.775416e-01
   outer loop
     vertex  1.255691e+01  8.000000e+00  1.205771e+02
     vertex  1.255691e+01  0.000000e+00  1.205771e+02
     vertex  1.256909e+01  8.000000e+00  1.205349e+02
   endloop
 endfacet
 facet normal  9.679661e-01  0.000000e+00  2.510809e-01
   outer loop
     vertex  1.254589e+01  8.000000e+00  1.206196e+02
     vertex  1.255691e+01  0.000000e+00  1.205771e+02
     vertex  1.255691e+01  8.000000e+00  1.205771e+02
   endloop
 endfacet
 facet normal  9.679661e-01  0.000000e+00  2.510809e-01
   outer loop
     vertex  1.254589e+01  8.000000e+00  1.206196e+02
     vertex  1.254589e+01  0.000000e+00  1.206196e+02
     vertex  1.255691e+01  0.000000e+00  1.205771e+02
   endloop
 endfacet
 facet normal  9.744899e-01  0.000000e+00  2.244312e-01
   outer loop
     vertex  1.254589e+01  8.000000e+00  1.206196e+02
     vertex  1.253604e+01  0.000000e+00  1.206623e+02
     vertex  1.254589e+01  0.000000e+00  1.206196e+02
   endloop
 endfacet
 facet normal  9.744899e-01  0.000000e+00  2.244312e-01
   outer loop
     vertex  1.253604e+01  8.000000e+00  1.206623e+02
     vertex  1.253604e+01  0.000000e+00  1.206623e+02
     vertex  1.254589e+01  8.000000e+00  1.206196e+02
   endloop
 endfacet
 facet normal  9.802802e-01  0.000000e+00  1.976125e-01
   outer loop
     vertex  1.252736e+01  8.000000e+00  1.207054e+02
     vertex  1.253604e+01  0.000000e+00  1.206623e+02
     vertex  1.253604e+01  8.000000e+00  1.206623e+02
   endloop
 endfacet
 facet normal  9.802802e-01  0.000000e+00  1.976125e-01
   outer loop
     vertex  1.252736e+01  8.000000e+00  1.207054e+02
     vertex  1.252736e+01  0.000000e+00  1.207054e+02
     vertex  1.253604e+01  0.000000e+00  1.206623e+02
   endloop
 endfacet
 facet normal  9.853326e-01  0.000000e+00  1.706451e-01
   outer loop
     vertex  1.252736e+01  8.000000e+00  1.207054e+02
     vertex  1.251987e+01  0.000000e+00  1.207486e+02
     vertex  1.252736e+01  0.000000e+00  1.207054e+02
   endloop
 endfacet
 facet normal  9.853326e-01  0.000000e+00  1.706451e-01
   outer loop
     vertex  1.251987e+01  8.000000e+00  1.207486e+02
     vertex  1.251987e+01  0.000000e+00  1.207486e+02
     vertex  1.252736e+01  8.000000e+00  1.207054e+02
   endloop
 endfacet
 facet normal  9.896432e-01  0.000000e+00  1.435492e-01
   outer loop
     vertex  1.251357e+01  8.000000e+00  1.207921e+02
     vertex  1.251987e+01  0.000000e+00  1.207486e+02
     vertex  1.251987e+01  8.000000e+00  1.207486e+02
   endloop
 endfacet
 facet normal  9.896432e-01  0.000000e+00  1.435492e-01
   outer loop
     vertex  1.251357e+01  8.000000e+00  1.207921e+02
     vertex  1.251357e+01  0.000000e+00  1.207921e+02
     vertex  1.251987e+01  0.000000e+00  1.207486e+02
   endloop
 endfacet
 facet normal  9.932088e-01  0.000000e+00  1.163452e-01
   outer loop
     vertex  1.250846e+01  8.000000e+00  1.208357e+02
     vertex  1.251357e+01  0.000000e+00  1.207921e+02
     vertex  1.251357e+01  8.000000e+00  1.207921e+02
   endloop
 endfacet
 facet normal  9.932088e-01  0.000000e+00  1.163452e-01
   outer loop
     vertex  1.250846e+01  8.000000e+00  1.208357e+02
     vertex  1.250846e+01  0.000000e+00  1.208357e+02
     vertex  1.251357e+01  0.000000e+00  1.207921e+02
   endloop
 endfacet
 facet normal  9.960268e-01  0.000000e+00  8.905371e-02
   outer loop
     vertex  1.250455e+01  8.000000e+00  1.208794e+02
     vertex  1.250846e+01  0.000000e+00  1.208357e+02
     vertex  1.250846e+01  8.000000e+00  1.208357e+02
   endloop
 endfacet
 facet normal  9.960268e-01  0.000000e+00  8.905371e-02
   outer loop
     vertex  1.250455e+01  8.000000e+00  1.208794e+02
     vertex  1.250455e+01  0.000000e+00  1.208794e+02
     vertex  1.250846e+01  0.000000e+00  1.208357e+02
   endloop
 endfacet
 facet normal  9.980950e-01  0.000000e+00  6.169515e-02
   outer loop
     vertex  1.250184e+01  8.000000e+00  1.209232e+02
     vertex  1.250455e+01  0.000000e+00  1.208794e+02
     vertex  1.250455e+01  8.000000e+00  1.208794e+02
   endloop
 endfacet
 facet normal  9.980950e-01  0.000000e+00  6.169515e-02
   outer loop
     vertex  1.250184e+01  8.000000e+00  1.209232e+02
     vertex  1.250184e+01  0.000000e+00  1.209232e+02
     vertex  1.250455e+01  0.000000e+00  1.208794e+02
   endloop
 endfacet
 facet normal  9.994119e-01  0.000000e+00  3.429014e-02
   outer loop
     vertex  1.250034e+01  8.000000e+00  1.209671e+02
     vertex  1.250184e+01  0.000000e+00  1.209232e+02
     vertex  1.250184e+01  8.000000e+00  1.209232e+02
   endloop
 endfacet
 facet normal  9.994119e-01  0.000000e+00  3.429014e-02
   outer loop
     vertex  1.250034e+01  8.000000e+00  1.209671e+02
     vertex  1.250034e+01  0.000000e+00  1.209671e+02
     vertex  1.250184e+01  0.000000e+00  1.209232e+02
   endloop
 endfacet
 facet normal  9.999765e-01  0.000000e+00  6.859319e-03
   outer loop
     vertex  1.250034e+01  8.000000e+00  1.209671e+02
     vertex  1.250004e+01  0.000000e+00  1.210110e+02
     vertex  1.250034e+01  0.000000e+00  1.209671e+02
   endloop
 endfacet
 facet normal  9.999765e-01  0.000000e+00  6.859319e-03
   outer loop
     vertex  1.250004e+01  8.000000e+00  1.210110e+02
     vertex  1.250004e+01  0.000000e+00  1.210110e+02
     vertex  1.250034e+01  8.000000e+00  1.209671e+02
   endloop
 endfacet
 facet normal  9.997883e-01  0.000000e+00 -2.057667e-02
   outer loop
     vertex  1.250094e+01  8.000000e+00  1.210549e+02
     vertex  1.250004e+01  0.000000e+00  1.210110e+02
     vertex  1.250004e+01  8.000000e+00  1.210110e+02
   endloop
 endfacet
 facet normal  9.997883e-01  0.000000e+00 -2.057667e-02
   outer loop
     vertex  1.250094e+01  8.000000e+00  1.210549e+02
     vertex  1.250094e+01  0.000000e+00  1.210549e+02
     vertex  1.250004e+01  0.000000e+00  1.210110e+02
   endloop
 endfacet
 facet normal  9.988475e-01  0.000000e+00 -4.799716e-02
   outer loop
     vertex  1.250305e+01  8.000000e+00  1.210987e+02
     vertex  1.250305e+01  0.000000e+00  1.210987e+02
     vertex  1.250094e+01  0.000000e+00  1.210549e+02
   endloop
 endfacet
 facet normal  9.971548e-01  0.000000e+00 -7.538152e-02
   outer loop
     vertex  1.250305e+01  8.000000e+00  1.210987e+02
     vertex  1.250636e+01  0.000000e+00  1.211425e+02
     vertex  1.250305e+01  0.000000e+00  1.210987e+02
   endloop
 endfacet
 facet normal  9.988475e-01  0.000000e+00 -4.799716e-02
   outer loop
     vertex  1.250305e+01  8.000000e+00  1.210987e+02
     vertex  1.250094e+01  0.000000e+00  1.210549e+02
     vertex  1.250094e+01  8.000000e+00  1.210549e+02
   endloop
 endfacet
 facet normal  9.971548e-01  0.000000e+00 -7.538152e-02
   outer loop
     vertex  1.250636e+01  8.000000e+00  1.211425e+02
     vertex  1.250636e+01  0.000000e+00  1.211425e+02
     vertex  1.250305e+01  8.000000e+00  1.210987e+02
   endloop
 endfacet
 facet normal  9.947114e-01  0.000000e+00 -1.027091e-01
   outer loop
     vertex  1.251087e+01  8.000000e+00  1.211862e+02
     vertex  1.251087e+01  0.000000e+00  1.211862e+02
     vertex  1.250636e+01  0.000000e+00  1.211425e+02
   endloop
 endfacet
 facet normal  9.947114e-01  0.000000e+00 -1.027091e-01
   outer loop
     vertex  1.251087e+01  8.000000e+00  1.211862e+02
     vertex  1.250636e+01  0.000000e+00  1.211425e+02
     vertex  1.250636e+01  8.000000e+00  1.211425e+02
   endloop
 endfacet
 facet normal  9.915193e-01  0.000000e+00 -1.299594e-01
   outer loop
     vertex  1.251657e+01  8.000000e+00  1.212297e+02
     vertex  1.251657e+01  0.000000e+00  1.212297e+02
     vertex  1.251087e+01  0.000000e+00  1.211862e+02
   endloop
 endfacet
 facet normal  9.915193e-01  0.000000e+00 -1.299594e-01
   outer loop
     vertex  1.251657e+01  8.000000e+00  1.212297e+02
     vertex  1.251087e+01  0.000000e+00  1.211862e+02
     vertex  1.251087e+01  8.000000e+00  1.211862e+02
   endloop
 endfacet
 facet normal  9.875808e-01  0.000000e+00 -1.571119e-01
   outer loop
     vertex  1.252347e+01  8.000000e+00  1.212730e+02
     vertex  1.252347e+01  0.000000e+00  1.212730e+02
     vertex  1.251657e+01  0.000000e+00  1.212297e+02
   endloop
 endfacet
 facet normal  9.828989e-01  0.000000e+00 -1.841461e-01
   outer loop
     vertex  1.252347e+01  8.000000e+00  1.212730e+02
     vertex  1.253155e+01  0.000000e+00  1.213162e+02
     vertex  1.252347e+01  0.000000e+00  1.212730e+02
   endloop
 endfacet
 facet normal  9.875808e-01  0.000000e+00 -1.571119e-01
   outer loop
     vertex  1.252347e+01  8.000000e+00  1.212730e+02
     vertex  1.251657e+01  0.000000e+00  1.212297e+02
     vertex  1.251657e+01  8.000000e+00  1.212297e+02
   endloop
 endfacet
 facet normal  9.828989e-01  0.000000e+00 -1.841461e-01
   outer loop
     vertex  1.253155e+01  8.000000e+00  1.213162e+02
     vertex  1.253155e+01  0.000000e+00  1.213162e+02
     vertex  1.252347e+01  8.000000e+00  1.212730e+02
   endloop
 endfacet
 facet normal  9.774771e-01  0.000000e+00 -2.110417e-01
   outer loop
     vertex  1.254082e+01  8.000000e+00  1.213591e+02
     vertex  1.254082e+01  0.000000e+00  1.213591e+02
     vertex  1.253155e+01  0.000000e+00  1.213162e+02
   endloop
 endfacet
 facet normal  9.774771e-01  0.000000e+00 -2.110417e-01
   outer loop
     vertex  1.254082e+01  8.000000e+00  1.213591e+02
     vertex  1.253155e+01  0.000000e+00  1.213162e+02
     vertex  1.253155e+01  8.000000e+00  1.213162e+02
   endloop
 endfacet
 facet normal  9.713194e-01  0.000000e+00 -2.377784e-01
   outer loop
     vertex  1.255125e+01  8.000000e+00  1.214017e+02
     vertex  1.255125e+01  0.000000e+00  1.214017e+02
     vertex  1.254082e+01  0.000000e+00  1.213591e+02
   endloop
 endfacet
 facet normal  9.713194e-01  0.000000e+00 -2.377784e-01
   outer loop
     vertex  1.255125e+01  8.000000e+00  1.214017e+02
     vertex  1.254082e+01  0.000000e+00  1.213591e+02
     vertex  1.254082e+01  8.000000e+00  1.213591e+02
   endloop
 endfacet
 facet normal  9.644306e-01  0.000000e+00 -2.643362e-01
   outer loop
     vertex  1.256286e+01  8.000000e+00  1.214441e+02
     vertex  1.256286e+01  0.000000e+00  1.214441e+02
     vertex  1.255125e+01  0.000000e+00  1.214017e+02
   endloop
 endfacet
 facet normal  9.644306e-01  0.000000e+00 -2.643362e-01
   outer loop
     vertex  1.256286e+01  8.000000e+00  1.214441e+02
     vertex  1.255125e+01  0.000000e+00  1.214017e+02
     vertex  1.255125e+01  8.000000e+00  1.214017e+02
   endloop
 endfacet
 facet normal  9.568158e-01  0.000000e+00 -2.906949e-01
   outer loop
     vertex  1.257562e+01  8.000000e+00  1.214861e+02
     vertex  1.257562e+01  0.000000e+00  1.214861e+02
     vertex  1.256286e+01  0.000000e+00  1.214441e+02
   endloop
 endfacet
 facet normal  9.568158e-01  0.000000e+00 -2.906949e-01
   outer loop
     vertex  1.257562e+01  8.000000e+00  1.214861e+02
     vertex  1.256286e+01  0.000000e+00  1.214441e+02
     vertex  1.256286e+01  8.000000e+00  1.214441e+02
   endloop
 endfacet
 facet normal  9.484807e-01  0.000000e+00 -3.168348e-01
   outer loop
     vertex  1.258953e+01  8.000000e+00  1.215277e+02
     vertex  1.258953e+01  0.000000e+00  1.215277e+02
     vertex  1.257562e+01  0.000000e+00  1.214861e+02
   endloop
 endfacet
 facet normal  9.484807e-01  0.000000e+00 -3.168348e-01
   outer loop
     vertex  1.258953e+01  8.000000e+00  1.215277e+02
     vertex  1.257562e+01  0.000000e+00  1.214861e+02
     vertex  1.257562e+01  8.000000e+00  1.214861e+02
   endloop
 endfacet
 facet normal  9.394317e-01  0.000000e+00 -3.427362e-01
   outer loop
     vertex  1.260457e+01  8.000000e+00  1.215689e+02
     vertex  1.260457e+01  0.000000e+00  1.215689e+02
     vertex  1.258953e+01  0.000000e+00  1.215277e+02
   endloop
 endfacet
 facet normal  9.394317e-01  0.000000e+00 -3.427362e-01
   outer loop
     vertex  1.260457e+01  8.000000e+00  1.215689e+02
     vertex  1.258953e+01  0.000000e+00  1.215277e+02
     vertex  1.258953e+01  8.000000e+00  1.215277e+02
   endloop
 endfacet
 facet normal  9.296754e-01  0.000000e+00 -3.683796e-01
   outer loop
     vertex  1.262074e+01  8.000000e+00  1.216098e+02
     vertex  1.262074e+01  0.000000e+00  1.216098e+02
     vertex  1.260457e+01  0.000000e+00  1.215689e+02
   endloop
 endfacet
 facet normal  9.192194e-01  0.000000e+00 -3.937458e-01
   outer loop
     vertex  1.262074e+01  8.000000e+00  1.216098e+02
     vertex  1.263803e+01  0.000000e+00  1.216501e+02
     vertex  1.262074e+01  0.000000e+00  1.216098e+02
   endloop
 endfacet
 facet normal  9.296754e-01  0.000000e+00 -3.683796e-01
   outer loop
     vertex  1.262074e+01  8.000000e+00  1.216098e+02
     vertex  1.260457e+01  0.000000e+00  1.215689e+02
     vertex  1.260457e+01  8.000000e+00  1.215689e+02
   endloop
 endfacet
 facet normal  9.192194e-01  0.000000e+00 -3.937458e-01
   outer loop
     vertex  1.263803e+01  8.000000e+00  1.216501e+02
     vertex  1.263803e+01  0.000000e+00  1.216501e+02
     vertex  1.262074e+01  8.000000e+00  1.216098e+02
   endloop
 endfacet
 facet normal  9.080714e-01  0.000000e+00 -4.188155e-01
   outer loop
     vertex  1.265642e+01  8.000000e+00  1.216900e+02
     vertex  1.263803e+01  0.000000e+00  1.216501e+02
     vertex  1.263803e+01  8.000000e+00  1.216501e+02
   endloop
 endfacet
 facet normal  9.080714e-01  0.000000e+00 -4.188155e-01
   outer loop
     vertex  1.265642e+01  8.000000e+00  1.216900e+02
     vertex  1.265642e+01  0.000000e+00  1.216900e+02
     vertex  1.263803e+01  0.000000e+00  1.216501e+02
   endloop
 endfacet
 facet normal  8.962398e-01  0.000000e+00 -4.435699e-01
   outer loop
     vertex  1.267589e+01  8.000000e+00  1.217293e+02
     vertex  1.265642e+01  0.000000e+00  1.216900e+02
     vertex  1.265642e+01  8.000000e+00  1.216900e+02
   endloop
 endfacet
 facet normal  8.962398e-01  0.000000e+00 -4.435699e-01
   outer loop
     vertex  1.267589e+01  8.000000e+00  1.217293e+02
     vertex  1.267589e+01  0.000000e+00  1.217293e+02
     vertex  1.265642e+01  0.000000e+00  1.216900e+02
   endloop
 endfacet
 facet normal  8.837335e-01  0.000000e+00 -4.679904e-01
   outer loop
     vertex  1.269643e+01  8.000000e+00  1.217681e+02
     vertex  1.267589e+01  0.000000e+00  1.217293e+02
     vertex  1.267589e+01  8.000000e+00  1.217293e+02
   endloop
 endfacet
 facet normal  8.837335e-01  0.000000e+00 -4.679904e-01
   outer loop
     vertex  1.269643e+01  8.000000e+00  1.217681e+02
     vertex  1.269643e+01  0.000000e+00  1.217681e+02
     vertex  1.267589e+01  0.000000e+00  1.217293e+02
   endloop
 endfacet
 facet normal  8.705620e-01  0.000000e+00 -4.920587e-01
   outer loop
     vertex  1.271803e+01  8.000000e+00  1.218063e+02
     vertex  1.271803e+01  0.000000e+00  1.218063e+02
     vertex  1.269643e+01  0.000000e+00  1.217681e+02
   endloop
 endfacet
 facet normal  8.705620e-01  0.000000e+00 -4.920587e-01
   outer loop
     vertex  1.271803e+01  8.000000e+00  1.218063e+02
     vertex  1.269643e+01  0.000000e+00  1.217681e+02
     vertex  1.269643e+01  8.000000e+00  1.217681e+02
   endloop
 endfacet
 facet normal  8.567352e-01  0.000000e+00 -5.157565e-01
   outer loop
     vertex  1.274067e+01  8.000000e+00  1.218439e+02
     vertex  1.271803e+01  0.000000e+00  1.218063e+02
     vertex  1.271803e+01  8.000000e+00  1.218063e+02
   endloop
 endfacet
 facet normal  8.567352e-01  0.000000e+00 -5.157565e-01
   outer loop
     vertex  1.274067e+01  8.000000e+00  1.218439e+02
     vertex  1.274067e+01  0.000000e+00  1.218439e+02
     vertex  1.271803e+01  0.000000e+00  1.218063e+02
   endloop
 endfacet
 facet normal  8.422635e-01  0.000000e+00 -5.390661e-01
   outer loop
     vertex  1.276434e+01  8.000000e+00  1.218809e+02
     vertex  1.276434e+01  0.000000e+00  1.218809e+02
     vertex  1.274067e+01  0.000000e+00  1.218439e+02
   endloop
 endfacet
 facet normal  8.422635e-01  0.000000e+00 -5.390661e-01
   outer loop
     vertex  1.276434e+01  8.000000e+00  1.218809e+02
     vertex  1.274067e+01  0.000000e+00  1.218439e+02
     vertex  1.274067e+01  8.000000e+00  1.218439e+02
   endloop
 endfacet
 facet normal  8.271577e-01  0.000000e+00 -5.619699e-01
   outer loop
     vertex  1.278901e+01  8.000000e+00  1.219172e+02
     vertex  1.278901e+01  0.000000e+00  1.219172e+02
     vertex  1.276434e+01  0.000000e+00  1.218809e+02
   endloop
 endfacet
 facet normal  8.271577e-01  0.000000e+00 -5.619699e-01
   outer loop
     vertex  1.278901e+01  8.000000e+00  1.219172e+02
     vertex  1.276434e+01  0.000000e+00  1.218809e+02
     vertex  1.276434e+01  8.000000e+00  1.218809e+02
   endloop
 endfacet
 facet normal  8.114292e-01  0.000000e+00 -5.844507e-01
   outer loop
     vertex  1.281466e+01  8.000000e+00  1.219528e+02
     vertex  1.281466e+01  0.000000e+00  1.219528e+02
     vertex  1.278901e+01  0.000000e+00  1.219172e+02
   endloop
 endfacet
 facet normal  8.114292e-01  0.000000e+00 -5.844507e-01
   outer loop
     vertex  1.281466e+01  8.000000e+00  1.219528e+02
     vertex  1.278901e+01  0.000000e+00  1.219172e+02
     vertex  1.278901e+01  8.000000e+00  1.219172e+02
   endloop
 endfacet
 facet normal  7.950900e-01  0.000000e+00 -6.064915e-01
   outer loop
     vertex  1.284129e+01  8.000000e+00  1.219877e+02
     vertex  1.284129e+01  0.000000e+00  1.219877e+02
     vertex  1.281466e+01  0.000000e+00  1.219528e+02
   endloop
 endfacet
 facet normal  7.950900e-01  0.000000e+00 -6.064915e-01
   outer loop
     vertex  1.284129e+01  8.000000e+00  1.219877e+02
     vertex  1.281466e+01  0.000000e+00  1.219528e+02
     vertex  1.281466e+01  8.000000e+00  1.219528e+02
   endloop
 endfacet
 facet normal  7.781522e-01  0.000000e+00 -6.280757e-01
   outer loop
     vertex  1.286886e+01  8.000000e+00  1.220219e+02
     vertex  1.286886e+01  0.000000e+00  1.220219e+02
     vertex  1.284129e+01  0.000000e+00  1.219877e+02
   endloop
 endfacet
 facet normal  7.781522e-01  0.000000e+00 -6.280757e-01
   outer loop
     vertex  1.286886e+01  8.000000e+00  1.220219e+02
     vertex  1.284129e+01  0.000000e+00  1.219877e+02
     vertex  1.284129e+01  8.000000e+00  1.219877e+02
   endloop
 endfacet
 facet normal  7.606287e-01  0.000000e+00 -6.491872e-01
   outer loop
     vertex  1.289736e+01  8.000000e+00  1.220553e+02
     vertex  1.289736e+01  0.000000e+00  1.220553e+02
     vertex  1.286886e+01  0.000000e+00  1.220219e+02
   endloop
 endfacet
 facet normal  7.606287e-01  0.000000e+00 -6.491872e-01
   outer loop
     vertex  1.289736e+01  8.000000e+00  1.220553e+02
     vertex  1.286886e+01  0.000000e+00  1.220219e+02
     vertex  1.286886e+01  8.000000e+00  1.220219e+02
   endloop
 endfacet
 facet normal  7.425325e-01  0.000000e+00 -6.698100e-01
   outer loop
     vertex  1.292676e+01  8.000000e+00  1.220879e+02
     vertex  1.292676e+01  0.000000e+00  1.220879e+02
     vertex  1.289736e+01  0.000000e+00  1.220553e+02
   endloop
 endfacet
 facet normal  7.238775e-01  0.000000e+00 -6.899286e-01
   outer loop
     vertex  1.292676e+01  8.000000e+00  1.220879e+02
     vertex  1.295705e+01  0.000000e+00  1.221197e+02
     vertex  1.292676e+01  0.000000e+00  1.220879e+02
   endloop
 endfacet
 facet normal  7.425325e-01  0.000000e+00 -6.698100e-01
   outer loop
     vertex  1.292676e+01  8.000000e+00  1.220879e+02
     vertex  1.289736e+01  0.000000e+00  1.220553e+02
     vertex  1.289736e+01  8.000000e+00  1.220553e+02
   endloop
 endfacet
 facet normal  7.238775e-01  0.000000e+00 -6.899286e-01
   outer loop
     vertex  1.295705e+01  8.000000e+00  1.221197e+02
     vertex  1.295705e+01  0.000000e+00  1.221197e+02
     vertex  1.292676e+01  8.000000e+00  1.220879e+02
   endloop
 endfacet
 facet normal  7.046775e-01  0.000000e+00 -7.095278e-01
   outer loop
     vertex  1.298820e+01  8.000000e+00  1.221506e+02
     vertex  1.298820e+01  0.000000e+00  1.221506e+02
     vertex  1.295705e+01  0.000000e+00  1.221197e+02
   endloop
 endfacet
 facet normal  7.046775e-01  0.000000e+00 -7.095278e-01
   outer loop
     vertex  1.298820e+01  8.000000e+00  1.221506e+02
     vertex  1.295705e+01  0.000000e+00  1.221197e+02
     vertex  1.295705e+01  8.000000e+00  1.221197e+02
   endloop
 endfacet
 facet normal  6.849470e-01  0.000000e+00 -7.285929e-01
   outer loop
     vertex  1.302018e+01  8.000000e+00  1.221807e+02
     vertex  1.302018e+01  0.000000e+00  1.221807e+02
     vertex  1.298820e+01  0.000000e+00  1.221506e+02
   endloop
 endfacet
 facet normal  6.849470e-01  0.000000e+00 -7.285929e-01
   outer loop
     vertex  1.302018e+01  8.000000e+00  1.221807e+02
     vertex  1.298820e+01  0.000000e+00  1.221506e+02
     vertex  1.298820e+01  8.000000e+00  1.221506e+02
   endloop
 endfacet
 facet normal  6.647010e-01  0.000000e+00 -7.471095e-01
   outer loop
     vertex  1.305298e+01  8.000000e+00  1.222099e+02
     vertex  1.305298e+01  0.000000e+00  1.222099e+02
     vertex  1.302018e+01  0.000000e+00  1.221807e+02
   endloop
 endfacet
 facet normal  6.647010e-01  0.000000e+00 -7.471095e-01
   outer loop
     vertex  1.305298e+01  8.000000e+00  1.222099e+02
     vertex  1.302018e+01  0.000000e+00  1.221807e+02
     vertex  1.302018e+01  8.000000e+00  1.221807e+02
   endloop
 endfacet
 facet normal  6.439545e-01  0.000000e+00 -7.650637e-01
   outer loop
     vertex  1.308656e+01  8.000000e+00  1.222381e+02
     vertex  1.308656e+01  0.000000e+00  1.222381e+02
     vertex  1.305298e+01  0.000000e+00  1.222099e+02
   endloop
 endfacet
 facet normal  6.439545e-01  0.000000e+00 -7.650637e-01
   outer loop
     vertex  1.308656e+01  8.000000e+00  1.222381e+02
     vertex  1.305298e+01  0.000000e+00  1.222099e+02
     vertex  1.305298e+01  8.000000e+00  1.222099e+02
   endloop
 endfacet
 facet normal  6.227234e-01  0.000000e+00 -7.824421e-01
   outer loop
     vertex  1.312091e+01  8.000000e+00  1.222655e+02
     vertex  1.312091e+01  0.000000e+00  1.222655e+02
     vertex  1.308656e+01  0.000000e+00  1.222381e+02
   endloop
 endfacet
 facet normal  6.227234e-01  0.000000e+00 -7.824421e-01
   outer loop
     vertex  1.312091e+01  8.000000e+00  1.222655e+02
     vertex  1.308656e+01  0.000000e+00  1.222381e+02
     vertex  1.308656e+01  8.000000e+00  1.222381e+02
   endloop
 endfacet
 facet normal  6.010234e-01  0.000000e+00 -7.992314e-01
   outer loop
     vertex  1.315600e+01  8.000000e+00  1.222918e+02
     vertex  1.315600e+01  0.000000e+00  1.222918e+02
     vertex  1.312091e+01  0.000000e+00  1.222655e+02
   endloop
 endfacet
 facet normal  6.010234e-01  0.000000e+00 -7.992314e-01
   outer loop
     vertex  1.315600e+01  8.000000e+00  1.222918e+02
     vertex  1.312091e+01  0.000000e+00  1.222655e+02
     vertex  1.312091e+01  8.000000e+00  1.222655e+02
   endloop
 endfacet
 facet normal  5.788711e-01  0.000000e+00 -8.154191e-01
   outer loop
     vertex  1.319179e+01  8.000000e+00  1.223173e+02
     vertex  1.319179e+01  0.000000e+00  1.223173e+02
     vertex  1.315600e+01  0.000000e+00  1.222918e+02
   endloop
 endfacet
 facet normal  5.788711e-01  0.000000e+00 -8.154191e-01
   outer loop
     vertex  1.319179e+01  8.000000e+00  1.223173e+02
     vertex  1.315600e+01  0.000000e+00  1.222918e+02
     vertex  1.315600e+01  8.000000e+00  1.222918e+02
   endloop
 endfacet
 facet normal  5.562829e-01  0.000000e+00 -8.309929e-01
   outer loop
     vertex  1.322827e+01  8.000000e+00  1.223417e+02
     vertex  1.322827e+01  0.000000e+00  1.223417e+02
     vertex  1.319179e+01  0.000000e+00  1.223173e+02
   endloop
 endfacet
 facet normal  5.562829e-01  0.000000e+00 -8.309929e-01
   outer loop
     vertex  1.322827e+01  8.000000e+00  1.223417e+02
     vertex  1.319179e+01  0.000000e+00  1.223173e+02
     vertex  1.319179e+01  8.000000e+00  1.223173e+02
   endloop
 endfacet
 facet normal  5.332761e-01  0.000000e+00 -8.459413e-01
   outer loop
     vertex  1.326541e+01  8.000000e+00  1.223651e+02
     vertex  1.326541e+01  0.000000e+00  1.223651e+02
     vertex  1.322827e+01  0.000000e+00  1.223417e+02
   endloop
 endfacet
 facet normal  5.332761e-01  0.000000e+00 -8.459413e-01
   outer loop
     vertex  1.326541e+01  8.000000e+00  1.223651e+02
     vertex  1.322827e+01  0.000000e+00  1.223417e+02
     vertex  1.322827e+01  8.000000e+00  1.223417e+02
   endloop
 endfacet
 facet normal  5.098678e-01  0.000000e+00 -8.602528e-01
   outer loop
     vertex  1.330317e+01  8.000000e+00  1.223875e+02
     vertex  1.330317e+01  0.000000e+00  1.223875e+02
     vertex  1.326541e+01  0.000000e+00  1.223651e+02
   endloop
 endfacet
 facet normal  5.098678e-01  0.000000e+00 -8.602528e-01
   outer loop
     vertex  1.330317e+01  8.000000e+00  1.223875e+02
     vertex  1.326541e+01  0.000000e+00  1.223651e+02
     vertex  1.326541e+01  8.000000e+00  1.223651e+02
   endloop
 endfacet
 facet normal  4.860756e-01  0.000000e+00 -8.739167e-01
   outer loop
     vertex  1.334153e+01  8.000000e+00  1.224088e+02
     vertex  1.334153e+01  0.000000e+00  1.224088e+02
     vertex  1.330317e+01  0.000000e+00  1.223875e+02
   endloop
 endfacet
 facet normal  4.619176e-01  0.000000e+00 -8.869228e-01
   outer loop
     vertex  1.334153e+01  8.000000e+00  1.224088e+02
     vertex  1.338047e+01  0.000000e+00  1.224291e+02
     vertex  1.334153e+01  0.000000e+00  1.224088e+02
   endloop
 endfacet
 facet normal  4.860756e-01  0.000000e+00 -8.739167e-01
   outer loop
     vertex  1.334153e+01  8.000000e+00  1.224088e+02
     vertex  1.330317e+01  0.000000e+00  1.223875e+02
     vertex  1.330317e+01  8.000000e+00  1.223875e+02
   endloop
 endfacet
 facet normal  4.619176e-01  0.000000e+00 -8.869228e-01
   outer loop
     vertex  1.338047e+01  8.000000e+00  1.224291e+02
     vertex  1.338047e+01  0.000000e+00  1.224291e+02
     vertex  1.334153e+01  8.000000e+00  1.224088e+02
   endloop
 endfacet
 facet normal  4.374119e-01  0.000000e+00 -8.992613e-01
   outer loop
     vertex  1.338047e+01  8.000000e+00  1.224291e+02
     vertex  1.341995e+01  0.000000e+00  1.224483e+02
     vertex  1.338047e+01  0.000000e+00  1.224291e+02
   endloop
 endfacet
 facet normal  4.374119e-01  0.000000e+00 -8.992613e-01
   outer loop
     vertex  1.341995e+01  8.000000e+00  1.224483e+02
     vertex  1.341995e+01  0.000000e+00  1.224483e+02
     vertex  1.338047e+01  8.000000e+00  1.224291e+02
   endloop
 endfacet
 facet normal  4.125769e-01  0.000000e+00 -9.109228e-01
   outer loop
     vertex  1.345993e+01  8.000000e+00  1.224664e+02
     vertex  1.341995e+01  0.000000e+00  1.224483e+02
     vertex  1.341995e+01  8.000000e+00  1.224483e+02
   endloop
 endfacet
 facet normal  4.125769e-01  0.000000e+00 -9.109228e-01
   outer loop
     vertex  1.345993e+01  8.000000e+00  1.224664e+02
     vertex  1.345993e+01  0.000000e+00  1.224664e+02
     vertex  1.341995e+01  0.000000e+00  1.224483e+02
   endloop
 endfacet
 facet normal  3.874313e-01  0.000000e+00 -9.218986e-01
   outer loop
     vertex  1.350040e+01  8.000000e+00  1.224834e+02
     vertex  1.345993e+01  0.000000e+00  1.224664e+02
     vertex  1.345993e+01  8.000000e+00  1.224664e+02
   endloop
 endfacet
 facet normal  3.874313e-01  0.000000e+00 -9.218986e-01
   outer loop
     vertex  1.350040e+01  8.000000e+00  1.224834e+02
     vertex  1.350040e+01  0.000000e+00  1.224834e+02
     vertex  1.345993e+01  0.000000e+00  1.224664e+02
   endloop
 endfacet
 facet normal  3.619940e-01  0.000000e+00 -9.321804e-01
   outer loop
     vertex  1.354132e+01  8.000000e+00  1.224993e+02
     vertex  1.350040e+01  0.000000e+00  1.224834e+02
     vertex  1.350040e+01  8.000000e+00  1.224834e+02
   endloop
 endfacet
 facet normal  3.619940e-01  0.000000e+00 -9.321804e-01
   outer loop
     vertex  1.354132e+01  8.000000e+00  1.224993e+02
     vertex  1.354132e+01  0.000000e+00  1.224993e+02
     vertex  1.350040e+01  0.000000e+00  1.224834e+02
   endloop
 endfacet
 facet normal  3.362843e-01  0.000000e+00 -9.417605e-01
   outer loop
     vertex  1.358267e+01  8.000000e+00  1.225141e+02
     vertex  1.354132e+01  0.000000e+00  1.224993e+02
     vertex  1.354132e+01  8.000000e+00  1.224993e+02
   endloop
 endfacet
 facet normal  3.362843e-01  0.000000e+00 -9.417605e-01
   outer loop
     vertex  1.358267e+01  8.000000e+00  1.225141e+02
     vertex  1.358267e+01  0.000000e+00  1.225141e+02
     vertex  1.354132e+01  0.000000e+00  1.224993e+02
   endloop
 endfacet
 facet normal  3.103214e-01  0.000000e+00 -9.506317e-01
   outer loop
     vertex  1.362440e+01  8.000000e+00  1.225277e+02
     vertex  1.358267e+01  0.000000e+00  1.225141e+02
     vertex  1.358267e+01  8.000000e+00  1.225141e+02
   endloop
 endfacet
 facet normal  3.103214e-01  0.000000e+00 -9.506317e-01
   outer loop
     vertex  1.362440e+01  8.000000e+00  1.225277e+02
     vertex  1.362440e+01  0.000000e+00  1.225277e+02
     vertex  1.358267e+01  0.000000e+00  1.225141e+02
   endloop
 endfacet
 facet normal  2.841250e-01  0.000000e+00 -9.587873e-01
   outer loop
     vertex  1.366649e+01  8.000000e+00  1.225402e+02
     vertex  1.362440e+01  0.000000e+00  1.225277e+02
     vertex  1.362440e+01  8.000000e+00  1.225277e+02
   endloop
 endfacet
 facet normal  2.841250e-01  0.000000e+00 -9.587873e-01
   outer loop
     vertex  1.366649e+01  8.000000e+00  1.225402e+02
     vertex  1.366649e+01  0.000000e+00  1.225402e+02
     vertex  1.362440e+01  0.000000e+00  1.225277e+02
   endloop
 endfacet
 facet normal  2.577146e-01  0.000000e+00 -9.662211e-01
   outer loop
     vertex  1.370890e+01  8.000000e+00  1.225515e+02
     vertex  1.366649e+01  0.000000e+00  1.225402e+02
     vertex  1.366649e+01  8.000000e+00  1.225402e+02
   endloop
 endfacet
 facet normal  2.577146e-01  0.000000e+00 -9.662211e-01
   outer loop
     vertex  1.370890e+01  8.000000e+00  1.225515e+02
     vertex  1.370890e+01  0.000000e+00  1.225515e+02
     vertex  1.366649e+01  0.000000e+00  1.225402e+02
   endloop
 endfacet
 facet normal  2.311102e-01  0.000000e+00 -9.729276e-01
   outer loop
     vertex  1.375161e+01  8.000000e+00  1.225616e+02
     vertex  1.370890e+01  0.000000e+00  1.225515e+02
     vertex  1.370890e+01  8.000000e+00  1.225515e+02
   endloop
 endfacet
 facet normal  2.311102e-01  0.000000e+00 -9.729276e-01
   outer loop
     vertex  1.375161e+01  8.000000e+00  1.225616e+02
     vertex  1.375161e+01  0.000000e+00  1.225616e+02
     vertex  1.370890e+01  0.000000e+00  1.225515e+02
   endloop
 endfacet
 facet normal  2.043319e-01  0.000000e+00 -9.789017e-01
   outer loop
     vertex  1.379459e+01  8.000000e+00  1.225706e+02
     vertex  1.375161e+01  0.000000e+00  1.225616e+02
     vertex  1.375161e+01  8.000000e+00  1.225616e+02
   endloop
 endfacet
 facet normal  2.043319e-01  0.000000e+00 -9.789017e-01
   outer loop
     vertex  1.379459e+01  8.000000e+00  1.225706e+02
     vertex  1.379459e+01  0.000000e+00  1.225706e+02
     vertex  1.375161e+01  0.000000e+00  1.225616e+02
   endloop
 endfacet
 facet normal  1.773998e-01  0.000000e+00 -9.841389e-01
   outer loop
     vertex  1.383779e+01  8.000000e+00  1.225784e+02
     vertex  1.379459e+01  0.000000e+00  1.225706e+02
     vertex  1.379459e+01  8.000000e+00  1.225706e+02
   endloop
 endfacet
 facet normal  1.773998e-01  0.000000e+00 -9.841389e-01
   outer loop
     vertex  1.383779e+01  8.000000e+00  1.225784e+02
     vertex  1.383779e+01  0.000000e+00  1.225784e+02
     vertex  1.379459e+01  0.000000e+00  1.225706e+02
   endloop
 endfacet
 facet normal  1.503341e-01  0.000000e+00 -9.886353e-01
   outer loop
     vertex  1.383779e+01  8.000000e+00  1.225784e+02
     vertex  1.388119e+01  0.000000e+00  1.225850e+02
     vertex  1.383779e+01  0.000000e+00  1.225784e+02
   endloop
 endfacet
 facet normal  1.503341e-01  0.000000e+00 -9.886353e-01
   outer loop
     vertex  1.388119e+01  8.000000e+00  1.225850e+02
     vertex  1.388119e+01  0.000000e+00  1.225850e+02
     vertex  1.383779e+01  8.000000e+00  1.225784e+02
   endloop
 endfacet
 facet normal  1.231552e-01  0.000000e+00 -9.923874e-01
   outer loop
     vertex  1.392475e+01  8.000000e+00  1.225904e+02
     vertex  1.392475e+01  0.000000e+00  1.225904e+02
     vertex  1.388119e+01  0.000000e+00  1.225850e+02
   endloop
 endfacet
 facet normal  1.231552e-01  0.000000e+00 -9.923874e-01
   outer loop
     vertex  1.392475e+01  8.000000e+00  1.225904e+02
     vertex  1.388119e+01  0.000000e+00  1.225850e+02
     vertex  1.388119e+01  8.000000e+00  1.225850e+02
   endloop
 endfacet
 facet normal  9.588368e-02  0.000000e+00 -9.953925e-01
   outer loop
     vertex  1.396845e+01  8.000000e+00  1.225946e+02
     vertex  1.396845e+01  0.000000e+00  1.225946e+02
     vertex  1.392475e+01  0.000000e+00  1.225904e+02
   endloop
 endfacet
 facet normal  9.588368e-02  0.000000e+00 -9.953925e-01
   outer loop
     vertex  1.396845e+01  8.000000e+00  1.225946e+02
     vertex  1.392475e+01  0.000000e+00  1.225904e+02
     vertex  1.392475e+01  8.000000e+00  1.225904e+02
   endloop
 endfacet
 facet normal  6.853995e-02  0.000000e+00 -9.976484e-01
   outer loop
     vertex  1.401224e+01  8.000000e+00  1.225976e+02
     vertex  1.401224e+01  0.000000e+00  1.225976e+02
     vertex  1.396845e+01  0.000000e+00  1.225946e+02
   endloop
 endfacet
 facet normal  6.853995e-02  0.000000e+00 -9.976484e-01
   outer loop
     vertex  1.401224e+01  8.000000e+00  1.225976e+02
     vertex  1.396845e+01  0.000000e+00  1.225946e+02
     vertex  1.396845e+01  8.000000e+00  1.225946e+02
   endloop
 endfacet
 facet normal  4.114462e-02  0.000000e+00 -9.991532e-01
   outer loop
     vertex  1.405611e+01  8.000000e+00  1.225994e+02
     vertex  1.405611e+01  0.000000e+00  1.225994e+02
     vertex  1.401224e+01  0.000000e+00  1.225976e+02
   endloop
 endfacet
 facet normal  4.114462e-02  0.000000e+00 -9.991532e-01
   outer loop
     vertex  1.405611e+01  8.000000e+00  1.225994e+02
     vertex  1.401224e+01  0.000000e+00  1.225976e+02
     vertex  1.401224e+01  8.000000e+00  1.225976e+02
   endloop
 endfacet
 facet normal  1.371831e-02  0.000000e+00 -9.999059e-01
   outer loop
     vertex  1.410000e+01  8.000000e+00  1.226000e+02
     vertex  1.410000e+01  0.000000e+00  1.226000e+02
     vertex  1.405611e+01  0.000000e+00  1.225994e+02
   endloop
 endfacet
 facet normal  1.371831e-02  0.000000e+00 -9.999059e-01
   outer loop
     vertex  1.410000e+01  8.000000e+00  1.226000e+02
     vertex  1.405611e+01  0.000000e+00  1.225994e+02
     vertex  1.405611e+01  8.000000e+00  1.225994e+02
   endloop
 endfacet
 facet normal -1.371831e-02  0.000000e+00 -9.999059e-01
   outer loop
     vertex  1.418230e+01  8.000000e+00  1.389989e+02
     vertex  1.410000e+01  0.000000e+00  1.390000e+02
     vertex  1.410000e+01  8.000000e+00  1.390000e+02
   endloop
 endfacet
 facet normal -1.371831e-02 -0.000000e+00 -9.999059e-01
   outer loop
     vertex  1.418230e+01  8.000000e+00  1.389989e+02
     vertex  1.418230e+01  0.000000e+00  1.389989e+02
     vertex  1.410000e+01  0.000000e+00  1.390000e+02
   endloop
 endfacet
 facet normal -4.114462e-02 -0.000000e+00 -9.991532e-01
   outer loop
     vertex  1.426454e+01  8.000000e+00  1.389955e+02
     vertex  1.426454e+01  0.000000e+00  1.389955e+02
     vertex  1.418230e+01  0.000000e+00  1.389989e+02
   endloop
 endfacet
 facet normal -4.114462e-02  0.000000e+00 -9.991532e-01
   outer loop
     vertex  1.426454e+01  8.000000e+00  1.389955e+02
     vertex  1.418230e+01  0.000000e+00  1.389989e+02
     vertex  1.418230e+01  8.000000e+00  1.389989e+02
   endloop
 endfacet
 facet normal -6.853995e-02 -0.000000e+00 -9.976484e-01
   outer loop
     vertex  1.434666e+01  8.000000e+00  1.389898e+02
     vertex  1.434666e+01  0.000000e+00  1.389898e+02
     vertex  1.426454e+01  0.000000e+00  1.389955e+02
   endloop
 endfacet
 facet normal -6.853995e-02  0.000000e+00 -9.976484e-01
   outer loop
     vertex  1.434666e+01  8.000000e+00  1.389898e+02
     vertex  1.426454e+01  0.000000e+00  1.389955e+02
     vertex  1.426454e+01  8.000000e+00  1.389955e+02
   endloop
 endfacet
 facet normal -9.588368e-02 -0.000000e+00 -9.953925e-01
   outer loop
     vertex  1.442859e+01  8.000000e+00  1.389820e+02
     vertex  1.442859e+01  0.000000e+00  1.389820e+02
     vertex  1.434666e+01  0.000000e+00  1.389898e+02
   endloop
 endfacet
 facet normal -9.588368e-02  0.000000e+00 -9.953925e-01
   outer loop
     vertex  1.442859e+01  8.000000e+00  1.389820e+02
     vertex  1.434666e+01  0.000000e+00  1.389898e+02
     vertex  1.434666e+01  8.000000e+00  1.389898e+02
   endloop
 endfacet
 facet normal -1.231552e-01 -0.000000e+00 -9.923874e-01
   outer loop
     vertex  1.451027e+01  8.000000e+00  1.389718e+02
     vertex  1.451027e+01  0.000000e+00  1.389718e+02
     vertex  1.442859e+01  0.000000e+00  1.389820e+02
   endloop
 endfacet
 facet normal -1.231552e-01  0.000000e+00 -9.923874e-01
   outer loop
     vertex  1.451027e+01  8.000000e+00  1.389718e+02
     vertex  1.442859e+01  0.000000e+00  1.389820e+02
     vertex  1.442859e+01  8.000000e+00  1.389820e+02
   endloop
 endfacet
 facet normal -1.503341e-01 -0.000000e+00 -9.886353e-01
   outer loop
     vertex  1.459165e+01  8.000000e+00  1.389594e+02
     vertex  1.459165e+01  0.000000e+00  1.389594e+02
     vertex  1.451027e+01  0.000000e+00  1.389718e+02
   endloop
 endfacet
 facet normal -1.503341e-01  0.000000e+00 -9.886353e-01
   outer loop
     vertex  1.459165e+01  8.000000e+00  1.389594e+02
     vertex  1.451027e+01  0.000000e+00  1.389718e+02
     vertex  1.451027e+01  8.000000e+00  1.389718e+02
   endloop
 endfacet
 facet normal -1.773998e-01 -0.000000e+00 -9.841389e-01
   outer loop
     vertex  1.467265e+01  8.000000e+00  1.389448e+02
     vertex  1.467265e+01  0.000000e+00  1.389448e+02
     vertex  1.459165e+01  0.000000e+00  1.389594e+02
   endloop
 endfacet
 facet normal -1.773998e-01  0.000000e+00 -9.841389e-01
   outer loop
     vertex  1.467265e+01  8.000000e+00  1.389448e+02
     vertex  1.459165e+01  0.000000e+00  1.389594e+02
     vertex  1.459165e+01  8.000000e+00  1.389594e+02
   endloop
 endfacet
 facet normal -2.043319e-01 -0.000000e+00 -9.789017e-01
   outer loop
     vertex  1.475322e+01  8.000000e+00  1.389280e+02
     vertex  1.475322e+01  0.000000e+00  1.389280e+02
     vertex  1.467265e+01  0.000000e+00  1.389448e+02
   endloop
 endfacet
 facet normal -2.043319e-01  0.000000e+00 -9.789017e-01
   outer loop
     vertex  1.475322e+01  8.000000e+00  1.389280e+02
     vertex  1.467265e+01  0.000000e+00  1.389448e+02
     vertex  1.467265e+01  8.000000e+00  1.389448e+02
   endloop
 endfacet
 facet normal -2.311102e-01 -0.000000e+00 -9.729276e-01
   outer loop
     vertex  1.483331e+01  8.000000e+00  1.389090e+02
     vertex  1.483331e+01  0.000000e+00  1.389090e+02
     vertex  1.475322e+01  0.000000e+00  1.389280e+02
   endloop
 endfacet
 facet normal -2.311102e-01  0.000000e+00 -9.729276e-01
   outer loop
     vertex  1.483331e+01  8.000000e+00  1.389090e+02
     vertex  1.475322e+01  0.000000e+00  1.389280e+02
     vertex  1.475322e+01  8.000000e+00  1.389280e+02
   endloop
 endfacet
 facet normal -2.577146e-01  0.000000e+00 -9.662211e-01
   outer loop
     vertex  1.491284e+01  8.000000e+00  1.388878e+02
     vertex  1.483331e+01  0.000000e+00  1.389090e+02
     vertex  1.483331e+01  8.000000e+00  1.389090e+02
   endloop
 endfacet
 facet normal -2.577146e-01 -0.000000e+00 -9.662211e-01
   outer loop
     vertex  1.491284e+01  8.000000e+00  1.388878e+02
     vertex  1.491284e+01  0.000000e+00  1.388878e+02
     vertex  1.483331e+01  0.000000e+00  1.389090e+02
   endloop
 endfacet
 facet normal -2.841250e-01  0.000000e+00 -9.587873e-01
   outer loop
     vertex  1.499175e+01  8.000000e+00  1.388644e+02
     vertex  1.491284e+01  0.000000e+00  1.388878e+02
     vertex  1.491284e+01  8.000000e+00  1.388878e+02
   endloop
 endfacet
 facet normal -2.841250e-01 -0.000000e+00 -9.587873e-01
   outer loop
     vertex  1.499175e+01  8.000000e+00  1.388644e+02
     vertex  1.499175e+01  0.000000e+00  1.388644e+02
     vertex  1.491284e+01  0.000000e+00  1.388878e+02
   endloop
 endfacet
 facet normal -3.103214e-01  0.000000e+00 -9.506317e-01
   outer loop
     vertex  1.507000e+01  8.000000e+00  1.388389e+02
     vertex  1.499175e+01  0.000000e+00  1.388644e+02
     vertex  1.499175e+01  8.000000e+00  1.388644e+02
   endloop
 endfacet
 facet normal -3.103214e-01 -0.000000e+00 -9.506317e-01
   outer loop
     vertex  1.507000e+01  8.000000e+00  1.388389e+02
     vertex  1.507000e+01  0.000000e+00  1.388389e+02
     vertex  1.499175e+01  0.000000e+00  1.388644e+02
   endloop
 endfacet
 facet normal -3.362843e-01 -0.000000e+00 -9.417605e-01
   outer loop
     vertex  1.507000e+01  8.000000e+00  1.388389e+02
     vertex  1.514752e+01  0.000000e+00  1.388112e+02
     vertex  1.507000e+01  0.000000e+00  1.388389e+02
   endloop
 endfacet
 facet normal -3.362843e-01 -0.000000e+00 -9.417605e-01
   outer loop
     vertex  1.514752e+01  8.000000e+00  1.388112e+02
     vertex  1.514752e+01  0.000000e+00  1.388112e+02
     vertex  1.507000e+01  8.000000e+00  1.388389e+02
   endloop
 endfacet
 facet normal -3.619940e-01  0.000000e+00 -9.321804e-01
   outer loop
     vertex  1.522424e+01  8.000000e+00  1.387814e+02
     vertex  1.514752e+01  0.000000e+00  1.388112e+02
     vertex  1.514752e+01  8.000000e+00  1.388112e+02
   endloop
 endfacet
 facet normal -3.619940e-01 -0.000000e+00 -9.321804e-01
   outer loop
     vertex  1.522424e+01  8.000000e+00  1.387814e+02
     vertex  1.522424e+01  0.000000e+00  1.387814e+02
     vertex  1.514752e+01  0.000000e+00  1.388112e+02
   endloop
 endfacet
 facet normal -3.874313e-01 -0.000000e+00 -9.218986e-01
   outer loop
     vertex  1.522424e+01  8.000000e+00  1.387814e+02
     vertex  1.530013e+01  0.000000e+00  1.387495e+02
     vertex  1.522424e+01  0.000000e+00  1.387814e+02
   endloop
 endfacet
 facet normal -3.874313e-01 -0.000000e+00 -9.218986e-01
   outer loop
     vertex  1.530013e+01  8.000000e+00  1.387495e+02
     vertex  1.530013e+01  0.000000e+00  1.387495e+02
     vertex  1.522424e+01  8.000000e+00  1.387814e+02
   endloop
 endfacet
 facet normal -4.125769e-01  0.000000e+00 -9.109228e-01
   outer loop
     vertex  1.537510e+01  8.000000e+00  1.387155e+02
     vertex  1.530013e+01  0.000000e+00  1.387495e+02
     vertex  1.530013e+01  8.000000e+00  1.387495e+02
   endloop
 endfacet
 facet normal -4.125769e-01 -0.000000e+00 -9.109228e-01
   outer loop
     vertex  1.537510e+01  8.000000e+00  1.387155e+02
     vertex  1.537510e+01  0.000000e+00  1.387155e+02
     vertex  1.530013e+01  0.000000e+00  1.387495e+02
   endloop
 endfacet
 facet normal -4.374119e-01  0.000000e+00 -8.992613e-01
   outer loop
     vertex  1.544912e+01  8.000000e+00  1.386795e+02
     vertex  1.537510e+01  0.000000e+00  1.387155e+02
     vertex  1.537510e+01  8.000000e+00  1.387155e+02
   endloop
 endfacet
 facet normal -4.374119e-01 -0.000000e+00 -8.992613e-01
   outer loop
     vertex  1.544912e+01  8.000000e+00  1.386795e+02
     vertex  1.544912e+01  0.000000e+00  1.386795e+02
     vertex  1.537510e+01  0.000000e+00  1.387155e+02
   endloop
 endfacet
 facet normal -4.619176e-01 -0.000000e+00 -8.869228e-01
   outer loop
     vertex  1.544912e+01  8.000000e+00  1.386795e+02
     vertex  1.552212e+01  0.000000e+00  1.386415e+02
     vertex  1.544912e+01  0.000000e+00  1.386795e+02
   endloop
 endfacet
 facet normal -4.619176e-01 -0.000000e+00 -8.869228e-01
   outer loop
     vertex  1.552212e+01  8.000000e+00  1.386415e+02
     vertex  1.552212e+01  0.000000e+00  1.386415e+02
     vertex  1.544912e+01  8.000000e+00  1.386795e+02
   endloop
 endfacet
 facet normal -4.860756e-01  0.000000e+00 -8.739167e-01
   outer loop
     vertex  1.559406e+01  8.000000e+00  1.386015e+02
     vertex  1.552212e+01  0.000000e+00  1.386415e+02
     vertex  1.552212e+01  8.000000e+00  1.386415e+02
   endloop
 endfacet
 facet normal -4.860756e-01 -0.000000e+00 -8.739167e-01
   outer loop
     vertex  1.559406e+01  8.000000e+00  1.386015e+02
     vertex  1.559406e+01  0.000000e+00  1.386015e+02
     vertex  1.552212e+01  0.000000e+00  1.386415e+02
   endloop
 endfacet
 facet normal -5.098678e-01  0.000000e+00 -8.602528e-01
   outer loop
     vertex  1.566486e+01  8.000000e+00  1.385595e+02
     vertex  1.559406e+01  0.000000e+00  1.386015e+02
     vertex  1.559406e+01  8.000000e+00  1.386015e+02
   endloop
 endfacet
 facet normal -5.098678e-01 -0.000000e+00 -8.602528e-01
   outer loop
     vertex  1.566486e+01  8.000000e+00  1.385595e+02
     vertex  1.566486e+01  0.000000e+00  1.385595e+02
     vertex  1.559406e+01  0.000000e+00  1.386015e+02
   endloop
 endfacet
 facet normal -5.332761e-01  0.000000e+00 -8.459413e-01
   outer loop
     vertex  1.573449e+01  8.000000e+00  1.385156e+02
     vertex  1.566486e+01  0.000000e+00  1.385595e+02
     vertex  1.566486e+01  8.000000e+00  1.385595e+02
   endloop
 endfacet
 facet normal -5.332761e-01 -0.000000e+00 -8.459413e-01
   outer loop
     vertex  1.573449e+01  8.000000e+00  1.385156e+02
     vertex  1.573449e+01  0.000000e+00  1.385156e+02
     vertex  1.566486e+01  0.000000e+00  1.385595e+02
   endloop
 endfacet
 facet normal -5.562829e-01 -0.000000e+00 -8.309929e-01
   outer loop
     vertex  1.580289e+01  8.000000e+00  1.384699e+02
     vertex  1.580289e+01  0.000000e+00  1.384699e+02
     vertex  1.573449e+01  0.000000e+00  1.385156e+02
   endloop
 endfacet
 facet normal -5.562829e-01  0.000000e+00 -8.309929e-01
   outer loop
     vertex  1.580289e+01  8.000000e+00  1.384699e+02
     vertex  1.573449e+01  0.000000e+00  1.385156e+02
     vertex  1.573449e+01  8.000000e+00  1.385156e+02
   endloop
 endfacet
 facet normal -5.788711e-01 -0.000000e+00 -8.154191e-01
   outer loop
     vertex  1.587001e+01  8.000000e+00  1.384222e+02
     vertex  1.587001e+01  0.000000e+00  1.384222e+02
     vertex  1.580289e+01  0.000000e+00  1.384699e+02
   endloop
 endfacet
 facet normal -5.788711e-01  0.000000e+00 -8.154191e-01
   outer loop
     vertex  1.587001e+01  8.000000e+00  1.384222e+02
     vertex  1.580289e+01  0.000000e+00  1.384699e+02
     vertex  1.580289e+01  8.000000e+00  1.384699e+02
   endloop
 endfacet
 facet normal -6.010234e-01 -0.000000e+00 -7.992314e-01
   outer loop
     vertex  1.593579e+01  8.000000e+00  1.383727e+02
     vertex  1.593579e+01  0.000000e+00  1.383727e+02
     vertex  1.587001e+01  0.000000e+00  1.384222e+02
   endloop
 endfacet
 facet normal -6.010234e-01  0.000000e+00 -7.992314e-01
   outer loop
     vertex  1.593579e+01  8.000000e+00  1.383727e+02
     vertex  1.587001e+01  0.000000e+00  1.384222e+02
     vertex  1.587001e+01  8.000000e+00  1.384222e+02
   endloop
 endfacet
 facet normal -6.227234e-01 -0.000000e+00 -7.824421e-01
   outer loop
     vertex  1.600020e+01  8.000000e+00  1.383215e+02
     vertex  1.600020e+01  0.000000e+00  1.383215e+02
     vertex  1.593579e+01  0.000000e+00  1.383727e+02
   endloop
 endfacet
 facet normal -6.227234e-01  0.000000e+00 -7.824421e-01
   outer loop
     vertex  1.600020e+01  8.000000e+00  1.383215e+02
     vertex  1.593579e+01  0.000000e+00  1.383727e+02
     vertex  1.593579e+01  8.000000e+00  1.383727e+02
   endloop
 endfacet
 facet normal -6.439545e-01 -0.000000e+00 -7.650637e-01
   outer loop
     vertex  1.606317e+01  8.000000e+00  1.382685e+02
     vertex  1.606317e+01  0.000000e+00  1.382685e+02
     vertex  1.600020e+01  0.000000e+00  1.383215e+02
   endloop
 endfacet
 facet normal -6.439545e-01  0.000000e+00 -7.650637e-01
   outer loop
     vertex  1.606317e+01  8.000000e+00  1.382685e+02
     vertex  1.600020e+01  0.000000e+00  1.383215e+02
     vertex  1.600020e+01  8.000000e+00  1.383215e+02
   endloop
 endfacet
 facet normal -6.647010e-01 -0.000000e+00 -7.471095e-01
   outer loop
     vertex  1.612466e+01  8.000000e+00  1.382138e+02
     vertex  1.612466e+01  0.000000e+00  1.382138e+02
     vertex  1.606317e+01  0.000000e+00  1.382685e+02
   endloop
 endfacet
 facet normal -6.647010e-01  0.000000e+00 -7.471095e-01
   outer loop
     vertex  1.612466e+01  8.000000e+00  1.382138e+02
     vertex  1.606317e+01  0.000000e+00  1.382685e+02
     vertex  1.606317e+01  8.000000e+00  1.382685e+02
   endloop
 endfacet
 facet normal -6.849470e-01 -0.000000e+00 -7.285929e-01
   outer loop
     vertex  1.618463e+01  8.000000e+00  1.381574e+02
     vertex  1.618463e+01  0.000000e+00  1.381574e+02
     vertex  1.612466e+01  0.000000e+00  1.382138e+02
   endloop
 endfacet
 facet normal -6.849470e-01  0.000000e+00 -7.285929e-01
   outer loop
     vertex  1.618463e+01  8.000000e+00  1.381574e+02
     vertex  1.612466e+01  0.000000e+00  1.382138e+02
     vertex  1.612466e+01  8.000000e+00  1.382138e+02
   endloop
 endfacet
 facet normal -7.046775e-01 -0.000000e+00 -7.095278e-01
   outer loop
     vertex  1.624303e+01  8.000000e+00  1.380994e+02
     vertex  1.624303e+01  0.000000e+00  1.380994e+02
     vertex  1.618463e+01  0.000000e+00  1.381574e+02
   endloop
 endfacet
 facet normal -7.046775e-01  0.000000e+00 -7.095278e-01
   outer loop
     vertex  1.624303e+01  8.000000e+00  1.380994e+02
     vertex  1.618463e+01  0.000000e+00  1.381574e+02
     vertex  1.618463e+01  8.000000e+00  1.381574e+02
   endloop
 endfacet
 facet normal -7.238775e-01 -0.000000e+00 -6.899286e-01
   outer loop
     vertex  1.629982e+01  8.000000e+00  1.380398e+02
     vertex  1.629982e+01  0.000000e+00  1.380398e+02
     vertex  1.624303e+01  0.000000e+00  1.380994e+02
   endloop
 endfacet
 facet normal -7.238775e-01  0.000000e+00 -6.899286e-01
   outer loop
     vertex  1.629982e+01  8.000000e+00  1.380398e+02
     vertex  1.624303e+01  0.000000e+00  1.380994e+02
     vertex  1.624303e+01  8.000000e+00  1.380994e+02
   endloop
 endfacet
 facet normal -7.425325e-01 -0.000000e+00 -6.698100e-01
   outer loop
     vertex  1.635495e+01  8.000000e+00  1.379787e+02
     vertex  1.635495e+01  0.000000e+00  1.379787e+02
     vertex  1.629982e+01  0.000000e+00  1.380398e+02
   endloop
 endfacet
 facet normal -7.425325e-01  0.000000e+00 -6.698100e-01
   outer loop
     vertex  1.635495e+01  8.000000e+00  1.379787e+02
     vertex  1.629982e+01  0.000000e+00  1.380398e+02
     vertex  1.629982e+01  8.000000e+00  1.380398e+02
   endloop
 endfacet
 facet normal -7.606287e-01 -0.000000e+00 -6.491872e-01
   outer loop
     vertex  1.640839e+01  8.000000e+00  1.379161e+02
     vertex  1.640839e+01  0.000000e+00  1.379161e+02
     vertex  1.635495e+01  0.000000e+00  1.379787e+02
   endloop
 endfacet
 facet normal -7.606287e-01  0.000000e+00 -6.491872e-01
   outer loop
     vertex  1.640839e+01  8.000000e+00  1.379161e+02
     vertex  1.635495e+01  0.000000e+00  1.379787e+02
     vertex  1.635495e+01  8.000000e+00  1.379787e+02
   endloop
 endfacet
 facet normal -7.781522e-01 -0.000000e+00 -6.280757e-01
   outer loop
     vertex  1.646009e+01  8.000000e+00  1.378520e+02
     vertex  1.646009e+01  0.000000e+00  1.378520e+02
     vertex  1.640839e+01  0.000000e+00  1.379161e+02
   endloop
 endfacet
 facet normal -7.950900e-01 -0.000000e+00 -6.064915e-01
   outer loop
     vertex  1.646009e+01  8.000000e+00  1.378520e+02
     vertex  1.651001e+01  0.000000e+00  1.377866e+02
     vertex  1.646009e+01  0.000000e+00  1.378520e+02
   endloop
 endfacet
 facet normal -7.781522e-01  0.000000e+00 -6.280757e-01
   outer loop
     vertex  1.646009e+01  8.000000e+00  1.378520e+02
     vertex  1.640839e+01  0.000000e+00  1.379161e+02
     vertex  1.640839e+01  8.000000e+00  1.379161e+02
   endloop
 endfacet
 facet normal -7.950900e-01 -0.000000e+00 -6.064915e-01
   outer loop
     vertex  1.651001e+01  8.000000e+00  1.377866e+02
     vertex  1.651001e+01  0.000000e+00  1.377866e+02
     vertex  1.646009e+01  8.000000e+00  1.378520e+02
   endloop
 endfacet
 facet normal -8.114292e-01  0.000000e+00 -5.844507e-01
   outer loop
     vertex  1.655811e+01  8.000000e+00  1.377198e+02
     vertex  1.651001e+01  0.000000e+00  1.377866e+02
     vertex  1.651001e+01  8.000000e+00  1.377866e+02
   endloop
 endfacet
 facet normal -8.114292e-01 -0.000000e+00 -5.844507e-01
   outer loop
     vertex  1.655811e+01  8.000000e+00  1.377198e+02
     vertex  1.655811e+01  0.000000e+00  1.377198e+02
     vertex  1.651001e+01  0.000000e+00  1.377866e+02
   endloop
 endfacet
 facet normal -8.271577e-01 -0.000000e+00 -5.619699e-01
   outer loop
     vertex  1.655811e+01  8.000000e+00  1.377198e+02
     vertex  1.660437e+01  0.000000e+00  1.376517e+02
     vertex  1.655811e+01  0.000000e+00  1.377198e+02
   endloop
 endfacet
 facet normal -8.271577e-01 -0.000000e+00 -5.619699e-01
   outer loop
     vertex  1.660437e+01  8.000000e+00  1.376517e+02
     vertex  1.660437e+01  0.000000e+00  1.376517e+02
     vertex  1.655811e+01  8.000000e+00  1.377198e+02
   endloop
 endfacet
 facet normal -8.422635e-01  0.000000e+00 -5.390661e-01
   outer loop
     vertex  1.664874e+01  8.000000e+00  1.375824e+02
     vertex  1.660437e+01  0.000000e+00  1.376517e+02
     vertex  1.660437e+01  8.000000e+00  1.376517e+02
   endloop
 endfacet
 facet normal -8.422635e-01 -0.000000e+00 -5.390661e-01
   outer loop
     vertex  1.664874e+01  8.000000e+00  1.375824e+02
     vertex  1.664874e+01  0.000000e+00  1.375824e+02
     vertex  1.660437e+01  0.000000e+00  1.376517e+02
   endloop
 endfacet
 facet normal -8.567352e-01  0.000000e+00 -5.157565e-01
   outer loop
     vertex  1.669119e+01  8.000000e+00  1.375119e+02
     vertex  1.664874e+01  0.000000e+00  1.375824e+02
     vertex  1.664874e+01  8.000000e+00  1.375824e+02
   endloop
 endfacet
 facet normal -8.567352e-01 -0.000000e+00 -5.157565e-01
   outer loop
     vertex  1.669119e+01  8.000000e+00  1.375119e+02
     vertex  1.669119e+01  0.000000e+00  1.375119e+02
     vertex  1.664874e+01  0.000000e+00  1.375824e+02
   endloop
 endfacet
 facet normal -8.705620e-01  0.000000e+00 -4.920587e-01
   outer loop
     vertex  1.673169e+01  8.000000e+00  1.374402e+02
     vertex  1.669119e+01  0.000000e+00  1.375119e+02
     vertex  1.669119e+01  8.000000e+00  1.375119e+02
   endloop
 endfacet
 facet normal -8.705620e-01 -0.000000e+00 -4.920587e-01
   outer loop
     vertex  1.673169e+01  8.000000e+00  1.374402e+02
     vertex  1.673169e+01  0.000000e+00  1.374402e+02
     vertex  1.669119e+01  0.000000e+00  1.375119e+02
   endloop
 endfacet
 facet normal -8.837335e-01 -0.000000e+00 -4.679904e-01
   outer loop
     vertex  1.673169e+01  8.000000e+00  1.374402e+02
     vertex  1.677021e+01  0.000000e+00  1.373675e+02
     vertex  1.673169e+01  0.000000e+00  1.374402e+02
   endloop
 endfacet
 facet normal -8.837335e-01 -0.000000e+00 -4.679904e-01
   outer loop
     vertex  1.677021e+01  8.000000e+00  1.373675e+02
     vertex  1.677021e+01  0.000000e+00  1.373675e+02
     vertex  1.673169e+01  8.000000e+00  1.374402e+02
   endloop
 endfacet
 facet normal -8.962398e-01  0.000000e+00 -4.435699e-01
   outer loop
     vertex  1.680672e+01  8.000000e+00  1.372937e+02
     vertex  1.677021e+01  0.000000e+00  1.373675e+02
     vertex  1.677021e+01  8.000000e+00  1.373675e+02
   endloop
 endfacet
 facet normal -8.962398e-01 -0.000000e+00 -4.435699e-01
   outer loop
     vertex  1.680672e+01  8.000000e+00  1.372937e+02
     vertex  1.680672e+01  0.000000e+00  1.372937e+02
     vertex  1.677021e+01  0.000000e+00  1.373675e+02
   endloop
 endfacet
 facet normal -9.080714e-01  0.000000e+00 -4.188155e-01
   outer loop
     vertex  1.684119e+01  8.000000e+00  1.372190e+02
     vertex  1.680672e+01  0.000000e+00  1.372937e+02
     vertex  1.680672e+01  8.000000e+00  1.372937e+02
   endloop
 endfacet
 facet normal -9.080714e-01 -0.000000e+00 -4.188155e-01
   outer loop
     vertex  1.684119e+01  8.000000e+00  1.372190e+02
     vertex  1.684119e+01  0.000000e+00  1.372190e+02
     vertex  1.680672e+01  0.000000e+00  1.372937e+02
   endloop
 endfacet
 facet normal -9.192194e-01  0.000000e+00 -3.937458e-01
   outer loop
     vertex  1.687360e+01  8.000000e+00  1.371433e+02
     vertex  1.684119e+01  0.000000e+00  1.372190e+02
     vertex  1.684119e+01  8.000000e+00  1.372190e+02
   endloop
 endfacet
 facet normal -9.192194e-01 -0.000000e+00 -3.937458e-01
   outer loop
     vertex  1.687360e+01  8.000000e+00  1.371433e+02
     vertex  1.687360e+01  0.000000e+00  1.371433e+02
     vertex  1.684119e+01  0.000000e+00  1.372190e+02
   endloop
 endfacet
 facet normal -9.296754e-01  0.000000e+00 -3.683796e-01
   outer loop
     vertex  1.690392e+01  8.000000e+00  1.370668e+02
     vertex  1.687360e+01  0.000000e+00  1.371433e+02
     vertex  1.687360e+01  8.000000e+00  1.371433e+02
   endloop
 endfacet
 facet normal -9.296754e-01 -0.000000e+00 -3.683796e-01
   outer loop
     vertex  1.690392e+01  8.000000e+00  1.370668e+02
     vertex  1.690392e+01  0.000000e+00  1.370668e+02
     vertex  1.687360e+01  0.000000e+00  1.371433e+02
   endloop
 endfacet
 facet normal -9.394317e-01  0.000000e+00 -3.427362e-01
   outer loop
     vertex  1.693214e+01  8.000000e+00  1.369894e+02
     vertex  1.690392e+01  0.000000e+00  1.370668e+02
     vertex  1.690392e+01  8.000000e+00  1.370668e+02
   endloop
 endfacet
 facet normal -9.394317e-01 -0.000000e+00 -3.427362e-01
   outer loop
     vertex  1.693214e+01  8.000000e+00  1.369894e+02
     vertex  1.693214e+01  0.000000e+00  1.369894e+02
     vertex  1.690392e+01  0.000000e+00  1.370668e+02
   endloop
 endfacet
 facet normal -9.484807e-01  0.000000e+00 -3.168348e-01
   outer loop
     vertex  1.695821e+01  8.000000e+00  1.369114e+02
     vertex  1.693214e+01  0.000000e+00  1.369894e+02
     vertex  1.693214e+01  8.000000e+00  1.369894e+02
   endloop
 endfacet
 facet normal -9.484807e-01 -0.000000e+00 -3.168348e-01
   outer loop
     vertex  1.695821e+01  8.000000e+00  1.369114e+02
     vertex  1.695821e+01  0.000000e+00  1.369114e+02
     vertex  1.693214e+01  0.000000e+00  1.369894e+02
   endloop
 endfacet
 facet normal -9.568158e-01  0.000000e+00 -2.906949e-01
   outer loop
     vertex  1.698214e+01  8.000000e+00  1.368326e+02
     vertex  1.695821e+01  0.000000e+00  1.369114e+02
     vertex  1.695821e+01  8.000000e+00  1.369114e+02
   endloop
 endfacet
 facet normal -9.568158e-01 -0.000000e+00 -2.906949e-01
   outer loop
     vertex  1.698214e+01  8.000000e+00  1.368326e+02
     vertex  1.698214e+01  0.000000e+00  1.368326e+02
     vertex  1.695821e+01  0.000000e+00  1.369114e+02
   endloop
 endfacet
 facet normal -9.644306e-01 -0.000000e+00 -2.643362e-01
   outer loop
     vertex  1.698214e+01  8.000000e+00  1.368326e+02
     vertex  1.700390e+01  0.000000e+00  1.367532e+02
     vertex  1.698214e+01  0.000000e+00  1.368326e+02
   endloop
 endfacet
 facet normal -9.644306e-01 -0.000000e+00 -2.643362e-01
   outer loop
     vertex  1.700390e+01  8.000000e+00  1.367532e+02
     vertex  1.700390e+01  0.000000e+00  1.367532e+02
     vertex  1.698214e+01  8.000000e+00  1.368326e+02
   endloop
 endfacet
 facet normal -9.713194e-01  0.000000e+00 -2.377784e-01
   outer loop
     vertex  1.702347e+01  8.000000e+00  1.366733e+02
     vertex  1.700390e+01  0.000000e+00  1.367532e+02
     vertex  1.700390e+01  8.000000e+00  1.367532e+02
   endloop
 endfacet
 facet normal -9.713194e-01 -0.000000e+00 -2.377784e-01
   outer loop
     vertex  1.702347e+01  8.000000e+00  1.366733e+02
     vertex  1.702347e+01  0.000000e+00  1.366733e+02
     vertex  1.700390e+01  0.000000e+00  1.367532e+02
   endloop
 endfacet
 facet normal -9.774771e-01  0.000000e+00 -2.110417e-01
   outer loop
     vertex  1.704084e+01  8.000000e+00  1.365928e+02
     vertex  1.702347e+01  0.000000e+00  1.366733e+02
     vertex  1.702347e+01  8.000000e+00  1.366733e+02
   endloop
 endfacet
 facet normal -9.774771e-01 -0.000000e+00 -2.110417e-01
   outer loop
     vertex  1.704084e+01  8.000000e+00  1.365928e+02
     vertex  1.704084e+01  0.000000e+00  1.365928e+02
     vertex  1.702347e+01  0.000000e+00  1.366733e+02
   endloop
 endfacet
 facet normal -9.828989e-01  0.000000e+00 -1.841461e-01
   outer loop
     vertex  1.705600e+01  8.000000e+00  1.365119e+02
     vertex  1.704084e+01  0.000000e+00  1.365928e+02
     vertex  1.704084e+01  8.000000e+00  1.365928e+02
   endloop
 endfacet
 facet normal -9.828989e-01 -0.000000e+00 -1.841461e-01
   outer loop
     vertex  1.705600e+01  8.000000e+00  1.365119e+02
     vertex  1.705600e+01  0.000000e+00  1.365119e+02
     vertex  1.704084e+01  0.000000e+00  1.365928e+02
   endloop
 endfacet
 facet normal -9.875808e-01 -0.000000e+00 -1.571119e-01
   outer loop
     vertex  1.705600e+01  8.000000e+00  1.365119e+02
     vertex  1.706893e+01  0.000000e+00  1.364306e+02
     vertex  1.705600e+01  0.000000e+00  1.365119e+02
   endloop
 endfacet
 facet normal -9.875808e-01 -0.000000e+00 -1.571119e-01
   outer loop
     vertex  1.706893e+01  8.000000e+00  1.364306e+02
     vertex  1.706893e+01  0.000000e+00  1.364306e+02
     vertex  1.705600e+01  8.000000e+00  1.365119e+02
   endloop
 endfacet
 facet normal -9.915193e-01  0.000000e+00 -1.299594e-01
   outer loop
     vertex  1.707963e+01  8.000000e+00  1.363490e+02
     vertex  1.706893e+01  0.000000e+00  1.364306e+02
     vertex  1.706893e+01  8.000000e+00  1.364306e+02
   endloop
 endfacet
 facet normal -9.915193e-01 -0.000000e+00 -1.299594e-01
   outer loop
     vertex  1.707963e+01  8.000000e+00  1.363490e+02
     vertex  1.707963e+01  0.000000e+00  1.363490e+02
     vertex  1.706893e+01  0.000000e+00  1.364306e+02
   endloop
 endfacet
 facet normal -9.947114e-01  0.000000e+00 -1.027091e-01
   outer loop
     vertex  1.708808e+01  8.000000e+00  1.362672e+02
     vertex  1.707963e+01  0.000000e+00  1.363490e+02
     vertex  1.707963e+01  8.000000e+00  1.363490e+02
   endloop
 endfacet
 facet normal -9.947114e-01 -0.000000e+00 -1.027091e-01
   outer loop
     vertex  1.708808e+01  8.000000e+00  1.362672e+02
     vertex  1.708808e+01  0.000000e+00  1.362672e+02
     vertex  1.707963e+01  0.000000e+00  1.363490e+02
   endloop
 endfacet
 facet normal -9.971548e-01  0.000000e+00 -7.538152e-02
   outer loop
     vertex  1.709429e+01  8.000000e+00  1.361851e+02
     vertex  1.708808e+01  0.000000e+00  1.362672e+02
     vertex  1.708808e+01  8.000000e+00  1.362672e+02
   endloop
 endfacet
 facet normal -9.971548e-01 -0.000000e+00 -7.538152e-02
   outer loop
     vertex  1.709429e+01  8.000000e+00  1.361851e+02
     vertex  1.709429e+01  0.000000e+00  1.361851e+02
     vertex  1.708808e+01  0.000000e+00  1.362672e+02
   endloop
 endfacet
 facet normal -9.988475e-01  0.000000e+00 -4.799716e-02
   outer loop
     vertex  1.709824e+01  8.000000e+00  1.361029e+02
     vertex  1.709429e+01  0.000000e+00  1.361851e+02
     vertex  1.709429e+01  8.000000e+00  1.361851e+02
   endloop
 endfacet
 facet normal -9.988475e-01 -0.000000e+00 -4.799716e-02
   outer loop
     vertex  1.709824e+01  8.000000e+00  1.361029e+02
     vertex  1.709824e+01  0.000000e+00  1.361029e+02
     vertex  1.709429e+01  0.000000e+00  1.361851e+02
   endloop
 endfacet
 facet normal -9.997883e-01 -0.000000e+00 -2.057667e-02
   outer loop
     vertex  1.709993e+01  8.000000e+00  1.360206e+02
     vertex  1.709993e+01  0.000000e+00  1.360206e+02
     vertex  1.709824e+01  0.000000e+00  1.361029e+02
   endloop
 endfacet
 facet normal -9.997883e-01  0.000000e+00 -2.057667e-02
   outer loop
     vertex  1.709993e+01  8.000000e+00  1.360206e+02
     vertex  1.709824e+01  0.000000e+00  1.361029e+02
     vertex  1.709824e+01  8.000000e+00  1.361029e+02
   endloop
 endfacet
 facet normal -9.999765e-01  0.000000e+00  6.859319e-03
   outer loop
     vertex  1.709936e+01  8.000000e+00  1.359383e+02
     vertex  1.709936e+01  0.000000e+00  1.359383e+02
     vertex  1.709993e+01  0.000000e+00  1.360206e+02
   endloop
 endfacet
 facet normal -9.999765e-01  0.000000e+00  6.859319e-03
   outer loop
     vertex  1.709936e+01  8.000000e+00  1.359383e+02
     vertex  1.709993e+01  0.000000e+00  1.360206e+02
     vertex  1.709993e+01  8.000000e+00  1.360206e+02
   endloop
 endfacet
 facet normal -9.994119e-01  0.000000e+00  3.429014e-02
   outer loop
     vertex  1.709654e+01  8.000000e+00  1.358560e+02
     vertex  1.709654e+01  0.000000e+00  1.358560e+02
     vertex  1.709936e+01  0.000000e+00  1.359383e+02
   endloop
 endfacet
 facet normal -9.994119e-01  0.000000e+00  3.429014e-02
   outer loop
     vertex  1.709654e+01  8.000000e+00  1.358560e+02
     vertex  1.709936e+01  0.000000e+00  1.359383e+02
     vertex  1.709936e+01  8.000000e+00  1.359383e+02
   endloop
 endfacet
 facet normal -9.980950e-01  0.000000e+00  6.169515e-02
   outer loop
     vertex  1.709146e+01  8.000000e+00  1.357739e+02
     vertex  1.709146e+01  0.000000e+00  1.357739e+02
     vertex  1.709654e+01  0.000000e+00  1.358560e+02
   endloop
 endfacet
 facet normal -9.960268e-01  0.000000e+00  8.905371e-02
   outer loop
     vertex  1.709146e+01  8.000000e+00  1.357739e+02
     vertex  1.708413e+01  0.000000e+00  1.356919e+02
     vertex  1.709146e+01  0.000000e+00  1.357739e+02
   endloop
 endfacet
 facet normal -9.980950e-01  0.000000e+00  6.169515e-02
   outer loop
     vertex  1.709146e+01  8.000000e+00  1.357739e+02
     vertex  1.709654e+01  0.000000e+00  1.358560e+02
     vertex  1.709654e+01  8.000000e+00  1.358560e+02
   endloop
 endfacet
 facet normal -9.960268e-01  0.000000e+00  8.905371e-02
   outer loop
     vertex  1.708413e+01  8.000000e+00  1.356919e+02
     vertex  1.708413e+01  0.000000e+00  1.356919e+02
     vertex  1.709146e+01  8.000000e+00  1.357739e+02
   endloop
 endfacet
 facet normal -9.932088e-01  0.000000e+00  1.163452e-01
   outer loop
     vertex  1.708413e+01  8.000000e+00  1.356919e+02
     vertex  1.707456e+01  0.000000e+00  1.356101e+02
     vertex  1.708413e+01  0.000000e+00  1.356919e+02
   endloop
 endfacet
 facet normal -9.932088e-01  0.000000e+00  1.163452e-01
   outer loop
     vertex  1.707456e+01  8.000000e+00  1.356101e+02
     vertex  1.707456e+01  0.000000e+00  1.356101e+02
     vertex  1.708413e+01  8.000000e+00  1.356919e+02
   endloop
 endfacet
 facet normal -9.896432e-01  0.000000e+00  1.435492e-01
   outer loop
     vertex  1.706274e+01  8.000000e+00  1.355287e+02
     vertex  1.707456e+01  0.000000e+00  1.356101e+02
     vertex  1.707456e+01  8.000000e+00  1.356101e+02
   endloop
 endfacet
 facet normal -9.896432e-01  0.000000e+00  1.435492e-01
   outer loop
     vertex  1.706274e+01  8.000000e+00  1.355287e+02
     vertex  1.706274e+01  0.000000e+00  1.355287e+02
     vertex  1.707456e+01  0.000000e+00  1.356101e+02
   endloop
 endfacet
 facet normal -9.853326e-01  0.000000e+00  1.706451e-01
   outer loop
     vertex  1.704870e+01  8.000000e+00  1.354476e+02
     vertex  1.706274e+01  0.000000e+00  1.355287e+02
     vertex  1.706274e+01  8.000000e+00  1.355287e+02
   endloop
 endfacet
 facet normal -9.853326e-01  0.000000e+00  1.706451e-01
   outer loop
     vertex  1.704870e+01  8.000000e+00  1.354476e+02
     vertex  1.704870e+01  0.000000e+00  1.354476e+02
     vertex  1.706274e+01  0.000000e+00  1.355287e+02
   endloop
 endfacet
 facet normal -9.802802e-01  0.000000e+00  1.976125e-01
   outer loop
     vertex  1.704870e+01  8.000000e+00  1.354476e+02
     vertex  1.703243e+01  0.000000e+00  1.353669e+02
     vertex  1.704870e+01  0.000000e+00  1.354476e+02
   endloop
 endfacet
 facet normal -9.802802e-01  0.000000e+00  1.976125e-01
   outer loop
     vertex  1.703243e+01  8.000000e+00  1.353669e+02
     vertex  1.703243e+01  0.000000e+00  1.353669e+02
     vertex  1.704870e+01  8.000000e+00  1.354476e+02
   endloop
 endfacet
 facet normal -9.744899e-01  0.000000e+00  2.244312e-01
   outer loop
     vertex  1.701396e+01  8.000000e+00  1.352867e+02
     vertex  1.703243e+01  0.000000e+00  1.353669e+02
     vertex  1.703243e+01  8.000000e+00  1.353669e+02
   endloop
 endfacet
 facet normal -9.744899e-01  0.000000e+00  2.244312e-01
   outer loop
     vertex  1.701396e+01  8.000000e+00  1.352867e+02
     vertex  1.701396e+01  0.000000e+00  1.352867e+02
     vertex  1.703243e+01  0.000000e+00  1.353669e+02
   endloop
 endfacet
 facet normal -9.679661e-01  0.000000e+00  2.510809e-01
   outer loop
     vertex  1.699329e+01  8.000000e+00  1.352070e+02
     vertex  1.701396e+01  0.000000e+00  1.352867e+02
     vertex  1.701396e+01  8.000000e+00  1.352867e+02
   endloop
 endfacet
 facet normal -9.679661e-01  0.000000e+00  2.510809e-01
   outer loop
     vertex  1.699329e+01  8.000000e+00  1.352070e+02
     vertex  1.699329e+01  0.000000e+00  1.352070e+02
     vertex  1.701396e+01  0.000000e+00  1.352867e+02
   endloop
 endfacet
 facet normal -9.607136e-01  0.000000e+00  2.775416e-01
   outer loop
     vertex  1.699329e+01  8.000000e+00  1.352070e+02
     vertex  1.697045e+01  0.000000e+00  1.351279e+02
     vertex  1.699329e+01  0.000000e+00  1.352070e+02
   endloop
 endfacet
 facet normal -9.607136e-01  0.000000e+00  2.775416e-01
   outer loop
     vertex  1.697045e+01  8.000000e+00  1.351279e+02
     vertex  1.697045e+01  0.000000e+00  1.351279e+02
     vertex  1.699329e+01  8.000000e+00  1.352070e+02
   endloop
 endfacet
 facet normal -9.527379e-01  0.000000e+00  3.037934e-01
   outer loop
     vertex  1.694544e+01  8.000000e+00  1.350495e+02
     vertex  1.697045e+01  0.000000e+00  1.351279e+02
     vertex  1.697045e+01  8.000000e+00  1.351279e+02
   endloop
 endfacet
 facet normal -9.527379e-01  0.000000e+00  3.037934e-01
   outer loop
     vertex  1.694544e+01  8.000000e+00  1.350495e+02
     vertex  1.694544e+01  0.000000e+00  1.350495e+02
     vertex  1.697045e+01  0.000000e+00  1.351279e+02
   endloop
 endfacet
 facet normal -9.440450e-01  0.000000e+00  3.298166e-01
   outer loop
     vertex  1.691830e+01  8.000000e+00  1.349718e+02
     vertex  1.694544e+01  0.000000e+00  1.350495e+02
     vertex  1.694544e+01  8.000000e+00  1.350495e+02
   endloop
 endfacet
 facet normal -9.440450e-01  0.000000e+00  3.298166e-01
   outer loop
     vertex  1.691830e+01  8.000000e+00  1.349718e+02
     vertex  1.691830e+01  0.000000e+00  1.349718e+02
     vertex  1.694544e+01  0.000000e+00  1.350495e+02
   endloop
 endfacet
 facet normal -9.346415e-01  0.000000e+00  3.555914e-01
   outer loop
     vertex  1.688903e+01  8.000000e+00  1.348949e+02
     vertex  1.691830e+01  0.000000e+00  1.349718e+02
     vertex  1.691830e+01  8.000000e+00  1.349718e+02
   endloop
 endfacet
 facet normal -9.346415e-01  0.000000e+00  3.555914e-01
   outer loop
     vertex  1.688903e+01  8.000000e+00  1.348949e+02
     vertex  1.688903e+01  0.000000e+00  1.348949e+02
     vertex  1.691830e+01  0.000000e+00  1.349718e+02
   endloop
 endfacet
 facet normal -9.245344e-01  0.000000e+00  3.810986e-01
   outer loop
     vertex  1.688903e+01  8.000000e+00  1.348949e+02
     vertex  1.685766e+01  0.000000e+00  1.348188e+02
     vertex  1.688903e+01  0.000000e+00  1.348949e+02
   endloop
 endfacet
 facet normal -9.245344e-01  0.000000e+00  3.810986e-01
   outer loop
     vertex  1.685766e+01  8.000000e+00  1.348188e+02
     vertex  1.685766e+01  0.000000e+00  1.348188e+02
     vertex  1.688903e+01  8.000000e+00  1.348949e+02
   endloop
 endfacet
 facet normal -9.137314e-01  0.000000e+00  4.063188e-01
   outer loop
     vertex  1.682421e+01  8.000000e+00  1.347436e+02
     vertex  1.682421e+01  0.000000e+00  1.347436e+02
     vertex  1.685766e+01  0.000000e+00  1.348188e+02
   endloop
 endfacet
 facet normal -9.137314e-01  0.000000e+00  4.063188e-01
   outer loop
     vertex  1.682421e+01  8.000000e+00  1.347436e+02
     vertex  1.685766e+01  0.000000e+00  1.348188e+02
     vertex  1.685766e+01  8.000000e+00  1.348188e+02
   endloop
 endfacet
 facet normal -9.022405e-01  0.000000e+00  4.312333e-01
   outer loop
     vertex  1.678872e+01  8.000000e+00  1.346693e+02
     vertex  1.678872e+01  0.000000e+00  1.346693e+02
     vertex  1.682421e+01  0.000000e+00  1.347436e+02
   endloop
 endfacet
 facet normal -9.022405e-01  0.000000e+00  4.312333e-01
   outer loop
     vertex  1.678872e+01  8.000000e+00  1.346693e+02
     vertex  1.682421e+01  0.000000e+00  1.347436e+02
     vertex  1.682421e+01  8.000000e+00  1.347436e+02
   endloop
 endfacet
 facet normal -8.900704e-01  0.000000e+00  4.558231e-01
   outer loop
     vertex  1.675120e+01  8.000000e+00  1.345960e+02
     vertex  1.675120e+01  0.000000e+00  1.345960e+02
     vertex  1.678872e+01  0.000000e+00  1.346693e+02
   endloop
 endfacet
 facet normal -8.772303e-01  0.000000e+00  4.800697e-01
   outer loop
     vertex  1.675120e+01  8.000000e+00  1.345960e+02
     vertex  1.671169e+01  0.000000e+00  1.345238e+02
     vertex  1.675120e+01  0.000000e+00  1.345960e+02
   endloop
 endfacet
 facet normal -8.900704e-01  0.000000e+00  4.558231e-01
   outer loop
     vertex  1.675120e+01  8.000000e+00  1.345960e+02
     vertex  1.678872e+01  0.000000e+00  1.346693e+02
     vertex  1.678872e+01  8.000000e+00  1.346693e+02
   endloop
 endfacet
 facet normal -8.637299e-01  0.000000e+00  5.039550e-01
   outer loop
     vertex  1.671169e+01  8.000000e+00  1.345238e+02
     vertex  1.667021e+01  0.000000e+00  1.344527e+02
     vertex  1.671169e+01  0.000000e+00  1.345238e+02
   endloop
 endfacet
 facet normal -8.772303e-01  0.000000e+00  4.800697e-01
   outer loop
     vertex  1.671169e+01  8.000000e+00  1.345238e+02
     vertex  1.671169e+01  0.000000e+00  1.345238e+02
     vertex  1.675120e+01  8.000000e+00  1.345960e+02
   endloop
 endfacet
 facet normal -8.637299e-01  0.000000e+00  5.039550e-01
   outer loop
     vertex  1.667021e+01  8.000000e+00  1.344527e+02
     vertex  1.667021e+01  0.000000e+00  1.344527e+02
     vertex  1.671169e+01  8.000000e+00  1.345238e+02
   endloop
 endfacet
 facet normal -8.495793e-01  0.000000e+00  5.274609e-01
   outer loop
     vertex  1.662679e+01  8.000000e+00  1.343828e+02
     vertex  1.662679e+01  0.000000e+00  1.343828e+02
     vertex  1.667021e+01  0.000000e+00  1.344527e+02
   endloop
 endfacet
 facet normal -8.347891e-01  0.000000e+00  5.505698e-01
   outer loop
     vertex  1.662679e+01  8.000000e+00  1.343828e+02
     vertex  1.658147e+01  0.000000e+00  1.343141e+02
     vertex  1.662679e+01  0.000000e+00  1.343828e+02
   endloop
 endfacet
 facet normal -8.495793e-01  0.000000e+00  5.274609e-01
   outer loop
     vertex  1.662679e+01  8.000000e+00  1.343828e+02
     vertex  1.667021e+01  0.000000e+00  1.344527e+02
     vertex  1.667021e+01  8.000000e+00  1.344527e+02
   endloop
 endfacet
 facet normal -8.347891e-01  0.000000e+00  5.505698e-01
   outer loop
     vertex  1.658147e+01  8.000000e+00  1.343141e+02
     vertex  1.658147e+01  0.000000e+00  1.343141e+02
     vertex  1.662679e+01  8.000000e+00  1.343828e+02
   endloop
 endfacet
 facet normal -8.193706e-01  0.000000e+00  5.732642e-01
   outer loop
     vertex  1.653429e+01  8.000000e+00  1.342466e+02
     vertex  1.653429e+01  0.000000e+00  1.342466e+02
     vertex  1.658147e+01  0.000000e+00  1.343141e+02
   endloop
 endfacet
 facet normal -8.193706e-01  0.000000e+00  5.732642e-01
   outer loop
     vertex  1.653429e+01  8.000000e+00  1.342466e+02
     vertex  1.658147e+01  0.000000e+00  1.343141e+02
     vertex  1.658147e+01  8.000000e+00  1.343141e+02
   endloop
 endfacet
 facet normal -8.033352e-01  0.000000e+00  5.955271e-01
   outer loop
     vertex  1.648527e+01  8.000000e+00  1.341805e+02
     vertex  1.648527e+01  0.000000e+00  1.341805e+02
     vertex  1.653429e+01  0.000000e+00  1.342466e+02
   endloop
 endfacet
 facet normal -8.033352e-01  0.000000e+00  5.955271e-01
   outer loop
     vertex  1.648527e+01  8.000000e+00  1.341805e+02
     vertex  1.653429e+01  0.000000e+00  1.342466e+02
     vertex  1.653429e+01  8.000000e+00  1.342466e+02
   endloop
 endfacet
 facet normal -7.866951e-01  0.000000e+00  6.173417e-01
   outer loop
     vertex  1.643446e+01  8.000000e+00  1.341158e+02
     vertex  1.643446e+01  0.000000e+00  1.341158e+02
     vertex  1.648527e+01  0.000000e+00  1.341805e+02
   endloop
 endfacet
 facet normal -7.694628e-01  0.000000e+00  6.386916e-01
   outer loop
     vertex  1.643446e+01  8.000000e+00  1.341158e+02
     vertex  1.638189e+01  0.000000e+00  1.340524e+02
     vertex  1.643446e+01  0.000000e+00  1.341158e+02
   endloop
 endfacet
 facet normal -7.866951e-01  0.000000e+00  6.173417e-01
   outer loop
     vertex  1.643446e+01  8.000000e+00  1.341158e+02
     vertex  1.648527e+01  0.000000e+00  1.341805e+02
     vertex  1.648527e+01  8.000000e+00  1.341805e+02
   endloop
 endfacet
 facet normal -7.516513e-01  0.000000e+00  6.595607e-01
   outer loop
     vertex  1.638189e+01  8.000000e+00  1.340524e+02
     vertex  1.632760e+01  0.000000e+00  1.339906e+02
     vertex  1.638189e+01  0.000000e+00  1.340524e+02
   endloop
 endfacet
 facet normal -7.694628e-01  0.000000e+00  6.386916e-01
   outer loop
     vertex  1.638189e+01  8.000000e+00  1.340524e+02
     vertex  1.638189e+01  0.000000e+00  1.340524e+02
     vertex  1.643446e+01  8.000000e+00  1.341158e+02
   endloop
 endfacet
 facet normal -7.332740e-01  0.000000e+00  6.799333e-01
   outer loop
     vertex  1.632760e+01  8.000000e+00  1.339906e+02
     vertex  1.627163e+01  0.000000e+00  1.339302e+02
     vertex  1.632760e+01  0.000000e+00  1.339906e+02
   endloop
 endfacet
 facet normal -7.516513e-01  0.000000e+00  6.595607e-01
   outer loop
     vertex  1.632760e+01  8.000000e+00  1.339906e+02
     vertex  1.632760e+01  0.000000e+00  1.339906e+02
     vertex  1.638189e+01  8.000000e+00  1.340524e+02
   endloop
 endfacet
 facet normal -7.332740e-01  0.000000e+00  6.799333e-01
   outer loop
     vertex  1.627163e+01  8.000000e+00  1.339302e+02
     vertex  1.627163e+01  0.000000e+00  1.339302e+02
     vertex  1.632760e+01  8.000000e+00  1.339906e+02
   endloop
 endfacet
 facet normal -7.143447e-01  0.000000e+00  6.997940e-01
   outer loop
     vertex  1.621403e+01  8.000000e+00  1.338714e+02
     vertex  1.621403e+01  0.000000e+00  1.338714e+02
     vertex  1.627163e+01  0.000000e+00  1.339302e+02
   endloop
 endfacet
 facet normal -6.948776e-01  0.000000e+00  7.191280e-01
   outer loop
     vertex  1.621403e+01  8.000000e+00  1.338714e+02
     vertex  1.615484e+01  0.000000e+00  1.338142e+02
     vertex  1.621403e+01  0.000000e+00  1.338714e+02
   endloop
 endfacet
 facet normal -7.143447e-01  0.000000e+00  6.997940e-01
   outer loop
     vertex  1.621403e+01  8.000000e+00  1.338714e+02
     vertex  1.627163e+01  0.000000e+00  1.339302e+02
     vertex  1.627163e+01  8.000000e+00  1.339302e+02
   endloop
 endfacet
 facet normal -6.948776e-01  0.000000e+00  7.191280e-01
   outer loop
     vertex  1.615484e+01  8.000000e+00  1.338142e+02
     vertex  1.615484e+01  0.000000e+00  1.338142e+02
     vertex  1.621403e+01  8.000000e+00  1.338714e+02
   endloop
 endfacet
 facet normal -6.748875e-01  0.000000e+00  7.379206e-01
   outer loop
     vertex  1.609410e+01  8.000000e+00  1.337587e+02
     vertex  1.615484e+01  0.000000e+00  1.338142e+02
     vertex  1.615484e+01  8.000000e+00  1.338142e+02
   endloop
 endfacet
 facet normal -6.748875e-01  0.000000e+00  7.379206e-01
   outer loop
     vertex  1.609410e+01  8.000000e+00  1.337587e+02
     vertex  1.609410e+01  0.000000e+00  1.337587e+02
     vertex  1.615484e+01  0.000000e+00  1.338142e+02
   endloop
 endfacet
 facet normal -6.543893e-01  0.000000e+00  7.561578e-01
   outer loop
     vertex  1.609410e+01  8.000000e+00  1.337587e+02
     vertex  1.603186e+01  0.000000e+00  1.337048e+02
     vertex  1.609410e+01  0.000000e+00  1.337587e+02
   endloop
 endfacet
 facet normal -6.543893e-01  0.000000e+00  7.561578e-01
   outer loop
     vertex  1.603186e+01  8.000000e+00  1.337048e+02
     vertex  1.603186e+01  0.000000e+00  1.337048e+02
     vertex  1.609410e+01  8.000000e+00  1.337587e+02
   endloop
 endfacet
 facet normal -6.333986e-01  0.000000e+00  7.738257e-01
   outer loop
     vertex  1.596817e+01  8.000000e+00  1.336527e+02
     vertex  1.596817e+01  0.000000e+00  1.336527e+02
     vertex  1.603186e+01  0.000000e+00  1.337048e+02
   endloop
 endfacet
 facet normal -6.119310e-01  0.000000e+00  7.909112e-01
   outer loop
     vertex  1.596817e+01  8.000000e+00  1.336527e+02
     vertex  1.590307e+01  0.000000e+00  1.336023e+02
     vertex  1.596817e+01  0.000000e+00  1.336527e+02
   endloop
 endfacet
 facet normal -6.333986e-01  0.000000e+00  7.738257e-01
   outer loop
     vertex  1.596817e+01  8.000000e+00  1.336527e+02
     vertex  1.603186e+01  0.000000e+00  1.337048e+02
     vertex  1.603186e+01  8.000000e+00  1.337048e+02
   endloop
 endfacet
 facet normal -6.119310e-01  0.000000e+00  7.909112e-01
   outer loop
     vertex  1.590307e+01  8.000000e+00  1.336023e+02
     vertex  1.590307e+01  0.000000e+00  1.336023e+02
     vertex  1.596817e+01  8.000000e+00  1.336527e+02
   endloop
 endfacet
 facet normal -5.900028e-01  0.000000e+00  8.074012e-01
   outer loop
     vertex  1.583661e+01  8.000000e+00  1.335537e+02
     vertex  1.583661e+01  0.000000e+00  1.335537e+02
     vertex  1.590307e+01  0.000000e+00  1.336023e+02
   endloop
 endfacet
 facet normal -5.676304e-01  0.000000e+00  8.232835e-01
   outer loop
     vertex  1.583661e+01  8.000000e+00  1.335537e+02
     vertex  1.576885e+01  0.000000e+00  1.335070e+02
     vertex  1.583661e+01  0.000000e+00  1.335537e+02
   endloop
 endfacet
 facet normal -5.900028e-01  0.000000e+00  8.074012e-01
   outer loop
     vertex  1.583661e+01  8.000000e+00  1.335537e+02
     vertex  1.590307e+01  0.000000e+00  1.336023e+02
     vertex  1.590307e+01  8.000000e+00  1.336023e+02
   endloop
 endfacet
 facet normal -5.676304e-01  0.000000e+00  8.232835e-01
   outer loop
     vertex  1.576885e+01  8.000000e+00  1.335070e+02
     vertex  1.576885e+01  0.000000e+00  1.335070e+02
     vertex  1.583661e+01  8.000000e+00  1.335537e+02
   endloop
 endfacet
 facet normal -5.448308e-01  0.000000e+00  8.385460e-01
   outer loop
     vertex  1.569983e+01  8.000000e+00  1.334622e+02
     vertex  1.569983e+01  0.000000e+00  1.334622e+02
     vertex  1.576885e+01  0.000000e+00  1.335070e+02
   endloop
 endfacet
 facet normal -5.448308e-01  0.000000e+00  8.385460e-01
   outer loop
     vertex  1.569983e+01  8.000000e+00  1.334622e+02
     vertex  1.576885e+01  0.000000e+00  1.335070e+02
     vertex  1.576885e+01  8.000000e+00  1.335070e+02
   endloop
 endfacet
 facet normal -5.216210e-01  0.000000e+00  8.531773e-01
   outer loop
     vertex  1.562960e+01  8.000000e+00  1.334192e+02
     vertex  1.562960e+01  0.000000e+00  1.334192e+02
     vertex  1.569983e+01  0.000000e+00  1.334622e+02
   endloop
 endfacet
 facet normal -5.216210e-01  0.000000e+00  8.531773e-01
   outer loop
     vertex  1.562960e+01  8.000000e+00  1.334192e+02
     vertex  1.569983e+01  0.000000e+00  1.334622e+02
     vertex  1.569983e+01  8.000000e+00  1.334622e+02
   endloop
 endfacet
 facet normal -4.980186e-01  0.000000e+00  8.671664e-01
   outer loop
     vertex  1.555823e+01  8.000000e+00  1.333782e+02
     vertex  1.555823e+01  0.000000e+00  1.333782e+02
     vertex  1.562960e+01  0.000000e+00  1.334192e+02
   endloop
 endfacet
 facet normal -4.740412e-01  0.000000e+00  8.805026e-01
   outer loop
     vertex  1.555823e+01  8.000000e+00  1.333782e+02
     vertex  1.548575e+01  0.000000e+00  1.333392e+02
     vertex  1.555823e+01  0.000000e+00  1.333782e+02
   endloop
 endfacet
 facet normal -4.980186e-01  0.000000e+00  8.671664e-01
   outer loop
     vertex  1.555823e+01  8.000000e+00  1.333782e+02
     vertex  1.562960e+01  0.000000e+00  1.334192e+02
     vertex  1.562960e+01  8.000000e+00  1.334192e+02
   endloop
 endfacet
 facet normal -4.497071e-01  0.000000e+00  8.931761e-01
   outer loop
     vertex  1.548575e+01  8.000000e+00  1.333392e+02
     vertex  1.541224e+01  0.000000e+00  1.333022e+02
     vertex  1.548575e+01  0.000000e+00  1.333392e+02
   endloop
 endfacet
 facet normal -4.740412e-01  0.000000e+00  8.805026e-01
   outer loop
     vertex  1.548575e+01  8.000000e+00  1.333392e+02
     vertex  1.548575e+01  0.000000e+00  1.333392e+02
     vertex  1.555823e+01  8.000000e+00  1.333782e+02
   endloop
 endfacet
 facet normal -4.497071e-01  0.000000e+00  8.931761e-01
   outer loop
     vertex  1.541224e+01  8.000000e+00  1.333022e+02
     vertex  1.541224e+01  0.000000e+00  1.333022e+02
     vertex  1.548575e+01  8.000000e+00  1.333392e+02
   endloop
 endfacet
 facet normal -4.250344e-01  0.000000e+00  9.051772e-01
   outer loop
     vertex  1.533773e+01  8.000000e+00  1.332672e+02
     vertex  1.533773e+01  0.000000e+00  1.332672e+02
     vertex  1.541224e+01  0.000000e+00  1.333022e+02
   endloop
 endfacet
 facet normal -4.250344e-01  0.000000e+00  9.051772e-01
   outer loop
     vertex  1.533773e+01  8.000000e+00  1.332672e+02
     vertex  1.541224e+01  0.000000e+00  1.333022e+02
     vertex  1.541224e+01  8.000000e+00  1.333022e+02
   endloop
 endfacet
 facet normal -4.000417e-01  0.000000e+00  9.164969e-01
   outer loop
     vertex  1.526229e+01  8.000000e+00  1.332343e+02
     vertex  1.526229e+01  0.000000e+00  1.332343e+02
     vertex  1.533773e+01  0.000000e+00  1.332672e+02
   endloop
 endfacet
 facet normal -4.000417e-01  0.000000e+00  9.164969e-01
   outer loop
     vertex  1.526229e+01  8.000000e+00  1.332343e+02
     vertex  1.533773e+01  0.000000e+00  1.332672e+02
     vertex  1.533773e+01  8.000000e+00  1.332672e+02
   endloop
 endfacet
 facet normal -3.747479e-01  0.000000e+00  9.271267e-01
   outer loop
     vertex  1.518598e+01  8.000000e+00  1.332035e+02
     vertex  1.518598e+01  0.000000e+00  1.332035e+02
     vertex  1.526229e+01  0.000000e+00  1.332343e+02
   endloop
 endfacet
 facet normal -3.491720e-01  0.000000e+00  9.370586e-01
   outer loop
     vertex  1.518598e+01  8.000000e+00  1.332035e+02
     vertex  1.510885e+01  0.000000e+00  1.331747e+02
     vertex  1.518598e+01  0.000000e+00  1.332035e+02
   endloop
 endfacet
 facet normal -3.747479e-01  0.000000e+00  9.271267e-01
   outer loop
     vertex  1.518598e+01  8.000000e+00  1.332035e+02
     vertex  1.526229e+01  0.000000e+00  1.332343e+02
     vertex  1.526229e+01  8.000000e+00  1.332343e+02
   endloop
 endfacet
 facet normal -3.491720e-01  0.000000e+00  9.370586e-01
   outer loop
     vertex  1.510885e+01  8.000000e+00  1.331747e+02
     vertex  1.510885e+01  0.000000e+00  1.331747e+02
     vertex  1.518598e+01  8.000000e+00  1.332035e+02
   endloop
 endfacet
 facet normal -3.233333e-01  0.000000e+00  9.462851e-01
   outer loop
     vertex  1.503096e+01  8.000000e+00  1.331481e+02
     vertex  1.503096e+01  0.000000e+00  1.331481e+02
     vertex  1.510885e+01  0.000000e+00  1.331747e+02
   endloop
 endfacet
 facet normal -3.233333e-01  0.000000e+00  9.462851e-01
   outer loop
     vertex  1.503096e+01  8.000000e+00  1.331481e+02
     vertex  1.510885e+01  0.000000e+00  1.331747e+02
     vertex  1.510885e+01  8.000000e+00  1.331747e+02
   endloop
 endfacet
 facet normal -2.972512e-01  0.000000e+00  9.547993e-01
   outer loop
     vertex  1.495237e+01  8.000000e+00  1.331236e+02
     vertex  1.495237e+01  0.000000e+00  1.331236e+02
     vertex  1.503096e+01  0.000000e+00  1.331481e+02
   endloop
 endfacet
 facet normal -2.972512e-01  0.000000e+00  9.547993e-01
   outer loop
     vertex  1.495237e+01  8.000000e+00  1.331236e+02
     vertex  1.503096e+01  0.000000e+00  1.331481e+02
     vertex  1.503096e+01  8.000000e+00  1.331481e+02
   endloop
 endfacet
 facet normal -2.709453e-01  0.000000e+00  9.625948e-01
   outer loop
     vertex  1.487314e+01  8.000000e+00  1.331013e+02
     vertex  1.487314e+01  0.000000e+00  1.331013e+02
     vertex  1.495237e+01  0.000000e+00  1.331236e+02
   endloop
 endfacet
 facet normal -2.709453e-01  0.000000e+00  9.625948e-01
   outer loop
     vertex  1.487314e+01  8.000000e+00  1.331013e+02
     vertex  1.495237e+01  0.000000e+00  1.331236e+02
     vertex  1.495237e+01  8.000000e+00  1.331236e+02
   endloop
 endfacet
 facet normal -2.444354e-01  0.000000e+00  9.696656e-01
   outer loop
     vertex  1.479333e+01  8.000000e+00  1.330812e+02
     vertex  1.479333e+01  0.000000e+00  1.330812e+02
     vertex  1.487314e+01  0.000000e+00  1.331013e+02
   endloop
 endfacet
 facet normal -2.177416e-01  0.000000e+00  9.760065e-01
   outer loop
     vertex  1.479333e+01  8.000000e+00  1.330812e+02
     vertex  1.471300e+01  0.000000e+00  1.330633e+02
     vertex  1.479333e+01  0.000000e+00  1.330812e+02
   endloop
 endfacet
 facet normal -2.444354e-01  0.000000e+00  9.696656e-01
   outer loop
     vertex  1.479333e+01  8.000000e+00  1.330812e+02
     vertex  1.487314e+01  0.000000e+00  1.331013e+02
     vertex  1.487314e+01  8.000000e+00  1.331013e+02
   endloop
 endfacet
 facet normal -1.908838e-01  0.000000e+00  9.816126e-01
   outer loop
     vertex  1.471300e+01  8.000000e+00  1.330633e+02
     vertex  1.463220e+01  0.000000e+00  1.330476e+02
     vertex  1.471300e+01  0.000000e+00  1.330633e+02
   endloop
 endfacet
 facet normal -2.177416e-01  0.000000e+00  9.760065e-01
   outer loop
     vertex  1.471300e+01  8.000000e+00  1.330633e+02
     vertex  1.471300e+01  0.000000e+00  1.330633e+02
     vertex  1.479333e+01  8.000000e+00  1.330812e+02
   endloop
 endfacet
 facet normal -1.638824e-01  0.000000e+00  9.864799e-01
   outer loop
     vertex  1.463220e+01  8.000000e+00  1.330476e+02
     vertex  1.455100e+01  0.000000e+00  1.330341e+02
     vertex  1.463220e+01  0.000000e+00  1.330476e+02
   endloop
 endfacet
 facet normal -1.908838e-01  0.000000e+00  9.816126e-01
   outer loop
     vertex  1.463220e+01  8.000000e+00  1.330476e+02
     vertex  1.463220e+01  0.000000e+00  1.330476e+02
     vertex  1.471300e+01  8.000000e+00  1.330633e+02
   endloop
 endfacet
 facet normal -1.367575e-01  0.000000e+00  9.906046e-01
   outer loop
     vertex  1.455100e+01  8.000000e+00  1.330341e+02
     vertex  1.446947e+01  0.000000e+00  1.330228e+02
     vertex  1.455100e+01  0.000000e+00  1.330341e+02
   endloop
 endfacet
 facet normal -1.638824e-01  0.000000e+00  9.864799e-01
   outer loop
     vertex  1.455100e+01  8.000000e+00  1.330341e+02
     vertex  1.455100e+01  0.000000e+00  1.330341e+02
     vertex  1.463220e+01  8.000000e+00  1.330476e+02
   endloop
 endfacet
 facet normal -1.095298e-01  0.000000e+00  9.939835e-01
   outer loop
     vertex  1.446947e+01  8.000000e+00  1.330228e+02
     vertex  1.438765e+01  0.000000e+00  1.330138e+02
     vertex  1.446947e+01  0.000000e+00  1.330228e+02
   endloop
 endfacet
 facet normal -1.367575e-01  0.000000e+00  9.906046e-01
   outer loop
     vertex  1.446947e+01  8.000000e+00  1.330228e+02
     vertex  1.446947e+01  0.000000e+00  1.330228e+02
     vertex  1.455100e+01  8.000000e+00  1.330341e+02
   endloop
 endfacet
 facet normal -1.095298e-01  0.000000e+00  9.939835e-01
   outer loop
     vertex  1.438765e+01  8.000000e+00  1.330138e+02
     vertex  1.438765e+01  0.000000e+00  1.330138e+02
     vertex  1.446947e+01  8.000000e+00  1.330228e+02
   endloop
 endfacet
 facet normal -8.221955e-02  0.000000e+00  9.966142e-01
   outer loop
     vertex  1.430562e+01  8.000000e+00  1.330071e+02
     vertex  1.438765e+01  0.000000e+00  1.330138e+02
     vertex  1.438765e+01  8.000000e+00  1.330138e+02
   endloop
 endfacet
 facet normal -8.221955e-02  0.000000e+00  9.966142e-01
   outer loop
     vertex  1.430562e+01  8.000000e+00  1.330071e+02
     vertex  1.430562e+01  0.000000e+00  1.330071e+02
     vertex  1.438765e+01  0.000000e+00  1.330138e+02
   endloop
 endfacet
 facet normal -5.484744e-02  0.000000e+00  9.984947e-01
   outer loop
     vertex  1.430562e+01  8.000000e+00  1.330071e+02
     vertex  1.422343e+01  0.000000e+00  1.330025e+02
     vertex  1.430562e+01  0.000000e+00  1.330071e+02
   endloop
 endfacet
 facet normal -5.484744e-02  0.000000e+00  9.984947e-01
   outer loop
     vertex  1.422343e+01  8.000000e+00  1.330025e+02
     vertex  1.422343e+01  0.000000e+00  1.330025e+02
     vertex  1.430562e+01  8.000000e+00  1.330071e+02
   endloop
 endfacet
 facet normal -2.743405e-02  0.000000e+00  9.996236e-01
   outer loop
     vertex  1.422343e+01  8.000000e+00  1.330025e+02
     vertex  1.414115e+01  0.000000e+00  1.330003e+02
     vertex  1.422343e+01  0.000000e+00  1.330025e+02
   endloop
 endfacet
 facet normal -2.743405e-02  0.000000e+00  9.996236e-01
   outer loop
     vertex  1.414115e+01  8.000000e+00  1.330003e+02
     vertex  1.414115e+01  0.000000e+00  1.330003e+02
     vertex  1.422343e+01  8.000000e+00  1.330025e+02
   endloop
 endfacet
 facet normal -0.000000e+00  0.000000e+00  1.000000e+00
   outer loop
     vertex  1.405885e+01  8.000000e+00  1.330003e+02
     vertex  1.414115e+01  0.000000e+00  1.330003e+02
     vertex  1.414115e+01  8.000000e+00  1.330003e+02
   endloop
 endfacet
 facet normal  0.000000e+00  0.000000e+00  1.000000e+00
   outer loop
     vertex  1.405885e+01  8.000000e+00  1.330003e+02
     vertex  1.405885e+01  0.000000e+00  1.330003e+02
     vertex  1.414115e+01  0.000000e+00  1.330003e+02
   endloop
 endfacet
 facet normal  2.743405e-02  0.000000e+00  9.996236e-01
   outer loop
     vertex  1.405885e+01  8.000000e+00  1.330003e+02
     vertex  1.397657e+01  0.000000e+00  1.330025e+02
     vertex  1.405885e+01  0.000000e+00  1.330003e+02
   endloop
 endfacet
 facet normal  2.743405e-02  0.000000e+00  9.996236e-01
   outer loop
     vertex  1.397657e+01  8.000000e+00  1.330025e+02
     vertex  1.397657e+01  0.000000e+00  1.330025e+02
     vertex  1.405885e+01  8.000000e+00  1.330003e+02
   endloop
 endfacet
 facet normal  5.484744e-02  0.000000e+00  9.984947e-01
   outer loop
     vertex  1.389438e+01  8.000000e+00  1.330071e+02
     vertex  1.397657e+01  0.000000e+00  1.330025e+02
     vertex  1.397657e+01  8.000000e+00  1.330025e+02
   endloop
 endfacet
 facet normal  5.484744e-02  0.000000e+00  9.984947e-01
   outer loop
     vertex  1.389438e+01  8.000000e+00  1.330071e+02
     vertex  1.389438e+01  0.000000e+00  1.330071e+02
     vertex  1.397657e+01  0.000000e+00  1.330025e+02
   endloop
 endfacet
 facet normal  8.221955e-02  0.000000e+00  9.966142e-01
   outer loop
     vertex  1.389438e+01  8.000000e+00  1.330071e+02
     vertex  1.381235e+01  0.000000e+00  1.330138e+02
     vertex  1.389438e+01  0.000000e+00  1.330071e+02
   endloop
 endfacet
 facet normal  8.221955e-02  0.000000e+00  9.966142e-01
   outer loop
     vertex  1.381235e+01  8.000000e+00  1.330138e+02
     vertex  1.381235e+01  0.000000e+00  1.330138e+02
     vertex  1.389438e+01  8.000000e+00  1.330071e+02
   endloop
 endfacet
 facet normal  1.095298e-01  0.000000e+00  9.939835e-01
   outer loop
     vertex  1.373053e+01  8.000000e+00  1.330228e+02
     vertex  1.381235e+01  0.000000e+00  1.330138e+02
     vertex  1.381235e+01  8.000000e+00  1.330138e+02
   endloop
 endfacet
 facet normal  1.095298e-01  0.000000e+00  9.939835e-01
   outer loop
     vertex  1.373053e+01  8.000000e+00  1.330228e+02
     vertex  1.373053e+01  0.000000e+00  1.330228e+02
     vertex  1.381235e+01  0.000000e+00  1.330138e+02
   endloop
 endfacet
 facet normal  1.367575e-01  0.000000e+00  9.906046e-01
   outer loop
     vertex  1.373053e+01  8.000000e+00  1.330228e+02
     vertex  1.364900e+01  0.000000e+00  1.330341e+02
     vertex  1.373053e+01  0.000000e+00  1.330228e+02
   endloop
 endfacet
 facet normal  1.367575e-01  0.000000e+00  9.906046e-01
   outer loop
     vertex  1.364900e+01  8.000000e+00  1.330341e+02
     vertex  1.364900e+01  0.000000e+00  1.330341e+02
     vertex  1.373053e+01  8.000000e+00  1.330228e+02
   endloop
 endfacet
 facet normal  1.638824e-01  0.000000e+00  9.864799e-01
   outer loop
     vertex  1.356780e+01  8.000000e+00  1.330476e+02
     vertex  1.364900e+01  0.000000e+00  1.330341e+02
     vertex  1.364900e+01  8.000000e+00  1.330341e+02
   endloop
 endfacet
 facet normal  1.638824e-01  0.000000e+00  9.864799e-01
   outer loop
     vertex  1.356780e+01  8.000000e+00  1.330476e+02
     vertex  1.356780e+01  0.000000e+00  1.330476e+02
     vertex  1.364900e+01  0.000000e+00  1.330341e+02
   endloop
 endfacet
 facet normal  1.908838e-01  0.000000e+00  9.816126e-01
   outer loop
     vertex  1.348700e+01  8.000000e+00  1.330633e+02
     vertex  1.356780e+01  0.000000e+00  1.330476e+02
     vertex  1.356780e+01  8.000000e+00  1.330476e+02
   endloop
 endfacet
 facet normal  1.908838e-01  0.000000e+00  9.816126e-01
   outer loop
     vertex  1.348700e+01  8.000000e+00  1.330633e+02
     vertex  1.348700e+01  0.000000e+00  1.330633e+02
     vertex  1.356780e+01  0.000000e+00  1.330476e+02
   endloop
 endfacet
 facet normal  2.177416e-01  0.000000e+00  9.760065e-01
   outer loop
     vertex  1.340667e+01  8.000000e+00  1.330812e+02
     vertex  1.340667e+01  0.000000e+00  1.330812e+02
     vertex  1.348700e+01  0.000000e+00  1.330633e+02
   endloop
 endfacet
 facet normal  2.177416e-01  0.000000e+00  9.760065e-01
   outer loop
     vertex  1.340667e+01  8.000000e+00  1.330812e+02
     vertex  1.348700e+01  0.000000e+00  1.330633e+02
     vertex  1.348700e+01  8.000000e+00  1.330633e+02
   endloop
 endfacet
 facet normal  2.444354e-01  0.000000e+00  9.696656e-01
   outer loop
     vertex  1.340667e+01  8.000000e+00  1.330812e+02
     vertex  1.332686e+01  0.000000e+00  1.331013e+02
     vertex  1.340667e+01  0.000000e+00  1.330812e+02
   endloop
 endfacet
 facet normal  2.444354e-01  0.000000e+00  9.696656e-01
   outer loop
     vertex  1.332686e+01  8.000000e+00  1.331013e+02
     vertex  1.332686e+01  0.000000e+00  1.331013e+02
     vertex  1.340667e+01  8.000000e+00  1.330812e+02
   endloop
 endfacet
 facet normal  2.709453e-01  0.000000e+00  9.625948e-01
   outer loop
     vertex  1.324763e+01  8.000000e+00  1.331236e+02
     vertex  1.324763e+01  0.000000e+00  1.331236e+02
     vertex  1.332686e+01  0.000000e+00  1.331013e+02
   endloop
 endfacet
 facet normal  2.709453e-01  0.000000e+00  9.625948e-01
   outer loop
     vertex  1.324763e+01  8.000000e+00  1.331236e+02
     vertex  1.332686e+01  0.000000e+00  1.331013e+02
     vertex  1.332686e+01  8.000000e+00  1.331013e+02
   endloop
 endfacet
 facet normal  2.972512e-01  0.000000e+00  9.547993e-01
   outer loop
     vertex  1.316904e+01  8.000000e+00  1.331481e+02
     vertex  1.316904e+01  0.000000e+00  1.331481e+02
     vertex  1.324763e+01  0.000000e+00  1.331236e+02
   endloop
 endfacet
 facet normal  2.972512e-01  0.000000e+00  9.547993e-01
   outer loop
     vertex  1.316904e+01  8.000000e+00  1.331481e+02
     vertex  1.324763e+01  0.000000e+00  1.331236e+02
     vertex  1.324763e+01  8.000000e+00  1.331236e+02
   endloop
 endfacet
 facet normal  3.233333e-01  0.000000e+00  9.462851e-01
   outer loop
     vertex  1.309115e+01  8.000000e+00  1.331747e+02
     vertex  1.309115e+01  0.000000e+00  1.331747e+02
     vertex  1.316904e+01  0.000000e+00  1.331481e+02
   endloop
 endfacet
 facet normal  3.233333e-01  0.000000e+00  9.462851e-01
   outer loop
     vertex  1.309115e+01  8.000000e+00  1.331747e+02
     vertex  1.316904e+01  0.000000e+00  1.331481e+02
     vertex  1.316904e+01  8.000000e+00  1.331481e+02
   endloop
 endfacet
 facet normal  3.491720e-01  0.000000e+00  9.370586e-01
   outer loop
     vertex  1.301402e+01  8.000000e+00  1.332035e+02
     vertex  1.301402e+01  0.000000e+00  1.332035e+02
     vertex  1.309115e+01  0.000000e+00  1.331747e+02
   endloop
 endfacet
 facet normal  3.747479e-01  0.000000e+00  9.271267e-01
   outer loop
     vertex  1.301402e+01  8.000000e+00  1.332035e+02
     vertex  1.293771e+01  0.000000e+00  1.332343e+02
     vertex  1.301402e+01  0.000000e+00  1.332035e+02
   endloop
 endfacet
 facet normal  3.491720e-01  0.000000e+00  9.370586e-01
   outer loop
     vertex  1.301402e+01  8.000000e+00  1.332035e+02
     vertex  1.309115e+01  0.000000e+00  1.331747e+02
     vertex  1.309115e+01  8.000000e+00  1.331747e+02
   endloop
 endfacet
 facet normal  4.000417e-01  0.000000e+00  9.164969e-01
   outer loop
     vertex  1.293771e+01  8.000000e+00  1.332343e+02
     vertex  1.286227e+01  0.000000e+00  1.332672e+02
     vertex  1.293771e+01  0.000000e+00  1.332343e+02
   endloop
 endfacet
 facet normal  3.747479e-01  0.000000e+00  9.271267e-01
   outer loop
     vertex  1.293771e+01  8.000000e+00  1.332343e+02
     vertex  1.293771e+01  0.000000e+00  1.332343e+02
     vertex  1.301402e+01  8.000000e+00  1.332035e+02
   endloop
 endfacet
 facet normal  4.000417e-01  0.000000e+00  9.164969e-01
   outer loop
     vertex  1.286227e+01  8.000000e+00  1.332672e+02
     vertex  1.286227e+01  0.000000e+00  1.332672e+02
     vertex  1.293771e+01  8.000000e+00  1.332343e+02
   endloop
 endfacet
 facet normal  4.250344e-01  0.000000e+00  9.051772e-01
   outer loop
     vertex  1.278776e+01  8.000000e+00  1.333022e+02
     vertex  1.278776e+01  0.000000e+00  1.333022e+02
     vertex  1.286227e+01  0.000000e+00  1.332672e+02
   endloop
 endfacet
 facet normal  4.250344e-01  0.000000e+00  9.051772e-01
   outer loop
     vertex  1.278776e+01  8.000000e+00  1.333022e+02
     vertex  1.286227e+01  0.000000e+00  1.332672e+02
     vertex  1.286227e+01  8.000000e+00  1.332672e+02
   endloop
 endfacet
 facet normal  4.497071e-01  0.000000e+00  8.931761e-01
   outer loop
     vertex  1.271425e+01  8.000000e+00  1.333392e+02
     vertex  1.271425e+01  0.000000e+00  1.333392e+02
     vertex  1.278776e+01  0.000000e+00  1.333022e+02
   endloop
 endfacet
 facet normal  4.497071e-01  0.000000e+00  8.931761e-01
   outer loop
     vertex  1.271425e+01  8.000000e+00  1.333392e+02
     vertex  1.278776e+01  0.000000e+00  1.333022e+02
     vertex  1.278776e+01  8.000000e+00  1.333022e+02
   endloop
 endfacet
 facet normal  4.740412e-01  0.000000e+00  8.805026e-01
   outer loop
     vertex  1.264177e+01  8.000000e+00  1.333782e+02
     vertex  1.264177e+01  0.000000e+00  1.333782e+02
     vertex  1.271425e+01  0.000000e+00  1.333392e+02
   endloop
 endfacet
 facet normal  4.740412e-01  0.000000e+00  8.805026e-01
   outer loop
     vertex  1.264177e+01  8.000000e+00  1.333782e+02
     vertex  1.271425e+01  0.000000e+00  1.333392e+02
     vertex  1.271425e+01  8.000000e+00  1.333392e+02
   endloop
 endfacet
 facet normal  4.980186e-01  0.000000e+00  8.671664e-01
   outer loop
     vertex  1.257040e+01  8.000000e+00  1.334192e+02
     vertex  1.257040e+01  0.000000e+00  1.334192e+02
     vertex  1.264177e+01  0.000000e+00  1.333782e+02
   endloop
 endfacet
 facet normal  5.216210e-01  0.000000e+00  8.531773e-01
   outer loop
     vertex  1.257040e+01  8.000000e+00  1.334192e+02
     vertex  1.250017e+01  0.000000e+00  1.334622e+02
     vertex  1.257040e+01  0.000000e+00  1.334192e+02
   endloop
 endfacet
 facet normal  4.980186e-01  0.000000e+00  8.671664e-01
   outer loop
     vertex  1.257040e+01  8.000000e+00  1.334192e+02
     vertex  1.264177e+01  0.000000e+00  1.333782e+02
     vertex  1.264177e+01  8.000000e+00  1.333782e+02
   endloop
 endfacet
 facet normal  5.448308e-01  0.000000e+00  8.385460e-01
   outer loop
     vertex  1.250017e+01  8.000000e+00  1.334622e+02
     vertex  1.243115e+01  0.000000e+00  1.335070e+02
     vertex  1.250017e+01  0.000000e+00  1.334622e+02
   endloop
 endfacet
 facet normal  5.216210e-01  0.000000e+00  8.531773e-01
   outer loop
     vertex  1.250017e+01  8.000000e+00  1.334622e+02
     vertex  1.250017e+01  0.000000e+00  1.334622e+02
     vertex  1.257040e+01  8.000000e+00  1.334192e+02
   endloop
 endfacet
 facet normal  5.448308e-01  0.000000e+00  8.385460e-01
   outer loop
     vertex  1.243115e+01  8.000000e+00  1.335070e+02
     vertex  1.243115e+01  0.000000e+00  1.335070e+02
     vertex  1.250017e+01  8.000000e+00  1.334622e+02
   endloop
 endfacet
 facet normal  5.676304e-01  0.000000e+00  8.232835e-01
   outer loop
     vertex  1.236339e+01  8.000000e+00  1.335537e+02
     vertex  1.243115e+01  0.000000e+00  1.335070e+02
     vertex  1.243115e+01  8.000000e+00  1.335070e+02
   endloop
 endfacet
 facet normal  5.676304e-01  0.000000e+00  8.232835e-01
   outer loop
     vertex  1.236339e+01  8.000000e+00  1.335537e+02
     vertex  1.236339e+01  0.000000e+00  1.335537e+02
     vertex  1.243115e+01  0.000000e+00  1.335070e+02
   endloop
 endfacet
 facet normal  5.900028e-01  0.000000e+00  8.074012e-01
   outer loop
     vertex  1.236339e+01  8.000000e+00  1.335537e+02
     vertex  1.229693e+01  0.000000e+00  1.336023e+02
     vertex  1.236339e+01  0.000000e+00  1.335537e+02
   endloop
 endfacet
 facet normal  5.900028e-01  0.000000e+00  8.074012e-01
   outer loop
     vertex  1.229693e+01  8.000000e+00  1.336023e+02
     vertex  1.229693e+01  0.000000e+00  1.336023e+02
     vertex  1.236339e+01  8.000000e+00  1.335537e+02
   endloop
 endfacet
 facet normal  6.119310e-01  0.000000e+00  7.909112e-01
   outer loop
     vertex  1.223183e+01  8.000000e+00  1.336527e+02
     vertex  1.229693e+01  0.000000e+00  1.336023e+02
     vertex  1.229693e+01  8.000000e+00  1.336023e+02
   endloop
 endfacet
 facet normal  6.119310e-01  0.000000e+00  7.909112e-01
   outer loop
     vertex  1.223183e+01  8.000000e+00  1.336527e+02
     vertex  1.223183e+01  0.000000e+00  1.336527e+02
     vertex  1.229693e+01  0.000000e+00  1.336023e+02
   endloop
 endfacet
 facet normal  6.333986e-01  0.000000e+00  7.738257e-01
   outer loop
     vertex  1.223183e+01  8.000000e+00  1.336527e+02
     vertex  1.216814e+01  0.000000e+00  1.337048e+02
     vertex  1.223183e+01  0.000000e+00  1.336527e+02
   endloop
 endfacet
 facet normal  6.333986e-01  0.000000e+00  7.738257e-01
   outer loop
     vertex  1.216814e+01  8.000000e+00  1.337048e+02
     vertex  1.216814e+01  0.000000e+00  1.337048e+02
     vertex  1.223183e+01  8.000000e+00  1.336527e+02
   endloop
 endfacet
 facet normal  6.543893e-01  0.000000e+00  7.561578e-01
   outer loop
     vertex  1.210590e+01  8.000000e+00  1.337587e+02
     vertex  1.216814e+01  0.000000e+00  1.337048e+02
     vertex  1.216814e+01  8.000000e+00  1.337048e+02
   endloop
 endfacet
 facet normal  6.543893e-01  0.000000e+00  7.561578e-01
   outer loop
     vertex  1.210590e+01  8.000000e+00  1.337587e+02
     vertex  1.210590e+01  0.000000e+00  1.337587e+02
     vertex  1.216814e+01  0.000000e+00  1.337048e+02
   endloop
 endfacet
 facet normal  6.748875e-01  0.000000e+00  7.379206e-01
   outer loop
     vertex  1.204516e+01  8.000000e+00  1.338142e+02
     vertex  1.210590e+01  0.000000e+00  1.337587e+02
     vertex  1.210590e+01  8.000000e+00  1.337587e+02
   endloop
 endfacet
 facet normal  6.748875e-01  0.000000e+00  7.379206e-01
   outer loop
     vertex  1.204516e+01  8.000000e+00  1.338142e+02
     vertex  1.204516e+01  0.000000e+00  1.338142e+02
     vertex  1.210590e+01  0.000000e+00  1.337587e+02
   endloop
 endfacet
 facet normal  6.948776e-01  0.000000e+00  7.191280e-01
   outer loop
     vertex  1.198597e+01  8.000000e+00  1.338714e+02
     vertex  1.204516e+01  0.000000e+00  1.338142e+02
     vertex  1.204516e+01  8.000000e+00  1.338142e+02
   endloop
 endfacet
 facet normal  6.948776e-01  0.000000e+00  7.191280e-01
   outer loop
     vertex  1.198597e+01  8.000000e+00  1.338714e+02
     vertex  1.198597e+01  0.000000e+00  1.338714e+02
     vertex  1.204516e+01  0.000000e+00  1.338142e+02
   endloop
 endfacet
 facet normal  7.143447e-01  0.000000e+00  6.997940e-01
   outer loop
     vertex  1.192837e+01  8.000000e+00  1.339302e+02
     vertex  1.198597e+01  0.000000e+00  1.338714e+02
     vertex  1.198597e+01  8.000000e+00  1.338714e+02
   endloop
 endfacet
 facet normal  7.143447e-01  0.000000e+00  6.997940e-01
   outer loop
     vertex  1.192837e+01  8.000000e+00  1.339302e+02
     vertex  1.192837e+01  0.000000e+00  1.339302e+02
     vertex  1.198597e+01  0.000000e+00  1.338714e+02
   endloop
 endfacet
 facet normal  7.332740e-01  0.000000e+00  6.799333e-01
   outer loop
     vertex  1.187240e+01  8.000000e+00  1.339906e+02
     vertex  1.192837e+01  0.000000e+00  1.339302e+02
     vertex  1.192837e+01  8.000000e+00  1.339302e+02
   endloop
 endfacet
 facet normal  7.332740e-01  0.000000e+00  6.799333e-01
   outer loop
     vertex  1.187240e+01  8.000000e+00  1.339906e+02
     vertex  1.187240e+01  0.000000e+00  1.339906e+02
     vertex  1.192837e+01  0.000000e+00  1.339302e+02
   endloop
 endfacet
 facet normal  7.516513e-01  0.000000e+00  6.595607e-01
   outer loop
     vertex  1.187240e+01  8.000000e+00  1.339906e+02
     vertex  1.181811e+01  0.000000e+00  1.340524e+02
     vertex  1.187240e+01  0.000000e+00  1.339906e+02
   endloop
 endfacet
 facet normal  7.516513e-01  0.000000e+00  6.595607e-01
   outer loop
     vertex  1.181811e+01  8.000000e+00  1.340524e+02
     vertex  1.181811e+01  0.000000e+00  1.340524e+02
     vertex  1.187240e+01  8.000000e+00  1.339906e+02
   endloop
 endfacet
 facet normal  7.694628e-01  0.000000e+00  6.386916e-01
   outer loop
     vertex  1.176554e+01  8.000000e+00  1.341158e+02
     vertex  1.181811e+01  0.000000e+00  1.340524e+02
     vertex  1.181811e+01  8.000000e+00  1.340524e+02
   endloop
 endfacet
 facet normal  7.694628e-01  0.000000e+00  6.386916e-01
   outer loop
     vertex  1.176554e+01  8.000000e+00  1.341158e+02
     vertex  1.176554e+01  0.000000e+00  1.341158e+02
     vertex  1.181811e+01  0.000000e+00  1.340524e+02
   endloop
 endfacet
 facet normal  7.866951e-01  0.000000e+00  6.173417e-01
   outer loop
     vertex  1.171473e+01  8.000000e+00  1.341805e+02
     vertex  1.176554e+01  0.000000e+00  1.341158e+02
     vertex  1.176554e+01  8.000000e+00  1.341158e+02
   endloop
 endfacet
 facet normal  7.866951e-01  0.000000e+00  6.173417e-01
   outer loop
     vertex  1.171473e+01  8.000000e+00  1.341805e+02
     vertex  1.171473e+01  0.000000e+00  1.341805e+02
     vertex  1.176554e+01  0.000000e+00  1.341158e+02
   endloop
 endfacet
 facet normal  8.033352e-01  0.000000e+00  5.955271e-01
   outer loop
     vertex  1.166571e+01  8.000000e+00  1.342466e+02
     vertex  1.171473e+01  0.000000e+00  1.341805e+02
     vertex  1.171473e+01  8.000000e+00  1.341805e+02
   endloop
 endfacet
 facet normal  8.033352e-01  0.000000e+00  5.955271e-01
   outer loop
     vertex  1.166571e+01  8.000000e+00  1.342466e+02
     vertex  1.166571e+01  0.000000e+00  1.342466e+02
     vertex  1.171473e+01  0.000000e+00  1.341805e+02
   endloop
 endfacet
 facet normal  8.193706e-01  0.000000e+00  5.732642e-01
   outer loop
     vertex  1.161853e+01  8.000000e+00  1.343141e+02
     vertex  1.166571e+01  0.000000e+00  1.342466e+02
     vertex  1.166571e+01  8.000000e+00  1.342466e+02
   endloop
 endfacet
 facet normal  8.193706e-01  0.000000e+00  5.732642e-01
   outer loop
     vertex  1.161853e+01  8.000000e+00  1.343141e+02
     vertex  1.161853e+01  0.000000e+00  1.343141e+02
     vertex  1.166571e+01  0.000000e+00  1.342466e+02
   endloop
 endfacet
 facet normal  8.347891e-01  0.000000e+00  5.505698e-01
   outer loop
     vertex  1.157321e+01  8.000000e+00  1.343828e+02
     vertex  1.161853e+01  0.000000e+00  1.343141e+02
     vertex  1.161853e+01  8.000000e+00  1.343141e+02
   endloop
 endfacet
 facet normal  8.347891e-01  0.000000e+00  5.505698e-01
   outer loop
     vertex  1.157321e+01  8.000000e+00  1.343828e+02
     vertex  1.157321e+01  0.000000e+00  1.343828e+02
     vertex  1.161853e+01  0.000000e+00  1.343141e+02
   endloop
 endfacet
 facet normal  8.495793e-01  0.000000e+00  5.274609e-01
   outer loop
     vertex  1.157321e+01  8.000000e+00  1.343828e+02
     vertex  1.152979e+01  0.000000e+00  1.344527e+02
     vertex  1.157321e+01  0.000000e+00  1.343828e+02
   endloop
 endfacet
 facet normal  8.495793e-01  0.000000e+00  5.274609e-01
   outer loop
     vertex  1.152979e+01  8.000000e+00  1.344527e+02
     vertex  1.152979e+01  0.000000e+00  1.344527e+02
     vertex  1.157321e+01  8.000000e+00  1.343828e+02
   endloop
 endfacet
 facet normal  8.637299e-01  0.000000e+00  5.039550e-01
   outer loop
     vertex  1.148831e+01  8.000000e+00  1.345238e+02
     vertex  1.152979e+01  0.000000e+00  1.344527e+02
     vertex  1.152979e+01  8.000000e+00  1.344527e+02
   endloop
 endfacet
 facet normal  8.637299e-01  0.000000e+00  5.039550e-01
   outer loop
     vertex  1.148831e+01  8.000000e+00  1.345238e+02
     vertex  1.148831e+01  0.000000e+00  1.345238e+02
     vertex  1.152979e+01  0.000000e+00  1.344527e+02
   endloop
 endfacet
 facet normal  8.772303e-01  0.000000e+00  4.800697e-01
   outer loop
     vertex  1.148831e+01  8.000000e+00  1.345238e+02
     vertex  1.144880e+01  0.000000e+00  1.345960e+02
     vertex  1.148831e+01  0.000000e+00  1.345238e+02
   endloop
 endfacet
 facet normal  8.772303e-01  0.000000e+00  4.800697e-01
   outer loop
     vertex  1.144880e+01  8.000000e+00  1.345960e+02
     vertex  1.144880e+01  0.000000e+00  1.345960e+02
     vertex  1.148831e+01  8.000000e+00  1.345238e+02
   endloop
 endfacet
 facet normal  8.900704e-01  0.000000e+00  4.558231e-01
   outer loop
     vertex  1.141128e+01  8.000000e+00  1.346693e+02
     vertex  1.144880e+01  0.000000e+00  1.345960e+02
     vertex  1.144880e+01  8.000000e+00  1.345960e+02
   endloop
 endfacet
 facet normal  8.900704e-01  0.000000e+00  4.558231e-01
   outer loop
     vertex  1.141128e+01  8.000000e+00  1.346693e+02
     vertex  1.141128e+01  0.000000e+00  1.346693e+02
     vertex  1.144880e+01  0.000000e+00  1.345960e+02
   endloop
 endfacet
 facet normal  9.022405e-01  0.000000e+00  4.312333e-01
   outer loop
     vertex  1.137579e+01  8.000000e+00  1.347436e+02
     vertex  1.141128e+01  0.000000e+00  1.346693e+02
     vertex  1.141128e+01  8.000000e+00  1.346693e+02
   endloop
 endfacet
 facet normal  9.022405e-01  0.000000e+00  4.312333e-01
   outer loop
     vertex  1.137579e+01  8.000000e+00  1.347436e+02
     vertex  1.137579e+01  0.000000e+00  1.347436e+02
     vertex  1.141128e+01  0.000000e+00  1.346693e+02
   endloop
 endfacet
 facet normal  9.137314e-01  0.000000e+00  4.063188e-01
   outer loop
     vertex  1.137579e+01  8.000000e+00  1.347436e+02
     vertex  1.134234e+01  0.000000e+00  1.348188e+02
     vertex  1.137579e+01  0.000000e+00  1.347436e+02
   endloop
 endfacet
 facet normal  9.137314e-01  0.000000e+00  4.063188e-01
   outer loop
     vertex  1.134234e+01  8.000000e+00  1.348188e+02
     vertex  1.134234e+01  0.000000e+00  1.348188e+02
     vertex  1.137579e+01  8.000000e+00  1.347436e+02
   endloop
 endfacet
 facet normal  9.245344e-01  0.000000e+00  3.810986e-01
   outer loop
     vertex  1.131097e+01  8.000000e+00  1.348949e+02
     vertex  1.131097e+01  0.000000e+00  1.348949e+02
     vertex  1.134234e+01  0.000000e+00  1.348188e+02
   endloop
 endfacet
 facet normal  9.245344e-01  0.000000e+00  3.810986e-01
   outer loop
     vertex  1.131097e+01  8.000000e+00  1.348949e+02
     vertex  1.134234e+01  0.000000e+00  1.348188e+02
     vertex  1.134234e+01  8.000000e+00  1.348188e+02
   endloop
 endfacet
 facet normal  9.346415e-01  0.000000e+00  3.555914e-01
   outer loop
     vertex  1.128170e+01  8.000000e+00  1.349718e+02
     vertex  1.128170e+01  0.000000e+00  1.349718e+02
     vertex  1.131097e+01  0.000000e+00  1.348949e+02
   endloop
 endfacet
 facet normal  9.346415e-01  0.000000e+00  3.555914e-01
   outer loop
     vertex  1.128170e+01  8.000000e+00  1.349718e+02
     vertex  1.131097e+01  0.000000e+00  1.348949e+02
     vertex  1.131097e+01  8.000000e+00  1.348949e+02
   endloop
 endfacet
 facet normal  9.440450e-01  0.000000e+00  3.298166e-01
   outer loop
     vertex  1.125456e+01  8.000000e+00  1.350495e+02
     vertex  1.125456e+01  0.000000e+00  1.350495e+02
     vertex  1.128170e+01  0.000000e+00  1.349718e+02
   endloop
 endfacet
 facet normal  9.440450e-01  0.000000e+00  3.298166e-01
   outer loop
     vertex  1.125456e+01  8.000000e+00  1.350495e+02
     vertex  1.128170e+01  0.000000e+00  1.349718e+02
     vertex  1.128170e+01  8.000000e+00  1.349718e+02
   endloop
 endfacet
 facet normal  9.527379e-01  0.000000e+00  3.037934e-01
   outer loop
     vertex  1.122955e+01  8.000000e+00  1.351279e+02
     vertex  1.122955e+01  0.000000e+00  1.351279e+02
     vertex  1.125456e+01  0.000000e+00  1.350495e+02
   endloop
 endfacet
 facet normal  9.607136e-01  0.000000e+00  2.775416e-01
   outer loop
     vertex  1.122955e+01  8.000000e+00  1.351279e+02
     vertex  1.120671e+01  0.000000e+00  1.352070e+02
     vertex  1.122955e+01  0.000000e+00  1.351279e+02
   endloop
 endfacet
 facet normal  9.527379e-01  0.000000e+00  3.037934e-01
   outer loop
     vertex  1.122955e+01  8.000000e+00  1.351279e+02
     vertex  1.125456e+01  0.000000e+00  1.350495e+02
     vertex  1.125456e+01  8.000000e+00  1.350495e+02
   endloop
 endfacet
 facet normal  9.607136e-01  0.000000e+00  2.775416e-01
   outer loop
     vertex  1.120671e+01  8.000000e+00  1.352070e+02
     vertex  1.120671e+01  0.000000e+00  1.352070e+02
     vertex  1.122955e+01  8.000000e+00  1.351279e+02
   endloop
 endfacet
 facet normal  9.679661e-01  0.000000e+00  2.510809e-01
   outer loop
     vertex  1.118604e+01  8.000000e+00  1.352867e+02
     vertex  1.120671e+01  0.000000e+00  1.352070e+02
     vertex  1.120671e+01  8.000000e+00  1.352070e+02
   endloop
 endfacet
 facet normal  9.679661e-01  0.000000e+00  2.510809e-01
   outer loop
     vertex  1.118604e+01  8.000000e+00  1.352867e+02
     vertex  1.118604e+01  0.000000e+00  1.352867e+02
     vertex  1.120671e+01  0.000000e+00  1.352070e+02
   endloop
 endfacet
 facet normal  9.744899e-01  0.000000e+00  2.244312e-01
   outer loop
     vertex  1.118604e+01  8.000000e+00  1.352867e+02
     vertex  1.116757e+01  0.000000e+00  1.353669e+02
     vertex  1.118604e+01  0.000000e+00  1.352867e+02
   endloop
 endfacet
 facet normal  9.744899e-01  0.000000e+00  2.244312e-01
   outer loop
     vertex  1.116757e+01  8.000000e+00  1.353669e+02
     vertex  1.116757e+01  0.000000e+00  1.353669e+02
     vertex  1.118604e+01  8.000000e+00  1.352867e+02
   endloop
 endfacet
 facet normal  9.802802e-01  0.000000e+00  1.976125e-01
   outer loop
     vertex  1.115130e+01  8.000000e+00  1.354476e+02
     vertex  1.116757e+01  0.000000e+00  1.353669e+02
     vertex  1.116757e+01  8.000000e+00  1.353669e+02
   endloop
 endfacet
 facet normal  9.802802e-01  0.000000e+00  1.976125e-01
   outer loop
     vertex  1.115130e+01  8.000000e+00  1.354476e+02
     vertex  1.115130e+01  0.000000e+00  1.354476e+02
     vertex  1.116757e+01  0.000000e+00  1.353669e+02
   endloop
 endfacet
 facet normal  9.853326e-01  0.000000e+00  1.706451e-01
   outer loop
     vertex  1.115130e+01  8.000000e+00  1.354476e+02
     vertex  1.113726e+01  0.000000e+00  1.355287e+02
     vertex  1.115130e+01  0.000000e+00  1.354476e+02
   endloop
 endfacet
 facet normal  9.853326e-01  0.000000e+00  1.706451e-01
   outer loop
     vertex  1.113726e+01  8.000000e+00  1.355287e+02
     vertex  1.113726e+01  0.000000e+00  1.355287e+02
     vertex  1.115130e+01  8.000000e+00  1.354476e+02
   endloop
 endfacet
 facet normal  9.896432e-01  0.000000e+00  1.435492e-01
   outer loop
     vertex  1.112544e+01  8.000000e+00  1.356101e+02
     vertex  1.113726e+01  0.000000e+00  1.355287e+02
     vertex  1.113726e+01  8.000000e+00  1.355287e+02
   endloop
 endfacet
 facet normal  9.896432e-01  0.000000e+00  1.435492e-01
   outer loop
     vertex  1.112544e+01  8.000000e+00  1.356101e+02
     vertex  1.112544e+01  0.000000e+00  1.356101e+02
     vertex  1.113726e+01  0.000000e+00  1.355287e+02
   endloop
 endfacet
 facet normal  9.932088e-01  0.000000e+00  1.163452e-01
   outer loop
     vertex  1.111587e+01  8.000000e+00  1.356919e+02
     vertex  1.112544e+01  0.000000e+00  1.356101e+02
     vertex  1.112544e+01  8.000000e+00  1.356101e+02
   endloop
 endfacet
 facet normal  9.932088e-01  0.000000e+00  1.163452e-01
   outer loop
     vertex  1.111587e+01  8.000000e+00  1.356919e+02
     vertex  1.111587e+01  0.000000e+00  1.356919e+02
     vertex  1.112544e+01  0.000000e+00  1.356101e+02
   endloop
 endfacet
 facet normal  9.960268e-01  0.000000e+00  8.905371e-02
   outer loop
     vertex  1.110854e+01  8.000000e+00  1.357739e+02
     vertex  1.111587e+01  0.000000e+00  1.356919e+02
     vertex  1.111587e+01  8.000000e+00  1.356919e+02
   endloop
 endfacet
 facet normal  9.960268e-01  0.000000e+00  8.905371e-02
   outer loop
     vertex  1.110854e+01  8.000000e+00  1.357739e+02
     vertex  1.110854e+01  0.000000e+00  1.357739e+02
     vertex  1.111587e+01  0.000000e+00  1.356919e+02
   endloop
 endfacet
 facet normal  9.980950e-01  0.000000e+00  6.169515e-02
   outer loop
     vertex  1.110346e+01  8.000000e+00  1.358560e+02
     vertex  1.110854e+01  0.000000e+00  1.357739e+02
     vertex  1.110854e+01  8.000000e+00  1.357739e+02
   endloop
 endfacet
 facet normal  9.980950e-01  0.000000e+00  6.169515e-02
   outer loop
     vertex  1.110346e+01  8.000000e+00  1.358560e+02
     vertex  1.110346e+01  0.000000e+00  1.358560e+02
     vertex  1.110854e+01  0.000000e+00  1.357739e+02
   endloop
 endfacet
 facet normal  9.994119e-01  0.000000e+00  3.429014e-02
   outer loop
     vertex  1.110064e+01  8.000000e+00  1.359383e+02
     vertex  1.110346e+01  0.000000e+00  1.358560e+02
     vertex  1.110346e+01  8.000000e+00  1.358560e+02
   endloop
 endfacet
 facet normal  9.994119e-01  0.000000e+00  3.429014e-02
   outer loop
     vertex  1.110064e+01  8.000000e+00  1.359383e+02
     vertex  1.110064e+01  0.000000e+00  1.359383e+02
     vertex  1.110346e+01  0.000000e+00  1.358560e+02
   endloop
 endfacet
 facet normal  9.999765e-01  0.000000e+00  6.859319e-03
   outer loop
     vertex  1.110064e+01  8.000000e+00  1.359383e+02
     vertex  1.110007e+01  0.000000e+00  1.360206e+02
     vertex  1.110064e+01  0.000000e+00  1.359383e+02
   endloop
 endfacet
 facet normal  9.999765e-01  0.000000e+00  6.859319e-03
   outer loop
     vertex  1.110007e+01  8.000000e+00  1.360206e+02
     vertex  1.110007e+01  0.000000e+00  1.360206e+02
     vertex  1.110064e+01  8.000000e+00  1.359383e+02
   endloop
 endfacet
 facet normal  9.997883e-01  0.000000e+00 -2.057667e-02
   outer loop
     vertex  1.110176e+01  8.000000e+00  1.361029e+02
     vertex  1.110007e+01  0.000000e+00  1.360206e+02
     vertex  1.110007e+01  8.000000e+00  1.360206e+02
   endloop
 endfacet
 facet normal  9.997883e-01  0.000000e+00 -2.057667e-02
   outer loop
     vertex  1.110176e+01  8.000000e+00  1.361029e+02
     vertex  1.110176e+01  0.000000e+00  1.361029e+02
     vertex  1.110007e+01  0.000000e+00  1.360206e+02
   endloop
 endfacet
 facet normal  9.988475e-01  0.000000e+00 -4.799716e-02
   outer loop
     vertex  1.110571e+01  8.000000e+00  1.361851e+02
     vertex  1.110571e+01  0.000000e+00  1.361851e+02
     vertex  1.110176e+01  0.000000e+00  1.361029e+02
   endloop
 endfacet
 facet normal  9.971548e-01  0.000000e+00 -7.538152e-02
   outer loop
     vertex  1.110571e+01  8.000000e+00  1.361851e+02
     vertex  1.111192e+01  0.000000e+00  1.362672e+02
     vertex  1.110571e+01  0.000000e+00  1.361851e+02
   endloop
 endfacet
 facet normal  9.988475e-01  0.000000e+00 -4.799716e-02
   outer loop
     vertex  1.110571e+01  8.000000e+00  1.361851e+02
     vertex  1.110176e+01  0.000000e+00  1.361029e+02
     vertex  1.110176e+01  8.000000e+00  1.361029e+02
   endloop
 endfacet
 facet normal  9.971548e-01  0.000000e+00 -7.538152e-02
   outer loop
     vertex  1.111192e+01  8.000000e+00  1.362672e+02
     vertex  1.111192e+01  0.000000e+00  1.362672e+02
     vertex  1.110571e+01  8.000000e+00  1.361851e+02
   endloop
 endfacet
 facet normal  9.947114e-01  0.000000e+00 -1.027091e-01
   outer loop
     vertex  1.112037e+01  8.000000e+00  1.363490e+02
     vertex  1.112037e+01  0.000000e+00  1.363490e+02
     vertex  1.111192e+01  0.000000e+00  1.362672e+02
   endloop
 endfacet
 facet normal  9.947114e-01  0.000000e+00 -1.027091e-01
   outer loop
     vertex  1.112037e+01  8.000000e+00  1.363490e+02
     vertex  1.111192e+01  0.000000e+00  1.362672e+02
     vertex  1.111192e+01  8.000000e+00  1.362672e+02
   endloop
 endfacet
 facet normal  9.915193e-01  0.000000e+00 -1.299594e-01
   outer loop
     vertex  1.113107e+01  8.000000e+00  1.364306e+02
     vertex  1.113107e+01  0.000000e+00  1.364306e+02
     vertex  1.112037e+01  0.000000e+00  1.363490e+02
   endloop
 endfacet
 facet normal  9.915193e-01  0.000000e+00 -1.299594e-01
   outer loop
     vertex  1.113107e+01  8.000000e+00  1.364306e+02
     vertex  1.112037e+01  0.000000e+00  1.363490e+02
     vertex  1.112037e+01  8.000000e+00  1.363490e+02
   endloop
 endfacet
 facet normal  9.875808e-01  0.000000e+00 -1.571119e-01
   outer loop
     vertex  1.114400e+01  8.000000e+00  1.365119e+02
     vertex  1.114400e+01  0.000000e+00  1.365119e+02
     vertex  1.113107e+01  0.000000e+00  1.364306e+02
   endloop
 endfacet
 facet normal  9.828989e-01  0.000000e+00 -1.841461e-01
   outer loop
     vertex  1.114400e+01  8.000000e+00  1.365119e+02
     vertex  1.115916e+01  0.000000e+00  1.365928e+02
     vertex  1.114400e+01  0.000000e+00  1.365119e+02
   endloop
 endfacet
 facet normal  9.875808e-01  0.000000e+00 -1.571119e-01
   outer loop
     vertex  1.114400e+01  8.000000e+00  1.365119e+02
     vertex  1.113107e+01  0.000000e+00  1.364306e+02
     vertex  1.113107e+01  8.000000e+00  1.364306e+02
   endloop
 endfacet
 facet normal  9.828989e-01  0.000000e+00 -1.841461e-01
   outer loop
     vertex  1.115916e+01  8.000000e+00  1.365928e+02
     vertex  1.115916e+01  0.000000e+00  1.365928e+02
     vertex  1.114400e+01  8.000000e+00  1.365119e+02
   endloop
 endfacet
 facet normal  9.774771e-01  0.000000e+00 -2.110417e-01
   outer loop
     vertex  1.117653e+01  8.000000e+00  1.366733e+02
     vertex  1.117653e+01  0.000000e+00  1.366733e+02
     vertex  1.115916e+01  0.000000e+00  1.365928e+02
   endloop
 endfacet
 facet normal  9.774771e-01  0.000000e+00 -2.110417e-01
   outer loop
     vertex  1.117653e+01  8.000000e+00  1.366733e+02
     vertex  1.115916e+01  0.000000e+00  1.365928e+02
     vertex  1.115916e+01  8.000000e+00  1.365928e+02
   endloop
 endfacet
 facet normal  9.713194e-01  0.000000e+00 -2.377784e-01
   outer loop
     vertex  1.119610e+01  8.000000e+00  1.367532e+02
     vertex  1.119610e+01  0.000000e+00  1.367532e+02
     vertex  1.117653e+01  0.000000e+00  1.366733e+02
   endloop
 endfacet
 facet normal  9.713194e-01  0.000000e+00 -2.377784e-01
   outer loop
     vertex  1.119610e+01  8.000000e+00  1.367532e+02
     vertex  1.117653e+01  0.000000e+00  1.366733e+02
     vertex  1.117653e+01  8.000000e+00  1.366733e+02
   endloop
 endfacet
 facet normal  9.644306e-01  0.000000e+00 -2.643362e-01
   outer loop
     vertex  1.121786e+01  8.000000e+00  1.368326e+02
     vertex  1.121786e+01  0.000000e+00  1.368326e+02
     vertex  1.119610e+01  0.000000e+00  1.367532e+02
   endloop
 endfacet
 facet normal  9.644306e-01  0.000000e+00 -2.643362e-01
   outer loop
     vertex  1.121786e+01  8.000000e+00  1.368326e+02
     vertex  1.119610e+01  0.000000e+00  1.367532e+02
     vertex  1.119610e+01  8.000000e+00  1.367532e+02
   endloop
 endfacet
 facet normal  9.568158e-01  0.000000e+00 -2.906949e-01
   outer loop
     vertex  1.124179e+01  8.000000e+00  1.369114e+02
     vertex  1.124179e+01  0.000000e+00  1.369114e+02
     vertex  1.121786e+01  0.000000e+00  1.368326e+02
   endloop
 endfacet
 facet normal  9.568158e-01  0.000000e+00 -2.906949e-01
   outer loop
     vertex  1.124179e+01  8.000000e+00  1.369114e+02
     vertex  1.121786e+01  0.000000e+00  1.368326e+02
     vertex  1.121786e+01  8.000000e+00  1.368326e+02
   endloop
 endfacet
 facet normal  9.484807e-01  0.000000e+00 -3.168348e-01
   outer loop
     vertex  1.126786e+01  8.000000e+00  1.369894e+02
     vertex  1.126786e+01  0.000000e+00  1.369894e+02
     vertex  1.124179e+01  0.000000e+00  1.369114e+02
   endloop
 endfacet
 facet normal  9.484807e-01  0.000000e+00 -3.168348e-01
   outer loop
     vertex  1.126786e+01  8.000000e+00  1.369894e+02
     vertex  1.124179e+01  0.000000e+00  1.369114e+02
     vertex  1.124179e+01  8.000000e+00  1.369114e+02
   endloop
 endfacet
 facet normal  9.394317e-01  0.000000e+00 -3.427362e-01
   outer loop
     vertex  1.129608e+01  8.000000e+00  1.370668e+02
     vertex  1.129608e+01  0.000000e+00  1.370668e+02
     vertex  1.126786e+01  0.000000e+00  1.369894e+02
   endloop
 endfacet
 facet normal  9.394317e-01  0.000000e+00 -3.427362e-01
   outer loop
     vertex  1.129608e+01  8.000000e+00  1.370668e+02
     vertex  1.126786e+01  0.000000e+00  1.369894e+02
     vertex  1.126786e+01  8.000000e+00  1.369894e+02
   endloop
 endfacet
 facet normal  9.296754e-01  0.000000e+00 -3.683796e-01
   outer loop
     vertex  1.132640e+01  8.000000e+00  1.371433e+02
     vertex  1.132640e+01  0.000000e+00  1.371433e+02
     vertex  1.129608e+01  0.000000e+00  1.370668e+02
   endloop
 endfacet
 facet normal  9.192194e-01  0.000000e+00 -3.937458e-01
   outer loop
     vertex  1.132640e+01  8.000000e+00  1.371433e+02
     vertex  1.135881e+01  0.000000e+00  1.372190e+02
     vertex  1.132640e+01  0.000000e+00  1.371433e+02
   endloop
 endfacet
 facet normal  9.296754e-01  0.000000e+00 -3.683796e-01
   outer loop
     vertex  1.132640e+01  8.000000e+00  1.371433e+02
     vertex  1.129608e+01  0.000000e+00  1.370668e+02
     vertex  1.129608e+01  8.000000e+00  1.370668e+02
   endloop
 endfacet
 facet normal  9.192194e-01  0.000000e+00 -3.937458e-01
   outer loop
     vertex  1.135881e+01  8.000000e+00  1.372190e+02
     vertex  1.135881e+01  0.000000e+00  1.372190e+02
     vertex  1.132640e+01  8.000000e+00  1.371433e+02
   endloop
 endfacet
 facet normal  9.080714e-01  0.000000e+00 -4.188155e-01
   outer loop
     vertex  1.139328e+01  8.000000e+00  1.372937e+02
     vertex  1.135881e+01  0.000000e+00  1.372190e+02
     vertex  1.135881e+01  8.000000e+00  1.372190e+02
   endloop
 endfacet
 facet normal  9.080714e-01  0.000000e+00 -4.188155e-01
   outer loop
     vertex  1.139328e+01  8.000000e+00  1.372937e+02
     vertex  1.139328e+01  0.000000e+00  1.372937e+02
     vertex  1.135881e+01  0.000000e+00  1.372190e+02
   endloop
 endfacet
 facet normal  8.962398e-01  0.000000e+00 -4.435699e-01
   outer loop
     vertex  1.142979e+01  8.000000e+00  1.373675e+02
     vertex  1.139328e+01  0.000000e+00  1.372937e+02
     vertex  1.139328e+01  8.000000e+00  1.372937e+02
   endloop
 endfacet
 facet normal  8.962398e-01  0.000000e+00 -4.435699e-01
   outer loop
     vertex  1.142979e+01  8.000000e+00  1.373675e+02
     vertex  1.142979e+01  0.000000e+00  1.373675e+02
     vertex  1.139328e+01  0.000000e+00  1.372937e+02
   endloop
 endfacet
 facet normal  8.837335e-01  0.000000e+00 -4.679904e-01
   outer loop
     vertex  1.146831e+01  8.000000e+00  1.374402e+02
     vertex  1.142979e+01  0.000000e+00  1.373675e+02
     vertex  1.142979e+01  8.000000e+00  1.373675e+02
   endloop
 endfacet
 facet normal  8.837335e-01  0.000000e+00 -4.679904e-01
   outer loop
     vertex  1.146831e+01  8.000000e+00  1.374402e+02
     vertex  1.146831e+01  0.000000e+00  1.374402e+02
     vertex  1.142979e+01  0.000000e+00  1.373675e+02
   endloop
 endfacet
 facet normal  8.705620e-01  0.000000e+00 -4.920587e-01
   outer loop
     vertex  1.150881e+01  8.000000e+00  1.375119e+02
     vertex  1.150881e+01  0.000000e+00  1.375119e+02
     vertex  1.146831e+01  0.000000e+00  1.374402e+02
   endloop
 endfacet
 facet normal  8.705620e-01  0.000000e+00 -4.920587e-01
   outer loop
     vertex  1.150881e+01  8.000000e+00  1.375119e+02
     vertex  1.146831e+01  0.000000e+00  1.374402e+02
     vertex  1.146831e+01  8.000000e+00  1.374402e+02
   endloop
 endfacet
 facet normal  8.567352e-01  0.000000e+00 -5.157565e-01
   outer loop
     vertex  1.155126e+01  8.000000e+00  1.375824e+02
     vertex  1.150881e+01  0.000000e+00  1.375119e+02
     vertex  1.150881e+01  8.000000e+00  1.375119e+02
   endloop
 endfacet
 facet normal  8.567352e-01  0.000000e+00 -5.157565e-01
   outer loop
     vertex  1.155126e+01  8.000000e+00  1.375824e+02
     vertex  1.155126e+01  0.000000e+00  1.375824e+02
     vertex  1.150881e+01  0.000000e+00  1.375119e+02
   endloop
 endfacet
 facet normal  8.422635e-01  0.000000e+00 -5.390661e-01
   outer loop
     vertex  1.159563e+01  8.000000e+00  1.376517e+02
     vertex  1.159563e+01  0.000000e+00  1.376517e+02
     vertex  1.155126e+01  0.000000e+00  1.375824e+02
   endloop
 endfacet
 facet normal  8.422635e-01  0.000000e+00 -5.390661e-01
   outer loop
     vertex  1.159563e+01  8.000000e+00  1.376517e+02
     vertex  1.155126e+01  0.000000e+00  1.375824e+02
     vertex  1.155126e+01  8.000000e+00  1.375824e+02
   endloop
 endfacet
 facet normal  8.271577e-01  0.000000e+00 -5.619699e-01
   outer loop
     vertex  1.164189e+01  8.000000e+00  1.377198e+02
     vertex  1.164189e+01  0.000000e+00  1.377198e+02
     vertex  1.159563e+01  0.000000e+00  1.376517e+02
   endloop
 endfacet
 facet normal  8.271577e-01  0.000000e+00 -5.619699e-01
   outer loop
     vertex  1.164189e+01  8.000000e+00  1.377198e+02
     vertex  1.159563e+01  0.000000e+00  1.376517e+02
     vertex  1.159563e+01  8.000000e+00  1.376517e+02
   endloop
 endfacet
 facet normal  8.114292e-01  0.000000e+00 -5.844507e-01
   outer loop
     vertex  1.168999e+01  8.000000e+00  1.377866e+02
     vertex  1.168999e+01  0.000000e+00  1.377866e+02
     vertex  1.164189e+01  0.000000e+00  1.377198e+02
   endloop
 endfacet
 facet normal  8.114292e-01  0.000000e+00 -5.844507e-01
   outer loop
     vertex  1.168999e+01  8.000000e+00  1.377866e+02
     vertex  1.164189e+01  0.000000e+00  1.377198e+02
     vertex  1.164189e+01  8.000000e+00  1.377198e+02
   endloop
 endfacet
 facet normal  7.950900e-01  0.000000e+00 -6.064915e-01
   outer loop
     vertex  1.173991e+01  8.000000e+00  1.378520e+02
     vertex  1.173991e+01  0.000000e+00  1.378520e+02
     vertex  1.168999e+01  0.000000e+00  1.377866e+02
   endloop
 endfacet
 facet normal  7.950900e-01  0.000000e+00 -6.064915e-01
   outer loop
     vertex  1.173991e+01  8.000000e+00  1.378520e+02
     vertex  1.168999e+01  0.000000e+00  1.377866e+02
     vertex  1.168999e+01  8.000000e+00  1.377866e+02
   endloop
 endfacet
 facet normal  7.781522e-01  0.000000e+00 -6.280757e-01
   outer loop
     vertex  1.179161e+01  8.000000e+00  1.379161e+02
     vertex  1.179161e+01  0.000000e+00  1.379161e+02
     vertex  1.173991e+01  0.000000e+00  1.378520e+02
   endloop
 endfacet
 facet normal  7.781522e-01  0.000000e+00 -6.280757e-01
   outer loop
     vertex  1.179161e+01  8.000000e+00  1.379161e+02
     vertex  1.173991e+01  0.000000e+00  1.378520e+02
     vertex  1.173991e+01  8.000000e+00  1.378520e+02
   endloop
 endfacet
 facet normal  7.606287e-01  0.000000e+00 -6.491872e-01
   outer loop
     vertex  1.184505e+01  8.000000e+00  1.379787e+02
     vertex  1.184505e+01  0.000000e+00  1.379787e+02
     vertex  1.179161e+01  0.000000e+00  1.379161e+02
   endloop
 endfacet
 facet normal  7.606287e-01  0.000000e+00 -6.491872e-01
   outer loop
     vertex  1.184505e+01  8.000000e+00  1.379787e+02
     vertex  1.179161e+01  0.000000e+00  1.379161e+02
     vertex  1.179161e+01  8.000000e+00  1.379161e+02
   endloop
 endfacet
 facet normal  7.425325e-01  0.000000e+00 -6.698100e-01
   outer loop
     vertex  1.190018e+01  8.000000e+00  1.380398e+02
     vertex  1.190018e+01  0.000000e+00  1.380398e+02
     vertex  1.184505e+01  0.000000e+00  1.379787e+02
   endloop
 endfacet
 facet normal  7.238775e-01  0.000000e+00 -6.899286e-01
   outer loop
     vertex  1.190018e+01  8.000000e+00  1.380398e+02
     vertex  1.195697e+01  0.000000e+00  1.380994e+02
     vertex  1.190018e+01  0.000000e+00  1.380398e+02
   endloop
 endfacet
 facet normal  7.425325e-01  0.000000e+00 -6.698100e-01
   outer loop
     vertex  1.190018e+01  8.000000e+00  1.380398e+02
     vertex  1.184505e+01  0.000000e+00  1.379787e+02
     vertex  1.184505e+01  8.000000e+00  1.379787e+02
   endloop
 endfacet
 facet normal  7.238775e-01  0.000000e+00 -6.899286e-01
   outer loop
     vertex  1.195697e+01  8.000000e+00  1.380994e+02
     vertex  1.195697e+01  0.000000e+00  1.380994e+02
     vertex  1.190018e+01  8.000000e+00  1.380398e+02
   endloop
 endfacet
 facet normal  7.046775e-01  0.000000e+00 -7.095278e-01
   outer loop
     vertex  1.201537e+01  8.000000e+00  1.381574e+02
     vertex  1.201537e+01  0.000000e+00  1.381574e+02
     vertex  1.195697e+01  0.000000e+00  1.380994e+02
   endloop
 endfacet
 facet normal  7.046775e-01  0.000000e+00 -7.095278e-01
   outer loop
     vertex  1.201537e+01  8.000000e+00  1.381574e+02
     vertex  1.195697e+01  0.000000e+00  1.380994e+02
     vertex  1.195697e+01  8.000000e+00  1.380994e+02
   endloop
 endfacet
 facet normal  6.849470e-01  0.000000e+00 -7.285929e-01
   outer loop
     vertex  1.207534e+01  8.000000e+00  1.382138e+02
     vertex  1.207534e+01  0.000000e+00  1.382138e+02
     vertex  1.201537e+01  0.000000e+00  1.381574e+02
   endloop
 endfacet
 facet normal  6.849470e-01  0.000000e+00 -7.285929e-01
   outer loop
     vertex  1.207534e+01  8.000000e+00  1.382138e+02
     vertex  1.201537e+01  0.000000e+00  1.381574e+02
     vertex  1.201537e+01  8.000000e+00  1.381574e+02
   endloop
 endfacet
 facet normal  6.647010e-01  0.000000e+00 -7.471095e-01
   outer loop
     vertex  1.213683e+01  8.000000e+00  1.382685e+02
     vertex  1.213683e+01  0.000000e+00  1.382685e+02
     vertex  1.207534e+01  0.000000e+00  1.382138e+02
   endloop
 endfacet
 facet normal  6.647010e-01  0.000000e+00 -7.471095e-01
   outer loop
     vertex  1.213683e+01  8.000000e+00  1.382685e+02
     vertex  1.207534e+01  0.000000e+00  1.382138e+02
     vertex  1.207534e+01  8.000000e+00  1.382138e+02
   endloop
 endfacet
 facet normal  6.439545e-01  0.000000e+00 -7.650637e-01
   outer loop
     vertex  1.219980e+01  8.000000e+00  1.383215e+02
     vertex  1.219980e+01  0.000000e+00  1.383215e+02
     vertex  1.213683e+01  0.000000e+00  1.382685e+02
   endloop
 endfacet
 facet normal  6.439545e-01  0.000000e+00 -7.650637e-01
   outer loop
     vertex  1.219980e+01  8.000000e+00  1.383215e+02
     vertex  1.213683e+01  0.000000e+00  1.382685e+02
     vertex  1.213683e+01  8.000000e+00  1.382685e+02
   endloop
 endfacet
 facet normal  6.227234e-01  0.000000e+00 -7.824421e-01
   outer loop
     vertex  1.226421e+01  8.000000e+00  1.383727e+02
     vertex  1.226421e+01  0.000000e+00  1.383727e+02
     vertex  1.219980e+01  0.000000e+00  1.383215e+02
   endloop
 endfacet
 facet normal  6.227234e-01  0.000000e+00 -7.824421e-01
   outer loop
     vertex  1.226421e+01  8.000000e+00  1.383727e+02
     vertex  1.219980e+01  0.000000e+00  1.383215e+02
     vertex  1.219980e+01  8.000000e+00  1.383215e+02
   endloop
 endfacet
 facet normal  6.010234e-01  0.000000e+00 -7.992314e-01
   outer loop
     vertex  1.232999e+01  8.000000e+00  1.384222e+02
     vertex  1.232999e+01  0.000000e+00  1.384222e+02
     vertex  1.226421e+01  0.000000e+00  1.383727e+02
   endloop
 endfacet
 facet normal  6.010234e-01  0.000000e+00 -7.992314e-01
   outer loop
     vertex  1.232999e+01  8.000000e+00  1.384222e+02
     vertex  1.226421e+01  0.000000e+00  1.383727e+02
     vertex  1.226421e+01  8.000000e+00  1.383727e+02
   endloop
 endfacet
 facet normal  5.788711e-01  0.000000e+00 -8.154191e-01
   outer loop
     vertex  1.239711e+01  8.000000e+00  1.384699e+02
     vertex  1.239711e+01  0.000000e+00  1.384699e+02
     vertex  1.232999e+01  0.000000e+00  1.384222e+02
   endloop
 endfacet
 facet normal  5.788711e-01  0.000000e+00 -8.154191e-01
   outer loop
     vertex  1.239711e+01  8.000000e+00  1.384699e+02
     vertex  1.232999e+01  0.000000e+00  1.384222e+02
     vertex  1.232999e+01  8.000000e+00  1.384222e+02
   endloop
 endfacet
 facet normal  5.562829e-01  0.000000e+00 -8.309929e-01
   outer loop
     vertex  1.246551e+01  8.000000e+00  1.385156e+02
     vertex  1.246551e+01  0.000000e+00  1.385156e+02
     vertex  1.239711e+01  0.000000e+00  1.384699e+02
   endloop
 endfacet
 facet normal  5.562829e-01  0.000000e+00 -8.309929e-01
   outer loop
     vertex  1.246551e+01  8.000000e+00  1.385156e+02
     vertex  1.239711e+01  0.000000e+00  1.384699e+02
     vertex  1.239711e+01  8.000000e+00  1.384699e+02
   endloop
 endfacet
 facet normal  5.332761e-01  0.000000e+00 -8.459413e-01
   outer loop
     vertex  1.253514e+01  8.000000e+00  1.385595e+02
     vertex  1.253514e+01  0.000000e+00  1.385595e+02
     vertex  1.246551e+01  0.000000e+00  1.385156e+02
   endloop
 endfacet
 facet normal  5.332761e-01  0.000000e+00 -8.459413e-01
   outer loop
     vertex  1.253514e+01  8.000000e+00  1.385595e+02
     vertex  1.246551e+01  0.000000e+00  1.385156e+02
     vertex  1.246551e+01  8.000000e+00  1.385156e+02
   endloop
 endfacet
 facet normal  5.098678e-01  0.000000e+00 -8.602528e-01
   outer loop
     vertex  1.260594e+01  8.000000e+00  1.386015e+02
     vertex  1.260594e+01  0.000000e+00  1.386015e+02
     vertex  1.253514e+01  0.000000e+00  1.385595e+02
   endloop
 endfacet
 facet normal  5.098678e-01  0.000000e+00 -8.602528e-01
   outer loop
     vertex  1.260594e+01  8.000000e+00  1.386015e+02
     vertex  1.253514e+01  0.000000e+00  1.385595e+02
     vertex  1.253514e+01  8.000000e+00  1.385595e+02
   endloop
 endfacet
 facet normal  4.860756e-01  0.000000e+00 -8.739167e-01
   outer loop
     vertex  1.267788e+01  8.000000e+00  1.386415e+02
     vertex  1.267788e+01  0.000000e+00  1.386415e+02
     vertex  1.260594e+01  0.000000e+00  1.386015e+02
   endloop
 endfacet
 facet normal  4.619176e-01  0.000000e+00 -8.869228e-01
   outer loop
     vertex  1.267788e+01  8.000000e+00  1.386415e+02
     vertex  1.275088e+01  0.000000e+00  1.386795e+02
     vertex  1.267788e+01  0.000000e+00  1.386415e+02
   endloop
 endfacet
 facet normal  4.860756e-01  0.000000e+00 -8.739167e-01
   outer loop
     vertex  1.267788e+01  8.000000e+00  1.386415e+02
     vertex  1.260594e+01  0.000000e+00  1.386015e+02
     vertex  1.260594e+01  8.000000e+00  1.386015e+02
   endloop
 endfacet
 facet normal  4.619176e-01  0.000000e+00 -8.869228e-01
   outer loop
     vertex  1.275088e+01  8.000000e+00  1.386795e+02
     vertex  1.275088e+01  0.000000e+00  1.386795e+02
     vertex  1.267788e+01  8.000000e+00  1.386415e+02
   endloop
 endfacet
 facet normal  4.374119e-01  0.000000e+00 -8.992613e-01
   outer loop
     vertex  1.275088e+01  8.000000e+00  1.386795e+02
     vertex  1.282490e+01  0.000000e+00  1.387155e+02
     vertex  1.275088e+01  0.000000e+00  1.386795e+02
   endloop
 endfacet
 facet normal  4.374119e-01  0.000000e+00 -8.992613e-01
   outer loop
     vertex  1.282490e+01  8.000000e+00  1.387155e+02
     vertex  1.282490e+01  0.000000e+00  1.387155e+02
     vertex  1.275088e+01  8.000000e+00  1.386795e+02
   endloop
 endfacet
 facet normal  4.125769e-01  0.000000e+00 -9.109228e-01
   outer loop
     vertex  1.289987e+01  8.000000e+00  1.387495e+02
     vertex  1.282490e+01  0.000000e+00  1.387155e+02
     vertex  1.282490e+01  8.000000e+00  1.387155e+02
   endloop
 endfacet
 facet normal  4.125769e-01  0.000000e+00 -9.109228e-01
   outer loop
     vertex  1.289987e+01  8.000000e+00  1.387495e+02
     vertex  1.289987e+01  0.000000e+00  1.387495e+02
     vertex  1.282490e+01  0.000000e+00  1.387155e+02
   endloop
 endfacet
 facet normal  3.874313e-01  0.000000e+00 -9.218986e-01
   outer loop
     vertex  1.297576e+01  8.000000e+00  1.387814e+02
     vertex  1.289987e+01  0.000000e+00  1.387495e+02
     vertex  1.289987e+01  8.000000e+00  1.387495e+02
   endloop
 endfacet
 facet normal  3.874313e-01  0.000000e+00 -9.218986e-01
   outer loop
     vertex  1.297576e+01  8.000000e+00  1.387814e+02
     vertex  1.297576e+01  0.000000e+00  1.387814e+02
     vertex  1.289987e+01  0.000000e+00  1.387495e+02
   endloop
 endfacet
 facet normal  3.619940e-01  0.000000e+00 -9.321804e-01
   outer loop
     vertex  1.305248e+01  8.000000e+00  1.388112e+02
     vertex  1.297576e+01  0.000000e+00  1.387814e+02
     vertex  1.297576e+01  8.000000e+00  1.387814e+02
   endloop
 endfacet
 facet normal  3.619940e-01  0.000000e+00 -9.321804e-01
   outer loop
     vertex  1.305248e+01  8.000000e+00  1.388112e+02
     vertex  1.305248e+01  0.000000e+00  1.388112e+02
     vertex  1.297576e+01  0.000000e+00  1.387814e+02
   endloop
 endfacet
 facet normal  3.362843e-01  0.000000e+00 -9.417605e-01
   outer loop
     vertex  1.313000e+01  8.000000e+00  1.388389e+02
     vertex  1.305248e+01  0.000000e+00  1.388112e+02
     vertex  1.305248e+01  8.000000e+00  1.388112e+02
   endloop
 endfacet
 facet normal  3.362843e-01  0.000000e+00 -9.417605e-01
   outer loop
     vertex  1.313000e+01  8.000000e+00  1.388389e+02
     vertex  1.313000e+01  0.000000e+00  1.388389e+02
     vertex  1.305248e+01  0.000000e+00  1.388112e+02
   endloop
 endfacet
 facet normal  3.103214e-01  0.000000e+00 -9.506317e-01
   outer loop
     vertex  1.320825e+01  8.000000e+00  1.388644e+02
     vertex  1.313000e+01  0.000000e+00  1.388389e+02
     vertex  1.313000e+01  8.000000e+00  1.388389e+02
   endloop
 endfacet
 facet normal  3.103214e-01  0.000000e+00 -9.506317e-01
   outer loop
     vertex  1.320825e+01  8.000000e+00  1.388644e+02
     vertex  1.320825e+01  0.000000e+00  1.388644e+02
     vertex  1.313000e+01  0.000000e+00  1.388389e+02
   endloop
 endfacet
 facet normal  2.841250e-01  0.000000e+00 -9.587873e-01
   outer loop
     vertex  1.328716e+01  8.000000e+00  1.388878e+02
     vertex  1.320825e+01  0.000000e+00  1.388644e+02
     vertex  1.320825e+01  8.000000e+00  1.388644e+02
   endloop
 endfacet
 facet normal  2.841250e-01  0.000000e+00 -9.587873e-01
   outer loop
     vertex  1.328716e+01  8.000000e+00  1.388878e+02
     vertex  1.328716e+01  0.000000e+00  1.388878e+02
     vertex  1.320825e+01  0.000000e+00  1.388644e+02
   endloop
 endfacet
 facet normal  2.577146e-01  0.000000e+00 -9.662211e-01
   outer loop
     vertex  1.336669e+01  8.000000e+00  1.389090e+02
     vertex  1.328716e+01  0.000000e+00  1.388878e+02
     vertex  1.328716e+01  8.000000e+00  1.388878e+02
   endloop
 endfacet
 facet normal  2.577146e-01  0.000000e+00 -9.662211e-01
   outer loop
     vertex  1.336669e+01  8.000000e+00  1.389090e+02
     vertex  1.336669e+01  0.000000e+00  1.389090e+02
     vertex  1.328716e+01  0.000000e+00  1.388878e+02
   endloop
 endfacet
 facet normal  2.311102e-01  0.000000e+00 -9.729276e-01
   outer loop
     vertex  1.344678e+01  8.000000e+00  1.389280e+02
     vertex  1.336669e+01  0.000000e+00  1.389090e+02
     vertex  1.336669e+01  8.000000e+00  1.389090e+02
   endloop
 endfacet
 facet normal  2.311102e-01  0.000000e+00 -9.729276e-01
   outer loop
     vertex  1.344678e+01  8.000000e+00  1.389280e+02
     vertex  1.344678e+01  0.000000e+00  1.389280e+02
     vertex  1.336669e+01  0.000000e+00  1.389090e+02
   endloop
 endfacet
 facet normal  2.043319e-01  0.000000e+00 -9.789017e-01
   outer loop
     vertex  1.352735e+01  8.000000e+00  1.389448e+02
     vertex  1.344678e+01  0.000000e+00  1.389280e+02
     vertex  1.344678e+01  8.000000e+00  1.389280e+02
   endloop
 endfacet
 facet normal  2.043319e-01  0.000000e+00 -9.789017e-01
   outer loop
     vertex  1.352735e+01  8.000000e+00  1.389448e+02
     vertex  1.352735e+01  0.000000e+00  1.389448e+02
     vertex  1.344678e+01  0.000000e+00  1.389280e+02
   endloop
 endfacet
 facet normal  1.773998e-01  0.000000e+00 -9.841389e-01
   outer loop
     vertex  1.360835e+01  8.000000e+00  1.389594e+02
     vertex  1.352735e+01  0.000000e+00  1.389448e+02
     vertex  1.352735e+01  8.000000e+00  1.389448e+02
   endloop
 endfacet
 facet normal  1.773998e-01  0.000000e+00 -9.841389e-01
   outer loop
     vertex  1.360835e+01  8.000000e+00  1.389594e+02
     vertex  1.360835e+01  0.000000e+00  1.389594e+02
     vertex  1.352735e+01  0.000000e+00  1.389448e+02
   endloop
 endfacet
 facet normal  1.503341e-01  0.000000e+00 -9.886353e-01
   outer loop
     vertex  1.360835e+01  8.000000e+00  1.389594e+02
     vertex  1.368973e+01  0.000000e+00  1.389718e+02
     vertex  1.360835e+01  0.000000e+00  1.389594e+02
   endloop
 endfacet
 facet normal  1.503341e-01  0.000000e+00 -9.886353e-01
   outer loop
     vertex  1.368973e+01  8.000000e+00  1.389718e+02
     vertex  1.368973e+01  0.000000e+00  1.389718e+02
     vertex  1.360835e+01  8.000000e+00  1.389594e+02
   endloop
 endfacet
 facet normal  1.231552e-01  0.000000e+00 -9.923874e-01
   outer loop
     vertex  1.377141e+01  8.000000e+00  1.389820e+02
     vertex  1.377141e+01  0.000000e+00  1.389820e+02
     vertex  1.368973e+01  0.000000e+00  1.389718e+02
   endloop
 endfacet
 facet normal  1.231552e-01  0.000000e+00 -9.923874e-01
   outer loop
     vertex  1.377141e+01  8.000000e+00  1.389820e+02
     vertex  1.368973e+01  0.000000e+00  1.389718e+02
     vertex  1.368973e+01  8.000000e+00  1.389718e+02
   endloop
 endfacet
 facet normal  9.588368e-02  0.000000e+00 -9.953925e-01
   outer loop
     vertex  1.385334e+01  8.000000e+00  1.389898e+02
     vertex  1.385334e+01  0.000000e+00  1.389898e+02
     vertex  1.377141e+01  0.000000e+00  1.389820e+02
   endloop
 endfacet
 facet normal  9.588368e-02  0.000000e+00 -9.953925e-01
   outer loop
     vertex  1.385334e+01  8.000000e+00  1.389898e+02
     vertex  1.377141e+01  0.000000e+00  1.389820e+02
     vertex  1.377141e+01  8.000000e+00  1.389820e+02
   endloop
 endfacet
 facet normal  6.853995e-02  0.000000e+00 -9.976484e-01
   outer loop
     vertex  1.393546e+01  8.000000e+00  1.389955e+02
     vertex  1.393546e+01  0.000000e+00  1.389955e+02
     vertex  1.385334e+01  0.000000e+00  1.389898e+02
   endloop
 endfacet
 facet normal  6.853995e-02  0.000000e+00 -9.976484e-01
   outer loop
     vertex  1.393546e+01  8.000000e+00  1.389955e+02
     vertex  1.385334e+01  0.000000e+00  1.389898e+02
     vertex  1.385334e+01  8.000000e+00  1.389898e+02
   endloop
 endfacet
 facet normal  4.114462e-02  0.000000e+00 -9.991532e-01
   outer loop
     vertex  1.401770e+01  8.000000e+00  1.389989e+02
     vertex  1.401770e+01  0.000000e+00  1.389989e+02
     vertex  1.393546e+01  0.000000e+00  1.389955e+02
   endloop
 endfacet
 facet normal  4.114462e-02  0.000000e+00 -9.991532e-01
   outer loop
     vertex  1.401770e+01  8.000000e+00  1.389989e+02
     vertex  1.393546e+01  0.000000e+00  1.389955e+02
     vertex  1.393546e+01  8.000000e+00  1.389955e+02
   endloop
 endfacet
 facet normal  1.371831e-02  0.000000e+00 -9.999059e-01
   outer loop
     vertex  1.410000e+01  8.000000e+00  1.390000e+02
     vertex  1.410000e+01  0.000000e+00  1.390000e+02
     vertex  1.401770e+01  0.000000e+00  1.389989e+02
   endloop
 endfacet
 facet normal  1.371831e-02  0.000000e+00 -9.999059e-01
   outer loop
     vertex  1.410000e+01  8.000000e+00  1.390000e+02
     vertex  1.401770e+01  0.000000e+00  1.389989e+02
     vertex  1.401770e+01  8.000000e+00  1.389989e+02
   endloop
 endfacet
 facet normal -1.371831e-02  0.000000e+00 -9.999059e-01
   outer loop
     vertex  1.414389e+01  8.000000e+00  1.525994e+02
     vertex  1.410000e+01  0.000000e+00  1.526000e+02
     vertex  1.410000e+01  8.000000e+00  1.526000e+02
   endloop
 endfacet
 facet normal -1.371831e-02 -0.000000e+00 -9.999059e-01
   outer loop
     vertex  1.414389e+01  8.000000e+00  1.525994e+02
     vertex  1.414389e+01  0.000000e+00  1.525994e+02
     vertex  1.410000e+01  0.000000e+00  1.526000e+02
   endloop
 endfacet
 facet normal -4.114462e-02 -0.000000e+00 -9.991532e-01
   outer loop
     vertex  1.418776e+01  8.000000e+00  1.525976e+02
     vertex  1.418776e+01  0.000000e+00  1.525976e+02
     vertex  1.414389e+01  0.000000e+00  1.525994e+02
   endloop
 endfacet
 facet normal -4.114462e-02  0.000000e+00 -9.991532e-01
   outer loop
     vertex  1.418776e+01  8.000000e+00  1.525976e+02
     vertex  1.414389e+01  0.000000e+00  1.525994e+02
     vertex  1.414389e+01  8.000000e+00  1.525994e+02
   endloop
 endfacet
 facet normal -6.853995e-02 -0.000000e+00 -9.976484e-01
   outer loop
     vertex  1.423155e+01  8.000000e+00  1.525946e+02
     vertex  1.423155e+01  0.000000e+00  1.525946e+02
     vertex  1.418776e+01  0.000000e+00  1.525976e+02
   endloop
 endfacet
 facet normal -6.853995e-02  0.000000e+00 -9.976484e-01
   outer loop
     vertex  1.423155e+01  8.000000e+00  1.525946e+02
     vertex  1.418776e+01  0.000000e+00  1.525976e+02
     vertex  1.418776e+01  8.000000e+00  1.525976e+02
   endloop
 endfacet
 facet normal -9.588368e-02 -0.000000e+00 -9.953925e-01
   outer loop
     vertex  1.427525e+01  8.000000e+00  1.525904e+02
     vertex  1.427525e+01  0.000000e+00  1.525904e+02
     vertex  1.423155e+01  0.000000e+00  1.525946e+02
   endloop
 endfacet
 facet normal -9.588368e-02  0.000000e+00 -9.953925e-01
   outer loop
     vertex  1.427525e+01  8.000000e+00  1.525904e+02
     vertex  1.423155e+01  0.000000e+00  1.525946e+02
     vertex  1.423155e+01  8.000000e+00  1.525946e+02
   endloop
 endfacet
 facet normal -1.231552e-01 -0.000000e+00 -9.923874e-01
   outer loop
     vertex  1.431881e+01  8.000000e+00  1.525850e+02
     vertex  1.431881e+01  0.000000e+00  1.525850e+02
     vertex  1.427525e+01  0.000000e+00  1.525904e+02
   endloop
 endfacet
 facet normal -1.231552e-01  0.000000e+00 -9.923874e-01
   outer loop
     vertex  1.431881e+01  8.000000e+00  1.525850e+02
     vertex  1.427525e+01  0.000000e+00  1.525904e+02
     vertex  1.427525e+01  8.000000e+00  1.525904e+02
   endloop
 endfacet
 facet normal -1.503341e-01 -0.000000e+00 -9.886353e-01
   outer loop
     vertex  1.436221e+01  8.000000e+00  1.525784e+02
     vertex  1.436221e+01  0.000000e+00  1.525784e+02
     vertex  1.431881e+01  0.000000e+00  1.525850e+02
   endloop
 endfacet
 facet normal -1.503341e-01  0.000000e+00 -9.886353e-01
   outer loop
     vertex  1.436221e+01  8.000000e+00  1.525784e+02
     vertex  1.431881e+01  0.000000e+00  1.525850e+02
     vertex  1.431881e+01  8.000000e+00  1.525850e+02
   endloop
 endfacet
 facet normal -1.773998e-01 -0.000000e+00 -9.841389e-01
   outer loop
     vertex  1.440541e+01  8.000000e+00  1.525706e+02
     vertex  1.440541e+01  0.000000e+00  1.525706e+02
     vertex  1.436221e+01  0.000000e+00  1.525784e+02
   endloop
 endfacet
 facet normal -1.773998e-01  0.000000e+00 -9.841389e-01
   outer loop
     vertex  1.440541e+01  8.000000e+00  1.525706e+02
     vertex  1.436221e+01  0.000000e+00  1.525784e+02
     vertex  1.436221e+01  8.000000e+00  1.525784e+02
   endloop
 endfacet
 facet normal -2.043319e-01 -0.000000e+00 -9.789017e-01
   outer loop
     vertex  1.444839e+01  8.000000e+00  1.525616e+02
     vertex  1.444839e+01  0.000000e+00  1.525616e+02
     vertex  1.440541e+01  0.000000e+00  1.525706e+02
   endloop
 endfacet
 facet normal -2.043319e-01  0.000000e+00 -9.789017e-01
   outer loop
     vertex  1.444839e+01  8.000000e+00  1.525616e+02
     vertex  1.440541e+01  0.000000e+00  1.525706e+02
     vertex  1.440541e+01  8.000000e+00  1.525706e+02
   endloop
 endfacet
 facet normal -2.311102e-01 -0.000000e+00 -9.729276e-01
   outer loop
     vertex  1.449110e+01  8.000000e+00  1.525515e+02
     vertex  1.449110e+01  0.000000e+00  1.525515e+02
     vertex  1.444839e+01  0.000000e+00  1.525616e+02
   endloop
 endfacet
 facet normal -2.311102e-01  0.000000e+00 -9.729276e-01
   outer loop
     vertex  1.449110e+01  8.000000e+00  1.525515e+02
     vertex  1.444839e+01  0.000000e+00  1.525616e+02
     vertex  1.444839e+01  8.000000e+00  1.525616e+02
   endloop
 endfacet
 facet normal -2.577146e-01  0.000000e+00 -9.662211e-01
   outer loop
     vertex  1.453351e+01  8.000000e+00  1.525402e+02
     vertex  1.449110e+01  0.000000e+00  1.525515e+02
     vertex  1.449110e+01  8.000000e+00  1.525515e+02
   endloop
 endfacet
 facet normal -2.577146e-01 -0.000000e+00 -9.662211e-01
   outer loop
     vertex  1.453351e+01  8.000000e+00  1.525402e+02
     vertex  1.453351e+01  0.000000e+00  1.525402e+02
     vertex  1.449110e+01  0.000000e+00  1.525515e+02
   endloop
 endfacet
 facet normal -2.841250e-01  0.000000e+00 -9.587873e-01
   outer loop
     vertex  1.457560e+01  8.000000e+00  1.525277e+02
     vertex  1.453351e+01  0.000000e+00  1.525402e+02
     vertex  1.453351e+01  8.000000e+00  1.525402e+02
   endloop
 endfacet
 facet normal -2.841250e-01 -0.000000e+00 -9.587873e-01
   outer loop
     vertex  1.457560e+01  8.000000e+00  1.525277e+02
     vertex  1.457560e+01  0.000000e+00  1.525277e+02
     vertex  1.453351e+01  0.000000e+00  1.525402e+02
   endloop
 endfacet
 facet normal -3.103214e-01  0.000000e+00 -9.506317e-01
   outer loop
     vertex  1.461733e+01  8.000000e+00  1.525141e+02
     vertex  1.457560e+01  0.000000e+00  1.525277e+02
     vertex  1.457560e+01  8.000000e+00  1.525277e+02
   endloop
 endfacet
 facet normal -3.103214e-01 -0.000000e+00 -9.506317e-01
   outer loop
     vertex  1.461733e+01  8.000000e+00  1.525141e+02
     vertex  1.461733e+01  0.000000e+00  1.525141e+02
     vertex  1.457560e+01  0.000000e+00  1.525277e+02
   endloop
 endfacet
 facet normal -3.362843e-01 -0.000000e+00 -9.417605e-01
   outer loop
     vertex  1.461733e+01  8.000000e+00  1.525141e+02
     vertex  1.465868e+01  0.000000e+00  1.524993e+02
     vertex  1.461733e+01  0.000000e+00  1.525141e+02
   endloop
 endfacet
 facet normal -3.362843e-01 -0.000000e+00 -9.417605e-01
   outer loop
     vertex  1.465868e+01  8.000000e+00  1.524993e+02
     vertex  1.465868e+01  0.000000e+00  1.524993e+02
     vertex  1.461733e+01  8.000000e+00  1.525141e+02
   endloop
 endfacet
 facet normal -3.619940e-01  0.000000e+00 -9.321804e-01
   outer loop
     vertex  1.469960e+01  8.000000e+00  1.524834e+02
     vertex  1.465868e+01  0.000000e+00  1.524993e+02
     vertex  1.465868e+01  8.000000e+00  1.524993e+02
   endloop
 endfacet
 facet normal -3.619940e-01 -0.000000e+00 -9.321804e-01
   outer loop
     vertex  1.469960e+01  8.000000e+00  1.524834e+02
     vertex  1.469960e+01  0.000000e+00  1.524834e+02
     vertex  1.465868e+01  0.000000e+00  1.524993e+02
   endloop
 endfacet
 facet normal -3.874313e-01 -0.000000e+00 -9.218986e-01
   outer loop
     vertex  1.469960e+01  8.000000e+00  1.524834e+02
     vertex  1.474007e+01  0.000000e+00  1.524664e+02
     vertex  1.469960e+01  0.000000e+00  1.524834e+02
   endloop
 endfacet
 facet normal -3.874313e-01 -0.000000e+00 -9.218986e-01
   outer loop
     vertex  1.474007e+01  8.000000e+00  1.524664e+02
     vertex  1.474007e+01  0.000000e+00  1.524664e+02
     vertex  1.469960e+01  8.000000e+00  1.524834e+02
   endloop
 endfacet
 facet normal -4.125769e-01  0.000000e+00 -9.109228e-01
   outer loop
     vertex  1.478005e+01  8.000000e+00  1.524483e+02
     vertex  1.474007e+01  0.000000e+00  1.524664e+02
     vertex  1.474007e+01  8.000000e+00  1.524664e+02
   endloop
 endfacet
 facet normal -4.125769e-01 -0.000000e+00 -9.109228e-01
   outer loop
     vertex  1.478005e+01  8.000000e+00  1.524483e+02
     vertex  1.478005e+01  0.000000e+00  1.524483e+02
     vertex  1.474007e+01  0.000000e+00  1.524664e+02
   endloop
 endfacet
 facet normal -4.374119e-01  0.000000e+00 -8.992613e-01
   outer loop
     vertex  1.481953e+01  8.000000e+00  1.524291e+02
     vertex  1.478005e+01  0.000000e+00  1.524483e+02
     vertex  1.478005e+01  8.000000e+00  1.524483e+02
   endloop
 endfacet
 facet normal -4.374119e-01 -0.000000e+00 -8.992613e-01
   outer loop
     vertex  1.481953e+01  8.000000e+00  1.524291e+02
     vertex  1.481953e+01  0.000000e+00  1.524291e+02
     vertex  1.478005e+01  0.000000e+00  1.524483e+02
   endloop
 endfacet
 facet normal -4.619176e-01 -0.000000e+00 -8.869228e-01
   outer loop
     vertex  1.481953e+01  8.000000e+00  1.524291e+02
     vertex  1.485847e+01  0.000000e+00  1.524088e+02
     vertex  1.481953e+01  0.000000e+00  1.524291e+02
   endloop
 endfacet
 facet normal -4.619176e-01 -0.000000e+00 -8.869228e-01
   outer loop
     vertex  1.485847e+01  8.000000e+00  1.524088e+02
     vertex  1.485847e+01  0.000000e+00  1.524088e+02
     vertex  1.481953e+01  8.000000e+00  1.524291e+02
   endloop
 endfacet
 facet normal -4.860756e-01  0.000000e+00 -8.739167e-01
   outer loop
     vertex  1.489683e+01  8.000000e+00  1.523875e+02
     vertex  1.485847e+01  0.000000e+00  1.524088e+02
     vertex  1.485847e+01  8.000000e+00  1.524088e+02
   endloop
 endfacet
 facet normal -4.860756e-01 -0.000000e+00 -8.739167e-01
   outer loop
     vertex  1.489683e+01  8.000000e+00  1.523875e+02
     vertex  1.489683e+01  0.000000e+00  1.523875e+02
     vertex  1.485847e+01  0.000000e+00  1.524088e+02
   endloop
 endfacet
 facet normal -5.098678e-01  0.000000e+00 -8.602528e-01
   outer loop
     vertex  1.493459e+01  8.000000e+00  1.523651e+02
     vertex  1.489683e+01  0.000000e+00  1.523875e+02
     vertex  1.489683e+01  8.000000e+00  1.523875e+02
   endloop
 endfacet
 facet normal -5.098678e-01 -0.000000e+00 -8.602528e-01
   outer loop
     vertex  1.493459e+01  8.000000e+00  1.523651e+02
     vertex  1.493459e+01  0.000000e+00  1.523651e+02
     vertex  1.489683e+01  0.000000e+00  1.523875e+02
   endloop
 endfacet
 facet normal -5.332761e-01  0.000000e+00 -8.459413e-01
   outer loop
     vertex  1.497173e+01  8.000000e+00  1.523417e+02
     vertex  1.493459e+01  0.000000e+00  1.523651e+02
     vertex  1.493459e+01  8.000000e+00  1.523651e+02
   endloop
 endfacet
 facet normal -5.332761e-01 -0.000000e+00 -8.459413e-01
   outer loop
     vertex  1.497173e+01  8.000000e+00  1.523417e+02
     vertex  1.497173e+01  0.000000e+00  1.523417e+02
     vertex  1.493459e+01  0.000000e+00  1.523651e+02
   endloop
 endfacet
 facet normal -5.562829e-01 -0.000000e+00 -8.309929e-01
   outer loop
     vertex  1.500821e+01  8.000000e+00  1.523173e+02
     vertex  1.500821e+01  0.000000e+00  1.523173e+02
     vertex  1.497173e+01  0.000000e+00  1.523417e+02
   endloop
 endfacet
 facet normal -5.562829e-01  0.000000e+00 -8.309929e-01
   outer loop
     vertex  1.500821e+01  8.000000e+00  1.523173e+02
     vertex  1.497173e+01  0.000000e+00  1.523417e+02
     vertex  1.497173e+01  8.000000e+00  1.523417e+02
   endloop
 endfacet
 facet normal -5.788711e-01 -0.000000e+00 -8.154191e-01
   outer loop
     vertex  1.504400e+01  8.000000e+00  1.522918e+02
     vertex  1.504400e+01  0.000000e+00  1.522918e+02
     vertex  1.500821e+01  0.000000e+00  1.523173e+02
   endloop
 endfacet
 facet normal -5.788711e-01  0.000000e+00 -8.154191e-01
   outer loop
     vertex  1.504400e+01  8.000000e+00  1.522918e+02
     vertex  1.500821e+01  0.000000e+00  1.523173e+02
     vertex  1.500821e+01  8.000000e+00  1.523173e+02
   endloop
 endfacet
 facet normal -6.010234e-01 -0.000000e+00 -7.992314e-01
   outer loop
     vertex  1.507909e+01  8.000000e+00  1.522655e+02
     vertex  1.507909e+01  0.000000e+00  1.522655e+02
     vertex  1.504400e+01  0.000000e+00  1.522918e+02
   endloop
 endfacet
 facet normal -6.010234e-01  0.000000e+00 -7.992314e-01
   outer loop
     vertex  1.507909e+01  8.000000e+00  1.522655e+02
     vertex  1.504400e+01  0.000000e+00  1.522918e+02
     vertex  1.504400e+01  8.000000e+00  1.522918e+02
   endloop
 endfacet
 facet normal -6.227234e-01 -0.000000e+00 -7.824421e-01
   outer loop
     vertex  1.511344e+01  8.000000e+00  1.522381e+02
     vertex  1.511344e+01  0.000000e+00  1.522381e+02
     vertex  1.507909e+01  0.000000e+00  1.522655e+02
   endloop
 endfacet
 facet normal -6.227234e-01  0.000000e+00 -7.824421e-01
   outer loop
     vertex  1.511344e+01  8.000000e+00  1.522381e+02
     vertex  1.507909e+01  0.000000e+00  1.522655e+02
     vertex  1.507909e+01  8.000000e+00  1.522655e+02
   endloop
 endfacet
 facet normal -6.439545e-01 -0.000000e+00 -7.650637e-01
   outer loop
     vertex  1.514702e+01  8.000000e+00  1.522099e+02
     vertex  1.514702e+01  0.000000e+00  1.522099e+02
     vertex  1.511344e+01  0.000000e+00  1.522381e+02
   endloop
 endfacet
 facet normal -6.439545e-01  0.000000e+00 -7.650637e-01
   outer loop
     vertex  1.514702e+01  8.000000e+00  1.522099e+02
     vertex  1.511344e+01  0.000000e+00  1.522381e+02
     vertex  1.511344e+01  8.000000e+00  1.522381e+02
   endloop
 endfacet
 facet normal -6.647010e-01 -0.000000e+00 -7.471095e-01
   outer loop
     vertex  1.517982e+01  8.000000e+00  1.521807e+02
     vertex  1.517982e+01  0.000000e+00  1.521807e+02
     vertex  1.514702e+01  0.000000e+00  1.522099e+02
   endloop
 endfacet
 facet normal -6.647010e-01  0.000000e+00 -7.471095e-01
   outer loop
     vertex  1.517982e+01  8.000000e+00  1.521807e+02
     vertex  1.514702e+01  0.000000e+00  1.522099e+02
     vertex  1.514702e+01  8.000000e+00  1.522099e+02
   endloop
 endfacet
 facet normal -6.849470e-01 -0.000000e+00 -7.285929e-01
   outer loop
     vertex  1.521180e+01  8.000000e+00  1.521506e+02
     vertex  1.521180e+01  0.000000e+00  1.521506e+02
     vertex  1.517982e+01  0.000000e+00  1.521807e+02
   endloop
 endfacet
 facet normal -6.849470e-01  0.000000e+00 -7.285929e-01
   outer loop
     vertex  1.521180e+01  8.000000e+00  1.521506e+02
     vertex  1.517982e+01  0.000000e+00  1.521807e+02
     vertex  1.517982e+01  8.000000e+00  1.521807e+02
   endloop
 endfacet
 facet normal -7.046775e-01 -0.000000e+00 -7.095278e-01
   outer loop
     vertex  1.524295e+01  8.000000e+00  1.521197e+02
     vertex  1.524295e+01  0.000000e+00  1.521197e+02
     vertex  1.521180e+01  0.000000e+00  1.521506e+02
   endloop
 endfacet
 facet normal -7.046775e-01  0.000000e+00 -7.095278e-01
   outer loop
     vertex  1.524295e+01  8.000000e+00  1.521197e+02
     vertex  1.521180e+01  0.000000e+00  1.521506e+02
     vertex  1.521180e+01  8.000000e+00  1.521506e+02
   endloop
 endfacet
 facet normal -7.238775e-01 -0.000000e+00 -6.899286e-01
   outer loop
     vertex  1.527324e+01  8.000000e+00  1.520879e+02
     vertex  1.527324e+01  0.000000e+00  1.520879e+02
     vertex  1.524295e+01  0.000000e+00  1.521197e+02
   endloop
 endfacet
 facet normal -7.238775e-01  0.000000e+00 -6.899286e-01
   outer loop
     vertex  1.527324e+01  8.000000e+00  1.520879e+02
     vertex  1.524295e+01  0.000000e+00  1.521197e+02
     vertex  1.524295e+01  8.000000e+00  1.521197e+02
   endloop
 endfacet
 facet normal -7.425325e-01 -0.000000e+00 -6.698100e-01
   outer loop
     vertex  1.530264e+01  8.000000e+00  1.520553e+02
     vertex  1.530264e+01  0.000000e+00  1.520553e+02
     vertex  1.527324e+01  0.000000e+00  1.520879e+02
   endloop
 endfacet
 facet normal -7.425325e-01  0.000000e+00 -6.698100e-01
   outer loop
     vertex  1.530264e+01  8.000000e+00  1.520553e+02
     vertex  1.527324e+01  0.000000e+00  1.520879e+02
     vertex  1.527324e+01  8.000000e+00  1.520879e+02
   endloop
 endfacet
 facet normal -7.606287e-01 -0.000000e+00 -6.491872e-01
   outer loop
     vertex  1.533114e+01  8.000000e+00  1.520219e+02
     vertex  1.533114e+01  0.000000e+00  1.520219e+02
     vertex  1.530264e+01  0.000000e+00  1.520553e+02
   endloop
 endfacet
 facet normal -7.606287e-01  0.000000e+00 -6.491872e-01
   outer loop
     vertex  1.533114e+01  8.000000e+00  1.520219e+02
     vertex  1.530264e+01  0.000000e+00  1.520553e+02
     vertex  1.530264e+01  8.000000e+00  1.520553e+02
   endloop
 endfacet
 facet normal -7.781522e-01 -0.000000e+00 -6.280757e-01
   outer loop
     vertex  1.535871e+01  8.000000e+00  1.519877e+02
     vertex  1.535871e+01  0.000000e+00  1.519877e+02
     vertex  1.533114e+01  0.000000e+00  1.520219e+02
   endloop
 endfacet
 facet normal -7.950900e-01 -0.000000e+00 -6.064915e-01
   outer loop
     vertex  1.535871e+01  8.000000e+00  1.519877e+02
     vertex  1.538534e+01  0.000000e+00  1.519528e+02
     vertex  1.535871e+01  0.000000e+00  1.519877e+02
   endloop
 endfacet
 facet normal -7.781522e-01  0.000000e+00 -6.280757e-01
   outer loop
     vertex  1.535871e+01  8.000000e+00  1.519877e+02
     vertex  1.533114e+01  0.000000e+00  1.520219e+02
     vertex  1.533114e+01  8.000000e+00  1.520219e+02
   endloop
 endfacet
 facet normal -7.950900e-01 -0.000000e+00 -6.064915e-01
   outer loop
     vertex  1.538534e+01  8.000000e+00  1.519528e+02
     vertex  1.538534e+01  0.000000e+00  1.519528e+02
     vertex  1.535871e+01  8.000000e+00  1.519877e+02
   endloop
 endfacet
 facet normal -8.114292e-01  0.000000e+00 -5.844507e-01
   outer loop
     vertex  1.541099e+01  8.000000e+00  1.519172e+02
     vertex  1.538534e+01  0.000000e+00  1.519528e+02
     vertex  1.538534e+01  8.000000e+00  1.519528e+02
   endloop
 endfacet
 facet normal -8.114292e-01 -0.000000e+00 -5.844507e-01
   outer loop
     vertex  1.541099e+01  8.000000e+00  1.519172e+02
     vertex  1.541099e+01  0.000000e+00  1.519172e+02
     vertex  1.538534e+01  0.000000e+00  1.519528e+02
   endloop
 endfacet
 facet normal -8.271577e-01 -0.000000e+00 -5.619699e-01
   outer loop
     vertex  1.541099e+01  8.000000e+00  1.519172e+02
     vertex  1.543566e+01  0.000000e+00  1.518809e+02
     vertex  1.541099e+01  0.000000e+00  1.519172e+02
   endloop
 endfacet
 facet normal -8.271577e-01 -0.000000e+00 -5.619699e-01
   outer loop
     vertex  1.543566e+01  8.000000e+00  1.518809e+02
     vertex  1.543566e+01  0.000000e+00  1.518809e+02
     vertex  1.541099e+01  8.000000e+00  1.519172e+02
   endloop
 endfacet
 facet normal -8.422635e-01  0.000000e+00 -5.390661e-01
   outer loop
     vertex  1.545933e+01  8.000000e+00  1.518439e+02
     vertex  1.543566e+01  0.000000e+00  1.518809e+02
     vertex  1.543566e+01  8.000000e+00  1.518809e+02
   endloop
 endfacet
 facet normal -8.422635e-01 -0.000000e+00 -5.390661e-01
   outer loop
     vertex  1.545933e+01  8.000000e+00  1.518439e+02
     vertex  1.545933e+01  0.000000e+00  1.518439e+02
     vertex  1.543566e+01  0.000000e+00  1.518809e+02
   endloop
 endfacet
 facet normal -8.567352e-01  0.000000e+00 -5.157565e-01
   outer loop
     vertex  1.548197e+01  8.000000e+00  1.518063e+02
     vertex  1.545933e+01  0.000000e+00  1.518439e+02
     vertex  1.545933e+01  8.000000e+00  1.518439e+02
   endloop
 endfacet
 facet normal -8.567352e-01 -0.000000e+00 -5.157565e-01
   outer loop
     vertex  1.548197e+01  8.000000e+00  1.518063e+02
     vertex  1.548197e+01  0.000000e+00  1.518063e+02
     vertex  1.545933e+01  0.000000e+00  1.518439e+02
   endloop
 endfacet
 facet normal -8.705620e-01  0.000000e+00 -4.920587e-01
   outer loop
     vertex  1.550357e+01  8.000000e+00  1.517681e+02
     vertex  1.548197e+01  0.000000e+00  1.518063e+02
     vertex  1.548197e+01  8.000000e+00  1.518063e+02
   endloop
 endfacet
 facet normal -8.705620e-01 -0.000000e+00 -4.920587e-01
   outer loop
     vertex  1.550357e+01  8.000000e+00  1.517681e+02
     vertex  1.550357e+01  0.000000e+00  1.517681e+02
     vertex  1.548197e+01  0.000000e+00  1.518063e+02
   endloop
 endfacet
 facet normal -8.837335e-01 -0.000000e+00 -4.679904e-01
   outer loop
     vertex  1.550357e+01  8.000000e+00  1.517681e+02
     vertex  1.552411e+01  0.000000e+00  1.517293e+02
     vertex  1.550357e+01  0.000000e+00  1.517681e+02
   endloop
 endfacet
 facet normal -8.837335e-01 -0.000000e+00 -4.679904e-01
   outer loop
     vertex  1.552411e+01  8.000000e+00  1.517293e+02
     vertex  1.552411e+01  0.000000e+00  1.517293e+02
     vertex  1.550357e+01  8.000000e+00  1.517681e+02
   endloop
 endfacet
 facet normal -8.962398e-01  0.000000e+00 -4.435699e-01
   outer loop
     vertex  1.554358e+01  8.000000e+00  1.516900e+02
     vertex  1.552411e+01  0.000000e+00  1.517293e+02
     vertex  1.552411e+01  8.000000e+00  1.517293e+02
   endloop
 endfacet
 facet normal -8.962398e-01 -0.000000e+00 -4.435699e-01
   outer loop
     vertex  1.554358e+01  8.000000e+00  1.516900e+02
     vertex  1.554358e+01  0.000000e+00  1.516900e+02
     vertex  1.552411e+01  0.000000e+00  1.517293e+02
   endloop
 endfacet
 facet normal -9.080714e-01  0.000000e+00 -4.188155e-01
   outer loop
     vertex  1.556197e+01  8.000000e+00  1.516501e+02
     vertex  1.554358e+01  0.000000e+00  1.516900e+02
     vertex  1.554358e+01  8.000000e+00  1.516900e+02
   endloop
 endfacet
 facet normal -9.080714e-01 -0.000000e+00 -4.188155e-01
   outer loop
     vertex  1.556197e+01  8.000000e+00  1.516501e+02
     vertex  1.556197e+01  0.000000e+00  1.516501e+02
     vertex  1.554358e+01  0.000000e+00  1.516900e+02
   endloop
 endfacet
 facet normal -9.192194e-01  0.000000e+00 -3.937458e-01
   outer loop
     vertex  1.557926e+01  8.000000e+00  1.516098e+02
     vertex  1.556197e+01  0.000000e+00  1.516501e+02
     vertex  1.556197e+01  8.000000e+00  1.516501e+02
   endloop
 endfacet
 facet normal -9.192194e-01 -0.000000e+00 -3.937458e-01
   outer loop
     vertex  1.557926e+01  8.000000e+00  1.516098e+02
     vertex  1.557926e+01  0.000000e+00  1.516098e+02
     vertex  1.556197e+01  0.000000e+00  1.516501e+02
   endloop
 endfacet
 facet normal -9.296754e-01  0.000000e+00 -3.683796e-01
   outer loop
     vertex  1.559543e+01  8.000000e+00  1.515689e+02
     vertex  1.557926e+01  0.000000e+00  1.516098e+02
     vertex  1.557926e+01  8.000000e+00  1.516098e+02
   endloop
 endfacet
 facet normal -9.296754e-01 -0.000000e+00 -3.683796e-01
   outer loop
     vertex  1.559543e+01  8.000000e+00  1.515689e+02
     vertex  1.559543e+01  0.000000e+00  1.515689e+02
     vertex  1.557926e+01  0.000000e+00  1.516098e+02
   endloop
 endfacet
 facet normal -9.394317e-01  0.000000e+00 -3.427362e-01
   outer loop
     vertex  1.561047e+01  8.000000e+00  1.515277e+02
     vertex  1.559543e+01  0.000000e+00  1.515689e+02
     vertex  1.559543e+01  8.000000e+00  1.515689e+02
   endloop
 endfacet
 facet normal -9.394317e-01 -0.000000e+00 -3.427362e-01
   outer loop
     vertex  1.561047e+01  8.000000e+00  1.515277e+02
     vertex  1.561047e+01  0.000000e+00  1.515277e+02
     vertex  1.559543e+01  0.000000e+00  1.515689e+02
   endloop
 endfacet
 facet normal -9.484807e-01  0.000000e+00 -3.168348e-01
   outer loop
     vertex  1.562438e+01  8.000000e+00  1.514861e+02
     vertex  1.561047e+01  0.000000e+00  1.515277e+02
     vertex  1.561047e+01  8.000000e+00  1.515277e+02
   endloop
 endfacet
 facet normal -9.484807e-01 -0.000000e+00 -3.168348e-01
   outer loop
     vertex  1.562438e+01  8.000000e+00  1.514861e+02
     vertex  1.562438e+01  0.000000e+00  1.514861e+02
     vertex  1.561047e+01  0.000000e+00  1.515277e+02
   endloop
 endfacet
 facet normal -9.568158e-01  0.000000e+00 -2.906949e-01
   outer loop
     vertex  1.563714e+01  8.000000e+00  1.514441e+02
     vertex  1.562438e+01  0.000000e+00  1.514861e+02
     vertex  1.562438e+01  8.000000e+00  1.514861e+02
   endloop
 endfacet
 facet normal -9.568158e-01 -0.000000e+00 -2.906949e-01
   outer loop
     vertex  1.563714e+01  8.000000e+00  1.514441e+02
     vertex  1.563714e+01  0.000000e+00  1.514441e+02
     vertex  1.562438e+01  0.000000e+00  1.514861e+02
   endloop
 endfacet
 facet normal -9.644306e-01 -0.000000e+00 -2.643362e-01
   outer loop
     vertex  1.563714e+01  8.000000e+00  1.514441e+02
     vertex  1.564875e+01  0.000000e+00  1.514017e+02
     vertex  1.563714e+01  0.000000e+00  1.514441e+02
   endloop
 endfacet
 facet normal -9.644306e-01 -0.000000e+00 -2.643362e-01
   outer loop
     vertex  1.564875e+01  8.000000e+00  1.514017e+02
     vertex  1.564875e+01  0.000000e+00  1.514017e+02
     vertex  1.563714e+01  8.000000e+00  1.514441e+02
   endloop
 endfacet
 facet normal -9.713194e-01  0.000000e+00 -2.377784e-01
   outer loop
     vertex  1.565918e+01  8.000000e+00  1.513591e+02
     vertex  1.564875e+01  0.000000e+00  1.514017e+02
     vertex  1.564875e+01  8.000000e+00  1.514017e+02
   endloop
 endfacet
 facet normal -9.713194e-01 -0.000000e+00 -2.377784e-01
   outer loop
     vertex  1.565918e+01  8.000000e+00  1.513591e+02
     vertex  1.565918e+01  0.000000e+00  1.513591e+02
     vertex  1.564875e+01  0.000000e+00  1.514017e+02
   endloop
 endfacet
 facet normal -9.774771e-01  0.000000e+00 -2.110417e-01
   outer loop
     vertex  1.566845e+01  8.000000e+00  1.513162e+02
     vertex  1.565918e+01  0.000000e+00  1.513591e+02
     vertex  1.565918e+01  8.000000e+00  1.513591e+02
   endloop
 endfacet
 facet normal -9.774771e-01 -0.000000e+00 -2.110417e-01
   outer loop
     vertex  1.566845e+01  8.000000e+00  1.513162e+02
     vertex  1.566845e+01  0.000000e+00  1.513162e+02
     vertex  1.565918e+01  0.000000e+00  1.513591e+02
   endloop
 endfacet
 facet normal -9.828989e-01  0.000000e+00 -1.841461e-01
   outer loop
     vertex  1.567653e+01  8.000000e+00  1.512730e+02
     vertex  1.566845e+01  0.000000e+00  1.513162e+02
     vertex  1.566845e+01  8.000000e+00  1.513162e+02
   endloop
 endfacet
 facet normal -9.828989e-01 -0.000000e+00 -1.841461e-01
   outer loop
     vertex  1.567653e+01  8.000000e+00  1.512730e+02
     vertex  1.567653e+01  0.000000e+00  1.512730e+02
     vertex  1.566845e+01  0.000000e+00  1.513162e+02
   endloop
 endfacet
 facet normal -9.875808e-01 -0.000000e+00 -1.571119e-01
   outer loop
     vertex  1.567653e+01  8.000000e+00  1.512730e+02
     vertex  1.568343e+01  0.000000e+00  1.512297e+02
     vertex  1.567653e+01  0.000000e+00  1.512730e+02
   endloop
 endfacet
 facet normal -9.875808e-01 -0.000000e+00 -1.571119e-01
   outer loop
     vertex  1.568343e+01  8.000000e+00  1.512297e+02
     vertex  1.568343e+01  0.000000e+00  1.512297e+02
     vertex  1.567653e+01  8.000000e+00  1.512730e+02
   endloop
 endfacet
 facet normal -9.915193e-01  0.000000e+00 -1.299594e-01
   outer loop
     vertex  1.568913e+01  8.000000e+00  1.511862e+02
     vertex  1.568343e+01  0.000000e+00  1.512297e+02
     vertex  1.568343e+01  8.000000e+00  1.512297e+02
   endloop
 endfacet
 facet normal -9.915193e-01 -0.000000e+00 -1.299594e-01
   outer loop
     vertex  1.568913e+01  8.000000e+00  1.511862e+02
     vertex  1.568913e+01  0.000000e+00  1.511862e+02
     vertex  1.568343e+01  0.000000e+00  1.512297e+02
   endloop
 endfacet
 facet normal -9.947114e-01  0.000000e+00 -1.027091e-01
   outer loop
     vertex  1.569364e+01  8.000000e+00  1.511425e+02
     vertex  1.568913e+01  0.000000e+00  1.511862e+02
     vertex  1.568913e+01  8.000000e+00  1.511862e+02
   endloop
 endfacet
 facet normal -9.947114e-01 -0.000000e+00 -1.027091e-01
   outer loop
     vertex  1.569364e+01  8.000000e+00  1.511425e+02
     vertex  1.569364e+01  0.000000e+00  1.511425e+02
     vertex  1.568913e+01  0.000000e+00  1.511862e+02
   endloop
 endfacet
 facet normal -9.971548e-01  0.000000e+00 -7.538152e-02
   outer loop
     vertex  1.569695e+01  8.000000e+00  1.510987e+02
     vertex  1.569364e+01  0.000000e+00  1.511425e+02
     vertex  1.569364e+01  8.000000e+00  1.511425e+02
   endloop
 endfacet
 facet normal -9.971548e-01 -0.000000e+00 -7.538152e-02
   outer loop
     vertex  1.569695e+01  8.000000e+00  1.510987e+02
     vertex  1.569695e+01  0.000000e+00  1.510987e+02
     vertex  1.569364e+01  0.000000e+00  1.511425e+02
   endloop
 endfacet
 facet normal -9.988475e-01  0.000000e+00 -4.799716e-02
   outer loop
     vertex  1.569906e+01  8.000000e+00  1.510549e+02
     vertex  1.569695e+01  0.000000e+00  1.510987e+02
     vertex  1.569695e+01  8.000000e+00  1.510987e+02
   endloop
 endfacet
 facet normal -9.988475e-01 -0.000000e+00 -4.799716e-02
   outer loop
     vertex  1.569906e+01  8.000000e+00  1.510549e+02
     vertex  1.569906e+01  0.000000e+00  1.510549e+02
     vertex  1.569695e+01  0.000000e+00  1.510987e+02
   endloop
 endfacet
 facet normal -9.997883e-01 -0.000000e+00 -2.057667e-02
   outer loop
     vertex  1.569996e+01  8.000000e+00  1.510110e+02
     vertex  1.569996e+01  0.000000e+00  1.510110e+02
     vertex  1.569906e+01  0.000000e+00  1.510549e+02
   endloop
 endfacet
 facet normal -9.997883e-01  0.000000e+00 -2.057667e-02
   outer loop
     vertex  1.569996e+01  8.000000e+00  1.510110e+02
     vertex  1.569906e+01  0.000000e+00  1.510549e+02
     vertex  1.569906e+01  8.000000e+00  1.510549e+02
   endloop
 endfacet
 facet normal -9.999765e-01  0.000000e+00  6.859319e-03
   outer loop
     vertex  1.569966e+01  8.000000e+00  1.509671e+02
     vertex  1.569966e+01  0.000000e+00  1.509671e+02
     vertex  1.569996e+01  0.000000e+00  1.510110e+02
   endloop
 endfacet
 facet normal -9.999765e-01  0.000000e+00  6.859319e-03
   outer loop
     vertex  1.569966e+01  8.000000e+00  1.509671e+02
     vertex  1.569996e+01  0.000000e+00  1.510110e+02
     vertex  1.569996e+01  8.000000e+00  1.510110e+02
   endloop
 endfacet
 facet normal -9.994119e-01  0.000000e+00  3.429014e-02
   outer loop
     vertex  1.569816e+01  8.000000e+00  1.509232e+02
     vertex  1.569816e+01  0.000000e+00  1.509232e+02
     vertex  1.569966e+01  0.000000e+00  1.509671e+02
   endloop
 endfacet
 facet normal -9.994119e-01  0.000000e+00  3.429014e-02
   outer loop
     vertex  1.569816e+01  8.000000e+00  1.509232e+02
     vertex  1.569966e+01  0.000000e+00  1.509671e+02
     vertex  1.569966e+01  8.000000e+00  1.509671e+02
   endloop
 endfacet
 facet normal -9.980950e-01  0.000000e+00  6.169515e-02
   outer loop
     vertex  1.569545e+01  8.000000e+00  1.508794e+02
     vertex  1.569545e+01  0.000000e+00  1.508794e+02
     vertex  1.569816e+01  0.000000e+00  1.509232e+02
   endloop
 endfacet
 facet normal -9.960268e-01  0.000000e+00  8.905371e-02
   outer loop
     vertex  1.569545e+01  8.000000e+00  1.508794e+02
     vertex  1.569154e+01  0.000000e+00  1.508357e+02
     vertex  1.569545e+01  0.000000e+00  1.508794e+02
   endloop
 endfacet
 facet normal -9.980950e-01  0.000000e+00  6.169515e-02
   outer loop
     vertex  1.569545e+01  8.000000e+00  1.508794e+02
     vertex  1.569816e+01  0.000000e+00  1.509232e+02
     vertex  1.569816e+01  8.000000e+00  1.509232e+02
   endloop
 endfacet
 facet normal -9.960268e-01  0.000000e+00  8.905371e-02
   outer loop
     vertex  1.569154e+01  8.000000e+00  1.508357e+02
     vertex  1.569154e+01  0.000000e+00  1.508357e+02
     vertex  1.569545e+01  8.000000e+00  1.508794e+02
   endloop
 endfacet
 facet normal -9.932088e-01  0.000000e+00  1.163452e-01
   outer loop
     vertex  1.569154e+01  8.000000e+00  1.508357e+02
     vertex  1.568643e+01  0.000000e+00  1.507921e+02
     vertex  1.569154e+01  0.000000e+00  1.508357e+02
   endloop
 endfacet
 facet normal -9.932088e-01  0.000000e+00  1.163452e-01
   outer loop
     vertex  1.568643e+01  8.000000e+00  1.507921e+02
     vertex  1.568643e+01  0.000000e+00  1.507921e+02
     vertex  1.569154e+01  8.000000e+00  1.508357e+02
   endloop
 endfacet
 facet normal -9.896432e-01  0.000000e+00  1.435492e-01
   outer loop
     vertex  1.568013e+01  8.000000e+00  1.507486e+02
     vertex  1.568643e+01  0.000000e+00  1.507921e+02
     vertex  1.568643e+01  8.000000e+00  1.507921e+02
   endloop
 endfacet
 facet normal -9.896432e-01  0.000000e+00  1.435492e-01
   outer loop
     vertex  1.568013e+01  8.000000e+00  1.507486e+02
     vertex  1.568013e+01  0.000000e+00  1.507486e+02
     vertex  1.568643e+01  0.000000e+00  1.507921e+02
   endloop
 endfacet
 facet normal -9.853326e-01  0.000000e+00  1.706451e-01
   outer loop
     vertex  1.567264e+01  8.000000e+00  1.507054e+02
     vertex  1.568013e+01  0.000000e+00  1.507486e+02
     vertex  1.568013e+01  8.000000e+00  1.507486e+02
   endloop
 endfacet
 facet normal -9.853326e-01  0.000000e+00  1.706451e-01
   outer loop
     vertex  1.567264e+01  8.000000e+00  1.507054e+02
     vertex  1.567264e+01  0.000000e+00  1.507054e+02
     vertex  1.568013e+01  0.000000e+00  1.507486e+02
   endloop
 endfacet
 facet normal -9.802802e-01  0.000000e+00  1.976125e-01
   outer loop
     vertex  1.567264e+01  8.000000e+00  1.507054e+02
     vertex  1.566396e+01  0.000000e+00  1.506623e+02
     vertex  1.567264e+01  0.000000e+00  1.507054e+02
   endloop
 endfacet
 facet normal -9.802802e-01  0.000000e+00  1.976125e-01
   outer loop
     vertex  1.566396e+01  8.000000e+00  1.506623e+02
     vertex  1.566396e+01  0.000000e+00  1.506623e+02
     vertex  1.567264e+01  8.000000e+00  1.507054e+02
   endloop
 endfacet
 facet normal -9.744899e-01  0.000000e+00  2.244312e-01
   outer loop
     vertex  1.565411e+01  8.000000e+00  1.506196e+02
     vertex  1.566396e+01  0.000000e+00  1.506623e+02
     vertex  1.566396e+01  8.000000e+00  1.506623e+02
   endloop
 endfacet
 facet normal -9.744899e-01  0.000000e+00  2.244312e-01
   outer loop
     vertex  1.565411e+01  8.000000e+00  1.506196e+02
     vertex  1.565411e+01  0.000000e+00  1.506196e+02
     vertex  1.566396e+01  0.000000e+00  1.506623e+02
   endloop
 endfacet
 facet normal -9.679661e-01  0.000000e+00  2.510809e-01
   outer loop
     vertex  1.564309e+01  8.000000e+00  1.505771e+02
     vertex  1.565411e+01  0.000000e+00  1.506196e+02
     vertex  1.565411e+01  8.000000e+00  1.506196e+02
   endloop
 endfacet
 facet normal -9.679661e-01  0.000000e+00  2.510809e-01
   outer loop
     vertex  1.564309e+01  8.000000e+00  1.505771e+02
     vertex  1.564309e+01  0.000000e+00  1.505771e+02
     vertex  1.565411e+01  0.000000e+00  1.506196e+02
   endloop
 endfacet
 facet normal -9.607136e-01  0.000000e+00  2.775416e-01
   outer loop
     vertex  1.564309e+01  8.000000e+00  1.505771e+02
     vertex  1.563091e+01  0.000000e+00  1.505349e+02
     vertex  1.564309e+01  0.000000e+00  1.505771e+02
   endloop
 endfacet
 facet normal -9.607136e-01  0.000000e+00  2.775416e-01
   outer loop
     vertex  1.563091e+01  8.000000e+00  1.505349e+02
     vertex  1.563091e+01  0.000000e+00  1.505349e+02
     vertex  1.564309e+01  8.000000e+00  1.505771e+02
   endloop
 endfacet
 facet normal -9.527379e-01  0.000000e+00  3.037934e-01
   outer loop
     vertex  1.561757e+01  8.000000e+00  1.504931e+02
     vertex  1.563091e+01  0.000000e+00  1.505349e+02
     vertex  1.563091e+01  8.000000e+00  1.505349e+02
   endloop
 endfacet
 facet normal -9.527379e-01  0.000000e+00  3.037934e-01
   outer loop
     vertex  1.561757e+01  8.000000e+00  1.504931e+02
     vertex  1.561757e+01  0.000000e+00  1.504931e+02
     vertex  1.563091e+01  0.000000e+00  1.505349e+02
   endloop
 endfacet
 facet normal -9.440450e-01  0.000000e+00  3.298166e-01
   outer loop
     vertex  1.560309e+01  8.000000e+00  1.504516e+02
     vertex  1.561757e+01  0.000000e+00  1.504931e+02
     vertex  1.561757e+01  8.000000e+00  1.504931e+02
   endloop
 endfacet
 facet normal -9.440450e-01  0.000000e+00  3.298166e-01
   outer loop
     vertex  1.560309e+01  8.000000e+00  1.504516e+02
     vertex  1.560309e+01  0.000000e+00  1.504516e+02
     vertex  1.561757e+01  0.000000e+00  1.504931e+02
   endloop
 endfacet
 facet normal -9.346415e-01  0.000000e+00  3.555914e-01
   outer loop
     vertex  1.558748e+01  8.000000e+00  1.504106e+02
     vertex  1.560309e+01  0.000000e+00  1.504516e+02
     vertex  1.560309e+01  8.000000e+00  1.504516e+02
   endloop
 endfacet
 facet normal -9.346415e-01  0.000000e+00  3.555914e-01
   outer loop
     vertex  1.558748e+01  8.000000e+00  1.504106e+02
     vertex  1.558748e+01  0.000000e+00  1.504106e+02
     vertex  1.560309e+01  0.000000e+00  1.504516e+02
   endloop
 endfacet
 facet normal -9.245344e-01  0.000000e+00  3.810986e-01
   outer loop
     vertex  1.558748e+01  8.000000e+00  1.504106e+02
     vertex  1.557075e+01  0.000000e+00  1.503700e+02
     vertex  1.558748e+01  0.000000e+00  1.504106e+02
   endloop
 endfacet
 facet normal -9.245344e-01  0.000000e+00  3.810986e-01
   outer loop
     vertex  1.557075e+01  8.000000e+00  1.503700e+02
     vertex  1.557075e+01  0.000000e+00  1.503700e+02
     vertex  1.558748e+01  8.000000e+00  1.504106e+02
   endloop
 endfacet
 facet normal -9.137314e-01  0.000000e+00  4.063188e-01
   outer loop
     vertex  1.555291e+01  8.000000e+00  1.503299e+02
     vertex  1.555291e+01  0.000000e+00  1.503299e+02
     vertex  1.557075e+01  0.000000e+00  1.503700e+02
   endloop
 endfacet
 facet normal -9.137314e-01  0.000000e+00  4.063188e-01
   outer loop
     vertex  1.555291e+01  8.000000e+00  1.503299e+02
     vertex  1.557075e+01  0.000000e+00  1.503700e+02
     vertex  1.557075e+01  8.000000e+00  1.503700e+02
   endloop
 endfacet
 facet normal -9.022405e-01  0.000000e+00  4.312333e-01
   outer loop
     vertex  1.553398e+01  8.000000e+00  1.502903e+02
     vertex  1.553398e+01  0.000000e+00  1.502903e+02
     vertex  1.555291e+01  0.000000e+00  1.503299e+02
   endloop
 endfacet
 facet normal -9.022405e-01  0.000000e+00  4.312333e-01
   outer loop
     vertex  1.553398e+01  8.000000e+00  1.502903e+02
     vertex  1.555291e+01  0.000000e+00  1.503299e+02
     vertex  1.555291e+01  8.000000e+00  1.503299e+02
   endloop
 endfacet
 facet normal -8.900704e-01  0.000000e+00  4.558231e-01
   outer loop
     vertex  1.551397e+01  8.000000e+00  1.502512e+02
     vertex  1.551397e+01  0.000000e+00  1.502512e+02
     vertex  1.553398e+01  0.000000e+00  1.502903e+02
   endloop
 endfacet
 facet normal -8.772303e-01  0.000000e+00  4.800697e-01
   outer loop
     vertex  1.551397e+01  8.000000e+00  1.502512e+02
     vertex  1.549290e+01  0.000000e+00  1.502127e+02
     vertex  1.551397e+01  0.000000e+00  1.502512e+02
   endloop
 endfacet
 facet normal -8.900704e-01  0.000000e+00  4.558231e-01
   outer loop
     vertex  1.551397e+01  8.000000e+00  1.502512e+02
     vertex  1.553398e+01  0.000000e+00  1.502903e+02
     vertex  1.553398e+01  8.000000e+00  1.502903e+02
   endloop
 endfacet
 facet normal -8.637299e-01  0.000000e+00  5.039550e-01
   outer loop
     vertex  1.549290e+01  8.000000e+00  1.502127e+02
     vertex  1.547078e+01  0.000000e+00  1.501748e+02
     vertex  1.549290e+01  0.000000e+00  1.502127e+02
   endloop
 endfacet
 facet normal -8.772303e-01  0.000000e+00  4.800697e-01
   outer loop
     vertex  1.549290e+01  8.000000e+00  1.502127e+02
     vertex  1.549290e+01  0.000000e+00  1.502127e+02
     vertex  1.551397e+01  8.000000e+00  1.502512e+02
   endloop
 endfacet
 facet normal -8.637299e-01  0.000000e+00  5.039550e-01
   outer loop
     vertex  1.547078e+01  8.000000e+00  1.501748e+02
     vertex  1.547078e+01  0.000000e+00  1.501748e+02
     vertex  1.549290e+01  8.000000e+00  1.502127e+02
   endloop
 endfacet
 facet normal -8.495793e-01  0.000000e+00  5.274609e-01
   outer loop
     vertex  1.544762e+01  8.000000e+00  1.501375e+02
     vertex  1.544762e+01  0.000000e+00  1.501375e+02
     vertex  1.547078e+01  0.000000e+00  1.501748e+02
   endloop
 endfacet
 facet normal -8.347891e-01  0.000000e+00  5.505698e-01
   outer loop
     vertex  1.544762e+01  8.000000e+00  1.501375e+02
     vertex  1.542345e+01  0.000000e+00  1.501008e+02
     vertex  1.544762e+01  0.000000e+00  1.501375e+02
   endloop
 endfacet
 facet normal -8.495793e-01  0.000000e+00  5.274609e-01
   outer loop
     vertex  1.544762e+01  8.000000e+00  1.501375e+02
     vertex  1.547078e+01  0.000000e+00  1.501748e+02
     vertex  1.547078e+01  8.000000e+00  1.501748e+02
   endloop
 endfacet
 facet normal -8.347891e-01  0.000000e+00  5.505698e-01
   outer loop
     vertex  1.542345e+01  8.000000e+00  1.501008e+02
     vertex  1.542345e+01  0.000000e+00  1.501008e+02
     vertex  1.544762e+01  8.000000e+00  1.501375e+02
   endloop
 endfacet
 facet normal -8.193706e-01  0.000000e+00  5.732642e-01
   outer loop
     vertex  1.539829e+01  8.000000e+00  1.500649e+02
     vertex  1.539829e+01  0.000000e+00  1.500649e+02
     vertex  1.542345e+01  0.000000e+00  1.501008e+02
   endloop
 endfacet
 facet normal -8.193706e-01  0.000000e+00  5.732642e-01
   outer loop
     vertex  1.539829e+01  8.000000e+00  1.500649e+02
     vertex  1.542345e+01  0.000000e+00  1.501008e+02
     vertex  1.542345e+01  8.000000e+00  1.501008e+02
   endloop
 endfacet
 facet normal -8.033352e-01  0.000000e+00  5.955271e-01
   outer loop
     vertex  1.537214e+01  8.000000e+00  1.500296e+02
     vertex  1.537214e+01  0.000000e+00  1.500296e+02
     vertex  1.539829e+01  0.000000e+00  1.500649e+02
   endloop
 endfacet
 facet normal -8.033352e-01  0.000000e+00  5.955271e-01
   outer loop
     vertex  1.537214e+01  8.000000e+00  1.500296e+02
     vertex  1.539829e+01  0.000000e+00  1.500649e+02
     vertex  1.539829e+01  8.000000e+00  1.500649e+02
   endloop
 endfacet
 facet normal -7.866951e-01  0.000000e+00  6.173417e-01
   outer loop
     vertex  1.534504e+01  8.000000e+00  1.499951e+02
     vertex  1.534504e+01  0.000000e+00  1.499951e+02
     vertex  1.537214e+01  0.000000e+00  1.500296e+02
   endloop
 endfacet
 facet normal -7.694628e-01  0.000000e+00  6.386916e-01
   outer loop
     vertex  1.534504e+01  8.000000e+00  1.499951e+02
     vertex  1.531701e+01  0.000000e+00  1.499613e+02
     vertex  1.534504e+01  0.000000e+00  1.499951e+02
   endloop
 endfacet
 facet normal -7.866951e-01  0.000000e+00  6.173417e-01
   outer loop
     vertex  1.534504e+01  8.000000e+00  1.499951e+02
     vertex  1.537214e+01  0.000000e+00  1.500296e+02
     vertex  1.537214e+01  8.000000e+00  1.500296e+02
   endloop
 endfacet
 facet normal -7.516513e-01  0.000000e+00  6.595607e-01
   outer loop
     vertex  1.531701e+01  8.000000e+00  1.499613e+02
     vertex  1.528805e+01  0.000000e+00  1.499283e+02
     vertex  1.531701e+01  0.000000e+00  1.499613e+02
   endloop
 endfacet
 facet normal -7.694628e-01  0.000000e+00  6.386916e-01
   outer loop
     vertex  1.531701e+01  8.000000e+00  1.499613e+02
     vertex  1.531701e+01  0.000000e+00  1.499613e+02
     vertex  1.534504e+01  8.000000e+00  1.499951e+02
   endloop
 endfacet
 facet normal -7.332740e-01  0.000000e+00  6.799333e-01
   outer loop
     vertex  1.528805e+01  8.000000e+00  1.499283e+02
     vertex  1.525820e+01  0.000000e+00  1.498961e+02
     vertex  1.528805e+01  0.000000e+00  1.499283e+02
   endloop
 endfacet
 facet normal -7.516513e-01  0.000000e+00  6.595607e-01
   outer loop
     vertex  1.528805e+01  8.000000e+00  1.499283e+02
     vertex  1.528805e+01  0.000000e+00  1.499283e+02
     vertex  1.531701e+01  8.000000e+00  1.499613e+02
   endloop
 endfacet
 facet normal -7.332740e-01  0.000000e+00  6.799333e-01
   outer loop
     vertex  1.525820e+01  8.000000e+00  1.498961e+02
     vertex  1.525820e+01  0.000000e+00  1.498961e+02
     vertex  1.528805e+01  8.000000e+00  1.499283e+02
   endloop
 endfacet
 facet normal -7.143447e-01  0.000000e+00  6.997940e-01
   outer loop
     vertex  1.522748e+01  8.000000e+00  1.498648e+02
     vertex  1.522748e+01  0.000000e+00  1.498648e+02
     vertex  1.525820e+01  0.000000e+00  1.498961e+02
   endloop
 endfacet
 facet normal -6.948776e-01  0.000000e+00  7.191280e-01
   outer loop
     vertex  1.522748e+01  8.000000e+00  1.498648e+02
     vertex  1.519592e+01  0.000000e+00  1.498343e+02
     vertex  1.522748e+01  0.000000e+00  1.498648e+02
   endloop
 endfacet
 facet normal -7.143447e-01  0.000000e+00  6.997940e-01
   outer loop
     vertex  1.522748e+01  8.000000e+00  1.498648e+02
     vertex  1.525820e+01  0.000000e+00  1.498961e+02
     vertex  1.525820e+01  8.000000e+00  1.498961e+02
   endloop
 endfacet
 facet normal -6.948776e-01  0.000000e+00  7.191280e-01
   outer loop
     vertex  1.519592e+01  8.000000e+00  1.498343e+02
     vertex  1.519592e+01  0.000000e+00  1.498343e+02
     vertex  1.522748e+01  8.000000e+00  1.498648e+02
   endloop
 endfacet
 facet normal -6.748875e-01  0.000000e+00  7.379206e-01
   outer loop
     vertex  1.516352e+01  8.000000e+00  1.498046e+02
     vertex  1.519592e+01  0.000000e+00  1.498343e+02
     vertex  1.519592e+01  8.000000e+00  1.498343e+02
   endloop
 endfacet
 facet normal -6.748875e-01  0.000000e+00  7.379206e-01
   outer loop
     vertex  1.516352e+01  8.000000e+00  1.498046e+02
     vertex  1.516352e+01  0.000000e+00  1.498046e+02
     vertex  1.519592e+01  0.000000e+00  1.498343e+02
   endloop
 endfacet
 facet normal -6.543893e-01  0.000000e+00  7.561578e-01
   outer loop
     vertex  1.516352e+01  8.000000e+00  1.498046e+02
     vertex  1.513033e+01  0.000000e+00  1.497759e+02
     vertex  1.516352e+01  0.000000e+00  1.498046e+02
   endloop
 endfacet
 facet normal -6.543893e-01  0.000000e+00  7.561578e-01
   outer loop
     vertex  1.513033e+01  8.000000e+00  1.497759e+02
     vertex  1.513033e+01  0.000000e+00  1.497759e+02
     vertex  1.516352e+01  8.000000e+00  1.498046e+02
   endloop
 endfacet
 facet normal -6.333986e-01  0.000000e+00  7.738257e-01
   outer loop
     vertex  1.509636e+01  8.000000e+00  1.497481e+02
     vertex  1.509636e+01  0.000000e+00  1.497481e+02
     vertex  1.513033e+01  0.000000e+00  1.497759e+02
   endloop
 endfacet
 facet normal -6.119310e-01  0.000000e+00  7.909112e-01
   outer loop
     vertex  1.509636e+01  8.000000e+00  1.497481e+02
     vertex  1.506164e+01  0.000000e+00  1.497212e+02
     vertex  1.509636e+01  0.000000e+00  1.497481e+02
   endloop
 endfacet
 facet normal -6.333986e-01  0.000000e+00  7.738257e-01
   outer loop
     vertex  1.509636e+01  8.000000e+00  1.497481e+02
     vertex  1.513033e+01  0.000000e+00  1.497759e+02
     vertex  1.513033e+01  8.000000e+00  1.497759e+02
   endloop
 endfacet
 facet normal -6.119310e-01  0.000000e+00  7.909112e-01
   outer loop
     vertex  1.506164e+01  8.000000e+00  1.497212e+02
     vertex  1.506164e+01  0.000000e+00  1.497212e+02
     vertex  1.509636e+01  8.000000e+00  1.497481e+02
   endloop
 endfacet
 facet normal -5.900028e-01  0.000000e+00  8.074012e-01
   outer loop
     vertex  1.502619e+01  8.000000e+00  1.496953e+02
     vertex  1.502619e+01  0.000000e+00  1.496953e+02
     vertex  1.506164e+01  0.000000e+00  1.497212e+02
   endloop
 endfacet
 facet normal -5.676304e-01  0.000000e+00  8.232835e-01
   outer loop
     vertex  1.502619e+01  8.000000e+00  1.496953e+02
     vertex  1.499005e+01  0.000000e+00  1.496704e+02
     vertex  1.502619e+01  0.000000e+00  1.496953e+02
   endloop
 endfacet
 facet normal -5.900028e-01  0.000000e+00  8.074012e-01
   outer loop
     vertex  1.502619e+01  8.000000e+00  1.496953e+02
     vertex  1.506164e+01  0.000000e+00  1.497212e+02
     vertex  1.506164e+01  8.000000e+00  1.497212e+02
   endloop
 endfacet
 facet normal -5.676304e-01  0.000000e+00  8.232835e-01
   outer loop
     vertex  1.499005e+01  8.000000e+00  1.496704e+02
     vertex  1.499005e+01  0.000000e+00  1.496704e+02
     vertex  1.502619e+01  8.000000e+00  1.496953e+02
   endloop
 endfacet
 facet normal -5.448308e-01  0.000000e+00  8.385460e-01
   outer loop
     vertex  1.495324e+01  8.000000e+00  1.496465e+02
     vertex  1.495324e+01  0.000000e+00  1.496465e+02
     vertex  1.499005e+01  0.000000e+00  1.496704e+02
   endloop
 endfacet
 facet normal -5.448308e-01  0.000000e+00  8.385460e-01
   outer loop
     vertex  1.495324e+01  8.000000e+00  1.496465e+02
     vertex  1.499005e+01  0.000000e+00  1.496704e+02
     vertex  1.499005e+01  8.000000e+00  1.496704e+02
   endloop
 endfacet
 facet normal -5.216210e-01  0.000000e+00  8.531773e-01
   outer loop
     vertex  1.491579e+01  8.000000e+00  1.496236e+02
     vertex  1.491579e+01  0.000000e+00  1.496236e+02
     vertex  1.495324e+01  0.000000e+00  1.496465e+02
   endloop
 endfacet
 facet normal -5.216210e-01  0.000000e+00  8.531773e-01
   outer loop
     vertex  1.491579e+01  8.000000e+00  1.496236e+02
     vertex  1.495324e+01  0.000000e+00  1.496465e+02
     vertex  1.495324e+01  8.000000e+00  1.496465e+02
   endloop
 endfacet
 facet normal -4.980186e-01  0.000000e+00  8.671664e-01
   outer loop
     vertex  1.487772e+01  8.000000e+00  1.496017e+02
     vertex  1.487772e+01  0.000000e+00  1.496017e+02
     vertex  1.491579e+01  0.000000e+00  1.496236e+02
   endloop
 endfacet
 facet normal -4.740412e-01  0.000000e+00  8.805026e-01
   outer loop
     vertex  1.487772e+01  8.000000e+00  1.496017e+02
     vertex  1.483907e+01  0.000000e+00  1.495809e+02
     vertex  1.487772e+01  0.000000e+00  1.496017e+02
   endloop
 endfacet
 facet normal -4.980186e-01  0.000000e+00  8.671664e-01
   outer loop
     vertex  1.487772e+01  8.000000e+00  1.496017e+02
     vertex  1.491579e+01  0.000000e+00  1.496236e+02
     vertex  1.491579e+01  8.000000e+00  1.496236e+02
   endloop
 endfacet
 facet normal -4.497071e-01  0.000000e+00  8.931761e-01
   outer loop
     vertex  1.483907e+01  8.000000e+00  1.495809e+02
     vertex  1.479986e+01  0.000000e+00  1.495612e+02
     vertex  1.483907e+01  0.000000e+00  1.495809e+02
   endloop
 endfacet
 facet normal -4.740412e-01  0.000000e+00  8.805026e-01
   outer loop
     vertex  1.483907e+01  8.000000e+00  1.495809e+02
     vertex  1.483907e+01  0.000000e+00  1.495809e+02
     vertex  1.487772e+01  8.000000e+00  1.496017e+02
   endloop
 endfacet
 facet normal -4.497071e-01  0.000000e+00  8.931761e-01
   outer loop
     vertex  1.479986e+01  8.000000e+00  1.495612e+02
     vertex  1.479986e+01  0.000000e+00  1.495612e+02
     vertex  1.483907e+01  8.000000e+00  1.495809e+02
   endloop
 endfacet
 facet normal -4.250344e-01  0.000000e+00  9.051772e-01
   outer loop
     vertex  1.476012e+01  8.000000e+00  1.495425e+02
     vertex  1.476012e+01  0.000000e+00  1.495425e+02
     vertex  1.479986e+01  0.000000e+00  1.495612e+02
   endloop
 endfacet
 facet normal -4.250344e-01  0.000000e+00  9.051772e-01
   outer loop
     vertex  1.476012e+01  8.000000e+00  1.495425e+02
     vertex  1.479986e+01  0.000000e+00  1.495612e+02
     vertex  1.479986e+01  8.000000e+00  1.495612e+02
   endloop
 endfacet
 facet normal -4.000417e-01  0.000000e+00  9.164969e-01
   outer loop
     vertex  1.471989e+01  8.000000e+00  1.495250e+02
     vertex  1.471989e+01  0.000000e+00  1.495250e+02
     vertex  1.476012e+01  0.000000e+00  1.495425e+02
   endloop
 endfacet
 facet normal -4.000417e-01  0.000000e+00  9.164969e-01
   outer loop
     vertex  1.471989e+01  8.000000e+00  1.495250e+02
     vertex  1.476012e+01  0.000000e+00  1.495425e+02
     vertex  1.476012e+01  8.000000e+00  1.495425e+02
   endloop
 endfacet
 facet normal -3.747479e-01  0.000000e+00  9.271267e-01
   outer loop
     vertex  1.467919e+01  8.000000e+00  1.495085e+02
     vertex  1.467919e+01  0.000000e+00  1.495085e+02
     vertex  1.471989e+01  0.000000e+00  1.495250e+02
   endloop
 endfacet
 facet normal -3.491720e-01  0.000000e+00  9.370586e-01
   outer loop
     vertex  1.467919e+01  8.000000e+00  1.495085e+02
     vertex  1.463805e+01  0.000000e+00  1.494932e+02
     vertex  1.467919e+01  0.000000e+00  1.495085e+02
   endloop
 endfacet
 facet normal -3.747479e-01  0.000000e+00  9.271267e-01
   outer loop
     vertex  1.467919e+01  8.000000e+00  1.495085e+02
     vertex  1.471989e+01  0.000000e+00  1.495250e+02
     vertex  1.471989e+01  8.000000e+00  1.495250e+02
   endloop
 endfacet
 facet normal -3.491720e-01  0.000000e+00  9.370586e-01
   outer loop
     vertex  1.463805e+01  8.000000e+00  1.494932e+02
     vertex  1.463805e+01  0.000000e+00  1.494932e+02
     vertex  1.467919e+01  8.000000e+00  1.495085e+02
   endloop
 endfacet
 facet normal -3.233333e-01  0.000000e+00  9.462851e-01
   outer loop
     vertex  1.459651e+01  8.000000e+00  1.494790e+02
     vertex  1.459651e+01  0.000000e+00  1.494790e+02
     vertex  1.463805e+01  0.000000e+00  1.494932e+02
   endloop
 endfacet
 facet normal -3.233333e-01  0.000000e+00  9.462851e-01
   outer loop
     vertex  1.459651e+01  8.000000e+00  1.494790e+02
     vertex  1.463805e+01  0.000000e+00  1.494932e+02
     vertex  1.463805e+01  8.000000e+00  1.494932e+02
   endloop
 endfacet
 facet normal -2.972512e-01  0.000000e+00  9.547993e-01
   outer loop
     vertex  1.455460e+01  8.000000e+00  1.494659e+02
     vertex  1.455460e+01  0.000000e+00  1.494659e+02
     vertex  1.459651e+01  0.000000e+00  1.494790e+02
   endloop
 endfacet
 facet normal -2.972512e-01  0.000000e+00  9.547993e-01
   outer loop
     vertex  1.455460e+01  8.000000e+00  1.494659e+02
     vertex  1.459651e+01  0.000000e+00  1.494790e+02
     vertex  1.459651e+01  8.000000e+00  1.494790e+02
   endloop
 endfacet
 facet normal -2.709453e-01  0.000000e+00  9.625948e-01
   outer loop
     vertex  1.451234e+01  8.000000e+00  1.494540e+02
     vertex  1.451234e+01  0.000000e+00  1.494540e+02
     vertex  1.455460e+01  0.000000e+00  1.494659e+02
   endloop
 endfacet
 facet normal -2.709453e-01  0.000000e+00  9.625948e-01
   outer loop
     vertex  1.451234e+01  8.000000e+00  1.494540e+02
     vertex  1.455460e+01  0.000000e+00  1.494659e+02
     vertex  1.455460e+01  8.000000e+00  1.494659e+02
   endloop
 endfacet
 facet normal -2.444354e-01  0.000000e+00  9.696656e-01
   outer loop
     vertex  1.446978e+01  8.000000e+00  1.494433e+02
     vertex  1.446978e+01  0.000000e+00  1.494433e+02
     vertex  1.451234e+01  0.000000e+00  1.494540e+02
   endloop
 endfacet
 facet normal -2.177416e-01  0.000000e+00  9.760065e-01
   outer loop
     vertex  1.446978e+01  8.000000e+00  1.494433e+02
     vertex  1.442693e+01  0.000000e+00  1.494338e+02
     vertex  1.446978e+01  0.000000e+00  1.494433e+02
   endloop
 endfacet
 facet normal -2.444354e-01  0.000000e+00  9.696656e-01
   outer loop
     vertex  1.446978e+01  8.000000e+00  1.494433e+02
     vertex  1.451234e+01  0.000000e+00  1.494540e+02
     vertex  1.451234e+01  8.000000e+00  1.494540e+02
   endloop
 endfacet
 facet normal -1.908838e-01  0.000000e+00  9.816126e-01
   outer loop
     vertex  1.442693e+01  8.000000e+00  1.494338e+02
     vertex  1.438384e+01  0.000000e+00  1.494254e+02
     vertex  1.442693e+01  0.000000e+00  1.494338e+02
   endloop
 endfacet
 facet normal -2.177416e-01  0.000000e+00  9.760065e-01
   outer loop
     vertex  1.442693e+01  8.000000e+00  1.494338e+02
     vertex  1.442693e+01  0.000000e+00  1.494338e+02
     vertex  1.446978e+01  8.000000e+00  1.494433e+02
   endloop
 endfacet
 facet normal -1.638824e-01  0.000000e+00  9.864799e-01
   outer loop
     vertex  1.438384e+01  8.000000e+00  1.494254e+02
     vertex  1.434053e+01  0.000000e+00  1.494182e+02
     vertex  1.438384e+01  0.000000e+00  1.494254e+02
   endloop
 endfacet
 facet normal -1.908838e-01  0.000000e+00  9.816126e-01
   outer loop
     vertex  1.438384e+01  8.000000e+00  1.494254e+02
     vertex  1.438384e+01  0.000000e+00  1.494254e+02
     vertex  1.442693e+01  8.000000e+00  1.494338e+02
   endloop
 endfacet
 facet normal -1.367575e-01  0.000000e+00  9.906046e-01
   outer loop
     vertex  1.434053e+01  8.000000e+00  1.494182e+02
     vertex  1.429705e+01  0.000000e+00  1.494122e+02
     vertex  1.434053e+01  0.000000e+00  1.494182e+02
   endloop
 endfacet
 facet normal -1.638824e-01  0.000000e+00  9.864799e-01
   outer loop
     vertex  1.434053e+01  8.000000e+00  1.494182e+02
     vertex  1.434053e+01  0.000000e+00  1.494182e+02
     vertex  1.438384e+01  8.000000e+00  1.494254e+02
   endloop
 endfacet
 facet normal -1.095298e-01  0.000000e+00  9.939835e-01
   outer loop
     vertex  1.429705e+01  8.000000e+00  1.494122e+02
     vertex  1.425341e+01  0.000000e+00  1.494074e+02
     vertex  1.429705e+01  0.000000e+00  1.494122e+02
   endloop
 endfacet
 facet normal -1.367575e-01  0.000000e+00  9.906046e-01
   outer loop
     vertex  1.429705e+01  8.000000e+00  1.494122e+02
     vertex  1.429705e+01  0.000000e+00  1.494122e+02
     vertex  1.434053e+01  8.000000e+00  1.494182e+02
   endloop
 endfacet
 facet normal -1.095298e-01  0.000000e+00  9.939835e-01
   outer loop
     vertex  1.425341e+01  8.000000e+00  1.494074e+02
     vertex  1.425341e+01  0.000000e+00  1.494074e+02
     vertex  1.429705e+01  8.000000e+00  1.494122e+02
   endloop
 endfacet
 facet normal -8.221955e-02  0.000000e+00  9.966142e-01
   outer loop
     vertex  1.420966e+01  8.000000e+00  1.494038e+02
     vertex  1.425341e+01  0.000000e+00  1.494074e+02
     vertex  1.425341e+01  8.000000e+00  1.494074e+02
   endloop
 endfacet
 facet normal -8.221955e-02  0.000000e+00  9.966142e-01
   outer loop
     vertex  1.420966e+01  8.000000e+00  1.494038e+02
     vertex  1.420966e+01  0.000000e+00  1.494038e+02
     vertex  1.425341e+01  0.000000e+00  1.494074e+02
   endloop
 endfacet
 facet normal -5.484744e-02  0.000000e+00  9.984947e-01
   outer loop
     vertex  1.420966e+01  8.000000e+00  1.494038e+02
     vertex  1.416583e+01  0.000000e+00  1.494014e+02
     vertex  1.420966e+01  0.000000e+00  1.494038e+02
   endloop
 endfacet
 facet normal -5.484744e-02  0.000000e+00  9.984947e-01
   outer loop
     vertex  1.416583e+01  8.000000e+00  1.494014e+02
     vertex  1.416583e+01  0.000000e+00  1.494014e+02
     vertex  1.420966e+01  8.000000e+00  1.494038e+02
   endloop
 endfacet
 facet normal -2.743405e-02  0.000000e+00  9.996236e-01
   outer loop
     vertex  1.416583e+01  8.000000e+00  1.494014e+02
     vertex  1.412195e+01  0.000000e+00  1.494002e+02
     vertex  1.416583e+01  0.000000e+00  1.494014e+02
   endloop
 endfacet
 facet normal -2.743405e-02  0.000000e+00  9.996236e-01
   outer loop
     vertex  1.412195e+01  8.000000e+00  1.494002e+02
     vertex  1.412195e+01  0.000000e+00  1.494002e+02
     vertex  1.416583e+01  8.000000e+00  1.494014e+02
   endloop
 endfacet
 facet normal -0.000000e+00  0.000000e+00  1.000000e+00
   outer loop
     vertex  1.407805e+01  8.000000e+00  1.494002e+02
     vertex  1.412195e+01  0.000000e+00  1.494002e+02
     vertex  1.412195e+01  8.000000e+00  1.494002e+02
   endloop
 endfacet
 facet normal  0.000000e+00  0.000000e+00  1.000000e+00
   outer loop
     vertex  1.407805e+01  8.000000e+00  1.494002e+02
     vertex  1.407805e+01  0.000000e+00  1.494002e+02
     vertex  1.412195e+01  0.000000e+00  1.494002e+02
   endloop
 endfacet
 facet normal  2.743405e-02  0.000000e+00  9.996236e-01
   outer loop
     vertex  1.407805e+01  8.000000e+00  1.494002e+02
     vertex  1.403417e+01  0.000000e+00  1.494014e+02
     vertex  1.407805e+01  0.000000e+00  1.494002e+02
   endloop
 endfacet
 facet normal  2.743405e-02  0.000000e+00  9.996236e-01
   outer loop
     vertex  1.403417e+01  8.000000e+00  1.494014e+02
     vertex  1.403417e+01  0.000000e+00  1.494014e+02
     vertex  1.407805e+01  8.000000e+00  1.494002e+02
   endloop
 endfacet
 facet normal  5.484744e-02  0.000000e+00  9.984947e-01
   outer loop
     vertex  1.399034e+01  8.000000e+00  1.494038e+02
     vertex  1.403417e+01  0.000000e+00  1.494014e+02
     vertex  1.403417e+01  8.000000e+00  1.494014e+02
   endloop
 endfacet
 facet normal  5.484744e-02  0.000000e+00  9.984947e-01
   outer loop
     vertex  1.399034e+01  8.000000e+00  1.494038e+02
     vertex  1.399034e+01  0.000000e+00  1.494038e+02
     vertex  1.403417e+01  0.000000e+00  1.494014e+02
   endloop
 endfacet
 facet normal  8.221955e-02  0.000000e+00  9.966142e-01
   outer loop
     vertex  1.399034e+01  8.000000e+00  1.494038e+02
     vertex  1.394659e+01  0.000000e+00  1.494074e+02
     vertex  1.399034e+01  0.000000e+00  1.494038e+02
   endloop
 endfacet
 facet normal  8.221955e-02  0.000000e+00  9.966142e-01
   outer loop
     vertex  1.394659e+01  8.000000e+00  1.494074e+02
     vertex  1.394659e+01  0.000000e+00  1.494074e+02
     vertex  1.399034e+01  8.000000e+00  1.494038e+02
   endloop
 endfacet
 facet normal  1.095298e-01  0.000000e+00  9.939835e-01
   outer loop
     vertex  1.390295e+01  8.000000e+00  1.494122e+02
     vertex  1.394659e+01  0.000000e+00  1.494074e+02
     vertex  1.394659e+01  8.000000e+00  1.494074e+02
   endloop
 endfacet
 facet normal  1.095298e-01  0.000000e+00  9.939835e-01
   outer loop
     vertex  1.390295e+01  8.000000e+00  1.494122e+02
     vertex  1.390295e+01  0.000000e+00  1.494122e+02
     vertex  1.394659e+01  0.000000e+00  1.494074e+02
   endloop
 endfacet
 facet normal  1.367575e-01  0.000000e+00  9.906046e-01
   outer loop
     vertex  1.390295e+01  8.000000e+00  1.494122e+02
     vertex  1.385947e+01  0.000000e+00  1.494182e+02
     vertex  1.390295e+01  0.000000e+00  1.494122e+02
   endloop
 endfacet
 facet normal  1.367575e-01  0.000000e+00  9.906046e-01
   outer loop
     vertex  1.385947e+01  8.000000e+00  1.494182e+02
     vertex  1.385947e+01  0.000000e+00  1.494182e+02
     vertex  1.390295e+01  8.000000e+00  1.494122e+02
   endloop
 endfacet
 facet normal  1.638824e-01  0.000000e+00  9.864799e-01
   outer loop
     vertex  1.381616e+01  8.000000e+00  1.494254e+02
     vertex  1.385947e+01  0.000000e+00  1.494182e+02
     vertex  1.385947e+01  8.000000e+00  1.494182e+02
   endloop
 endfacet
 facet normal  1.638824e-01  0.000000e+00  9.864799e-01
   outer loop
     vertex  1.381616e+01  8.000000e+00  1.494254e+02
     vertex  1.381616e+01  0.000000e+00  1.494254e+02
     vertex  1.385947e+01  0.000000e+00  1.494182e+02
   endloop
 endfacet
 facet normal  1.908838e-01  0.000000e+00  9.816126e-01
   outer loop
     vertex  1.377307e+01  8.000000e+00  1.494338e+02
     vertex  1.381616e+01  0.000000e+00  1.494254e+02
     vertex  1.381616e+01  8.000000e+00  1.494254e+02
   endloop
 endfacet
 facet normal  1.908838e-01  0.000000e+00  9.816126e-01
   outer loop
     vertex  1.377307e+01  8.000000e+00  1.494338e+02
     vertex  1.377307e+01  0.000000e+00  1.494338e+02
     vertex  1.381616e+01  0.000000e+00  1.494254e+02
   endloop
 endfacet
 facet normal  2.177416e-01  0.000000e+00  9.760065e-01
   outer loop
     vertex  1.373022e+01  8.000000e+00  1.494433e+02
     vertex  1.373022e+01  0.000000e+00  1.494433e+02
     vertex  1.377307e+01  0.000000e+00  1.494338e+02
   endloop
 endfacet
 facet normal  2.177416e-01  0.000000e+00  9.760065e-01
   outer loop
     vertex  1.373022e+01  8.000000e+00  1.494433e+02
     vertex  1.377307e+01  0.000000e+00  1.494338e+02
     vertex  1.377307e+01  8.000000e+00  1.494338e+02
   endloop
 endfacet
 facet normal  2.444354e-01  0.000000e+00  9.696656e-01
   outer loop
     vertex  1.373022e+01  8.000000e+00  1.494433e+02
     vertex  1.368766e+01  0.000000e+00  1.494540e+02
     vertex  1.373022e+01  0.000000e+00  1.494433e+02
   endloop
 endfacet
 facet normal  2.444354e-01  0.000000e+00  9.696656e-01
   outer loop
     vertex  1.368766e+01  8.000000e+00  1.494540e+02
     vertex  1.368766e+01  0.000000e+00  1.494540e+02
     vertex  1.373022e+01  8.000000e+00  1.494433e+02
   endloop
 endfacet
 facet normal  2.709453e-01  0.000000e+00  9.625948e-01
   outer loop
     vertex  1.364540e+01  8.000000e+00  1.494659e+02
     vertex  1.364540e+01  0.000000e+00  1.494659e+02
     vertex  1.368766e+01  0.000000e+00  1.494540e+02
   endloop
 endfacet
 facet normal  2.709453e-01  0.000000e+00  9.625948e-01
   outer loop
     vertex  1.364540e+01  8.000000e+00  1.494659e+02
     vertex  1.368766e+01  0.000000e+00  1.494540e+02
     vertex  1.368766e+01  8.000000e+00  1.494540e+02
   endloop
 endfacet
 facet normal  2.972512e-01  0.000000e+00  9.547993e-01
   outer loop
     vertex  1.360349e+01  8.000000e+00  1.494790e+02
     vertex  1.360349e+01  0.000000e+00  1.494790e+02
     vertex  1.364540e+01  0.000000e+00  1.494659e+02
   endloop
 endfacet
 facet normal  2.972512e-01  0.000000e+00  9.547993e-01
   outer loop
     vertex  1.360349e+01  8.000000e+00  1.494790e+02
     vertex  1.364540e+01  0.000000e+00  1.494659e+02
     vertex  1.364540e+01  8.000000e+00  1.494659e+02
   endloop
 endfacet
 facet normal  3.233333e-01  0.000000e+00  9.462851e-01
   outer loop
     vertex  1.356195e+01  8.000000e+00  1.494932e+02
     vertex  1.356195e+01  0.000000e+00  1.494932e+02
     vertex  1.360349e+01  0.000000e+00  1.494790e+02
   endloop
 endfacet
 facet normal  3.233333e-01  0.000000e+00  9.462851e-01
   outer loop
     vertex  1.356195e+01  8.000000e+00  1.494932e+02
     vertex  1.360349e+01  0.000000e+00  1.494790e+02
     vertex  1.360349e+01  8.000000e+00  1.494790e+02
   endloop
 endfacet
 facet normal  3.491720e-01  0.000000e+00  9.370586e-01
   outer loop
     vertex  1.352081e+01  8.000000e+00  1.495085e+02
     vertex  1.352081e+01  0.000000e+00  1.495085e+02
     vertex  1.356195e+01  0.000000e+00  1.494932e+02
   endloop
 endfacet
 facet normal  3.747479e-01  0.000000e+00  9.271267e-01
   outer loop
     vertex  1.352081e+01  8.000000e+00  1.495085e+02
     vertex  1.348011e+01  0.000000e+00  1.495250e+02
     vertex  1.352081e+01  0.000000e+00  1.495085e+02
   endloop
 endfacet
 facet normal  3.491720e-01  0.000000e+00  9.370586e-01
   outer loop
     vertex  1.352081e+01  8.000000e+00  1.495085e+02
     vertex  1.356195e+01  0.000000e+00  1.494932e+02
     vertex  1.356195e+01  8.000000e+00  1.494932e+02
   endloop
 endfacet
 facet normal  4.000417e-01  0.000000e+00  9.164969e-01
   outer loop
     vertex  1.348011e+01  8.000000e+00  1.495250e+02
     vertex  1.343988e+01  0.000000e+00  1.495425e+02
     vertex  1.348011e+01  0.000000e+00  1.495250e+02
   endloop
 endfacet
 facet normal  3.747479e-01  0.000000e+00  9.271267e-01
   outer loop
     vertex  1.348011e+01  8.000000e+00  1.495250e+02
     vertex  1.348011e+01  0.000000e+00  1.495250e+02
     vertex  1.352081e+01  8.000000e+00  1.495085e+02
   endloop
 endfacet
 facet normal  4.000417e-01  0.000000e+00  9.164969e-01
   outer loop
     vertex  1.343988e+01  8.000000e+00  1.495425e+02
     vertex  1.343988e+01  0.000000e+00  1.495425e+02
     vertex  1.348011e+01  8.000000e+00  1.495250e+02
   endloop
 endfacet
 facet normal  4.250344e-01  0.000000e+00  9.051772e-01
   outer loop
     vertex  1.340014e+01  8.000000e+00  1.495612e+02
     vertex  1.340014e+01  0.000000e+00  1.495612e+02
     vertex  1.343988e+01  0.000000e+00  1.495425e+02
   endloop
 endfacet
 facet normal  4.250344e-01  0.000000e+00  9.051772e-01
   outer loop
     vertex  1.340014e+01  8.000000e+00  1.495612e+02
     vertex  1.343988e+01  0.000000e+00  1.495425e+02
     vertex  1.343988e+01  8.000000e+00  1.495425e+02
   endloop
 endfacet
 facet normal  4.497071e-01  0.000000e+00  8.931761e-01
   outer loop
     vertex  1.336093e+01  8.000000e+00  1.495809e+02
     vertex  1.336093e+01  0.000000e+00  1.495809e+02
     vertex  1.340014e+01  0.000000e+00  1.495612e+02
   endloop
 endfacet
 facet normal  4.497071e-01  0.000000e+00  8.931761e-01
   outer loop
     vertex  1.336093e+01  8.000000e+00  1.495809e+02
     vertex  1.340014e+01  0.000000e+00  1.495612e+02
     vertex  1.340014e+01  8.000000e+00  1.495612e+02
   endloop
 endfacet
 facet normal  4.740412e-01  0.000000e+00  8.805026e-01
   outer loop
     vertex  1.332228e+01  8.000000e+00  1.496017e+02
     vertex  1.332228e+01  0.000000e+00  1.496017e+02
     vertex  1.336093e+01  0.000000e+00  1.495809e+02
   endloop
 endfacet
 facet normal  4.740412e-01  0.000000e+00  8.805026e-01
   outer loop
     vertex  1.332228e+01  8.000000e+00  1.496017e+02
     vertex  1.336093e+01  0.000000e+00  1.495809e+02
     vertex  1.336093e+01  8.000000e+00  1.495809e+02
   endloop
 endfacet
 facet normal  4.980186e-01  0.000000e+00  8.671664e-01
   outer loop
     vertex  1.328421e+01  8.000000e+00  1.496236e+02
     vertex  1.328421e+01  0.000000e+00  1.496236e+02
     vertex  1.332228e+01  0.000000e+00  1.496017e+02
   endloop
 endfacet
 facet normal  5.216210e-01  0.000000e+00  8.531773e-01
   outer loop
     vertex  1.328421e+01  8.000000e+00  1.496236e+02
     vertex  1.324676e+01  0.000000e+00  1.496465e+02
     vertex  1.328421e+01  0.000000e+00  1.496236e+02
   endloop
 endfacet
 facet normal  4.980186e-01  0.000000e+00  8.671664e-01
   outer loop
     vertex  1.328421e+01  8.000000e+00  1.496236e+02
     vertex  1.332228e+01  0.000000e+00  1.496017e+02
     vertex  1.332228e+01  8.000000e+00  1.496017e+02
   endloop
 endfacet
 facet normal  5.448308e-01  0.000000e+00  8.385460e-01
   outer loop
     vertex  1.324676e+01  8.000000e+00  1.496465e+02
     vertex  1.320995e+01  0.000000e+00  1.496704e+02
     vertex  1.324676e+01  0.000000e+00  1.496465e+02
   endloop
 endfacet
 facet normal  5.216210e-01  0.000000e+00  8.531773e-01
   outer loop
     vertex  1.324676e+01  8.000000e+00  1.496465e+02
     vertex  1.324676e+01  0.000000e+00  1.496465e+02
     vertex  1.328421e+01  8.000000e+00  1.496236e+02
   endloop
 endfacet
 facet normal  5.448308e-01  0.000000e+00  8.385460e-01
   outer loop
     vertex  1.320995e+01  8.000000e+00  1.496704e+02
     vertex  1.320995e+01  0.000000e+00  1.496704e+02
     vertex  1.324676e+01  8.000000e+00  1.496465e+02
   endloop
 endfacet
 facet normal  5.676304e-01  0.000000e+00  8.232835e-01
   outer loop
     vertex  1.317381e+01  8.000000e+00  1.496953e+02
     vertex  1.320995e+01  0.000000e+00  1.496704e+02
     vertex  1.320995e+01  8.000000e+00  1.496704e+02
   endloop
 endfacet
 facet normal  5.676304e-01  0.000000e+00  8.232835e-01
   outer loop
     vertex  1.317381e+01  8.000000e+00  1.496953e+02
     vertex  1.317381e+01  0.000000e+00  1.496953e+02
     vertex  1.320995e+01  0.000000e+00  1.496704e+02
   endloop
 endfacet
 facet normal  5.900028e-01  0.000000e+00  8.074012e-01
   outer loop
     vertex  1.317381e+01  8.000000e+00  1.496953e+02
     vertex  1.313836e+01  0.000000e+00  1.497212e+02
     vertex  1.317381e+01  0.000000e+00  1.496953e+02
   endloop
 endfacet
 facet normal  5.900028e-01  0.000000e+00  8.074012e-01
   outer loop
     vertex  1.313836e+01  8.000000e+00  1.497212e+02
     vertex  1.313836e+01  0.000000e+00  1.497212e+02
     vertex  1.317381e+01  8.000000e+00  1.496953e+02
   endloop
 endfacet
 facet normal  6.119310e-01  0.000000e+00  7.909112e-01
   outer loop
     vertex  1.310364e+01  8.000000e+00  1.497481e+02
     vertex  1.313836e+01  0.000000e+00  1.497212e+02
     vertex  1.313836e+01  8.000000e+00  1.497212e+02
   endloop
 endfacet
 facet normal  6.119310e-01  0.000000e+00  7.909112e-01
   outer loop
     vertex  1.310364e+01  8.000000e+00  1.497481e+02
     vertex  1.310364e+01  0.000000e+00  1.497481e+02
     vertex  1.313836e+01  0.000000e+00  1.497212e+02
   endloop
 endfacet
 facet normal  6.333986e-01  0.000000e+00  7.738257e-01
   outer loop
     vertex  1.310364e+01  8.000000e+00  1.497481e+02
     vertex  1.306967e+01  0.000000e+00  1.497759e+02
     vertex  1.310364e+01  0.000000e+00  1.497481e+02
   endloop
 endfacet
 facet normal  6.333986e-01  0.000000e+00  7.738257e-01
   outer loop
     vertex  1.306967e+01  8.000000e+00  1.497759e+02
     vertex  1.306967e+01  0.000000e+00  1.497759e+02
     vertex  1.310364e+01  8.000000e+00  1.497481e+02
   endloop
 endfacet
 facet normal  6.543893e-01  0.000000e+00  7.561578e-01
   outer loop
     vertex  1.303648e+01  8.000000e+00  1.498046e+02
     vertex  1.306967e+01  0.000000e+00  1.497759e+02
     vertex  1.306967e+01  8.000000e+00  1.497759e+02
   endloop
 endfacet
 facet normal  6.543893e-01  0.000000e+00  7.561578e-01
   outer loop
     vertex  1.303648e+01  8.000000e+00  1.498046e+02
     vertex  1.303648e+01  0.000000e+00  1.498046e+02
     vertex  1.306967e+01  0.000000e+00  1.497759e+02
   endloop
 endfacet
 facet normal  6.748875e-01  0.000000e+00  7.379206e-01
   outer loop
     vertex  1.300408e+01  8.000000e+00  1.498343e+02
     vertex  1.303648e+01  0.000000e+00  1.498046e+02
     vertex  1.303648e+01  8.000000e+00  1.498046e+02
   endloop
 endfacet
 facet normal  6.748875e-01  0.000000e+00  7.379206e-01
   outer loop
     vertex  1.300408e+01  8.000000e+00  1.498343e+02
     vertex  1.300408e+01  0.000000e+00  1.498343e+02
     vertex  1.303648e+01  0.000000e+00  1.498046e+02
   endloop
 endfacet
 facet normal  6.948776e-01  0.000000e+00  7.191280e-01
   outer loop
     vertex  1.297252e+01  8.000000e+00  1.498648e+02
     vertex  1.300408e+01  0.000000e+00  1.498343e+02
     vertex  1.300408e+01  8.000000e+00  1.498343e+02
   endloop
 endfacet
 facet normal  6.948776e-01  0.000000e+00  7.191280e-01
   outer loop
     vertex  1.297252e+01  8.000000e+00  1.498648e+02
     vertex  1.297252e+01  0.000000e+00  1.498648e+02
     vertex  1.300408e+01  0.000000e+00  1.498343e+02
   endloop
 endfacet
 facet normal  7.143447e-01  0.000000e+00  6.997940e-01
   outer loop
     vertex  1.294180e+01  8.000000e+00  1.498961e+02
     vertex  1.297252e+01  0.000000e+00  1.498648e+02
     vertex  1.297252e+01  8.000000e+00  1.498648e+02
   endloop
 endfacet
 facet normal  7.143447e-01  0.000000e+00  6.997940e-01
   outer loop
     vertex  1.294180e+01  8.000000e+00  1.498961e+02
     vertex  1.294180e+01  0.000000e+00  1.498961e+02
     vertex  1.297252e+01  0.000000e+00  1.498648e+02
   endloop
 endfacet
 facet normal  7.332740e-01  0.000000e+00  6.799333e-01
   outer loop
     vertex  1.291195e+01  8.000000e+00  1.499283e+02
     vertex  1.294180e+01  0.000000e+00  1.498961e+02
     vertex  1.294180e+01  8.000000e+00  1.498961e+02
   endloop
 endfacet
 facet normal  7.332740e-01  0.000000e+00  6.799333e-01
   outer loop
     vertex  1.291195e+01  8.000000e+00  1.499283e+02
     vertex  1.291195e+01  0.000000e+00  1.499283e+02
     vertex  1.294180e+01  0.000000e+00  1.498961e+02
   endloop
 endfacet
 facet normal  7.516513e-01  0.000000e+00  6.595607e-01
   outer loop
     vertex  1.291195e+01  8.000000e+00  1.499283e+02
     vertex  1.288299e+01  0.000000e+00  1.499613e+02
     vertex  1.291195e+01  0.000000e+00  1.499283e+02
   endloop
 endfacet
 facet normal  7.516513e-01  0.000000e+00  6.595607e-01
   outer loop
     vertex  1.288299e+01  8.000000e+00  1.499613e+02
     vertex  1.288299e+01  0.000000e+00  1.499613e+02
     vertex  1.291195e+01  8.000000e+00  1.499283e+02
   endloop
 endfacet
 facet normal  7.694628e-01  0.000000e+00  6.386916e-01
   outer loop
     vertex  1.285496e+01  8.000000e+00  1.499951e+02
     vertex  1.288299e+01  0.000000e+00  1.499613e+02
     vertex  1.288299e+01  8.000000e+00  1.499613e+02
   endloop
 endfacet
 facet normal  7.694628e-01  0.000000e+00  6.386916e-01
   outer loop
     vertex  1.285496e+01  8.000000e+00  1.499951e+02
     vertex  1.285496e+01  0.000000e+00  1.499951e+02
     vertex  1.288299e+01  0.000000e+00  1.499613e+02
   endloop
 endfacet
 facet normal  7.866951e-01  0.000000e+00  6.173417e-01
   outer loop
     vertex  1.282786e+01  8.000000e+00  1.500296e+02
     vertex  1.285496e+01  0.000000e+00  1.499951e+02
     vertex  1.285496e+01  8.000000e+00  1.499951e+02
   endloop
 endfacet
 facet normal  7.866951e-01  0.000000e+00  6.173417e-01
   outer loop
     vertex  1.282786e+01  8.000000e+00  1.500296e+02
     vertex  1.282786e+01  0.000000e+00  1.500296e+02
     vertex  1.285496e+01  0.000000e+00  1.499951e+02
   endloop
 endfacet
 facet normal  8.033352e-01  0.000000e+00  5.955271e-01
   outer loop
     vertex  1.280171e+01  8.000000e+00  1.500649e+02
     vertex  1.282786e+01  0.000000e+00  1.500296e+02
     vertex  1.282786e+01  8.000000e+00  1.500296e+02
   endloop
 endfacet
 facet normal  8.033352e-01  0.000000e+00  5.955271e-01
   outer loop
     vertex  1.280171e+01  8.000000e+00  1.500649e+02
     vertex  1.280171e+01  0.000000e+00  1.500649e+02
     vertex  1.282786e+01  0.000000e+00  1.500296e+02
   endloop
 endfacet
 facet normal  8.193706e-01  0.000000e+00  5.732642e-01
   outer loop
     vertex  1.277655e+01  8.000000e+00  1.501008e+02
     vertex  1.280171e+01  0.000000e+00  1.500649e+02
     vertex  1.280171e+01  8.000000e+00  1.500649e+02
   endloop
 endfacet
 facet normal  8.193706e-01  0.000000e+00  5.732642e-01
   outer loop
     vertex  1.277655e+01  8.000000e+00  1.501008e+02
     vertex  1.277655e+01  0.000000e+00  1.501008e+02
     vertex  1.280171e+01  0.000000e+00  1.500649e+02
   endloop
 endfacet
 facet normal  8.347891e-01  0.000000e+00  5.505698e-01
   outer loop
     vertex  1.275238e+01  8.000000e+00  1.501375e+02
     vertex  1.277655e+01  0.000000e+00  1.501008e+02
     vertex  1.277655e+01  8.000000e+00  1.501008e+02
   endloop
 endfacet
 facet normal  8.347891e-01  0.000000e+00  5.505698e-01
   outer loop
     vertex  1.275238e+01  8.000000e+00  1.501375e+02
     vertex  1.275238e+01  0.000000e+00  1.501375e+02
     vertex  1.277655e+01  0.000000e+00  1.501008e+02
   endloop
 endfacet
 facet normal  8.495793e-01  0.000000e+00  5.274609e-01
   outer loop
     vertex  1.275238e+01  8.000000e+00  1.501375e+02
     vertex  1.272922e+01  0.000000e+00  1.501748e+02
     vertex  1.275238e+01  0.000000e+00  1.501375e+02
   endloop
 endfacet
 facet normal  8.495793e-01  0.000000e+00  5.274609e-01
   outer loop
     vertex  1.272922e+01  8.000000e+00  1.501748e+02
     vertex  1.272922e+01  0.000000e+00  1.501748e+02
     vertex  1.275238e+01  8.000000e+00  1.501375e+02
   endloop
 endfacet
 facet normal  8.637299e-01  0.000000e+00  5.039550e-01
   outer loop
     vertex  1.270710e+01  8.000000e+00  1.502127e+02
     vertex  1.272922e+01  0.000000e+00  1.501748e+02
     vertex  1.272922e+01  8.000000e+00  1.501748e+02
   endloop
 endfacet
 facet normal  8.637299e-01  0.000000e+00  5.039550e-01
   outer loop
     vertex  1.270710e+01  8.000000e+00  1.502127e+02
     vertex  1.270710e+01  0.000000e+00  1.502127e+02
     vertex  1.272922e+01  0.000000e+00  1.501748e+02
   endloop
 endfacet
 facet normal  8.772303e-01  0.000000e+00  4.800697e-01
   outer loop
     vertex  1.270710e+01  8.000000e+00  1.502127e+02
     vertex  1.268603e+01  0.000000e+00  1.502512e+02
     vertex  1.270710e+01  0.000000e+00  1.502127e+02
   endloop
 endfacet
 facet normal  8.772303e-01  0.000000e+00  4.800697e-01
   outer loop
     vertex  1.268603e+01  8.000000e+00  1.502512e+02
     vertex  1.268603e+01  0.000000e+00  1.502512e+02
     vertex  1.270710e+01  8.000000e+00  1.502127e+02
   endloop
 endfacet
 facet normal  8.900704e-01  0.000000e+00  4.558231e-01
   outer loop
     vertex  1.266602e+01  8.000000e+00  1.502903e+02
     vertex  1.268603e+01  0.000000e+00  1.502512e+02
     vertex  1.268603e+01  8.000000e+00  1.502512e+02
   endloop
 endfacet
 facet normal  8.900704e-01  0.000000e+00  4.558231e-01
   outer loop
     vertex  1.266602e+01  8.000000e+00  1.502903e+02
     vertex  1.266602e+01  0.000000e+00  1.502903e+02
     vertex  1.268603e+01  0.000000e+00  1.502512e+02
   endloop
 endfacet
 facet normal  9.022405e-01  0.000000e+00  4.312333e-01
   outer loop
     vertex  1.264709e+01  8.000000e+00  1.503299e+02
     vertex  1.266602e+01  0.000000e+00  1.502903e+02
     vertex  1.266602e+01  8.000000e+00  1.502903e+02
   endloop
 endfacet
 facet normal  9.022405e-01  0.000000e+00  4.312333e-01
   outer loop
     vertex  1.264709e+01  8.000000e+00  1.503299e+02
     vertex  1.264709e+01  0.000000e+00  1.503299e+02
     vertex  1.266602e+01  0.000000e+00  1.502903e+02
   endloop
 endfacet
 facet normal  9.137314e-01  0.000000e+00  4.063188e-01
   outer loop
     vertex  1.264709e+01  8.000000e+00  1.503299e+02
     vertex  1.262925e+01  0.000000e+00  1.503700e+02
     vertex  1.264709e+01  0.000000e+00  1.503299e+02
   endloop
 endfacet
 facet normal  9.137314e-01  0.000000e+00  4.063188e-01
   outer loop
     vertex  1.262925e+01  8.000000e+00  1.503700e+02
     vertex  1.262925e+01  0.000000e+00  1.503700e+02
     vertex  1.264709e+01  8.000000e+00  1.503299e+02
   endloop
 endfacet
 facet normal  9.245344e-01  0.000000e+00  3.810986e-01
   outer loop
     vertex  1.261252e+01  8.000000e+00  1.504106e+02
     vertex  1.261252e+01  0.000000e+00  1.504106e+02
     vertex  1.262925e+01  0.000000e+00  1.503700e+02
   endloop
 endfacet
 facet normal  9.245344e-01  0.000000e+00  3.810986e-01
   outer loop
     vertex  1.261252e+01  8.000000e+00  1.504106e+02
     vertex  1.262925e+01  0.000000e+00  1.503700e+02
     vertex  1.262925e+01  8.000000e+00  1.503700e+02
   endloop
 endfacet
 facet normal  9.346415e-01  0.000000e+00  3.555914e-01
   outer loop
     vertex  1.259691e+01  8.000000e+00  1.504516e+02
     vertex  1.259691e+01  0.000000e+00  1.504516e+02
     vertex  1.261252e+01  0.000000e+00  1.504106e+02
   endloop
 endfacet
 facet normal  9.346415e-01  0.000000e+00  3.555914e-01
   outer loop
     vertex  1.259691e+01  8.000000e+00  1.504516e+02
     vertex  1.261252e+01  0.000000e+00  1.504106e+02
     vertex  1.261252e+01  8.000000e+00  1.504106e+02
   endloop
 endfacet
 facet normal  9.440450e-01  0.000000e+00  3.298166e-01
   outer loop
     vertex  1.258243e+01  8.000000e+00  1.504931e+02
     vertex  1.258243e+01  0.000000e+00  1.504931e+02
     vertex  1.259691e+01  0.000000e+00  1.504516e+02
   endloop
 endfacet
 facet normal  9.440450e-01  0.000000e+00  3.298166e-01
   outer loop
     vertex  1.258243e+01  8.000000e+00  1.504931e+02
     vertex  1.259691e+01  0.000000e+00  1.504516e+02
     vertex  1.259691e+01  8.000000e+00  1.504516e+02
   endloop
 endfacet
 facet normal  9.527379e-01  0.000000e+00  3.037934e-01
   outer loop
     vertex  1.256909e+01  8.000000e+00  1.505349e+02
     vertex  1.256909e+01  0.000000e+00  1.505349e+02
     vertex  1.258243e+01  0.000000e+00  1.504931e+02
   endloop
 endfacet
 facet normal  9.607136e-01  0.000000e+00  2.775416e-01
   outer loop
     vertex  1.256909e+01  8.000000e+00  1.505349e+02
     vertex  1.255691e+01  0.000000e+00  1.505771e+02
     vertex  1.256909e+01  0.000000e+00  1.505349e+02
   endloop
 endfacet
 facet normal  9.527379e-01  0.000000e+00  3.037934e-01
   outer loop
     vertex  1.256909e+01  8.000000e+00  1.505349e+02
     vertex  1.258243e+01  0.000000e+00  1.504931e+02
     vertex  1.258243e+01  8.000000e+00  1.504931e+02
   endloop
 endfacet
 facet normal  9.607136e-01  0.000000e+00  2.775416e-01
   outer loop
     vertex  1.255691e+01  8.000000e+00  1.505771e+02
     vertex  1.255691e+01  0.000000e+00  1.505771e+02
     vertex  1.256909e+01  8.000000e+00  1.505349e+02
   endloop
 endfacet
 facet normal  9.679661e-01  0.000000e+00  2.510809e-01
   outer loop
     vertex  1.254589e+01  8.000000e+00  1.506196e+02
     vertex  1.255691e+01  0.000000e+00  1.505771e+02
     vertex  1.255691e+01  8.000000e+00  1.505771e+02
   endloop
 endfacet
 facet normal  9.679661e-01  0.000000e+00  2.510809e-01
   outer loop
     vertex  1.254589e+01  8.000000e+00  1.506196e+02
     vertex  1.254589e+01  0.000000e+00  1.506196e+02
     vertex  1.255691e+01  0.000000e+00  1.505771e+02
   endloop
 endfacet
 facet normal  9.744899e-01  0.000000e+00  2.244312e-01
   outer loop
     vertex  1.254589e+01  8.000000e+00  1.506196e+02
     vertex  1.253604e+01  0.000000e+00  1.506623e+02
     vertex  1.254589e+01  0.000000e+00  1.506196e+02
   endloop
 endfacet
 facet normal  9.744899e-01  0.000000e+00  2.244312e-01
   outer loop
     vertex  1.253604e+01  8.000000e+00  1.506623e+02
     vertex  1.253604e+01  0.000000e+00  1.506623e+02
     vertex  1.254589e+01  8.000000e+00  1.506196e+02
   endloop
 endfacet
 facet normal  9.802802e-01  0.000000e+00  1.976125e-01
   outer loop
     vertex  1.252736e+01  8.000000e+00  1.507054e+02
     vertex  1.253604e+01  0.000000e+00  1.506623e+02
     vertex  1.253604e+01  8.000000e+00  1.506623e+02
   endloop
 endfacet
 facet normal  9.802802e-01  0.000000e+00  1.976125e-01
   outer loop
     vertex  1.252736e+01  8.000000e+00  1.507054e+02
     vertex  1.252736e+01  0.000000e+00  1.507054e+02
     vertex  1.253604e+01  0.000000e+00  1.506623e+02
   endloop
 endfacet
 facet normal  9.853326e-01  0.000000e+00  1.706451e-01
   outer loop
     vertex  1.252736e+01  8.000000e+00  1.507054e+02
     vertex  1.251987e+01  0.000000e+00  1.507486e+02
     vertex  1.252736e+01  0.000000e+00  1.507054e+02
   endloop
 endfacet
 facet normal  9.853326e-01  0.000000e+00  1.706451e-01
   outer loop
     vertex  1.251987e+01  8.000000e+00  1.507486e+02
     vertex  1.251987e+01  0.000000e+00  1.507486e+02
     vertex  1.252736e+01  8.000000e+00  1.507054e+02
   endloop
 endfacet
 facet normal  9.896432e-01  0.000000e+00  1.435492e-01
   outer loop
     vertex  1.251357e+01  8.000000e+00  1.507921e+02
     vertex  1.251987e+01  0.000000e+00  1.507486e+02
     vertex  1.251987e+01  8.000000e+00  1.507486e+02
   endloop
 endfacet
 facet normal  9.896432e-01  0.000000e+00  1.435492e-01
   outer loop
     vertex  1.251357e+01  8.000000e+00  1.507921e+02
     vertex  1.251357e+01  0.000000e+00  1.507921e+02
     vertex  1.251987e+01  0.000000e+00  1.507486e+02
   endloop
 endfacet
 facet normal  9.932088e-01  0.000000e+00  1.163452e-01
   outer loop
     vertex  1.250846e+01  8.000000e+00  1.508357e+02
     vertex  1.251357e+01  0.000000e+00  1.507921e+02
     vertex  1.251357e+01  8.000000e+00  1.507921e+02
   endloop
 endfacet
 facet normal  9.932088e-01  0.000000e+00  1.163452e-01
   outer loop
     vertex  1.250846e+01  8.000000e+00  1.508357e+02
     vertex  1.250846e+01  0.000000e+00  1.508357e+02
     vertex  1.251357e+01  0.000000e+00  1.507921e+02
   endloop
 endfacet
 facet normal  9.960268e-01  0.000000e+00  8.905371e-02
   outer loop
     vertex  1.250455e+01  8.000000e+00  1.508794e+02
     vertex  1.250846e+01  0.000000e+00  1.508357e+02
     vertex  1.250846e+01  8.000000e+00  1.508357e+02
   endloop
 endfacet
 facet normal  9.960268e-01  0.000000e+00  8.905371e-02
   outer loop
     vertex  1.250455e+01  8.000000e+00  1.508794e+02
     vertex  1.250455e+01  0.000000e+00  1.508794e+02
     vertex  1.250846e+01  0.000000e+00  1.508357e+02
   endloop
 endfacet
 facet normal  9.980950e-01  0.000000e+00  6.169515e-02
   outer loop
     vertex  1.250184e+01  8.000000e+00  1.509232e+02
     vertex  1.250455e+01  0.000000e+00  1.508794e+02
     vertex  1.250455e+01  8.000000e+00  1.508794e+02
   endloop
 endfacet
 facet normal  9.980950e-01  0.000000e+00  6.169515e-02
   outer loop
     vertex  1.250184e+01  8.000000e+00  1.509232e+02
     vertex  1.250184e+01  0.000000e+00  1.509232e+02
     vertex  1.250455e+01  0.000000e+00  1.508794e+02
   endloop
 endfacet
 facet normal  9.994119e-01  0.000000e+00  3.429014e-02
   outer loop
     vertex  1.250034e+01  8.000000e+00  1.509671e+02
     vertex  1.250184e+01  0.000000e+00  1.509232e+02
     vertex  1.250184e+01  8.000000e+00  1.509232e+02
   endloop
 endfacet
 facet normal  9.994119e-01  0.000000e+00  3.429014e-02
   outer loop
     vertex  1.250034e+01  8.000000e+00  1.509671e+02
     vertex  1.250034e+01  0.000000e+00  1.509671e+02
     vertex  1.250184e+01  0.000000e+00  1.509232e+02
   endloop
 endfacet
 facet normal  9.999765e-01  0.000000e+00  6.859319e-03
   outer loop
     vertex  1.250034e+01  8.000000e+00  1.509671e+02
     vertex  1.250004e+01  0.000000e+00  1.510110e+02
     vertex  1.250034e+01  0.000000e+00  1.509671e+02
   endloop
 endfacet
 facet normal  9.999765e-01  0.000000e+00  6.859319e-03
   outer loop
     vertex  1.250004e+01  8.000000e+00  1.510110e+02
     vertex  1.250004e+01  0.000000e+00  1.510110e+02
     vertex  1.250034e+01  8.000000e+00  1.509671e+02
   endloop
 endfacet
 facet normal  9.997883e-01  0.000000e+00 -2.057667e-02
   outer loop
     vertex  1.250094e+01  8.000000e+00  1.510549e+02
     vertex  1.250004e+01  0.000000e+00  1.510110e+02
     vertex  1.250004e+01  8.000000e+00  1.510110e+02
   endloop
 endfacet
 facet normal  9.997883e-01  0.000000e+00 -2.057667e-02
   outer loop
     vertex  1.250094e+01  8.000000e+00  1.510549e+02
     vertex  1.250094e+01  0.000000e+00  1.510549e+02
     vertex  1.250004e+01  0.000000e+00  1.510110e+02
   endloop
 endfacet
 facet normal  9.988475e-01  0.000000e+00 -4.799716e-02
   outer loop
     vertex  1.250305e+01  8.000000e+00  1.510987e+02
     vertex  1.250305e+01  0.000000e+00  1.510987e+02
     vertex  1.250094e+01  0.000000e+00  1.510549e+02
   endloop
 endfacet
 facet normal  9.971548e-01  0.000000e+00 -7.538152e-02
   outer loop
     vertex  1.250305e+01  8.000000e+00  1.510987e+02
     vertex  1.250636e+01  0.000000e+00  1.511425e+02
     vertex  1.250305e+01  0.000000e+00  1.510987e+02
   endloop
 endfacet
 facet normal  9.988475e-01  0.000000e+00 -4.799716e-02
   outer loop
     vertex  1.250305e+01  8.000000e+00  1.510987e+02
     vertex  1.250094e+01  0.000000e+00  1.510549e+02
     vertex  1.250094e+01  8.000000e+00  1.510549e+02
   endloop
 endfacet
 facet normal  9.971548e-01  0.000000e+00 -7.538152e-02
   outer loop
     vertex  1.250636e+01  8.000000e+00  1.511425e+02
     vertex  1.250636e+01  0.000000e+00  1.511425e+02
     vertex  1.250305e+01  8.000000e+00  1.510987e+02
   endloop
 endfacet
 facet normal  9.947114e-01  0.000000e+00 -1.027091e-01
   outer loop
     vertex  1.251087e+01  8.000000e+00  1.511862e+02
     vertex  1.251087e+01  0.000000e+00  1.511862e+02
     vertex  1.250636e+01  0.000000e+00  1.511425e+02
   endloop
 endfacet
 facet normal  9.947114e-01  0.000000e+00 -1.027091e-01
   outer loop
     vertex  1.251087e+01  8.000000e+00  1.511862e+02
     vertex  1.250636e+01  0.000000e+00  1.511425e+02
     vertex  1.250636e+01  8.000000e+00  1.511425e+02
   endloop
 endfacet
 facet normal  9.915193e-01  0.000000e+00 -1.299594e-01
   outer loop
     vertex  1.251657e+01  8.000000e+00  1.512297e+02
     vertex  1.251657e+01  0.000000e+00  1.512297e+02
     vertex  1.251087e+01  0.000000e+00  1.511862e+02
   endloop
 endfacet
 facet normal  9.915193e-01  0.000000e+00 -1.299594e-01
   outer loop
     vertex  1.251657e+01  8.000000e+00  1.512297e+02
     vertex  1.251087e+01  0.000000e+00  1.511862e+02
     vertex  1.251087e+01  8.000000e+00  1.511862e+02
   endloop
 endfacet
 facet normal  9.875808e-01  0.000000e+00 -1.571119e-01
   outer loop
     vertex  1.252347e+01  8.000000e+00  1.512730e+02
     vertex  1.252347e+01  0.000000e+00  1.512730e+02
     vertex  1.251657e+01  0.000000e+00  1.512297e+02
   endloop
 endfacet
 facet normal  9.828989e-01  0.000000e+00 -1.841461e-01
   outer loop
     vertex  1.252347e+01  8.000000e+00  1.512730e+02
     vertex  1.253155e+01  0.000000e+00  1.513162e+02
     vertex  1.252347e+01  0.000000e+00  1.512730e+02
   endloop
 endfacet
 facet normal  9.875808e-01  0.000000e+00 -1.571119e-01
   outer loop
     vertex  1.252347e+01  8.000000e+00  1.512730e+02
     vertex  1.251657e+01  0.000000e+00  1.512297e+02
     vertex  1.251657e+01  8.000000e+00  1.512297e+02
   endloop
 endfacet
 facet normal  9.828989e-01  0.000000e+00 -1.841461e-01
   outer loop
     vertex  1.253155e+01  8.000000e+00  1.513162e+02
     vertex  1.253155e+01  0.000000e+00  1.513162e+02
     vertex  1.252347e+01  8.000000e+00  1.512730e+02
   endloop
 endfacet
 facet normal  9.774771e-01  0.000000e+00 -2.110417e-01
   outer loop
     vertex  1.254082e+01  8.000000e+00  1.513591e+02
     vertex  1.254082e+01  0.000000e+00  1.513591e+02
     vertex  1.253155e+01  0.000000e+00  1.513162e+02
   endloop
 endfacet
 facet normal  9.774771e-01  0.000000e+00 -2.110417e-01
   outer loop
     vertex  1.254082e+01  8.000000e+00  1.513591e+02
     vertex  1.253155e+01  0.000000e+00  1.513162e+02
     vertex  1.253155e+01  8.000000e+00  1.513162e+02
   endloop
 endfacet
 facet normal  9.713194e-01  0.000000e+00 -2.377784e-01
   outer loop
     vertex  1.255125e+01  8.000000e+00  1.514017e+02
     vertex  1.255125e+01  0.000000e+00  1.514017e+02
     vertex  1.254082e+01  0.000000e+00  1.513591e+02
   endloop
 endfacet
 facet normal  9.713194e-01  0.000000e+00 -2.377784e-01
   outer loop
     vertex  1.255125e+01  8.000000e+00  1.514017e+02
     vertex  1.254082e+01  0.000000e+00  1.513591e+02
     vertex  1.254082e+01  8.000000e+00  1.513591e+02
   endloop
 endfacet
 facet normal  9.644306e-01  0.000000e+00 -2.643362e-01
   outer loop
     vertex  1.256286e+01  8.000000e+00  1.514441e+02
     vertex  1.256286e+01  0.000000e+00  1.514441e+02
     vertex  1.255125e+01  0.000000e+00  1.514017e+02
   endloop
 endfacet
 facet normal  9.644306e-01  0.000000e+00 -2.643362e-01
   outer loop
     vertex  1.256286e+01  8.000000e+00  1.514441e+02
     vertex  1.255125e+01  0.000000e+00  1.514017e+02
     vertex  1.255125e+01  8.000000e+00  1.514017e+02
   endloop
 endfacet
 facet normal  9.568158e-01  0.000000e+00 -2.906949e-01
   outer loop
     vertex  1.257562e+01  8.000000e+00  1.514861e+02
     vertex  1.257562e+01  0.000000e+00  1.514861e+02
     vertex  1.256286e+01  0.000000e+00  1.514441e+02
   endloop
 endfacet
 facet normal  9.568158e-01  0.000000e+00 -2.906949e-01
   outer loop
     vertex  1.257562e+01  8.000000e+00  1.514861e+02
     vertex  1.256286e+01  0.000000e+00  1.514441e+02
     vertex  1.256286e+01  8.000000e+00  1.514441e+02
   endloop
 endfacet
 facet normal  9.484807e-01  0.000000e+00 -3.168348e-01
   outer loop
     vertex  1.258953e+01  8.000000e+00  1.515277e+02
     vertex  1.258953e+01  0.000000e+00  1.515277e+02
     vertex  1.257562e+01  0.000000e+00  1.514861e+02
   endloop
 endfacet
 facet normal  9.484807e-01  0.000000e+00 -3.168348e-01
   outer loop
     vertex  1.258953e+01  8.000000e+00  1.515277e+02
     vertex  1.257562e+01  0.000000e+00  1.514861e+02
     vertex  1.257562e+01  8.000000e+00  1.514861e+02
   endloop
 endfacet
 facet normal  9.394317e-01  0.000000e+00 -3.427362e-01
   outer loop
     vertex  1.260457e+01  8.000000e+00  1.515689e+02
     vertex  1.260457e+01  0.000000e+00  1.515689e+02
     vertex  1.258953e+01  0.000000e+00  1.515277e+02
   endloop
 endfacet
 facet normal  9.394317e-01  0.000000e+00 -3.427362e-01
   outer loop
     vertex  1.260457e+01  8.000000e+00  1.515689e+02
     vertex  1.258953e+01  0.000000e+00  1.515277e+02
     vertex  1.258953e+01  8.000000e+00  1.515277e+02
   endloop
 endfacet
 facet normal  9.296754e-01  0.000000e+00 -3.683796e-01
   outer loop
     vertex  1.262074e+01  8.000000e+00  1.516098e+02
     vertex  1.262074e+01  0.000000e+00  1.516098e+02
     vertex  1.260457e+01  0.000000e+00  1.515689e+02
   endloop
 endfacet
 facet normal  9.192194e-01  0.000000e+00 -3.937458e-01
   outer loop
     vertex  1.262074e+01  8.000000e+00  1.516098e+02
     vertex  1.263803e+01  0.000000e+00  1.516501e+02
     vertex  1.262074e+01  0.000000e+00  1.516098e+02
   endloop
 endfacet
 facet normal  9.296754e-01  0.000000e+00 -3.683796e-01
   outer loop
     vertex  1.262074e+01  8.000000e+00  1.516098e+02
     vertex  1.260457e+01  0.000000e+00  1.515689e+02
     vertex  1.260457e+01  8.000000e+00  1.515689e+02
   endloop
 endfacet
 facet normal  9.192194e-01  0.000000e+00 -3.937458e-01
   outer loop
     vertex  1.263803e+01  8.000000e+00  1.516501e+02
     vertex  1.263803e+01  0.000000e+00  1.516501e+02
     vertex  1.262074e+01  8.000000e+00  1.516098e+02
   endloop
 endfacet
 facet normal  9.080714e-01  0.000000e+00 -4.188155e-01
   outer loop
     vertex  1.265642e+01  8.000000e+00  1.516900e+02
     vertex  1.263803e+01  0.000000e+00  1.516501e+02
     vertex  1.263803e+01  8.000000e+00  1.516501e+02
   endloop
 endfacet
 facet normal  9.080714e-01  0.000000e+00 -4.188155e-01
   outer loop
     vertex  1.265642e+01  8.000000e+00  1.516900e+02
     vertex  1.265642e+01  0.000000e+00  1.516900e+02
     vertex  1.263803e+01  0.000000e+00  1.516501e+02
   endloop
 endfacet
 facet normal  8.962398e-01  0.000000e+00 -4.435699e-01
   outer loop
     vertex  1.267589e+01  8.000000e+00  1.517293e+02
     vertex  1.265642e+01  0.000000e+00  1.516900e+02
     vertex  1.265642e+01  8.000000e+00  1.516900e+02
   endloop
 endfacet
 facet normal  8.962398e-01  0.000000e+00 -4.435699e-01
   outer loop
     vertex  1.267589e+01  8.000000e+00  1.517293e+02
     vertex  1.267589e+01  0.000000e+00  1.517293e+02
     vertex  1.265642e+01  0.000000e+00  1.516900e+02
   endloop
 endfacet
 facet normal  8.837335e-01  0.000000e+00 -4.679904e-01
   outer loop
     vertex  1.269643e+01  8.000000e+00  1.517681e+02
     vertex  1.267589e+01  0.000000e+00  1.517293e+02
     vertex  1.267589e+01  8.000000e+00  1.517293e+02
   endloop
 endfacet
 facet normal  8.837335e-01  0.000000e+00 -4.679904e-01
   outer loop
     vertex  1.269643e+01  8.000000e+00  1.517681e+02
     vertex  1.269643e+01  0.000000e+00  1.517681e+02
     vertex  1.267589e+01  0.000000e+00  1.517293e+02
   endloop
 endfacet
 facet normal  8.705620e-01  0.000000e+00 -4.920587e-01
   outer loop
     vertex  1.271803e+01  8.000000e+00  1.518063e+02
     vertex  1.271803e+01  0.000000e+00  1.518063e+02
     vertex  1.269643e+01  0.000000e+00  1.517681e+02
   endloop
 endfacet
 facet normal  8.705620e-01  0.000000e+00 -4.920587e-01
   outer loop
     vertex  1.271803e+01  8.000000e+00  1.518063e+02
     vertex  1.269643e+01  0.000000e+00  1.517681e+02
     vertex  1.269643e+01  8.000000e+00  1.517681e+02
   endloop
 endfacet
 facet normal  8.567352e-01  0.000000e+00 -5.157565e-01
   outer loop
     vertex  1.274067e+01  8.000000e+00  1.518439e+02
     vertex  1.271803e+01  0.000000e+00  1.518063e+02
     vertex  1.271803e+01  8.000000e+00  1.518063e+02
   endloop
 endfacet
 facet normal  8.567352e-01  0.000000e+00 -5.157565e-01
   outer loop
     vertex  1.274067e+01  8.000000e+00  1.518439e+02
     vertex  1.274067e+01  0.000000e+00  1.518439e+02
     vertex  1.271803e+01  0.000000e+00  1.518063e+02
   endloop
 endfacet
 facet normal  8.422635e-01  0.000000e+00 -5.390661e-01
   outer loop
     vertex  1.276434e+01  8.000000e+00  1.518809e+02
     vertex  1.276434e+01  0.000000e+00  1.518809e+02
     vertex  1.274067e+01  0.000000e+00  1.518439e+02
   endloop
 endfacet
 facet normal  8.422635e-01  0.000000e+00 -5.390661e-01
   outer loop
     vertex  1.276434e+01  8.000000e+00  1.518809e+02
     vertex  1.274067e+01  0.000000e+00  1.518439e+02
     vertex  1.274067e+01  8.000000e+00  1.518439e+02
   endloop
 endfacet
 facet normal  8.271577e-01  0.000000e+00 -5.619699e-01
   outer loop
     vertex  1.278901e+01  8.000000e+00  1.519172e+02
     vertex  1.278901e+01  0.000000e+00  1.519172e+02
     vertex  1.276434e+01  0.000000e+00  1.518809e+02
   endloop
 endfacet
 facet normal  8.271577e-01  0.000000e+00 -5.619699e-01
   outer loop
     vertex  1.278901e+01  8.000000e+00  1.519172e+02
     vertex  1.276434e+01  0.000000e+00  1.518809e+02
     vertex  1.276434e+01  8.000000e+00  1.518809e+02
   endloop
 endfacet
 facet normal  8.114292e-01  0.000000e+00 -5.844507e-01
   outer loop
     vertex  1.281466e+01  8.000000e+00  1.519528e+02
     vertex  1.281466e+01  0.000000e+00  1.519528e+02
     vertex  1.278901e+01  0.000000e+00  1.519172e+02
   endloop
 endfacet
 facet normal  8.114292e-01  0.000000e+00 -5.844507e-01
   outer loop
     vertex  1.281466e+01  8.000000e+00  1.519528e+02
     vertex  1.278901e+01  0.000000e+00  1.519172e+02
     vertex  1.278901e+01  8.000000e+00  1.519172e+02
   endloop
 endfacet
 facet normal  7.950900e-01  0.000000e+00 -6.064915e-01
   outer loop
     vertex  1.284129e+01  8.000000e+00  1.519877e+02
     vertex  1.284129e+01  0.000000e+00  1.519877e+02
     vertex  1.281466e+01  0.000000e+00  1.519528e+02
   endloop
 endfacet
 facet normal  7.950900e-01  0.000000e+00 -6.064915e-01
   outer loop
     vertex  1.284129e+01  8.000000e+00  1.519877e+02
     vertex  1.281466e+01  0.000000e+00  1.519528e+02
     vertex  1.281466e+01  8.000000e+00  1.519528e+02
   endloop
 endfacet
 facet normal  7.781522e-01  0.000000e+00 -6.280757e-01
   outer loop
     vertex  1.286886e+01  8.000000e+00  1.520219e+02
     vertex  1.286886e+01  0.000000e+00  1.520219e+02
     vertex  1.284129e+01  0.000000e+00  1.519877e+02
   endloop
 endfacet
 facet normal  7.781522e-01  0.000000e+00 -6.280757e-01
   outer loop
     vertex  1.286886e+01  8.000000e+00  1.520219e+02
     vertex  1.284129e+01  0.000000e+00  1.519877e+02
     vertex  1.284129e+01  8.000000e+00  1.519877e+02
   endloop
 endfacet
 facet normal  7.606287e-01  0.000000e+00 -6.491872e-01
   outer loop
     vertex  1.289736e+01  8.000000e+00  1.520553e+02
     vertex  1.289736e+01  0.000000e+00  1.520553e+02
     vertex  1.286886e+01  0.000000e+00  1.520219e+02
   endloop
 endfacet
 facet normal  7.606287e-01  0.000000e+00 -6.491872e-01
   outer loop
     vertex  1.289736e+01  8.000000e+00  1.520553e+02
     vertex  1.286886e+01  0.000000e+00  1.520219e+02
     vertex  1.286886e+01  8.000000e+00  1.520219e+02
   endloop
 endfacet
 facet normal  7.425325e-01  0.000000e+00 -6.698100e-01
   outer loop
     vertex  1.292676e+01  8.000000e+00  1.520879e+02
     vertex  1.292676e+01  0.000000e+00  1.520879e+02
     vertex  1.289736e+01  0.000000e+00  1.520553e+02
   endloop
 endfacet
 facet normal  7.238775e-01  0.000000e+00 -6.899286e-01
   outer loop
     vertex  1.292676e+01  8.000000e+00  1.520879e+02
     vertex  1.295705e+01  0.000000e+00  1.521197e+02
     vertex  1.292676e+01  0.000000e+00  1.520879e+02
   endloop
 endfacet
 facet normal  7.425325e-01  0.000000e+00 -6.698100e-01
   outer loop
     vertex  1.292676e+01  8.000000e+00  1.520879e+02
     vertex  1.289736e+01  0.000000e+00  1.520553e+02
     vertex  1.289736e+01  8.000000e+00  1.520553e+02
   endloop
 endfacet
 facet normal  7.238775e-01  0.000000e+00 -6.899286e-01
   outer loop
     vertex  1.295705e+01  8.000000e+00  1.521197e+02
     vertex  1.295705e+01  0.000000e+00  1.521197e+02
     vertex  1.292676e+01  8.000000e+00  1.520879e+02
   endloop
 endfacet
 facet normal  7.046775e-01  0.000000e+00 -7.095278e-01
   outer loop
     vertex  1.298820e+01  8.000000e+00  1.521506e+02
     vertex  1.298820e+01  0.000000e+00  1.521506e+02
     vertex  1.295705e+01  0.000000e+00  1.521197e+02
   endloop
 endfacet
 facet normal  7.046775e-01  0.000000e+00 -7.095278e-01
   outer loop
     vertex  1.298820e+01  8.000000e+00  1.521506e+02
     vertex  1.295705e+01  0.000000e+00  1.521197e+02
     vertex  1.295705e+01  8.000000e+00  1.521197e+02
   endloop
 endfacet
 facet normal  6.849470e-01  0.000000e+00 -7.285929e-01
   outer loop
     vertex  1.302018e+01  8.000000e+00  1.521807e+02
     vertex  1.302018e+01  0.000000e+00  1.521807e+02
     vertex  1.298820e+01  0.000000e+00  1.521506e+02
   endloop
 endfacet
 facet normal  6.849470e-01  0.000000e+00 -7.285929e-01
   outer loop
     vertex  1.302018e+01  8.000000e+00  1.521807e+02
     vertex  1.298820e+01  0.000000e+00  1.521506e+02
     vertex  1.298820e+01  8.000000e+00  1.521506e+02
   endloop
 endfacet
 facet normal  6.647010e-01  0.000000e+00 -7.471095e-01
   outer loop
     vertex  1.305298e+01  8.000000e+00  1.522099e+02
     vertex  1.305298e+01  0.000000e+00  1.522099e+02
     vertex  1.302018e+01  0.000000e+00  1.521807e+02
   endloop
 endfacet
 facet normal  6.647010e-01  0.000000e+00 -7.471095e-01
   outer loop
     vertex  1.305298e+01  8.000000e+00  1.522099e+02
     vertex  1.302018e+01  0.000000e+00  1.521807e+02
     vertex  1.302018e+01  8.000000e+00  1.521807e+02
   endloop
 endfacet
 facet normal  6.439545e-01  0.000000e+00 -7.650637e-01
   outer loop
     vertex  1.308656e+01  8.000000e+00  1.522381e+02
     vertex  1.308656e+01  0.000000e+00  1.522381e+02
     vertex  1.305298e+01  0.000000e+00  1.522099e+02
   endloop
 endfacet
 facet normal  6.439545e-01  0.000000e+00 -7.650637e-01
   outer loop
     vertex  1.308656e+01  8.000000e+00  1.522381e+02
     vertex  1.305298e+01  0.000000e+00  1.522099e+02
     vertex  1.305298e+01  8.000000e+00  1.522099e+02
   endloop
 endfacet
 facet normal  6.227234e-01  0.000000e+00 -7.824421e-01
   outer loop
     vertex  1.312091e+01  8.000000e+00  1.522655e+02
     vertex  1.312091e+01  0.000000e+00  1.522655e+02
     vertex  1.308656e+01  0.000000e+00  1.522381e+02
   endloop
 endfacet
 facet normal  6.227234e-01  0.000000e+00 -7.824421e-01
   outer loop
     vertex  1.312091e+01  8.000000e+00  1.522655e+02
     vertex  1.308656e+01  0.000000e+00  1.522381e+02
     vertex  1.308656e+01  8.000000e+00  1.522381e+02
   endloop
 endfacet
 facet normal  6.010234e-01  0.000000e+00 -7.992314e-01
   outer loop
     vertex  1.315600e+01  8.000000e+00  1.522918e+02
     vertex  1.315600e+01  0.000000e+00  1.522918e+02
     vertex  1.312091e+01  0.000000e+00  1.522655e+02
   endloop
 endfacet
 facet normal  6.010234e-01  0.000000e+00 -7.992314e-01
   outer loop
     vertex  1.315600e+01  8.000000e+00  1.522918e+02
     vertex  1.312091e+01  0.000000e+00  1.522655e+02
     vertex  1.312091e+01  8.000000e+00  1.522655e+02
   endloop
 endfacet
 facet normal  5.788711e-01  0.000000e+00 -8.154191e-01
   outer loop
     vertex  1.319179e+01  8.000000e+00  1.523173e+02
     vertex  1.319179e+01  0.000000e+00  1.523173e+02
     vertex  1.315600e+01  0.000000e+00  1.522918e+02
   endloop
 endfacet
 facet normal  5.788711e-01  0.000000e+00 -8.154191e-01
   outer loop
     vertex  1.319179e+01  8.000000e+00  1.523173e+02
     vertex  1.315600e+01  0.000000e+00  1.522918e+02
     vertex  1.315600e+01  8.000000e+00  1.522918e+02
   endloop
 endfacet
 facet normal  5.562829e-01  0.000000e+00 -8.309929e-01
   outer loop
     vertex  1.322827e+01  8.000000e+00  1.523417e+02
     vertex  1.322827e+01  0.000000e+00  1.523417e+02
     vertex  1.319179e+01  0.000000e+00  1.523173e+02
   endloop
 endfacet
 facet normal  5.562829e-01  0.000000e+00 -8.309929e-01
   outer loop
     vertex  1.322827e+01  8.000000e+00  1.523417e+02
     vertex  1.319179e+01  0.000000e+00  1.523173e+02
     vertex  1.319179e+01  8.000000e+00  1.523173e+02
   endloop
 endfacet
 facet normal  5.332761e-01  0.000000e+00 -8.459413e-01
   outer loop
     vertex  1.326541e+01  8.000000e+00  1.523651e+02
     vertex  1.326541e+01  0.000000e+00  1.523651e+02
     vertex  1.322827e+01  0.000000e+00  1.523417e+02
   endloop
 endfacet
 facet normal  5.332761e-01  0.000000e+00 -8.459413e-01
   outer loop
     vertex  1.326541e+01  8.000000e+00  1.523651e+02
     vertex  1.322827e+01  0.000000e+00  1.523417e+02
     vertex  1.322827e+01  8.000000e+00  1.523417e+02
   endloop
 endfacet
 facet normal  5.098678e-01  0.000000e+00 -8.602528e-01
   outer loop
     vertex  1.330317e+01  8.000000e+00  1.523875e+02
     vertex  1.330317e+01  0.000000e+00  1.523875e+02
     vertex  1.326541e+01  0.000000e+00  1.523651e+02
   endloop
 endfacet
 facet normal  5.098678e-01  0.000000e+00 -8.602528e-01
   outer loop
     vertex  1.330317e+01  8.000000e+00  1.523875e+02
     vertex  1.326541e+01  0.000000e+00  1.523651e+02
     vertex  1.326541e+01  8.000000e+00  1.523651e+02
   endloop
 endfacet
 facet normal  4.860756e-01  0.000000e+00 -8.739167e-01
   outer loop
     vertex  1.334153e+01  8.000000e+00  1.524088e+02
     vertex  1.334153e+01  0.000000e+00  1.524088e+02
     vertex  1.330317e+01  0.000000e+00  1.523875e+02
   endloop
 endfacet
 facet normal  4.619176e-01  0.000000e+00 -8.869228e-01
   outer loop
     vertex  1.334153e+01  8.000000e+00  1.524088e+02
     vertex  1.338047e+01  0.000000e+00  1.524291e+02
     vertex  1.334153e+01  0.000000e+00  1.524088e+02
   endloop
 endfacet
 facet normal  4.860756e-01  0.000000e+00 -8.739167e-01
   outer loop
     vertex  1.334153e+01  8.000000e+00  1.524088e+02
     vertex  1.330317e+01  0.000000e+00  1.523875e+02
     vertex  1.330317e+01  8.000000e+00  1.523875e+02
   endloop
 endfacet
 facet normal  4.619176e-01  0.000000e+00 -8.869228e-01
   outer loop
     vertex  1.338047e+01  8.000000e+00  1.524291e+02
     vertex  1.338047e+01  0.000000e+00  1.524291e+02
     vertex  1.334153e+01  8.000000e+00  1.524088e+02
   endloop
 endfacet
 facet normal  4.374119e-01  0.000000e+00 -8.992613e-01
   outer loop
     vertex  1.338047e+01  8.000000e+00  1.524291e+02
     vertex  1.341995e+01  0.000000e+00  1.524483e+02
     vertex  1.338047e+01  0.000000e+00  1.524291e+02
   endloop
 endfacet
 facet normal  4.374119e-01  0.000000e+00 -8.992613e-01
   outer loop
     vertex  1.341995e+01  8.000000e+00  1.524483e+02
     vertex  1.341995e+01  0.000000e+00  1.524483e+02
     vertex  1.338047e+01  8.000000e+00  1.524291e+02
   endloop
 endfacet
 facet normal  4.125769e-01  0.000000e+00 -9.109228e-01
   outer loop
     vertex  1.345993e+01  8.000000e+00  1.524664e+02
     vertex  1.341995e+01  0.000000e+00  1.524483e+02
     vertex  1.341995e+01  8.000000e+00  1.524483e+02
   endloop
 endfacet
 facet normal  4.125769e-01  0.000000e+00 -9.109228e-01
   outer loop
     vertex  1.345993e+01  8.000000e+00  1.524664e+02
     vertex  1.345993e+01  0.000000e+00  1.524664e+02
     vertex  1.341995e+01  0.000000e+00  1.524483e+02
   endloop
 endfacet
 facet normal  3.874313e-01  0.000000e+00 -9.218986e-01
   outer loop
     vertex  1.350040e+01  8.000000e+00  1.524834e+02
     vertex  1.345993e+01  0.000000e+00  1.524664e+02
     vertex  1.345993e+01  8.000000e+00  1.524664e+02
   endloop
 endfacet
 facet normal  3.874313e-01  0.000000e+00 -9.218986e-01
   outer loop
     vertex  1.350040e+01  8.000000e+00  1.524834e+02
     vertex  1.350040e+01  0.000000e+00  1.524834e+02
     vertex  1.345993e+01  0.000000e+00  1.524664e+02
   endloop
 endfacet
 facet normal  3.619940e-01  0.000000e+00 -9.321804e-01
   outer loop
     vertex  1.354132e+01  8.000000e+00  1.524993e+02
     vertex  1.350040e+01  0.000000e+00  1.524834e+02
     vertex  1.350040e+01  8.000000e+00  1.524834e+02
   endloop
 endfacet
 facet normal  3.619940e-01  0.000000e+00 -9.321804e-01
   outer loop
     vertex  1.354132e+01  8.000000e+00  1.524993e+02
     vertex  1.354132e+01  0.000000e+00  1.524993e+02
     vertex  1.350040e+01  0.000000e+00  1.524834e+02
   endloop
 endfacet
 facet normal  3.362843e-01  0.000000e+00 -9.417605e-01
   outer loop
     vertex  1.358267e+01  8.000000e+00  1.525141e+02
     vertex  1.354132e+01  0.000000e+00  1.524993e+02
     vertex  1.354132e+01  8.000000e+00  1.524993e+02
   endloop
 endfacet
 facet normal  3.362843e-01  0.000000e+00 -9.417605e-01
   outer loop
     vertex  1.358267e+01  8.000000e+00  1.525141e+02
     vertex  1.358267e+01  0.000000e+00  1.525141e+02
     vertex  1.354132e+01  0.000000e+00  1.524993e+02
   endloop
 endfacet
 facet normal  3.103214e-01  0.000000e+00 -9.506317e-01
   outer loop
     vertex  1.362440e+01  8.000000e+00  1.525277e+02
     vertex  1.358267e+01  0.000000e+00  1.525141e+02
     vertex  1.358267e+01  8.000000e+00  1.525141e+02
   endloop
 endfacet
 facet normal  3.103214e-01  0.000000e+00 -9.506317e-01
   outer loop
     vertex  1.362440e+01  8.000000e+00  1.525277e+02
     vertex  1.362440e+01  0.000000e+00  1.525277e+02
     vertex  1.358267e+01  0.000000e+00  1.525141e+02
   endloop
 endfacet
 facet normal  2.841250e-01  0.000000e+00 -9.587873e-01
   outer loop
     vertex  1.366649e+01  8.000000e+00  1.525402e+02
     vertex  1.362440e+01  0.000000e+00  1.525277e+02
     vertex  1.362440e+01  8.000000e+00  1.525277e+02
   endloop
 endfacet
 facet normal  2.841250e-01  0.000000e+00 -9.587873e-01
   outer loop
     vertex  1.366649e+01  8.000000e+00  1.525402e+02
     vertex  1.366649e+01  0.000000e+00  1.525402e+02
     vertex  1.362440e+01  0.000000e+00  1.525277e+02
   endloop
 endfacet
 facet normal  2.577146e-01  0.000000e+00 -9.662211e-01
   outer loop
     vertex  1.370890e+01  8.000000e+00  1.525515e+02
     vertex  1.366649e+01  0.000000e+00  1.525402e+02
     vertex  1.366649e+01  8.000000e+00  1.525402e+02
   endloop
 endfacet
 facet normal  2.577146e-01  0.000000e+00 -9.662211e-01
   outer loop
     vertex  1.370890e+01  8.000000e+00  1.525515e+02
     vertex  1.370890e+01  0.000000e+00  1.525515e+02
     vertex  1.366649e+01  0.000000e+00  1.525402e+02
   endloop
 endfacet
 facet normal  2.311102e-01  0.000000e+00 -9.729276e-01
   outer loop
     vertex  1.375161e+01  8.000000e+00  1.525616e+02
     vertex  1.370890e+01  0.000000e+00  1.525515e+02
     vertex  1.370890e+01  8.000000e+00  1.525515e+02
   endloop
 endfacet
 facet normal  2.311102e-01  0.000000e+00 -9.729276e-01
   outer loop
     vertex  1.375161e+01  8.000000e+00  1.525616e+02
     vertex  1.375161e+01  0.000000e+00  1.525616e+02
     vertex  1.370890e+01  0.000000e+00  1.525515e+02
   endloop
 endfacet
 facet normal  2.043319e-01  0.000000e+00 -9.789017e-01
   outer loop
     vertex  1.379459e+01  8.000000e+00  1.525706e+02
     vertex  1.375161e+01  0.000000e+00  1.525616e+02
     vertex  1.375161e+01  8.000000e+00  1.525616e+02
   endloop
 endfacet
 facet normal  2.043319e-01  0.000000e+00 -9.789017e-01
   outer loop
     vertex  1.379459e+01  8.000000e+00  1.525706e+02
     vertex  1.379459e+01  0.000000e+00  1.525706e+02
     vertex  1.375161e+01  0.000000e+00  1.525616e+02
   endloop
 endfacet
 facet normal  1.773998e-01  0.000000e+00 -9.841389e-01
   outer loop
     vertex  1.383779e+01  8.000000e+00  1.525784e+02
     vertex  1.379459e+01  0.000000e+00  1.525706e+02
     vertex  1.379459e+01  8.000000e+00  1.525706e+02
   endloop
 endfacet
 facet normal  1.773998e-01  0.000000e+00 -9.841389e-01
   outer loop
     vertex  1.383779e+01  8.000000e+00  1.525784e+02
     vertex  1.383779e+01  0.000000e+00  1.525784e+02
     vertex  1.379459e+01  0.000000e+00  1.525706e+02
   endloop
 endfacet
 facet normal  1.503341e-01  0.000000e+00 -9.886353e-01
   outer loop
     vertex  1.383779e+01  8.000000e+00  1.525784e+02
     vertex  1.388119e+01  0.000000e+00  1.525850e+02
     vertex  1.383779e+01  0.000000e+00  1.525784e+02
   endloop
 endfacet
 facet normal  1.503341e-01  0.000000e+00 -9.886353e-01
   outer loop
     vertex  1.388119e+01  8.000000e+00  1.525850e+02
     vertex  1.388119e+01  0.000000e+00  1.525850e+02
     vertex  1.383779e+01  8.000000e+00  1.525784e+02
   endloop
 endfacet
 facet normal  1.231552e-01  0.000000e+00 -9.923874e-01
   outer loop
     vertex  1.392475e+01  8.000000e+00  1.525904e+02
     vertex  1.392475e+01  0.000000e+00  1.525904e+02
     vertex  1.388119e+01  0.000000e+00  1.525850e+02
   endloop
 endfacet
 facet normal  1.231552e-01  0.000000e+00 -9.923874e-01
   outer loop
     vertex  1.392475e+01  8.000000e+00  1.525904e+02
     vertex  1.388119e+01  0.000000e+00  1.525850e+02
     vertex  1.388119e+01  8.000000e+00  1.525850e+02
   endloop
 endfacet
 facet normal  9.588368e-02  0.000000e+00 -9.953925e-01
   outer loop
     vertex  1.396845e+01  8.000000e+00  1.525946e+02
     vertex  1.396845e+01  0.000000e+00  1.525946e+02
     vertex  1.392475e+01  0.000000e+00  1.525904e+02
   endloop
 endfacet
 facet normal  9.588368e-02  0.000000e+00 -9.953925e-01
   outer loop
     vertex  1.396845e+01  8.000000e+00  1.525946e+02
     vertex  1.392475e+01  0.000000e+00  1.525904e+02
     vertex  1.392475e+01  8.000000e+00  1.525904e+02
   endloop
 endfacet
 facet normal  6.853995e-02  0.000000e+00 -9.976484e-01
   outer loop
     vertex  1.401224e+01  8.000000e+00  1.525976e+02
     vertex  1.401224e+01  0.000000e+00  1.525976e+02
     vertex  1.396845e+01  0.000000e+00  1.525946e+02
   endloop
 endfacet
 facet normal  6.853995e-02  0.000000e+00 -9.976484e-01
   outer loop
     vertex  1.401224e+01  8.000000e+00  1.525976e+02
     vertex  1.396845e+01  0.000000e+00  1.525946e+02
     vertex  1.396845e+01  8.000000e+00  1.525946e+02
   endloop
 endfacet
 facet normal  4.114462e-02  0.000000e+00 -9.991532e-01
   outer loop
     vertex  1.405611e+01  8.000000e+00  1.525994e+02
     vertex  1.405611e+01  0.000000e+00  1.525994e+02
     vertex  1.401224e+01  0.000000e+00  1.525976e+02
   endloop
 endfacet
 facet normal  4.114462e-02  0.000000e+00 -9.991532e-01
   outer loop
     vertex  1.405611e+01  8.000000e+00  1.525994e+02
     vertex  1.401224e+01  0.000000e+00  1.525976e+02
     vertex  1.401224e+01  8.000000e+00  1.525976e+02
   endloop
 endfacet
 facet normal  1.371831e-02  0.000000e+00 -9.999059e-01
   outer loop
     vertex  1.410000e+01  8.000000e+00  1.526000e+02
     vertex  1.410000e+01  0.000000e+00  1.526000e+02
     vertex  1.405611e+01  0.000000e+00  1.525994e+02
   endloop
 endfacet
 facet normal  1.371831e-02  0.000000e+00 -9.999059e-01
   outer loop
     vertex  1.410000e+01  8.000000e+00  1.526000e+02
     vertex  1.405611e+01  0.000000e+00  1.525994e+02
     vertex  1.405611e+01  8.000000e+00  1.525994e+02
   endloop
 endfacet
 facet normal  0.000000e+00  0.000000e+00  1.000000e+00
   outer loop
     vertex  6.523899e+00  8.858261e+00  0.000000e+00
     vertex  6.393581e+00  8.648775e+00  0.000000e+00
     vertex  6.269054e+00  8.435796e+00  0.000000e+00
   endloop
 endfacet
 facet normal  0.000000e+00  0.000000e+00  1.000000e+00
   outer loop
     vertex  6.801513e+00  9.266126e+00  0.000000e+00
     vertex  6.659911e+00  9.064096e+00  0.000000e+00
     vertex  6.523899e+00  8.858261e+00  0.000000e+00
   endloop
 endfacet
 facet normal  0.000000e+00  0.000000e+00  1.000000e+00
   outer loop
     vertex  7.258779e+00  9.847880e+00  0.000000e+00
     vertex  7.101060e+00  9.658165e+00  0.000000e+00
     vertex  6.948599e+00  9.464199e+00  0.000000e+00
   endloop
 endfacet
 facet normal  0.000000e+00  0.000000e+00  1.000000e+00
   outer loop
     vertex  7.589519e+00  1.021399e+01  0.000000e+00
     vertex  7.258779e+00  9.847880e+00  0.000000e+00
     vertex  6.948599e+00  9.464199e+00  0.000000e+00
   endloop
 endfacet
 facet normal  0.000000e+00  0.000000e+00  1.000000e+00
   outer loop
     vertex  7.589519e+00  1.021399e+01  0.000000e+00
     vertex  7.421640e+00  1.003320e+01  0.000000e+00
     vertex  7.258779e+00  9.847880e+00  0.000000e+00
   endloop
 endfacet
 facet normal  0.000000e+00  0.000000e+00  1.000000e+00
   outer loop
     vertex  7.589519e+00  1.021399e+01  0.000000e+00
     vertex  6.948599e+00  9.464199e+00  0.000000e+00
     vertex  6.801513e+00  9.266126e+00  0.000000e+00
   endloop
 endfacet
 facet normal  0.000000e+00  0.000000e+00  1.000000e+00
   outer loop
     vertex  7.939824e+00  1.056142e+01  0.000000e+00
     vertex  7.762290e+00  1.039010e+01  0.000000e+00
     vertex  7.589519e+00  1.021399e+01  0.000000e+00
   endloop
 endfacet
 facet normal  0.000000e+00  0.000000e+00  1.000000e+00
   outer loop
     vertex  8.499648e+00  1.104529e+01  0.000000e+00
     vertex  8.308642e+00  1.088913e+01  0.000000e+00
     vertex  8.121987e+00  1.072780e+01  0.000000e+00
   endloop
 endfacet
 facet normal  0.000000e+00  0.000000e+00  1.000000e+00
   outer loop
     vertex  8.499648e+00  1.104529e+01  0.000000e+00
     vertex  8.121987e+00  1.072780e+01  0.000000e+00
     vertex  7.939824e+00  1.056142e+01  0.000000e+00
   endloop
 endfacet
 facet normal  0.000000e+00  0.000000e+00  1.000000e+00
   outer loop
     vertex  9.097329e+00  1.148153e+01  0.000000e+00
     vertex  8.894140e+00  1.134160e+01  0.000000e+00
     vertex  8.694864e+00  1.119614e+01  0.000000e+00
   endloop
 endfacet
 facet normal  0.000000e+00  0.000000e+00  1.000000e+00
   outer loop
     vertex  9.304277e+00  1.161584e+01  0.000000e+00
     vertex  9.097329e+00  1.148153e+01  0.000000e+00
     vertex  8.694864e+00  1.119614e+01  0.000000e+00
   endloop
 endfacet
 facet normal  0.000000e+00  0.000000e+00  1.000000e+00
   outer loop
     vertex  9.304277e+00  1.161584e+01  0.000000e+00
     vertex  8.694864e+00  1.119614e+01  0.000000e+00
     vertex  8.499648e+00  1.104529e+01  0.000000e+00
   endloop
 endfacet
 facet normal  0.000000e+00  0.000000e+00  1.000000e+00
   outer loop
     vertex  9.728826e+00  1.186720e+01  0.000000e+00
     vertex  9.514829e+00  1.174443e+01  0.000000e+00
     vertex  9.304277e+00  1.161584e+01  0.000000e+00
   endloop
 endfacet
 facet normal  0.000000e+00  0.000000e+00  1.000000e+00
   outer loop
     vertex  9.946108e+00  1.198406e+01  0.000000e+00
     vertex  9.728826e+00  1.186720e+01  0.000000e+00
     vertex  9.304277e+00  1.161584e+01  0.000000e+00
   endloop
 endfacet
 facet normal  0.000000e+00  0.000000e+00  1.000000e+00
   outer loop
     vertex  1.061602e+01  1.229831e+01  0.000000e+00
     vertex  1.038987e+01  1.219969e+01  0.000000e+00
     vertex  1.016651e+01  1.209492e+01  0.000000e+00
   endloop
 endfacet
 facet normal  0.000000e+00  0.000000e+00  1.000000e+00
   outer loop
     vertex  1.061602e+01  1.229831e+01  0.000000e+00
     vertex  1.016651e+01  1.209492e+01  0.000000e+00
     vertex  9.946108e+00  1.198406e+01  0.000000e+00
   endloop
 endfacet
 facet normal  0.000000e+00  0.000000e+00  1.000000e+00
   outer loop
     vertex  1.154506e+01  1.262973e+01  0.000000e+00
     vertex  1.130948e+01  1.255646e+01  0.000000e+00
     vertex  1.107599e+01  1.247676e+01  0.000000e+00
   endloop
 endfacet
 facet normal  0.000000e+00  0.000000e+00  1.000000e+00
   outer loop
     vertex  1.154506e+01  1.262973e+01  0.000000e+00
     vertex  1.107599e+01  1.247676e+01  0.000000e+00
     vertex  1.084478e+01  1.239068e+01  0.000000e+00
   endloop
 endfacet
 facet normal  0.000000e+00  0.000000e+00  1.000000e+00
   outer loop
     vertex  1.250479e+01  1.285750e+01  0.000000e+00
     vertex  1.226261e+01  1.281045e+01  0.000000e+00
     vertex  1.202180e+01  1.275677e+01  0.000000e+00
   endloop
 endfacet
 facet normal  0.000000e+00  0.000000e+00  1.000000e+00
   outer loop
     vertex  1.250479e+01  1.285750e+01  0.000000e+00
     vertex  1.202180e+01  1.275677e+01  0.000000e+00
     vertex  1.178256e+01  1.269652e+01  0.000000e+00
   endloop
 endfacet
 facet normal  0.000000e+00  0.000000e+00  1.000000e+00
   outer loop
     vertex  1.250479e+01  1.285750e+01  0.000000e+00
     vertex  1.178256e+01  1.269652e+01  0.000000e+00
     vertex  1.154506e+01  1.262973e+01  0.000000e+00
   endloop
 endfacet
 facet normal  0.000000e+00  0.000000e+00  1.000000e+00
   outer loop
     vertex  1.274817e+01  1.289790e+01  0.000000e+00
     vertex  1.250479e+01  1.285750e+01  0.000000e+00
     vertex  1.154506e+01  1.262973e+01  0.000000e+00
   endloop
 endfacet
 facet normal  0.000000e+00  0.000000e+00  1.000000e+00
   outer loop
     vertex  1.299257e+01  1.293161e+01  0.000000e+00
     vertex  1.274817e+01  1.289790e+01  0.000000e+00
     vertex  1.154506e+01  1.262973e+01  0.000000e+00
   endloop
 endfacet
 facet normal  0.000000e+00  0.000000e+00  1.000000e+00
   outer loop
     vertex  1.348368e+01  1.297887e+01  0.000000e+00
     vertex  1.323780e+01  1.295861e+01  0.000000e+00
     vertex  1.299257e+01  1.293161e+01  0.000000e+00
   endloop
 endfacet
 facet normal  0.000000e+00  0.000000e+00  1.000000e+00
   outer loop
     vertex  1.397664e+01  1.299915e+01  0.000000e+00
     vertex  1.373002e+01  1.299239e+01  0.000000e+00
     vertex  1.348368e+01  1.297887e+01  0.000000e+00
   endloop
 endfacet
 facet normal  0.000000e+00  0.000000e+00  1.000000e+00
   outer loop
     vertex  1.397664e+01  1.299915e+01  0.000000e+00
     vertex  1.348368e+01  1.297887e+01  0.000000e+00
     vertex  1.299257e+01  1.293161e+01  0.000000e+00
   endloop
 endfacet
 facet normal  0.000000e+00  0.000000e+00  1.000000e+00
   outer loop
     vertex  1.422336e+01  1.299915e+01  0.000000e+00
     vertex  1.397664e+01  1.299915e+01  0.000000e+00
     vertex  1.299257e+01  1.293161e+01  0.000000e+00
   endloop
 endfacet
 facet normal  0.000000e+00  0.000000e+00  1.000000e+00
   outer loop
     vertex  1.545183e+01  1.289790e+01  0.000000e+00
     vertex  1.520743e+01  1.293161e+01  0.000000e+00
     vertex  1.496220e+01  1.295861e+01  0.000000e+00
   endloop
 endfacet
 facet normal  0.000000e+00  0.000000e+00  1.000000e+00
   outer loop
     vertex  1.545183e+01  1.289790e+01  0.000000e+00
     vertex  1.496220e+01  1.295861e+01  0.000000e+00
     vertex  1.471632e+01  1.297887e+01  0.000000e+00
   endloop
 endfacet
 facet normal  0.000000e+00  0.000000e+00  1.000000e+00
   outer loop
     vertex  1.593739e+01  1.281045e+01  0.000000e+00
     vertex  1.569521e+01  1.285750e+01  0.000000e+00
     vertex  1.545183e+01  1.289790e+01  0.000000e+00
   endloop
 endfacet
 facet normal  0.000000e+00  0.000000e+00  1.000000e+00
   outer loop
     vertex  1.641744e+01  1.269652e+01  0.000000e+00
     vertex  1.617820e+01  1.275677e+01  0.000000e+00
     vertex  1.593739e+01  1.281045e+01  0.000000e+00
   endloop
 endfacet
 facet normal  0.000000e+00  0.000000e+00  1.000000e+00
   outer loop
     vertex  1.665494e+01  1.262973e+01  0.000000e+00
     vertex  1.641744e+01  1.269652e+01  0.000000e+00
     vertex  1.593739e+01  1.281045e+01  0.000000e+00
   endloop
 endfacet
 facet normal  0.000000e+00  0.000000e+00  1.000000e+00
   outer loop
     vertex  1.712401e+01  1.247676e+01  0.000000e+00
     vertex  1.689052e+01  1.255646e+01  0.000000e+00
     vertex  1.665494e+01  1.262973e+01  0.000000e+00
   endloop
 endfacet
 facet normal  0.000000e+00  0.000000e+00  1.000000e+00
   outer loop
     vertex  1.735522e+01  1.239068e+01  0.000000e+00
     vertex  1.712401e+01  1.247676e+01  0.000000e+00
     vertex  1.665494e+01  1.262973e+01  0.000000e+00
   endloop
 endfacet
 facet normal  0.000000e+00  0.000000e+00  1.000000e+00
   outer loop
     vertex  1.758398e+01  1.229831e+01  0.000000e+00
     vertex  1.665494e+01  1.262973e+01  0.000000e+00
     vertex  1.593739e+01  1.281045e+01  0.000000e+00
   endloop
 endfacet
 facet normal  0.000000e+00  0.000000e+00  1.000000e+00
   outer loop
     vertex  1.758398e+01  1.229831e+01  0.000000e+00
     vertex  1.735522e+01  1.239068e+01  0.000000e+00
     vertex  1.665494e+01  1.262973e+01  0.000000e+00
   endloop
 endfacet
 facet normal  0.000000e+00  0.000000e+00  1.000000e+00
   outer loop
     vertex  1.803349e+01  1.209492e+01  0.000000e+00
     vertex  1.781013e+01  1.219969e+01  0.000000e+00
     vertex  1.758398e+01  1.229831e+01  0.000000e+00
   endloop
 endfacet
 facet normal  0.000000e+00  0.000000e+00  1.000000e+00
   outer loop
     vertex  1.803349e+01  1.209492e+01  0.000000e+00
     vertex  1.758398e+01  1.229831e+01  0.000000e+00
     vertex  1.593739e+01  1.281045e+01  0.000000e+00
   endloop
 endfacet
 facet normal  0.000000e+00  0.000000e+00  1.000000e+00
   outer loop
     vertex  2.216226e+01  8.000000e+00  0.000000e+00
     vertex  8.499648e+00  1.104529e+01  0.000000e+00
     vertex  7.939824e+00  1.056142e+01  0.000000e+00
   endloop
 endfacet
 facet normal  0.000000e+00  0.000000e+00  1.000000e+00
   outer loop
     vertex  2.216226e+01  8.000000e+00  0.000000e+00
     vertex  9.304277e+00  1.161584e+01  0.000000e+00
     vertex  8.499648e+00  1.104529e+01  0.000000e+00
   endloop
 endfacet
 facet normal  0.000000e+00  0.000000e+00  1.000000e+00
   outer loop
     vertex  2.216226e+01  8.000000e+00  0.000000e+00
     vertex  9.946108e+00  1.198406e+01  0.000000e+00
     vertex  9.304277e+00  1.161584e+01  0.000000e+00
   endloop
 endfacet
 facet normal  0.000000e+00  0.000000e+00  1.000000e+00
   outer loop
     vertex  2.216226e+01  8.000000e+00  0.000000e+00
     vertex  1.061602e+01  1.229831e+01  0.000000e+00
     vertex  9.946108e+00  1.198406e+01  0.000000e+00
   endloop
 endfacet
 facet normal  0.000000e+00  0.000000e+00  1.000000e+00
   outer loop
     vertex  2.216226e+01  8.000000e+00  0.000000e+00
     vertex  1.471632e+01  1.297887e+01  0.000000e+00
     vertex  1.446998e+01  1.299239e+01  0.000000e+00
   endloop
 endfacet
 facet normal  0.000000e+00  0.000000e+00  1.000000e+00
   outer loop
     vertex  2.216226e+01  8.000000e+00  0.000000e+00
     vertex  1.446998e+01  1.299239e+01  0.000000e+00
     vertex  1.422336e+01  1.299915e+01  0.000000e+00
   endloop
 endfacet
 facet normal  0.000000e+00  0.000000e+00  1.000000e+00
   outer loop
     vertex  2.216226e+01  8.000000e+00  0.000000e+00
     vertex  1.154506e+01  1.262973e+01  0.000000e+00
     vertex  1.084478e+01  1.239068e+01  0.000000e+00
   endloop
 endfacet
 facet normal  0.000000e+00  0.000000e+00  1.000000e+00
   outer loop
     vertex  2.216226e+01  8.000000e+00  0.000000e+00
     vertex  1.299257e+01  1.293161e+01  0.000000e+00
     vertex  1.154506e+01  1.262973e+01  0.000000e+00
   endloop
 endfacet
 facet normal  0.000000e+00  0.000000e+00  1.000000e+00
   outer loop
     vertex  2.216226e+01  8.000000e+00  0.000000e+00
     vertex  1.084478e+01  1.239068e+01  0.000000e+00
     vertex  1.061602e+01  1.229831e+01  0.000000e+00
   endloop
 endfacet
 facet normal  0.000000e+00  0.000000e+00  1.000000e+00
   outer loop
     vertex  2.216226e+01  8.000000e+00  0.000000e+00
     vertex  1.422336e+01  1.299915e+01  0.000000e+00
     vertex  1.299257e+01  1.293161e+01  0.000000e+00
   endloop
 endfacet
 facet normal  0.000000e+00  0.000000e+00  1.000000e+00
   outer loop
     vertex  2.216226e+01  8.000000e+00  0.000000e+00
     vertex  1.545183e+01  1.289790e+01  0.000000e+00
     vertex  1.471632e+01  1.297887e+01  0.000000e+00
   endloop
 endfacet
 facet normal  0.000000e+00  0.000000e+00  1.000000e+00
   outer loop
     vertex  2.216226e+01  8.000000e+00  0.000000e+00
     vertex  6.269054e+00  8.435796e+00  0.000000e+00
     vertex  6.150411e+00  8.219483e+00  0.000000e+00
   endloop
 endfacet
 facet normal  0.000000e+00  0.000000e+00  1.000000e+00
   outer loop
     vertex  2.216226e+01  8.000000e+00  0.000000e+00
     vertex  1.593739e+01  1.281045e+01  0.000000e+00
     vertex  1.545183e+01  1.289790e+01  0.000000e+00
   endloop
 endfacet
 facet normal  0.000000e+00  0.000000e+00  1.000000e+00
   outer loop
     vertex  2.216226e+01  8.000000e+00  0.000000e+00
     vertex  6.150411e+00  8.219483e+00  0.000000e+00
     vertex  6.037742e+00  8.000000e+00  0.000000e+00
   endloop
 endfacet
 facet normal  0.000000e+00  0.000000e+00  1.000000e+00
   outer loop
     vertex  2.216226e+01  8.000000e+00  0.000000e+00
     vertex  7.939824e+00  1.056142e+01  0.000000e+00
     vertex  7.589519e+00  1.021399e+01  0.000000e+00
   endloop
 endfacet
 facet normal  0.000000e+00  0.000000e+00  1.000000e+00
   outer loop
     vertex  2.216226e+01  8.000000e+00  0.000000e+00
     vertex  1.803349e+01  1.209492e+01  0.000000e+00
     vertex  1.593739e+01  1.281045e+01  0.000000e+00
   endloop
 endfacet
 facet normal  0.000000e+00  0.000000e+00  1.000000e+00
   outer loop
     vertex  2.216226e+01  8.000000e+00  0.000000e+00
     vertex  6.523899e+00  8.858261e+00  0.000000e+00
     vertex  6.269054e+00  8.435796e+00  0.000000e+00
   endloop
 endfacet
 facet normal  0.000000e+00  0.000000e+00  1.000000e+00
   outer loop
     vertex  2.216226e+01  8.000000e+00  0.000000e+00
     vertex  7.589519e+00  1.021399e+01  0.000000e+00
     vertex  6.801513e+00  9.266126e+00  0.000000e+00
   endloop
 endfacet
 facet normal  0.000000e+00  0.000000e+00  1.000000e+00
   outer loop
     vertex  2.216226e+01  8.000000e+00  0.000000e+00
     vertex  6.801513e+00  9.266126e+00  0.000000e+00
     vertex  6.523899e+00  8.858261e+00  0.000000e+00
   endloop
 endfacet
 facet normal  0.000000e+00  0.000000e+00  1.000000e+00
   outer loop
     vertex  1.847117e+01  1.186720e+01  0.000000e+00
     vertex  1.825389e+01  1.198406e+01  0.000000e+00
     vertex  1.803349e+01  1.209492e+01  0.000000e+00
   endloop
 endfacet
 facet normal  0.000000e+00  0.000000e+00  1.000000e+00
   outer loop
     vertex  2.193095e+01  8.435796e+00  0.000000e+00
     vertex  2.216226e+01  8.000000e+00  0.000000e+00
     vertex  2.204959e+01  8.219483e+00  0.000000e+00
   endloop
 endfacet
 facet normal  0.000000e+00  0.000000e+00  1.000000e+00
   outer loop
     vertex  2.180642e+01  8.648775e+00  0.000000e+00
     vertex  2.216226e+01  8.000000e+00  0.000000e+00
     vertex  2.193095e+01  8.435796e+00  0.000000e+00
   endloop
 endfacet
 facet normal  0.000000e+00  0.000000e+00  1.000000e+00
   outer loop
     vertex  1.889572e+01  1.161584e+01  0.000000e+00
     vertex  1.847117e+01  1.186720e+01  0.000000e+00
     vertex  1.803349e+01  1.209492e+01  0.000000e+00
   endloop
 endfacet
 facet normal  0.000000e+00  0.000000e+00  1.000000e+00
   outer loop
     vertex  1.889572e+01  1.161584e+01  0.000000e+00
     vertex  1.868517e+01  1.174443e+01  0.000000e+00
     vertex  1.847117e+01  1.186720e+01  0.000000e+00
   endloop
 endfacet
 facet normal  0.000000e+00  0.000000e+00  1.000000e+00
   outer loop
     vertex  2.154009e+01  9.064096e+00  0.000000e+00
     vertex  2.180642e+01  8.648775e+00  0.000000e+00
     vertex  2.167610e+01  8.858261e+00  0.000000e+00
   endloop
 endfacet
 facet normal  0.000000e+00  0.000000e+00  1.000000e+00
   outer loop
     vertex  2.154009e+01  9.064096e+00  0.000000e+00
     vertex  2.216226e+01  8.000000e+00  0.000000e+00
     vertex  2.180642e+01  8.648775e+00  0.000000e+00
   endloop
 endfacet
 facet normal  0.000000e+00  0.000000e+00  1.000000e+00
   outer loop
     vertex  1.930586e+01  1.134160e+01  0.000000e+00
     vertex  1.889572e+01  1.161584e+01  0.000000e+00
     vertex  1.803349e+01  1.209492e+01  0.000000e+00
   endloop
 endfacet
 facet normal  0.000000e+00  0.000000e+00  1.000000e+00
   outer loop
     vertex  1.930586e+01  1.134160e+01  0.000000e+00
     vertex  1.910267e+01  1.148153e+01  0.000000e+00
     vertex  1.889572e+01  1.161584e+01  0.000000e+00
   endloop
 endfacet
 facet normal  0.000000e+00  0.000000e+00  1.000000e+00
   outer loop
     vertex  1.970035e+01  1.104529e+01  0.000000e+00
     vertex  1.930586e+01  1.134160e+01  0.000000e+00
     vertex  1.803349e+01  1.209492e+01  0.000000e+00
   endloop
 endfacet
 facet normal  0.000000e+00  0.000000e+00  1.000000e+00
   outer loop
     vertex  1.970035e+01  1.104529e+01  0.000000e+00
     vertex  1.950514e+01  1.119614e+01  0.000000e+00
     vertex  1.930586e+01  1.134160e+01  0.000000e+00
   endloop
 endfacet
 facet normal  0.000000e+00  0.000000e+00  1.000000e+00
   outer loop
     vertex  1.970035e+01  1.104529e+01  0.000000e+00
     vertex  1.803349e+01  1.209492e+01  0.000000e+00
     vertex  2.216226e+01  8.000000e+00  0.000000e+00
   endloop
 endfacet
 facet normal  0.000000e+00  0.000000e+00  1.000000e+00
   outer loop
     vertex  2.094122e+01  9.847880e+00  0.000000e+00
     vertex  2.154009e+01  9.064096e+00  0.000000e+00
     vertex  2.139849e+01  9.266126e+00  0.000000e+00
   endloop
 endfacet
 facet normal  0.000000e+00  0.000000e+00  1.000000e+00
   outer loop
     vertex  2.094122e+01  9.847880e+00  0.000000e+00
     vertex  2.139849e+01  9.266126e+00  0.000000e+00
     vertex  2.125140e+01  9.464199e+00  0.000000e+00
   endloop
 endfacet
 facet normal  0.000000e+00  0.000000e+00  1.000000e+00
   outer loop
     vertex  2.094122e+01  9.847880e+00  0.000000e+00
     vertex  2.125140e+01  9.464199e+00  0.000000e+00
     vertex  2.109894e+01  9.658165e+00  0.000000e+00
   endloop
 endfacet
 facet normal  0.000000e+00  0.000000e+00  1.000000e+00
   outer loop
     vertex  2.094122e+01  9.847880e+00  0.000000e+00
     vertex  2.216226e+01  8.000000e+00  0.000000e+00
     vertex  2.154009e+01  9.064096e+00  0.000000e+00
   endloop
 endfacet
 facet normal  0.000000e+00  0.000000e+00  1.000000e+00
   outer loop
     vertex  2.026018e+01  1.056142e+01  0.000000e+00
     vertex  2.007801e+01  1.072780e+01  0.000000e+00
     vertex  1.989136e+01  1.088913e+01  0.000000e+00
   endloop
 endfacet
 facet normal  0.000000e+00  0.000000e+00  1.000000e+00
   outer loop
     vertex  2.026018e+01  1.056142e+01  0.000000e+00
     vertex  1.989136e+01  1.088913e+01  0.000000e+00
     vertex  1.970035e+01  1.104529e+01  0.000000e+00
   endloop
 endfacet
 facet normal  0.000000e+00  0.000000e+00  1.000000e+00
   outer loop
     vertex  2.043771e+01  1.039010e+01  0.000000e+00
     vertex  2.094122e+01  9.847880e+00  0.000000e+00
     vertex  2.077836e+01  1.003320e+01  0.000000e+00
   endloop
 endfacet
 facet normal  0.000000e+00  0.000000e+00  1.000000e+00
   outer loop
     vertex  2.043771e+01  1.039010e+01  0.000000e+00
     vertex  2.077836e+01  1.003320e+01  0.000000e+00
     vertex  2.061048e+01  1.021399e+01  0.000000e+00
   endloop
 endfacet
 facet normal  0.000000e+00  0.000000e+00  1.000000e+00
   outer loop
     vertex  2.043771e+01  1.039010e+01  0.000000e+00
     vertex  1.970035e+01  1.104529e+01  0.000000e+00
     vertex  2.216226e+01  8.000000e+00  0.000000e+00
   endloop
 endfacet
 facet normal  0.000000e+00  0.000000e+00  1.000000e+00
   outer loop
     vertex  2.043771e+01  1.039010e+01  0.000000e+00
     vertex  2.216226e+01  8.000000e+00  0.000000e+00
     vertex  2.094122e+01  9.847880e+00  0.000000e+00
   endloop
 endfacet
 facet normal  0.000000e+00  0.000000e+00  1.000000e+00
   outer loop
     vertex  2.043771e+01  1.039010e+01  0.000000e+00
     vertex  2.026018e+01  1.056142e+01  0.000000e+00
     vertex  1.970035e+01  1.104529e+01  0.000000e+00
   endloop
 endfacet
 facet normal  9.999083e-01  1.354529e-02  0.000000e+00
   outer loop
     vertex  2.309670e+01  4.243793e+00  0.000000e+00
     vertex  2.310000e+01  4.000000e+00  0.000000e+00
     vertex  2.310000e+01  4.000000e+00 -1.000000e+01
   endloop
 endfacet
 facet normal  9.999059e-01  1.371831e-02 -4.218969e-06
   outer loop
     vertex  2.309670e+01  4.243793e+00  0.000000e+00
     vertex  2.310000e+01  4.000000e+00 -1.000000e+01
     vertex  2.309661e+01  4.246906e+00 -1.000000e+01
   endloop
 endfacet
 facet normal  9.991532e-01  4.114462e-02 -8.330153e-06
   outer loop
     vertex  2.308679e+01  4.487407e+00  0.000000e+00
     vertex  2.309661e+01  4.246906e+00 -1.000000e+01
     vertex  2.308645e+01  4.493627e+00 -1.000000e+01
   endloop
 endfacet
 facet normal  9.991744e-01  4.062593e-02  4.165077e-06
   outer loop
     vertex  2.308679e+01  4.487407e+00  0.000000e+00
     vertex  2.309670e+01  4.243793e+00  0.000000e+00
     vertex  2.309661e+01  4.246906e+00 -1.000000e+01
   endloop
 endfacet
 facet normal  9.976484e-01  6.853995e-02 -1.233355e-05
   outer loop
     vertex  2.307029e+01  4.730663e+00  0.000000e+00
     vertex  2.308645e+01  4.493627e+00 -1.000000e+01
     vertex  2.306953e+01  4.739976e+00 -1.000000e+01
   endloop
 endfacet
 facet normal  9.977073e-01  6.767676e-02  8.222369e-06
   outer loop
     vertex  2.307029e+01  4.730663e+00  0.000000e+00
     vertex  2.308679e+01  4.487407e+00  0.000000e+00
     vertex  2.308645e+01  4.493627e+00 -1.000000e+01
   endloop
 endfacet
 facet normal  9.953925e-01  9.588368e-02 -1.622917e-05
   outer loop
     vertex  2.304721e+01  4.973383e+00  0.000000e+00
     vertex  2.306953e+01  4.739976e+00 -1.000000e+01
     vertex  2.304585e+01  4.985768e+00 -1.000000e+01
   endloop
 endfacet
 facet normal  9.955080e-01  9.467792e-02  1.217188e-05
   outer loop
     vertex  2.304721e+01  4.973383e+00  0.000000e+00
     vertex  2.307029e+01  4.730663e+00  0.000000e+00
     vertex  2.306953e+01  4.739976e+00 -1.000000e+01
   endloop
 endfacet
 facet normal  9.923874e-01  1.231552e-01 -2.001700e-05
   outer loop
     vertex  2.301756e+01  5.215389e+00  0.000000e+00
     vertex  2.304585e+01  4.985768e+00 -1.000000e+01
     vertex  2.301544e+01  5.230818e+00 -1.000000e+01
   endloop
 endfacet
 facet normal  9.925780e-01  1.216096e-01  1.601360e-05
   outer loop
     vertex  2.301756e+01  5.215389e+00  0.000000e+00
     vertex  2.304721e+01  4.973383e+00  0.000000e+00
     vertex  2.304585e+01  4.985768e+00 -1.000000e+01
   endloop
 endfacet
 facet normal  9.886353e-01  1.503341e-01 -2.369704e-05
   outer loop
     vertex  2.298136e+01  5.456502e+00  0.000000e+00
     vertex  2.301544e+01  5.230818e+00 -1.000000e+01
     vertex  2.297832e+01  5.474941e+00 -1.000000e+01
   endloop
 endfacet
 facet normal  9.889196e-01  1.484520e-01  1.974754e-05
   outer loop
     vertex  2.298136e+01  5.456502e+00  0.000000e+00
     vertex  2.301756e+01  5.215389e+00  0.000000e+00
     vertex  2.301544e+01  5.230818e+00 -1.000000e+01
   endloop
 endfacet
 facet normal  9.841389e-01  1.773998e-01 -2.726930e-05
   outer loop
     vertex  2.293865e+01  5.696547e+00  0.000000e+00
     vertex  2.297832e+01  5.474941e+00 -1.000000e+01
     vertex  2.293451e+01  5.717954e+00 -1.000000e+01
   endloop
 endfacet
 facet normal  9.845354e-01  1.751855e-01  2.337369e-05
   outer loop
     vertex  2.293865e+01  5.696547e+00  0.000000e+00
     vertex  2.298136e+01  5.456502e+00  0.000000e+00
     vertex  2.297832e+01  5.474941e+00 -1.000000e+01
   endloop
 endfacet
 facet normal  9.789017e-01  2.043319e-01 -3.073377e-05
   outer loop
     vertex  2.288945e+01  5.935347e+00  0.000000e+00
     vertex  2.293451e+01  5.717954e+00 -1.000000e+01
     vertex  2.288406e+01  5.959674e+00 -1.000000e+01
   endloop
 endfacet
 facet normal  9.794287e-01  2.017904e-01  2.689205e-05
   outer loop
     vertex  2.288945e+01  5.935347e+00  0.000000e+00
     vertex  2.293865e+01  5.696547e+00  0.000000e+00
     vertex  2.293451e+01  5.717954e+00 -1.000000e+01
   endloop
 endfacet
 facet normal  9.729276e-01  2.311102e-01 -3.409045e-05
   outer loop
     vertex  2.283380e+01  6.172726e+00  0.000000e+00
     vertex  2.288406e+01  5.959674e+00 -1.000000e+01
     vertex  2.282699e+01  6.199919e+00 -1.000000e+01
   endloop
 endfacet
 facet normal  9.736032e-01  2.282472e-01  3.030263e-05
   outer loop
     vertex  2.283380e+01  6.172726e+00  0.000000e+00
     vertex  2.288945e+01  5.935347e+00  0.000000e+00
     vertex  2.288406e+01  5.959674e+00 -1.000000e+01
   endloop
 endfacet
 facet normal  9.662211e-01  2.577146e-01 -3.733935e-05
   outer loop
     vertex  2.277174e+01  6.408511e+00  0.000000e+00
     vertex  2.282699e+01  6.199919e+00 -1.000000e+01
     vertex  2.276335e+01  6.438507e+00 -1.000000e+01
   endloop
 endfacet
 facet normal  9.670632e-01  2.545365e-01  3.360542e-05
   outer loop
     vertex  2.277174e+01  6.408511e+00  0.000000e+00
     vertex  2.283380e+01  6.172726e+00  0.000000e+00
     vertex  2.282699e+01  6.199919e+00 -1.000000e+01
   endloop
 endfacet
 facet normal  9.598134e-01  2.806390e-01  3.680042e-05
   outer loop
     vertex  2.270332e+01  6.642528e+00  0.000000e+00
     vertex  2.277174e+01  6.408511e+00  0.000000e+00
     vertex  2.276335e+01  6.438507e+00 -1.000000e+01
   endloop
 endfacet
 facet normal  9.587873e-01  2.841250e-01 -4.048045e-05
   outer loop
     vertex  2.270332e+01  6.642528e+00  0.000000e+00
     vertex  2.276335e+01  6.438507e+00 -1.000000e+01
     vertex  2.269319e+01  6.675261e+00 -1.000000e+01
   endloop
 endfacet
 facet normal  9.518592e-01  3.065356e-01  3.988763e-05
   outer loop
     vertex  2.262858e+01  6.874606e+00  0.000000e+00
     vertex  2.270332e+01  6.642528e+00  0.000000e+00
     vertex  2.269319e+01  6.675261e+00 -1.000000e+01
   endloop
 endfacet
 facet normal  9.506317e-01  3.103214e-01 -4.351377e-05
   outer loop
     vertex  2.262858e+01  6.874606e+00  0.000000e+00
     vertex  2.269319e+01  6.675261e+00 -1.000000e+01
     vertex  2.261657e+01  6.910000e+00 -1.000000e+01
   endloop
 endfacet
 facet normal  9.432065e-01  3.322071e-01  4.286705e-05
   outer loop
     vertex  2.254758e+01  7.104574e+00  0.000000e+00
     vertex  2.262858e+01  6.874606e+00  0.000000e+00
     vertex  2.261657e+01  6.910000e+00 -1.000000e+01
   endloop
 endfacet
 facet normal  9.417605e-01  3.362843e-01 -4.643930e-05
   outer loop
     vertex  2.254758e+01  7.104574e+00  0.000000e+00
     vertex  2.261657e+01  6.910000e+00 -1.000000e+01
     vertex  2.253353e+01  7.142548e+00 -1.000000e+01
   endloop
 endfacet
 facet normal  9.338615e-01  3.576349e-01  4.573869e-05
   outer loop
     vertex  2.246038e+01  7.332264e+00  0.000000e+00
     vertex  2.254758e+01  7.104574e+00  0.000000e+00
     vertex  2.253353e+01  7.142548e+00 -1.000000e+01
   endloop
 endfacet
 facet normal  9.321804e-01  3.619940e-01 -4.925704e-05
   outer loop
     vertex  2.246038e+01  7.332264e+00  0.000000e+00
     vertex  2.253353e+01  7.142548e+00 -1.000000e+01
     vertex  2.244414e+01  7.372731e+00 -1.000000e+01
   endloop
 endfacet
 facet normal  9.238312e-01  3.828002e-01  4.850254e-05
   outer loop
     vertex  2.236705e+01  7.557508e+00  0.000000e+00
     vertex  2.246038e+01  7.332264e+00  0.000000e+00
     vertex  2.244414e+01  7.372731e+00 -1.000000e+01
   endloop
 endfacet
 facet normal  9.218986e-01  3.874313e-01 -5.196700e-05
   outer loop
     vertex  2.236705e+01  7.557508e+00  0.000000e+00
     vertex  2.244414e+01  7.372731e+00 -1.000000e+01
     vertex  2.234847e+01  7.600375e+00 -1.000000e+01
   endloop
 endfacet
 facet normal  9.131228e-01  4.076846e-01  5.115859e-05
   outer loop
     vertex  2.226765e+01  7.780141e+00  0.000000e+00
     vertex  2.236705e+01  7.557508e+00  0.000000e+00
     vertex  2.234847e+01  7.600375e+00 -1.000000e+01
   endloop
 endfacet
 facet normal  9.109228e-01  4.125769e-01 -5.456916e-05
   outer loop
     vertex  2.226765e+01  7.780141e+00  0.000000e+00
     vertex  2.234847e+01  7.600375e+00 -1.000000e+01
     vertex  2.224659e+01  7.825309e+00 -1.000000e+01
   endloop
 endfacet
 facet normal  9.017444e-01  4.322697e-01  5.370686e-05
   outer loop
     vertex  2.216226e+01  8.000000e+00  0.000000e+00
     vertex  2.226765e+01  7.780141e+00  0.000000e+00
     vertex  2.224659e+01  7.825309e+00 -1.000000e+01
   endloop
 endfacet
 facet normal  8.992613e-01  4.374119e-01 -5.706353e-05
   outer loop
     vertex  2.216226e+01  8.000000e+00  0.000000e+00
     vertex  2.224659e+01  7.825309e+00 -1.000000e+01
     vertex  2.213858e+01  8.047364e+00 -1.000000e+01
   endloop
 endfacet
 facet normal  8.896306e-01  4.566809e-01  5.699973e-05
   outer loop
     vertex  2.204959e+01  8.219483e+00  0.000000e+00
     vertex  2.216226e+01  8.000000e+00  0.000000e+00
     vertex  2.213858e+01  8.047364e+00 -1.000000e+01
   endloop
 endfacet
 facet normal  8.869228e-01  4.619176e-01 -5.723321e-05
   outer loop
     vertex  2.204959e+01  8.219483e+00  0.000000e+00
     vertex  2.213858e+01  8.047364e+00 -1.000000e+01
     vertex  2.202452e+01  8.266371e+00 -1.000000e+01
   endloop
 endfacet
 facet normal  8.767787e-01  4.808940e-01  5.716915e-05
   outer loop
     vertex  2.193095e+01  8.435796e+00  0.000000e+00
     vertex  2.204959e+01  8.219483e+00  0.000000e+00
     vertex  2.202452e+01  8.266371e+00 -1.000000e+01
   endloop
 endfacet
 facet normal  8.739167e-01  4.860756e-01 -5.740237e-05
   outer loop
     vertex  2.193095e+01  8.435796e+00  0.000000e+00
     vertex  2.202452e+01  8.266371e+00 -1.000000e+01
     vertex  2.190450e+01  8.482167e+00 -1.000000e+01
   endloop
 endfacet
 facet normal  8.632680e-01  5.047458e-01  5.733805e-05
   outer loop
     vertex  2.180642e+01  8.648775e+00  0.000000e+00
     vertex  2.193095e+01  8.435796e+00  0.000000e+00
     vertex  2.190450e+01  8.482167e+00 -1.000000e+01
   endloop
 endfacet
 facet normal  8.602528e-01  5.098678e-01 -5.757101e-05
   outer loop
     vertex  2.180642e+01  8.648775e+00  0.000000e+00
     vertex  2.190450e+01  8.482167e+00 -1.000000e+01
     vertex  2.177860e+01  8.694589e+00 -1.000000e+01
   endloop
 endfacet
 facet normal  8.491086e-01  5.282183e-01  5.750643e-05
   outer loop
     vertex  2.167610e+01  8.858261e+00  0.000000e+00
     vertex  2.180642e+01  8.648775e+00  0.000000e+00
     vertex  2.177860e+01  8.694589e+00 -1.000000e+01
   endloop
 endfacet
 facet normal  8.459413e-01  5.332761e-01 -5.773912e-05
   outer loop
     vertex  2.167610e+01  8.858261e+00  0.000000e+00
     vertex  2.177860e+01  8.694589e+00 -1.000000e+01
     vertex  2.164691e+01  8.903477e+00 -1.000000e+01
   endloop
 endfacet
 facet normal  8.343111e-01  5.512939e-01  5.767428e-05
   outer loop
     vertex  2.154009e+01  9.064096e+00  0.000000e+00
     vertex  2.167610e+01  8.858261e+00  0.000000e+00
     vertex  2.164691e+01  8.903477e+00 -1.000000e+01
   endloop
 endfacet
 facet normal  8.309929e-01  5.562829e-01 -5.790672e-05
   outer loop
     vertex  2.154009e+01  9.064096e+00  0.000000e+00
     vertex  2.164691e+01  8.903477e+00 -1.000000e+01
     vertex  2.150955e+01  9.108674e+00 -1.000000e+01
   endloop
 endfacet
 facet normal  8.154191e-01  5.788711e-01 -5.807379e-05
   outer loop
     vertex  2.139849e+01  9.266126e+00  0.000000e+00
     vertex  2.150955e+01  9.108674e+00 -1.000000e+01
     vertex  2.136661e+01  9.310025e+00 -1.000000e+01
   endloop
 endfacet
 facet normal  8.188867e-01  5.739552e-01  5.784161e-05
   outer loop
     vertex  2.139849e+01  9.266126e+00  0.000000e+00
     vertex  2.154009e+01  9.064096e+00  0.000000e+00
     vertex  2.150955e+01  9.108674e+00 -1.000000e+01
   endloop
 endfacet
 facet normal  7.992314e-01  6.010234e-01 -5.824033e-05
   outer loop
     vertex  2.125140e+01  9.464199e+00  0.000000e+00
     vertex  2.136661e+01  9.310025e+00 -1.000000e+01
     vertex  2.121820e+01  9.507379e+00 -1.000000e+01
   endloop
 endfacet
 facet normal  8.028470e-01  5.961852e-01  5.800842e-05
   outer loop
     vertex  2.125140e+01  9.464199e+00  0.000000e+00
     vertex  2.139849e+01  9.266126e+00  0.000000e+00
     vertex  2.136661e+01  9.310025e+00 -1.000000e+01
   endloop
 endfacet
 facet normal  7.824421e-01  6.227234e-01 -5.840636e-05
   outer loop
     vertex  2.109894e+01  9.658165e+00  0.000000e+00
     vertex  2.121820e+01  9.507379e+00 -1.000000e+01
     vertex  2.106443e+01  9.700587e+00 -1.000000e+01
   endloop
 endfacet
 facet normal  7.862039e-01  6.179672e-01  5.817470e-05
   outer loop
     vertex  2.109894e+01  9.658165e+00  0.000000e+00
     vertex  2.125140e+01  9.464199e+00  0.000000e+00
     vertex  2.121820e+01  9.507379e+00 -1.000000e+01
   endloop
 endfacet
 facet normal  7.650637e-01  6.439545e-01 -5.857186e-05
   outer loop
     vertex  2.094122e+01  9.847880e+00  0.000000e+00
     vertex  2.106443e+01  9.700587e+00 -1.000000e+01
     vertex  2.090542e+01  9.889504e+00 -1.000000e+01
   endloop
 endfacet
 facet normal  7.689701e-01  6.392848e-01  5.834047e-05
   outer loop
     vertex  2.094122e+01  9.847880e+00  0.000000e+00
     vertex  2.109894e+01  9.658165e+00  0.000000e+00
     vertex  2.106443e+01  9.700587e+00 -1.000000e+01
   endloop
 endfacet
 facet normal  7.471095e-01  6.647010e-01 -5.873684e-05
   outer loop
     vertex  2.077836e+01  1.003320e+01  0.000000e+00
     vertex  2.090542e+01  9.889504e+00 -1.000000e+01
     vertex  2.074129e+01  1.007399e+01 -1.000000e+01
   endloop
 endfacet
 facet normal  7.511584e-01  6.601220e-01  5.850571e-05
   outer loop
     vertex  2.077836e+01  1.003320e+01  0.000000e+00
     vertex  2.094122e+01  9.847880e+00  0.000000e+00
     vertex  2.090542e+01  9.889504e+00 -1.000000e+01
   endloop
 endfacet
 facet normal  7.285929e-01  6.849470e-01 -5.890129e-05
   outer loop
     vertex  2.061048e+01  1.021399e+01  0.000000e+00
     vertex  2.074129e+01  1.007399e+01 -1.000000e+01
     vertex  2.057215e+01  1.025390e+01 -1.000000e+01
   endloop
 endfacet
 facet normal  7.327822e-01  6.804632e-01  5.867042e-05
   outer loop
     vertex  2.061048e+01  1.021399e+01  0.000000e+00
     vertex  2.077836e+01  1.003320e+01  0.000000e+00
     vertex  2.074129e+01  1.007399e+01 -1.000000e+01
   endloop
 endfacet
 facet normal  7.095278e-01  7.046775e-01 -5.906523e-05
   outer loop
     vertex  2.043771e+01  1.039010e+01  0.000000e+00
     vertex  2.057215e+01  1.025390e+01 -1.000000e+01
     vertex  2.039815e+01  1.042910e+01 -1.000000e+01
   endloop
 endfacet
 facet normal  7.138554e-01  7.002931e-01  5.883462e-05
   outer loop
     vertex  2.043771e+01  1.039010e+01  0.000000e+00
     vertex  2.061048e+01  1.021399e+01  0.000000e+00
     vertex  2.057215e+01  1.025390e+01 -1.000000e+01
   endloop
 endfacet
 facet normal  6.899286e-01  7.238775e-01 -5.922864e-05
   outer loop
     vertex  2.026018e+01  1.056142e+01  0.000000e+00
     vertex  2.039815e+01  1.042910e+01 -1.000000e+01
     vertex  2.021940e+01  1.059947e+01 -1.000000e+01
   endloop
 endfacet
 facet normal  6.943922e-01  7.195967e-01  5.899829e-05
   outer loop
     vertex  2.026018e+01  1.056142e+01  0.000000e+00
     vertex  2.043771e+01  1.039010e+01  0.000000e+00
     vertex  2.039815e+01  1.042910e+01 -1.000000e+01
   endloop
 endfacet
 facet normal  6.698100e-01  7.425325e-01 -5.939152e-05
   outer loop
     vertex  2.007801e+01  1.072780e+01  0.000000e+00
     vertex  2.021940e+01  1.059947e+01 -1.000000e+01
     vertex  2.003605e+01  1.076486e+01 -1.000000e+01
   endloop
 endfacet
 facet normal  6.744072e-01  7.383596e-01  5.916144e-05
   outer loop
     vertex  2.007801e+01  1.072780e+01  0.000000e+00
     vertex  2.026018e+01  1.056142e+01  0.000000e+00
     vertex  2.021940e+01  1.059947e+01 -1.000000e+01
   endloop
 endfacet
 facet normal  6.491872e-01  7.606287e-01 -5.955389e-05
   outer loop
     vertex  1.989136e+01  1.088913e+01  0.000000e+00
     vertex  2.003605e+01  1.076486e+01 -1.000000e+01
     vertex  1.984822e+01  1.092517e+01 -1.000000e+01
   endloop
 endfacet
 facet normal  6.539154e-01  7.565677e-01  5.932407e-05
   outer loop
     vertex  1.989136e+01  1.088913e+01  0.000000e+00
     vertex  2.007801e+01  1.072780e+01  0.000000e+00
     vertex  2.003605e+01  1.076486e+01 -1.000000e+01
   endloop
 endfacet
 facet normal  6.280757e-01  7.781522e-01 -5.971573e-05
   outer loop
     vertex  1.970035e+01  1.104529e+01  0.000000e+00
     vertex  1.984822e+01  1.092517e+01 -1.000000e+01
     vertex  1.965608e+01  1.108026e+01 -1.000000e+01
   endloop
 endfacet
 facet normal  6.329322e-01  7.742072e-01  5.948617e-05
   outer loop
     vertex  1.970035e+01  1.104529e+01  0.000000e+00
     vertex  1.989136e+01  1.088913e+01  0.000000e+00
     vertex  1.984822e+01  1.092517e+01 -1.000000e+01
   endloop
 endfacet
 facet normal  6.064915e-01  7.950900e-01 -5.987705e-05
   outer loop
     vertex  1.950514e+01  1.119614e+01  0.000000e+00
     vertex  1.965608e+01  1.108026e+01 -1.000000e+01
     vertex  1.945974e+01  1.123002e+01 -1.000000e+01
   endloop
 endfacet
 facet normal  6.114734e-01  7.912650e-01  5.964775e-05
   outer loop
     vertex  1.950514e+01  1.119614e+01  0.000000e+00
     vertex  1.970035e+01  1.104529e+01  0.000000e+00
     vertex  1.965608e+01  1.108026e+01 -1.000000e+01
   endloop
 endfacet
 facet normal  5.844507e-01  8.114292e-01 -6.003785e-05
   outer loop
     vertex  1.930586e+01  1.134160e+01  0.000000e+00
     vertex  1.945974e+01  1.123002e+01 -1.000000e+01
     vertex  1.925938e+01  1.137434e+01 -1.000000e+01
   endloop
 endfacet
 facet normal  5.895552e-01  8.077281e-01  5.980881e-05
   outer loop
     vertex  1.930586e+01  1.134160e+01  0.000000e+00
     vertex  1.950514e+01  1.119614e+01  0.000000e+00
     vertex  1.945974e+01  1.123002e+01 -1.000000e+01
   endloop
 endfacet
 facet normal  5.671938e-01  8.235843e-01  5.996934e-05
   outer loop
     vertex  1.910267e+01  1.148153e+01  0.000000e+00
     vertex  1.930586e+01  1.134160e+01  0.000000e+00
     vertex  1.925938e+01  1.137434e+01 -1.000000e+01
   endloop
 endfacet
 facet normal  5.619699e-01  8.271577e-01 -6.019812e-05
   outer loop
     vertex  1.910267e+01  1.148153e+01  0.000000e+00
     vertex  1.925938e+01  1.137434e+01 -1.000000e+01
     vertex  1.905513e+01  1.151310e+01 -1.000000e+01
   endloop
 endfacet
 facet normal  5.444063e-01  8.388216e-01  6.012936e-05
   outer loop
     vertex  1.889572e+01  1.161584e+01  0.000000e+00
     vertex  1.910267e+01  1.148153e+01  0.000000e+00
     vertex  1.905513e+01  1.151310e+01 -1.000000e+01
   endloop
 endfacet
 facet normal  5.390661e-01  8.422635e-01 -6.035787e-05
   outer loop
     vertex  1.889572e+01  1.161584e+01  0.000000e+00
     vertex  1.905513e+01  1.151310e+01 -1.000000e+01
     vertex  1.884715e+01  1.164621e+01 -1.000000e+01
   endloop
 endfacet
 facet normal  5.212097e-01  8.534286e-01  6.028885e-05
   outer loop
     vertex  1.868517e+01  1.174443e+01  0.000000e+00
     vertex  1.889572e+01  1.161584e+01  0.000000e+00
     vertex  1.884715e+01  1.164621e+01 -1.000000e+01
   endloop
 endfacet
 facet normal  5.157565e-01  8.567352e-01 -6.051710e-05
   outer loop
     vertex  1.868517e+01  1.174443e+01  0.000000e+00
     vertex  1.884715e+01  1.164621e+01 -1.000000e+01
     vertex  1.863560e+01  1.177357e+01 -1.000000e+01
   endloop
 endfacet
 facet normal  4.976214e-01  8.673943e-01  6.044781e-05
   outer loop
     vertex  1.847117e+01  1.186720e+01  0.000000e+00
     vertex  1.868517e+01  1.174443e+01  0.000000e+00
     vertex  1.863560e+01  1.177357e+01 -1.000000e+01
   endloop
 endfacet
 facet normal  4.920587e-01  8.705620e-01 -6.067581e-05
   outer loop
     vertex  1.847117e+01  1.186720e+01  0.000000e+00
     vertex  1.863560e+01  1.177357e+01 -1.000000e+01
     vertex  1.842063e+01  1.189507e+01 -1.000000e+01
   endloop
 endfacet
 facet normal  4.736592e-01  8.807082e-01  6.060626e-05
   outer loop
     vertex  1.825389e+01  1.198406e+01  0.000000e+00
     vertex  1.847117e+01  1.186720e+01  0.000000e+00
     vertex  1.842063e+01  1.189507e+01 -1.000000e+01
   endloop
 endfacet
 facet normal  4.679904e-01  8.837335e-01 -6.083399e-05
   outer loop
     vertex  1.825389e+01  1.198406e+01  0.000000e+00
     vertex  1.842063e+01  1.189507e+01 -1.000000e+01
     vertex  1.820241e+01  1.201063e+01 -1.000000e+01
   endloop
 endfacet
 facet normal  4.493411e-01  8.933603e-01  6.076418e-05
   outer loop
     vertex  1.803349e+01  1.209492e+01  0.000000e+00
     vertex  1.825389e+01  1.198406e+01  0.000000e+00
     vertex  1.820241e+01  1.201063e+01 -1.000000e+01
   endloop
 endfacet
 facet normal  4.435699e-01  8.962398e-01 -6.099165e-05
   outer loop
     vertex  1.803349e+01  1.209492e+01  0.000000e+00
     vertex  1.820241e+01  1.201063e+01 -1.000000e+01
     vertex  1.798110e+01  1.212016e+01 -1.000000e+01
   endloop
 endfacet
 facet normal  4.246853e-01  9.053410e-01  6.092158e-05
   outer loop
     vertex  1.781013e+01  1.219969e+01  0.000000e+00
     vertex  1.803349e+01  1.209492e+01  0.000000e+00
     vertex  1.798110e+01  1.212016e+01 -1.000000e+01
   endloop
 endfacet
 facet normal  4.188155e-01  9.080714e-01 -6.114879e-05
   outer loop
     vertex  1.781013e+01  1.219969e+01  0.000000e+00
     vertex  1.798110e+01  1.212016e+01 -1.000000e+01
     vertex  1.775687e+01  1.222358e+01 -1.000000e+01
   endloop
 endfacet
 facet normal  3.997104e-01  9.166415e-01  6.107846e-05
   outer loop
     vertex  1.758398e+01  1.229831e+01  0.000000e+00
     vertex  1.781013e+01  1.219969e+01  0.000000e+00
     vertex  1.775687e+01  1.222358e+01 -1.000000e+01
   endloop
 endfacet
 facet normal  3.937458e-01  9.192194e-01 -6.130541e-05
   outer loop
     vertex  1.758398e+01  1.229831e+01  0.000000e+00
     vertex  1.775687e+01  1.222358e+01 -1.000000e+01
     vertex  1.752989e+01  1.232081e+01 -1.000000e+01
   endloop
 endfacet
 facet normal  3.744351e-01  9.272531e-01  6.123481e-05
   outer loop
     vertex  1.735522e+01  1.239068e+01  0.000000e+00
     vertex  1.758398e+01  1.229831e+01  0.000000e+00
     vertex  1.752989e+01  1.232081e+01 -1.000000e+01
   endloop
 endfacet
 facet normal  3.683796e-01  9.296754e-01 -6.146150e-05
   outer loop
     vertex  1.735522e+01  1.239068e+01  0.000000e+00
     vertex  1.752989e+01  1.232081e+01 -1.000000e+01
     vertex  1.730032e+01  1.241177e+01 -1.000000e+01
   endloop
 endfacet
 facet normal  3.488784e-01  9.371680e-01  6.139064e-05
   outer loop
     vertex  1.712401e+01  1.247676e+01  0.000000e+00
     vertex  1.735522e+01  1.239068e+01  0.000000e+00
     vertex  1.730032e+01  1.241177e+01 -1.000000e+01
   endloop
 endfacet
 facet normal  3.427362e-01  9.394317e-01 -6.161707e-05
   outer loop
     vertex  1.712401e+01  1.247676e+01  0.000000e+00
     vertex  1.730032e+01  1.241177e+01 -1.000000e+01
     vertex  1.706835e+01  1.249641e+01 -1.000000e+01
   endloop
 endfacet
 facet normal  3.230596e-01  9.463786e-01  6.154595e-05
   outer loop
     vertex  1.689052e+01  1.255646e+01  0.000000e+00
     vertex  1.712401e+01  1.247676e+01  0.000000e+00
     vertex  1.706835e+01  1.249641e+01 -1.000000e+01
   endloop
 endfacet
 facet normal  3.168348e-01  9.484807e-01 -6.177212e-05
   outer loop
     vertex  1.689052e+01  1.255646e+01  0.000000e+00
     vertex  1.706835e+01  1.249641e+01 -1.000000e+01
     vertex  1.683414e+01  1.257464e+01 -1.000000e+01
   endloop
 endfacet
 facet normal  2.969980e-01  9.548781e-01  6.170074e-05
   outer loop
     vertex  1.665494e+01  1.262973e+01  0.000000e+00
     vertex  1.689052e+01  1.255646e+01  0.000000e+00
     vertex  1.683414e+01  1.257464e+01 -1.000000e+01
   endloop
 endfacet
 facet normal  2.906949e-01  9.568158e-01 -6.192664e-05
   outer loop
     vertex  1.665494e+01  1.262973e+01  0.000000e+00
     vertex  1.683414e+01  1.257464e+01 -1.000000e+01
     vertex  1.659787e+01  1.264642e+01 -1.000000e+01
   endloop
 endfacet
 facet normal  2.707133e-01  9.626600e-01  6.185500e-05
   outer loop
     vertex  1.641744e+01  1.269652e+01  0.000000e+00
     vertex  1.665494e+01  1.262973e+01  0.000000e+00
     vertex  1.659787e+01  1.264642e+01 -1.000000e+01
   endloop
 endfacet
 facet normal  2.643362e-01  9.644306e-01 -6.208064e-05
   outer loop
     vertex  1.641744e+01  1.269652e+01  0.000000e+00
     vertex  1.659787e+01  1.264642e+01 -1.000000e+01
     vertex  1.635973e+01  1.271169e+01 -1.000000e+01
   endloop
 endfacet
 facet normal  2.442251e-01  9.697186e-01  6.200874e-05
   outer loop
     vertex  1.617820e+01  1.275677e+01  0.000000e+00
     vertex  1.641744e+01  1.269652e+01  0.000000e+00
     vertex  1.635973e+01  1.271169e+01 -1.000000e+01
   endloop
 endfacet
 facet normal  2.377784e-01  9.713194e-01 -6.223412e-05
   outer loop
     vertex  1.617820e+01  1.275677e+01  0.000000e+00
     vertex  1.635973e+01  1.271169e+01 -1.000000e+01
     vertex  1.611988e+01  1.277041e+01 -1.000000e+01
   endloop
 endfacet
 facet normal  2.175534e-01  9.760484e-01  6.216196e-05
   outer loop
     vertex  1.593739e+01  1.281045e+01  0.000000e+00
     vertex  1.617820e+01  1.275677e+01  0.000000e+00
     vertex  1.611988e+01  1.277041e+01 -1.000000e+01
   endloop
 endfacet
 facet normal  2.110417e-01  9.774771e-01 -6.238708e-05
   outer loop
     vertex  1.593739e+01  1.281045e+01  0.000000e+00
     vertex  1.611988e+01  1.277041e+01 -1.000000e+01
     vertex  1.587851e+01  1.282252e+01 -1.000000e+01
   endloop
 endfacet
 facet normal  1.907182e-01  9.816448e-01  6.231466e-05
   outer loop
     vertex  1.569521e+01  1.285750e+01  0.000000e+00
     vertex  1.593739e+01  1.281045e+01  0.000000e+00
     vertex  1.587851e+01  1.282252e+01 -1.000000e+01
   endloop
 endfacet
 facet normal  1.841461e-01  9.828989e-01 -6.253951e-05
   outer loop
     vertex  1.569521e+01  1.285750e+01  0.000000e+00
     vertex  1.587851e+01  1.282252e+01 -1.000000e+01
     vertex  1.563581e+01  1.286799e+01 -1.000000e+01
   endloop
 endfacet
 facet normal  1.637397e-01  9.865036e-01  6.246683e-05
   outer loop
     vertex  1.545183e+01  1.289790e+01  0.000000e+00
     vertex  1.569521e+01  1.285750e+01  0.000000e+00
     vertex  1.563581e+01  1.286799e+01 -1.000000e+01
   endloop
 endfacet
 facet normal  1.571119e-01  9.875808e-01 -6.269143e-05
   outer loop
     vertex  1.545183e+01  1.289790e+01  0.000000e+00
     vertex  1.563581e+01  1.286799e+01 -1.000000e+01
     vertex  1.539194e+01  1.290679e+01 -1.000000e+01
   endloop
 endfacet
 facet normal  1.366382e-01  9.906210e-01  6.261848e-05
   outer loop
     vertex  1.520743e+01  1.293161e+01  0.000000e+00
     vertex  1.545183e+01  1.289790e+01  0.000000e+00
     vertex  1.539194e+01  1.290679e+01 -1.000000e+01
   endloop
 endfacet
 facet normal  1.299594e-01  9.915193e-01 -6.284281e-05
   outer loop
     vertex  1.520743e+01  1.293161e+01  0.000000e+00
     vertex  1.539194e+01  1.290679e+01 -1.000000e+01
     vertex  1.514711e+01  1.293888e+01 -1.000000e+01
   endloop
 endfacet
 facet normal  1.094340e-01  9.939941e-01  6.276961e-05
   outer loop
     vertex  1.496220e+01  1.295861e+01  0.000000e+00
     vertex  1.520743e+01  1.293161e+01  0.000000e+00
     vertex  1.514711e+01  1.293888e+01 -1.000000e+01
   endloop
 endfacet
 facet normal  1.027091e-01  9.947114e-01 -6.299368e-05
   outer loop
     vertex  1.496220e+01  1.295861e+01  0.000000e+00
     vertex  1.514711e+01  1.293888e+01 -1.000000e+01
     vertex  1.490148e+01  1.296424e+01 -1.000000e+01
   endloop
 endfacet
 facet normal  8.214750e-02  9.966202e-01  6.292021e-05
   outer loop
     vertex  1.471632e+01  1.297887e+01  0.000000e+00
     vertex  1.496220e+01  1.295861e+01  0.000000e+00
     vertex  1.490148e+01  1.296424e+01 -1.000000e+01
   endloop
 endfacet
 facet normal  7.538152e-02  9.971548e-01 -6.314402e-05
   outer loop
     vertex  1.471632e+01  1.297887e+01  0.000000e+00
     vertex  1.490148e+01  1.296424e+01 -1.000000e+01
     vertex  1.465526e+01  1.298286e+01 -1.000000e+01
   endloop
 endfacet
 facet normal  5.479932e-02  9.984974e-01  6.307029e-05
   outer loop
     vertex  1.446998e+01  1.299239e+01  0.000000e+00
     vertex  1.471632e+01  1.297887e+01  0.000000e+00
     vertex  1.465526e+01  1.298286e+01 -1.000000e+01
   endloop
 endfacet
 facet normal  4.799716e-02  9.988475e-01 -6.329384e-05
   outer loop
     vertex  1.446998e+01  1.299239e+01  0.000000e+00
     vertex  1.465526e+01  1.298286e+01 -1.000000e+01
     vertex  1.440861e+01  1.299471e+01 -1.000000e+01
   endloop
 endfacet
 facet normal  2.057667e-02  9.997883e-01 -6.344314e-05
   outer loop
     vertex  1.422336e+01  1.299915e+01  0.000000e+00
     vertex  1.440861e+01  1.299471e+01 -1.000000e+01
     vertex  1.416173e+01  1.299979e+01 -1.000000e+01
   endloop
 endfacet
 facet normal  2.740996e-02  9.996243e-01  6.321985e-05
   outer loop
     vertex  1.422336e+01  1.299915e+01  0.000000e+00
     vertex  1.446998e+01  1.299239e+01  0.000000e+00
     vertex  1.440861e+01  1.299471e+01 -1.000000e+01
   endloop
 endfacet
 facet normal -6.859319e-03  9.999765e-01 -6.359192e-05
   outer loop
     vertex  1.397664e+01  1.299915e+01  0.000000e+00
     vertex  1.416173e+01  1.299979e+01 -1.000000e+01
     vertex  1.391481e+01  1.299809e+01 -1.000000e+01
   endloop
 endfacet
 facet normal -2.880040e-14  1.000000e+00  6.336889e-05
   outer loop
     vertex  1.397664e+01  1.299915e+01  0.000000e+00
     vertex  1.422336e+01  1.299915e+01  0.000000e+00
     vertex  1.416173e+01  1.299979e+01 -1.000000e+01
   endloop
 endfacet
 facet normal -3.429014e-02  9.994119e-01 -6.374017e-05
   outer loop
     vertex  1.373002e+01  1.299239e+01  0.000000e+00
     vertex  1.391481e+01  1.299809e+01 -1.000000e+01
     vertex  1.366803e+01  1.298963e+01 -1.000000e+01
   endloop
 endfacet
 facet normal -2.740996e-02  9.996243e-01  6.351740e-05
   outer loop
     vertex  1.373002e+01  1.299239e+01  0.000000e+00
     vertex  1.397664e+01  1.299915e+01  0.000000e+00
     vertex  1.391481e+01  1.299809e+01 -1.000000e+01
   endloop
 endfacet
 facet normal -6.169515e-02  9.980950e-01 -6.388790e-05
   outer loop
     vertex  1.348368e+01  1.297887e+01  0.000000e+00
     vertex  1.366803e+01  1.298963e+01 -1.000000e+01
     vertex  1.342157e+01  1.297439e+01 -1.000000e+01
   endloop
 endfacet
 facet normal -5.479932e-02  9.984974e-01  6.366539e-05
   outer loop
     vertex  1.348368e+01  1.297887e+01  0.000000e+00
     vertex  1.373002e+01  1.299239e+01  0.000000e+00
     vertex  1.366803e+01  1.298963e+01 -1.000000e+01
   endloop
 endfacet
 facet normal -8.214750e-02  9.966202e-01  6.381286e-05
   outer loop
     vertex  1.323780e+01  1.295861e+01  0.000000e+00
     vertex  1.348368e+01  1.297887e+01  0.000000e+00
     vertex  1.342157e+01  1.297439e+01 -1.000000e+01
   endloop
 endfacet
 facet normal -8.905371e-02  9.960268e-01 -6.403511e-05
   outer loop
     vertex  1.323780e+01  1.295861e+01  0.000000e+00
     vertex  1.342157e+01  1.297439e+01 -1.000000e+01
     vertex  1.317562e+01  1.295240e+01 -1.000000e+01
   endloop
 endfacet
 facet normal -1.094340e-01  9.939941e-01  6.395981e-05
   outer loop
     vertex  1.299257e+01  1.293161e+01  0.000000e+00
     vertex  1.323780e+01  1.295861e+01  0.000000e+00
     vertex  1.317562e+01  1.295240e+01 -1.000000e+01
   endloop
 endfacet
 facet normal -1.163452e-01  9.932088e-01 -6.418179e-05
   outer loop
     vertex  1.299257e+01  1.293161e+01  0.000000e+00
     vertex  1.317562e+01  1.295240e+01 -1.000000e+01
     vertex  1.293036e+01  1.292367e+01 -1.000000e+01
   endloop
 endfacet
 facet normal -1.366382e-01  9.906210e-01  6.410623e-05
   outer loop
     vertex  1.274817e+01  1.289790e+01  0.000000e+00
     vertex  1.299257e+01  1.293161e+01  0.000000e+00
     vertex  1.293036e+01  1.292367e+01 -1.000000e+01
   endloop
 endfacet
 facet normal -1.435492e-01  9.896432e-01 -6.432795e-05
   outer loop
     vertex  1.274817e+01  1.289790e+01  0.000000e+00
     vertex  1.293036e+01  1.292367e+01 -1.000000e+01
     vertex  1.268599e+01  1.288823e+01 -1.000000e+01
   endloop
 endfacet
 facet normal -1.637397e-01  9.865036e-01  6.425213e-05
   outer loop
     vertex  1.250479e+01  1.285750e+01  0.000000e+00
     vertex  1.274817e+01  1.289790e+01  0.000000e+00
     vertex  1.268599e+01  1.288823e+01 -1.000000e+01
   endloop
 endfacet
 facet normal -1.706451e-01  9.853326e-01 -6.447359e-05
   outer loop
     vertex  1.250479e+01  1.285750e+01  0.000000e+00
     vertex  1.268599e+01  1.288823e+01 -1.000000e+01
     vertex  1.244268e+01  1.284609e+01 -1.000000e+01
   endloop
 endfacet
 facet normal -1.907182e-01  9.816448e-01  6.439751e-05
   outer loop
     vertex  1.226261e+01  1.281045e+01  0.000000e+00
     vertex  1.250479e+01  1.285750e+01  0.000000e+00
     vertex  1.244268e+01  1.284609e+01 -1.000000e+01
   endloop
 endfacet
 facet normal -1.976125e-01  9.802802e-01 -6.461871e-05
   outer loop
     vertex  1.226261e+01  1.281045e+01  0.000000e+00
     vertex  1.244268e+01  1.284609e+01 -1.000000e+01
     vertex  1.220062e+01  1.279729e+01 -1.000000e+01
   endloop
 endfacet
 facet normal -2.175534e-01  9.760484e-01  6.454236e-05
   outer loop
     vertex  1.202180e+01  1.275677e+01  0.000000e+00
     vertex  1.226261e+01  1.281045e+01  0.000000e+00
     vertex  1.220062e+01  1.279729e+01 -1.000000e+01
   endloop
 endfacet
 facet normal -2.244312e-01  9.744899e-01 -6.476330e-05
   outer loop
     vertex  1.202180e+01  1.275677e+01  0.000000e+00
     vertex  1.220062e+01  1.279729e+01 -1.000000e+01
     vertex  1.195999e+01  1.274187e+01 -1.000000e+01
   endloop
 endfacet
 facet normal -2.442251e-01  9.697186e-01  6.468670e-05
   outer loop
     vertex  1.178256e+01  1.269652e+01  0.000000e+00
     vertex  1.202180e+01  1.275677e+01  0.000000e+00
     vertex  1.195999e+01  1.274187e+01 -1.000000e+01
   endloop
 endfacet
 facet normal -2.510809e-01  9.679661e-01 -6.490737e-05
   outer loop
     vertex  1.178256e+01  1.269652e+01  0.000000e+00
     vertex  1.195999e+01  1.274187e+01 -1.000000e+01
     vertex  1.172097e+01  1.267988e+01 -1.000000e+01
   endloop
 endfacet
 facet normal -2.707133e-01  9.626600e-01  6.483050e-05
   outer loop
     vertex  1.154506e+01  1.262973e+01  0.000000e+00
     vertex  1.178256e+01  1.269652e+01  0.000000e+00
     vertex  1.172097e+01  1.267988e+01 -1.000000e+01
   endloop
 endfacet
 facet normal -2.775416e-01  9.607136e-01 -6.505092e-05
   outer loop
     vertex  1.154506e+01  1.262973e+01  0.000000e+00
     vertex  1.172097e+01  1.267988e+01 -1.000000e+01
     vertex  1.148375e+01  1.261134e+01 -1.000000e+01
   endloop
 endfacet
 facet normal -2.969980e-01  9.548781e-01  6.497379e-05
   outer loop
     vertex  1.130948e+01  1.255646e+01  0.000000e+00
     vertex  1.154506e+01  1.262973e+01  0.000000e+00
     vertex  1.148375e+01  1.261134e+01 -1.000000e+01
   endloop
 endfacet
 facet normal -3.037934e-01  9.527379e-01 -6.519395e-05
   outer loop
     vertex  1.130948e+01  1.255646e+01  0.000000e+00
     vertex  1.148375e+01  1.261134e+01 -1.000000e+01
     vertex  1.124849e+01  1.253633e+01 -1.000000e+01
   endloop
 endfacet
 facet normal -3.230596e-01  9.463786e-01  6.511656e-05
   outer loop
     vertex  1.107599e+01  1.247676e+01  0.000000e+00
     vertex  1.130948e+01  1.255646e+01  0.000000e+00
     vertex  1.124849e+01  1.253633e+01 -1.000000e+01
   endloop
 endfacet
 facet normal -3.298166e-01  9.440450e-01 -6.533645e-05
   outer loop
     vertex  1.107599e+01  1.247676e+01  0.000000e+00
     vertex  1.124849e+01  1.253633e+01 -1.000000e+01
     vertex  1.101537e+01  1.245489e+01 -1.000000e+01
   endloop
 endfacet
 facet normal -3.555914e-01  9.346415e-01 -6.547843e-05
   outer loop
     vertex  1.084478e+01  1.239068e+01  0.000000e+00
     vertex  1.101537e+01  1.245489e+01 -1.000000e+01
     vertex  1.078458e+01  1.236708e+01 -1.000000e+01
   endloop
 endfacet
 facet normal -3.488784e-01  9.371680e-01  6.525880e-05
   outer loop
     vertex  1.084478e+01  1.239068e+01  0.000000e+00
     vertex  1.107599e+01  1.247676e+01  0.000000e+00
     vertex  1.101537e+01  1.245489e+01 -1.000000e+01
   endloop
 endfacet
 facet normal -3.810986e-01  9.245344e-01 -6.561989e-05
   outer loop
     vertex  1.061602e+01  1.229831e+01  0.000000e+00
     vertex  1.078458e+01  1.236708e+01 -1.000000e+01
     vertex  1.055629e+01  1.227297e+01 -1.000000e+01
   endloop
 endfacet
 facet normal -3.744351e-01  9.272531e-01  6.540052e-05
   outer loop
     vertex  1.061602e+01  1.229831e+01  0.000000e+00
     vertex  1.084478e+01  1.239068e+01  0.000000e+00
     vertex  1.078458e+01  1.236708e+01 -1.000000e+01
   endloop
 endfacet
 facet normal -4.063188e-01  9.137314e-01 -6.576082e-05
   outer loop
     vertex  1.038987e+01  1.219969e+01  0.000000e+00
     vertex  1.055629e+01  1.227297e+01 -1.000000e+01
     vertex  1.033066e+01  1.217264e+01 -1.000000e+01
   endloop
 endfacet
 facet normal -3.997104e-01  9.166415e-01  6.554171e-05
   outer loop
     vertex  1.038987e+01  1.219969e+01  0.000000e+00
     vertex  1.061602e+01  1.229831e+01  0.000000e+00
     vertex  1.055629e+01  1.227297e+01 -1.000000e+01
   endloop
 endfacet
 facet normal -4.312333e-01  9.022405e-01 -6.590123e-05
   outer loop
     vertex  1.016651e+01  1.209492e+01  0.000000e+00
     vertex  1.033066e+01  1.217264e+01 -1.000000e+01
     vertex  1.010787e+01  1.206616e+01 -1.000000e+01
   endloop
 endfacet
 facet normal -4.246853e-01  9.053410e-01  6.568239e-05
   outer loop
     vertex  1.016651e+01  1.209492e+01  0.000000e+00
     vertex  1.038987e+01  1.219969e+01  0.000000e+00
     vertex  1.033066e+01  1.217264e+01 -1.000000e+01
   endloop
 endfacet
 facet normal -4.558231e-01  8.900704e-01 -6.604112e-05
   outer loop
     vertex  9.946108e+00  1.198406e+01  0.000000e+00
     vertex  1.010787e+01  1.206616e+01 -1.000000e+01
     vertex  9.888086e+00  1.195360e+01 -1.000000e+01
   endloop
 endfacet
 facet normal -4.493411e-01  8.933603e-01  6.582254e-05
   outer loop
     vertex  9.946108e+00  1.198406e+01  0.000000e+00
     vertex  1.016651e+01  1.209492e+01  0.000000e+00
     vertex  1.010787e+01  1.206616e+01 -1.000000e+01
   endloop
 endfacet
 facet normal -4.800697e-01  8.772303e-01 -6.618049e-05
   outer loop
     vertex  9.728826e+00  1.186720e+01  0.000000e+00
     vertex  9.888086e+00  1.195360e+01 -1.000000e+01
     vertex  9.671472e+00  1.183506e+01 -1.000000e+01
   endloop
 endfacet
 facet normal -4.736592e-01  8.807082e-01  6.596216e-05
   outer loop
     vertex  9.728826e+00  1.186720e+01  0.000000e+00
     vertex  9.946108e+00  1.198406e+01  0.000000e+00
     vertex  9.888086e+00  1.195360e+01 -1.000000e+01
   endloop
 endfacet
 facet normal -5.039550e-01  8.637299e-01 -6.631933e-05
   outer loop
     vertex  9.514829e+00  1.174443e+01  0.000000e+00
     vertex  9.671472e+00  1.183506e+01 -1.000000e+01
     vertex  9.458191e+00  1.171062e+01 -1.000000e+01
   endloop
 endfacet
 facet normal -4.976214e-01  8.673943e-01  6.610127e-05
   outer loop
     vertex  9.514829e+00  1.174443e+01  0.000000e+00
     vertex  9.728826e+00  1.186720e+01  0.000000e+00
     vertex  9.671472e+00  1.183506e+01 -1.000000e+01
   endloop
 endfacet
 facet normal -5.274609e-01  8.495793e-01 -6.645765e-05
   outer loop
     vertex  9.304277e+00  1.161584e+01  0.000000e+00
     vertex  9.458191e+00  1.171062e+01 -1.000000e+01
     vertex  9.248405e+00  1.158037e+01 -1.000000e+01
   endloop
 endfacet
 facet normal -5.212097e-01  8.534286e-01  6.623985e-05
   outer loop
     vertex  9.304277e+00  1.161584e+01  0.000000e+00
     vertex  9.514829e+00  1.174443e+01  0.000000e+00
     vertex  9.458191e+00  1.171062e+01 -1.000000e+01
   endloop
 endfacet
 facet normal -5.505698e-01  8.347891e-01 -6.659545e-05
   outer loop
     vertex  9.097329e+00  1.148153e+01  0.000000e+00
     vertex  9.248405e+00  1.158037e+01 -1.000000e+01
     vertex  9.042271e+00  1.144442e+01 -1.000000e+01
   endloop
 endfacet
 facet normal -5.444063e-01  8.388216e-01  6.637791e-05
   outer loop
     vertex  9.097329e+00  1.148153e+01  0.000000e+00
     vertex  9.304277e+00  1.161584e+01  0.000000e+00
     vertex  9.248405e+00  1.158037e+01 -1.000000e+01
   endloop
 endfacet
 facet normal -5.732642e-01  8.193706e-01 -6.673273e-05
   outer loop
     vertex  8.894140e+00  1.134160e+01  0.000000e+00
     vertex  9.042271e+00  1.144442e+01 -1.000000e+01
     vertex  8.839944e+00  1.130286e+01 -1.000000e+01
   endloop
 endfacet
 facet normal -5.671938e-01  8.235843e-01  6.651545e-05
   outer loop
     vertex  8.894140e+00  1.134160e+01  0.000000e+00
     vertex  9.097329e+00  1.148153e+01  0.000000e+00
     vertex  9.042271e+00  1.144442e+01 -1.000000e+01
   endloop
 endfacet
 facet normal -5.955271e-01  8.033352e-01 -6.686948e-05
   outer loop
     vertex  8.694864e+00  1.119614e+01  0.000000e+00
     vertex  8.839944e+00  1.130286e+01 -1.000000e+01
     vertex  8.641577e+00  1.115581e+01 -1.000000e+01
   endloop
 endfacet
 facet normal -5.895552e-01  8.077281e-01  6.665246e-05
   outer loop
     vertex  8.694864e+00  1.119614e+01  0.000000e+00
     vertex  8.894140e+00  1.134160e+01  0.000000e+00
     vertex  8.839944e+00  1.130286e+01 -1.000000e+01
   endloop
 endfacet
 facet normal -6.173417e-01  7.866951e-01 -6.700571e-05
   outer loop
     vertex  8.499648e+00  1.104529e+01  0.000000e+00
     vertex  8.641577e+00  1.115581e+01 -1.000000e+01
     vertex  8.447318e+00  1.100337e+01 -1.000000e+01
   endloop
 endfacet
 facet normal -6.114734e-01  7.912650e-01  6.678896e-05
   outer loop
     vertex  8.499648e+00  1.104529e+01  0.000000e+00
     vertex  8.694864e+00  1.119614e+01  0.000000e+00
     vertex  8.641577e+00  1.115581e+01 -1.000000e+01
   endloop
 endfacet
 facet normal -6.386916e-01  7.694628e-01 -6.714142e-05
   outer loop
     vertex  8.308642e+00  1.088913e+01  0.000000e+00
     vertex  8.447318e+00  1.100337e+01 -1.000000e+01
     vertex  8.257315e+00  1.084566e+01 -1.000000e+01
   endloop
 endfacet
 facet normal -6.329322e-01  7.742072e-01  6.692492e-05
   outer loop
     vertex  8.308642e+00  1.088913e+01  0.000000e+00
     vertex  8.499648e+00  1.104529e+01  0.000000e+00
     vertex  8.447318e+00  1.100337e+01 -1.000000e+01
   endloop
 endfacet
 facet normal -6.595607e-01  7.516513e-01 -6.727660e-05
   outer loop
     vertex  8.121987e+00  1.072780e+01  0.000000e+00
     vertex  8.257315e+00  1.084566e+01 -1.000000e+01
     vertex  8.071710e+00  1.068279e+01 -1.000000e+01
   endloop
 endfacet
 facet normal -6.539154e-01  7.565677e-01  6.706037e-05
   outer loop
     vertex  8.121987e+00  1.072780e+01  0.000000e+00
     vertex  8.308642e+00  1.088913e+01  0.000000e+00
     vertex  8.257315e+00  1.084566e+01 -1.000000e+01
   endloop
 endfacet
 facet normal -6.799333e-01  7.332740e-01 -6.741127e-05
   outer loop
     vertex  7.939824e+00  1.056142e+01  0.000000e+00
     vertex  8.071710e+00  1.068279e+01 -1.000000e+01
     vertex  7.890643e+00  1.051490e+01 -1.000000e+01
   endloop
 endfacet
 facet normal -6.744072e-01  7.383596e-01  6.719530e-05
   outer loop
     vertex  7.939824e+00  1.056142e+01  0.000000e+00
     vertex  8.121987e+00  1.072780e+01  0.000000e+00
     vertex  8.071710e+00  1.068279e+01 -1.000000e+01
   endloop
 endfacet
 facet normal -6.943922e-01  7.195967e-01  6.732970e-05
   outer loop
     vertex  7.762290e+00  1.039010e+01  0.000000e+00
     vertex  7.939824e+00  1.056142e+01  0.000000e+00
     vertex  7.890643e+00  1.051490e+01 -1.000000e+01
   endloop
 endfacet
 facet normal -6.997940e-01  7.143447e-01 -6.754541e-05
   outer loop
     vertex  7.762290e+00  1.039010e+01  0.000000e+00
     vertex  7.890643e+00  1.051490e+01 -1.000000e+01
     vertex  7.714250e+00  1.034210e+01 -1.000000e+01
   endloop
 endfacet
 facet normal -7.138554e-01  7.002931e-01  6.746357e-05
   outer loop
     vertex  7.589519e+00  1.021399e+01  0.000000e+00
     vertex  7.762290e+00  1.039010e+01  0.000000e+00
     vertex  7.714250e+00  1.034210e+01 -1.000000e+01
   endloop
 endfacet
 facet normal -7.191280e-01  6.948776e-01 -6.767902e-05
   outer loop
     vertex  7.589519e+00  1.021399e+01  0.000000e+00
     vertex  7.714250e+00  1.034210e+01 -1.000000e+01
     vertex  7.542664e+00  1.016452e+01 -1.000000e+01
   endloop
 endfacet
 facet normal -7.327822e-01  6.804632e-01  6.759693e-05
   outer loop
     vertex  7.421640e+00  1.003320e+01  0.000000e+00
     vertex  7.589519e+00  1.021399e+01  0.000000e+00
     vertex  7.542664e+00  1.016452e+01 -1.000000e+01
   endloop
 endfacet
 facet normal -7.379206e-01  6.748875e-01 -6.781212e-05
   outer loop
     vertex  7.421640e+00  1.003320e+01  0.000000e+00
     vertex  7.542664e+00  1.016452e+01 -1.000000e+01
     vertex  7.376014e+00  9.982309e+00 -1.000000e+01
   endloop
 endfacet
 facet normal -7.511584e-01  6.601220e-01  6.772976e-05
   outer loop
     vertex  7.258779e+00  9.847880e+00  0.000000e+00
     vertex  7.421640e+00  1.003320e+01  0.000000e+00
     vertex  7.376014e+00  9.982309e+00 -1.000000e+01
   endloop
 endfacet
 facet normal -7.561578e-01  6.543893e-01 -6.794469e-05
   outer loop
     vertex  7.258779e+00  9.847880e+00  0.000000e+00
     vertex  7.376014e+00  9.982309e+00 -1.000000e+01
     vertex  7.214426e+00  9.795591e+00 -1.000000e+01
   endloop
 endfacet
 facet normal -7.738257e-01  6.333986e-01 -6.807674e-05
   outer loop
     vertex  7.101060e+00  9.658165e+00  0.000000e+00
     vertex  7.214426e+00  9.795591e+00 -1.000000e+01
     vertex  7.058021e+00  9.604510e+00 -1.000000e+01
   endloop
 endfacet
 facet normal -7.689701e-01  6.392848e-01  6.786207e-05
   outer loop
     vertex  7.101060e+00  9.658165e+00  0.000000e+00
     vertex  7.258779e+00  9.847880e+00  0.000000e+00
     vertex  7.214426e+00  9.795591e+00 -1.000000e+01
   endloop
 endfacet
 facet normal -7.909112e-01  6.119310e-01 -6.820827e-05
   outer loop
     vertex  6.948599e+00  9.464199e+00  0.000000e+00
     vertex  7.058021e+00  9.604510e+00 -1.000000e+01
     vertex  6.906917e+00  9.409211e+00 -1.000000e+01
   endloop
 endfacet
 facet normal -7.862039e-01  6.179672e-01  6.799386e-05
   outer loop
     vertex  6.948599e+00  9.464199e+00  0.000000e+00
     vertex  7.101060e+00  9.658165e+00  0.000000e+00
     vertex  7.058021e+00  9.604510e+00 -1.000000e+01
   endloop
 endfacet
 facet normal -8.074012e-01  5.900028e-01 -6.833927e-05
   outer loop
     vertex  6.801513e+00  9.266126e+00  0.000000e+00
     vertex  6.906917e+00  9.409211e+00 -1.000000e+01
     vertex  6.761228e+00  9.209840e+00 -1.000000e+01
   endloop
 endfacet
 facet normal -8.028470e-01  5.961852e-01  6.812513e-05
   outer loop
     vertex  6.801513e+00  9.266126e+00  0.000000e+00
     vertex  6.948599e+00  9.464199e+00  0.000000e+00
     vertex  6.906917e+00  9.409211e+00 -1.000000e+01
   endloop
 endfacet
 facet normal -8.232835e-01  5.676304e-01 -6.846975e-05
   outer loop
     vertex  6.659911e+00  9.064096e+00  0.000000e+00
     vertex  6.761228e+00  9.209840e+00 -1.000000e+01
     vertex  6.621063e+00  9.006547e+00 -1.000000e+01
   endloop
 endfacet
 facet normal -8.188867e-01  5.739552e-01  6.825587e-05
   outer loop
     vertex  6.659911e+00  9.064096e+00  0.000000e+00
     vertex  6.801513e+00  9.266126e+00  0.000000e+00
     vertex  6.761228e+00  9.209840e+00 -1.000000e+01
   endloop
 endfacet
 facet normal -8.385460e-01  5.448308e-01 -6.859971e-05
   outer loop
     vertex  6.523899e+00  8.858261e+00  0.000000e+00
     vertex  6.621063e+00  9.006547e+00 -1.000000e+01
     vertex  6.486529e+00  8.799485e+00 -1.000000e+01
   endloop
 endfacet
 facet normal -8.343111e-01  5.512939e-01  6.838609e-05
   outer loop
     vertex  6.523899e+00  8.858261e+00  0.000000e+00
     vertex  6.659911e+00  9.064096e+00  0.000000e+00
     vertex  6.621063e+00  9.006547e+00 -1.000000e+01
   endloop
 endfacet
 facet normal -8.531773e-01  5.216210e-01 -6.872914e-05
   outer loop
     vertex  6.393581e+00  8.648775e+00  0.000000e+00
     vertex  6.486529e+00  8.799485e+00 -1.000000e+01
     vertex  6.357725e+00  8.588810e+00 -1.000000e+01
   endloop
 endfacet
 facet normal -8.491086e-01  5.282183e-01  6.851578e-05
   outer loop
     vertex  6.393581e+00  8.648775e+00  0.000000e+00
     vertex  6.523899e+00  8.858261e+00  0.000000e+00
     vertex  6.486529e+00  8.799485e+00 -1.000000e+01
   endloop
 endfacet
 facet normal -8.671664e-01  4.980186e-01 -6.885806e-05
   outer loop
     vertex  6.269054e+00  8.435796e+00  0.000000e+00
     vertex  6.357725e+00  8.588810e+00 -1.000000e+01
     vertex  6.234749e+00  8.374681e+00 -1.000000e+01
   endloop
 endfacet
 facet normal -8.632680e-01  5.047458e-01  6.864496e-05
   outer loop
     vertex  6.269054e+00  8.435796e+00  0.000000e+00
     vertex  6.393581e+00  8.648775e+00  0.000000e+00
     vertex  6.357725e+00  8.588810e+00 -1.000000e+01
   endloop
 endfacet
 facet normal -8.805026e-01  4.740412e-01 -6.898645e-05
   outer loop
     vertex  6.150411e+00  8.219483e+00  0.000000e+00
     vertex  6.234749e+00  8.374681e+00 -1.000000e+01
     vertex  6.117694e+00  8.157259e+00 -1.000000e+01
   endloop
 endfacet
 facet normal -8.767787e-01  4.808940e-01  6.877361e-05
   outer loop
     vertex  6.150411e+00  8.219483e+00  0.000000e+00
     vertex  6.269054e+00  8.435796e+00  0.000000e+00
     vertex  6.234749e+00  8.374681e+00 -1.000000e+01
   endloop
 endfacet
 facet normal -8.931761e-01  4.497071e-01 -6.911431e-05
   outer loop
     vertex  6.037742e+00  8.000000e+00  0.000000e+00
     vertex  6.117694e+00  8.157259e+00 -1.000000e+01
     vertex  6.006648e+00  7.936707e+00 -1.000000e+01
   endloop
 endfacet
 facet normal -8.896306e-01  4.566809e-01  6.890174e-05
   outer loop
     vertex  6.037742e+00  8.000000e+00  0.000000e+00
     vertex  6.150411e+00  8.219483e+00  0.000000e+00
     vertex  6.117694e+00  8.157259e+00 -1.000000e+01
   endloop
 endfacet
 facet normal -9.051772e-01  4.250344e-01 -7.089290e-05
   outer loop
     vertex  5.932348e+00  7.780141e+00  0.000000e+00
     vertex  6.006648e+00  7.936707e+00 -1.000000e+01
     vertex  5.901695e+00  7.713192e+00 -1.000000e+01
   endloop
 endfacet
 facet normal -9.017444e-01  4.322697e-01  6.789412e-05
   outer loop
     vertex  5.932348e+00  7.780141e+00  0.000000e+00
     vertex  6.037742e+00  8.000000e+00  0.000000e+00
     vertex  6.006648e+00  7.936707e+00 -1.000000e+01
   endloop
 endfacet
 facet normal -9.164969e-01  4.000417e-01 -7.256369e-05
   outer loop
     vertex  5.832949e+00  7.557508e+00  0.000000e+00
     vertex  5.901695e+00  7.713192e+00 -1.000000e+01
     vertex  5.802913e+00  7.486881e+00 -1.000000e+01
   endloop
 endfacet
 facet normal -9.131228e-01  4.076845e-01  6.961881e-05
   outer loop
     vertex  5.832949e+00  7.557508e+00  0.000000e+00
     vertex  5.932348e+00  7.780141e+00  0.000000e+00
     vertex  5.901695e+00  7.713192e+00 -1.000000e+01
   endloop
 endfacet
 facet normal -9.271267e-01  3.747479e-01 -7.412670e-05
   outer loop
     vertex  5.739616e+00  7.332264e+00  0.000000e+00
     vertex  5.802913e+00  7.486881e+00 -1.000000e+01
     vertex  5.710376e+00  7.257946e+00 -1.000000e+01
   endloop
 endfacet
 facet normal -9.238312e-01  3.828002e-01  7.123571e-05
   outer loop
     vertex  5.739616e+00  7.332264e+00  0.000000e+00
     vertex  5.832949e+00  7.557508e+00  0.000000e+00
     vertex  5.802913e+00  7.486881e+00 -1.000000e+01
   endloop
 endfacet
 facet normal -9.370586e-01  3.491720e-01 -7.558191e-05
   outer loop
     vertex  5.652419e+00  7.104574e+00  0.000000e+00
     vertex  5.710376e+00  7.257946e+00 -1.000000e+01
     vertex  5.624155e+00  7.026559e+00 -1.000000e+01
   endloop
 endfacet
 facet normal -9.338615e-01  3.576349e-01  7.274482e-05
   outer loop
     vertex  5.652419e+00  7.104574e+00  0.000000e+00
     vertex  5.739616e+00  7.332264e+00  0.000000e+00
     vertex  5.710376e+00  7.257946e+00 -1.000000e+01
   endloop
 endfacet
 facet normal -9.462851e-01  3.233333e-01 -7.692932e-05
   outer loop
     vertex  5.571422e+00  6.874606e+00  0.000000e+00
     vertex  5.624155e+00  7.026559e+00 -1.000000e+01
     vertex  5.544315e+00  6.792893e+00 -1.000000e+01
   endloop
 endfacet
 facet normal -9.432065e-01  3.322071e-01  7.414613e-05
   outer loop
     vertex  5.571422e+00  6.874606e+00  0.000000e+00
     vertex  5.652419e+00  7.104574e+00  0.000000e+00
     vertex  5.624155e+00  7.026559e+00 -1.000000e+01
   endloop
 endfacet
 facet normal -9.547993e-01  2.972512e-01 -7.816895e-05
   outer loop
     vertex  5.496684e+00  6.642528e+00  0.000000e+00
     vertex  5.544315e+00  6.792893e+00 -1.000000e+01
     vertex  5.470915e+00  6.557125e+00 -1.000000e+01
   endloop
 endfacet
 facet normal -9.518592e-01  3.065356e-01  7.543965e-05
   outer loop
     vertex  5.496684e+00  6.642528e+00  0.000000e+00
     vertex  5.571422e+00  6.874606e+00  0.000000e+00
     vertex  5.544315e+00  6.792893e+00 -1.000000e+01
   endloop
 endfacet
 facet normal -9.625947e-01  2.709453e-01 -7.930078e-05
   outer loop
     vertex  5.428260e+00  6.408511e+00  0.000000e+00
     vertex  5.470915e+00  6.557125e+00 -1.000000e+01
     vertex  5.404010e+00  6.319431e+00 -1.000000e+01
   endloop
 endfacet
 facet normal -9.598134e-01  2.806390e-01  7.662538e-05
   outer loop
     vertex  5.428260e+00  6.408511e+00  0.000000e+00
     vertex  5.496684e+00  6.642528e+00  0.000000e+00
     vertex  5.470915e+00  6.557125e+00 -1.000000e+01
   endloop
 endfacet
 facet normal -9.696656e-01  2.444354e-01 -8.032482e-05
   outer loop
     vertex  5.366200e+00  6.172726e+00  0.000000e+00
     vertex  5.404010e+00  6.319431e+00 -1.000000e+01
     vertex  5.343652e+00  6.079992e+00 -1.000000e+01
   endloop
 endfacet
 facet normal -9.670632e-01  2.545365e-01  7.770331e-05
   outer loop
     vertex  5.366200e+00  6.172726e+00  0.000000e+00
     vertex  5.428260e+00  6.408511e+00  0.000000e+00
     vertex  5.404010e+00  6.319431e+00 -1.000000e+01
   endloop
 endfacet
 facet normal -9.760065e-01  2.177416e-01 -8.124106e-05
   outer loop
     vertex  5.310550e+00  5.935347e+00  0.000000e+00
     vertex  5.343652e+00  6.079992e+00 -1.000000e+01
     vertex  5.289885e+00  5.838987e+00 -1.000000e+01
   endloop
 endfacet
 facet normal -9.736032e-01  2.282472e-01  7.867346e-05
   outer loop
     vertex  5.310550e+00  5.935347e+00  0.000000e+00
     vertex  5.366200e+00  6.172726e+00  0.000000e+00
     vertex  5.343652e+00  6.079992e+00 -1.000000e+01
   endloop
 endfacet
 facet normal -9.816126e-01  1.908838e-01 -8.204951e-05
   outer loop
     vertex  5.261350e+00  5.696547e+00  0.000000e+00
     vertex  5.289885e+00  5.838987e+00 -1.000000e+01
     vertex  5.242750e+00  5.596598e+00 -1.000000e+01
   endloop
 endfacet
 facet normal -9.794287e-01  2.017904e-01  7.953580e-05
   outer loop
     vertex  5.261350e+00  5.696547e+00  0.000000e+00
     vertex  5.310550e+00  5.935347e+00  0.000000e+00
     vertex  5.289885e+00  5.838987e+00 -1.000000e+01
   endloop
 endfacet
 facet normal -9.864799e-01  1.638824e-01 -8.275017e-05
   outer loop
     vertex  5.218637e+00  5.456502e+00  0.000000e+00
     vertex  5.242750e+00  5.596598e+00 -1.000000e+01
     vertex  5.202283e+00  5.353007e+00 -1.000000e+01
   endloop
 endfacet
 facet normal -9.845354e-01  1.751855e-01  8.029036e-05
   outer loop
     vertex  5.218637e+00  5.456502e+00  0.000000e+00
     vertex  5.261350e+00  5.696547e+00  0.000000e+00
     vertex  5.242750e+00  5.596598e+00 -1.000000e+01
   endloop
 endfacet
 facet normal -9.906045e-01  1.367575e-01 -8.334304e-05
   outer loop
     vertex  5.182443e+00  5.215389e+00  0.000000e+00
     vertex  5.202283e+00  5.353007e+00 -1.000000e+01
     vertex  5.168513e+00  5.108397e+00 -1.000000e+01
   endloop
 endfacet
 facet normal -9.889196e-01  1.484520e-01  8.093712e-05
   outer loop
     vertex  5.182443e+00  5.215389e+00  0.000000e+00
     vertex  5.218637e+00  5.456502e+00  0.000000e+00
     vertex  5.202283e+00  5.353007e+00 -1.000000e+01
   endloop
 endfacet
 facet normal -9.939835e-01  1.095298e-01 -8.382811e-05
   outer loop
     vertex  5.152792e+00  4.973383e+00  0.000000e+00
     vertex  5.168513e+00  5.108397e+00 -1.000000e+01
     vertex  5.141467e+00  4.862953e+00 -1.000000e+01
   endloop
 endfacet
 facet normal -9.925780e-01  1.216096e-01  8.147609e-05
   outer loop
     vertex  5.152792e+00  4.973383e+00  0.000000e+00
     vertex  5.182443e+00  5.215389e+00  0.000000e+00
     vertex  5.168513e+00  5.108397e+00 -1.000000e+01
   endloop
 endfacet
 facet normal -9.955080e-01  9.467792e-02  8.190726e-05
   outer loop
     vertex  5.129708e+00  4.730663e+00  0.000000e+00
     vertex  5.152792e+00  4.973383e+00  0.000000e+00
     vertex  5.141467e+00  4.862953e+00 -1.000000e+01
   endloop
 endfacet
 facet normal -9.966142e-01  8.221955e-02 -8.420539e-05
   outer loop
     vertex  5.129708e+00  4.730663e+00  0.000000e+00
     vertex  5.141467e+00  4.862953e+00 -1.000000e+01
     vertex  5.121165e+00  4.616860e+00 -1.000000e+01
   endloop
 endfacet
 facet normal -9.977073e-01  6.767676e-02  8.223065e-05
   outer loop
     vertex  5.113208e+00  4.487407e+00  0.000000e+00
     vertex  5.129708e+00  4.730663e+00  0.000000e+00
     vertex  5.121165e+00  4.616860e+00 -1.000000e+01
   endloop
 endfacet
 facet normal -9.984947e-01  5.484744e-02 -8.447487e-05
   outer loop
     vertex  5.113208e+00  4.487407e+00  0.000000e+00
     vertex  5.121165e+00  4.616860e+00 -1.000000e+01
     vertex  5.107621e+00  4.370302e+00 -1.000000e+01
   endloop
 endfacet
 facet normal -9.991744e-01  4.062593e-02  8.244623e-05
   outer loop
     vertex  5.103303e+00  4.243793e+00  0.000000e+00
     vertex  5.113208e+00  4.487407e+00  0.000000e+00
     vertex  5.107621e+00  4.370302e+00 -1.000000e+01
   endloop
 endfacet
 facet normal -9.996236e-01  2.743405e-02 -8.463656e-05
   outer loop
     vertex  5.103303e+00  4.243793e+00  0.000000e+00
     vertex  5.107621e+00  4.370302e+00 -1.000000e+01
     vertex  5.100847e+00  4.123465e+00 -1.000000e+01
   endloop
 endfacet
 facet normal -9.999083e-01  1.354529e-02  8.255403e-05
   outer loop
     vertex  5.100000e+00  4.000000e+00  0.000000e+00
     vertex  5.103303e+00  4.243793e+00  0.000000e+00
     vertex  5.100847e+00  4.123465e+00 -1.000000e+01
   endloop
 endfacet
 facet normal -1.000000e+00  0.000000e+00 -8.469046e-05
   outer loop
     vertex  5.100000e+00  4.000000e+00  0.000000e+00
     vertex  5.100847e+00  4.123465e+00 -1.000000e+01
     vertex  5.100847e+00  3.876535e+00 -1.000000e+01
   endloop
 endfacet
 facet normal -9.999083e-01 -1.354529e-02  8.255403e-05
   outer loop
     vertex  5.103303e+00  3.756207e+00  0.000000e+00
     vertex  5.100000e+00  4.000000e+00  0.000000e+00
     vertex  5.100847e+00  3.876535e+00 -1.000000e+01
   endloop
 endfacet
 facet normal -9.996236e-01 -2.743405e-02 -8.463656e-05
   outer loop
     vertex  5.103303e+00  3.756207e+00  0.000000e+00
     vertex  5.100847e+00  3.876535e+00 -1.000000e+01
     vertex  5.107621e+00  3.629698e+00 -1.000000e+01
   endloop
 endfacet
 facet normal -9.991744e-01 -4.062593e-02  8.244623e-05
   outer loop
     vertex  5.113208e+00  3.512593e+00  0.000000e+00
     vertex  5.103303e+00  3.756207e+00  0.000000e+00
     vertex  5.107621e+00  3.629698e+00 -1.000000e+01
   endloop
 endfacet
 facet normal -9.984947e-01 -5.484744e-02 -8.447487e-05
   outer loop
     vertex  5.113208e+00  3.512593e+00  0.000000e+00
     vertex  5.107621e+00  3.629698e+00 -1.000000e+01
     vertex  5.121165e+00  3.383140e+00 -1.000000e+01
   endloop
 endfacet
 facet normal -9.977073e-01 -6.767676e-02  8.223065e-05
   outer loop
     vertex  5.129708e+00  3.269337e+00  0.000000e+00
     vertex  5.113208e+00  3.512593e+00  0.000000e+00
     vertex  5.121165e+00  3.383140e+00 -1.000000e+01
   endloop
 endfacet
 facet normal -9.966142e-01 -8.221955e-02 -8.420539e-05
   outer loop
     vertex  5.129708e+00  3.269337e+00  0.000000e+00
     vertex  5.121165e+00  3.383140e+00 -1.000000e+01
     vertex  5.141467e+00  3.137047e+00 -1.000000e+01
   endloop
 endfacet
 facet normal -9.955080e-01 -9.467792e-02  8.190726e-05
   outer loop
     vertex  5.152792e+00  3.026617e+00  0.000000e+00
     vertex  5.129708e+00  3.269337e+00  0.000000e+00
     vertex  5.141467e+00  3.137047e+00 -1.000000e+01
   endloop
 endfacet
 facet normal -9.939835e-01 -1.095298e-01 -8.382811e-05
   outer loop
     vertex  5.152792e+00  3.026617e+00  0.000000e+00
     vertex  5.141467e+00  3.137047e+00 -1.000000e+01
     vertex  5.168513e+00  2.891603e+00 -1.000000e+01
   endloop
 endfacet
 facet normal -9.925780e-01 -1.216096e-01  8.147609e-05
   outer loop
     vertex  5.182443e+00  2.784611e+00  0.000000e+00
     vertex  5.152792e+00  3.026617e+00  0.000000e+00
     vertex  5.168513e+00  2.891603e+00 -1.000000e+01
   endloop
 endfacet
 facet normal -9.906045e-01 -1.367575e-01 -8.334304e-05
   outer loop
     vertex  5.182443e+00  2.784611e+00  0.000000e+00
     vertex  5.168513e+00  2.891603e+00 -1.000000e+01
     vertex  5.202283e+00  2.646993e+00 -1.000000e+01
   endloop
 endfacet
 facet normal -9.889196e-01 -1.484520e-01  8.093712e-05
   outer loop
     vertex  5.218637e+00  2.543498e+00  0.000000e+00
     vertex  5.182443e+00  2.784611e+00  0.000000e+00
     vertex  5.202283e+00  2.646993e+00 -1.000000e+01
   endloop
 endfacet
 facet normal -9.864799e-01 -1.638824e-01 -8.275017e-05
   outer loop
     vertex  5.218637e+00  2.543498e+00  0.000000e+00
     vertex  5.202283e+00  2.646993e+00 -1.000000e+01
     vertex  5.242750e+00  2.403402e+00 -1.000000e+01
   endloop
 endfacet
 facet normal -9.845354e-01 -1.751855e-01  8.029036e-05
   outer loop
     vertex  5.261350e+00  2.303453e+00  0.000000e+00
     vertex  5.218637e+00  2.543498e+00  0.000000e+00
     vertex  5.242750e+00  2.403402e+00 -1.000000e+01
   endloop
 endfacet
 facet normal -9.816126e-01 -1.908838e-01 -8.204951e-05
   outer loop
     vertex  5.261350e+00  2.303453e+00  0.000000e+00
     vertex  5.242750e+00  2.403402e+00 -1.000000e+01
     vertex  5.289885e+00  2.161013e+00 -1.000000e+01
   endloop
 endfacet
 facet normal -9.794287e-01 -2.017904e-01  7.953580e-05
   outer loop
     vertex  5.310550e+00  2.064653e+00  0.000000e+00
     vertex  5.261350e+00  2.303453e+00  0.000000e+00
     vertex  5.289885e+00  2.161013e+00 -1.000000e+01
   endloop
 endfacet
 facet normal -9.760065e-01 -2.177416e-01 -8.124106e-05
   outer loop
     vertex  5.310550e+00  2.064653e+00  0.000000e+00
     vertex  5.289885e+00  2.161013e+00 -1.000000e+01
     vertex  5.343652e+00  1.920008e+00 -1.000000e+01
   endloop
 endfacet
 facet normal -9.696656e-01 -2.444354e-01 -8.032482e-05
   outer loop
     vertex  5.366200e+00  1.827274e+00  0.000000e+00
     vertex  5.343652e+00  1.920008e+00 -1.000000e+01
     vertex  5.404010e+00  1.680569e+00 -1.000000e+01
   endloop
 endfacet
 facet normal -9.736032e-01 -2.282472e-01  7.867346e-05
   outer loop
     vertex  5.366200e+00  1.827274e+00  0.000000e+00
     vertex  5.310550e+00  2.064653e+00  0.000000e+00
     vertex  5.343652e+00  1.920008e+00 -1.000000e+01
   endloop
 endfacet
 facet normal -9.625947e-01 -2.709453e-01 -7.930078e-05
   outer loop
     vertex  5.428260e+00  1.591489e+00  0.000000e+00
     vertex  5.404010e+00  1.680569e+00 -1.000000e+01
     vertex  5.470915e+00  1.442875e+00 -1.000000e+01
   endloop
 endfacet
 facet normal -9.670632e-01 -2.545365e-01  7.770331e-05
   outer loop
     vertex  5.428260e+00  1.591489e+00  0.000000e+00
     vertex  5.366200e+00  1.827274e+00  0.000000e+00
     vertex  5.404010e+00  1.680569e+00 -1.000000e+01
   endloop
 endfacet
 facet normal -9.598134e-01 -2.806390e-01  7.662538e-05
   outer loop
     vertex  5.496684e+00  1.357472e+00  0.000000e+00
     vertex  5.428260e+00  1.591489e+00  0.000000e+00
     vertex  5.470915e+00  1.442875e+00 -1.000000e+01
   endloop
 endfacet
 facet normal -9.547993e-01 -2.972512e-01 -7.816895e-05
   outer loop
     vertex  5.496684e+00  1.357472e+00  0.000000e+00
     vertex  5.470915e+00  1.442875e+00 -1.000000e+01
     vertex  5.544315e+00  1.207107e+00 -1.000000e+01
   endloop
 endfacet
 facet normal -9.462851e-01 -3.233333e-01 -7.692932e-05
   outer loop
     vertex  5.571422e+00  1.125394e+00  0.000000e+00
     vertex  5.544315e+00  1.207107e+00 -1.000000e+01
     vertex  5.624155e+00  9.734412e-01 -1.000000e+01
   endloop
 endfacet
 facet normal -9.518592e-01 -3.065356e-01  7.543965e-05
   outer loop
     vertex  5.571422e+00  1.125394e+00  0.000000e+00
     vertex  5.496684e+00  1.357472e+00  0.000000e+00
     vertex  5.544315e+00  1.207107e+00 -1.000000e+01
   endloop
 endfacet
 facet normal -9.370586e-01 -3.491720e-01 -7.558191e-05
   outer loop
     vertex  5.652419e+00  8.954261e-01  0.000000e+00
     vertex  5.624155e+00  9.734412e-01 -1.000000e+01
     vertex  5.710376e+00  7.420536e-01 -1.000000e+01
   endloop
 endfacet
 facet normal -9.432065e-01 -3.322071e-01  7.414613e-05
   outer loop
     vertex  5.652419e+00  8.954261e-01  0.000000e+00
     vertex  5.571422e+00  1.125394e+00  0.000000e+00
     vertex  5.624155e+00  9.734412e-01 -1.000000e+01
   endloop
 endfacet
 facet normal -9.271267e-01 -3.747479e-01 -7.412670e-05
   outer loop
     vertex  5.739616e+00  6.677364e-01  0.000000e+00
     vertex  5.710376e+00  7.420536e-01 -1.000000e+01
     vertex  5.802913e+00  5.131185e-01 -1.000000e+01
   endloop
 endfacet
 facet normal -9.338615e-01 -3.576349e-01  7.274482e-05
   outer loop
     vertex  5.739616e+00  6.677364e-01  0.000000e+00
     vertex  5.652419e+00  8.954261e-01  0.000000e+00
     vertex  5.710376e+00  7.420536e-01 -1.000000e+01
   endloop
 endfacet
 facet normal -9.164969e-01 -4.000417e-01 -7.256369e-05
   outer loop
     vertex  5.832949e+00  4.424923e-01  0.000000e+00
     vertex  5.802913e+00  5.131185e-01 -1.000000e+01
     vertex  5.901695e+00  2.868083e-01 -1.000000e+01
   endloop
 endfacet
 facet normal -9.238312e-01 -3.828002e-01  7.123571e-05
   outer loop
     vertex  5.832949e+00  4.424923e-01  0.000000e+00
     vertex  5.739616e+00  6.677364e-01  0.000000e+00
     vertex  5.802913e+00  5.131185e-01 -1.000000e+01
   endloop
 endfacet
 facet normal -9.051772e-01 -4.250344e-01 -7.089290e-05
   outer loop
     vertex  5.932348e+00  2.198590e-01  0.000000e+00
     vertex  5.901695e+00  2.868083e-01 -1.000000e+01
     vertex  6.006648e+00  6.329315e-02 -1.000000e+01
   endloop
 endfacet
 facet normal -9.131228e-01 -4.076845e-01  6.961881e-05
   outer loop
     vertex  5.932348e+00  2.198590e-01  0.000000e+00
     vertex  5.832949e+00  4.424923e-01  0.000000e+00
     vertex  5.901695e+00  2.868083e-01 -1.000000e+01
   endloop
 endfacet
 facet normal -8.931761e-01 -4.497071e-01 -6.911431e-05
   outer loop
     vertex  6.037742e+00  3.155254e-13  0.000000e+00
     vertex  6.006648e+00  6.329315e-02 -1.000000e+01
     vertex  6.117694e+00 -1.572585e-01 -1.000000e+01
   endloop
 endfacet
 facet normal -9.017444e-01 -4.322697e-01  6.789412e-05
   outer loop
     vertex  6.037742e+00  3.155254e-13  0.000000e+00
     vertex  5.932348e+00  2.198590e-01  0.000000e+00
     vertex  6.006648e+00  6.329315e-02 -1.000000e+01
   endloop
 endfacet
 facet normal -8.805026e-01 -4.740412e-01 -6.898645e-05
   outer loop
     vertex  6.150411e+00 -2.194832e-01  0.000000e+00
     vertex  6.117694e+00 -1.572585e-01 -1.000000e+01
     vertex  6.234749e+00 -3.746808e-01 -1.000000e+01
   endloop
 endfacet
 facet normal -8.896306e-01 -4.566809e-01  6.890174e-05
   outer loop
     vertex  6.150411e+00 -2.194832e-01  0.000000e+00
     vertex  6.037742e+00  3.155254e-13  0.000000e+00
     vertex  6.117694e+00 -1.572585e-01 -1.000000e+01
   endloop
 endfacet
 facet normal -8.671664e-01 -4.980186e-01 -6.885806e-05
   outer loop
     vertex  6.269054e+00 -4.357958e-01  0.000000e+00
     vertex  6.234749e+00 -3.746808e-01 -1.000000e+01
     vertex  6.357725e+00 -5.888099e-01 -1.000000e+01
   endloop
 endfacet
 facet normal -8.767787e-01 -4.808940e-01  6.877361e-05
   outer loop
     vertex  6.269054e+00 -4.357958e-01  0.000000e+00
     vertex  6.150411e+00 -2.194832e-01  0.000000e+00
     vertex  6.234749e+00 -3.746808e-01 -1.000000e+01
   endloop
 endfacet
 facet normal -8.531773e-01 -5.216210e-01 -6.872914e-05
   outer loop
     vertex  6.393581e+00 -6.487750e-01  0.000000e+00
     vertex  6.357725e+00 -5.888099e-01 -1.000000e+01
     vertex  6.486529e+00 -7.994846e-01 -1.000000e+01
   endloop
 endfacet
 facet normal -8.632680e-01 -5.047458e-01  6.864496e-05
   outer loop
     vertex  6.393581e+00 -6.487750e-01  0.000000e+00
     vertex  6.269054e+00 -4.357958e-01  0.000000e+00
     vertex  6.357725e+00 -5.888099e-01 -1.000000e+01
   endloop
 endfacet
 facet normal -8.385460e-01 -5.448308e-01 -6.859971e-05
   outer loop
     vertex  6.523899e+00 -8.582610e-01  0.000000e+00
     vertex  6.486529e+00 -7.994846e-01 -1.000000e+01
     vertex  6.621063e+00 -1.006547e+00 -1.000000e+01
   endloop
 endfacet
 facet normal -8.491086e-01 -5.282183e-01  6.851578e-05
   outer loop
     vertex  6.523899e+00 -8.582610e-01  0.000000e+00
     vertex  6.393581e+00 -6.487750e-01  0.000000e+00
     vertex  6.486529e+00 -7.994846e-01 -1.000000e+01
   endloop
 endfacet
 facet normal -8.343111e-01 -5.512939e-01  6.838609e-05
   outer loop
     vertex  6.659911e+00 -1.064096e+00  0.000000e+00
     vertex  6.523899e+00 -8.582610e-01  0.000000e+00
     vertex  6.621063e+00 -1.006547e+00 -1.000000e+01
   endloop
 endfacet
 facet normal -8.232835e-01 -5.676304e-01 -6.846975e-05
   outer loop
     vertex  6.659911e+00 -1.064096e+00  0.000000e+00
     vertex  6.621063e+00 -1.006547e+00 -1.000000e+01
     vertex  6.761228e+00 -1.209840e+00 -1.000000e+01
   endloop
 endfacet
 facet normal -8.188867e-01 -5.739552e-01  6.825587e-05
   outer loop
     vertex  6.801513e+00 -1.266126e+00  0.000000e+00
     vertex  6.659911e+00 -1.064096e+00  0.000000e+00
     vertex  6.761228e+00 -1.209840e+00 -1.000000e+01
   endloop
 endfacet
 facet normal -8.074012e-01 -5.900028e-01 -6.833927e-05
   outer loop
     vertex  6.801513e+00 -1.266126e+00  0.000000e+00
     vertex  6.761228e+00 -1.209840e+00 -1.000000e+01
     vertex  6.906917e+00 -1.409211e+00 -1.000000e+01
   endloop
 endfacet
 facet normal -8.028470e-01 -5.961852e-01  6.812513e-05
   outer loop
     vertex  6.948599e+00 -1.464199e+00  0.000000e+00
     vertex  6.801513e+00 -1.266126e+00  0.000000e+00
     vertex  6.906917e+00 -1.409211e+00 -1.000000e+01
   endloop
 endfacet
 facet normal -7.909112e-01 -6.119310e-01 -6.820827e-05
   outer loop
     vertex  6.948599e+00 -1.464199e+00  0.000000e+00
     vertex  6.906917e+00 -1.409211e+00 -1.000000e+01
     vertex  7.058021e+00 -1.604510e+00 -1.000000e+01
   endloop
 endfacet
 facet normal -7.862039e-01 -6.179672e-01  6.799386e-05
   outer loop
     vertex  7.101060e+00 -1.658165e+00  0.000000e+00
     vertex  6.948599e+00 -1.464199e+00  0.000000e+00
     vertex  7.058021e+00 -1.604510e+00 -1.000000e+01
   endloop
 endfacet
 facet normal -7.738257e-01 -6.333986e-01 -6.807674e-05
   outer loop
     vertex  7.101060e+00 -1.658165e+00  0.000000e+00
     vertex  7.058021e+00 -1.604510e+00 -1.000000e+01
     vertex  7.214426e+00 -1.795591e+00 -1.000000e+01
   endloop
 endfacet
 facet normal -7.689701e-01 -6.392848e-01  6.786207e-05
   outer loop
     vertex  7.258779e+00 -1.847880e+00  0.000000e+00
     vertex  7.101060e+00 -1.658165e+00  0.000000e+00
     vertex  7.214426e+00 -1.795591e+00 -1.000000e+01
   endloop
 endfacet
 facet normal -7.561578e-01 -6.543893e-01 -6.794469e-05
   outer loop
     vertex  7.258779e+00 -1.847880e+00  0.000000e+00
     vertex  7.214426e+00 -1.795591e+00 -1.000000e+01
     vertex  7.376014e+00 -1.982309e+00 -1.000000e+01
   endloop
 endfacet
 facet normal -7.511584e-01 -6.601220e-01  6.772976e-05
   outer loop
     vertex  7.421640e+00 -2.033200e+00  0.000000e+00
     vertex  7.258779e+00 -1.847880e+00  0.000000e+00
     vertex  7.376014e+00 -1.982309e+00 -1.000000e+01
   endloop
 endfacet
 facet normal -7.379206e-01 -6.748875e-01 -6.781212e-05
   outer loop
     vertex  7.421640e+00 -2.033200e+00  0.000000e+00
     vertex  7.376014e+00 -1.982309e+00 -1.000000e+01
     vertex  7.542664e+00 -2.164523e+00 -1.000000e+01
   endloop
 endfacet
 facet normal -7.327822e-01 -6.804632e-01  6.759693e-05
   outer loop
     vertex  7.589519e+00 -2.213987e+00  0.000000e+00
     vertex  7.421640e+00 -2.033200e+00  0.000000e+00
     vertex  7.542664e+00 -2.164523e+00 -1.000000e+01
   endloop
 endfacet
 facet normal -7.191280e-01 -6.948776e-01 -6.767902e-05
   outer loop
     vertex  7.589519e+00 -2.213987e+00  0.000000e+00
     vertex  7.542664e+00 -2.164523e+00 -1.000000e+01
     vertex  7.714250e+00 -2.342097e+00 -1.000000e+01
   endloop
 endfacet
 facet normal -7.138554e-01 -7.002931e-01  6.746357e-05
   outer loop
     vertex  7.762290e+00 -2.390104e+00  0.000000e+00
     vertex  7.589519e+00 -2.213987e+00  0.000000e+00
     vertex  7.714250e+00 -2.342097e+00 -1.000000e+01
   endloop
 endfacet
 facet normal -6.997940e-01 -7.143447e-01 -6.754541e-05
   outer loop
     vertex  7.762290e+00 -2.390104e+00  0.000000e+00
     vertex  7.714250e+00 -2.342097e+00 -1.000000e+01
     vertex  7.890643e+00 -2.514897e+00 -1.000000e+01
   endloop
 endfacet
 facet normal -6.943922e-01 -7.195967e-01  6.732970e-05
   outer loop
     vertex  7.939824e+00 -2.561420e+00  0.000000e+00
     vertex  7.762290e+00 -2.390104e+00  0.000000e+00
     vertex  7.890643e+00 -2.514897e+00 -1.000000e+01
   endloop
 endfacet
 facet normal -6.799333e-01 -7.332740e-01 -6.741127e-05
   outer loop
     vertex  7.939824e+00 -2.561420e+00  0.000000e+00
     vertex  7.890643e+00 -2.514897e+00 -1.000000e+01
     vertex  8.071710e+00 -2.682793e+00 -1.000000e+01
   endloop
 endfacet
 facet normal -6.744072e-01 -7.383596e-01  6.719530e-05
   outer loop
     vertex  8.121987e+00 -2.727805e+00  0.000000e+00
     vertex  7.939824e+00 -2.561420e+00  0.000000e+00
     vertex  8.071710e+00 -2.682793e+00 -1.000000e+01
   endloop
 endfacet
 facet normal -6.595607e-01 -7.516513e-01 -6.727660e-05
   outer loop
     vertex  8.121987e+00 -2.727805e+00  0.000000e+00
     vertex  8.071710e+00 -2.682793e+00 -1.000000e+01
     vertex  8.257315e+00 -2.845658e+00 -1.000000e+01
   endloop
 endfacet
 facet normal -6.539154e-01 -7.565677e-01  6.706037e-05
   outer loop
     vertex  8.308642e+00 -2.889134e+00  0.000000e+00
     vertex  8.121987e+00 -2.727805e+00  0.000000e+00
     vertex  8.257315e+00 -2.845658e+00 -1.000000e+01
   endloop
 endfacet
 facet normal -6.386916e-01 -7.694628e-01 -6.714142e-05
   outer loop
     vertex  8.308642e+00 -2.889134e+00  0.000000e+00
     vertex  8.257315e+00 -2.845658e+00 -1.000000e+01
     vertex  8.447318e+00 -3.003370e+00 -1.000000e+01
   endloop
 endfacet
 facet normal -6.329322e-01 -7.742072e-01  6.692492e-05
   outer loop
     vertex  8.499648e+00 -3.045287e+00  0.000000e+00
     vertex  8.308642e+00 -2.889134e+00  0.000000e+00
     vertex  8.447318e+00 -3.003370e+00 -1.000000e+01
   endloop
 endfacet
 facet normal -6.173417e-01 -7.866951e-01 -6.700571e-05
   outer loop
     vertex  8.499648e+00 -3.045287e+00  0.000000e+00
     vertex  8.447318e+00 -3.003370e+00 -1.000000e+01
     vertex  8.641577e+00 -3.155810e+00 -1.000000e+01
   endloop
 endfacet
 facet normal -6.114734e-01 -7.912650e-01  6.678896e-05
   outer loop
     vertex  8.694864e+00 -3.196145e+00  0.000000e+00
     vertex  8.499648e+00 -3.045287e+00  0.000000e+00
     vertex  8.641577e+00 -3.155810e+00 -1.000000e+01
   endloop
 endfacet
 facet normal -5.955271e-01 -8.033352e-01 -6.686948e-05
   outer loop
     vertex  8.694864e+00 -3.196145e+00  0.000000e+00
     vertex  8.641577e+00 -3.155810e+00 -1.000000e+01
     vertex  8.839944e+00 -3.302863e+00 -1.000000e+01
   endloop
 endfacet
 facet normal -5.895552e-01 -8.077281e-01  6.665246e-05
   outer loop
     vertex  8.894140e+00 -3.341596e+00  0.000000e+00
     vertex  8.694864e+00 -3.196145e+00  0.000000e+00
     vertex  8.839944e+00 -3.302863e+00 -1.000000e+01
   endloop
 endfacet
 facet normal -5.732642e-01 -8.193706e-01 -6.673273e-05
   outer loop
     vertex  8.894140e+00 -3.341596e+00  0.000000e+00
     vertex  8.839944e+00 -3.302863e+00 -1.000000e+01
     vertex  9.042271e+00 -3.444419e+00 -1.000000e+01
   endloop
 endfacet
 facet normal -5.671938e-01 -8.235843e-01  6.651545e-05
   outer loop
     vertex  9.097329e+00 -3.481530e+00  0.000000e+00
     vertex  8.894140e+00 -3.341596e+00  0.000000e+00
     vertex  9.042271e+00 -3.444419e+00 -1.000000e+01
   endloop
 endfacet
 facet normal -5.505698e-01 -8.347891e-01 -6.659545e-05
   outer loop
     vertex  9.097329e+00 -3.481530e+00  0.000000e+00
     vertex  9.042271e+00 -3.444419e+00 -1.000000e+01
     vertex  9.248405e+00 -3.580371e+00 -1.000000e+01
   endloop
 endfacet
 facet normal -5.444063e-01 -8.388216e-01  6.637791e-05
   outer loop
     vertex  9.304277e+00 -3.615842e+00  0.000000e+00
     vertex  9.097329e+00 -3.481530e+00  0.000000e+00
     vertex  9.248405e+00 -3.580371e+00 -1.000000e+01
   endloop
 endfacet
 facet normal -5.274609e-01 -8.495793e-01 -6.645765e-05
   outer loop
     vertex  9.304277e+00 -3.615842e+00  0.000000e+00
     vertex  9.248405e+00 -3.580371e+00 -1.000000e+01
     vertex  9.458191e+00 -3.710617e+00 -1.000000e+01
   endloop
 endfacet
 facet normal -5.212097e-01 -8.534286e-01  6.623985e-05
   outer loop
     vertex  9.514829e+00 -3.744431e+00  0.000000e+00
     vertex  9.304277e+00 -3.615842e+00  0.000000e+00
     vertex  9.458191e+00 -3.710617e+00 -1.000000e+01
   endloop
 endfacet
 facet normal -5.039550e-01 -8.637299e-01 -6.631933e-05
   outer loop
     vertex  9.514829e+00 -3.744431e+00  0.000000e+00
     vertex  9.458191e+00 -3.710617e+00 -1.000000e+01
     vertex  9.671472e+00 -3.835058e+00 -1.000000e+01
   endloop
 endfacet
 facet normal -4.976214e-01 -8.673943e-01  6.610127e-05
   outer loop
     vertex  9.728826e+00 -3.867200e+00  0.000000e+00
     vertex  9.514829e+00 -3.744431e+00  0.000000e+00
     vertex  9.671472e+00 -3.835058e+00 -1.000000e+01
   endloop
 endfacet
 facet normal -4.800697e-01 -8.772303e-01 -6.618049e-05
   outer loop
     vertex  9.728826e+00 -3.867200e+00  0.000000e+00
     vertex  9.671472e+00 -3.835058e+00 -1.000000e+01
     vertex  9.888086e+00 -3.953602e+00 -1.000000e+01
   endloop
 endfacet
 facet normal -4.736592e-01 -8.807082e-01  6.596216e-05
   outer loop
     vertex  9.946108e+00 -3.984058e+00  0.000000e+00
     vertex  9.728826e+00 -3.867200e+00  0.000000e+00
     vertex  9.888086e+00 -3.953602e+00 -1.000000e+01
   endloop
 endfacet
 facet normal -4.558231e-01 -8.900704e-01 -6.604112e-05
   outer loop
     vertex  9.946108e+00 -3.984058e+00  0.000000e+00
     vertex  9.888086e+00 -3.953602e+00 -1.000000e+01
     vertex  1.010787e+01 -4.066158e+00 -1.000000e+01
   endloop
 endfacet
 facet normal -4.493411e-01 -8.933603e-01  6.582254e-05
   outer loop
     vertex  1.016651e+01 -4.094916e+00  0.000000e+00
     vertex  9.946108e+00 -3.984058e+00  0.000000e+00
     vertex  1.010787e+01 -4.066158e+00 -1.000000e+01
   endloop
 endfacet
 facet normal -4.312333e-01 -9.022405e-01 -6.590123e-05
   outer loop
     vertex  1.016651e+01 -4.094916e+00  0.000000e+00
     vertex  1.010787e+01 -4.066158e+00 -1.000000e+01
     vertex  1.033066e+01 -4.172642e+00 -1.000000e+01
   endloop
 endfacet
 facet normal -4.246853e-01 -9.053410e-01  6.568239e-05
   outer loop
     vertex  1.038987e+01 -4.199692e+00  0.000000e+00
     vertex  1.016651e+01 -4.094916e+00  0.000000e+00
     vertex  1.033066e+01 -4.172642e+00 -1.000000e+01
   endloop
 endfacet
 facet normal -4.063188e-01 -9.137314e-01 -6.576082e-05
   outer loop
     vertex  1.038987e+01 -4.199692e+00  0.000000e+00
     vertex  1.033066e+01 -4.172642e+00 -1.000000e+01
     vertex  1.055629e+01 -4.272974e+00 -1.000000e+01
   endloop
 endfacet
 facet normal -3.810986e-01 -9.245344e-01 -6.561989e-05
   outer loop
     vertex  1.061602e+01 -4.298305e+00  0.000000e+00
     vertex  1.055629e+01 -4.272974e+00 -1.000000e+01
     vertex  1.078458e+01 -4.367079e+00 -1.000000e+01
   endloop
 endfacet
 facet normal -3.997104e-01 -9.166415e-01  6.554171e-05
   outer loop
     vertex  1.061602e+01 -4.298305e+00  0.000000e+00
     vertex  1.038987e+01 -4.199692e+00  0.000000e+00
     vertex  1.055629e+01 -4.272974e+00 -1.000000e+01
   endloop
 endfacet
 facet normal -3.555914e-01 -9.346415e-01 -6.547843e-05
   outer loop
     vertex  1.084478e+01 -4.390683e+00  0.000000e+00
     vertex  1.078458e+01 -4.367079e+00 -1.000000e+01
     vertex  1.101537e+01 -4.454885e+00 -1.000000e+01
   endloop
 endfacet
 facet normal -3.744351e-01 -9.272531e-01  6.540052e-05
   outer loop
     vertex  1.084478e+01 -4.390683e+00  0.000000e+00
     vertex  1.061602e+01 -4.298305e+00  0.000000e+00
     vertex  1.078458e+01 -4.367079e+00 -1.000000e+01
   endloop
 endfacet
 facet normal -3.298166e-01 -9.440450e-01 -6.533645e-05
   outer loop
     vertex  1.107599e+01 -4.476756e+00  0.000000e+00
     vertex  1.101537e+01 -4.454885e+00 -1.000000e+01
     vertex  1.124849e+01 -4.536327e+00 -1.000000e+01
   endloop
 endfacet
 facet normal -3.488784e-01 -9.371680e-01  6.525880e-05
   outer loop
     vertex  1.107599e+01 -4.476756e+00  0.000000e+00
     vertex  1.084478e+01 -4.390683e+00  0.000000e+00
     vertex  1.101537e+01 -4.454885e+00 -1.000000e+01
   endloop
 endfacet
 facet normal -3.037934e-01 -9.527379e-01 -6.519395e-05
   outer loop
     vertex  1.130948e+01 -4.556459e+00  0.000000e+00
     vertex  1.124849e+01 -4.536327e+00 -1.000000e+01
     vertex  1.148375e+01 -4.611342e+00 -1.000000e+01
   endloop
 endfacet
 facet normal -3.230596e-01 -9.463786e-01  6.511656e-05
   outer loop
     vertex  1.130948e+01 -4.556459e+00  0.000000e+00
     vertex  1.107599e+01 -4.476756e+00  0.000000e+00
     vertex  1.124849e+01 -4.536327e+00 -1.000000e+01
   endloop
 endfacet
 facet normal -2.969980e-01 -9.548781e-01  6.497379e-05
   outer loop
     vertex  1.154506e+01 -4.629732e+00  0.000000e+00
     vertex  1.130948e+01 -4.556459e+00  0.000000e+00
     vertex  1.148375e+01 -4.611342e+00 -1.000000e+01
   endloop
 endfacet
 facet normal -2.775416e-01 -9.607136e-01 -6.505092e-05
   outer loop
     vertex  1.154506e+01 -4.629732e+00  0.000000e+00
     vertex  1.148375e+01 -4.611342e+00 -1.000000e+01
     vertex  1.172097e+01 -4.679875e+00 -1.000000e+01
   endloop
 endfacet
 facet normal -2.707133e-01 -9.626600e-01  6.483050e-05
   outer loop
     vertex  1.178256e+01 -4.696521e+00  0.000000e+00
     vertex  1.154506e+01 -4.629732e+00  0.000000e+00
     vertex  1.172097e+01 -4.679875e+00 -1.000000e+01
   endloop
 endfacet
 facet normal -2.510809e-01 -9.679661e-01 -6.490737e-05
   outer loop
     vertex  1.178256e+01 -4.696521e+00  0.000000e+00
     vertex  1.172097e+01 -4.679875e+00 -1.000000e+01
     vertex  1.195999e+01 -4.741875e+00 -1.000000e+01
   endloop
 endfacet
 facet normal -2.442251e-01 -9.697186e-01  6.468670e-05
   outer loop
     vertex  1.202180e+01 -4.756774e+00  0.000000e+00
     vertex  1.178256e+01 -4.696521e+00  0.000000e+00
     vertex  1.195999e+01 -4.741875e+00 -1.000000e+01
   endloop
 endfacet
 facet normal -2.244312e-01 -9.744899e-01 -6.476330e-05
   outer loop
     vertex  1.202180e+01 -4.756774e+00  0.000000e+00
     vertex  1.195999e+01 -4.741875e+00 -1.000000e+01
     vertex  1.220062e+01 -4.797294e+00 -1.000000e+01
   endloop
 endfacet
 facet normal -2.175534e-01 -9.760484e-01  6.454236e-05
   outer loop
     vertex  1.226261e+01 -4.810447e+00  0.000000e+00
     vertex  1.202180e+01 -4.756774e+00  0.000000e+00
     vertex  1.220062e+01 -4.797294e+00 -1.000000e+01
   endloop
 endfacet
 facet normal -1.976125e-01 -9.802802e-01 -6.461871e-05
   outer loop
     vertex  1.226261e+01 -4.810447e+00  0.000000e+00
     vertex  1.220062e+01 -4.797294e+00 -1.000000e+01
     vertex  1.244268e+01 -4.846090e+00 -1.000000e+01
   endloop
 endfacet
 facet normal -1.907182e-01 -9.816448e-01  6.439751e-05
   outer loop
     vertex  1.250479e+01 -4.857500e+00  0.000000e+00
     vertex  1.226261e+01 -4.810447e+00  0.000000e+00
     vertex  1.244268e+01 -4.846090e+00 -1.000000e+01
   endloop
 endfacet
 facet normal -1.706451e-01 -9.853326e-01 -6.447359e-05
   outer loop
     vertex  1.250479e+01 -4.857500e+00  0.000000e+00
     vertex  1.244268e+01 -4.846090e+00 -1.000000e+01
     vertex  1.268599e+01 -4.888227e+00 -1.000000e+01
   endloop
 endfacet
 facet normal -1.637397e-01 -9.865036e-01  6.425213e-05
   outer loop
     vertex  1.274817e+01 -4.897897e+00  0.000000e+00
     vertex  1.250479e+01 -4.857500e+00  0.000000e+00
     vertex  1.268599e+01 -4.888227e+00 -1.000000e+01
   endloop
 endfacet
 facet normal -1.435492e-01 -9.896432e-01 -6.432795e-05
   outer loop
     vertex  1.274817e+01 -4.897897e+00  0.000000e+00
     vertex  1.268599e+01 -4.888227e+00 -1.000000e+01
     vertex  1.293036e+01 -4.923674e+00 -1.000000e+01
   endloop
 endfacet
 facet normal -1.366382e-01 -9.906210e-01  6.410623e-05
   outer loop
     vertex  1.299257e+01 -4.931607e+00  0.000000e+00
     vertex  1.274817e+01 -4.897897e+00  0.000000e+00
     vertex  1.293036e+01 -4.923674e+00 -1.000000e+01
   endloop
 endfacet
 facet normal -1.163452e-01 -9.932088e-01 -6.418179e-05
   outer loop
     vertex  1.299257e+01 -4.931607e+00  0.000000e+00
     vertex  1.293036e+01 -4.923674e+00 -1.000000e+01
     vertex  1.317562e+01 -4.952403e+00 -1.000000e+01
   endloop
 endfacet
 facet normal -1.094340e-01 -9.939941e-01  6.395981e-05
   outer loop
     vertex  1.323780e+01 -4.958606e+00  0.000000e+00
     vertex  1.299257e+01 -4.931607e+00  0.000000e+00
     vertex  1.317562e+01 -4.952403e+00 -1.000000e+01
   endloop
 endfacet
 facet normal -8.905371e-02 -9.960268e-01 -6.403511e-05
   outer loop
     vertex  1.323780e+01 -4.958606e+00  0.000000e+00
     vertex  1.317562e+01 -4.952403e+00 -1.000000e+01
     vertex  1.342157e+01 -4.974393e+00 -1.000000e+01
   endloop
 endfacet
 facet normal -8.214750e-02 -9.966202e-01  6.381286e-05
   outer loop
     vertex  1.348368e+01 -4.978873e+00  0.000000e+00
     vertex  1.323780e+01 -4.958606e+00  0.000000e+00
     vertex  1.342157e+01 -4.974393e+00 -1.000000e+01
   endloop
 endfacet
 facet normal -6.169515e-02 -9.980950e-01 -6.388790e-05
   outer loop
     vertex  1.348368e+01 -4.978873e+00  0.000000e+00
     vertex  1.342157e+01 -4.974393e+00 -1.000000e+01
     vertex  1.366803e+01 -4.989627e+00 -1.000000e+01
   endloop
 endfacet
 facet normal -5.479932e-02 -9.984974e-01  6.366539e-05
   outer loop
     vertex  1.373002e+01 -4.992392e+00  0.000000e+00
     vertex  1.348368e+01 -4.978873e+00  0.000000e+00
     vertex  1.366803e+01 -4.989627e+00 -1.000000e+01
   endloop
 endfacet
 facet normal -3.429014e-02 -9.994119e-01 -6.374017e-05
   outer loop
     vertex  1.373002e+01 -4.992392e+00  0.000000e+00
     vertex  1.366803e+01 -4.989627e+00 -1.000000e+01
     vertex  1.391481e+01 -4.998095e+00 -1.000000e+01
   endloop
 endfacet
 facet normal -6.859319e-03 -9.999765e-01 -6.359192e-05
   outer loop
     vertex  1.397664e+01 -4.999155e+00  0.000000e+00
     vertex  1.391481e+01 -4.998095e+00 -1.000000e+01
     vertex  1.416173e+01 -4.999788e+00 -1.000000e+01
   endloop
 endfacet
 facet normal -2.740996e-02 -9.996243e-01  6.351740e-05
   outer loop
     vertex  1.397664e+01 -4.999155e+00  0.000000e+00
     vertex  1.373002e+01 -4.992392e+00  0.000000e+00
     vertex  1.391481e+01 -4.998095e+00 -1.000000e+01
   endloop
 endfacet
 facet normal  2.057667e-02 -9.997883e-01 -6.344314e-05
   outer loop
     vertex  1.422336e+01 -4.999155e+00  0.000000e+00
     vertex  1.416173e+01 -4.999788e+00 -1.000000e+01
     vertex  1.440861e+01 -4.994707e+00 -1.000000e+01
   endloop
 endfacet
 facet normal -3.600050e-14 -1.000000e+00  6.336889e-05
   outer loop
     vertex  1.422336e+01 -4.999155e+00  0.000000e+00
     vertex  1.397664e+01 -4.999155e+00  0.000000e+00
     vertex  1.416173e+01 -4.999788e+00 -1.000000e+01
   endloop
 endfacet
 facet normal  4.799716e-02 -9.988475e-01 -6.329384e-05
   outer loop
     vertex  1.446998e+01 -4.992392e+00  0.000000e+00
     vertex  1.440861e+01 -4.994707e+00 -1.000000e+01
     vertex  1.465526e+01 -4.982855e+00 -1.000000e+01
   endloop
 endfacet
 facet normal  2.740996e-02 -9.996243e-01  6.321985e-05
   outer loop
     vertex  1.446998e+01 -4.992392e+00  0.000000e+00
     vertex  1.422336e+01 -4.999155e+00  0.000000e+00
     vertex  1.440861e+01 -4.994707e+00 -1.000000e+01
   endloop
 endfacet
 facet normal  7.538152e-02 -9.971548e-01 -6.314402e-05
   outer loop
     vertex  1.471632e+01 -4.978873e+00  0.000000e+00
     vertex  1.465526e+01 -4.982855e+00 -1.000000e+01
     vertex  1.490148e+01 -4.964241e+00 -1.000000e+01
   endloop
 endfacet
 facet normal  5.479932e-02 -9.984974e-01  6.307029e-05
   outer loop
     vertex  1.471632e+01 -4.978873e+00  0.000000e+00
     vertex  1.446998e+01 -4.992392e+00  0.000000e+00
     vertex  1.465526e+01 -4.982855e+00 -1.000000e+01
   endloop
 endfacet
 facet normal  1.027091e-01 -9.947114e-01 -6.299368e-05
   outer loop
     vertex  1.496220e+01 -4.958606e+00  0.000000e+00
     vertex  1.490148e+01 -4.964241e+00 -1.000000e+01
     vertex  1.514711e+01 -4.938879e+00 -1.000000e+01
   endloop
 endfacet
 facet normal  8.214750e-02 -9.966202e-01  6.292021e-05
   outer loop
     vertex  1.496220e+01 -4.958606e+00  0.000000e+00
     vertex  1.471632e+01 -4.978873e+00  0.000000e+00
     vertex  1.490148e+01 -4.964241e+00 -1.000000e+01
   endloop
 endfacet
 facet normal  1.299594e-01 -9.915193e-01 -6.284281e-05
   outer loop
     vertex  1.520743e+01 -4.931607e+00  0.000000e+00
     vertex  1.514711e+01 -4.938879e+00 -1.000000e+01
     vertex  1.539194e+01 -4.906789e+00 -1.000000e+01
   endloop
 endfacet
 facet normal  1.094340e-01 -9.939941e-01  6.276961e-05
   outer loop
     vertex  1.520743e+01 -4.931607e+00  0.000000e+00
     vertex  1.496220e+01 -4.958606e+00  0.000000e+00
     vertex  1.514711e+01 -4.938879e+00 -1.000000e+01
   endloop
 endfacet
 facet normal  1.571119e-01 -9.875808e-01 -6.269143e-05
   outer loop
     vertex  1.545183e+01 -4.897897e+00  0.000000e+00
     vertex  1.539194e+01 -4.906789e+00 -1.000000e+01
     vertex  1.563581e+01 -4.867993e+00 -1.000000e+01
   endloop
 endfacet
 facet normal  1.366382e-01 -9.906210e-01  6.261848e-05
   outer loop
     vertex  1.545183e+01 -4.897897e+00  0.000000e+00
     vertex  1.520743e+01 -4.931607e+00  0.000000e+00
     vertex  1.539194e+01 -4.906789e+00 -1.000000e+01
   endloop
 endfacet
 facet normal  1.841461e-01 -9.828989e-01 -6.253951e-05
   outer loop
     vertex  1.569521e+01 -4.857500e+00  0.000000e+00
     vertex  1.563581e+01 -4.867993e+00 -1.000000e+01
     vertex  1.587851e+01 -4.822522e+00 -1.000000e+01
   endloop
 endfacet
 facet normal  1.637397e-01 -9.865036e-01  6.246683e-05
   outer loop
     vertex  1.569521e+01 -4.857500e+00  0.000000e+00
     vertex  1.545183e+01 -4.897897e+00  0.000000e+00
     vertex  1.563581e+01 -4.867993e+00 -1.000000e+01
   endloop
 endfacet
 facet normal  2.110417e-01 -9.774771e-01 -6.238708e-05
   outer loop
     vertex  1.593739e+01 -4.810447e+00  0.000000e+00
     vertex  1.587851e+01 -4.822522e+00 -1.000000e+01
     vertex  1.611988e+01 -4.770409e+00 -1.000000e+01
   endloop
 endfacet
 facet normal  1.907182e-01 -9.816448e-01  6.231466e-05
   outer loop
     vertex  1.593739e+01 -4.810447e+00  0.000000e+00
     vertex  1.569521e+01 -4.857500e+00  0.000000e+00
     vertex  1.587851e+01 -4.822522e+00 -1.000000e+01
   endloop
 endfacet
 facet normal  2.377784e-01 -9.713194e-01 -6.223412e-05
   outer loop
     vertex  1.617820e+01 -4.756774e+00  0.000000e+00
     vertex  1.611988e+01 -4.770409e+00 -1.000000e+01
     vertex  1.635973e+01 -4.711695e+00 -1.000000e+01
   endloop
 endfacet
 facet normal  2.175534e-01 -9.760484e-01  6.216196e-05
   outer loop
     vertex  1.617820e+01 -4.756774e+00  0.000000e+00
     vertex  1.593739e+01 -4.810447e+00  0.000000e+00
     vertex  1.611988e+01 -4.770409e+00 -1.000000e+01
   endloop
 endfacet
 facet normal  2.643362e-01 -9.644306e-01 -6.208064e-05
   outer loop
     vertex  1.641744e+01 -4.696521e+00  0.000000e+00
     vertex  1.635973e+01 -4.711695e+00 -1.000000e+01
     vertex  1.659787e+01 -4.646422e+00 -1.000000e+01
   endloop
 endfacet
 facet normal  2.442251e-01 -9.697186e-01  6.200874e-05
   outer loop
     vertex  1.641744e+01 -4.696521e+00  0.000000e+00
     vertex  1.617820e+01 -4.756774e+00  0.000000e+00
     vertex  1.635973e+01 -4.711695e+00 -1.000000e+01
   endloop
 endfacet
 facet normal  2.906949e-01 -9.568158e-01 -6.192664e-05
   outer loop
     vertex  1.665494e+01 -4.629732e+00  0.000000e+00
     vertex  1.659787e+01 -4.646422e+00 -1.000000e+01
     vertex  1.683414e+01 -4.574641e+00 -1.000000e+01
   endloop
 endfacet
 facet normal  2.707133e-01 -9.626600e-01  6.185500e-05
   outer loop
     vertex  1.665494e+01 -4.629732e+00  0.000000e+00
     vertex  1.641744e+01 -4.696521e+00  0.000000e+00
     vertex  1.659787e+01 -4.646422e+00 -1.000000e+01
   endloop
 endfacet
 facet normal  3.168348e-01 -9.484807e-01 -6.177212e-05
   outer loop
     vertex  1.689052e+01 -4.556459e+00  0.000000e+00
     vertex  1.683414e+01 -4.574641e+00 -1.000000e+01
     vertex  1.706835e+01 -4.496405e+00 -1.000000e+01
   endloop
 endfacet
 facet normal  2.969980e-01 -9.548781e-01  6.170074e-05
   outer loop
     vertex  1.689052e+01 -4.556459e+00  0.000000e+00
     vertex  1.665494e+01 -4.629732e+00  0.000000e+00
     vertex  1.683414e+01 -4.574641e+00 -1.000000e+01
   endloop
 endfacet
 facet normal  3.427362e-01 -9.394317e-01 -6.161707e-05
   outer loop
     vertex  1.712401e+01 -4.476756e+00  0.000000e+00
     vertex  1.706835e+01 -4.496405e+00 -1.000000e+01
     vertex  1.730032e+01 -4.411774e+00 -1.000000e+01
   endloop
 endfacet
 facet normal  3.230596e-01 -9.463786e-01  6.154595e-05
   outer loop
     vertex  1.712401e+01 -4.476756e+00  0.000000e+00
     vertex  1.689052e+01 -4.556459e+00  0.000000e+00
     vertex  1.706835e+01 -4.496405e+00 -1.000000e+01
   endloop
 endfacet
 facet normal  3.683796e-01 -9.296754e-01 -6.146150e-05
   outer loop
     vertex  1.735522e+01 -4.390683e+00  0.000000e+00
     vertex  1.730032e+01 -4.411774e+00 -1.000000e+01
     vertex  1.752989e+01 -4.320810e+00 -1.000000e+01
   endloop
 endfacet
 facet normal  3.488784e-01 -9.371680e-01  6.139064e-05
   outer loop
     vertex  1.735522e+01 -4.390683e+00  0.000000e+00
     vertex  1.712401e+01 -4.476756e+00  0.000000e+00
     vertex  1.730032e+01 -4.411774e+00 -1.000000e+01
   endloop
 endfacet
 facet normal  3.744351e-01 -9.272531e-01  6.123481e-05
   outer loop
     vertex  1.758398e+01 -4.298305e+00  0.000000e+00
     vertex  1.735522e+01 -4.390683e+00  0.000000e+00
     vertex  1.752989e+01 -4.320810e+00 -1.000000e+01
   endloop
 endfacet
 facet normal  3.937458e-01 -9.192194e-01 -6.130541e-05
   outer loop
     vertex  1.758398e+01 -4.298305e+00  0.000000e+00
     vertex  1.752989e+01 -4.320810e+00 -1.000000e+01
     vertex  1.775687e+01 -4.223582e+00 -1.000000e+01
   endloop
 endfacet
 facet normal  3.997104e-01 -9.166415e-01  6.107846e-05
   outer loop
     vertex  1.781013e+01 -4.199692e+00  0.000000e+00
     vertex  1.758398e+01 -4.298305e+00  0.000000e+00
     vertex  1.775687e+01 -4.223582e+00 -1.000000e+01
   endloop
 endfacet
 facet normal  4.188155e-01 -9.080714e-01 -6.114879e-05
   outer loop
     vertex  1.781013e+01 -4.199692e+00  0.000000e+00
     vertex  1.775687e+01 -4.223582e+00 -1.000000e+01
     vertex  1.798110e+01 -4.120164e+00 -1.000000e+01
   endloop
 endfacet
 facet normal  4.246853e-01 -9.053410e-01  6.092158e-05
   outer loop
     vertex  1.803349e+01 -4.094916e+00  0.000000e+00
     vertex  1.781013e+01 -4.199692e+00  0.000000e+00
     vertex  1.798110e+01 -4.120164e+00 -1.000000e+01
   endloop
 endfacet
 facet normal  4.435699e-01 -8.962398e-01 -6.099165e-05
   outer loop
     vertex  1.803349e+01 -4.094916e+00  0.000000e+00
     vertex  1.798110e+01 -4.120164e+00 -1.000000e+01
     vertex  1.820241e+01 -4.010634e+00 -1.000000e+01
   endloop
 endfacet
 facet normal  4.493411e-01 -8.933603e-01  6.076418e-05
   outer loop
     vertex  1.825389e+01 -3.984058e+00  0.000000e+00
     vertex  1.803349e+01 -4.094916e+00  0.000000e+00
     vertex  1.820241e+01 -4.010634e+00 -1.000000e+01
   endloop
 endfacet
 facet normal  4.679904e-01 -8.837335e-01 -6.083399e-05
   outer loop
     vertex  1.825389e+01 -3.984058e+00  0.000000e+00
     vertex  1.820241e+01 -4.010634e+00 -1.000000e+01
     vertex  1.842063e+01 -3.895073e+00 -1.000000e+01
   endloop
 endfacet
 facet normal  4.920587e-01 -8.705620e-01 -6.067581e-05
   outer loop
     vertex  1.847117e+01 -3.867200e+00  0.000000e+00
     vertex  1.842063e+01 -3.895073e+00 -1.000000e+01
     vertex  1.863560e+01 -3.773569e+00 -1.000000e+01
   endloop
 endfacet
 facet normal  4.736592e-01 -8.807082e-01  6.060626e-05
   outer loop
     vertex  1.847117e+01 -3.867200e+00  0.000000e+00
     vertex  1.825389e+01 -3.984058e+00  0.000000e+00
     vertex  1.842063e+01 -3.895073e+00 -1.000000e+01
   endloop
 endfacet
 facet normal  4.976214e-01 -8.673943e-01  6.044781e-05
   outer loop
     vertex  1.868517e+01 -3.744431e+00  0.000000e+00
     vertex  1.847117e+01 -3.867200e+00  0.000000e+00
     vertex  1.863560e+01 -3.773569e+00 -1.000000e+01
   endloop
 endfacet
 facet normal  5.157565e-01 -8.567352e-01 -6.051710e-05
   outer loop
     vertex  1.868517e+01 -3.744431e+00  0.000000e+00
     vertex  1.863560e+01 -3.773569e+00 -1.000000e+01
     vertex  1.884715e+01 -3.646214e+00 -1.000000e+01
   endloop
 endfacet
 facet normal  5.390661e-01 -8.422635e-01 -6.035787e-05
   outer loop
     vertex  1.889572e+01 -3.615842e+00  0.000000e+00
     vertex  1.884715e+01 -3.646214e+00 -1.000000e+01
     vertex  1.905513e+01 -3.513102e+00 -1.000000e+01
   endloop
 endfacet
 facet normal  5.212097e-01 -8.534286e-01  6.028885e-05
   outer loop
     vertex  1.889572e+01 -3.615842e+00  0.000000e+00
     vertex  1.868517e+01 -3.744431e+00  0.000000e+00
     vertex  1.884715e+01 -3.646214e+00 -1.000000e+01
   endloop
 endfacet
 facet normal  5.619699e-01 -8.271577e-01 -6.019812e-05
   outer loop
     vertex  1.910267e+01 -3.481530e+00  0.000000e+00
     vertex  1.905513e+01 -3.513102e+00 -1.000000e+01
     vertex  1.925938e+01 -3.374335e+00 -1.000000e+01
   endloop
 endfacet
 facet normal  5.444063e-01 -8.388216e-01  6.012936e-05
   outer loop
     vertex  1.910267e+01 -3.481530e+00  0.000000e+00
     vertex  1.889572e+01 -3.615842e+00  0.000000e+00
     vertex  1.905513e+01 -3.513102e+00 -1.000000e+01
   endloop
 endfacet
 facet normal  5.844507e-01 -8.114292e-01 -6.003785e-05
   outer loop
     vertex  1.930586e+01 -3.341596e+00  0.000000e+00
     vertex  1.925938e+01 -3.374335e+00 -1.000000e+01
     vertex  1.945974e+01 -3.230017e+00 -1.000000e+01
   endloop
 endfacet
 facet normal  5.671938e-01 -8.235843e-01  5.996934e-05
   outer loop
     vertex  1.930586e+01 -3.341596e+00  0.000000e+00
     vertex  1.910267e+01 -3.481530e+00  0.000000e+00
     vertex  1.925938e+01 -3.374335e+00 -1.000000e+01
   endloop
 endfacet
 facet normal  6.064915e-01 -7.950900e-01 -5.987705e-05
   outer loop
     vertex  1.950514e+01 -3.196145e+00  0.000000e+00
     vertex  1.945974e+01 -3.230017e+00 -1.000000e+01
     vertex  1.965608e+01 -3.080256e+00 -1.000000e+01
   endloop
 endfacet
 facet normal  5.895552e-01 -8.077281e-01  5.980881e-05
   outer loop
     vertex  1.950514e+01 -3.196145e+00  0.000000e+00
     vertex  1.930586e+01 -3.341596e+00  0.000000e+00
     vertex  1.945974e+01 -3.230017e+00 -1.000000e+01
   endloop
 endfacet
 facet normal  6.280757e-01 -7.781522e-01 -5.971573e-05
   outer loop
     vertex  1.970035e+01 -3.045287e+00  0.000000e+00
     vertex  1.965608e+01 -3.080256e+00 -1.000000e+01
     vertex  1.984822e+01 -2.925166e+00 -1.000000e+01
   endloop
 endfacet
 facet normal  6.114734e-01 -7.912650e-01  5.964775e-05
   outer loop
     vertex  1.970035e+01 -3.045287e+00  0.000000e+00
     vertex  1.950514e+01 -3.196145e+00  0.000000e+00
     vertex  1.965608e+01 -3.080256e+00 -1.000000e+01
   endloop
 endfacet
 facet normal  6.491872e-01 -7.606287e-01 -5.955389e-05
   outer loop
     vertex  1.989136e+01 -2.889134e+00  0.000000e+00
     vertex  1.984822e+01 -2.925166e+00 -1.000000e+01
     vertex  2.003605e+01 -2.764862e+00 -1.000000e+01
   endloop
 endfacet
 facet normal  6.329322e-01 -7.742072e-01  5.948617e-05
   outer loop
     vertex  1.989136e+01 -2.889134e+00  0.000000e+00
     vertex  1.970035e+01 -3.045287e+00  0.000000e+00
     vertex  1.984822e+01 -2.925166e+00 -1.000000e+01
   endloop
 endfacet
 facet normal  6.698100e-01 -7.425325e-01 -5.939152e-05
   outer loop
     vertex  2.007801e+01 -2.727805e+00  0.000000e+00
     vertex  2.003605e+01 -2.764862e+00 -1.000000e+01
     vertex  2.021940e+01 -2.599466e+00 -1.000000e+01
   endloop
 endfacet
 facet normal  6.539154e-01 -7.565677e-01  5.932407e-05
   outer loop
     vertex  2.007801e+01 -2.727805e+00  0.000000e+00
     vertex  1.989136e+01 -2.889134e+00  0.000000e+00
     vertex  2.003605e+01 -2.764862e+00 -1.000000e+01
   endloop
 endfacet
 facet normal  6.899286e-01 -7.238775e-01 -5.922864e-05
   outer loop
     vertex  2.026018e+01 -2.561420e+00  0.000000e+00
     vertex  2.021940e+01 -2.599466e+00 -1.000000e+01
     vertex  2.039815e+01 -2.429102e+00 -1.000000e+01
   endloop
 endfacet
 facet normal  6.744072e-01 -7.383596e-01  5.916144e-05
   outer loop
     vertex  2.026018e+01 -2.561420e+00  0.000000e+00
     vertex  2.007801e+01 -2.727805e+00  0.000000e+00
     vertex  2.021940e+01 -2.599466e+00 -1.000000e+01
   endloop
 endfacet
 facet normal  7.095278e-01 -7.046775e-01 -5.906523e-05
   outer loop
     vertex  2.043771e+01 -2.390104e+00  0.000000e+00
     vertex  2.039815e+01 -2.429102e+00 -1.000000e+01
     vertex  2.057215e+01 -2.253899e+00 -1.000000e+01
   endloop
 endfacet
 facet normal  6.943922e-01 -7.195967e-01  5.899829e-05
   outer loop
     vertex  2.043771e+01 -2.390104e+00  0.000000e+00
     vertex  2.026018e+01 -2.561420e+00  0.000000e+00
     vertex  2.039815e+01 -2.429102e+00 -1.000000e+01
   endloop
 endfacet
 facet normal  7.285929e-01 -6.849470e-01 -5.890129e-05
   outer loop
     vertex  2.061048e+01 -2.213987e+00  0.000000e+00
     vertex  2.057215e+01 -2.253899e+00 -1.000000e+01
     vertex  2.074129e+01 -2.073988e+00 -1.000000e+01
   endloop
 endfacet
 facet normal  7.138554e-01 -7.002931e-01  5.883462e-05
   outer loop
     vertex  2.061048e+01 -2.213987e+00  0.000000e+00
     vertex  2.043771e+01 -2.390104e+00  0.000000e+00
     vertex  2.057215e+01 -2.253899e+00 -1.000000e+01
   endloop
 endfacet
 facet normal  7.471095e-01 -6.647010e-01 -5.873684e-05
   outer loop
     vertex  2.077836e+01 -2.033200e+00  0.000000e+00
     vertex  2.074129e+01 -2.073988e+00 -1.000000e+01
     vertex  2.090542e+01 -1.889504e+00 -1.000000e+01
   endloop
 endfacet
 facet normal  7.327822e-01 -6.804632e-01  5.867042e-05
   outer loop
     vertex  2.077836e+01 -2.033200e+00  0.000000e+00
     vertex  2.061048e+01 -2.213987e+00  0.000000e+00
     vertex  2.074129e+01 -2.073988e+00 -1.000000e+01
   endloop
 endfacet
 facet normal  7.650637e-01 -6.439545e-01 -5.857186e-05
   outer loop
     vertex  2.094122e+01 -1.847880e+00  0.000000e+00
     vertex  2.090542e+01 -1.889504e+00 -1.000000e+01
     vertex  2.106443e+01 -1.700587e+00 -1.000000e+01
   endloop
 endfacet
 facet normal  7.511584e-01 -6.601220e-01  5.850571e-05
   outer loop
     vertex  2.094122e+01 -1.847880e+00  0.000000e+00
     vertex  2.077836e+01 -2.033200e+00  0.000000e+00
     vertex  2.090542e+01 -1.889504e+00 -1.000000e+01
   endloop
 endfacet
 facet normal  7.824421e-01 -6.227234e-01 -5.840636e-05
   outer loop
     vertex  2.109894e+01 -1.658165e+00  0.000000e+00
     vertex  2.106443e+01 -1.700587e+00 -1.000000e+01
     vertex  2.121820e+01 -1.507379e+00 -1.000000e+01
   endloop
 endfacet
 facet normal  7.689701e-01 -6.392848e-01  5.834047e-05
   outer loop
     vertex  2.109894e+01 -1.658165e+00  0.000000e+00
     vertex  2.094122e+01 -1.847880e+00  0.000000e+00
     vertex  2.106443e+01 -1.700587e+00 -1.000000e+01
   endloop
 endfacet
 facet normal  7.992314e-01 -6.010234e-01 -5.824033e-05
   outer loop
     vertex  2.125140e+01 -1.464199e+00  0.000000e+00
     vertex  2.121820e+01 -1.507379e+00 -1.000000e+01
     vertex  2.136661e+01 -1.310025e+00 -1.000000e+01
   endloop
 endfacet
 facet normal  7.862039e-01 -6.179672e-01  5.817470e-05
   outer loop
     vertex  2.125140e+01 -1.464199e+00  0.000000e+00
     vertex  2.109894e+01 -1.658165e+00  0.000000e+00
     vertex  2.121820e+01 -1.507379e+00 -1.000000e+01
   endloop
 endfacet
 facet normal  8.154191e-01 -5.788711e-01 -5.807379e-05
   outer loop
     vertex  2.139849e+01 -1.266126e+00  0.000000e+00
     vertex  2.136661e+01 -1.310025e+00 -1.000000e+01
     vertex  2.150955e+01 -1.108674e+00 -1.000000e+01
   endloop
 endfacet
 facet normal  8.028470e-01 -5.961852e-01  5.800842e-05
   outer loop
     vertex  2.139849e+01 -1.266126e+00  0.000000e+00
     vertex  2.125140e+01 -1.464199e+00  0.000000e+00
     vertex  2.136661e+01 -1.310025e+00 -1.000000e+01
   endloop
 endfacet
 facet normal  8.309929e-01 -5.562829e-01 -5.790672e-05
   outer loop
     vertex  2.154009e+01 -1.064096e+00  0.000000e+00
     vertex  2.150955e+01 -1.108674e+00 -1.000000e+01
     vertex  2.164691e+01 -9.034770e-01 -1.000000e+01
   endloop
 endfacet
 facet normal  8.188867e-01 -5.739552e-01  5.784161e-05
   outer loop
     vertex  2.154009e+01 -1.064096e+00  0.000000e+00
     vertex  2.139849e+01 -1.266126e+00  0.000000e+00
     vertex  2.150955e+01 -1.108674e+00 -1.000000e+01
   endloop
 endfacet
 facet normal  8.459413e-01 -5.332761e-01 -5.773912e-05
   outer loop
     vertex  2.167610e+01 -8.582610e-01  0.000000e+00
     vertex  2.164691e+01 -9.034770e-01 -1.000000e+01
     vertex  2.177860e+01 -6.945890e-01 -1.000000e+01
   endloop
 endfacet
 facet normal  8.343111e-01 -5.512939e-01  5.767428e-05
   outer loop
     vertex  2.167610e+01 -8.582610e-01  0.000000e+00
     vertex  2.154009e+01 -1.064096e+00  0.000000e+00
     vertex  2.164691e+01 -9.034770e-01 -1.000000e+01
   endloop
 endfacet
 facet normal  8.602528e-01 -5.098678e-01 -5.757101e-05
   outer loop
     vertex  2.180642e+01 -6.487750e-01  0.000000e+00
     vertex  2.177860e+01 -6.945890e-01 -1.000000e+01
     vertex  2.190450e+01 -4.821671e-01 -1.000000e+01
   endloop
 endfacet
 facet normal  8.491086e-01 -5.282183e-01  5.750643e-05
   outer loop
     vertex  2.180642e+01 -6.487750e-01  0.000000e+00
     vertex  2.167610e+01 -8.582610e-01  0.000000e+00
     vertex  2.177860e+01 -6.945890e-01 -1.000000e+01
   endloop
 endfacet
 facet normal  8.739167e-01 -4.860756e-01 -5.740237e-05
   outer loop
     vertex  2.193095e+01 -4.357958e-01  0.000000e+00
     vertex  2.190450e+01 -4.821671e-01 -1.000000e+01
     vertex  2.202452e+01 -2.663711e-01 -1.000000e+01
   endloop
 endfacet
 facet normal  8.632680e-01 -5.047458e-01  5.733805e-05
   outer loop
     vertex  2.193095e+01 -4.357958e-01  0.000000e+00
     vertex  2.180642e+01 -6.487750e-01  0.000000e+00
     vertex  2.190450e+01 -4.821671e-01 -1.000000e+01
   endloop
 endfacet
 facet normal  8.767787e-01 -4.808940e-01  5.716915e-05
   outer loop
     vertex  2.204959e+01 -2.194832e-01  0.000000e+00
     vertex  2.193095e+01 -4.357958e-01  0.000000e+00
     vertex  2.202452e+01 -2.663711e-01 -1.000000e+01
   endloop
 endfacet
 facet normal  8.869228e-01 -4.619176e-01 -5.723321e-05
   outer loop
     vertex  2.204959e+01 -2.194832e-01  0.000000e+00
     vertex  2.202452e+01 -2.663711e-01 -1.000000e+01
     vertex  2.213858e+01 -4.736355e-02 -1.000000e+01
   endloop
 endfacet
 facet normal  8.896306e-01 -4.566809e-01  5.699973e-05
   outer loop
     vertex  2.216226e+01 -1.101341e-13  0.000000e+00
     vertex  2.204959e+01 -2.194832e-01  0.000000e+00
     vertex  2.213858e+01 -4.736355e-02 -1.000000e+01
   endloop
 endfacet
 facet normal  8.992613e-01 -4.374119e-01 -5.706353e-05
   outer loop
     vertex  2.216226e+01 -1.101341e-13  0.000000e+00
     vertex  2.213858e+01 -4.736355e-02 -1.000000e+01
     vertex  2.224659e+01  1.746907e-01 -1.000000e+01
   endloop
 endfacet
 facet normal  9.017444e-01 -4.322697e-01  5.370686e-05
   outer loop
     vertex  2.226765e+01  2.198590e-01  0.000000e+00
     vertex  2.216226e+01 -1.101341e-13  0.000000e+00
     vertex  2.224659e+01  1.746907e-01 -1.000000e+01
   endloop
 endfacet
 facet normal  9.109228e-01 -4.125769e-01 -5.456916e-05
   outer loop
     vertex  2.226765e+01  2.198590e-01  0.000000e+00
     vertex  2.224659e+01  1.746907e-01 -1.000000e+01
     vertex  2.234847e+01  3.996246e-01 -1.000000e+01
   endloop
 endfacet
 facet normal  9.131228e-01 -4.076846e-01  5.115859e-05
   outer loop
     vertex  2.236705e+01  4.424923e-01  0.000000e+00
     vertex  2.226765e+01  2.198590e-01  0.000000e+00
     vertex  2.234847e+01  3.996246e-01 -1.000000e+01
   endloop
 endfacet
 facet normal  9.218986e-01 -3.874313e-01 -5.196700e-05
   outer loop
     vertex  2.236705e+01  4.424923e-01  0.000000e+00
     vertex  2.234847e+01  3.996246e-01 -1.000000e+01
     vertex  2.244414e+01  6.272687e-01 -1.000000e+01
   endloop
 endfacet
 facet normal  9.238312e-01 -3.828002e-01  4.850254e-05
   outer loop
     vertex  2.246038e+01  6.677364e-01  0.000000e+00
     vertex  2.236705e+01  4.424923e-01  0.000000e+00
     vertex  2.244414e+01  6.272687e-01 -1.000000e+01
   endloop
 endfacet
 facet normal  9.321804e-01 -3.619940e-01 -4.925704e-05
   outer loop
     vertex  2.246038e+01  6.677364e-01  0.000000e+00
     vertex  2.244414e+01  6.272687e-01 -1.000000e+01
     vertex  2.253353e+01  8.574517e-01 -1.000000e+01
   endloop
 endfacet
 facet normal  9.338615e-01 -3.576349e-01  4.573869e-05
   outer loop
     vertex  2.254758e+01  8.954261e-01  0.000000e+00
     vertex  2.246038e+01  6.677364e-01  0.000000e+00
     vertex  2.253353e+01  8.574517e-01 -1.000000e+01
   endloop
 endfacet
 facet normal  9.417605e-01 -3.362843e-01 -4.643930e-05
   outer loop
     vertex  2.254758e+01  8.954261e-01  0.000000e+00
     vertex  2.253353e+01  8.574517e-01 -1.000000e+01
     vertex  2.261657e+01  1.090000e+00 -1.000000e+01
   endloop
 endfacet
 facet normal  9.432065e-01 -3.322071e-01  4.286705e-05
   outer loop
     vertex  2.262858e+01  1.125394e+00  0.000000e+00
     vertex  2.254758e+01  8.954261e-01  0.000000e+00
     vertex  2.261657e+01  1.090000e+00 -1.000000e+01
   endloop
 endfacet
 facet normal  9.506317e-01 -3.103214e-01 -4.351377e-05
   outer loop
     vertex  2.262858e+01  1.125394e+00  0.000000e+00
     vertex  2.261657e+01  1.090000e+00 -1.000000e+01
     vertex  2.269319e+01  1.324739e+00 -1.000000e+01
   endloop
 endfacet
 facet normal  9.518592e-01 -3.065356e-01  3.988763e-05
   outer loop
     vertex  2.270332e+01  1.357472e+00  0.000000e+00
     vertex  2.262858e+01  1.125394e+00  0.000000e+00
     vertex  2.269319e+01  1.324739e+00 -1.000000e+01
   endloop
 endfacet
 facet normal  9.587873e-01 -2.841250e-01 -4.048045e-05
   outer loop
     vertex  2.270332e+01  1.357472e+00  0.000000e+00
     vertex  2.269319e+01  1.324739e+00 -1.000000e+01
     vertex  2.276335e+01  1.561493e+00 -1.000000e+01
   endloop
 endfacet
 facet normal  9.598134e-01 -2.806390e-01  3.680042e-05
   outer loop
     vertex  2.277174e+01  1.591489e+00  0.000000e+00
     vertex  2.270332e+01  1.357472e+00  0.000000e+00
     vertex  2.276335e+01  1.561493e+00 -1.000000e+01
   endloop
 endfacet
 facet normal  9.662211e-01 -2.577146e-01 -3.733935e-05
   outer loop
     vertex  2.277174e+01  1.591489e+00  0.000000e+00
     vertex  2.276335e+01  1.561493e+00 -1.000000e+01
     vertex  2.282699e+01  1.800081e+00 -1.000000e+01
   endloop
 endfacet
 facet normal  9.670632e-01 -2.545365e-01  3.360542e-05
   outer loop
     vertex  2.283380e+01  1.827274e+00  0.000000e+00
     vertex  2.277174e+01  1.591489e+00  0.000000e+00
     vertex  2.282699e+01  1.800081e+00 -1.000000e+01
   endloop
 endfacet
 facet normal  9.729276e-01 -2.311102e-01 -3.409045e-05
   outer loop
     vertex  2.283380e+01  1.827274e+00  0.000000e+00
     vertex  2.282699e+01  1.800081e+00 -1.000000e+01
     vertex  2.288406e+01  2.040326e+00 -1.000000e+01
   endloop
 endfacet
 facet normal  9.736032e-01 -2.282472e-01  3.030263e-05
   outer loop
     vertex  2.288945e+01  2.064653e+00  0.000000e+00
     vertex  2.283380e+01  1.827274e+00  0.000000e+00
     vertex  2.288406e+01  2.040326e+00 -1.000000e+01
   endloop
 endfacet
 facet normal  9.789017e-01 -2.043319e-01 -3.073377e-05
   outer loop
     vertex  2.288945e+01  2.064653e+00  0.000000e+00
     vertex  2.288406e+01  2.040326e+00 -1.000000e+01
     vertex  2.293451e+01  2.282046e+00 -1.000000e+01
   endloop
 endfacet
 facet normal  9.794287e-01 -2.017904e-01  2.689205e-05
   outer loop
     vertex  2.293865e+01  2.303453e+00  0.000000e+00
     vertex  2.288945e+01  2.064653e+00  0.000000e+00
     vertex  2.293451e+01  2.282046e+00 -1.000000e+01
   endloop
 endfacet
 facet normal  9.841389e-01 -1.773998e-01 -2.726930e-05
   outer loop
     vertex  2.293865e+01  2.303453e+00  0.000000e+00
     vertex  2.293451e+01  2.282046e+00 -1.000000e+01
     vertex  2.297832e+01  2.525059e+00 -1.000000e+01
   endloop
 endfacet
 facet normal  9.845354e-01 -1.751855e-01  2.337369e-05
   outer loop
     vertex  2.298136e+01  2.543498e+00  0.000000e+00
     vertex  2.293865e+01  2.303453e+00  0.000000e+00
     vertex  2.297832e+01  2.525059e+00 -1.000000e+01
   endloop
 endfacet
 facet normal  9.886353e-01 -1.503341e-01 -2.369704e-05
   outer loop
     vertex  2.298136e+01  2.543498e+00  0.000000e+00
     vertex  2.297832e+01  2.525059e+00 -1.000000e+01
     vertex  2.301544e+01  2.769182e+00 -1.000000e+01
   endloop
 endfacet
 facet normal  9.923874e-01 -1.231552e-01 -2.001700e-05
   outer loop
     vertex  2.301756e+01  2.784611e+00  0.000000e+00
     vertex  2.301544e+01  2.769182e+00 -1.000000e+01
     vertex  2.304585e+01  3.014232e+00 -1.000000e+01
   endloop
 endfacet
 facet normal  9.889196e-01 -1.484520e-01  1.974754e-05
   outer loop
     vertex  2.301756e+01  2.784611e+00  0.000000e+00
     vertex  2.298136e+01  2.543498e+00  0.000000e+00
     vertex  2.301544e+01  2.769182e+00 -1.000000e+01
   endloop
 endfacet
 facet normal  9.953925e-01 -9.588368e-02 -1.622917e-05
   outer loop
     vertex  2.304721e+01  3.026617e+00  0.000000e+00
     vertex  2.304585e+01  3.014232e+00 -1.000000e+01
     vertex  2.306953e+01  3.260024e+00 -1.000000e+01
   endloop
 endfacet
 facet normal  9.925780e-01 -1.216096e-01  1.601360e-05
   outer loop
     vertex  2.304721e+01  3.026617e+00  0.000000e+00
     vertex  2.301756e+01  2.784611e+00  0.000000e+00
     vertex  2.304585e+01  3.014232e+00 -1.000000e+01
   endloop
 endfacet
 facet normal  9.976484e-01 -6.853995e-02 -1.233355e-05
   outer loop
     vertex  2.307029e+01  3.269337e+00  0.000000e+00
     vertex  2.306953e+01  3.260024e+00 -1.000000e+01
     vertex  2.308645e+01  3.506373e+00 -1.000000e+01
   endloop
 endfacet
 facet normal  9.955080e-01 -9.467792e-02  1.217188e-05
   outer loop
     vertex  2.307029e+01  3.269337e+00  0.000000e+00
     vertex  2.304721e+01  3.026617e+00  0.000000e+00
     vertex  2.306953e+01  3.260024e+00 -1.000000e+01
   endloop
 endfacet
 facet normal  9.991532e-01 -4.114462e-02 -8.330153e-06
   outer loop
     vertex  2.308679e+01  3.512593e+00  0.000000e+00
     vertex  2.308645e+01  3.506373e+00 -1.000000e+01
     vertex  2.309661e+01  3.753094e+00 -1.000000e+01
   endloop
 endfacet
 facet normal  9.977073e-01 -6.767676e-02  8.222369e-06
   outer loop
     vertex  2.308679e+01  3.512593e+00  0.000000e+00
     vertex  2.307029e+01  3.269337e+00  0.000000e+00
     vertex  2.308645e+01  3.506373e+00 -1.000000e+01
   endloop
 endfacet
 facet normal  9.999059e-01 -1.371831e-02 -4.218969e-06
   outer loop
     vertex  2.309670e+01  3.756207e+00  0.000000e+00
     vertex  2.309661e+01  3.753094e+00 -1.000000e+01
     vertex  2.310000e+01  4.000000e+00 -1.000000e+01
   endloop
 endfacet
 facet normal  9.991744e-01 -4.062593e-02  4.165077e-06
   outer loop
     vertex  2.309670e+01  3.756207e+00  0.000000e+00
     vertex  2.308679e+01  3.512593e+00  0.000000e+00
     vertex  2.309661e+01  3.753094e+00 -1.000000e+01
   endloop
 endfacet
 facet normal  9.999083e-01 -1.354529e-02  0.000000e+00
   outer loop
     vertex  2.310000e+01  4.000000e+00  0.000000e+00
     vertex  2.309670e+01  3.756207e+00  0.000000e+00
     vertex  2.310000e+01  4.000000e+00 -1.000000e+01
   endloop
 endfacet
 facet normal  0.000000e+00  0.000000e+00 -1.000000e+00
   outer loop
     vertex  7.214426e+00 -1.795591e+00 -1.000000e+01
     vertex  7.542664e+00 -2.164523e+00 -1.000000e+01
     vertex  7.376014e+00 -1.982309e+00 -1.000000e+01
   endloop
 endfacet
 facet normal  0.000000e+00  0.000000e+00 -1.000000e+00
   outer loop
     vertex  7.214426e+00 -1.795591e+00 -1.000000e+01
     vertex  7.714250e+00 -2.342097e+00 -1.000000e+01
     vertex  7.542664e+00 -2.164523e+00 -1.000000e+01
   endloop
 endfacet
 facet normal  0.000000e+00  0.000000e+00 -1.000000e+00
   outer loop
     vertex  7.214426e+00 -1.795591e+00 -1.000000e+01
     vertex  7.890643e+00 -2.514897e+00 -1.000000e+01
     vertex  7.714250e+00 -2.342097e+00 -1.000000e+01
   endloop
 endfacet
 facet normal  0.000000e+00  0.000000e+00 -1.000000e+00
   outer loop
     vertex  7.214426e+00 -1.795591e+00 -1.000000e+01
     vertex  8.071710e+00 -2.682793e+00 -1.000000e+01
     vertex  7.890643e+00 -2.514897e+00 -1.000000e+01
   endloop
 endfacet
 facet normal  0.000000e+00  0.000000e+00 -1.000000e+00
   outer loop
     vertex  7.058021e+00 -1.604510e+00 -1.000000e+01
     vertex  8.071710e+00 -2.682793e+00 -1.000000e+01
     vertex  7.214426e+00 -1.795591e+00 -1.000000e+01
   endloop
 endfacet
 facet normal  0.000000e+00  0.000000e+00 -1.000000e+00
   outer loop
     vertex  6.906917e+00 -1.409211e+00 -1.000000e+01
     vertex  8.071710e+00 -2.682793e+00 -1.000000e+01
     vertex  7.058021e+00 -1.604510e+00 -1.000000e+01
   endloop
 endfacet
 facet normal  0.000000e+00  0.000000e+00 -1.000000e+00
   outer loop
     vertex  9.042271e+00 -3.444419e+00 -1.000000e+01
     vertex  8.641577e+00 -3.155810e+00 -1.000000e+01
     vertex  8.447318e+00 -3.003370e+00 -1.000000e+01
   endloop
 endfacet
 facet normal  0.000000e+00  0.000000e+00 -1.000000e+00
   outer loop
     vertex  9.042271e+00 -3.444419e+00 -1.000000e+01
     vertex  8.839944e+00 -3.302863e+00 -1.000000e+01
     vertex  8.641577e+00 -3.155810e+00 -1.000000e+01
   endloop
 endfacet
 facet normal  0.000000e+00  0.000000e+00 -1.000000e+00
   outer loop
     vertex  6.621063e+00 -1.006547e+00 -1.000000e+01
     vertex  6.906917e+00 -1.409211e+00 -1.000000e+01
     vertex  6.761228e+00 -1.209840e+00 -1.000000e+01
   endloop
 endfacet
 facet normal  0.000000e+00  0.000000e+00 -1.000000e+00
   outer loop
     vertex  6.621063e+00 -1.006547e+00 -1.000000e+01
     vertex  8.071710e+00 -2.682793e+00 -1.000000e+01
     vertex  6.906917e+00 -1.409211e+00 -1.000000e+01
   endloop
 endfacet
 facet normal  0.000000e+00  0.000000e+00 -1.000000e+00
   outer loop
     vertex  9.248405e+00 -3.580371e+00 -1.000000e+01
     vertex  9.042271e+00 -3.444419e+00 -1.000000e+01
     vertex  8.447318e+00 -3.003370e+00 -1.000000e+01
   endloop
 endfacet
 facet normal  0.000000e+00  0.000000e+00 -1.000000e+00
   outer loop
     vertex  9.458191e+00 -3.710617e+00 -1.000000e+01
     vertex  8.257315e+00 -2.845658e+00 -1.000000e+01
     vertex  8.071710e+00 -2.682793e+00 -1.000000e+01
   endloop
 endfacet
 facet normal  0.000000e+00  0.000000e+00 -1.000000e+00
   outer loop
     vertex  9.458191e+00 -3.710617e+00 -1.000000e+01
     vertex  8.447318e+00 -3.003370e+00 -1.000000e+01
     vertex  8.257315e+00 -2.845658e+00 -1.000000e+01
   endloop
 endfacet
 facet normal  0.000000e+00  0.000000e+00 -1.000000e+00
   outer loop
     vertex  9.458191e+00 -3.710617e+00 -1.000000e+01
     vertex  8.071710e+00 -2.682793e+00 -1.000000e+01
     vertex  6.621063e+00 -1.006547e+00 -1.000000e+01
   endloop
 endfacet
 facet normal  0.000000e+00  0.000000e+00 -1.000000e+00
   outer loop
     vertex  9.458191e+00 -3.710617e+00 -1.000000e+01
     vertex  9.248405e+00 -3.580371e+00 -1.000000e+01
     vertex  8.447318e+00 -3.003370e+00 -1.000000e+01
   endloop
 endfacet
 facet normal  0.000000e+00  0.000000e+00 -1.000000e+00
   outer loop
     vertex  6.234749e+00 -3.746808e-01 -1.000000e+01
     vertex  6.486529e+00 -7.994846e-01 -1.000000e+01
     vertex  6.357725e+00 -5.888099e-01 -1.000000e+01
   endloop
 endfacet
 facet normal  0.000000e+00  0.000000e+00 -1.000000e+00
   outer loop
     vertex  6.234749e+00 -3.746808e-01 -1.000000e+01
     vertex  6.621063e+00 -1.006547e+00 -1.000000e+01
     vertex  6.486529e+00 -7.994846e-01 -1.000000e+01
   endloop
 endfacet
 facet normal  0.000000e+00  0.000000e+00 -1.000000e+00
   outer loop
     vertex  6.006648e+00  6.329315e-02 -1.000000e+01
     vertex  6.234749e+00 -3.746808e-01 -1.000000e+01
     vertex  6.117694e+00 -1.572585e-01 -1.000000e+01
   endloop
 endfacet
 facet normal  0.000000e+00  0.000000e+00 -1.000000e+00
   outer loop
     vertex  6.006648e+00  6.329315e-02 -1.000000e+01
     vertex  6.621063e+00 -1.006547e+00 -1.000000e+01
     vertex  6.234749e+00 -3.746808e-01 -1.000000e+01
   endloop
 endfacet
 facet normal  0.000000e+00  0.000000e+00 -1.000000e+00
   outer loop
     vertex  5.901695e+00  2.868083e-01 -1.000000e+01
     vertex  6.621063e+00 -1.006547e+00 -1.000000e+01
     vertex  6.006648e+00  6.329315e-02 -1.000000e+01
   endloop
 endfacet
 facet normal  0.000000e+00  0.000000e+00 -1.000000e+00
   outer loop
     vertex  5.802913e+00  5.131185e-01 -1.000000e+01
     vertex  9.671472e+00 -3.835058e+00 -1.000000e+01
     vertex  9.458191e+00 -3.710617e+00 -1.000000e+01
   endloop
 endfacet
 facet normal  0.000000e+00  0.000000e+00 -1.000000e+00
   outer loop
     vertex  5.802913e+00  5.131185e-01 -1.000000e+01
     vertex  9.458191e+00 -3.710617e+00 -1.000000e+01
     vertex  6.621063e+00 -1.006547e+00 -1.000000e+01
   endloop
 endfacet
 facet normal  0.000000e+00  0.000000e+00 -1.000000e+00
   outer loop
     vertex  5.802913e+00  5.131185e-01 -1.000000e+01
     vertex  6.621063e+00 -1.006547e+00 -1.000000e+01
     vertex  5.901695e+00  2.868083e-01 -1.000000e+01
   endloop
 endfacet
 facet normal  0.000000e+00  0.000000e+00 -1.000000e+00
   outer loop
     vertex  5.710376e+00  7.420536e-01 -1.000000e+01
     vertex  9.888086e+00 -3.953602e+00 -1.000000e+01
     vertex  9.671472e+00 -3.835058e+00 -1.000000e+01
   endloop
 endfacet
 facet normal  0.000000e+00  0.000000e+00 -1.000000e+00
   outer loop
     vertex  5.710376e+00  7.420536e-01 -1.000000e+01
     vertex  9.671472e+00 -3.835058e+00 -1.000000e+01
     vertex  5.802913e+00  5.131185e-01 -1.000000e+01
   endloop
 endfacet
 facet normal  0.000000e+00  0.000000e+00 -1.000000e+00
   outer loop
     vertex  1.101537e+01 -4.454885e+00 -1.000000e+01
     vertex  1.010787e+01 -4.066158e+00 -1.000000e+01
     vertex  9.888086e+00 -3.953602e+00 -1.000000e+01
   endloop
 endfacet
 facet normal  0.000000e+00  0.000000e+00 -1.000000e+00
   outer loop
     vertex  1.101537e+01 -4.454885e+00 -1.000000e+01
     vertex  1.033066e+01 -4.172642e+00 -1.000000e+01
     vertex  1.010787e+01 -4.066158e+00 -1.000000e+01
   endloop
 endfacet
 facet normal  0.000000e+00  0.000000e+00 -1.000000e+00
   outer loop
     vertex  1.101537e+01 -4.454885e+00 -1.000000e+01
     vertex  1.055629e+01 -4.272974e+00 -1.000000e+01
     vertex  1.033066e+01 -4.172642e+00 -1.000000e+01
   endloop
 endfacet
 facet normal  0.000000e+00  0.000000e+00 -1.000000e+00
   outer loop
     vertex  1.101537e+01 -4.454885e+00 -1.000000e+01
     vertex  1.078458e+01 -4.367079e+00 -1.000000e+01
     vertex  1.055629e+01 -4.272974e+00 -1.000000e+01
   endloop
 endfacet
 facet normal  0.000000e+00  0.000000e+00 -1.000000e+00
   outer loop
     vertex  5.470915e+00  1.442875e+00 -1.000000e+01
     vertex  5.624155e+00  9.734412e-01 -1.000000e+01
     vertex  5.544315e+00  1.207107e+00 -1.000000e+01
   endloop
 endfacet
 facet normal  0.000000e+00  0.000000e+00 -1.000000e+00
   outer loop
     vertex  1.172097e+01 -4.679875e+00 -1.000000e+01
     vertex  1.148375e+01 -4.611342e+00 -1.000000e+01
     vertex  1.124849e+01 -4.536327e+00 -1.000000e+01
   endloop
 endfacet
 facet normal  0.000000e+00  0.000000e+00 -1.000000e+00
   outer loop
     vertex  1.195999e+01 -4.741875e+00 -1.000000e+01
     vertex  1.172097e+01 -4.679875e+00 -1.000000e+01
     vertex  1.124849e+01 -4.536327e+00 -1.000000e+01
   endloop
 endfacet
 facet normal  0.000000e+00  0.000000e+00 -1.000000e+00
   outer loop
     vertex  5.343652e+00  1.920008e+00 -1.000000e+01
     vertex  5.470915e+00  1.442875e+00 -1.000000e+01
     vertex  5.404010e+00  1.680569e+00 -1.000000e+01
   endloop
 endfacet
 facet normal  0.000000e+00  0.000000e+00 -1.000000e+00
   outer loop
     vertex  5.343652e+00  1.920008e+00 -1.000000e+01
     vertex  5.624155e+00  9.734412e-01 -1.000000e+01
     vertex  5.470915e+00  1.442875e+00 -1.000000e+01
   endloop
 endfacet
 facet normal  0.000000e+00  0.000000e+00 -1.000000e+00
   outer loop
     vertex  1.268599e+01 -4.888227e+00 -1.000000e+01
     vertex  1.220062e+01 -4.797294e+00 -1.000000e+01
     vertex  1.195999e+01 -4.741875e+00 -1.000000e+01
   endloop
 endfacet
 facet normal  0.000000e+00  0.000000e+00 -1.000000e+00
   outer loop
     vertex  1.268599e+01 -4.888227e+00 -1.000000e+01
     vertex  1.244268e+01 -4.846090e+00 -1.000000e+01
     vertex  1.220062e+01 -4.797294e+00 -1.000000e+01
   endloop
 endfacet
 facet normal  0.000000e+00  0.000000e+00 -1.000000e+00
   outer loop
     vertex  5.202283e+00  2.646993e+00 -1.000000e+01
     vertex  5.624155e+00  9.734412e-01 -1.000000e+01
     vertex  5.343652e+00  1.920008e+00 -1.000000e+01
   endloop
 endfacet
 facet normal  0.000000e+00  0.000000e+00 -1.000000e+00
   outer loop
     vertex  5.202283e+00  2.646993e+00 -1.000000e+01
     vertex  5.289885e+00  2.161013e+00 -1.000000e+01
     vertex  5.242750e+00  2.403402e+00 -1.000000e+01
   endloop
 endfacet
 facet normal  0.000000e+00  0.000000e+00 -1.000000e+00
   outer loop
     vertex  5.202283e+00  2.646993e+00 -1.000000e+01
     vertex  5.343652e+00  1.920008e+00 -1.000000e+01
     vertex  5.289885e+00  2.161013e+00 -1.000000e+01
   endloop
 endfacet
 facet normal  0.000000e+00  0.000000e+00 -1.000000e+00
   outer loop
     vertex  1.293036e+01 -4.923674e+00 -1.000000e+01
     vertex  1.268599e+01 -4.888227e+00 -1.000000e+01
     vertex  1.195999e+01 -4.741875e+00 -1.000000e+01
   endloop
 endfacet
 facet normal  0.000000e+00  0.000000e+00 -1.000000e+00
   outer loop
     vertex  1.342157e+01 -4.974393e+00 -1.000000e+01
     vertex  1.195999e+01 -4.741875e+00 -1.000000e+01
     vertex  1.124849e+01 -4.536327e+00 -1.000000e+01
   endloop
 endfacet
 facet normal  0.000000e+00  0.000000e+00 -1.000000e+00
   outer loop
     vertex  1.342157e+01 -4.974393e+00 -1.000000e+01
     vertex  1.293036e+01 -4.923674e+00 -1.000000e+01
     vertex  1.195999e+01 -4.741875e+00 -1.000000e+01
   endloop
 endfacet
 facet normal  0.000000e+00  0.000000e+00 -1.000000e+00
   outer loop
     vertex  1.342157e+01 -4.974393e+00 -1.000000e+01
     vertex  1.124849e+01 -4.536327e+00 -1.000000e+01
     vertex  1.101537e+01 -4.454885e+00 -1.000000e+01
   endloop
 endfacet
 facet normal  0.000000e+00  0.000000e+00 -1.000000e+00
   outer loop
     vertex  1.342157e+01 -4.974393e+00 -1.000000e+01
     vertex  1.317562e+01 -4.952403e+00 -1.000000e+01
     vertex  1.293036e+01 -4.923674e+00 -1.000000e+01
   endloop
 endfacet
 facet normal  0.000000e+00  0.000000e+00 -1.000000e+00
   outer loop
     vertex  1.342157e+01 -4.974393e+00 -1.000000e+01
     vertex  1.101537e+01 -4.454885e+00 -1.000000e+01
     vertex  9.888086e+00 -3.953602e+00 -1.000000e+01
   endloop
 endfacet
 facet normal  0.000000e+00  0.000000e+00 -1.000000e+00
   outer loop
     vertex  5.121165e+00  3.383140e+00 -1.000000e+01
     vertex  5.168513e+00  2.891603e+00 -1.000000e+01
     vertex  5.141467e+00  3.137047e+00 -1.000000e+01
   endloop
 endfacet
 facet normal  0.000000e+00  0.000000e+00 -1.000000e+00
   outer loop
     vertex  5.121165e+00  3.383140e+00 -1.000000e+01
     vertex  5.202283e+00  2.646993e+00 -1.000000e+01
     vertex  5.168513e+00  2.891603e+00 -1.000000e+01
   endloop
 endfacet
 facet normal  0.000000e+00  0.000000e+00 -1.000000e+00
   outer loop
     vertex  5.107621e+00  3.629698e+00 -1.000000e+01
     vertex  5.624155e+00  9.734412e-01 -1.000000e+01
     vertex  5.202283e+00  2.646993e+00 -1.000000e+01
   endloop
 endfacet
 facet normal  0.000000e+00  0.000000e+00 -1.000000e+00
   outer loop
     vertex  5.107621e+00  3.629698e+00 -1.000000e+01
     vertex  5.202283e+00  2.646993e+00 -1.000000e+01
     vertex  5.121165e+00  3.383140e+00 -1.000000e+01
   endloop
 endfacet
 facet normal  0.000000e+00  0.000000e+00 -1.000000e+00
   outer loop
     vertex  1.416173e+01 -4.999788e+00 -1.000000e+01
     vertex  1.366803e+01 -4.989627e+00 -1.000000e+01
     vertex  1.342157e+01 -4.974393e+00 -1.000000e+01
   endloop
 endfacet
 facet normal  0.000000e+00  0.000000e+00 -1.000000e+00
   outer loop
     vertex  1.416173e+01 -4.999788e+00 -1.000000e+01
     vertex  1.391481e+01 -4.998095e+00 -1.000000e+01
     vertex  1.366803e+01 -4.989627e+00 -1.000000e+01
   endloop
 endfacet
 facet normal  0.000000e+00  0.000000e+00 -1.000000e+00
   outer loop
     vertex  5.100847e+00  4.123465e+00 -1.000000e+01
     vertex  5.107621e+00  3.629698e+00 -1.000000e+01
     vertex  5.100847e+00  3.876535e+00 -1.000000e+01
   endloop
 endfacet
 facet normal  0.000000e+00  0.000000e+00 -1.000000e+00
   outer loop
     vertex  5.121165e+00  4.616860e+00 -1.000000e+01
     vertex  5.100847e+00  4.123465e+00 -1.000000e+01
     vertex  5.107621e+00  4.370302e+00 -1.000000e+01
   endloop
 endfacet
 facet normal  0.000000e+00  0.000000e+00 -1.000000e+00
   outer loop
     vertex  1.490148e+01 -4.964241e+00 -1.000000e+01
     vertex  1.416173e+01 -4.999788e+00 -1.000000e+01
     vertex  1.342157e+01 -4.974393e+00 -1.000000e+01
   endloop
 endfacet
 facet normal  0.000000e+00  0.000000e+00 -1.000000e+00
   outer loop
     vertex  1.490148e+01 -4.964241e+00 -1.000000e+01
     vertex  1.440861e+01 -4.994707e+00 -1.000000e+01
     vertex  1.416173e+01 -4.999788e+00 -1.000000e+01
   endloop
 endfacet
 facet normal  0.000000e+00  0.000000e+00 -1.000000e+00
   outer loop
     vertex  1.490148e+01 -4.964241e+00 -1.000000e+01
     vertex  1.465526e+01 -4.982855e+00 -1.000000e+01
     vertex  1.440861e+01 -4.994707e+00 -1.000000e+01
   endloop
 endfacet
 facet normal  0.000000e+00  0.000000e+00 -1.000000e+00
   outer loop
     vertex  5.141467e+00  4.862953e+00 -1.000000e+01
     vertex  5.100847e+00  4.123465e+00 -1.000000e+01
     vertex  5.121165e+00  4.616860e+00 -1.000000e+01
   endloop
 endfacet
 facet normal  0.000000e+00  0.000000e+00 -1.000000e+00
   outer loop
     vertex  5.168513e+00  5.108397e+00 -1.000000e+01
     vertex  5.107621e+00  3.629698e+00 -1.000000e+01
     vertex  5.100847e+00  4.123465e+00 -1.000000e+01
   endloop
 endfacet
 facet normal  0.000000e+00  0.000000e+00 -1.000000e+00
   outer loop
     vertex  5.168513e+00  5.108397e+00 -1.000000e+01
     vertex  5.100847e+00  4.123465e+00 -1.000000e+01
     vertex  5.141467e+00  4.862953e+00 -1.000000e+01
   endloop
 endfacet
 facet normal  0.000000e+00  0.000000e+00 -1.000000e+00
   outer loop
     vertex  5.202283e+00  5.353007e+00 -1.000000e+01
     vertex  5.107621e+00  3.629698e+00 -1.000000e+01
     vertex  5.168513e+00  5.108397e+00 -1.000000e+01
   endloop
 endfacet
 facet normal  0.000000e+00  0.000000e+00 -1.000000e+00
   outer loop
     vertex  1.563581e+01 -4.867993e+00 -1.000000e+01
     vertex  1.514711e+01 -4.938879e+00 -1.000000e+01
     vertex  1.490148e+01 -4.964241e+00 -1.000000e+01
   endloop
 endfacet
 facet normal  0.000000e+00  0.000000e+00 -1.000000e+00
   outer loop
     vertex  1.563581e+01 -4.867993e+00 -1.000000e+01
     vertex  1.539194e+01 -4.906789e+00 -1.000000e+01
     vertex  1.514711e+01 -4.938879e+00 -1.000000e+01
   endloop
 endfacet
 facet normal  0.000000e+00  0.000000e+00 -1.000000e+00
   outer loop
     vertex  1.587851e+01 -4.822522e+00 -1.000000e+01
     vertex  1.490148e+01 -4.964241e+00 -1.000000e+01
     vertex  1.342157e+01 -4.974393e+00 -1.000000e+01
   endloop
 endfacet
 facet normal  0.000000e+00  0.000000e+00 -1.000000e+00
   outer loop
     vertex  1.587851e+01 -4.822522e+00 -1.000000e+01
     vertex  1.563581e+01 -4.867993e+00 -1.000000e+01
     vertex  1.490148e+01 -4.964241e+00 -1.000000e+01
   endloop
 endfacet
 facet normal  0.000000e+00  0.000000e+00 -1.000000e+00
   outer loop
     vertex  5.289885e+00  5.838987e+00 -1.000000e+01
     vertex  5.202283e+00  5.353007e+00 -1.000000e+01
     vertex  5.242750e+00  5.596598e+00 -1.000000e+01
   endloop
 endfacet
 facet normal  0.000000e+00  0.000000e+00 -1.000000e+00
   outer loop
     vertex  1.635973e+01 -4.711695e+00 -1.000000e+01
     vertex  1.611988e+01 -4.770409e+00 -1.000000e+01
     vertex  1.587851e+01 -4.822522e+00 -1.000000e+01
   endloop
 endfacet
 facet normal  0.000000e+00  0.000000e+00 -1.000000e+00
   outer loop
     vertex  5.470915e+00  6.557125e+00 -1.000000e+01
     vertex  5.343652e+00  6.079992e+00 -1.000000e+01
     vertex  5.404010e+00  6.319431e+00 -1.000000e+01
   endloop
 endfacet
 facet normal  0.000000e+00  0.000000e+00 -1.000000e+00
   outer loop
     vertex  5.470915e+00  6.557125e+00 -1.000000e+01
     vertex  5.289885e+00  5.838987e+00 -1.000000e+01
     vertex  5.343652e+00  6.079992e+00 -1.000000e+01
   endloop
 endfacet
 facet normal  0.000000e+00  0.000000e+00 -1.000000e+00
   outer loop
     vertex  1.706835e+01 -4.496405e+00 -1.000000e+01
     vertex  1.683414e+01 -4.574641e+00 -1.000000e+01
     vertex  1.659787e+01 -4.646422e+00 -1.000000e+01
   endloop
 endfacet
 facet normal  0.000000e+00  0.000000e+00 -1.000000e+00
   outer loop
     vertex  5.624155e+00  7.026559e+00 -1.000000e+01
     vertex  5.470915e+00  6.557125e+00 -1.000000e+01
     vertex  5.544315e+00  6.792893e+00 -1.000000e+01
   endloop
 endfacet
 facet normal -0.000000e+00  0.000000e+00 -1.000000e+00
   outer loop
     vertex  1.730032e+01 -4.411774e+00 -1.000000e+01
     vertex  1.342157e+01 -4.974393e+00 -1.000000e+01
     vertex  9.888086e+00 -3.953602e+00 -1.000000e+01
   endloop
 endfacet
 facet normal  0.000000e+00  0.000000e+00 -1.000000e+00
   outer loop
     vertex  1.730032e+01 -4.411774e+00 -1.000000e+01
     vertex  1.587851e+01 -4.822522e+00 -1.000000e+01
     vertex  1.342157e+01 -4.974393e+00 -1.000000e+01
   endloop
 endfacet
 facet normal  0.000000e+00  0.000000e+00 -1.000000e+00
   outer loop
     vertex  1.730032e+01 -4.411774e+00 -1.000000e+01
     vertex  1.659787e+01 -4.646422e+00 -1.000000e+01
     vertex  1.635973e+01 -4.711695e+00 -1.000000e+01
   endloop
 endfacet
 facet normal  0.000000e+00  0.000000e+00 -1.000000e+00
   outer loop
     vertex  1.730032e+01 -4.411774e+00 -1.000000e+01
     vertex  1.635973e+01 -4.711695e+00 -1.000000e+01
     vertex  1.587851e+01 -4.822522e+00 -1.000000e+01
   endloop
 endfacet
 facet normal  0.000000e+00  0.000000e+00 -1.000000e+00
   outer loop
     vertex  1.730032e+01 -4.411774e+00 -1.000000e+01
     vertex  9.888086e+00 -3.953602e+00 -1.000000e+01
     vertex  5.710376e+00  7.420536e-01 -1.000000e+01
   endloop
 endfacet
 facet normal  0.000000e+00  0.000000e+00 -1.000000e+00
   outer loop
     vertex  1.730032e+01 -4.411774e+00 -1.000000e+01
     vertex  1.706835e+01 -4.496405e+00 -1.000000e+01
     vertex  1.659787e+01 -4.646422e+00 -1.000000e+01
   endloop
 endfacet
 facet normal  0.000000e+00  0.000000e+00 -1.000000e+00
   outer loop
     vertex  5.710376e+00  7.257946e+00 -1.000000e+01
     vertex  5.202283e+00  5.353007e+00 -1.000000e+01
     vertex  5.289885e+00  5.838987e+00 -1.000000e+01
   endloop
 endfacet
 facet normal  0.000000e+00  0.000000e+00 -1.000000e+00
   outer loop
     vertex  5.710376e+00  7.257946e+00 -1.000000e+01
     vertex  5.289885e+00  5.838987e+00 -1.000000e+01
     vertex  5.470915e+00  6.557125e+00 -1.000000e+01
   endloop
 endfacet
 facet normal  0.000000e+00  0.000000e+00 -1.000000e+00
   outer loop
     vertex  5.710376e+00  7.257946e+00 -1.000000e+01
     vertex  5.470915e+00  6.557125e+00 -1.000000e+01
     vertex  5.624155e+00  7.026559e+00 -1.000000e+01
   endloop
 endfacet
 facet normal  0.000000e+00  0.000000e+00 -1.000000e+00
   outer loop
     vertex  5.802913e+00  7.486881e+00 -1.000000e+01
     vertex  5.107621e+00  3.629698e+00 -1.000000e+01
     vertex  5.202283e+00  5.353007e+00 -1.000000e+01
   endloop
 endfacet
 facet normal  0.000000e+00  0.000000e+00 -1.000000e+00
   outer loop
     vertex  5.802913e+00  7.486881e+00 -1.000000e+01
     vertex  5.202283e+00  5.353007e+00 -1.000000e+01
     vertex  5.710376e+00  7.257946e+00 -1.000000e+01
   endloop
 endfacet
 facet normal  0.000000e+00  0.000000e+00 -1.000000e+00
   outer loop
     vertex  1.798110e+01 -4.120164e+00 -1.000000e+01
     vertex  1.752989e+01 -4.320810e+00 -1.000000e+01
     vertex  1.730032e+01 -4.411774e+00 -1.000000e+01
   endloop
 endfacet
 facet normal  0.000000e+00  0.000000e+00 -1.000000e+00
   outer loop
     vertex  1.798110e+01 -4.120164e+00 -1.000000e+01
     vertex  1.775687e+01 -4.223582e+00 -1.000000e+01
     vertex  1.752989e+01 -4.320810e+00 -1.000000e+01
   endloop
 endfacet
 facet normal  0.000000e+00  0.000000e+00 -1.000000e+00
   outer loop
     vertex  6.357725e+00  8.588810e+00 -1.000000e+01
     vertex  6.117694e+00  8.157259e+00 -1.000000e+01
     vertex  6.234749e+00  8.374681e+00 -1.000000e+01
   endloop
 endfacet
 facet normal  0.000000e+00  0.000000e+00 -1.000000e+00
   outer loop
     vertex  6.357725e+00  8.588810e+00 -1.000000e+01
     vertex  6.006648e+00  7.936707e+00 -1.000000e+01
     vertex  6.117694e+00  8.157259e+00 -1.000000e+01
   endloop
 endfacet
 facet normal  0.000000e+00  0.000000e+00 -1.000000e+00
   outer loop
     vertex  6.357725e+00  8.588810e+00 -1.000000e+01
     vertex  5.901695e+00  7.713192e+00 -1.000000e+01
     vertex  6.006648e+00  7.936707e+00 -1.000000e+01
   endloop
 endfacet
 facet normal  0.000000e+00  0.000000e+00 -1.000000e+00
   outer loop
     vertex  6.357725e+00  8.588810e+00 -1.000000e+01
     vertex  5.802913e+00  7.486881e+00 -1.000000e+01
     vertex  5.901695e+00  7.713192e+00 -1.000000e+01
   endloop
 endfacet
 facet normal  0.000000e+00  0.000000e+00 -1.000000e+00
   outer loop
     vertex  1.884715e+01 -3.646214e+00 -1.000000e+01
     vertex  5.710376e+00  7.420536e-01 -1.000000e+01
     vertex  5.624155e+00  9.734412e-01 -1.000000e+01
   endloop
 endfacet
 facet normal  0.000000e+00  0.000000e+00 -1.000000e+00
   outer loop
     vertex  1.884715e+01 -3.646214e+00 -1.000000e+01
     vertex  1.820241e+01 -4.010634e+00 -1.000000e+01
     vertex  1.798110e+01 -4.120164e+00 -1.000000e+01
   endloop
 endfacet
 facet normal  0.000000e+00  0.000000e+00 -1.000000e+00
   outer loop
     vertex  1.884715e+01 -3.646214e+00 -1.000000e+01
     vertex  1.842063e+01 -3.895073e+00 -1.000000e+01
     vertex  1.820241e+01 -4.010634e+00 -1.000000e+01
   endloop
 endfacet
 facet normal  0.000000e+00  0.000000e+00 -1.000000e+00
   outer loop
     vertex  1.884715e+01 -3.646214e+00 -1.000000e+01
     vertex  1.863560e+01 -3.773569e+00 -1.000000e+01
     vertex  1.842063e+01 -3.895073e+00 -1.000000e+01
   endloop
 endfacet
 facet normal -0.000000e+00  0.000000e+00 -1.000000e+00
   outer loop
     vertex  1.884715e+01 -3.646214e+00 -1.000000e+01
     vertex  1.730032e+01 -4.411774e+00 -1.000000e+01
     vertex  5.710376e+00  7.420536e-01 -1.000000e+01
   endloop
 endfacet
 facet normal  0.000000e+00  0.000000e+00 -1.000000e+00
   outer loop
     vertex  1.884715e+01 -3.646214e+00 -1.000000e+01
     vertex  1.798110e+01 -4.120164e+00 -1.000000e+01
     vertex  1.730032e+01 -4.411774e+00 -1.000000e+01
   endloop
 endfacet
 facet normal  0.000000e+00  0.000000e+00 -1.000000e+00
   outer loop
     vertex  6.621063e+00  9.006547e+00 -1.000000e+01
     vertex  6.357725e+00  8.588810e+00 -1.000000e+01
     vertex  6.486529e+00  8.799485e+00 -1.000000e+01
   endloop
 endfacet
 facet normal  0.000000e+00  0.000000e+00 -1.000000e+00
   outer loop
     vertex  1.925938e+01 -3.374335e+00 -1.000000e+01
     vertex  1.905513e+01 -3.513102e+00 -1.000000e+01
     vertex  1.884715e+01 -3.646214e+00 -1.000000e+01
   endloop
 endfacet
 facet normal  0.000000e+00  0.000000e+00 -1.000000e+00
   outer loop
     vertex  6.761228e+00  9.209840e+00 -1.000000e+01
     vertex  5.802913e+00  7.486881e+00 -1.000000e+01
     vertex  6.357725e+00  8.588810e+00 -1.000000e+01
   endloop
 endfacet
 facet normal  0.000000e+00  0.000000e+00 -1.000000e+00
   outer loop
     vertex  6.761228e+00  9.209840e+00 -1.000000e+01
     vertex  6.357725e+00  8.588810e+00 -1.000000e+01
     vertex  6.621063e+00  9.006547e+00 -1.000000e+01
   endloop
 endfacet
 facet normal  0.000000e+00  0.000000e+00 -1.000000e+00
   outer loop
     vertex  6.761228e+00  9.209840e+00 -1.000000e+01
     vertex  5.107621e+00  3.629698e+00 -1.000000e+01
     vertex  5.802913e+00  7.486881e+00 -1.000000e+01
   endloop
 endfacet
 facet normal -0.000000e+00  0.000000e+00 -1.000000e+00
   outer loop
     vertex  1.945974e+01 -3.230017e+00 -1.000000e+01
     vertex  1.884715e+01 -3.646214e+00 -1.000000e+01
     vertex  5.624155e+00  9.734412e-01 -1.000000e+01
   endloop
 endfacet
 facet normal  0.000000e+00  0.000000e+00 -1.000000e+00
   outer loop
     vertex  1.945974e+01 -3.230017e+00 -1.000000e+01
     vertex  1.925938e+01 -3.374335e+00 -1.000000e+01
     vertex  1.884715e+01 -3.646214e+00 -1.000000e+01
   endloop
 endfacet
 facet normal  0.000000e+00  0.000000e+00 -1.000000e+00
   outer loop
     vertex  7.058021e+00  9.604510e+00 -1.000000e+01
     vertex  6.761228e+00  9.209840e+00 -1.000000e+01
     vertex  6.906917e+00  9.409211e+00 -1.000000e+01
   endloop
 endfacet
 facet normal  0.000000e+00  0.000000e+00 -1.000000e+00
   outer loop
     vertex  1.984822e+01 -2.925166e+00 -1.000000e+01
     vertex  1.965608e+01 -3.080256e+00 -1.000000e+01
     vertex  1.945974e+01 -3.230017e+00 -1.000000e+01
   endloop
 endfacet
 facet normal  0.000000e+00  0.000000e+00 -1.000000e+00
   outer loop
     vertex  2.003605e+01 -2.764862e+00 -1.000000e+01
     vertex  1.984822e+01 -2.925166e+00 -1.000000e+01
     vertex  1.945974e+01 -3.230017e+00 -1.000000e+01
   endloop
 endfacet
 facet normal  0.000000e+00  0.000000e+00 -1.000000e+00
   outer loop
     vertex  7.376014e+00  9.982309e+00 -1.000000e+01
     vertex  6.761228e+00  9.209840e+00 -1.000000e+01
     vertex  7.058021e+00  9.604510e+00 -1.000000e+01
   endloop
 endfacet
 facet normal  0.000000e+00  0.000000e+00 -1.000000e+00
   outer loop
     vertex  7.376014e+00  9.982309e+00 -1.000000e+01
     vertex  7.058021e+00  9.604510e+00 -1.000000e+01
     vertex  7.214426e+00  9.795591e+00 -1.000000e+01
   endloop
 endfacet
 facet normal -0.000000e+00  0.000000e+00 -1.000000e+00
   outer loop
     vertex  2.039815e+01 -2.429102e+00 -1.000000e+01
     vertex  1.945974e+01 -3.230017e+00 -1.000000e+01
     vertex  5.624155e+00  9.734412e-01 -1.000000e+01
   endloop
 endfacet
 facet normal  0.000000e+00  0.000000e+00 -1.000000e+00
   outer loop
     vertex  2.039815e+01 -2.429102e+00 -1.000000e+01
     vertex  2.003605e+01 -2.764862e+00 -1.000000e+01
     vertex  1.945974e+01 -3.230017e+00 -1.000000e+01
   endloop
 endfacet
 facet normal  0.000000e+00  0.000000e+00 -1.000000e+00
   outer loop
     vertex  2.039815e+01 -2.429102e+00 -1.000000e+01
     vertex  2.021940e+01 -2.599466e+00 -1.000000e+01
     vertex  2.003605e+01 -2.764862e+00 -1.000000e+01
   endloop
 endfacet
 facet normal  0.000000e+00  0.000000e+00 -1.000000e+00
   outer loop
     vertex  7.714250e+00  1.034210e+01 -1.000000e+01
     vertex  6.761228e+00  9.209840e+00 -1.000000e+01
     vertex  7.376014e+00  9.982309e+00 -1.000000e+01
   endloop
 endfacet
 facet normal  0.000000e+00  0.000000e+00 -1.000000e+00
   outer loop
     vertex  7.714250e+00  1.034210e+01 -1.000000e+01
     vertex  7.376014e+00  9.982309e+00 -1.000000e+01
     vertex  7.542664e+00  1.016452e+01 -1.000000e+01
   endloop
 endfacet
 facet normal  0.000000e+00  0.000000e+00 -1.000000e+00
   outer loop
     vertex  7.890643e+00  1.051490e+01 -1.000000e+01
     vertex  6.761228e+00  9.209840e+00 -1.000000e+01
     vertex  7.714250e+00  1.034210e+01 -1.000000e+01
   endloop
 endfacet
 facet normal  0.000000e+00  0.000000e+00 -1.000000e+00
   outer loop
     vertex  2.074129e+01 -2.073988e+00 -1.000000e+01
     vertex  2.057215e+01 -2.253899e+00 -1.000000e+01
     vertex  2.039815e+01 -2.429102e+00 -1.000000e+01
   endloop
 endfacet
 facet normal  0.000000e+00  0.000000e+00 -1.000000e+00
   outer loop
     vertex  8.071710e+00  1.068279e+01 -1.000000e+01
     vertex  6.761228e+00  9.209840e+00 -1.000000e+01
     vertex  7.890643e+00  1.051490e+01 -1.000000e+01
   endloop
 endfacet
 facet normal  0.000000e+00  0.000000e+00 -1.000000e+00
   outer loop
     vertex  2.106443e+01 -1.700587e+00 -1.000000e+01
     vertex  2.090542e+01 -1.889504e+00 -1.000000e+01
     vertex  2.074129e+01 -2.073988e+00 -1.000000e+01
   endloop
 endfacet
 facet normal  0.000000e+00  0.000000e+00 -1.000000e+00
   outer loop
     vertex  2.106443e+01 -1.700587e+00 -1.000000e+01
     vertex  2.074129e+01 -2.073988e+00 -1.000000e+01
     vertex  2.039815e+01 -2.429102e+00 -1.000000e+01
   endloop
 endfacet
 facet normal  0.000000e+00  0.000000e+00 -1.000000e+00
   outer loop
     vertex  2.136661e+01 -1.310025e+00 -1.000000e+01
     vertex  2.121820e+01 -1.507379e+00 -1.000000e+01
     vertex  2.106443e+01 -1.700587e+00 -1.000000e+01
   endloop
 endfacet
 facet normal  0.000000e+00  0.000000e+00 -1.000000e+00
   outer loop
     vertex  2.136661e+01 -1.310025e+00 -1.000000e+01
     vertex  5.624155e+00  9.734412e-01 -1.000000e+01
     vertex  5.107621e+00  3.629698e+00 -1.000000e+01
   endloop
 endfacet
 facet normal -0.000000e+00  0.000000e+00 -1.000000e+00
   outer loop
     vertex  2.136661e+01 -1.310025e+00 -1.000000e+01
     vertex  2.039815e+01 -2.429102e+00 -1.000000e+01
     vertex  5.624155e+00  9.734412e-01 -1.000000e+01
   endloop
 endfacet
 facet normal  0.000000e+00  0.000000e+00 -1.000000e+00
   outer loop
     vertex  2.136661e+01 -1.310025e+00 -1.000000e+01
     vertex  2.106443e+01 -1.700587e+00 -1.000000e+01
     vertex  2.039815e+01 -2.429102e+00 -1.000000e+01
   endloop
 endfacet
 facet normal  0.000000e+00  0.000000e+00 -1.000000e+00
   outer loop
     vertex  8.839944e+00  1.130286e+01 -1.000000e+01
     vertex  8.447318e+00  1.100337e+01 -1.000000e+01
     vertex  8.641577e+00  1.115581e+01 -1.000000e+01
   endloop
 endfacet
 facet normal  0.000000e+00  0.000000e+00 -1.000000e+00
   outer loop
     vertex  8.839944e+00  1.130286e+01 -1.000000e+01
     vertex  8.257315e+00  1.084566e+01 -1.000000e+01
     vertex  8.447318e+00  1.100337e+01 -1.000000e+01
   endloop
 endfacet
 facet normal -0.000000e+00  0.000000e+00 -1.000000e+00
   outer loop
     vertex  2.150955e+01 -1.108674e+00 -1.000000e+01
     vertex  2.136661e+01 -1.310025e+00 -1.000000e+01
     vertex  5.107621e+00  3.629698e+00 -1.000000e+01
   endloop
 endfacet
 facet normal  0.000000e+00  0.000000e+00 -1.000000e+00
   outer loop
     vertex  9.042271e+00  1.144442e+01 -1.000000e+01
     vertex  8.257315e+00  1.084566e+01 -1.000000e+01
     vertex  8.839944e+00  1.130286e+01 -1.000000e+01
   endloop
 endfacet
 facet normal  0.000000e+00  0.000000e+00 -1.000000e+00
   outer loop
     vertex  9.042271e+00  1.144442e+01 -1.000000e+01
     vertex  8.071710e+00  1.068279e+01 -1.000000e+01
     vertex  8.257315e+00  1.084566e+01 -1.000000e+01
   endloop
 endfacet
 facet normal  0.000000e+00  0.000000e+00 -1.000000e+00
   outer loop
     vertex  9.248405e+00  1.158037e+01 -1.000000e+01
     vertex  8.071710e+00  1.068279e+01 -1.000000e+01
     vertex  9.042271e+00  1.144442e+01 -1.000000e+01
   endloop
 endfacet
 facet normal  0.000000e+00  0.000000e+00 -1.000000e+00
   outer loop
     vertex  2.177860e+01 -6.945890e-01 -1.000000e+01
     vertex  2.164691e+01 -9.034770e-01 -1.000000e+01
     vertex  2.150955e+01 -1.108674e+00 -1.000000e+01
   endloop
 endfacet
 facet normal  0.000000e+00  0.000000e+00 -1.000000e+00
   outer loop
     vertex  9.671472e+00  1.183506e+01 -1.000000e+01
     vertex  9.248405e+00  1.158037e+01 -1.000000e+01
     vertex  9.458191e+00  1.171062e+01 -1.000000e+01
   endloop
 endfacet
 facet normal  0.000000e+00  0.000000e+00 -1.000000e+00
   outer loop
     vertex  9.888086e+00  1.195360e+01 -1.000000e+01
     vertex  8.071710e+00  1.068279e+01 -1.000000e+01
     vertex  9.248405e+00  1.158037e+01 -1.000000e+01
   endloop
 endfacet
 facet normal  0.000000e+00  0.000000e+00 -1.000000e+00
   outer loop
     vertex  9.888086e+00  1.195360e+01 -1.000000e+01
     vertex  9.248405e+00  1.158037e+01 -1.000000e+01
     vertex  9.671472e+00  1.183506e+01 -1.000000e+01
   endloop
 endfacet
 facet normal  0.000000e+00  0.000000e+00 -1.000000e+00
   outer loop
     vertex  2.213858e+01 -4.736355e-02 -1.000000e+01
     vertex  2.190450e+01 -4.821671e-01 -1.000000e+01
     vertex  2.177860e+01 -6.945890e-01 -1.000000e+01
   endloop
 endfacet
 facet normal  0.000000e+00  0.000000e+00 -1.000000e+00
   outer loop
     vertex  2.213858e+01 -4.736355e-02 -1.000000e+01
     vertex  2.202452e+01 -2.663711e-01 -1.000000e+01
     vertex  2.190450e+01 -4.821671e-01 -1.000000e+01
   endloop
 endfacet
 facet normal -0.000000e+00  0.000000e+00 -1.000000e+00
   outer loop
     vertex  2.213858e+01 -4.736355e-02 -1.000000e+01
     vertex  2.150955e+01 -1.108674e+00 -1.000000e+01
     vertex  5.107621e+00  3.629698e+00 -1.000000e+01
   endloop
 endfacet
 facet normal  0.000000e+00  0.000000e+00 -1.000000e+00
   outer loop
     vertex  2.213858e+01 -4.736355e-02 -1.000000e+01
     vertex  2.177860e+01 -6.945890e-01 -1.000000e+01
     vertex  2.150955e+01 -1.108674e+00 -1.000000e+01
   endloop
 endfacet
 facet normal  0.000000e+00  0.000000e+00 -1.000000e+00
   outer loop
     vertex  1.033066e+01  1.217264e+01 -1.000000e+01
     vertex  8.071710e+00  1.068279e+01 -1.000000e+01
     vertex  9.888086e+00  1.195360e+01 -1.000000e+01
   endloop
 endfacet
 facet normal  0.000000e+00  0.000000e+00 -1.000000e+00
   outer loop
     vertex  1.033066e+01  1.217264e+01 -1.000000e+01
     vertex  6.761228e+00  9.209840e+00 -1.000000e+01
     vertex  8.071710e+00  1.068279e+01 -1.000000e+01
   endloop
 endfacet
 facet normal  0.000000e+00  0.000000e+00 -1.000000e+00
   outer loop
     vertex  1.033066e+01  1.217264e+01 -1.000000e+01
     vertex  9.888086e+00  1.195360e+01 -1.000000e+01
     vertex  1.010787e+01  1.206616e+01 -1.000000e+01
   endloop
 endfacet
 facet normal  0.000000e+00  0.000000e+00 -1.000000e+00
   outer loop
     vertex  2.234847e+01  3.996246e-01 -1.000000e+01
     vertex  2.224659e+01  1.746907e-01 -1.000000e+01
     vertex  2.213858e+01 -4.736355e-02 -1.000000e+01
   endloop
 endfacet
 facet normal  0.000000e+00  0.000000e+00 -1.000000e+00
   outer loop
     vertex  1.078458e+01  1.236708e+01 -1.000000e+01
     vertex  1.033066e+01  1.217264e+01 -1.000000e+01
     vertex  1.055629e+01  1.227297e+01 -1.000000e+01
   endloop
 endfacet
 facet normal  0.000000e+00  0.000000e+00 -1.000000e+00
   outer loop
     vertex  2.253353e+01  8.574517e-01 -1.000000e+01
     vertex  2.244414e+01  6.272687e-01 -1.000000e+01
     vertex  2.234847e+01  3.996246e-01 -1.000000e+01
   endloop
 endfacet
 facet normal  0.000000e+00  0.000000e+00 -1.000000e+00
   outer loop
     vertex  2.253353e+01  8.574517e-01 -1.000000e+01
     vertex  2.234847e+01  3.996246e-01 -1.000000e+01
     vertex  2.213858e+01 -4.736355e-02 -1.000000e+01
   endloop
 endfacet
 facet normal  0.000000e+00  0.000000e+00 -1.000000e+00
   outer loop
     vertex  1.101537e+01  1.245489e+01 -1.000000e+01
     vertex  1.033066e+01  1.217264e+01 -1.000000e+01
     vertex  1.078458e+01  1.236708e+01 -1.000000e+01
   endloop
 endfacet
 facet normal  0.000000e+00  0.000000e+00 -1.000000e+00
   outer loop
     vertex  2.276335e+01  1.561493e+00 -1.000000e+01
     vertex  2.261657e+01  1.090000e+00 -1.000000e+01
     vertex  2.253353e+01  8.574517e-01 -1.000000e+01
   endloop
 endfacet
 facet normal  0.000000e+00  0.000000e+00 -1.000000e+00
   outer loop
     vertex  2.276335e+01  1.561493e+00 -1.000000e+01
     vertex  2.269319e+01  1.324739e+00 -1.000000e+01
     vertex  2.261657e+01  1.090000e+00 -1.000000e+01
   endloop
 endfacet
 facet normal  0.000000e+00  0.000000e+00 -1.000000e+00
   outer loop
     vertex  1.172097e+01  1.267988e+01 -1.000000e+01
     vertex  1.033066e+01  1.217264e+01 -1.000000e+01
     vertex  1.101537e+01  1.245489e+01 -1.000000e+01
   endloop
 endfacet
 facet normal  0.000000e+00  0.000000e+00 -1.000000e+00
   outer loop
     vertex  1.172097e+01  1.267988e+01 -1.000000e+01
     vertex  1.124849e+01  1.253633e+01 -1.000000e+01
     vertex  1.148375e+01  1.261134e+01 -1.000000e+01
   endloop
 endfacet
 facet normal  0.000000e+00  0.000000e+00 -1.000000e+00
   outer loop
     vertex  1.172097e+01  1.267988e+01 -1.000000e+01
     vertex  1.101537e+01  1.245489e+01 -1.000000e+01
     vertex  1.124849e+01  1.253633e+01 -1.000000e+01
   endloop
 endfacet
 facet normal  0.000000e+00  0.000000e+00 -1.000000e+00
   outer loop
     vertex  2.282699e+01  1.800081e+00 -1.000000e+01
     vertex  2.276335e+01  1.561493e+00 -1.000000e+01
     vertex  2.253353e+01  8.574517e-01 -1.000000e+01
   endloop
 endfacet
 facet normal -0.000000e+00  0.000000e+00 -1.000000e+00
   outer loop
     vertex  2.288406e+01  2.040326e+00 -1.000000e+01
     vertex  2.213858e+01 -4.736355e-02 -1.000000e+01
     vertex  5.107621e+00  3.629698e+00 -1.000000e+01
   endloop
 endfacet
 facet normal  0.000000e+00  0.000000e+00 -1.000000e+00
   outer loop
     vertex  2.288406e+01  2.040326e+00 -1.000000e+01
     vertex  2.253353e+01  8.574517e-01 -1.000000e+01
     vertex  2.213858e+01 -4.736355e-02 -1.000000e+01
   endloop
 endfacet
 facet normal  0.000000e+00  0.000000e+00 -1.000000e+00
   outer loop
     vertex  2.288406e+01  2.040326e+00 -1.000000e+01
     vertex  2.282699e+01  1.800081e+00 -1.000000e+01
     vertex  2.253353e+01  8.574517e-01 -1.000000e+01
   endloop
 endfacet
 facet normal  0.000000e+00  0.000000e+00 -1.000000e+00
   outer loop
     vertex  1.220062e+01  1.279729e+01 -1.000000e+01
     vertex  1.172097e+01  1.267988e+01 -1.000000e+01
     vertex  1.195999e+01  1.274187e+01 -1.000000e+01
   endloop
 endfacet
 facet normal  0.000000e+00  0.000000e+00 -1.000000e+00
   outer loop
     vertex  1.244268e+01  1.284609e+01 -1.000000e+01
     vertex  1.172097e+01  1.267988e+01 -1.000000e+01
     vertex  1.220062e+01  1.279729e+01 -1.000000e+01
   endloop
 endfacet
 facet normal  0.000000e+00  0.000000e+00 -1.000000e+00
   outer loop
     vertex  1.268599e+01  1.288823e+01 -1.000000e+01
     vertex  1.033066e+01  1.217264e+01 -1.000000e+01
     vertex  1.172097e+01  1.267988e+01 -1.000000e+01
   endloop
 endfacet
 facet normal  0.000000e+00  0.000000e+00 -1.000000e+00
   outer loop
     vertex  1.268599e+01  1.288823e+01 -1.000000e+01
     vertex  1.172097e+01  1.267988e+01 -1.000000e+01
     vertex  1.244268e+01  1.284609e+01 -1.000000e+01
   endloop
 endfacet
 facet normal  0.000000e+00  0.000000e+00 -1.000000e+00
   outer loop
     vertex  2.301544e+01  2.769182e+00 -1.000000e+01
     vertex  2.297832e+01  2.525059e+00 -1.000000e+01
     vertex  2.293451e+01  2.282046e+00 -1.000000e+01
   endloop
 endfacet
 facet normal  0.000000e+00  0.000000e+00 -1.000000e+00
   outer loop
     vertex  1.317562e+01  1.295240e+01 -1.000000e+01
     vertex  1.268599e+01  1.288823e+01 -1.000000e+01
     vertex  1.293036e+01  1.292367e+01 -1.000000e+01
   endloop
 endfacet
 facet normal  0.000000e+00  0.000000e+00 -1.000000e+00
   outer loop
     vertex  2.306953e+01  3.260024e+00 -1.000000e+01
     vertex  2.304585e+01  3.014232e+00 -1.000000e+01
     vertex  2.301544e+01  2.769182e+00 -1.000000e+01
   endloop
 endfacet
 facet normal  0.000000e+00  0.000000e+00 -1.000000e+00
   outer loop
     vertex  1.342157e+01  1.297439e+01 -1.000000e+01
     vertex  1.033066e+01  1.217264e+01 -1.000000e+01
     vertex  1.268599e+01  1.288823e+01 -1.000000e+01
   endloop
 endfacet
 facet normal  0.000000e+00  0.000000e+00 -1.000000e+00
   outer loop
     vertex  1.342157e+01  1.297439e+01 -1.000000e+01
     vertex  1.268599e+01  1.288823e+01 -1.000000e+01
     vertex  1.317562e+01  1.295240e+01 -1.000000e+01
   endloop
 endfacet
 facet normal  0.000000e+00  0.000000e+00 -1.000000e+00
   outer loop
     vertex  2.308645e+01  3.506373e+00 -1.000000e+01
     vertex  2.301544e+01  2.769182e+00 -1.000000e+01
     vertex  2.293451e+01  2.282046e+00 -1.000000e+01
   endloop
 endfacet
 facet normal  0.000000e+00  0.000000e+00 -1.000000e+00
   outer loop
     vertex  2.308645e+01  3.506373e+00 -1.000000e+01
     vertex  2.293451e+01  2.282046e+00 -1.000000e+01
     vertex  2.288406e+01  2.040326e+00 -1.000000e+01
   endloop
 endfacet
 facet normal  0.000000e+00  0.000000e+00 -1.000000e+00
   outer loop
     vertex  2.308645e+01  3.506373e+00 -1.000000e+01
     vertex  2.306953e+01  3.260024e+00 -1.000000e+01
     vertex  2.301544e+01  2.769182e+00 -1.000000e+01
   endloop
 endfacet
 facet normal  0.000000e+00  0.000000e+00 -1.000000e+00
   outer loop
     vertex  1.391481e+01  1.299809e+01 -1.000000e+01
     vertex  1.342157e+01  1.297439e+01 -1.000000e+01
     vertex  1.366803e+01  1.298963e+01 -1.000000e+01
   endloop
 endfacet
 facet normal  0.000000e+00  0.000000e+00 -1.000000e+00
   outer loop
     vertex  2.310000e+01  4.000000e+00 -1.000000e+01
     vertex  2.309661e+01  3.753094e+00 -1.000000e+01
     vertex  2.308645e+01  3.506373e+00 -1.000000e+01
   endloop
 endfacet
 facet normal  0.000000e+00  0.000000e+00 -1.000000e+00
   outer loop
     vertex  1.440861e+01  1.299471e+01 -1.000000e+01
     vertex  1.391481e+01  1.299809e+01 -1.000000e+01
     vertex  1.416173e+01  1.299979e+01 -1.000000e+01
   endloop
 endfacet
 facet normal  0.000000e+00  0.000000e+00 -1.000000e+00
   outer loop
     vertex  1.440861e+01  1.299471e+01 -1.000000e+01
     vertex  1.033066e+01  1.217264e+01 -1.000000e+01
     vertex  1.342157e+01  1.297439e+01 -1.000000e+01
   endloop
 endfacet
 facet normal -0.000000e+00  0.000000e+00 -1.000000e+00
   outer loop
     vertex  1.440861e+01  1.299471e+01 -1.000000e+01
     vertex  1.342157e+01  1.297439e+01 -1.000000e+01
     vertex  1.391481e+01  1.299809e+01 -1.000000e+01
   endloop
 endfacet
 facet normal  0.000000e+00  0.000000e+00 -1.000000e+00
   outer loop
     vertex  2.308645e+01  4.493627e+00 -1.000000e+01
     vertex  2.309661e+01  4.246906e+00 -1.000000e+01
     vertex  2.310000e+01  4.000000e+00 -1.000000e+01
   endloop
 endfacet
 facet normal  0.000000e+00  0.000000e+00 -1.000000e+00
   outer loop
     vertex  2.306953e+01  4.739976e+00 -1.000000e+01
     vertex  2.308645e+01  4.493627e+00 -1.000000e+01
     vertex  2.310000e+01  4.000000e+00 -1.000000e+01
   endloop
 endfacet
 facet normal  0.000000e+00  0.000000e+00 -1.000000e+00
   outer loop
     vertex  1.539194e+01  1.290679e+01 -1.000000e+01
     vertex  1.490148e+01  1.296424e+01 -1.000000e+01
     vertex  1.514711e+01  1.293888e+01 -1.000000e+01
   endloop
 endfacet
 facet normal  0.000000e+00  0.000000e+00 -1.000000e+00
   outer loop
     vertex  1.539194e+01  1.290679e+01 -1.000000e+01
     vertex  1.465526e+01  1.298286e+01 -1.000000e+01
     vertex  1.490148e+01  1.296424e+01 -1.000000e+01
   endloop
 endfacet
 facet normal  0.000000e+00  0.000000e+00 -1.000000e+00
   outer loop
     vertex  1.539194e+01  1.290679e+01 -1.000000e+01
     vertex  1.440861e+01  1.299471e+01 -1.000000e+01
     vertex  1.465526e+01  1.298286e+01 -1.000000e+01
   endloop
 endfacet
 facet normal  0.000000e+00  0.000000e+00 -1.000000e+00
   outer loop
     vertex  2.297832e+01  5.474941e+00 -1.000000e+01
     vertex  2.304585e+01  4.985768e+00 -1.000000e+01
     vertex  2.306953e+01  4.739976e+00 -1.000000e+01
   endloop
 endfacet
 facet normal  0.000000e+00  0.000000e+00 -1.000000e+00
   outer loop
     vertex  2.297832e+01  5.474941e+00 -1.000000e+01
     vertex  2.301544e+01  5.230818e+00 -1.000000e+01
     vertex  2.304585e+01  4.985768e+00 -1.000000e+01
   endloop
 endfacet
 facet normal  0.000000e+00  0.000000e+00 -1.000000e+00
   outer loop
     vertex  2.297832e+01  5.474941e+00 -1.000000e+01
     vertex  2.310000e+01  4.000000e+00 -1.000000e+01
     vertex  2.308645e+01  3.506373e+00 -1.000000e+01
   endloop
 endfacet
 facet normal  0.000000e+00  0.000000e+00 -1.000000e+00
   outer loop
     vertex  2.297832e+01  5.474941e+00 -1.000000e+01
     vertex  2.306953e+01  4.739976e+00 -1.000000e+01
     vertex  2.310000e+01  4.000000e+00 -1.000000e+01
   endloop
 endfacet
 facet normal  0.000000e+00  0.000000e+00 -1.000000e+00
   outer loop
     vertex  1.635973e+01  1.271169e+01 -1.000000e+01
     vertex  1.587851e+01  1.282252e+01 -1.000000e+01
     vertex  1.611988e+01  1.277041e+01 -1.000000e+01
   endloop
 endfacet
 facet normal  0.000000e+00  0.000000e+00 -1.000000e+00
   outer loop
     vertex  1.635973e+01  1.271169e+01 -1.000000e+01
     vertex  1.563581e+01  1.286799e+01 -1.000000e+01
     vertex  1.587851e+01  1.282252e+01 -1.000000e+01
   endloop
 endfacet
 facet normal  0.000000e+00  0.000000e+00 -1.000000e+00
   outer loop
     vertex  1.635973e+01  1.271169e+01 -1.000000e+01
     vertex  1.539194e+01  1.290679e+01 -1.000000e+01
     vertex  1.563581e+01  1.286799e+01 -1.000000e+01
   endloop
 endfacet
 facet normal  0.000000e+00  0.000000e+00 -1.000000e+00
   outer loop
     vertex  1.635973e+01  1.271169e+01 -1.000000e+01
     vertex  1.440861e+01  1.299471e+01 -1.000000e+01
     vertex  1.539194e+01  1.290679e+01 -1.000000e+01
   endloop
 endfacet
 facet normal  0.000000e+00  0.000000e+00 -1.000000e+00
   outer loop
     vertex  2.276335e+01  6.438507e+00 -1.000000e+01
     vertex  2.293451e+01  5.717954e+00 -1.000000e+01
     vertex  2.297832e+01  5.474941e+00 -1.000000e+01
   endloop
 endfacet
 facet normal  0.000000e+00  0.000000e+00 -1.000000e+00
   outer loop
     vertex  2.276335e+01  6.438507e+00 -1.000000e+01
     vertex  2.288406e+01  5.959674e+00 -1.000000e+01
     vertex  2.293451e+01  5.717954e+00 -1.000000e+01
   endloop
 endfacet
 facet normal  0.000000e+00  0.000000e+00 -1.000000e+00
   outer loop
     vertex  2.276335e+01  6.438507e+00 -1.000000e+01
     vertex  2.282699e+01  6.199919e+00 -1.000000e+01
     vertex  2.288406e+01  5.959674e+00 -1.000000e+01
   endloop
 endfacet
 facet normal  0.000000e+00 -0.000000e+00 -1.000000e+00
   outer loop
     vertex  2.276335e+01  6.438507e+00 -1.000000e+01
     vertex  2.288406e+01  2.040326e+00 -1.000000e+01
     vertex  5.107621e+00  3.629698e+00 -1.000000e+01
   endloop
 endfacet
 facet normal -0.000000e+00  0.000000e+00 -1.000000e+00
   outer loop
     vertex  2.276335e+01  6.438507e+00 -1.000000e+01
     vertex  5.107621e+00  3.629698e+00 -1.000000e+01
     vertex  6.761228e+00  9.209840e+00 -1.000000e+01
   endloop
 endfacet
 facet normal  0.000000e+00  0.000000e+00 -1.000000e+00
   outer loop
     vertex  2.276335e+01  6.438507e+00 -1.000000e+01
     vertex  2.308645e+01  3.506373e+00 -1.000000e+01
     vertex  2.288406e+01  2.040326e+00 -1.000000e+01
   endloop
 endfacet
 facet normal  0.000000e+00  0.000000e+00 -1.000000e+00
   outer loop
     vertex  2.276335e+01  6.438507e+00 -1.000000e+01
     vertex  2.297832e+01  5.474941e+00 -1.000000e+01
     vertex  2.308645e+01  3.506373e+00 -1.000000e+01
   endloop
 endfacet
 facet normal  0.000000e+00  0.000000e+00 -1.000000e+00
   outer loop
     vertex  1.683414e+01  1.257464e+01 -1.000000e+01
     vertex  1.440861e+01  1.299471e+01 -1.000000e+01
     vertex  1.635973e+01  1.271169e+01 -1.000000e+01
   endloop
 endfacet
 facet normal  0.000000e+00  0.000000e+00 -1.000000e+00
   outer loop
     vertex  1.683414e+01  1.257464e+01 -1.000000e+01
     vertex  1.635973e+01  1.271169e+01 -1.000000e+01
     vertex  1.659787e+01  1.264642e+01 -1.000000e+01
   endloop
 endfacet
 facet normal  0.000000e+00  0.000000e+00 -1.000000e+00
   outer loop
     vertex  1.706835e+01  1.249641e+01 -1.000000e+01
     vertex  1.440861e+01  1.299471e+01 -1.000000e+01
     vertex  1.683414e+01  1.257464e+01 -1.000000e+01
   endloop
 endfacet
 facet normal  0.000000e+00  0.000000e+00 -1.000000e+00
   outer loop
     vertex  2.253353e+01  7.142548e+00 -1.000000e+01
     vertex  2.261657e+01  6.910000e+00 -1.000000e+01
     vertex  2.269319e+01  6.675261e+00 -1.000000e+01
   endloop
 endfacet
 facet normal  0.000000e+00  0.000000e+00 -1.000000e+00
   outer loop
     vertex  2.244414e+01  7.372731e+00 -1.000000e+01
     vertex  2.269319e+01  6.675261e+00 -1.000000e+01
     vertex  2.276335e+01  6.438507e+00 -1.000000e+01
   endloop
 endfacet
 facet normal  0.000000e+00  0.000000e+00 -1.000000e+00
   outer loop
     vertex  2.244414e+01  7.372731e+00 -1.000000e+01
     vertex  2.253353e+01  7.142548e+00 -1.000000e+01
     vertex  2.269319e+01  6.675261e+00 -1.000000e+01
   endloop
 endfacet
 facet normal  0.000000e+00  0.000000e+00 -1.000000e+00
   outer loop
     vertex  2.234847e+01  7.600375e+00 -1.000000e+01
     vertex  2.244414e+01  7.372731e+00 -1.000000e+01
     vertex  2.276335e+01  6.438507e+00 -1.000000e+01
   endloop
 endfacet
 facet normal -0.000000e+00 -0.000000e+00 -1.000000e+00
   outer loop
     vertex  2.234847e+01  7.600375e+00 -1.000000e+01
     vertex  2.276335e+01  6.438507e+00 -1.000000e+01
     vertex  6.761228e+00  9.209840e+00 -1.000000e+01
   endloop
 endfacet
 facet normal  0.000000e+00  0.000000e+00 -1.000000e+00
   outer loop
     vertex  1.798110e+01  1.212016e+01 -1.000000e+01
     vertex  1.752989e+01  1.232081e+01 -1.000000e+01
     vertex  1.775687e+01  1.222358e+01 -1.000000e+01
   endloop
 endfacet
 facet normal  0.000000e+00  0.000000e+00 -1.000000e+00
   outer loop
     vertex  1.798110e+01  1.212016e+01 -1.000000e+01
     vertex  1.730032e+01  1.241177e+01 -1.000000e+01
     vertex  1.752989e+01  1.232081e+01 -1.000000e+01
   endloop
 endfacet
 facet normal  0.000000e+00  0.000000e+00 -1.000000e+00
   outer loop
     vertex  1.798110e+01  1.212016e+01 -1.000000e+01
     vertex  1.706835e+01  1.249641e+01 -1.000000e+01
     vertex  1.730032e+01  1.241177e+01 -1.000000e+01
   endloop
 endfacet
 facet normal  0.000000e+00  0.000000e+00 -1.000000e+00
   outer loop
     vertex  2.213858e+01  8.047364e+00 -1.000000e+01
     vertex  2.224659e+01  7.825309e+00 -1.000000e+01
     vertex  2.234847e+01  7.600375e+00 -1.000000e+01
   endloop
 endfacet
 facet normal  0.000000e+00  0.000000e+00 -1.000000e+00
   outer loop
     vertex  1.842063e+01  1.189507e+01 -1.000000e+01
     vertex  1.706835e+01  1.249641e+01 -1.000000e+01
     vertex  1.798110e+01  1.212016e+01 -1.000000e+01
   endloop
 endfacet
 facet normal  0.000000e+00  0.000000e+00 -1.000000e+00
   outer loop
     vertex  1.842063e+01  1.189507e+01 -1.000000e+01
     vertex  1.798110e+01  1.212016e+01 -1.000000e+01
     vertex  1.820241e+01  1.201063e+01 -1.000000e+01
   endloop
 endfacet
 facet normal  0.000000e+00  0.000000e+00 -1.000000e+00
   outer loop
     vertex  1.863560e+01  1.177357e+01 -1.000000e+01
     vertex  1.440861e+01  1.299471e+01 -1.000000e+01
     vertex  1.706835e+01  1.249641e+01 -1.000000e+01
   endloop
 endfacet
 facet normal  0.000000e+00  0.000000e+00 -1.000000e+00
   outer loop
     vertex  1.863560e+01  1.177357e+01 -1.000000e+01
     vertex  1.706835e+01  1.249641e+01 -1.000000e+01
     vertex  1.842063e+01  1.189507e+01 -1.000000e+01
   endloop
 endfacet
 facet normal  0.000000e+00  0.000000e+00 -1.000000e+00
   outer loop
     vertex  2.164691e+01  8.903477e+00 -1.000000e+01
     vertex  2.202452e+01  8.266371e+00 -1.000000e+01
     vertex  2.213858e+01  8.047364e+00 -1.000000e+01
   endloop
 endfacet
 facet normal  0.000000e+00  0.000000e+00 -1.000000e+00
   outer loop
     vertex  2.164691e+01  8.903477e+00 -1.000000e+01
     vertex  2.190450e+01  8.482167e+00 -1.000000e+01
     vertex  2.202452e+01  8.266371e+00 -1.000000e+01
   endloop
 endfacet
 facet normal  0.000000e+00  0.000000e+00 -1.000000e+00
   outer loop
     vertex  2.164691e+01  8.903477e+00 -1.000000e+01
     vertex  2.177860e+01  8.694589e+00 -1.000000e+01
     vertex  2.190450e+01  8.482167e+00 -1.000000e+01
   endloop
 endfacet
 facet normal  0.000000e+00  0.000000e+00 -1.000000e+00
   outer loop
     vertex  1.905513e+01  1.151310e+01 -1.000000e+01
     vertex  1.863560e+01  1.177357e+01 -1.000000e+01
     vertex  1.884715e+01  1.164621e+01 -1.000000e+01
   endloop
 endfacet
 facet normal  0.000000e+00  0.000000e+00 -1.000000e+00
   outer loop
     vertex  2.150955e+01  9.108674e+00 -1.000000e+01
     vertex  2.213858e+01  8.047364e+00 -1.000000e+01
     vertex  2.234847e+01  7.600375e+00 -1.000000e+01
   endloop
 endfacet
 facet normal  0.000000e+00  0.000000e+00 -1.000000e+00
   outer loop
     vertex  2.150955e+01  9.108674e+00 -1.000000e+01
     vertex  2.164691e+01  8.903477e+00 -1.000000e+01
     vertex  2.213858e+01  8.047364e+00 -1.000000e+01
   endloop
 endfacet
 facet normal  0.000000e+00  0.000000e+00 -1.000000e+00
   outer loop
     vertex  1.945974e+01  1.123002e+01 -1.000000e+01
     vertex  1.905513e+01  1.151310e+01 -1.000000e+01
     vertex  1.925938e+01  1.137434e+01 -1.000000e+01
   endloop
 endfacet
 facet normal  0.000000e+00  0.000000e+00 -1.000000e+00
   outer loop
     vertex  1.945974e+01  1.123002e+01 -1.000000e+01
     vertex  1.863560e+01  1.177357e+01 -1.000000e+01
     vertex  1.905513e+01  1.151310e+01 -1.000000e+01
   endloop
 endfacet
 facet normal  0.000000e+00  0.000000e+00 -1.000000e+00
   outer loop
     vertex  2.121820e+01  9.507379e+00 -1.000000e+01
     vertex  2.136661e+01  9.310025e+00 -1.000000e+01
     vertex  2.150955e+01  9.108674e+00 -1.000000e+01
   endloop
 endfacet
 facet normal  0.000000e+00  0.000000e+00 -1.000000e+00
   outer loop
     vertex  2.121820e+01  9.507379e+00 -1.000000e+01
     vertex  2.150955e+01  9.108674e+00 -1.000000e+01
     vertex  2.234847e+01  7.600375e+00 -1.000000e+01
   endloop
 endfacet
 facet normal  0.000000e+00  0.000000e+00 -1.000000e+00
   outer loop
     vertex  1.965608e+01  1.108026e+01 -1.000000e+01
     vertex  1.440861e+01  1.299471e+01 -1.000000e+01
     vertex  1.863560e+01  1.177357e+01 -1.000000e+01
   endloop
 endfacet
 facet normal  0.000000e+00  0.000000e+00 -1.000000e+00
   outer loop
     vertex  1.965608e+01  1.108026e+01 -1.000000e+01
     vertex  1.863560e+01  1.177357e+01 -1.000000e+01
     vertex  1.945974e+01  1.123002e+01 -1.000000e+01
   endloop
 endfacet
 facet normal  0.000000e+00  0.000000e+00 -1.000000e+00
   outer loop
     vertex  2.090542e+01  9.889504e+00 -1.000000e+01
     vertex  2.106443e+01  9.700587e+00 -1.000000e+01
     vertex  2.121820e+01  9.507379e+00 -1.000000e+01
   endloop
 endfacet
 facet normal  0.000000e+00  0.000000e+00 -1.000000e+00
   outer loop
     vertex  2.021940e+01  1.059947e+01 -1.000000e+01
     vertex  1.984822e+01  1.092517e+01 -1.000000e+01
     vertex  2.003605e+01  1.076486e+01 -1.000000e+01
   endloop
 endfacet
 facet normal  0.000000e+00  0.000000e+00 -1.000000e+00
   outer loop
     vertex  2.021940e+01  1.059947e+01 -1.000000e+01
     vertex  1.965608e+01  1.108026e+01 -1.000000e+01
     vertex  1.984822e+01  1.092517e+01 -1.000000e+01
   endloop
 endfacet
 facet normal -0.000000e+00  0.000000e+00 -1.000000e+00
   outer loop
     vertex  2.039815e+01  1.042910e+01 -1.000000e+01
     vertex  6.761228e+00  9.209840e+00 -1.000000e+01
     vertex  1.033066e+01  1.217264e+01 -1.000000e+01
   endloop
 endfacet
 facet normal  0.000000e+00 -0.000000e+00 -1.000000e+00
   outer loop
     vertex  2.039815e+01  1.042910e+01 -1.000000e+01
     vertex  2.234847e+01  7.600375e+00 -1.000000e+01
     vertex  6.761228e+00  9.209840e+00 -1.000000e+01
   endloop
 endfacet
 facet normal  0.000000e+00  0.000000e+00 -1.000000e+00
   outer loop
     vertex  2.039815e+01  1.042910e+01 -1.000000e+01
     vertex  2.074129e+01  1.007399e+01 -1.000000e+01
     vertex  2.090542e+01  9.889504e+00 -1.000000e+01
   endloop
 endfacet
 facet normal  0.000000e+00  0.000000e+00 -1.000000e+00
   outer loop
     vertex  2.039815e+01  1.042910e+01 -1.000000e+01
     vertex  2.057215e+01  1.025390e+01 -1.000000e+01
     vertex  2.074129e+01  1.007399e+01 -1.000000e+01
   endloop
 endfacet
 facet normal  0.000000e+00  0.000000e+00 -1.000000e+00
   outer loop
     vertex  2.039815e+01  1.042910e+01 -1.000000e+01
     vertex  1.440861e+01  1.299471e+01 -1.000000e+01
     vertex  1.965608e+01  1.108026e+01 -1.000000e+01
   endloop
 endfacet
 facet normal  0.000000e+00  0.000000e+00 -1.000000e+00
   outer loop
     vertex  2.039815e+01  1.042910e+01 -1.000000e+01
     vertex  1.965608e+01  1.108026e+01 -1.000000e+01
     vertex  2.021940e+01  1.059947e+01 -1.000000e+01
   endloop
 endfacet
 facet normal  0.000000e+00  0.000000e+00 -1.000000e+00
   outer loop
     vertex  2.039815e+01  1.042910e+01 -1.000000e+01
     vertex  2.121820e+01  9.507379e+00 -1.000000e+01
     vertex  2.234847e+01  7.600375e+00 -1.000000e+01
   endloop
 endfacet
 facet normal  0.000000e+00  0.000000e+00 -1.000000e+00
   outer loop
     vertex  2.039815e+01  1.042910e+01 -1.000000e+01
     vertex  1.033066e+01  1.217264e+01 -1.000000e+01
     vertex  1.440861e+01  1.299471e+01 -1.000000e+01
   endloop
 endfacet
 facet normal  0.000000e+00  0.000000e+00 -1.000000e+00
   outer loop
     vertex  2.039815e+01  1.042910e+01 -1.000000e+01
     vertex  2.090542e+01  9.889504e+00 -1.000000e+01
     vertex  2.121820e+01  9.507379e+00 -1.000000e+01
   endloop
 endfacet
endsolid
