solid 
 facet normal -1.000000e+00  0.000000e+00  0.000000e+00
   outer loop
     vertex -8.000000e+01 -5.500000e+01 -3.000000e+00
     vertex -8.000000e+01  5.500000e+01  0.000000e+00
     vertex -8.000000e+01  5.500000e+01 -3.000000e+00
   endloop
 endfacet
 facet normal -1.000000e+00  0.000000e+00  0.000000e+00
   outer loop
     vertex -8.000000e+01 -5.500000e+01  0.000000e+00
     vertex -8.000000e+01  5.500000e+01  0.000000e+00
     vertex -8.000000e+01 -5.500000e+01 -3.000000e+00
   endloop
 endfacet
 facet normal  0.000000e+00 -1.000000e+00 -0.000000e+00
   outer loop
     vertex  8.000000e+01 -5.500000e+01  0.000000e+00
     vertex -8.000000e+01 -5.500000e+01 -3.000000e+00
     vertex  8.000000e+01 -5.500000e+01 -3.000000e+00
   endloop
 endfacet
 facet normal -0.000000e+00 -1.000000e+00  0.000000e+00
   outer loop
     vertex  8.000000e+01 -5.500000e+01  0.000000e+00
     vertex -8.000000e+01 -5.500000e+01  0.000000e+00
     vertex -8.000000e+01 -5.500000e+01 -3.000000e+00
   endloop
 endfacet
 facet normal  0.000000e+00  0.000000e+00  1.000000e+00
   outer loop
     vertex -7.117288e+01 -4.623059e+01  0.000000e+00
     vertex -7.120620e+01 -4.619795e+01  0.000000e+00
     vertex -8.000000e+01 -5.500000e+01  0.000000e+00
   endloop
 endfacet
 facet normal  0.000000e+00  0.000000e+00  1.000000e+00
   outer loop
     vertex -7.123861e+01 -4.616441e+01  0.000000e+00
     vertex -8.000000e+01 -5.500000e+01  0.000000e+00
     vertex -7.120620e+01 -4.619795e+01  0.000000e+00
   endloop
 endfacet
 facet normal  0.000000e+00  0.000000e+00  1.000000e+00
   outer loop
     vertex -7.113868e+01 -4.626231e+01  0.000000e+00
     vertex -7.117288e+01 -4.623059e+01  0.000000e+00
     vertex -8.000000e+01 -5.500000e+01  0.000000e+00
   endloop
 endfacet
 facet normal  0.000000e+00  0.000000e+00  1.000000e+00
   outer loop
     vertex -7.127009e+01 -4.612999e+01  0.000000e+00
     vertex -8.000000e+01 -5.500000e+01  0.000000e+00
     vertex -7.123861e+01 -4.616441e+01  0.000000e+00
   endloop
 endfacet
 facet normal  0.000000e+00  0.000000e+00  1.000000e+00
   outer loop
     vertex -7.110362e+01 -4.629307e+01  0.000000e+00
     vertex -7.113868e+01 -4.626231e+01  0.000000e+00
     vertex -8.000000e+01 -5.500000e+01  0.000000e+00
   endloop
 endfacet
 facet normal  0.000000e+00  0.000000e+00  1.000000e+00
   outer loop
     vertex -7.130061e+01 -4.609472e+01  0.000000e+00
     vertex -8.000000e+01 -5.500000e+01  0.000000e+00
     vertex -7.127009e+01 -4.612999e+01  0.000000e+00
   endloop
 endfacet
 facet normal  0.000000e+00  0.000000e+00  1.000000e+00
   outer loop
     vertex -7.106773e+01 -4.632286e+01  0.000000e+00
     vertex -7.110362e+01 -4.629307e+01  0.000000e+00
     vertex -8.000000e+01 -5.500000e+01  0.000000e+00
   endloop
 endfacet
 facet normal  0.000000e+00  0.000000e+00  1.000000e+00
   outer loop
     vertex -7.133015e+01 -4.605863e+01  0.000000e+00
     vertex -8.000000e+01 -5.500000e+01  0.000000e+00
     vertex -7.130061e+01 -4.609472e+01  0.000000e+00
   endloop
 endfacet
 facet normal  0.000000e+00  0.000000e+00  1.000000e+00
   outer loop
     vertex -7.103104e+01 -4.635165e+01  0.000000e+00
     vertex -7.106773e+01 -4.632286e+01  0.000000e+00
     vertex -8.000000e+01 -5.500000e+01  0.000000e+00
   endloop
 endfacet
 facet normal  0.000000e+00  0.000000e+00  1.000000e+00
   outer loop
     vertex -7.135869e+01 -4.602174e+01  0.000000e+00
     vertex -8.000000e+01 -5.500000e+01  0.000000e+00
     vertex -7.133015e+01 -4.605863e+01  0.000000e+00
   endloop
 endfacet
 facet normal  0.000000e+00  0.000000e+00  1.000000e+00
   outer loop
     vertex -7.099357e+01 -4.637943e+01  0.000000e+00
     vertex -7.103104e+01 -4.635165e+01  0.000000e+00
     vertex -8.000000e+01 -5.500000e+01  0.000000e+00
   endloop
 endfacet
 facet normal  0.000000e+00  0.000000e+00  1.000000e+00
   outer loop
     vertex -7.138621e+01 -4.598408e+01  0.000000e+00
     vertex -8.000000e+01 -5.500000e+01  0.000000e+00
     vertex -7.135869e+01 -4.602174e+01  0.000000e+00
   endloop
 endfacet
 facet normal  0.000000e+00  0.000000e+00  1.000000e+00
   outer loop
     vertex -7.095535e+01 -4.640617e+01  0.000000e+00
     vertex -7.099357e+01 -4.637943e+01  0.000000e+00
     vertex -8.000000e+01 -5.500000e+01  0.000000e+00
   endloop
 endfacet
 facet normal  0.000000e+00  0.000000e+00  1.000000e+00
   outer loop
     vertex -7.141269e+01 -4.594568e+01  0.000000e+00
     vertex -8.000000e+01 -5.500000e+01  0.000000e+00
     vertex -7.138621e+01 -4.598408e+01  0.000000e+00
   endloop
 endfacet
 facet normal  0.000000e+00  0.000000e+00  1.000000e+00
   outer loop
     vertex -7.091641e+01 -4.643185e+01  0.000000e+00
     vertex -7.095535e+01 -4.640617e+01  0.000000e+00
     vertex -8.000000e+01 -5.500000e+01  0.000000e+00
   endloop
 endfacet
 facet normal  0.000000e+00  0.000000e+00  1.000000e+00
   outer loop
     vertex -7.143810e+01 -4.590657e+01  0.000000e+00
     vertex -8.000000e+01 -5.500000e+01  0.000000e+00
     vertex -7.141269e+01 -4.594568e+01  0.000000e+00
   endloop
 endfacet
 facet normal  0.000000e+00  0.000000e+00  1.000000e+00
   outer loop
     vertex -7.087679e+01 -4.645645e+01  0.000000e+00
     vertex -7.091641e+01 -4.643185e+01  0.000000e+00
     vertex -8.000000e+01 -5.500000e+01  0.000000e+00
   endloop
 endfacet
 facet normal  0.000000e+00  0.000000e+00  1.000000e+00
   outer loop
     vertex -7.146243e+01 -4.586678e+01  0.000000e+00
     vertex -8.000000e+01 -5.500000e+01  0.000000e+00
     vertex -7.143810e+01 -4.590657e+01  0.000000e+00
   endloop
 endfacet
 facet normal  0.000000e+00  0.000000e+00  1.000000e+00
   outer loop
     vertex -7.083650e+01 -4.647996e+01  0.000000e+00
     vertex -7.087679e+01 -4.645645e+01  0.000000e+00
     vertex -8.000000e+01 -5.500000e+01  0.000000e+00
   endloop
 endfacet
 facet normal  0.000000e+00  0.000000e+00  1.000000e+00
   outer loop
     vertex -7.148566e+01 -4.582633e+01  0.000000e+00
     vertex -8.000000e+01 -5.500000e+01  0.000000e+00
     vertex -7.146243e+01 -4.586678e+01  0.000000e+00
   endloop
 endfacet
 facet normal  0.000000e+00  0.000000e+00  1.000000e+00
   outer loop
     vertex -7.079558e+01 -4.650235e+01  0.000000e+00
     vertex -7.083650e+01 -4.647996e+01  0.000000e+00
     vertex -8.000000e+01 -5.500000e+01  0.000000e+00
   endloop
 endfacet
 facet normal  0.000000e+00  0.000000e+00  1.000000e+00
   outer loop
     vertex -7.150777e+01 -4.578526e+01  0.000000e+00
     vertex -8.000000e+01 -5.500000e+01  0.000000e+00
     vertex -7.148566e+01 -4.582633e+01  0.000000e+00
   endloop
 endfacet
 facet normal  0.000000e+00  0.000000e+00  1.000000e+00
   outer loop
     vertex -7.075407e+01 -4.652361e+01  0.000000e+00
     vertex -7.079558e+01 -4.650235e+01  0.000000e+00
     vertex -8.000000e+01 -5.500000e+01  0.000000e+00
   endloop
 endfacet
 facet normal  0.000000e+00  0.000000e+00  1.000000e+00
   outer loop
     vertex -7.152874e+01 -4.574360e+01  0.000000e+00
     vertex -8.000000e+01 -5.500000e+01  0.000000e+00
     vertex -7.150777e+01 -4.578526e+01  0.000000e+00
   endloop
 endfacet
 facet normal  0.000000e+00  0.000000e+00  1.000000e+00
   outer loop
     vertex -7.071199e+01 -4.654372e+01  0.000000e+00
     vertex -7.075407e+01 -4.652361e+01  0.000000e+00
     vertex -8.000000e+01 -5.500000e+01  0.000000e+00
   endloop
 endfacet
 facet normal  0.000000e+00  0.000000e+00  1.000000e+00
   outer loop
     vertex -7.154857e+01 -4.570138e+01  0.000000e+00
     vertex -8.000000e+01 -5.500000e+01  0.000000e+00
     vertex -7.152874e+01 -4.574360e+01  0.000000e+00
   endloop
 endfacet
 facet normal  0.000000e+00  0.000000e+00  1.000000e+00
   outer loop
     vertex -7.066937e+01 -4.656267e+01  0.000000e+00
     vertex -7.071199e+01 -4.654372e+01  0.000000e+00
     vertex -8.000000e+01 -5.500000e+01  0.000000e+00
   endloop
 endfacet
 facet normal  0.000000e+00  0.000000e+00  1.000000e+00
   outer loop
     vertex -7.156723e+01 -4.565863e+01  0.000000e+00
     vertex -8.000000e+01 -5.500000e+01  0.000000e+00
     vertex -7.154857e+01 -4.570138e+01  0.000000e+00
   endloop
 endfacet
 facet normal  0.000000e+00  0.000000e+00  1.000000e+00
   outer loop
     vertex -7.062625e+01 -4.658045e+01  0.000000e+00
     vertex -7.066937e+01 -4.656267e+01  0.000000e+00
     vertex -8.000000e+01 -5.500000e+01  0.000000e+00
   endloop
 endfacet
 facet normal  0.000000e+00  0.000000e+00  1.000000e+00
   outer loop
     vertex -7.158471e+01 -4.561539e+01  0.000000e+00
     vertex -8.000000e+01 -5.500000e+01  0.000000e+00
     vertex -7.156723e+01 -4.565863e+01  0.000000e+00
   endloop
 endfacet
 facet normal  0.000000e+00  0.000000e+00  1.000000e+00
   outer loop
     vertex -7.058265e+01 -4.659703e+01  0.000000e+00
     vertex -7.062625e+01 -4.658045e+01  0.000000e+00
     vertex -8.000000e+01 -5.500000e+01  0.000000e+00
   endloop
 endfacet
 facet normal  0.000000e+00  0.000000e+00  1.000000e+00
   outer loop
     vertex -7.160099e+01 -4.557168e+01  0.000000e+00
     vertex -8.000000e+01 -5.500000e+01  0.000000e+00
     vertex -7.158471e+01 -4.561539e+01  0.000000e+00
   endloop
 endfacet
 facet normal  0.000000e+00  0.000000e+00  1.000000e+00
   outer loop
     vertex -7.053862e+01 -4.661242e+01  0.000000e+00
     vertex -7.058265e+01 -4.659703e+01  0.000000e+00
     vertex -8.000000e+01 -5.500000e+01  0.000000e+00
   endloop
 endfacet
 facet normal  0.000000e+00  0.000000e+00  1.000000e+00
   outer loop
     vertex -7.161607e+01 -4.552755e+01  0.000000e+00
     vertex -8.000000e+01 -5.500000e+01  0.000000e+00
     vertex -7.160099e+01 -4.557168e+01  0.000000e+00
   endloop
 endfacet
 facet normal  0.000000e+00  0.000000e+00  1.000000e+00
   outer loop
     vertex -7.049418e+01 -4.662659e+01  0.000000e+00
     vertex -7.053862e+01 -4.661242e+01  0.000000e+00
     vertex -8.000000e+01 -5.500000e+01  0.000000e+00
   endloop
 endfacet
 facet normal  0.000000e+00  0.000000e+00  1.000000e+00
   outer loop
     vertex -7.162994e+01 -4.548301e+01  0.000000e+00
     vertex -8.000000e+01 -5.500000e+01  0.000000e+00
     vertex -7.161607e+01 -4.552755e+01  0.000000e+00
   endloop
 endfacet
 facet normal  0.000000e+00  0.000000e+00  1.000000e+00
   outer loop
     vertex -7.044937e+01 -4.663953e+01  0.000000e+00
     vertex -7.049418e+01 -4.662659e+01  0.000000e+00
     vertex -8.000000e+01 -5.500000e+01  0.000000e+00
   endloop
 endfacet
 facet normal  0.000000e+00  0.000000e+00  1.000000e+00
   outer loop
     vertex -7.164258e+01 -4.543811e+01  0.000000e+00
     vertex -8.000000e+01 -5.500000e+01  0.000000e+00
     vertex -7.162994e+01 -4.548301e+01  0.000000e+00
   endloop
 endfacet
 facet normal  0.000000e+00  0.000000e+00  1.000000e+00
   outer loop
     vertex -7.040422e+01 -4.665124e+01  0.000000e+00
     vertex -7.044937e+01 -4.663953e+01  0.000000e+00
     vertex -8.000000e+01 -5.500000e+01  0.000000e+00
   endloop
 endfacet
 facet normal  0.000000e+00  0.000000e+00  1.000000e+00
   outer loop
     vertex -7.165398e+01 -4.539289e+01  0.000000e+00
     vertex -8.000000e+01 -5.500000e+01  0.000000e+00
     vertex -7.164258e+01 -4.543811e+01  0.000000e+00
   endloop
 endfacet
 facet normal  0.000000e+00  0.000000e+00  1.000000e+00
   outer loop
     vertex -7.035877e+01 -4.666171e+01  0.000000e+00
     vertex -7.040422e+01 -4.665124e+01  0.000000e+00
     vertex -8.000000e+01 -5.500000e+01  0.000000e+00
   endloop
 endfacet
 facet normal  0.000000e+00  0.000000e+00  1.000000e+00
   outer loop
     vertex -7.166413e+01 -4.534736e+01  0.000000e+00
     vertex -8.000000e+01 -5.500000e+01  0.000000e+00
     vertex -7.165398e+01 -4.539289e+01  0.000000e+00
   endloop
 endfacet
 facet normal  0.000000e+00  0.000000e+00  1.000000e+00
   outer loop
     vertex -7.031305e+01 -4.667093e+01  0.000000e+00
     vertex -7.035877e+01 -4.666171e+01  0.000000e+00
     vertex -8.000000e+01 -5.500000e+01  0.000000e+00
   endloop
 endfacet
 facet normal  0.000000e+00  0.000000e+00  1.000000e+00
   outer loop
     vertex -7.167304e+01 -4.530158e+01  0.000000e+00
     vertex -8.000000e+01 -5.500000e+01  0.000000e+00
     vertex -7.166413e+01 -4.534736e+01  0.000000e+00
   endloop
 endfacet
 facet normal  0.000000e+00  0.000000e+00  1.000000e+00
   outer loop
     vertex -7.026709e+01 -4.667889e+01  0.000000e+00
     vertex -7.031305e+01 -4.667093e+01  0.000000e+00
     vertex -8.000000e+01 -5.500000e+01  0.000000e+00
   endloop
 endfacet
 facet normal  0.000000e+00  0.000000e+00  1.000000e+00
   outer loop
     vertex -7.168068e+01 -4.525557e+01  0.000000e+00
     vertex -8.000000e+01 -5.500000e+01  0.000000e+00
     vertex -7.167304e+01 -4.530158e+01  0.000000e+00
   endloop
 endfacet
 facet normal  0.000000e+00  0.000000e+00  1.000000e+00
   outer loop
     vertex -7.022093e+01 -4.668558e+01  0.000000e+00
     vertex -7.026709e+01 -4.667889e+01  0.000000e+00
     vertex -8.000000e+01 -5.500000e+01  0.000000e+00
   endloop
 endfacet
 facet normal  0.000000e+00  0.000000e+00  1.000000e+00
   outer loop
     vertex -7.168706e+01 -4.520936e+01  0.000000e+00
     vertex -8.000000e+01 -5.500000e+01  0.000000e+00
     vertex -7.168068e+01 -4.525557e+01  0.000000e+00
   endloop
 endfacet
 facet normal  0.000000e+00  0.000000e+00  1.000000e+00
   outer loop
     vertex -7.017461e+01 -4.669101e+01  0.000000e+00
     vertex -7.022093e+01 -4.668558e+01  0.000000e+00
     vertex -8.000000e+01 -5.500000e+01  0.000000e+00
   endloop
 endfacet
 facet normal  0.000000e+00  0.000000e+00  1.000000e+00
   outer loop
     vertex -7.169217e+01 -4.516300e+01  0.000000e+00
     vertex -8.000000e+01 -5.500000e+01  0.000000e+00
     vertex -7.168706e+01 -4.520936e+01  0.000000e+00
   endloop
 endfacet
 facet normal  0.000000e+00  0.000000e+00  1.000000e+00
   outer loop
     vertex -7.012815e+01 -4.669516e+01  0.000000e+00
     vertex -7.017461e+01 -4.669101e+01  0.000000e+00
     vertex -8.000000e+01 -5.500000e+01  0.000000e+00
   endloop
 endfacet
 facet normal  0.000000e+00  0.000000e+00  1.000000e+00
   outer loop
     vertex -7.169600e+01 -4.511652e+01  0.000000e+00
     vertex -8.000000e+01 -5.500000e+01  0.000000e+00
     vertex -7.169217e+01 -4.516300e+01  0.000000e+00
   endloop
 endfacet
 facet normal  0.000000e+00  0.000000e+00  1.000000e+00
   outer loop
     vertex -7.008160e+01 -4.669804e+01  0.000000e+00
     vertex -7.012815e+01 -4.669516e+01  0.000000e+00
     vertex -8.000000e+01 -5.500000e+01  0.000000e+00
   endloop
 endfacet
 facet normal  0.000000e+00  0.000000e+00  1.000000e+00
   outer loop
     vertex -7.169856e+01 -4.506995e+01  0.000000e+00
     vertex -8.000000e+01 -5.500000e+01  0.000000e+00
     vertex -7.169600e+01 -4.511652e+01  0.000000e+00
   endloop
 endfacet
 facet normal  0.000000e+00  0.000000e+00  1.000000e+00
   outer loop
     vertex -7.003498e+01 -4.669964e+01  0.000000e+00
     vertex -7.008160e+01 -4.669804e+01  0.000000e+00
     vertex -8.000000e+01 -5.500000e+01  0.000000e+00
   endloop
 endfacet
 facet normal  0.000000e+00  0.000000e+00  1.000000e+00
   outer loop
     vertex -7.169984e+01 -4.502332e+01  0.000000e+00
     vertex -8.000000e+01 -5.500000e+01  0.000000e+00
     vertex -7.169856e+01 -4.506995e+01  0.000000e+00
   endloop
 endfacet
 facet normal  0.000000e+00  0.000000e+00  1.000000e+00
   outer loop
     vertex -6.998834e+01 -4.669996e+01  0.000000e+00
     vertex -7.003498e+01 -4.669964e+01  0.000000e+00
     vertex -8.000000e+01 -5.500000e+01  0.000000e+00
   endloop
 endfacet
 facet normal  0.000000e+00  0.000000e+00  1.000000e+00
   outer loop
     vertex -7.169984e+01 -4.497668e+01  0.000000e+00
     vertex -8.000000e+01 -5.500000e+01  0.000000e+00
     vertex -7.169984e+01 -4.502332e+01  0.000000e+00
   endloop
 endfacet
 facet normal  0.000000e+00  0.000000e+00  1.000000e+00
   outer loop
     vertex -6.994171e+01 -4.669900e+01  0.000000e+00
     vertex -6.998834e+01 -4.669996e+01  0.000000e+00
     vertex -8.000000e+01 -5.500000e+01  0.000000e+00
   endloop
 endfacet
 facet normal  0.000000e+00  0.000000e+00  1.000000e+00
   outer loop
     vertex -7.169856e+01 -4.493005e+01  0.000000e+00
     vertex -8.000000e+01 -5.500000e+01  0.000000e+00
     vertex -7.169984e+01 -4.497668e+01  0.000000e+00
   endloop
 endfacet
 facet normal  0.000000e+00  0.000000e+00  1.000000e+00
   outer loop
     vertex -6.989512e+01 -4.669676e+01  0.000000e+00
     vertex -6.994171e+01 -4.669900e+01  0.000000e+00
     vertex -8.000000e+01 -5.500000e+01  0.000000e+00
   endloop
 endfacet
 facet normal  0.000000e+00  0.000000e+00  1.000000e+00
   outer loop
     vertex -7.169600e+01 -4.488348e+01  0.000000e+00
     vertex -8.000000e+01 -5.500000e+01  0.000000e+00
     vertex -7.169856e+01 -4.493005e+01  0.000000e+00
   endloop
 endfacet
 facet normal  0.000000e+00  0.000000e+00  1.000000e+00
   outer loop
     vertex -6.984861e+01 -4.669325e+01  0.000000e+00
     vertex -6.989512e+01 -4.669676e+01  0.000000e+00
     vertex -8.000000e+01 -5.500000e+01  0.000000e+00
   endloop
 endfacet
 facet normal  0.000000e+00  0.000000e+00  1.000000e+00
   outer loop
     vertex -7.169217e+01 -4.483700e+01  0.000000e+00
     vertex -8.000000e+01 -5.500000e+01  0.000000e+00
     vertex -7.169600e+01 -4.488348e+01  0.000000e+00
   endloop
 endfacet
 facet normal  0.000000e+00  0.000000e+00  1.000000e+00
   outer loop
     vertex -6.980221e+01 -4.668846e+01  0.000000e+00
     vertex -6.984861e+01 -4.669325e+01  0.000000e+00
     vertex -8.000000e+01 -5.500000e+01  0.000000e+00
   endloop
 endfacet
 facet normal  0.000000e+00  0.000000e+00  1.000000e+00
   outer loop
     vertex -7.168706e+01 -4.479064e+01  0.000000e+00
     vertex -8.000000e+01 -5.500000e+01  0.000000e+00
     vertex -7.169217e+01 -4.483700e+01  0.000000e+00
   endloop
 endfacet
 facet normal  0.000000e+00  0.000000e+00  1.000000e+00
   outer loop
     vertex -6.975597e+01 -4.668239e+01  0.000000e+00
     vertex -6.980221e+01 -4.668846e+01  0.000000e+00
     vertex -8.000000e+01 -5.500000e+01  0.000000e+00
   endloop
 endfacet
 facet normal  0.000000e+00  0.000000e+00  1.000000e+00
   outer loop
     vertex -7.168068e+01 -4.474443e+01  0.000000e+00
     vertex -8.000000e+01 -5.500000e+01  0.000000e+00
     vertex -7.168706e+01 -4.479064e+01  0.000000e+00
   endloop
 endfacet
 facet normal  0.000000e+00  0.000000e+00  1.000000e+00
   outer loop
     vertex -6.970990e+01 -4.667507e+01  0.000000e+00
     vertex -6.975597e+01 -4.668239e+01  0.000000e+00
     vertex -8.000000e+01 -5.500000e+01  0.000000e+00
   endloop
 endfacet
 facet normal  0.000000e+00  0.000000e+00  1.000000e+00
   outer loop
     vertex -7.167304e+01 -4.469842e+01  0.000000e+00
     vertex -8.000000e+01 -5.500000e+01  0.000000e+00
     vertex -7.168068e+01 -4.474443e+01  0.000000e+00
   endloop
 endfacet
 facet normal  0.000000e+00  0.000000e+00  1.000000e+00
   outer loop
     vertex -6.966406e+01 -4.666648e+01  0.000000e+00
     vertex -6.970990e+01 -4.667507e+01  0.000000e+00
     vertex -8.000000e+01 -5.500000e+01  0.000000e+00
   endloop
 endfacet
 facet normal  0.000000e+00  0.000000e+00  1.000000e+00
   outer loop
     vertex -7.166413e+01 -4.465264e+01  0.000000e+00
     vertex -8.000000e+01 -5.500000e+01  0.000000e+00
     vertex -7.167304e+01 -4.469842e+01  0.000000e+00
   endloop
 endfacet
 facet normal  0.000000e+00  0.000000e+00  1.000000e+00
   outer loop
     vertex -6.961847e+01 -4.665663e+01  0.000000e+00
     vertex -6.966406e+01 -4.666648e+01  0.000000e+00
     vertex -8.000000e+01 -5.500000e+01  0.000000e+00
   endloop
 endfacet
 facet normal  0.000000e+00  0.000000e+00  1.000000e+00
   outer loop
     vertex -7.165398e+01 -4.460711e+01  0.000000e+00
     vertex -8.000000e+01 -5.500000e+01  0.000000e+00
     vertex -7.166413e+01 -4.465264e+01  0.000000e+00
   endloop
 endfacet
 facet normal  0.000000e+00  0.000000e+00  1.000000e+00
   outer loop
     vertex -6.957316e+01 -4.664554e+01  0.000000e+00
     vertex -6.961847e+01 -4.665663e+01  0.000000e+00
     vertex -8.000000e+01 -5.500000e+01  0.000000e+00
   endloop
 endfacet
 facet normal  0.000000e+00  0.000000e+00  1.000000e+00
   outer loop
     vertex -7.164258e+01 -4.456189e+01  0.000000e+00
     vertex -8.000000e+01 -5.500000e+01  0.000000e+00
     vertex -7.165398e+01 -4.460711e+01  0.000000e+00
   endloop
 endfacet
 facet normal  0.000000e+00  0.000000e+00  1.000000e+00
   outer loop
     vertex -6.952818e+01 -4.663321e+01  0.000000e+00
     vertex -6.957316e+01 -4.664554e+01  0.000000e+00
     vertex -8.000000e+01 -5.500000e+01  0.000000e+00
   endloop
 endfacet
 facet normal  0.000000e+00  0.000000e+00  1.000000e+00
   outer loop
     vertex -7.162994e+01 -4.451699e+01  0.000000e+00
     vertex -8.000000e+01 -5.500000e+01  0.000000e+00
     vertex -7.164258e+01 -4.456189e+01  0.000000e+00
   endloop
 endfacet
 facet normal  0.000000e+00  0.000000e+00  1.000000e+00
   outer loop
     vertex -6.948355e+01 -4.661965e+01  0.000000e+00
     vertex -6.952818e+01 -4.663321e+01  0.000000e+00
     vertex -8.000000e+01 -5.500000e+01  0.000000e+00
   endloop
 endfacet
 facet normal  0.000000e+00  0.000000e+00  1.000000e+00
   outer loop
     vertex -7.161607e+01 -4.447245e+01  0.000000e+00
     vertex -8.000000e+01 -5.500000e+01  0.000000e+00
     vertex -7.162994e+01 -4.451699e+01  0.000000e+00
   endloop
 endfacet
 facet normal  0.000000e+00  0.000000e+00  1.000000e+00
   outer loop
     vertex -6.943931e+01 -4.660488e+01  0.000000e+00
     vertex -6.948355e+01 -4.661965e+01  0.000000e+00
     vertex -8.000000e+01 -5.500000e+01  0.000000e+00
   endloop
 endfacet
 facet normal  0.000000e+00  0.000000e+00  1.000000e+00
   outer loop
     vertex -7.160099e+01 -4.442832e+01  0.000000e+00
     vertex -8.000000e+01 -5.500000e+01  0.000000e+00
     vertex -7.161607e+01 -4.447245e+01  0.000000e+00
   endloop
 endfacet
 facet normal  0.000000e+00  0.000000e+00  1.000000e+00
   outer loop
     vertex -6.939549e+01 -4.658889e+01  0.000000e+00
     vertex -6.943931e+01 -4.660488e+01  0.000000e+00
     vertex -8.000000e+01 -5.500000e+01  0.000000e+00
   endloop
 endfacet
 facet normal  0.000000e+00  0.000000e+00  1.000000e+00
   outer loop
     vertex -7.158471e+01 -4.438461e+01  0.000000e+00
     vertex -8.000000e+01 -5.500000e+01  0.000000e+00
     vertex -7.160099e+01 -4.442832e+01  0.000000e+00
   endloop
 endfacet
 facet normal  0.000000e+00  0.000000e+00  1.000000e+00
   outer loop
     vertex -6.935213e+01 -4.657171e+01  0.000000e+00
     vertex -6.939549e+01 -4.658889e+01  0.000000e+00
     vertex -8.000000e+01 -5.500000e+01  0.000000e+00
   endloop
 endfacet
 facet normal  0.000000e+00  0.000000e+00  1.000000e+00
   outer loop
     vertex -7.156723e+01 -4.434137e+01  0.000000e+00
     vertex -8.000000e+01 -5.500000e+01  0.000000e+00
     vertex -7.158471e+01 -4.438461e+01  0.000000e+00
   endloop
 endfacet
 facet normal  0.000000e+00  0.000000e+00  1.000000e+00
   outer loop
     vertex -6.930926e+01 -4.655334e+01  0.000000e+00
     vertex -6.935213e+01 -4.657171e+01  0.000000e+00
     vertex -8.000000e+01 -5.500000e+01  0.000000e+00
   endloop
 endfacet
 facet normal  0.000000e+00  0.000000e+00  1.000000e+00
   outer loop
     vertex -7.154857e+01 -4.429862e+01  0.000000e+00
     vertex -8.000000e+01 -5.500000e+01  0.000000e+00
     vertex -7.156723e+01 -4.434137e+01  0.000000e+00
   endloop
 endfacet
 facet normal  0.000000e+00  0.000000e+00  1.000000e+00
   outer loop
     vertex -6.926690e+01 -4.653381e+01  0.000000e+00
     vertex -6.930926e+01 -4.655334e+01  0.000000e+00
     vertex -8.000000e+01 -5.500000e+01  0.000000e+00
   endloop
 endfacet
 facet normal  0.000000e+00  0.000000e+00  1.000000e+00
   outer loop
     vertex -7.152874e+01 -4.425640e+01  0.000000e+00
     vertex -8.000000e+01 -5.500000e+01  0.000000e+00
     vertex -7.154857e+01 -4.429862e+01  0.000000e+00
   endloop
 endfacet
 facet normal  0.000000e+00  0.000000e+00  1.000000e+00
   outer loop
     vertex -6.922510e+01 -4.651312e+01  0.000000e+00
     vertex -6.926690e+01 -4.653381e+01  0.000000e+00
     vertex -8.000000e+01 -5.500000e+01  0.000000e+00
   endloop
 endfacet
 facet normal  0.000000e+00  0.000000e+00  1.000000e+00
   outer loop
     vertex -7.150777e+01 -4.421474e+01  0.000000e+00
     vertex -8.000000e+01 -5.500000e+01  0.000000e+00
     vertex -7.152874e+01 -4.425640e+01  0.000000e+00
   endloop
 endfacet
 facet normal  0.000000e+00  0.000000e+00  1.000000e+00
   outer loop
     vertex -6.918388e+01 -4.649129e+01  0.000000e+00
     vertex -6.922510e+01 -4.651312e+01  0.000000e+00
     vertex -8.000000e+01 -5.500000e+01  0.000000e+00
   endloop
 endfacet
 facet normal  0.000000e+00  0.000000e+00  1.000000e+00
   outer loop
     vertex -7.148566e+01 -4.417367e+01  0.000000e+00
     vertex -8.000000e+01 -5.500000e+01  0.000000e+00
     vertex -7.150777e+01 -4.421474e+01  0.000000e+00
   endloop
 endfacet
 facet normal  0.000000e+00  0.000000e+00  1.000000e+00
   outer loop
     vertex -6.914328e+01 -4.646834e+01  0.000000e+00
     vertex -6.918388e+01 -4.649129e+01  0.000000e+00
     vertex -8.000000e+01 -5.500000e+01  0.000000e+00
   endloop
 endfacet
 facet normal  0.000000e+00  0.000000e+00  1.000000e+00
   outer loop
     vertex -7.146243e+01 -4.413322e+01  0.000000e+00
     vertex -8.000000e+01 -5.500000e+01  0.000000e+00
     vertex -7.148566e+01 -4.417367e+01  0.000000e+00
   endloop
 endfacet
 facet normal  0.000000e+00  0.000000e+00  1.000000e+00
   outer loop
     vertex -6.910332e+01 -4.644428e+01  0.000000e+00
     vertex -6.914328e+01 -4.646834e+01  0.000000e+00
     vertex -8.000000e+01 -5.500000e+01  0.000000e+00
   endloop
 endfacet
 facet normal  0.000000e+00  0.000000e+00  1.000000e+00
   outer loop
     vertex -7.143810e+01 -4.409343e+01  0.000000e+00
     vertex -8.000000e+01 -5.500000e+01  0.000000e+00
     vertex -7.146243e+01 -4.413322e+01  0.000000e+00
   endloop
 endfacet
 facet normal  0.000000e+00  0.000000e+00  1.000000e+00
   outer loop
     vertex -6.906403e+01 -4.641914e+01  0.000000e+00
     vertex -6.910332e+01 -4.644428e+01  0.000000e+00
     vertex -8.000000e+01 -5.500000e+01  0.000000e+00
   endloop
 endfacet
 facet normal  0.000000e+00  0.000000e+00  1.000000e+00
   outer loop
     vertex -7.141269e+01 -4.405432e+01  0.000000e+00
     vertex -8.000000e+01 -5.500000e+01  0.000000e+00
     vertex -7.143810e+01 -4.409343e+01  0.000000e+00
   endloop
 endfacet
 facet normal  0.000000e+00  0.000000e+00  1.000000e+00
   outer loop
     vertex -6.902545e+01 -4.639293e+01  0.000000e+00
     vertex -6.906403e+01 -4.641914e+01  0.000000e+00
     vertex -8.000000e+01 -5.500000e+01  0.000000e+00
   endloop
 endfacet
 facet normal  0.000000e+00  0.000000e+00  1.000000e+00
   outer loop
     vertex -7.120620e+01  4.380205e+01  0.000000e+00
     vertex -7.123861e+01 -4.383559e+01  0.000000e+00
     vertex -7.120620e+01 -4.380205e+01  0.000000e+00
   endloop
 endfacet
 facet normal  0.000000e+00  0.000000e+00  1.000000e+00
   outer loop
     vertex -7.117288e+01  4.376941e+01  0.000000e+00
     vertex -7.120620e+01 -4.380205e+01  0.000000e+00
     vertex -7.117288e+01 -4.376941e+01  0.000000e+00
   endloop
 endfacet
 facet normal  0.000000e+00  0.000000e+00  1.000000e+00
   outer loop
     vertex -7.117288e+01  4.376941e+01  0.000000e+00
     vertex -7.120620e+01  4.380205e+01  0.000000e+00
     vertex -7.120620e+01 -4.380205e+01  0.000000e+00
   endloop
 endfacet
 facet normal  0.000000e+00  0.000000e+00  1.000000e+00
   outer loop
     vertex -7.123861e+01  4.383559e+01  0.000000e+00
     vertex -7.123861e+01 -4.383559e+01  0.000000e+00
     vertex -7.120620e+01  4.380205e+01  0.000000e+00
   endloop
 endfacet
 facet normal  0.000000e+00  0.000000e+00  1.000000e+00
   outer loop
     vertex -7.113868e+01  4.373769e+01  0.000000e+00
     vertex -7.117288e+01  4.376941e+01  0.000000e+00
     vertex -7.117288e+01 -4.376941e+01  0.000000e+00
   endloop
 endfacet
 facet normal  0.000000e+00  0.000000e+00  1.000000e+00
   outer loop
     vertex -7.113868e+01  4.373769e+01  0.000000e+00
     vertex -7.117288e+01 -4.376941e+01  0.000000e+00
     vertex -7.113868e+01 -4.373769e+01  0.000000e+00
   endloop
 endfacet
 facet normal  0.000000e+00  0.000000e+00  1.000000e+00
   outer loop
     vertex -7.127009e+01  4.387001e+01  0.000000e+00
     vertex -7.123861e+01 -4.383559e+01  0.000000e+00
     vertex -7.123861e+01  4.383559e+01  0.000000e+00
   endloop
 endfacet
 facet normal  0.000000e+00  0.000000e+00  1.000000e+00
   outer loop
     vertex -7.127009e+01  4.387001e+01  0.000000e+00
     vertex -7.127009e+01 -4.387001e+01  0.000000e+00
     vertex -7.123861e+01 -4.383559e+01  0.000000e+00
   endloop
 endfacet
 facet normal  0.000000e+00  0.000000e+00  1.000000e+00
   outer loop
     vertex -7.110362e+01  4.370693e+01  0.000000e+00
     vertex -7.113868e+01  4.373769e+01  0.000000e+00
     vertex -7.113868e+01 -4.373769e+01  0.000000e+00
   endloop
 endfacet
 facet normal  0.000000e+00  0.000000e+00  1.000000e+00
   outer loop
     vertex -7.110362e+01  4.370693e+01  0.000000e+00
     vertex -7.113868e+01 -4.373769e+01  0.000000e+00
     vertex -7.110362e+01 -4.370693e+01  0.000000e+00
   endloop
 endfacet
 facet normal  0.000000e+00  0.000000e+00  1.000000e+00
   outer loop
     vertex -7.130061e+01  4.390528e+01  0.000000e+00
     vertex -7.127009e+01 -4.387001e+01  0.000000e+00
     vertex -7.127009e+01  4.387001e+01  0.000000e+00
   endloop
 endfacet
 facet normal  0.000000e+00  0.000000e+00  1.000000e+00
   outer loop
     vertex -7.130061e+01  4.390528e+01  0.000000e+00
     vertex -7.130061e+01 -4.390528e+01  0.000000e+00
     vertex -7.127009e+01 -4.387001e+01  0.000000e+00
   endloop
 endfacet
 facet normal  0.000000e+00  0.000000e+00  1.000000e+00
   outer loop
     vertex -7.106773e+01  4.367714e+01  0.000000e+00
     vertex -7.110362e+01  4.370693e+01  0.000000e+00
     vertex -7.110362e+01 -4.370693e+01  0.000000e+00
   endloop
 endfacet
 facet normal  0.000000e+00  0.000000e+00  1.000000e+00
   outer loop
     vertex -7.106773e+01  4.367714e+01  0.000000e+00
     vertex -7.110362e+01 -4.370693e+01  0.000000e+00
     vertex -7.106773e+01 -4.367714e+01  0.000000e+00
   endloop
 endfacet
 facet normal  0.000000e+00  0.000000e+00  1.000000e+00
   outer loop
     vertex -7.133015e+01  4.394137e+01  0.000000e+00
     vertex -7.130061e+01 -4.390528e+01  0.000000e+00
     vertex -7.130061e+01  4.390528e+01  0.000000e+00
   endloop
 endfacet
 facet normal  0.000000e+00  0.000000e+00  1.000000e+00
   outer loop
     vertex -7.133015e+01  4.394137e+01  0.000000e+00
     vertex -7.133015e+01 -4.394137e+01  0.000000e+00
     vertex -7.130061e+01 -4.390528e+01  0.000000e+00
   endloop
 endfacet
 facet normal  0.000000e+00  0.000000e+00  1.000000e+00
   outer loop
     vertex -7.103104e+01  4.364835e+01  0.000000e+00
     vertex -7.106773e+01 -4.367714e+01  0.000000e+00
     vertex -7.103104e+01 -4.364835e+01  0.000000e+00
   endloop
 endfacet
 facet normal  0.000000e+00  0.000000e+00  1.000000e+00
   outer loop
     vertex -7.103104e+01  4.364835e+01  0.000000e+00
     vertex -7.106773e+01  4.367714e+01  0.000000e+00
     vertex -7.106773e+01 -4.367714e+01  0.000000e+00
   endloop
 endfacet
 facet normal  0.000000e+00  0.000000e+00  1.000000e+00
   outer loop
     vertex -7.135869e+01  4.397826e+01  0.000000e+00
     vertex -7.133015e+01 -4.394137e+01  0.000000e+00
     vertex -7.133015e+01  4.394137e+01  0.000000e+00
   endloop
 endfacet
 facet normal  0.000000e+00  0.000000e+00  1.000000e+00
   outer loop
     vertex -7.135869e+01  4.397826e+01  0.000000e+00
     vertex -7.135869e+01 -4.397826e+01  0.000000e+00
     vertex -7.133015e+01 -4.394137e+01  0.000000e+00
   endloop
 endfacet
 facet normal  0.000000e+00  0.000000e+00  1.000000e+00
   outer loop
     vertex -7.099357e+01  4.362057e+01  0.000000e+00
     vertex -7.099357e+01 -4.362057e+01  0.000000e+00
     vertex -7.095535e+01 -4.359383e+01  0.000000e+00
   endloop
 endfacet
 facet normal  0.000000e+00  0.000000e+00  1.000000e+00
   outer loop
     vertex -7.099357e+01  4.362057e+01  0.000000e+00
     vertex -7.103104e+01 -4.364835e+01  0.000000e+00
     vertex -7.099357e+01 -4.362057e+01  0.000000e+00
   endloop
 endfacet
 facet normal  0.000000e+00  0.000000e+00  1.000000e+00
   outer loop
     vertex -7.099357e+01  4.362057e+01  0.000000e+00
     vertex -7.103104e+01  4.364835e+01  0.000000e+00
     vertex -7.103104e+01 -4.364835e+01  0.000000e+00
   endloop
 endfacet
 facet normal  0.000000e+00  0.000000e+00  1.000000e+00
   outer loop
     vertex -7.138621e+01  4.401592e+01  0.000000e+00
     vertex -7.135869e+01 -4.397826e+01  0.000000e+00
     vertex -7.135869e+01  4.397826e+01  0.000000e+00
   endloop
 endfacet
 facet normal  0.000000e+00  0.000000e+00  1.000000e+00
   outer loop
     vertex -7.138621e+01  4.401592e+01  0.000000e+00
     vertex -7.138621e+01 -4.401592e+01  0.000000e+00
     vertex -7.135869e+01 -4.397826e+01  0.000000e+00
   endloop
 endfacet
 facet normal  0.000000e+00  0.000000e+00  1.000000e+00
   outer loop
     vertex -7.095535e+01  4.359383e+01  0.000000e+00
     vertex -7.099357e+01  4.362057e+01  0.000000e+00
     vertex -7.095535e+01 -4.359383e+01  0.000000e+00
   endloop
 endfacet
 facet normal  0.000000e+00  0.000000e+00  1.000000e+00
   outer loop
     vertex -7.141269e+01  4.405432e+01  0.000000e+00
     vertex -7.141269e+01 -4.405432e+01  0.000000e+00
     vertex -7.138621e+01 -4.401592e+01  0.000000e+00
   endloop
 endfacet
 facet normal  0.000000e+00  0.000000e+00  1.000000e+00
   outer loop
     vertex -7.141269e+01  4.405432e+01  0.000000e+00
     vertex -7.138621e+01 -4.401592e+01  0.000000e+00
     vertex -7.138621e+01  4.401592e+01  0.000000e+00
   endloop
 endfacet
 facet normal  0.000000e+00  0.000000e+00  1.000000e+00
   outer loop
     vertex -7.091641e+01  4.356815e+01  0.000000e+00
     vertex -7.095535e+01  4.359383e+01  0.000000e+00
     vertex -7.095535e+01 -4.359383e+01  0.000000e+00
   endloop
 endfacet
 facet normal  0.000000e+00  0.000000e+00  1.000000e+00
   outer loop
     vertex -7.091641e+01  4.356815e+01  0.000000e+00
     vertex -7.095535e+01 -4.359383e+01  0.000000e+00
     vertex -7.091641e+01 -4.356815e+01  0.000000e+00
   endloop
 endfacet
 facet normal  0.000000e+00  0.000000e+00  1.000000e+00
   outer loop
     vertex -7.087679e+01  4.354355e+01  0.000000e+00
     vertex -7.091641e+01  4.356815e+01  0.000000e+00
     vertex -7.091641e+01 -4.356815e+01  0.000000e+00
   endloop
 endfacet
 facet normal  0.000000e+00  0.000000e+00  1.000000e+00
   outer loop
     vertex -7.087679e+01  4.354355e+01  0.000000e+00
     vertex -7.091641e+01 -4.356815e+01  0.000000e+00
     vertex -7.087679e+01 -4.354355e+01  0.000000e+00
   endloop
 endfacet
 facet normal  0.000000e+00  0.000000e+00  1.000000e+00
   outer loop
     vertex -7.083650e+01  4.352004e+01  0.000000e+00
     vertex -7.087679e+01  4.354355e+01  0.000000e+00
     vertex -7.087679e+01 -4.354355e+01  0.000000e+00
   endloop
 endfacet
 facet normal  0.000000e+00  0.000000e+00  1.000000e+00
   outer loop
     vertex -7.083650e+01  4.352004e+01  0.000000e+00
     vertex -7.087679e+01 -4.354355e+01  0.000000e+00
     vertex -7.083650e+01 -4.352004e+01  0.000000e+00
   endloop
 endfacet
 facet normal  0.000000e+00  0.000000e+00  1.000000e+00
   outer loop
     vertex -7.079558e+01  4.349765e+01  0.000000e+00
     vertex -7.083650e+01  4.352004e+01  0.000000e+00
     vertex -7.083650e+01 -4.352004e+01  0.000000e+00
   endloop
 endfacet
 facet normal  0.000000e+00  0.000000e+00  1.000000e+00
   outer loop
     vertex -7.079558e+01  4.349765e+01  0.000000e+00
     vertex -7.083650e+01 -4.352004e+01  0.000000e+00
     vertex -7.079558e+01 -4.349765e+01  0.000000e+00
   endloop
 endfacet
 facet normal  0.000000e+00  0.000000e+00  1.000000e+00
   outer loop
     vertex -7.075407e+01  4.347639e+01  0.000000e+00
     vertex -7.079558e+01  4.349765e+01  0.000000e+00
     vertex -7.079558e+01 -4.349765e+01  0.000000e+00
   endloop
 endfacet
 facet normal  0.000000e+00  0.000000e+00  1.000000e+00
   outer loop
     vertex -7.075407e+01  4.347639e+01  0.000000e+00
     vertex -7.079558e+01 -4.349765e+01  0.000000e+00
     vertex -7.075407e+01 -4.347639e+01  0.000000e+00
   endloop
 endfacet
 facet normal  0.000000e+00  0.000000e+00  1.000000e+00
   outer loop
     vertex -7.071199e+01  4.345628e+01  0.000000e+00
     vertex -7.075407e+01  4.347639e+01  0.000000e+00
     vertex -7.075407e+01 -4.347639e+01  0.000000e+00
   endloop
 endfacet
 facet normal  0.000000e+00  0.000000e+00  1.000000e+00
   outer loop
     vertex -7.071199e+01  4.345628e+01  0.000000e+00
     vertex -7.075407e+01 -4.347639e+01  0.000000e+00
     vertex -7.071199e+01 -4.345628e+01  0.000000e+00
   endloop
 endfacet
 facet normal  0.000000e+00  0.000000e+00  1.000000e+00
   outer loop
     vertex -7.066937e+01  4.343733e+01  0.000000e+00
     vertex -7.071199e+01  4.345628e+01  0.000000e+00
     vertex -7.071199e+01 -4.345628e+01  0.000000e+00
   endloop
 endfacet
 facet normal  0.000000e+00  0.000000e+00  1.000000e+00
   outer loop
     vertex -7.066937e+01  4.343733e+01  0.000000e+00
     vertex -7.071199e+01 -4.345628e+01  0.000000e+00
     vertex -7.066937e+01 -4.343733e+01  0.000000e+00
   endloop
 endfacet
 facet normal  0.000000e+00  0.000000e+00  1.000000e+00
   outer loop
     vertex -7.062625e+01  4.341955e+01  0.000000e+00
     vertex -7.066937e+01  4.343733e+01  0.000000e+00
     vertex -7.066937e+01 -4.343733e+01  0.000000e+00
   endloop
 endfacet
 facet normal  0.000000e+00  0.000000e+00  1.000000e+00
   outer loop
     vertex -7.062625e+01  4.341955e+01  0.000000e+00
     vertex -7.066937e+01 -4.343733e+01  0.000000e+00
     vertex -7.062625e+01 -4.341955e+01  0.000000e+00
   endloop
 endfacet
 facet normal  0.000000e+00  0.000000e+00  1.000000e+00
   outer loop
     vertex -7.058265e+01  4.340297e+01  0.000000e+00
     vertex -7.062625e+01  4.341955e+01  0.000000e+00
     vertex -7.062625e+01 -4.341955e+01  0.000000e+00
   endloop
 endfacet
 facet normal  0.000000e+00  0.000000e+00  1.000000e+00
   outer loop
     vertex -7.058265e+01  4.340297e+01  0.000000e+00
     vertex -7.062625e+01 -4.341955e+01  0.000000e+00
     vertex -7.058265e+01 -4.340297e+01  0.000000e+00
   endloop
 endfacet
 facet normal  0.000000e+00  0.000000e+00  1.000000e+00
   outer loop
     vertex -7.053862e+01  4.338758e+01  0.000000e+00
     vertex -7.058265e+01  4.340297e+01  0.000000e+00
     vertex -7.058265e+01 -4.340297e+01  0.000000e+00
   endloop
 endfacet
 facet normal  0.000000e+00  0.000000e+00  1.000000e+00
   outer loop
     vertex -7.053862e+01  4.338758e+01  0.000000e+00
     vertex -7.058265e+01 -4.340297e+01  0.000000e+00
     vertex -7.053862e+01 -4.338758e+01  0.000000e+00
   endloop
 endfacet
 facet normal  0.000000e+00  0.000000e+00  1.000000e+00
   outer loop
     vertex -7.049418e+01  4.337341e+01  0.000000e+00
     vertex -7.053862e+01  4.338758e+01  0.000000e+00
     vertex -7.053862e+01 -4.338758e+01  0.000000e+00
   endloop
 endfacet
 facet normal  0.000000e+00  0.000000e+00  1.000000e+00
   outer loop
     vertex -7.049418e+01  4.337341e+01  0.000000e+00
     vertex -7.053862e+01 -4.338758e+01  0.000000e+00
     vertex -7.049418e+01 -4.337341e+01  0.000000e+00
   endloop
 endfacet
 facet normal  0.000000e+00  0.000000e+00  1.000000e+00
   outer loop
     vertex -7.044937e+01  4.336047e+01  0.000000e+00
     vertex -7.049418e+01  4.337341e+01  0.000000e+00
     vertex -7.049418e+01 -4.337341e+01  0.000000e+00
   endloop
 endfacet
 facet normal  0.000000e+00  0.000000e+00  1.000000e+00
   outer loop
     vertex -7.044937e+01  4.336047e+01  0.000000e+00
     vertex -7.049418e+01 -4.337341e+01  0.000000e+00
     vertex -7.044937e+01 -4.336047e+01  0.000000e+00
   endloop
 endfacet
 facet normal  0.000000e+00  0.000000e+00  1.000000e+00
   outer loop
     vertex -7.040422e+01  4.334876e+01  0.000000e+00
     vertex -7.044937e+01  4.336047e+01  0.000000e+00
     vertex -7.044937e+01 -4.336047e+01  0.000000e+00
   endloop
 endfacet
 facet normal  0.000000e+00  0.000000e+00  1.000000e+00
   outer loop
     vertex -7.040422e+01  4.334876e+01  0.000000e+00
     vertex -7.044937e+01 -4.336047e+01  0.000000e+00
     vertex -7.040422e+01 -4.334876e+01  0.000000e+00
   endloop
 endfacet
 facet normal  0.000000e+00  0.000000e+00  1.000000e+00
   outer loop
     vertex -7.035877e+01  4.333829e+01  0.000000e+00
     vertex -7.040422e+01  4.334876e+01  0.000000e+00
     vertex -7.040422e+01 -4.334876e+01  0.000000e+00
   endloop
 endfacet
 facet normal  0.000000e+00  0.000000e+00  1.000000e+00
   outer loop
     vertex -7.035877e+01  4.333829e+01  0.000000e+00
     vertex -7.040422e+01 -4.334876e+01  0.000000e+00
     vertex -7.035877e+01 -4.333829e+01  0.000000e+00
   endloop
 endfacet
 facet normal  0.000000e+00  0.000000e+00  1.000000e+00
   outer loop
     vertex -7.031305e+01  4.332907e+01  0.000000e+00
     vertex -7.035877e+01  4.333829e+01  0.000000e+00
     vertex -7.035877e+01 -4.333829e+01  0.000000e+00
   endloop
 endfacet
 facet normal  0.000000e+00  0.000000e+00  1.000000e+00
   outer loop
     vertex -7.031305e+01  4.332907e+01  0.000000e+00
     vertex -7.035877e+01 -4.333829e+01  0.000000e+00
     vertex -7.031305e+01 -4.332907e+01  0.000000e+00
   endloop
 endfacet
 facet normal  0.000000e+00  0.000000e+00  1.000000e+00
   outer loop
     vertex -7.026709e+01  4.332111e+01  0.000000e+00
     vertex -7.031305e+01  4.332907e+01  0.000000e+00
     vertex -7.031305e+01 -4.332907e+01  0.000000e+00
   endloop
 endfacet
 facet normal  0.000000e+00  0.000000e+00  1.000000e+00
   outer loop
     vertex -7.026709e+01  4.332111e+01  0.000000e+00
     vertex -7.026709e+01 -4.332111e+01  0.000000e+00
     vertex -7.022093e+01 -4.331442e+01  0.000000e+00
   endloop
 endfacet
 facet normal  0.000000e+00  0.000000e+00  1.000000e+00
   outer loop
     vertex -7.026709e+01  4.332111e+01  0.000000e+00
     vertex -7.031305e+01 -4.332907e+01  0.000000e+00
     vertex -7.026709e+01 -4.332111e+01  0.000000e+00
   endloop
 endfacet
 facet normal  0.000000e+00  0.000000e+00  1.000000e+00
   outer loop
     vertex -7.022093e+01  4.331442e+01  0.000000e+00
     vertex -7.026709e+01  4.332111e+01  0.000000e+00
     vertex -7.022093e+01 -4.331442e+01  0.000000e+00
   endloop
 endfacet
 facet normal  0.000000e+00  0.000000e+00  1.000000e+00
   outer loop
     vertex -7.017461e+01  4.330899e+01  0.000000e+00
     vertex -7.022093e+01  4.331442e+01  0.000000e+00
     vertex -7.022093e+01 -4.331442e+01  0.000000e+00
   endloop
 endfacet
 facet normal  0.000000e+00  0.000000e+00  1.000000e+00
   outer loop
     vertex -7.017461e+01  4.330899e+01  0.000000e+00
     vertex -7.022093e+01 -4.331442e+01  0.000000e+00
     vertex -7.017461e+01 -4.330899e+01  0.000000e+00
   endloop
 endfacet
 facet normal  0.000000e+00  0.000000e+00  1.000000e+00
   outer loop
     vertex -7.012815e+01  4.330484e+01  0.000000e+00
     vertex -7.017461e+01  4.330899e+01  0.000000e+00
     vertex -7.017461e+01 -4.330899e+01  0.000000e+00
   endloop
 endfacet
 facet normal  0.000000e+00  0.000000e+00  1.000000e+00
   outer loop
     vertex -7.012815e+01  4.330484e+01  0.000000e+00
     vertex -7.017461e+01 -4.330899e+01  0.000000e+00
     vertex -7.012815e+01 -4.330484e+01  0.000000e+00
   endloop
 endfacet
 facet normal  0.000000e+00  0.000000e+00  1.000000e+00
   outer loop
     vertex -7.008160e+01  4.330196e+01  0.000000e+00
     vertex -7.012815e+01 -4.330484e+01  0.000000e+00
     vertex -7.008160e+01 -4.330196e+01  0.000000e+00
   endloop
 endfacet
 facet normal  0.000000e+00  0.000000e+00  1.000000e+00
   outer loop
     vertex -7.008160e+01  4.330196e+01  0.000000e+00
     vertex -7.012815e+01  4.330484e+01  0.000000e+00
     vertex -7.012815e+01 -4.330484e+01  0.000000e+00
   endloop
 endfacet
 facet normal  0.000000e+00  0.000000e+00  1.000000e+00
   outer loop
     vertex -7.003498e+01  4.330036e+01  0.000000e+00
     vertex -7.008160e+01  4.330196e+01  0.000000e+00
     vertex -7.008160e+01 -4.330196e+01  0.000000e+00
   endloop
 endfacet
 facet normal  0.000000e+00  0.000000e+00  1.000000e+00
   outer loop
     vertex -7.003498e+01  4.330036e+01  0.000000e+00
     vertex -7.008160e+01 -4.330196e+01  0.000000e+00
     vertex -7.003498e+01 -4.330036e+01  0.000000e+00
   endloop
 endfacet
 facet normal  0.000000e+00  0.000000e+00  1.000000e+00
   outer loop
     vertex -6.998834e+01  4.330004e+01  0.000000e+00
     vertex -7.003498e+01  4.330036e+01  0.000000e+00
     vertex -7.003498e+01 -4.330036e+01  0.000000e+00
   endloop
 endfacet
 facet normal  0.000000e+00  0.000000e+00  1.000000e+00
   outer loop
     vertex -6.998834e+01  4.330004e+01  0.000000e+00
     vertex -7.003498e+01 -4.330036e+01  0.000000e+00
     vertex -6.998834e+01 -4.330004e+01  0.000000e+00
   endloop
 endfacet
 facet normal  0.000000e+00  0.000000e+00  1.000000e+00
   outer loop
     vertex -6.994171e+01  4.330100e+01  0.000000e+00
     vertex -6.994171e+01 -4.330100e+01  0.000000e+00
     vertex -6.989512e+01 -4.330324e+01  0.000000e+00
   endloop
 endfacet
 facet normal  0.000000e+00  0.000000e+00  1.000000e+00
   outer loop
     vertex -6.994171e+01  4.330100e+01  0.000000e+00
     vertex -6.998834e+01 -4.330004e+01  0.000000e+00
     vertex -6.994171e+01 -4.330100e+01  0.000000e+00
   endloop
 endfacet
 facet normal  0.000000e+00  0.000000e+00  1.000000e+00
   outer loop
     vertex -6.994171e+01  4.330100e+01  0.000000e+00
     vertex -6.998834e+01  4.330004e+01  0.000000e+00
     vertex -6.998834e+01 -4.330004e+01  0.000000e+00
   endloop
 endfacet
 facet normal  0.000000e+00  0.000000e+00  1.000000e+00
   outer loop
     vertex -6.989512e+01  4.330324e+01  0.000000e+00
     vertex -6.989512e+01 -4.330324e+01  0.000000e+00
     vertex -6.984861e+01 -4.330675e+01  0.000000e+00
   endloop
 endfacet
 facet normal  0.000000e+00  0.000000e+00  1.000000e+00
   outer loop
     vertex -6.989512e+01  4.330324e+01  0.000000e+00
     vertex -6.994171e+01  4.330100e+01  0.000000e+00
     vertex -6.989512e+01 -4.330324e+01  0.000000e+00
   endloop
 endfacet
 facet normal  0.000000e+00  0.000000e+00  1.000000e+00
   outer loop
     vertex -6.984861e+01  4.330675e+01  0.000000e+00
     vertex -6.989512e+01  4.330324e+01  0.000000e+00
     vertex -6.984861e+01 -4.330675e+01  0.000000e+00
   endloop
 endfacet
 facet normal  0.000000e+00  0.000000e+00  1.000000e+00
   outer loop
     vertex -6.980221e+01  4.331154e+01  0.000000e+00
     vertex -6.984861e+01 -4.330675e+01  0.000000e+00
     vertex -6.980221e+01 -4.331154e+01  0.000000e+00
   endloop
 endfacet
 facet normal  0.000000e+00  0.000000e+00  1.000000e+00
   outer loop
     vertex -6.980221e+01  4.331154e+01  0.000000e+00
     vertex -6.984861e+01  4.330675e+01  0.000000e+00
     vertex -6.984861e+01 -4.330675e+01  0.000000e+00
   endloop
 endfacet
 facet normal  0.000000e+00  0.000000e+00  1.000000e+00
   outer loop
     vertex -6.975597e+01  4.331761e+01  0.000000e+00
     vertex -6.980221e+01  4.331154e+01  0.000000e+00
     vertex -6.980221e+01 -4.331154e+01  0.000000e+00
   endloop
 endfacet
 facet normal  0.000000e+00  0.000000e+00  1.000000e+00
   outer loop
     vertex -6.975597e+01  4.331761e+01  0.000000e+00
     vertex -6.980221e+01 -4.331154e+01  0.000000e+00
     vertex -6.975597e+01 -4.331761e+01  0.000000e+00
   endloop
 endfacet
 facet normal  0.000000e+00  0.000000e+00  1.000000e+00
   outer loop
     vertex -6.970990e+01  4.332493e+01  0.000000e+00
     vertex -6.975597e+01  4.331761e+01  0.000000e+00
     vertex -6.975597e+01 -4.331761e+01  0.000000e+00
   endloop
 endfacet
 facet normal  0.000000e+00  0.000000e+00  1.000000e+00
   outer loop
     vertex -6.970990e+01  4.332493e+01  0.000000e+00
     vertex -6.970990e+01 -4.332493e+01  0.000000e+00
     vertex -6.966406e+01 -4.333352e+01  0.000000e+00
   endloop
 endfacet
 facet normal  0.000000e+00  0.000000e+00  1.000000e+00
   outer loop
     vertex -6.970990e+01  4.332493e+01  0.000000e+00
     vertex -6.975597e+01 -4.331761e+01  0.000000e+00
     vertex -6.970990e+01 -4.332493e+01  0.000000e+00
   endloop
 endfacet
 facet normal  0.000000e+00  0.000000e+00  1.000000e+00
   outer loop
     vertex -6.966406e+01  4.333352e+01  0.000000e+00
     vertex -6.970990e+01  4.332493e+01  0.000000e+00
     vertex -6.966406e+01 -4.333352e+01  0.000000e+00
   endloop
 endfacet
 facet normal  0.000000e+00  0.000000e+00  1.000000e+00
   outer loop
     vertex -6.961847e+01  4.334337e+01  0.000000e+00
     vertex -6.966406e+01  4.333352e+01  0.000000e+00
     vertex -6.966406e+01 -4.333352e+01  0.000000e+00
   endloop
 endfacet
 facet normal  0.000000e+00  0.000000e+00  1.000000e+00
   outer loop
     vertex -6.961847e+01  4.334337e+01  0.000000e+00
     vertex -6.961847e+01 -4.334337e+01  0.000000e+00
     vertex -6.957316e+01 -4.335446e+01  0.000000e+00
   endloop
 endfacet
 facet normal  0.000000e+00  0.000000e+00  1.000000e+00
   outer loop
     vertex -6.961847e+01  4.334337e+01  0.000000e+00
     vertex -6.966406e+01 -4.333352e+01  0.000000e+00
     vertex -6.961847e+01 -4.334337e+01  0.000000e+00
   endloop
 endfacet
 facet normal  0.000000e+00  0.000000e+00  1.000000e+00
   outer loop
     vertex -6.957316e+01  4.335446e+01  0.000000e+00
     vertex -6.961847e+01  4.334337e+01  0.000000e+00
     vertex -6.957316e+01 -4.335446e+01  0.000000e+00
   endloop
 endfacet
 facet normal  0.000000e+00  0.000000e+00  1.000000e+00
   outer loop
     vertex -6.952818e+01  4.336679e+01  0.000000e+00
     vertex -6.957316e+01 -4.335446e+01  0.000000e+00
     vertex -6.952818e+01 -4.336679e+01  0.000000e+00
   endloop
 endfacet
 facet normal  0.000000e+00  0.000000e+00  1.000000e+00
   outer loop
     vertex -6.952818e+01  4.336679e+01  0.000000e+00
     vertex -6.957316e+01  4.335446e+01  0.000000e+00
     vertex -6.957316e+01 -4.335446e+01  0.000000e+00
   endloop
 endfacet
 facet normal  0.000000e+00  0.000000e+00  1.000000e+00
   outer loop
     vertex -6.948355e+01  4.338035e+01  0.000000e+00
     vertex -6.952818e+01  4.336679e+01  0.000000e+00
     vertex -6.952818e+01 -4.336679e+01  0.000000e+00
   endloop
 endfacet
 facet normal  0.000000e+00  0.000000e+00  1.000000e+00
   outer loop
     vertex -6.948355e+01  4.338035e+01  0.000000e+00
     vertex -6.952818e+01 -4.336679e+01  0.000000e+00
     vertex -6.948355e+01 -4.338035e+01  0.000000e+00
   endloop
 endfacet
 facet normal  0.000000e+00  0.000000e+00  1.000000e+00
   outer loop
     vertex -6.943931e+01  4.339512e+01  0.000000e+00
     vertex -6.948355e+01  4.338035e+01  0.000000e+00
     vertex -6.948355e+01 -4.338035e+01  0.000000e+00
   endloop
 endfacet
 facet normal  0.000000e+00  0.000000e+00  1.000000e+00
   outer loop
     vertex -6.943931e+01  4.339512e+01  0.000000e+00
     vertex -6.948355e+01 -4.338035e+01  0.000000e+00
     vertex -6.943931e+01 -4.339512e+01  0.000000e+00
   endloop
 endfacet
 facet normal  0.000000e+00  0.000000e+00  1.000000e+00
   outer loop
     vertex -6.939549e+01  4.341111e+01  0.000000e+00
     vertex -6.943931e+01  4.339512e+01  0.000000e+00
     vertex -6.943931e+01 -4.339512e+01  0.000000e+00
   endloop
 endfacet
 facet normal  0.000000e+00  0.000000e+00  1.000000e+00
   outer loop
     vertex -6.939549e+01  4.341111e+01  0.000000e+00
     vertex -6.943931e+01 -4.339512e+01  0.000000e+00
     vertex -6.939549e+01 -4.341111e+01  0.000000e+00
   endloop
 endfacet
 facet normal  0.000000e+00  0.000000e+00  1.000000e+00
   outer loop
     vertex -6.935213e+01  4.342829e+01  0.000000e+00
     vertex -6.939549e+01  4.341111e+01  0.000000e+00
     vertex -6.939549e+01 -4.341111e+01  0.000000e+00
   endloop
 endfacet
 facet normal  0.000000e+00  0.000000e+00  1.000000e+00
   outer loop
     vertex -6.935213e+01  4.342829e+01  0.000000e+00
     vertex -6.939549e+01 -4.341111e+01  0.000000e+00
     vertex -6.935213e+01 -4.342829e+01  0.000000e+00
   endloop
 endfacet
 facet normal  0.000000e+00  0.000000e+00  1.000000e+00
   outer loop
     vertex -6.930926e+01  4.344666e+01  0.000000e+00
     vertex -6.935213e+01  4.342829e+01  0.000000e+00
     vertex -6.935213e+01 -4.342829e+01  0.000000e+00
   endloop
 endfacet
 facet normal  0.000000e+00  0.000000e+00  1.000000e+00
   outer loop
     vertex -6.930926e+01  4.344666e+01  0.000000e+00
     vertex -6.935213e+01 -4.342829e+01  0.000000e+00
     vertex -6.930926e+01 -4.344666e+01  0.000000e+00
   endloop
 endfacet
 facet normal  0.000000e+00  0.000000e+00  1.000000e+00
   outer loop
     vertex -6.926690e+01  4.346619e+01  0.000000e+00
     vertex -6.930926e+01 -4.344666e+01  0.000000e+00
     vertex -6.926690e+01 -4.346619e+01  0.000000e+00
   endloop
 endfacet
 facet normal  0.000000e+00  0.000000e+00  1.000000e+00
   outer loop
     vertex -6.926690e+01  4.346619e+01  0.000000e+00
     vertex -6.930926e+01  4.344666e+01  0.000000e+00
     vertex -6.930926e+01 -4.344666e+01  0.000000e+00
   endloop
 endfacet
 facet normal  0.000000e+00  0.000000e+00  1.000000e+00
   outer loop
     vertex -6.922510e+01  4.348688e+01  0.000000e+00
     vertex -6.926690e+01 -4.346619e+01  0.000000e+00
     vertex -6.922510e+01 -4.348688e+01  0.000000e+00
   endloop
 endfacet
 facet normal  0.000000e+00  0.000000e+00  1.000000e+00
   outer loop
     vertex -6.922510e+01  4.348688e+01  0.000000e+00
     vertex -6.926690e+01  4.346619e+01  0.000000e+00
     vertex -6.926690e+01 -4.346619e+01  0.000000e+00
   endloop
 endfacet
 facet normal  0.000000e+00  0.000000e+00  1.000000e+00
   outer loop
     vertex -6.918388e+01  4.350871e+01  0.000000e+00
     vertex -6.922510e+01 -4.348688e+01  0.000000e+00
     vertex -6.918388e+01 -4.350871e+01  0.000000e+00
   endloop
 endfacet
 facet normal  0.000000e+00  0.000000e+00  1.000000e+00
   outer loop
     vertex -6.918388e+01  4.350871e+01  0.000000e+00
     vertex -6.922510e+01  4.348688e+01  0.000000e+00
     vertex -6.922510e+01 -4.348688e+01  0.000000e+00
   endloop
 endfacet
 facet normal  0.000000e+00  0.000000e+00  1.000000e+00
   outer loop
     vertex -6.914328e+01  4.353166e+01  0.000000e+00
     vertex -6.918388e+01  4.350871e+01  0.000000e+00
     vertex -6.918388e+01 -4.350871e+01  0.000000e+00
   endloop
 endfacet
 facet normal  0.000000e+00  0.000000e+00  1.000000e+00
   outer loop
     vertex -6.914328e+01  4.353166e+01  0.000000e+00
     vertex -6.918388e+01 -4.350871e+01  0.000000e+00
     vertex -6.914328e+01 -4.353166e+01  0.000000e+00
   endloop
 endfacet
 facet normal  0.000000e+00  0.000000e+00  1.000000e+00
   outer loop
     vertex -6.910332e+01  4.355572e+01  0.000000e+00
     vertex -6.914328e+01  4.353166e+01  0.000000e+00
     vertex -6.914328e+01 -4.353166e+01  0.000000e+00
   endloop
 endfacet
 facet normal  0.000000e+00  0.000000e+00  1.000000e+00
   outer loop
     vertex -6.910332e+01  4.355572e+01  0.000000e+00
     vertex -6.910332e+01 -4.355572e+01  0.000000e+00
     vertex -6.906403e+01 -4.358086e+01  0.000000e+00
   endloop
 endfacet
 facet normal  0.000000e+00  0.000000e+00  1.000000e+00
   outer loop
     vertex -6.910332e+01  4.355572e+01  0.000000e+00
     vertex -6.914328e+01 -4.353166e+01  0.000000e+00
     vertex -6.910332e+01 -4.355572e+01  0.000000e+00
   endloop
 endfacet
 facet normal  0.000000e+00  0.000000e+00  1.000000e+00
   outer loop
     vertex -6.906403e+01  4.358086e+01  0.000000e+00
     vertex -6.910332e+01  4.355572e+01  0.000000e+00
     vertex -6.906403e+01 -4.358086e+01  0.000000e+00
   endloop
 endfacet
 facet normal  0.000000e+00  0.000000e+00  1.000000e+00
   outer loop
     vertex -6.902545e+01  4.360707e+01  0.000000e+00
     vertex -6.906403e+01 -4.358086e+01  0.000000e+00
     vertex -6.902545e+01 -4.360707e+01  0.000000e+00
   endloop
 endfacet
 facet normal  0.000000e+00  0.000000e+00  1.000000e+00
   outer loop
     vertex -6.902545e+01  4.360707e+01  0.000000e+00
     vertex -6.906403e+01  4.358086e+01  0.000000e+00
     vertex -6.906403e+01 -4.358086e+01  0.000000e+00
   endloop
 endfacet
 facet normal  0.000000e+00  0.000000e+00  1.000000e+00
   outer loop
     vertex -6.898760e+01  4.363433e+01  0.000000e+00
     vertex -6.902545e+01  4.360707e+01  0.000000e+00
     vertex -6.902545e+01 -4.360707e+01  0.000000e+00
   endloop
 endfacet
 facet normal  0.000000e+00  0.000000e+00  1.000000e+00
   outer loop
     vertex -6.898760e+01  4.363433e+01  0.000000e+00
     vertex -6.902545e+01 -4.360707e+01  0.000000e+00
     vertex -6.898760e+01 -4.363433e+01  0.000000e+00
   endloop
 endfacet
 facet normal  0.000000e+00  0.000000e+00  1.000000e+00
   outer loop
     vertex -6.895052e+01  4.366262e+01  0.000000e+00
     vertex -6.895052e+01 -4.366262e+01  0.000000e+00
     vertex -6.891422e+01 -4.369191e+01  0.000000e+00
   endloop
 endfacet
 facet normal  0.000000e+00  0.000000e+00  1.000000e+00
   outer loop
     vertex -6.895052e+01  4.366262e+01  0.000000e+00
     vertex -6.898760e+01 -4.363433e+01  0.000000e+00
     vertex -6.895052e+01 -4.366262e+01  0.000000e+00
   endloop
 endfacet
 facet normal  0.000000e+00  0.000000e+00  1.000000e+00
   outer loop
     vertex -6.895052e+01  4.366262e+01  0.000000e+00
     vertex -6.898760e+01  4.363433e+01  0.000000e+00
     vertex -6.898760e+01 -4.363433e+01  0.000000e+00
   endloop
 endfacet
 facet normal  0.000000e+00  0.000000e+00  1.000000e+00
   outer loop
     vertex -6.891422e+01  4.369191e+01  0.000000e+00
     vertex -6.895052e+01  4.366262e+01  0.000000e+00
     vertex -6.891422e+01 -4.369191e+01  0.000000e+00
   endloop
 endfacet
 facet normal  0.000000e+00  0.000000e+00  1.000000e+00
   outer loop
     vertex -6.887875e+01  4.372219e+01  0.000000e+00
     vertex -6.887875e+01 -4.372219e+01  0.000000e+00
     vertex -6.884411e+01 -4.375343e+01  0.000000e+00
   endloop
 endfacet
 facet normal  0.000000e+00  0.000000e+00  1.000000e+00
   outer loop
     vertex -6.887875e+01  4.372219e+01  0.000000e+00
     vertex -6.891422e+01 -4.369191e+01  0.000000e+00
     vertex -6.887875e+01 -4.372219e+01  0.000000e+00
   endloop
 endfacet
 facet normal  0.000000e+00  0.000000e+00  1.000000e+00
   outer loop
     vertex -6.887875e+01  4.372219e+01  0.000000e+00
     vertex -6.891422e+01  4.369191e+01  0.000000e+00
     vertex -6.891422e+01 -4.369191e+01  0.000000e+00
   endloop
 endfacet
 facet normal  0.000000e+00  0.000000e+00  1.000000e+00
   outer loop
     vertex -6.884411e+01  4.375343e+01  0.000000e+00
     vertex -6.887875e+01  4.372219e+01  0.000000e+00
     vertex -6.884411e+01 -4.375343e+01  0.000000e+00
   endloop
 endfacet
 facet normal  0.000000e+00  0.000000e+00  1.000000e+00
   outer loop
     vertex -6.881035e+01  4.378561e+01  0.000000e+00
     vertex -6.884411e+01 -4.375343e+01  0.000000e+00
     vertex -6.881035e+01 -4.378561e+01  0.000000e+00
   endloop
 endfacet
 facet normal  0.000000e+00  0.000000e+00  1.000000e+00
   outer loop
     vertex -6.881035e+01  4.378561e+01  0.000000e+00
     vertex -6.884411e+01  4.375343e+01  0.000000e+00
     vertex -6.884411e+01 -4.375343e+01  0.000000e+00
   endloop
 endfacet
 facet normal  0.000000e+00  0.000000e+00  1.000000e+00
   outer loop
     vertex -8.000000e+01  5.500000e+01  0.000000e+00
     vertex -8.000000e+01 -5.500000e+01  0.000000e+00
     vertex -7.141269e+01 -4.405432e+01  0.000000e+00
   endloop
 endfacet
 facet normal  0.000000e+00  0.000000e+00  1.000000e+00
   outer loop
     vertex -8.000000e+01  5.500000e+01  0.000000e+00
     vertex -7.123861e+01  4.616441e+01  0.000000e+00
     vertex -7.120620e+01  4.619795e+01  0.000000e+00
   endloop
 endfacet
 facet normal  0.000000e+00  0.000000e+00  1.000000e+00
   outer loop
     vertex -8.000000e+01  5.500000e+01  0.000000e+00
     vertex -7.127009e+01  4.612999e+01  0.000000e+00
     vertex -7.123861e+01  4.616441e+01  0.000000e+00
   endloop
 endfacet
 facet normal  0.000000e+00  0.000000e+00  1.000000e+00
   outer loop
     vertex -8.000000e+01  5.500000e+01  0.000000e+00
     vertex -7.130061e+01  4.609472e+01  0.000000e+00
     vertex -7.127009e+01  4.612999e+01  0.000000e+00
   endloop
 endfacet
 facet normal  0.000000e+00  0.000000e+00  1.000000e+00
   outer loop
     vertex -8.000000e+01  5.500000e+01  0.000000e+00
     vertex -7.133015e+01  4.605863e+01  0.000000e+00
     vertex -7.130061e+01  4.609472e+01  0.000000e+00
   endloop
 endfacet
 facet normal  0.000000e+00  0.000000e+00  1.000000e+00
   outer loop
     vertex -8.000000e+01  5.500000e+01  0.000000e+00
     vertex -7.135869e+01  4.602174e+01  0.000000e+00
     vertex -7.133015e+01  4.605863e+01  0.000000e+00
   endloop
 endfacet
 facet normal  0.000000e+00  0.000000e+00  1.000000e+00
   outer loop
     vertex -8.000000e+01  5.500000e+01  0.000000e+00
     vertex -7.138621e+01  4.598408e+01  0.000000e+00
     vertex -7.135869e+01  4.602174e+01  0.000000e+00
   endloop
 endfacet
 facet normal  0.000000e+00  0.000000e+00  1.000000e+00
   outer loop
     vertex -8.000000e+01  5.500000e+01  0.000000e+00
     vertex -7.141269e+01  4.594568e+01  0.000000e+00
     vertex -7.138621e+01  4.598408e+01  0.000000e+00
   endloop
 endfacet
 facet normal  0.000000e+00  0.000000e+00  1.000000e+00
   outer loop
     vertex -8.000000e+01  5.500000e+01  0.000000e+00
     vertex -7.143810e+01  4.590657e+01  0.000000e+00
     vertex -7.141269e+01  4.594568e+01  0.000000e+00
   endloop
 endfacet
 facet normal  0.000000e+00  0.000000e+00  1.000000e+00
   outer loop
     vertex -8.000000e+01  5.500000e+01  0.000000e+00
     vertex -7.146243e+01  4.586678e+01  0.000000e+00
     vertex -7.143810e+01  4.590657e+01  0.000000e+00
   endloop
 endfacet
 facet normal  0.000000e+00  0.000000e+00  1.000000e+00
   outer loop
     vertex -8.000000e+01  5.500000e+01  0.000000e+00
     vertex -7.148566e+01  4.582633e+01  0.000000e+00
     vertex -7.146243e+01  4.586678e+01  0.000000e+00
   endloop
 endfacet
 facet normal  0.000000e+00  0.000000e+00  1.000000e+00
   outer loop
     vertex -8.000000e+01  5.500000e+01  0.000000e+00
     vertex -7.150777e+01  4.578526e+01  0.000000e+00
     vertex -7.148566e+01  4.582633e+01  0.000000e+00
   endloop
 endfacet
 facet normal  0.000000e+00  0.000000e+00  1.000000e+00
   outer loop
     vertex -8.000000e+01  5.500000e+01  0.000000e+00
     vertex -7.152874e+01  4.574360e+01  0.000000e+00
     vertex -7.150777e+01  4.578526e+01  0.000000e+00
   endloop
 endfacet
 facet normal  0.000000e+00  0.000000e+00  1.000000e+00
   outer loop
     vertex -8.000000e+01  5.500000e+01  0.000000e+00
     vertex -7.154857e+01  4.570138e+01  0.000000e+00
     vertex -7.152874e+01  4.574360e+01  0.000000e+00
   endloop
 endfacet
 facet normal  0.000000e+00  0.000000e+00  1.000000e+00
   outer loop
     vertex -8.000000e+01  5.500000e+01  0.000000e+00
     vertex -7.156723e+01  4.565863e+01  0.000000e+00
     vertex -7.154857e+01  4.570138e+01  0.000000e+00
   endloop
 endfacet
 facet normal  0.000000e+00  0.000000e+00  1.000000e+00
   outer loop
     vertex -8.000000e+01  5.500000e+01  0.000000e+00
     vertex -7.158471e+01  4.561539e+01  0.000000e+00
     vertex -7.156723e+01  4.565863e+01  0.000000e+00
   endloop
 endfacet
 facet normal  0.000000e+00  0.000000e+00  1.000000e+00
   outer loop
     vertex -8.000000e+01  5.500000e+01  0.000000e+00
     vertex -7.160099e+01  4.557168e+01  0.000000e+00
     vertex -7.158471e+01  4.561539e+01  0.000000e+00
   endloop
 endfacet
 facet normal  0.000000e+00  0.000000e+00  1.000000e+00
   outer loop
     vertex -8.000000e+01  5.500000e+01  0.000000e+00
     vertex -7.161607e+01  4.552755e+01  0.000000e+00
     vertex -7.160099e+01  4.557168e+01  0.000000e+00
   endloop
 endfacet
 facet normal  0.000000e+00  0.000000e+00  1.000000e+00
   outer loop
     vertex -8.000000e+01  5.500000e+01  0.000000e+00
     vertex -7.162994e+01  4.548301e+01  0.000000e+00
     vertex -7.161607e+01  4.552755e+01  0.000000e+00
   endloop
 endfacet
 facet normal  0.000000e+00  0.000000e+00  1.000000e+00
   outer loop
     vertex -8.000000e+01  5.500000e+01  0.000000e+00
     vertex -7.164258e+01  4.543811e+01  0.000000e+00
     vertex -7.162994e+01  4.548301e+01  0.000000e+00
   endloop
 endfacet
 facet normal  0.000000e+00  0.000000e+00  1.000000e+00
   outer loop
     vertex -8.000000e+01  5.500000e+01  0.000000e+00
     vertex -7.165398e+01  4.539289e+01  0.000000e+00
     vertex -7.164258e+01  4.543811e+01  0.000000e+00
   endloop
 endfacet
 facet normal  0.000000e+00  0.000000e+00  1.000000e+00
   outer loop
     vertex -8.000000e+01  5.500000e+01  0.000000e+00
     vertex -7.166413e+01  4.534736e+01  0.000000e+00
     vertex -7.165398e+01  4.539289e+01  0.000000e+00
   endloop
 endfacet
 facet normal  0.000000e+00  0.000000e+00  1.000000e+00
   outer loop
     vertex -8.000000e+01  5.500000e+01  0.000000e+00
     vertex -7.167304e+01  4.530158e+01  0.000000e+00
     vertex -7.166413e+01  4.534736e+01  0.000000e+00
   endloop
 endfacet
 facet normal  0.000000e+00  0.000000e+00  1.000000e+00
   outer loop
     vertex -8.000000e+01  5.500000e+01  0.000000e+00
     vertex -7.168068e+01  4.525557e+01  0.000000e+00
     vertex -7.167304e+01  4.530158e+01  0.000000e+00
   endloop
 endfacet
 facet normal  0.000000e+00  0.000000e+00  1.000000e+00
   outer loop
     vertex -8.000000e+01  5.500000e+01  0.000000e+00
     vertex -7.168706e+01  4.520936e+01  0.000000e+00
     vertex -7.168068e+01  4.525557e+01  0.000000e+00
   endloop
 endfacet
 facet normal  0.000000e+00  0.000000e+00  1.000000e+00
   outer loop
     vertex -8.000000e+01  5.500000e+01  0.000000e+00
     vertex -7.169217e+01  4.516300e+01  0.000000e+00
     vertex -7.168706e+01  4.520936e+01  0.000000e+00
   endloop
 endfacet
 facet normal  0.000000e+00  0.000000e+00  1.000000e+00
   outer loop
     vertex -8.000000e+01  5.500000e+01  0.000000e+00
     vertex -7.169600e+01  4.511652e+01  0.000000e+00
     vertex -7.169217e+01  4.516300e+01  0.000000e+00
   endloop
 endfacet
 facet normal  0.000000e+00  0.000000e+00  1.000000e+00
   outer loop
     vertex -8.000000e+01  5.500000e+01  0.000000e+00
     vertex -7.169856e+01  4.506995e+01  0.000000e+00
     vertex -7.169600e+01  4.511652e+01  0.000000e+00
   endloop
 endfacet
 facet normal  0.000000e+00  0.000000e+00  1.000000e+00
   outer loop
     vertex -8.000000e+01  5.500000e+01  0.000000e+00
     vertex -7.169984e+01  4.502332e+01  0.000000e+00
     vertex -7.169856e+01  4.506995e+01  0.000000e+00
   endloop
 endfacet
 facet normal  0.000000e+00  0.000000e+00  1.000000e+00
   outer loop
     vertex -8.000000e+01  5.500000e+01  0.000000e+00
     vertex -7.169984e+01  4.497668e+01  0.000000e+00
     vertex -7.169984e+01  4.502332e+01  0.000000e+00
   endloop
 endfacet
 facet normal  0.000000e+00  0.000000e+00  1.000000e+00
   outer loop
     vertex -8.000000e+01  5.500000e+01  0.000000e+00
     vertex -7.169856e+01  4.493005e+01  0.000000e+00
     vertex -7.169984e+01  4.497668e+01  0.000000e+00
   endloop
 endfacet
 facet normal  0.000000e+00  0.000000e+00  1.000000e+00
   outer loop
     vertex -8.000000e+01  5.500000e+01  0.000000e+00
     vertex -7.169600e+01  4.488348e+01  0.000000e+00
     vertex -7.169856e+01  4.493005e+01  0.000000e+00
   endloop
 endfacet
 facet normal  0.000000e+00  0.000000e+00  1.000000e+00
   outer loop
     vertex -8.000000e+01  5.500000e+01  0.000000e+00
     vertex -7.169217e+01  4.483700e+01  0.000000e+00
     vertex -7.169600e+01  4.488348e+01  0.000000e+00
   endloop
 endfacet
 facet normal  0.000000e+00  0.000000e+00  1.000000e+00
   outer loop
     vertex -8.000000e+01  5.500000e+01  0.000000e+00
     vertex -7.168706e+01  4.479064e+01  0.000000e+00
     vertex -7.169217e+01  4.483700e+01  0.000000e+00
   endloop
 endfacet
 facet normal  0.000000e+00  0.000000e+00  1.000000e+00
   outer loop
     vertex -8.000000e+01  5.500000e+01  0.000000e+00
     vertex -7.168068e+01  4.474443e+01  0.000000e+00
     vertex -7.168706e+01  4.479064e+01  0.000000e+00
   endloop
 endfacet
 facet normal  0.000000e+00  0.000000e+00  1.000000e+00
   outer loop
     vertex -8.000000e+01  5.500000e+01  0.000000e+00
     vertex -7.167304e+01  4.469842e+01  0.000000e+00
     vertex -7.168068e+01  4.474443e+01  0.000000e+00
   endloop
 endfacet
 facet normal  0.000000e+00  0.000000e+00  1.000000e+00
   outer loop
     vertex -8.000000e+01  5.500000e+01  0.000000e+00
     vertex -7.166413e+01  4.465264e+01  0.000000e+00
     vertex -7.167304e+01  4.469842e+01  0.000000e+00
   endloop
 endfacet
 facet normal  0.000000e+00  0.000000e+00  1.000000e+00
   outer loop
     vertex -8.000000e+01  5.500000e+01  0.000000e+00
     vertex -7.165398e+01  4.460711e+01  0.000000e+00
     vertex -7.166413e+01  4.465264e+01  0.000000e+00
   endloop
 endfacet
 facet normal  0.000000e+00  0.000000e+00  1.000000e+00
   outer loop
     vertex -8.000000e+01  5.500000e+01  0.000000e+00
     vertex -7.164258e+01  4.456189e+01  0.000000e+00
     vertex -7.165398e+01  4.460711e+01  0.000000e+00
   endloop
 endfacet
 facet normal  0.000000e+00  0.000000e+00  1.000000e+00
   outer loop
     vertex -8.000000e+01  5.500000e+01  0.000000e+00
     vertex -7.162994e+01  4.451699e+01  0.000000e+00
     vertex -7.164258e+01  4.456189e+01  0.000000e+00
   endloop
 endfacet
 facet normal  0.000000e+00  0.000000e+00  1.000000e+00
   outer loop
     vertex -8.000000e+01  5.500000e+01  0.000000e+00
     vertex -7.161607e+01  4.447245e+01  0.000000e+00
     vertex -7.162994e+01  4.451699e+01  0.000000e+00
   endloop
 endfacet
 facet normal  0.000000e+00  0.000000e+00  1.000000e+00
   outer loop
     vertex -8.000000e+01  5.500000e+01  0.000000e+00
     vertex -7.160099e+01  4.442832e+01  0.000000e+00
     vertex -7.161607e+01  4.447245e+01  0.000000e+00
   endloop
 endfacet
 facet normal  0.000000e+00  0.000000e+00  1.000000e+00
   outer loop
     vertex -8.000000e+01  5.500000e+01  0.000000e+00
     vertex -7.158471e+01  4.438461e+01  0.000000e+00
     vertex -7.160099e+01  4.442832e+01  0.000000e+00
   endloop
 endfacet
 facet normal  0.000000e+00  0.000000e+00  1.000000e+00
   outer loop
     vertex -8.000000e+01  5.500000e+01  0.000000e+00
     vertex -7.156723e+01  4.434137e+01  0.000000e+00
     vertex -7.158471e+01  4.438461e+01  0.000000e+00
   endloop
 endfacet
 facet normal  0.000000e+00  0.000000e+00  1.000000e+00
   outer loop
     vertex -8.000000e+01  5.500000e+01  0.000000e+00
     vertex -7.154857e+01  4.429862e+01  0.000000e+00
     vertex -7.156723e+01  4.434137e+01  0.000000e+00
   endloop
 endfacet
 facet normal  0.000000e+00  0.000000e+00  1.000000e+00
   outer loop
     vertex -8.000000e+01  5.500000e+01  0.000000e+00
     vertex -7.152874e+01  4.425640e+01  0.000000e+00
     vertex -7.154857e+01  4.429862e+01  0.000000e+00
   endloop
 endfacet
 facet normal  0.000000e+00  0.000000e+00  1.000000e+00
   outer loop
     vertex -8.000000e+01  5.500000e+01  0.000000e+00
     vertex -7.141269e+01 -4.405432e+01  0.000000e+00
     vertex -7.141269e+01  4.405432e+01  0.000000e+00
   endloop
 endfacet
 facet normal  0.000000e+00  0.000000e+00  1.000000e+00
   outer loop
     vertex -8.000000e+01  5.500000e+01  0.000000e+00
     vertex -7.150777e+01  4.421474e+01  0.000000e+00
     vertex -7.152874e+01  4.425640e+01  0.000000e+00
   endloop
 endfacet
 facet normal  0.000000e+00  0.000000e+00  1.000000e+00
   outer loop
     vertex -8.000000e+01  5.500000e+01  0.000000e+00
     vertex -7.148566e+01  4.417367e+01  0.000000e+00
     vertex -7.150777e+01  4.421474e+01  0.000000e+00
   endloop
 endfacet
 facet normal  0.000000e+00  0.000000e+00  1.000000e+00
   outer loop
     vertex -8.000000e+01  5.500000e+01  0.000000e+00
     vertex -7.146243e+01  4.413322e+01  0.000000e+00
     vertex -7.148566e+01  4.417367e+01  0.000000e+00
   endloop
 endfacet
 facet normal  0.000000e+00  0.000000e+00  1.000000e+00
   outer loop
     vertex -8.000000e+01  5.500000e+01  0.000000e+00
     vertex -7.143810e+01  4.409343e+01  0.000000e+00
     vertex -7.146243e+01  4.413322e+01  0.000000e+00
   endloop
 endfacet
 facet normal  0.000000e+00  0.000000e+00  1.000000e+00
   outer loop
     vertex -8.000000e+01  5.500000e+01  0.000000e+00
     vertex -7.141269e+01  4.405432e+01  0.000000e+00
     vertex -7.143810e+01  4.409343e+01  0.000000e+00
   endloop
 endfacet
 facet normal  0.000000e+00  0.000000e+00  1.000000e+00
   outer loop
     vertex -6.877748e+01  4.381871e+01  0.000000e+00
     vertex -6.877748e+01 -4.381871e+01  0.000000e+00
     vertex -6.874553e+01 -4.385269e+01  0.000000e+00
   endloop
 endfacet
 facet normal  0.000000e+00  0.000000e+00  1.000000e+00
   outer loop
     vertex -6.877748e+01  4.381871e+01  0.000000e+00
     vertex -6.881035e+01 -4.378561e+01  0.000000e+00
     vertex -6.877748e+01 -4.381871e+01  0.000000e+00
   endloop
 endfacet
 facet normal  0.000000e+00  0.000000e+00  1.000000e+00
   outer loop
     vertex -6.877748e+01  4.381871e+01  0.000000e+00
     vertex -6.881035e+01  4.378561e+01  0.000000e+00
     vertex -6.881035e+01 -4.378561e+01  0.000000e+00
   endloop
 endfacet
 facet normal  0.000000e+00  0.000000e+00  1.000000e+00
   outer loop
     vertex -7.117288e+01  4.623059e+01  0.000000e+00
     vertex -8.000000e+01  5.500000e+01  0.000000e+00
     vertex -7.120620e+01  4.619795e+01  0.000000e+00
   endloop
 endfacet
 facet normal  0.000000e+00  0.000000e+00  1.000000e+00
   outer loop
     vertex -6.874553e+01  4.385269e+01  0.000000e+00
     vertex -6.877748e+01  4.381871e+01  0.000000e+00
     vertex -6.874553e+01 -4.385269e+01  0.000000e+00
   endloop
 endfacet
 facet normal  0.000000e+00  0.000000e+00  1.000000e+00
   outer loop
     vertex -7.113868e+01  4.626231e+01  0.000000e+00
     vertex -8.000000e+01  5.500000e+01  0.000000e+00
     vertex -7.117288e+01  4.623059e+01  0.000000e+00
   endloop
 endfacet
 facet normal  0.000000e+00  0.000000e+00  1.000000e+00
   outer loop
     vertex -6.871453e+01  4.388754e+01  0.000000e+00
     vertex -6.874553e+01 -4.385269e+01  0.000000e+00
     vertex -6.871453e+01 -4.388754e+01  0.000000e+00
   endloop
 endfacet
 facet normal  0.000000e+00  0.000000e+00  1.000000e+00
   outer loop
     vertex -6.871453e+01  4.388754e+01  0.000000e+00
     vertex -6.874553e+01  4.385269e+01  0.000000e+00
     vertex -6.874553e+01 -4.385269e+01  0.000000e+00
   endloop
 endfacet
 facet normal  0.000000e+00  0.000000e+00  1.000000e+00
   outer loop
     vertex -7.110362e+01  4.629307e+01  0.000000e+00
     vertex -8.000000e+01  5.500000e+01  0.000000e+00
     vertex -7.113868e+01  4.626231e+01  0.000000e+00
   endloop
 endfacet
 facet normal  0.000000e+00  0.000000e+00  1.000000e+00
   outer loop
     vertex -6.868450e+01  4.392322e+01  0.000000e+00
     vertex -6.871453e+01  4.388754e+01  0.000000e+00
     vertex -6.871453e+01 -4.388754e+01  0.000000e+00
   endloop
 endfacet
 facet normal  0.000000e+00  0.000000e+00  1.000000e+00
   outer loop
     vertex -6.868450e+01  4.392322e+01  0.000000e+00
     vertex -6.868450e+01 -4.392322e+01  0.000000e+00
     vertex -6.865545e+01 -4.395972e+01  0.000000e+00
   endloop
 endfacet
 facet normal  0.000000e+00  0.000000e+00  1.000000e+00
   outer loop
     vertex -6.868450e+01  4.392322e+01  0.000000e+00
     vertex -6.871453e+01 -4.388754e+01  0.000000e+00
     vertex -6.868450e+01 -4.392322e+01  0.000000e+00
   endloop
 endfacet
 facet normal  0.000000e+00  0.000000e+00  1.000000e+00
   outer loop
     vertex -7.106773e+01  4.632286e+01  0.000000e+00
     vertex -8.000000e+01  5.500000e+01  0.000000e+00
     vertex -7.110362e+01  4.629307e+01  0.000000e+00
   endloop
 endfacet
 facet normal  0.000000e+00  0.000000e+00  1.000000e+00
   outer loop
     vertex -6.865545e+01  4.395972e+01  0.000000e+00
     vertex -6.868450e+01  4.392322e+01  0.000000e+00
     vertex -6.865545e+01 -4.395972e+01  0.000000e+00
   endloop
 endfacet
 facet normal  0.000000e+00  0.000000e+00  1.000000e+00
   outer loop
     vertex -7.103104e+01  4.635165e+01  0.000000e+00
     vertex -8.000000e+01  5.500000e+01  0.000000e+00
     vertex -7.106773e+01  4.632286e+01  0.000000e+00
   endloop
 endfacet
 facet normal  0.000000e+00  0.000000e+00  1.000000e+00
   outer loop
     vertex -6.862742e+01  4.399700e+01  0.000000e+00
     vertex -6.865545e+01 -4.395972e+01  0.000000e+00
     vertex -6.862742e+01 -4.399700e+01  0.000000e+00
   endloop
 endfacet
 facet normal  0.000000e+00  0.000000e+00  1.000000e+00
   outer loop
     vertex -6.862742e+01  4.399700e+01  0.000000e+00
     vertex -6.865545e+01  4.395972e+01  0.000000e+00
     vertex -6.865545e+01 -4.395972e+01  0.000000e+00
   endloop
 endfacet
 facet normal  0.000000e+00  0.000000e+00  1.000000e+00
   outer loop
     vertex -7.099357e+01  4.637943e+01  0.000000e+00
     vertex -8.000000e+01  5.500000e+01  0.000000e+00
     vertex -7.103104e+01  4.635165e+01  0.000000e+00
   endloop
 endfacet
 facet normal  0.000000e+00  0.000000e+00  1.000000e+00
   outer loop
     vertex -6.860042e+01  4.403503e+01  0.000000e+00
     vertex -6.862742e+01  4.399700e+01  0.000000e+00
     vertex -6.862742e+01 -4.399700e+01  0.000000e+00
   endloop
 endfacet
 facet normal  0.000000e+00  0.000000e+00  1.000000e+00
   outer loop
     vertex -6.860042e+01  4.403503e+01  0.000000e+00
     vertex -6.862742e+01 -4.399700e+01  0.000000e+00
     vertex -6.860042e+01 -4.403503e+01  0.000000e+00
   endloop
 endfacet
 facet normal  0.000000e+00  0.000000e+00  1.000000e+00
   outer loop
     vertex -7.095535e+01  4.640617e+01  0.000000e+00
     vertex -8.000000e+01  5.500000e+01  0.000000e+00
     vertex -7.099357e+01  4.637943e+01  0.000000e+00
   endloop
 endfacet
 facet normal  0.000000e+00  0.000000e+00  1.000000e+00
   outer loop
     vertex -6.857447e+01  4.407379e+01  0.000000e+00
     vertex -6.860042e+01 -4.403503e+01  0.000000e+00
     vertex -6.857447e+01 -4.407379e+01  0.000000e+00
   endloop
 endfacet
 facet normal  0.000000e+00  0.000000e+00  1.000000e+00
   outer loop
     vertex -6.857447e+01  4.407379e+01  0.000000e+00
     vertex -6.860042e+01  4.403503e+01  0.000000e+00
     vertex -6.860042e+01 -4.403503e+01  0.000000e+00
   endloop
 endfacet
 facet normal  0.000000e+00  0.000000e+00  1.000000e+00
   outer loop
     vertex -7.091641e+01  4.643185e+01  0.000000e+00
     vertex -8.000000e+01  5.500000e+01  0.000000e+00
     vertex -7.095535e+01  4.640617e+01  0.000000e+00
   endloop
 endfacet
 facet normal  0.000000e+00  0.000000e+00  1.000000e+00
   outer loop
     vertex -7.087679e+01  4.645645e+01  0.000000e+00
     vertex -8.000000e+01  5.500000e+01  0.000000e+00
     vertex -7.091641e+01  4.643185e+01  0.000000e+00
   endloop
 endfacet
 facet normal  0.000000e+00  0.000000e+00  1.000000e+00
   outer loop
     vertex -7.083650e+01  4.647996e+01  0.000000e+00
     vertex -8.000000e+01  5.500000e+01  0.000000e+00
     vertex -7.087679e+01  4.645645e+01  0.000000e+00
   endloop
 endfacet
 facet normal  0.000000e+00  0.000000e+00  1.000000e+00
   outer loop
     vertex -7.079558e+01  4.650235e+01  0.000000e+00
     vertex -8.000000e+01  5.500000e+01  0.000000e+00
     vertex -7.083650e+01  4.647996e+01  0.000000e+00
   endloop
 endfacet
 facet normal  0.000000e+00  0.000000e+00  1.000000e+00
   outer loop
     vertex -7.075407e+01  4.652361e+01  0.000000e+00
     vertex -8.000000e+01  5.500000e+01  0.000000e+00
     vertex -7.079558e+01  4.650235e+01  0.000000e+00
   endloop
 endfacet
 facet normal  0.000000e+00  0.000000e+00  1.000000e+00
   outer loop
     vertex -7.071199e+01  4.654372e+01  0.000000e+00
     vertex -8.000000e+01  5.500000e+01  0.000000e+00
     vertex -7.075407e+01  4.652361e+01  0.000000e+00
   endloop
 endfacet
 facet normal  0.000000e+00  0.000000e+00  1.000000e+00
   outer loop
     vertex -7.066937e+01  4.656267e+01  0.000000e+00
     vertex -8.000000e+01  5.500000e+01  0.000000e+00
     vertex -7.071199e+01  4.654372e+01  0.000000e+00
   endloop
 endfacet
 facet normal  0.000000e+00  0.000000e+00  1.000000e+00
   outer loop
     vertex -7.062625e+01  4.658045e+01  0.000000e+00
     vertex -8.000000e+01  5.500000e+01  0.000000e+00
     vertex -7.066937e+01  4.656267e+01  0.000000e+00
   endloop
 endfacet
 facet normal  0.000000e+00  0.000000e+00  1.000000e+00
   outer loop
     vertex -7.058265e+01  4.659703e+01  0.000000e+00
     vertex -8.000000e+01  5.500000e+01  0.000000e+00
     vertex -7.062625e+01  4.658045e+01  0.000000e+00
   endloop
 endfacet
 facet normal  0.000000e+00  0.000000e+00  1.000000e+00
   outer loop
     vertex -7.053862e+01  4.661242e+01  0.000000e+00
     vertex -8.000000e+01  5.500000e+01  0.000000e+00
     vertex -7.058265e+01  4.659703e+01  0.000000e+00
   endloop
 endfacet
 facet normal  0.000000e+00  0.000000e+00  1.000000e+00
   outer loop
     vertex -7.049418e+01  4.662659e+01  0.000000e+00
     vertex -8.000000e+01  5.500000e+01  0.000000e+00
     vertex -7.053862e+01  4.661242e+01  0.000000e+00
   endloop
 endfacet
 facet normal  0.000000e+00  0.000000e+00  1.000000e+00
   outer loop
     vertex -7.044937e+01  4.663953e+01  0.000000e+00
     vertex -8.000000e+01  5.500000e+01  0.000000e+00
     vertex -7.049418e+01  4.662659e+01  0.000000e+00
   endloop
 endfacet
 facet normal  0.000000e+00  0.000000e+00  1.000000e+00
   outer loop
     vertex -7.040422e+01  4.665124e+01  0.000000e+00
     vertex -8.000000e+01  5.500000e+01  0.000000e+00
     vertex -7.044937e+01  4.663953e+01  0.000000e+00
   endloop
 endfacet
 facet normal  0.000000e+00  0.000000e+00  1.000000e+00
   outer loop
     vertex -7.035877e+01  4.666171e+01  0.000000e+00
     vertex -8.000000e+01  5.500000e+01  0.000000e+00
     vertex -7.040422e+01  4.665124e+01  0.000000e+00
   endloop
 endfacet
 facet normal  0.000000e+00  0.000000e+00  1.000000e+00
   outer loop
     vertex -7.031305e+01  4.667093e+01  0.000000e+00
     vertex -8.000000e+01  5.500000e+01  0.000000e+00
     vertex -7.035877e+01  4.666171e+01  0.000000e+00
   endloop
 endfacet
 facet normal  0.000000e+00  0.000000e+00  1.000000e+00
   outer loop
     vertex -7.026709e+01  4.667889e+01  0.000000e+00
     vertex -8.000000e+01  5.500000e+01  0.000000e+00
     vertex -7.031305e+01  4.667093e+01  0.000000e+00
   endloop
 endfacet
 facet normal  0.000000e+00  0.000000e+00  1.000000e+00
   outer loop
     vertex -7.022093e+01  4.668558e+01  0.000000e+00
     vertex -8.000000e+01  5.500000e+01  0.000000e+00
     vertex -7.026709e+01  4.667889e+01  0.000000e+00
   endloop
 endfacet
 facet normal  0.000000e+00  0.000000e+00  1.000000e+00
   outer loop
     vertex -7.017461e+01  4.669101e+01  0.000000e+00
     vertex -8.000000e+01  5.500000e+01  0.000000e+00
     vertex -7.022093e+01  4.668558e+01  0.000000e+00
   endloop
 endfacet
 facet normal  0.000000e+00  0.000000e+00  1.000000e+00
   outer loop
     vertex -7.012815e+01  4.669516e+01  0.000000e+00
     vertex -8.000000e+01  5.500000e+01  0.000000e+00
     vertex -7.017461e+01  4.669101e+01  0.000000e+00
   endloop
 endfacet
 facet normal  0.000000e+00  0.000000e+00  1.000000e+00
   outer loop
     vertex -7.008160e+01  4.669804e+01  0.000000e+00
     vertex -8.000000e+01  5.500000e+01  0.000000e+00
     vertex -7.012815e+01  4.669516e+01  0.000000e+00
   endloop
 endfacet
 facet normal  0.000000e+00  0.000000e+00  1.000000e+00
   outer loop
     vertex -7.003498e+01  4.669964e+01  0.000000e+00
     vertex -8.000000e+01  5.500000e+01  0.000000e+00
     vertex -7.008160e+01  4.669804e+01  0.000000e+00
   endloop
 endfacet
 facet normal  0.000000e+00  0.000000e+00  1.000000e+00
   outer loop
     vertex -6.998834e+01  4.669996e+01  0.000000e+00
     vertex -8.000000e+01  5.500000e+01  0.000000e+00
     vertex -7.003498e+01  4.669964e+01  0.000000e+00
   endloop
 endfacet
 facet normal  0.000000e+00  0.000000e+00  1.000000e+00
   outer loop
     vertex -6.994171e+01  4.669900e+01  0.000000e+00
     vertex -8.000000e+01  5.500000e+01  0.000000e+00
     vertex -6.998834e+01  4.669996e+01  0.000000e+00
   endloop
 endfacet
 facet normal  0.000000e+00  0.000000e+00  1.000000e+00
   outer loop
     vertex -6.989512e+01  4.669676e+01  0.000000e+00
     vertex -8.000000e+01  5.500000e+01  0.000000e+00
     vertex -6.994171e+01  4.669900e+01  0.000000e+00
   endloop
 endfacet
 facet normal  0.000000e+00  0.000000e+00  1.000000e+00
   outer loop
     vertex -6.984861e+01  4.669325e+01  0.000000e+00
     vertex -8.000000e+01  5.500000e+01  0.000000e+00
     vertex -6.989512e+01  4.669676e+01  0.000000e+00
   endloop
 endfacet
 facet normal  0.000000e+00  0.000000e+00  1.000000e+00
   outer loop
     vertex -6.980221e+01  4.668846e+01  0.000000e+00
     vertex -8.000000e+01  5.500000e+01  0.000000e+00
     vertex -6.984861e+01  4.669325e+01  0.000000e+00
   endloop
 endfacet
 facet normal  0.000000e+00  0.000000e+00  1.000000e+00
   outer loop
     vertex -6.975597e+01  4.668239e+01  0.000000e+00
     vertex -8.000000e+01  5.500000e+01  0.000000e+00
     vertex -6.980221e+01  4.668846e+01  0.000000e+00
   endloop
 endfacet
 facet normal  0.000000e+00  0.000000e+00  1.000000e+00
   outer loop
     vertex -6.970990e+01  4.667507e+01  0.000000e+00
     vertex -8.000000e+01  5.500000e+01  0.000000e+00
     vertex -6.975597e+01  4.668239e+01  0.000000e+00
   endloop
 endfacet
 facet normal  0.000000e+00  0.000000e+00  1.000000e+00
   outer loop
     vertex -6.966406e+01  4.666648e+01  0.000000e+00
     vertex -8.000000e+01  5.500000e+01  0.000000e+00
     vertex -6.970990e+01  4.667507e+01  0.000000e+00
   endloop
 endfacet
 facet normal  0.000000e+00  0.000000e+00  1.000000e+00
   outer loop
     vertex -6.961847e+01  4.665663e+01  0.000000e+00
     vertex -8.000000e+01  5.500000e+01  0.000000e+00
     vertex -6.966406e+01  4.666648e+01  0.000000e+00
   endloop
 endfacet
 facet normal  0.000000e+00  0.000000e+00  1.000000e+00
   outer loop
     vertex -6.957316e+01  4.664554e+01  0.000000e+00
     vertex -8.000000e+01  5.500000e+01  0.000000e+00
     vertex -6.961847e+01  4.665663e+01  0.000000e+00
   endloop
 endfacet
 facet normal  0.000000e+00  0.000000e+00  1.000000e+00
   outer loop
     vertex -6.952818e+01  4.663321e+01  0.000000e+00
     vertex -8.000000e+01  5.500000e+01  0.000000e+00
     vertex -6.957316e+01  4.664554e+01  0.000000e+00
   endloop
 endfacet
 facet normal  0.000000e+00  0.000000e+00  1.000000e+00
   outer loop
     vertex -6.948355e+01  4.661965e+01  0.000000e+00
     vertex -8.000000e+01  5.500000e+01  0.000000e+00
     vertex -6.952818e+01  4.663321e+01  0.000000e+00
   endloop
 endfacet
 facet normal  0.000000e+00  0.000000e+00  1.000000e+00
   outer loop
     vertex -6.943931e+01  4.660488e+01  0.000000e+00
     vertex -8.000000e+01  5.500000e+01  0.000000e+00
     vertex -6.948355e+01  4.661965e+01  0.000000e+00
   endloop
 endfacet
 facet normal  0.000000e+00  0.000000e+00  1.000000e+00
   outer loop
     vertex -6.939549e+01  4.658889e+01  0.000000e+00
     vertex -8.000000e+01  5.500000e+01  0.000000e+00
     vertex -6.943931e+01  4.660488e+01  0.000000e+00
   endloop
 endfacet
 facet normal  0.000000e+00  0.000000e+00  1.000000e+00
   outer loop
     vertex -6.935213e+01  4.657171e+01  0.000000e+00
     vertex -8.000000e+01  5.500000e+01  0.000000e+00
     vertex -6.939549e+01  4.658889e+01  0.000000e+00
   endloop
 endfacet
 facet normal  0.000000e+00  0.000000e+00  1.000000e+00
   outer loop
     vertex -6.930926e+01  4.655334e+01  0.000000e+00
     vertex -8.000000e+01  5.500000e+01  0.000000e+00
     vertex -6.935213e+01  4.657171e+01  0.000000e+00
   endloop
 endfacet
 facet normal  0.000000e+00  0.000000e+00  1.000000e+00
   outer loop
     vertex -6.926690e+01  4.653381e+01  0.000000e+00
     vertex -8.000000e+01  5.500000e+01  0.000000e+00
     vertex -6.930926e+01  4.655334e+01  0.000000e+00
   endloop
 endfacet
 facet normal  0.000000e+00  0.000000e+00  1.000000e+00
   outer loop
     vertex -6.922510e+01  4.651312e+01  0.000000e+00
     vertex -8.000000e+01  5.500000e+01  0.000000e+00
     vertex -6.926690e+01  4.653381e+01  0.000000e+00
   endloop
 endfacet
 facet normal  0.000000e+00  0.000000e+00  1.000000e+00
   outer loop
     vertex -6.918388e+01  4.649129e+01  0.000000e+00
     vertex -8.000000e+01  5.500000e+01  0.000000e+00
     vertex -6.922510e+01  4.651312e+01  0.000000e+00
   endloop
 endfacet
 facet normal  0.000000e+00  0.000000e+00  1.000000e+00
   outer loop
     vertex -6.914328e+01  4.646834e+01  0.000000e+00
     vertex -8.000000e+01  5.500000e+01  0.000000e+00
     vertex -6.918388e+01  4.649129e+01  0.000000e+00
   endloop
 endfacet
 facet normal  0.000000e+00  0.000000e+00  1.000000e+00
   outer loop
     vertex -6.910332e+01  4.644428e+01  0.000000e+00
     vertex -8.000000e+01  5.500000e+01  0.000000e+00
     vertex -6.914328e+01  4.646834e+01  0.000000e+00
   endloop
 endfacet
 facet normal  0.000000e+00  0.000000e+00  1.000000e+00
   outer loop
     vertex -6.906403e+01  4.641914e+01  0.000000e+00
     vertex -8.000000e+01  5.500000e+01  0.000000e+00
     vertex -6.910332e+01  4.644428e+01  0.000000e+00
   endloop
 endfacet
 facet normal  0.000000e+00  0.000000e+00  1.000000e+00
   outer loop
     vertex  6.879380e+01 -4.619795e+01  0.000000e+00
     vertex -6.877748e+01 -4.618129e+01  0.000000e+00
     vertex -6.881035e+01 -4.621439e+01  0.000000e+00
   endloop
 endfacet
 facet normal  0.000000e+00  0.000000e+00  1.000000e+00
   outer loop
     vertex  6.882712e+01 -4.623059e+01  0.000000e+00
     vertex -6.881035e+01 -4.621439e+01  0.000000e+00
     vertex -6.884411e+01 -4.624657e+01  0.000000e+00
   endloop
 endfacet
 facet normal  0.000000e+00  0.000000e+00  1.000000e+00
   outer loop
     vertex  6.882712e+01 -4.623059e+01  0.000000e+00
     vertex  6.879380e+01 -4.619795e+01  0.000000e+00
     vertex -6.881035e+01 -4.621439e+01  0.000000e+00
   endloop
 endfacet
 facet normal  0.000000e+00  0.000000e+00  1.000000e+00
   outer loop
     vertex  6.876139e+01 -4.616441e+01  0.000000e+00
     vertex -6.874553e+01 -4.614731e+01  0.000000e+00
     vertex -6.877748e+01 -4.618129e+01  0.000000e+00
   endloop
 endfacet
 facet normal  0.000000e+00  0.000000e+00  1.000000e+00
   outer loop
     vertex  6.876139e+01 -4.616441e+01  0.000000e+00
     vertex -6.877748e+01 -4.618129e+01  0.000000e+00
     vertex  6.879380e+01 -4.619795e+01  0.000000e+00
   endloop
 endfacet
 facet normal  0.000000e+00  0.000000e+00  1.000000e+00
   outer loop
     vertex  6.886132e+01 -4.626231e+01  0.000000e+00
     vertex -6.884411e+01 -4.624657e+01  0.000000e+00
     vertex -6.887875e+01 -4.627781e+01  0.000000e+00
   endloop
 endfacet
 facet normal  0.000000e+00  0.000000e+00  1.000000e+00
   outer loop
     vertex  6.886132e+01 -4.626231e+01  0.000000e+00
     vertex  6.882712e+01 -4.623059e+01  0.000000e+00
     vertex -6.884411e+01 -4.624657e+01  0.000000e+00
   endloop
 endfacet
 facet normal  0.000000e+00  0.000000e+00  1.000000e+00
   outer loop
     vertex  6.872991e+01 -4.612999e+01  0.000000e+00
     vertex -6.871453e+01 -4.611246e+01  0.000000e+00
     vertex -6.874553e+01 -4.614731e+01  0.000000e+00
   endloop
 endfacet
 facet normal  0.000000e+00  0.000000e+00  1.000000e+00
   outer loop
     vertex  6.872991e+01 -4.612999e+01  0.000000e+00
     vertex -6.874553e+01 -4.614731e+01  0.000000e+00
     vertex  6.876139e+01 -4.616441e+01  0.000000e+00
   endloop
 endfacet
 facet normal  0.000000e+00  0.000000e+00  1.000000e+00
   outer loop
     vertex  6.889638e+01 -4.629307e+01  0.000000e+00
     vertex -6.887875e+01 -4.627781e+01  0.000000e+00
     vertex -6.891422e+01 -4.630809e+01  0.000000e+00
   endloop
 endfacet
 facet normal  0.000000e+00  0.000000e+00  1.000000e+00
   outer loop
     vertex  6.889638e+01 -4.629307e+01  0.000000e+00
     vertex  6.886132e+01 -4.626231e+01  0.000000e+00
     vertex -6.887875e+01 -4.627781e+01  0.000000e+00
   endloop
 endfacet
 facet normal  0.000000e+00  0.000000e+00  1.000000e+00
   outer loop
     vertex  6.869939e+01 -4.609472e+01  0.000000e+00
     vertex -6.868450e+01 -4.607678e+01  0.000000e+00
     vertex -6.871453e+01 -4.611246e+01  0.000000e+00
   endloop
 endfacet
 facet normal  0.000000e+00  0.000000e+00  1.000000e+00
   outer loop
     vertex  6.869939e+01 -4.609472e+01  0.000000e+00
     vertex -6.871453e+01 -4.611246e+01  0.000000e+00
     vertex  6.872991e+01 -4.612999e+01  0.000000e+00
   endloop
 endfacet
 facet normal  0.000000e+00  0.000000e+00  1.000000e+00
   outer loop
     vertex  6.893227e+01 -4.632286e+01  0.000000e+00
     vertex  6.889638e+01 -4.629307e+01  0.000000e+00
     vertex -6.891422e+01 -4.630809e+01  0.000000e+00
   endloop
 endfacet
 facet normal  0.000000e+00  0.000000e+00  1.000000e+00
   outer loop
     vertex  6.893227e+01 -4.632286e+01  0.000000e+00
     vertex -6.891422e+01 -4.630809e+01  0.000000e+00
     vertex -6.895052e+01 -4.633738e+01  0.000000e+00
   endloop
 endfacet
 facet normal  0.000000e+00  0.000000e+00  1.000000e+00
   outer loop
     vertex  6.866985e+01 -4.605863e+01  0.000000e+00
     vertex -6.865545e+01 -4.604028e+01  0.000000e+00
     vertex -6.868450e+01 -4.607678e+01  0.000000e+00
   endloop
 endfacet
 facet normal  0.000000e+00  0.000000e+00  1.000000e+00
   outer loop
     vertex  6.866985e+01 -4.605863e+01  0.000000e+00
     vertex -6.868450e+01 -4.607678e+01  0.000000e+00
     vertex  6.869939e+01 -4.609472e+01  0.000000e+00
   endloop
 endfacet
 facet normal  0.000000e+00  0.000000e+00  1.000000e+00
   outer loop
     vertex  6.896896e+01 -4.635165e+01  0.000000e+00
     vertex  6.893227e+01 -4.632286e+01  0.000000e+00
     vertex -6.895052e+01 -4.633738e+01  0.000000e+00
   endloop
 endfacet
 facet normal  0.000000e+00  0.000000e+00  1.000000e+00
   outer loop
     vertex  6.896896e+01 -4.635165e+01  0.000000e+00
     vertex -6.895052e+01 -4.633738e+01  0.000000e+00
     vertex -6.898760e+01 -4.636567e+01  0.000000e+00
   endloop
 endfacet
 facet normal  0.000000e+00  0.000000e+00  1.000000e+00
   outer loop
     vertex  6.864131e+01 -4.602174e+01  0.000000e+00
     vertex -6.865545e+01 -4.604028e+01  0.000000e+00
     vertex  6.866985e+01 -4.605863e+01  0.000000e+00
   endloop
 endfacet
 facet normal  0.000000e+00  0.000000e+00  1.000000e+00
   outer loop
     vertex  6.864131e+01 -4.602174e+01  0.000000e+00
     vertex -6.862742e+01 -4.600300e+01  0.000000e+00
     vertex -6.865545e+01 -4.604028e+01  0.000000e+00
   endloop
 endfacet
 facet normal  0.000000e+00  0.000000e+00  1.000000e+00
   outer loop
     vertex  6.900643e+01 -4.637943e+01  0.000000e+00
     vertex  6.896896e+01 -4.635165e+01  0.000000e+00
     vertex -6.898760e+01 -4.636567e+01  0.000000e+00
   endloop
 endfacet
 facet normal  0.000000e+00  0.000000e+00  1.000000e+00
   outer loop
     vertex  6.900643e+01 -4.637943e+01  0.000000e+00
     vertex -6.898760e+01 -4.636567e+01  0.000000e+00
     vertex -6.902545e+01 -4.639293e+01  0.000000e+00
   endloop
 endfacet
 facet normal  0.000000e+00  0.000000e+00  1.000000e+00
   outer loop
     vertex  6.861379e+01 -4.598408e+01  0.000000e+00
     vertex -6.860042e+01 -4.596497e+01  0.000000e+00
     vertex -6.862742e+01 -4.600300e+01  0.000000e+00
   endloop
 endfacet
 facet normal  0.000000e+00  0.000000e+00  1.000000e+00
   outer loop
     vertex  6.861379e+01 -4.598408e+01  0.000000e+00
     vertex -6.862742e+01 -4.600300e+01  0.000000e+00
     vertex  6.864131e+01 -4.602174e+01  0.000000e+00
   endloop
 endfacet
 facet normal  0.000000e+00  0.000000e+00  1.000000e+00
   outer loop
     vertex  6.904465e+01 -4.640617e+01  0.000000e+00
     vertex  6.900643e+01 -4.637943e+01  0.000000e+00
     vertex -6.902545e+01 -4.639293e+01  0.000000e+00
   endloop
 endfacet
 facet normal  0.000000e+00  0.000000e+00  1.000000e+00
   outer loop
     vertex  6.858731e+01 -4.594568e+01  0.000000e+00
     vertex -6.857447e+01 -4.592621e+01  0.000000e+00
     vertex -6.860042e+01 -4.596497e+01  0.000000e+00
   endloop
 endfacet
 facet normal  0.000000e+00  0.000000e+00  1.000000e+00
   outer loop
     vertex  6.858731e+01 -4.594568e+01  0.000000e+00
     vertex -6.860042e+01 -4.596497e+01  0.000000e+00
     vertex  6.861379e+01 -4.598408e+01  0.000000e+00
   endloop
 endfacet
 facet normal  0.000000e+00  0.000000e+00  1.000000e+00
   outer loop
     vertex  6.856190e+01 -4.590657e+01  0.000000e+00
     vertex -6.854960e+01 -4.588676e+01  0.000000e+00
     vertex -6.857447e+01 -4.592621e+01  0.000000e+00
   endloop
 endfacet
 facet normal  0.000000e+00  0.000000e+00  1.000000e+00
   outer loop
     vertex  6.856190e+01 -4.590657e+01  0.000000e+00
     vertex -6.857447e+01 -4.592621e+01  0.000000e+00
     vertex  6.858731e+01 -4.594568e+01  0.000000e+00
   endloop
 endfacet
 facet normal  0.000000e+00  0.000000e+00  1.000000e+00
   outer loop
     vertex  6.853757e+01 -4.586678e+01  0.000000e+00
     vertex -6.852582e+01 -4.584663e+01  0.000000e+00
     vertex -6.854960e+01 -4.588676e+01  0.000000e+00
   endloop
 endfacet
 facet normal  0.000000e+00  0.000000e+00  1.000000e+00
   outer loop
     vertex  6.853757e+01 -4.586678e+01  0.000000e+00
     vertex -6.854960e+01 -4.588676e+01  0.000000e+00
     vertex  6.856190e+01 -4.590657e+01  0.000000e+00
   endloop
 endfacet
 facet normal  0.000000e+00  0.000000e+00  1.000000e+00
   outer loop
     vertex  6.851434e+01 -4.582633e+01  0.000000e+00
     vertex -6.850315e+01 -4.580587e+01  0.000000e+00
     vertex -6.852582e+01 -4.584663e+01  0.000000e+00
   endloop
 endfacet
 facet normal  0.000000e+00  0.000000e+00  1.000000e+00
   outer loop
     vertex  6.851434e+01 -4.582633e+01  0.000000e+00
     vertex -6.852582e+01 -4.584663e+01  0.000000e+00
     vertex  6.853757e+01 -4.586678e+01  0.000000e+00
   endloop
 endfacet
 facet normal  0.000000e+00  0.000000e+00  1.000000e+00
   outer loop
     vertex  6.849223e+01 -4.578526e+01  0.000000e+00
     vertex -6.848160e+01 -4.576450e+01  0.000000e+00
     vertex -6.850315e+01 -4.580587e+01  0.000000e+00
   endloop
 endfacet
 facet normal  0.000000e+00  0.000000e+00  1.000000e+00
   outer loop
     vertex  6.849223e+01 -4.578526e+01  0.000000e+00
     vertex -6.850315e+01 -4.580587e+01  0.000000e+00
     vertex  6.851434e+01 -4.582633e+01  0.000000e+00
   endloop
 endfacet
 facet normal  0.000000e+00  0.000000e+00  1.000000e+00
   outer loop
     vertex  6.847126e+01 -4.574360e+01  0.000000e+00
     vertex -6.846120e+01 -4.572256e+01  0.000000e+00
     vertex -6.848160e+01 -4.576450e+01  0.000000e+00
   endloop
 endfacet
 facet normal  0.000000e+00  0.000000e+00  1.000000e+00
   outer loop
     vertex  6.847126e+01 -4.574360e+01  0.000000e+00
     vertex -6.848160e+01 -4.576450e+01  0.000000e+00
     vertex  6.849223e+01 -4.578526e+01  0.000000e+00
   endloop
 endfacet
 facet normal  0.000000e+00  0.000000e+00  1.000000e+00
   outer loop
     vertex  6.845143e+01 -4.570138e+01  0.000000e+00
     vertex -6.844196e+01 -4.568007e+01  0.000000e+00
     vertex -6.846120e+01 -4.572256e+01  0.000000e+00
   endloop
 endfacet
 facet normal  0.000000e+00  0.000000e+00  1.000000e+00
   outer loop
     vertex  6.845143e+01 -4.570138e+01  0.000000e+00
     vertex -6.846120e+01 -4.572256e+01  0.000000e+00
     vertex  6.847126e+01 -4.574360e+01  0.000000e+00
   endloop
 endfacet
 facet normal  0.000000e+00  0.000000e+00  1.000000e+00
   outer loop
     vertex  6.843277e+01 -4.565863e+01  0.000000e+00
     vertex -6.842388e+01 -4.563707e+01  0.000000e+00
     vertex -6.844196e+01 -4.568007e+01  0.000000e+00
   endloop
 endfacet
 facet normal  0.000000e+00  0.000000e+00  1.000000e+00
   outer loop
     vertex  6.843277e+01 -4.565863e+01  0.000000e+00
     vertex -6.844196e+01 -4.568007e+01  0.000000e+00
     vertex  6.845143e+01 -4.570138e+01  0.000000e+00
   endloop
 endfacet
 facet normal  0.000000e+00  0.000000e+00  1.000000e+00
   outer loop
     vertex  6.841529e+01 -4.561539e+01  0.000000e+00
     vertex -6.840700e+01 -4.559359e+01  0.000000e+00
     vertex -6.842388e+01 -4.563707e+01  0.000000e+00
   endloop
 endfacet
 facet normal  0.000000e+00  0.000000e+00  1.000000e+00
   outer loop
     vertex  6.841529e+01 -4.561539e+01  0.000000e+00
     vertex -6.842388e+01 -4.563707e+01  0.000000e+00
     vertex  6.843277e+01 -4.565863e+01  0.000000e+00
   endloop
 endfacet
 facet normal  0.000000e+00  0.000000e+00  1.000000e+00
   outer loop
     vertex  6.839901e+01 -4.557168e+01  0.000000e+00
     vertex -6.839132e+01 -4.554967e+01  0.000000e+00
     vertex -6.840700e+01 -4.559359e+01  0.000000e+00
   endloop
 endfacet
 facet normal  0.000000e+00  0.000000e+00  1.000000e+00
   outer loop
     vertex  6.839901e+01 -4.557168e+01  0.000000e+00
     vertex -6.840700e+01 -4.559359e+01  0.000000e+00
     vertex  6.841529e+01 -4.561539e+01  0.000000e+00
   endloop
 endfacet
 facet normal  0.000000e+00  0.000000e+00  1.000000e+00
   outer loop
     vertex  6.838393e+01 -4.552755e+01  0.000000e+00
     vertex -6.837684e+01 -4.550533e+01  0.000000e+00
     vertex -6.839132e+01 -4.554967e+01  0.000000e+00
   endloop
 endfacet
 facet normal  0.000000e+00  0.000000e+00  1.000000e+00
   outer loop
     vertex  6.838393e+01 -4.552755e+01  0.000000e+00
     vertex -6.839132e+01 -4.554967e+01  0.000000e+00
     vertex  6.839901e+01 -4.557168e+01  0.000000e+00
   endloop
 endfacet
 facet normal  0.000000e+00  0.000000e+00  1.000000e+00
   outer loop
     vertex  6.837006e+01 -4.548301e+01  0.000000e+00
     vertex -6.836359e+01 -4.546061e+01  0.000000e+00
     vertex -6.837684e+01 -4.550533e+01  0.000000e+00
   endloop
 endfacet
 facet normal  0.000000e+00  0.000000e+00  1.000000e+00
   outer loop
     vertex  6.837006e+01 -4.548301e+01  0.000000e+00
     vertex -6.837684e+01 -4.550533e+01  0.000000e+00
     vertex  6.838393e+01 -4.552755e+01  0.000000e+00
   endloop
 endfacet
 facet normal  0.000000e+00  0.000000e+00  1.000000e+00
   outer loop
     vertex  6.835742e+01 -4.543811e+01  0.000000e+00
     vertex -6.835157e+01 -4.541554e+01  0.000000e+00
     vertex -6.836359e+01 -4.546061e+01  0.000000e+00
   endloop
 endfacet
 facet normal  0.000000e+00  0.000000e+00  1.000000e+00
   outer loop
     vertex  6.835742e+01 -4.543811e+01  0.000000e+00
     vertex -6.836359e+01 -4.546061e+01  0.000000e+00
     vertex  6.837006e+01 -4.548301e+01  0.000000e+00
   endloop
 endfacet
 facet normal  0.000000e+00  0.000000e+00  1.000000e+00
   outer loop
     vertex  6.834602e+01 -4.539289e+01  0.000000e+00
     vertex -6.834079e+01 -4.537016e+01  0.000000e+00
     vertex -6.835157e+01 -4.541554e+01  0.000000e+00
   endloop
 endfacet
 facet normal  0.000000e+00  0.000000e+00  1.000000e+00
   outer loop
     vertex  6.834602e+01 -4.539289e+01  0.000000e+00
     vertex -6.835157e+01 -4.541554e+01  0.000000e+00
     vertex  6.835742e+01 -4.543811e+01  0.000000e+00
   endloop
 endfacet
 facet normal  0.000000e+00  0.000000e+00  1.000000e+00
   outer loop
     vertex  6.833587e+01 -4.534736e+01  0.000000e+00
     vertex -6.833126e+01 -4.532450e+01  0.000000e+00
     vertex -6.834079e+01 -4.537016e+01  0.000000e+00
   endloop
 endfacet
 facet normal  0.000000e+00  0.000000e+00  1.000000e+00
   outer loop
     vertex  6.833587e+01 -4.534736e+01  0.000000e+00
     vertex -6.834079e+01 -4.537016e+01  0.000000e+00
     vertex  6.834602e+01 -4.539289e+01  0.000000e+00
   endloop
 endfacet
 facet normal  0.000000e+00  0.000000e+00  1.000000e+00
   outer loop
     vertex  6.832696e+01 -4.530158e+01  0.000000e+00
     vertex -6.832298e+01 -4.527860e+01  0.000000e+00
     vertex -6.833126e+01 -4.532450e+01  0.000000e+00
   endloop
 endfacet
 facet normal  0.000000e+00  0.000000e+00  1.000000e+00
   outer loop
     vertex  6.832696e+01 -4.530158e+01  0.000000e+00
     vertex -6.833126e+01 -4.532450e+01  0.000000e+00
     vertex  6.833587e+01 -4.534736e+01  0.000000e+00
   endloop
 endfacet
 facet normal  0.000000e+00  0.000000e+00  1.000000e+00
   outer loop
     vertex  6.831932e+01 -4.525557e+01  0.000000e+00
     vertex -6.831597e+01 -4.523249e+01  0.000000e+00
     vertex -6.832298e+01 -4.527860e+01  0.000000e+00
   endloop
 endfacet
 facet normal  0.000000e+00  0.000000e+00  1.000000e+00
   outer loop
     vertex  6.831932e+01 -4.525557e+01  0.000000e+00
     vertex -6.832298e+01 -4.527860e+01  0.000000e+00
     vertex  6.832696e+01 -4.530158e+01  0.000000e+00
   endloop
 endfacet
 facet normal  0.000000e+00  0.000000e+00  1.000000e+00
   outer loop
     vertex  6.831294e+01 -4.520936e+01  0.000000e+00
     vertex -6.831023e+01 -4.518620e+01  0.000000e+00
     vertex -6.831597e+01 -4.523249e+01  0.000000e+00
   endloop
 endfacet
 facet normal  0.000000e+00  0.000000e+00  1.000000e+00
   outer loop
     vertex  6.831294e+01 -4.520936e+01  0.000000e+00
     vertex -6.831597e+01 -4.523249e+01  0.000000e+00
     vertex  6.831932e+01 -4.525557e+01  0.000000e+00
   endloop
 endfacet
 facet normal  0.000000e+00  0.000000e+00  1.000000e+00
   outer loop
     vertex  6.830783e+01 -4.516300e+01  0.000000e+00
     vertex -6.830576e+01 -4.513977e+01  0.000000e+00
     vertex -6.831023e+01 -4.518620e+01  0.000000e+00
   endloop
 endfacet
 facet normal  0.000000e+00  0.000000e+00  1.000000e+00
   outer loop
     vertex  6.830783e+01 -4.516300e+01  0.000000e+00
     vertex -6.831023e+01 -4.518620e+01  0.000000e+00
     vertex  6.831294e+01 -4.520936e+01  0.000000e+00
   endloop
 endfacet
 facet normal  0.000000e+00  0.000000e+00  1.000000e+00
   outer loop
     vertex  6.830400e+01 -4.511652e+01  0.000000e+00
     vertex -6.830256e+01 -4.509324e+01  0.000000e+00
     vertex -6.830576e+01 -4.513977e+01  0.000000e+00
   endloop
 endfacet
 facet normal  0.000000e+00  0.000000e+00  1.000000e+00
   outer loop
     vertex  6.830400e+01 -4.511652e+01  0.000000e+00
     vertex -6.830576e+01 -4.513977e+01  0.000000e+00
     vertex  6.830783e+01 -4.516300e+01  0.000000e+00
   endloop
 endfacet
 facet normal  0.000000e+00  0.000000e+00  1.000000e+00
   outer loop
     vertex  6.830144e+01 -4.506995e+01  0.000000e+00
     vertex -6.830256e+01 -4.509324e+01  0.000000e+00
     vertex  6.830400e+01 -4.511652e+01  0.000000e+00
   endloop
 endfacet
 facet normal  0.000000e+00  0.000000e+00  1.000000e+00
   outer loop
     vertex  6.830144e+01 -4.506995e+01  0.000000e+00
     vertex -6.830064e+01 -4.504664e+01  0.000000e+00
     vertex -6.830256e+01 -4.509324e+01  0.000000e+00
   endloop
 endfacet
 facet normal  0.000000e+00  0.000000e+00  1.000000e+00
   outer loop
     vertex  6.830016e+01 -4.502332e+01  0.000000e+00
     vertex -6.830000e+01 -4.500000e+01  0.000000e+00
     vertex -6.830064e+01 -4.504664e+01  0.000000e+00
   endloop
 endfacet
 facet normal  0.000000e+00  0.000000e+00  1.000000e+00
   outer loop
     vertex  6.830016e+01 -4.502332e+01  0.000000e+00
     vertex -6.830064e+01 -4.504664e+01  0.000000e+00
     vertex  6.830144e+01 -4.506995e+01  0.000000e+00
   endloop
 endfacet
 facet normal  0.000000e+00  0.000000e+00  1.000000e+00
   outer loop
     vertex  6.830016e+01 -4.497668e+01  0.000000e+00
     vertex -6.830064e+01 -4.495336e+01  0.000000e+00
     vertex -6.830000e+01 -4.500000e+01  0.000000e+00
   endloop
 endfacet
 facet normal  0.000000e+00  0.000000e+00  1.000000e+00
   outer loop
     vertex  6.830016e+01 -4.497668e+01  0.000000e+00
     vertex -6.830000e+01 -4.500000e+01  0.000000e+00
     vertex  6.830016e+01 -4.502332e+01  0.000000e+00
   endloop
 endfacet
 facet normal  0.000000e+00  0.000000e+00  1.000000e+00
   outer loop
     vertex  6.830144e+01 -4.493005e+01  0.000000e+00
     vertex -6.830256e+01 -4.490676e+01  0.000000e+00
     vertex -6.830064e+01 -4.495336e+01  0.000000e+00
   endloop
 endfacet
 facet normal  0.000000e+00  0.000000e+00  1.000000e+00
   outer loop
     vertex  6.830144e+01 -4.493005e+01  0.000000e+00
     vertex -6.830064e+01 -4.495336e+01  0.000000e+00
     vertex  6.830016e+01 -4.497668e+01  0.000000e+00
   endloop
 endfacet
 facet normal  0.000000e+00  0.000000e+00  1.000000e+00
   outer loop
     vertex  6.830400e+01 -4.488348e+01  0.000000e+00
     vertex -6.830576e+01 -4.486023e+01  0.000000e+00
     vertex -6.830256e+01 -4.490676e+01  0.000000e+00
   endloop
 endfacet
 facet normal  0.000000e+00  0.000000e+00  1.000000e+00
   outer loop
     vertex  6.830400e+01 -4.488348e+01  0.000000e+00
     vertex -6.830256e+01 -4.490676e+01  0.000000e+00
     vertex  6.830144e+01 -4.493005e+01  0.000000e+00
   endloop
 endfacet
 facet normal  0.000000e+00  0.000000e+00  1.000000e+00
   outer loop
     vertex  6.830783e+01 -4.483700e+01  0.000000e+00
     vertex -6.831023e+01 -4.481380e+01  0.000000e+00
     vertex -6.830576e+01 -4.486023e+01  0.000000e+00
   endloop
 endfacet
 facet normal  0.000000e+00  0.000000e+00  1.000000e+00
   outer loop
     vertex  6.830783e+01 -4.483700e+01  0.000000e+00
     vertex -6.830576e+01 -4.486023e+01  0.000000e+00
     vertex  6.830400e+01 -4.488348e+01  0.000000e+00
   endloop
 endfacet
 facet normal  0.000000e+00  0.000000e+00  1.000000e+00
   outer loop
     vertex  6.831294e+01 -4.479064e+01  0.000000e+00
     vertex -6.831597e+01 -4.476751e+01  0.000000e+00
     vertex -6.831023e+01 -4.481380e+01  0.000000e+00
   endloop
 endfacet
 facet normal  0.000000e+00  0.000000e+00  1.000000e+00
   outer loop
     vertex  6.831294e+01 -4.479064e+01  0.000000e+00
     vertex -6.831023e+01 -4.481380e+01  0.000000e+00
     vertex  6.830783e+01 -4.483700e+01  0.000000e+00
   endloop
 endfacet
 facet normal  0.000000e+00  0.000000e+00  1.000000e+00
   outer loop
     vertex  6.831932e+01 -4.474443e+01  0.000000e+00
     vertex -6.832298e+01 -4.472140e+01  0.000000e+00
     vertex -6.831597e+01 -4.476751e+01  0.000000e+00
   endloop
 endfacet
 facet normal  0.000000e+00  0.000000e+00  1.000000e+00
   outer loop
     vertex  6.831932e+01 -4.474443e+01  0.000000e+00
     vertex -6.831597e+01 -4.476751e+01  0.000000e+00
     vertex  6.831294e+01 -4.479064e+01  0.000000e+00
   endloop
 endfacet
 facet normal  0.000000e+00  0.000000e+00  1.000000e+00
   outer loop
     vertex  6.832696e+01 -4.469842e+01  0.000000e+00
     vertex -6.833126e+01 -4.467550e+01  0.000000e+00
     vertex -6.832298e+01 -4.472140e+01  0.000000e+00
   endloop
 endfacet
 facet normal  0.000000e+00  0.000000e+00  1.000000e+00
   outer loop
     vertex  6.832696e+01 -4.469842e+01  0.000000e+00
     vertex -6.832298e+01 -4.472140e+01  0.000000e+00
     vertex  6.831932e+01 -4.474443e+01  0.000000e+00
   endloop
 endfacet
 facet normal  0.000000e+00  0.000000e+00  1.000000e+00
   outer loop
     vertex  6.833587e+01 -4.465264e+01  0.000000e+00
     vertex -6.833126e+01 -4.467550e+01  0.000000e+00
     vertex  6.832696e+01 -4.469842e+01  0.000000e+00
   endloop
 endfacet
 facet normal  0.000000e+00  0.000000e+00  1.000000e+00
   outer loop
     vertex  6.833587e+01 -4.465264e+01  0.000000e+00
     vertex -6.834079e+01 -4.462984e+01  0.000000e+00
     vertex -6.833126e+01 -4.467550e+01  0.000000e+00
   endloop
 endfacet
 facet normal  0.000000e+00  0.000000e+00  1.000000e+00
   outer loop
     vertex  6.834602e+01 -4.460711e+01  0.000000e+00
     vertex -6.835157e+01 -4.458446e+01  0.000000e+00
     vertex -6.834079e+01 -4.462984e+01  0.000000e+00
   endloop
 endfacet
 facet normal  0.000000e+00  0.000000e+00  1.000000e+00
   outer loop
     vertex  6.834602e+01 -4.460711e+01  0.000000e+00
     vertex -6.834079e+01 -4.462984e+01  0.000000e+00
     vertex  6.833587e+01 -4.465264e+01  0.000000e+00
   endloop
 endfacet
 facet normal  0.000000e+00  0.000000e+00  1.000000e+00
   outer loop
     vertex  6.835742e+01 -4.456189e+01  0.000000e+00
     vertex -6.836359e+01 -4.453939e+01  0.000000e+00
     vertex -6.835157e+01 -4.458446e+01  0.000000e+00
   endloop
 endfacet
 facet normal  0.000000e+00  0.000000e+00  1.000000e+00
   outer loop
     vertex  6.835742e+01 -4.456189e+01  0.000000e+00
     vertex -6.835157e+01 -4.458446e+01  0.000000e+00
     vertex  6.834602e+01 -4.460711e+01  0.000000e+00
   endloop
 endfacet
 facet normal  0.000000e+00  0.000000e+00  1.000000e+00
   outer loop
     vertex  6.837006e+01 -4.451699e+01  0.000000e+00
     vertex -6.837684e+01 -4.449467e+01  0.000000e+00
     vertex -6.836359e+01 -4.453939e+01  0.000000e+00
   endloop
 endfacet
 facet normal  0.000000e+00  0.000000e+00  1.000000e+00
   outer loop
     vertex  6.837006e+01 -4.451699e+01  0.000000e+00
     vertex -6.836359e+01 -4.453939e+01  0.000000e+00
     vertex  6.835742e+01 -4.456189e+01  0.000000e+00
   endloop
 endfacet
 facet normal  0.000000e+00  0.000000e+00  1.000000e+00
   outer loop
     vertex  6.838393e+01 -4.447245e+01  0.000000e+00
     vertex -6.837684e+01 -4.449467e+01  0.000000e+00
     vertex  6.837006e+01 -4.451699e+01  0.000000e+00
   endloop
 endfacet
 facet normal  0.000000e+00  0.000000e+00  1.000000e+00
   outer loop
     vertex  6.838393e+01 -4.447245e+01  0.000000e+00
     vertex -6.839132e+01 -4.445033e+01  0.000000e+00
     vertex -6.837684e+01 -4.449467e+01  0.000000e+00
   endloop
 endfacet
 facet normal  0.000000e+00  0.000000e+00  1.000000e+00
   outer loop
     vertex  6.839901e+01 -4.442832e+01  0.000000e+00
     vertex -6.840700e+01 -4.440641e+01  0.000000e+00
     vertex -6.839132e+01 -4.445033e+01  0.000000e+00
   endloop
 endfacet
 facet normal  0.000000e+00  0.000000e+00  1.000000e+00
   outer loop
     vertex  6.839901e+01 -4.442832e+01  0.000000e+00
     vertex -6.839132e+01 -4.445033e+01  0.000000e+00
     vertex  6.838393e+01 -4.447245e+01  0.000000e+00
   endloop
 endfacet
 facet normal  0.000000e+00  0.000000e+00  1.000000e+00
   outer loop
     vertex  6.841529e+01 -4.438461e+01  0.000000e+00
     vertex -6.842388e+01 -4.436293e+01  0.000000e+00
     vertex -6.840700e+01 -4.440641e+01  0.000000e+00
   endloop
 endfacet
 facet normal  0.000000e+00  0.000000e+00  1.000000e+00
   outer loop
     vertex  6.841529e+01 -4.438461e+01  0.000000e+00
     vertex -6.840700e+01 -4.440641e+01  0.000000e+00
     vertex  6.839901e+01 -4.442832e+01  0.000000e+00
   endloop
 endfacet
 facet normal  0.000000e+00  0.000000e+00  1.000000e+00
   outer loop
     vertex  6.843277e+01 -4.434137e+01  0.000000e+00
     vertex -6.844196e+01 -4.431993e+01  0.000000e+00
     vertex -6.842388e+01 -4.436293e+01  0.000000e+00
   endloop
 endfacet
 facet normal  0.000000e+00  0.000000e+00  1.000000e+00
   outer loop
     vertex  6.843277e+01 -4.434137e+01  0.000000e+00
     vertex -6.842388e+01 -4.436293e+01  0.000000e+00
     vertex  6.841529e+01 -4.438461e+01  0.000000e+00
   endloop
 endfacet
 facet normal  0.000000e+00  0.000000e+00  1.000000e+00
   outer loop
     vertex  6.845143e+01 -4.429862e+01  0.000000e+00
     vertex -6.846120e+01 -4.427744e+01  0.000000e+00
     vertex -6.844196e+01 -4.431993e+01  0.000000e+00
   endloop
 endfacet
 facet normal  0.000000e+00  0.000000e+00  1.000000e+00
   outer loop
     vertex  6.845143e+01 -4.429862e+01  0.000000e+00
     vertex -6.844196e+01 -4.431993e+01  0.000000e+00
     vertex  6.843277e+01 -4.434137e+01  0.000000e+00
   endloop
 endfacet
 facet normal  0.000000e+00  0.000000e+00  1.000000e+00
   outer loop
     vertex  6.847126e+01 -4.425640e+01  0.000000e+00
     vertex -6.848160e+01 -4.423550e+01  0.000000e+00
     vertex -6.846120e+01 -4.427744e+01  0.000000e+00
   endloop
 endfacet
 facet normal  0.000000e+00  0.000000e+00  1.000000e+00
   outer loop
     vertex  6.847126e+01 -4.425640e+01  0.000000e+00
     vertex -6.846120e+01 -4.427744e+01  0.000000e+00
     vertex  6.845143e+01 -4.429862e+01  0.000000e+00
   endloop
 endfacet
 facet normal  0.000000e+00  0.000000e+00  1.000000e+00
   outer loop
     vertex  6.849223e+01 -4.421474e+01  0.000000e+00
     vertex -6.848160e+01 -4.423550e+01  0.000000e+00
     vertex  6.847126e+01 -4.425640e+01  0.000000e+00
   endloop
 endfacet
 facet normal  0.000000e+00  0.000000e+00  1.000000e+00
   outer loop
     vertex  6.849223e+01 -4.421474e+01  0.000000e+00
     vertex -6.850315e+01 -4.419413e+01  0.000000e+00
     vertex -6.848160e+01 -4.423550e+01  0.000000e+00
   endloop
 endfacet
 facet normal  0.000000e+00  0.000000e+00  1.000000e+00
   outer loop
     vertex  6.851434e+01 -4.417367e+01  0.000000e+00
     vertex -6.850315e+01 -4.419413e+01  0.000000e+00
     vertex  6.849223e+01 -4.421474e+01  0.000000e+00
   endloop
 endfacet
 facet normal  0.000000e+00  0.000000e+00  1.000000e+00
   outer loop
     vertex  6.851434e+01 -4.417367e+01  0.000000e+00
     vertex -6.852582e+01 -4.415337e+01  0.000000e+00
     vertex -6.850315e+01 -4.419413e+01  0.000000e+00
   endloop
 endfacet
 facet normal  0.000000e+00  0.000000e+00  1.000000e+00
   outer loop
     vertex  6.853757e+01 -4.413322e+01  0.000000e+00
     vertex -6.852582e+01 -4.415337e+01  0.000000e+00
     vertex  6.851434e+01 -4.417367e+01  0.000000e+00
   endloop
 endfacet
 facet normal  0.000000e+00  0.000000e+00  1.000000e+00
   outer loop
     vertex  6.853757e+01 -4.413322e+01  0.000000e+00
     vertex -6.854960e+01 -4.411324e+01  0.000000e+00
     vertex -6.852582e+01 -4.415337e+01  0.000000e+00
   endloop
 endfacet
 facet normal  0.000000e+00  0.000000e+00  1.000000e+00
   outer loop
     vertex  6.856190e+01 -4.409343e+01  0.000000e+00
     vertex -6.857447e+01 -4.407379e+01  0.000000e+00
     vertex -6.854960e+01 -4.411324e+01  0.000000e+00
   endloop
 endfacet
 facet normal  0.000000e+00  0.000000e+00  1.000000e+00
   outer loop
     vertex  6.856190e+01 -4.409343e+01  0.000000e+00
     vertex -6.854960e+01 -4.411324e+01  0.000000e+00
     vertex  6.853757e+01 -4.413322e+01  0.000000e+00
   endloop
 endfacet
 facet normal  0.000000e+00  0.000000e+00  1.000000e+00
   outer loop
     vertex  8.000000e+01 -5.500000e+01  0.000000e+00
     vertex  6.996502e+01 -4.669964e+01  0.000000e+00
     vertex  6.991840e+01 -4.669804e+01  0.000000e+00
   endloop
 endfacet
 facet normal  0.000000e+00  0.000000e+00  1.000000e+00
   outer loop
     vertex  8.000000e+01 -5.500000e+01  0.000000e+00
     vertex  7.001166e+01 -4.669996e+01  0.000000e+00
     vertex  6.996502e+01 -4.669964e+01  0.000000e+00
   endloop
 endfacet
 facet normal  0.000000e+00  0.000000e+00  1.000000e+00
   outer loop
     vertex  8.000000e+01 -5.500000e+01  0.000000e+00
     vertex  7.005829e+01 -4.669900e+01  0.000000e+00
     vertex  7.001166e+01 -4.669996e+01  0.000000e+00
   endloop
 endfacet
 facet normal  0.000000e+00  0.000000e+00  1.000000e+00
   outer loop
     vertex  8.000000e+01 -5.500000e+01  0.000000e+00
     vertex  7.010488e+01 -4.669676e+01  0.000000e+00
     vertex  7.005829e+01 -4.669900e+01  0.000000e+00
   endloop
 endfacet
 facet normal  0.000000e+00  0.000000e+00  1.000000e+00
   outer loop
     vertex  8.000000e+01 -5.500000e+01  0.000000e+00
     vertex  7.015139e+01 -4.669325e+01  0.000000e+00
     vertex  7.010488e+01 -4.669676e+01  0.000000e+00
   endloop
 endfacet
 facet normal  0.000000e+00  0.000000e+00  1.000000e+00
   outer loop
     vertex  8.000000e+01 -5.500000e+01  0.000000e+00
     vertex  7.019779e+01 -4.668846e+01  0.000000e+00
     vertex  7.015139e+01 -4.669325e+01  0.000000e+00
   endloop
 endfacet
 facet normal  0.000000e+00  0.000000e+00  1.000000e+00
   outer loop
     vertex  8.000000e+01 -5.500000e+01  0.000000e+00
     vertex  7.024403e+01 -4.668239e+01  0.000000e+00
     vertex  7.019779e+01 -4.668846e+01  0.000000e+00
   endloop
 endfacet
 facet normal  0.000000e+00  0.000000e+00  1.000000e+00
   outer loop
     vertex  8.000000e+01 -5.500000e+01  0.000000e+00
     vertex  7.029010e+01 -4.667507e+01  0.000000e+00
     vertex  7.024403e+01 -4.668239e+01  0.000000e+00
   endloop
 endfacet
 facet normal  0.000000e+00  0.000000e+00  1.000000e+00
   outer loop
     vertex  8.000000e+01 -5.500000e+01  0.000000e+00
     vertex  7.033594e+01 -4.666648e+01  0.000000e+00
     vertex  7.029010e+01 -4.667507e+01  0.000000e+00
   endloop
 endfacet
 facet normal  0.000000e+00  0.000000e+00  1.000000e+00
   outer loop
     vertex  8.000000e+01 -5.500000e+01  0.000000e+00
     vertex  7.038153e+01 -4.665663e+01  0.000000e+00
     vertex  7.033594e+01 -4.666648e+01  0.000000e+00
   endloop
 endfacet
 facet normal  0.000000e+00  0.000000e+00  1.000000e+00
   outer loop
     vertex  8.000000e+01 -5.500000e+01  0.000000e+00
     vertex  7.042684e+01 -4.664554e+01  0.000000e+00
     vertex  7.038153e+01 -4.665663e+01  0.000000e+00
   endloop
 endfacet
 facet normal  0.000000e+00  0.000000e+00  1.000000e+00
   outer loop
     vertex  8.000000e+01 -5.500000e+01  0.000000e+00
     vertex  7.047182e+01 -4.663321e+01  0.000000e+00
     vertex  7.042684e+01 -4.664554e+01  0.000000e+00
   endloop
 endfacet
 facet normal  0.000000e+00  0.000000e+00  1.000000e+00
   outer loop
     vertex  8.000000e+01 -5.500000e+01  0.000000e+00
     vertex  7.051645e+01 -4.661965e+01  0.000000e+00
     vertex  7.047182e+01 -4.663321e+01  0.000000e+00
   endloop
 endfacet
 facet normal  0.000000e+00  0.000000e+00  1.000000e+00
   outer loop
     vertex  8.000000e+01 -5.500000e+01  0.000000e+00
     vertex  7.056069e+01 -4.660488e+01  0.000000e+00
     vertex  7.051645e+01 -4.661965e+01  0.000000e+00
   endloop
 endfacet
 facet normal  0.000000e+00  0.000000e+00  1.000000e+00
   outer loop
     vertex  8.000000e+01 -5.500000e+01  0.000000e+00
     vertex  7.060451e+01 -4.658889e+01  0.000000e+00
     vertex  7.056069e+01 -4.660488e+01  0.000000e+00
   endloop
 endfacet
 facet normal  0.000000e+00  0.000000e+00  1.000000e+00
   outer loop
     vertex  8.000000e+01 -5.500000e+01  0.000000e+00
     vertex  7.064787e+01 -4.657171e+01  0.000000e+00
     vertex  7.060451e+01 -4.658889e+01  0.000000e+00
   endloop
 endfacet
 facet normal  0.000000e+00  0.000000e+00  1.000000e+00
   outer loop
     vertex  8.000000e+01 -5.500000e+01  0.000000e+00
     vertex  7.069074e+01 -4.655334e+01  0.000000e+00
     vertex  7.064787e+01 -4.657171e+01  0.000000e+00
   endloop
 endfacet
 facet normal  0.000000e+00  0.000000e+00  1.000000e+00
   outer loop
     vertex  8.000000e+01 -5.500000e+01  0.000000e+00
     vertex  7.073310e+01 -4.653381e+01  0.000000e+00
     vertex  7.069074e+01 -4.655334e+01  0.000000e+00
   endloop
 endfacet
 facet normal  0.000000e+00  0.000000e+00  1.000000e+00
   outer loop
     vertex  8.000000e+01 -5.500000e+01  0.000000e+00
     vertex  7.077490e+01 -4.651312e+01  0.000000e+00
     vertex  7.073310e+01 -4.653381e+01  0.000000e+00
   endloop
 endfacet
 facet normal  0.000000e+00  0.000000e+00  1.000000e+00
   outer loop
     vertex  8.000000e+01 -5.500000e+01  0.000000e+00
     vertex -6.902545e+01 -4.639293e+01  0.000000e+00
     vertex -8.000000e+01 -5.500000e+01  0.000000e+00
   endloop
 endfacet
 facet normal  0.000000e+00  0.000000e+00  1.000000e+00
   outer loop
     vertex  8.000000e+01 -5.500000e+01  0.000000e+00
     vertex  7.081612e+01 -4.649129e+01  0.000000e+00
     vertex  7.077490e+01 -4.651312e+01  0.000000e+00
   endloop
 endfacet
 facet normal  0.000000e+00  0.000000e+00  1.000000e+00
   outer loop
     vertex  8.000000e+01 -5.500000e+01  0.000000e+00
     vertex  7.085672e+01 -4.646834e+01  0.000000e+00
     vertex  7.081612e+01 -4.649129e+01  0.000000e+00
   endloop
 endfacet
 facet normal  0.000000e+00  0.000000e+00  1.000000e+00
   outer loop
     vertex  8.000000e+01 -5.500000e+01  0.000000e+00
     vertex  7.089668e+01 -4.644428e+01  0.000000e+00
     vertex  7.085672e+01 -4.646834e+01  0.000000e+00
   endloop
 endfacet
 facet normal  0.000000e+00  0.000000e+00  1.000000e+00
   outer loop
     vertex  8.000000e+01 -5.500000e+01  0.000000e+00
     vertex  7.093597e+01 -4.641914e+01  0.000000e+00
     vertex  7.089668e+01 -4.644428e+01  0.000000e+00
   endloop
 endfacet
 facet normal  0.000000e+00  0.000000e+00  1.000000e+00
   outer loop
     vertex  8.000000e+01 -5.500000e+01  0.000000e+00
     vertex  7.097455e+01 -4.639293e+01  0.000000e+00
     vertex  7.093597e+01 -4.641914e+01  0.000000e+00
   endloop
 endfacet
 facet normal  0.000000e+00  0.000000e+00  1.000000e+00
   outer loop
     vertex  8.000000e+01 -5.500000e+01  0.000000e+00
     vertex  7.101240e+01 -4.636567e+01  0.000000e+00
     vertex  7.097455e+01 -4.639293e+01  0.000000e+00
   endloop
 endfacet
 facet normal  0.000000e+00  0.000000e+00  1.000000e+00
   outer loop
     vertex  8.000000e+01 -5.500000e+01  0.000000e+00
     vertex  7.104948e+01 -4.633738e+01  0.000000e+00
     vertex  7.101240e+01 -4.636567e+01  0.000000e+00
   endloop
 endfacet
 facet normal  0.000000e+00  0.000000e+00  1.000000e+00
   outer loop
     vertex  8.000000e+01 -5.500000e+01  0.000000e+00
     vertex  7.108578e+01 -4.630809e+01  0.000000e+00
     vertex  7.104948e+01 -4.633738e+01  0.000000e+00
   endloop
 endfacet
 facet normal  0.000000e+00  0.000000e+00  1.000000e+00
   outer loop
     vertex  8.000000e+01 -5.500000e+01  0.000000e+00
     vertex  7.112125e+01 -4.627781e+01  0.000000e+00
     vertex  7.108578e+01 -4.630809e+01  0.000000e+00
   endloop
 endfacet
 facet normal  0.000000e+00  0.000000e+00  1.000000e+00
   outer loop
     vertex  8.000000e+01 -5.500000e+01  0.000000e+00
     vertex  7.115589e+01 -4.624657e+01  0.000000e+00
     vertex  7.112125e+01 -4.627781e+01  0.000000e+00
   endloop
 endfacet
 facet normal  0.000000e+00  0.000000e+00  1.000000e+00
   outer loop
     vertex  8.000000e+01 -5.500000e+01  0.000000e+00
     vertex  7.118965e+01 -4.621439e+01  0.000000e+00
     vertex  7.115589e+01 -4.624657e+01  0.000000e+00
   endloop
 endfacet
 facet normal  0.000000e+00  0.000000e+00  1.000000e+00
   outer loop
     vertex  8.000000e+01 -5.500000e+01  0.000000e+00
     vertex  6.904465e+01 -4.640617e+01  0.000000e+00
     vertex -6.902545e+01 -4.639293e+01  0.000000e+00
   endloop
 endfacet
 facet normal  0.000000e+00  0.000000e+00  1.000000e+00
   outer loop
     vertex  8.000000e+01 -5.500000e+01  0.000000e+00
     vertex  6.908359e+01 -4.643185e+01  0.000000e+00
     vertex  6.904465e+01 -4.640617e+01  0.000000e+00
   endloop
 endfacet
 facet normal  0.000000e+00  0.000000e+00  1.000000e+00
   outer loop
     vertex  8.000000e+01 -5.500000e+01  0.000000e+00
     vertex  6.912321e+01 -4.645645e+01  0.000000e+00
     vertex  6.908359e+01 -4.643185e+01  0.000000e+00
   endloop
 endfacet
 facet normal  0.000000e+00  0.000000e+00  1.000000e+00
   outer loop
     vertex  8.000000e+01 -5.500000e+01  0.000000e+00
     vertex  6.916350e+01 -4.647996e+01  0.000000e+00
     vertex  6.912321e+01 -4.645645e+01  0.000000e+00
   endloop
 endfacet
 facet normal  0.000000e+00  0.000000e+00  1.000000e+00
   outer loop
     vertex  8.000000e+01 -5.500000e+01  0.000000e+00
     vertex  6.920442e+01 -4.650235e+01  0.000000e+00
     vertex  6.916350e+01 -4.647996e+01  0.000000e+00
   endloop
 endfacet
 facet normal  0.000000e+00  0.000000e+00  1.000000e+00
   outer loop
     vertex  8.000000e+01 -5.500000e+01  0.000000e+00
     vertex  6.924593e+01 -4.652361e+01  0.000000e+00
     vertex  6.920442e+01 -4.650235e+01  0.000000e+00
   endloop
 endfacet
 facet normal  0.000000e+00  0.000000e+00  1.000000e+00
   outer loop
     vertex  8.000000e+01 -5.500000e+01  0.000000e+00
     vertex  6.928801e+01 -4.654372e+01  0.000000e+00
     vertex  6.924593e+01 -4.652361e+01  0.000000e+00
   endloop
 endfacet
 facet normal  0.000000e+00  0.000000e+00  1.000000e+00
   outer loop
     vertex  8.000000e+01 -5.500000e+01  0.000000e+00
     vertex  6.933063e+01 -4.656267e+01  0.000000e+00
     vertex  6.928801e+01 -4.654372e+01  0.000000e+00
   endloop
 endfacet
 facet normal  0.000000e+00  0.000000e+00  1.000000e+00
   outer loop
     vertex  8.000000e+01 -5.500000e+01  0.000000e+00
     vertex  6.937375e+01 -4.658045e+01  0.000000e+00
     vertex  6.933063e+01 -4.656267e+01  0.000000e+00
   endloop
 endfacet
 facet normal  0.000000e+00  0.000000e+00  1.000000e+00
   outer loop
     vertex  8.000000e+01 -5.500000e+01  0.000000e+00
     vertex  6.941735e+01 -4.659703e+01  0.000000e+00
     vertex  6.937375e+01 -4.658045e+01  0.000000e+00
   endloop
 endfacet
 facet normal  0.000000e+00  0.000000e+00  1.000000e+00
   outer loop
     vertex  8.000000e+01 -5.500000e+01  0.000000e+00
     vertex  6.946138e+01 -4.661242e+01  0.000000e+00
     vertex  6.941735e+01 -4.659703e+01  0.000000e+00
   endloop
 endfacet
 facet normal  0.000000e+00  0.000000e+00  1.000000e+00
   outer loop
     vertex  8.000000e+01 -5.500000e+01  0.000000e+00
     vertex  6.950582e+01 -4.662659e+01  0.000000e+00
     vertex  6.946138e+01 -4.661242e+01  0.000000e+00
   endloop
 endfacet
 facet normal  0.000000e+00  0.000000e+00  1.000000e+00
   outer loop
     vertex  8.000000e+01 -5.500000e+01  0.000000e+00
     vertex  6.955063e+01 -4.663953e+01  0.000000e+00
     vertex  6.950582e+01 -4.662659e+01  0.000000e+00
   endloop
 endfacet
 facet normal  0.000000e+00  0.000000e+00  1.000000e+00
   outer loop
     vertex  8.000000e+01 -5.500000e+01  0.000000e+00
     vertex  6.959578e+01 -4.665124e+01  0.000000e+00
     vertex  6.955063e+01 -4.663953e+01  0.000000e+00
   endloop
 endfacet
 facet normal  0.000000e+00  0.000000e+00  1.000000e+00
   outer loop
     vertex  8.000000e+01 -5.500000e+01  0.000000e+00
     vertex  6.964123e+01 -4.666171e+01  0.000000e+00
     vertex  6.959578e+01 -4.665124e+01  0.000000e+00
   endloop
 endfacet
 facet normal  0.000000e+00  0.000000e+00  1.000000e+00
   outer loop
     vertex  8.000000e+01 -5.500000e+01  0.000000e+00
     vertex  6.968695e+01 -4.667093e+01  0.000000e+00
     vertex  6.964123e+01 -4.666171e+01  0.000000e+00
   endloop
 endfacet
 facet normal  0.000000e+00  0.000000e+00  1.000000e+00
   outer loop
     vertex  8.000000e+01 -5.500000e+01  0.000000e+00
     vertex  6.973291e+01 -4.667889e+01  0.000000e+00
     vertex  6.968695e+01 -4.667093e+01  0.000000e+00
   endloop
 endfacet
 facet normal  0.000000e+00  0.000000e+00  1.000000e+00
   outer loop
     vertex  8.000000e+01 -5.500000e+01  0.000000e+00
     vertex  6.977907e+01 -4.668558e+01  0.000000e+00
     vertex  6.973291e+01 -4.667889e+01  0.000000e+00
   endloop
 endfacet
 facet normal  0.000000e+00  0.000000e+00  1.000000e+00
   outer loop
     vertex  8.000000e+01 -5.500000e+01  0.000000e+00
     vertex  6.982539e+01 -4.669101e+01  0.000000e+00
     vertex  6.977907e+01 -4.668558e+01  0.000000e+00
   endloop
 endfacet
 facet normal  0.000000e+00  0.000000e+00  1.000000e+00
   outer loop
     vertex  8.000000e+01 -5.500000e+01  0.000000e+00
     vertex  6.987185e+01 -4.669516e+01  0.000000e+00
     vertex  6.982539e+01 -4.669101e+01  0.000000e+00
   endloop
 endfacet
 facet normal  0.000000e+00  0.000000e+00  1.000000e+00
   outer loop
     vertex  8.000000e+01 -5.500000e+01  0.000000e+00
     vertex  6.991840e+01 -4.669804e+01  0.000000e+00
     vertex  6.987185e+01 -4.669516e+01  0.000000e+00
   endloop
 endfacet
 facet normal  0.000000e+00  0.000000e+00  1.000000e+00
   outer loop
     vertex  7.122252e+01 -4.618129e+01  0.000000e+00
     vertex  7.118965e+01 -4.621439e+01  0.000000e+00
     vertex  8.000000e+01 -5.500000e+01  0.000000e+00
   endloop
 endfacet
 facet normal  0.000000e+00  0.000000e+00  1.000000e+00
   outer loop
     vertex  7.125447e+01 -4.614731e+01  0.000000e+00
     vertex  7.122252e+01 -4.618129e+01  0.000000e+00
     vertex  8.000000e+01 -5.500000e+01  0.000000e+00
   endloop
 endfacet
 facet normal  0.000000e+00  0.000000e+00  1.000000e+00
   outer loop
     vertex  7.128547e+01 -4.611246e+01  0.000000e+00
     vertex  7.125447e+01 -4.614731e+01  0.000000e+00
     vertex  8.000000e+01 -5.500000e+01  0.000000e+00
   endloop
 endfacet
 facet normal  0.000000e+00  0.000000e+00  1.000000e+00
   outer loop
     vertex  7.131550e+01 -4.607678e+01  0.000000e+00
     vertex  7.128547e+01 -4.611246e+01  0.000000e+00
     vertex  8.000000e+01 -5.500000e+01  0.000000e+00
   endloop
 endfacet
 facet normal  0.000000e+00  0.000000e+00  1.000000e+00
   outer loop
     vertex  7.134455e+01 -4.604028e+01  0.000000e+00
     vertex  7.131550e+01 -4.607678e+01  0.000000e+00
     vertex  8.000000e+01 -5.500000e+01  0.000000e+00
   endloop
 endfacet
 facet normal  0.000000e+00  0.000000e+00  1.000000e+00
   outer loop
     vertex  7.137258e+01 -4.600300e+01  0.000000e+00
     vertex  7.134455e+01 -4.604028e+01  0.000000e+00
     vertex  8.000000e+01 -5.500000e+01  0.000000e+00
   endloop
 endfacet
 facet normal  0.000000e+00  0.000000e+00  1.000000e+00
   outer loop
     vertex  7.139958e+01 -4.596497e+01  0.000000e+00
     vertex  7.137258e+01 -4.600300e+01  0.000000e+00
     vertex  8.000000e+01 -5.500000e+01  0.000000e+00
   endloop
 endfacet
 facet normal  0.000000e+00  0.000000e+00  1.000000e+00
   outer loop
     vertex  7.142553e+01 -4.592621e+01  0.000000e+00
     vertex  7.139958e+01 -4.596497e+01  0.000000e+00
     vertex  8.000000e+01 -5.500000e+01  0.000000e+00
   endloop
 endfacet
 facet normal  0.000000e+00  0.000000e+00  1.000000e+00
   outer loop
     vertex  7.145040e+01 -4.588676e+01  0.000000e+00
     vertex  7.142553e+01 -4.592621e+01  0.000000e+00
     vertex  8.000000e+01 -5.500000e+01  0.000000e+00
   endloop
 endfacet
 facet normal  0.000000e+00  0.000000e+00  1.000000e+00
   outer loop
     vertex  7.147418e+01 -4.584663e+01  0.000000e+00
     vertex  7.145040e+01 -4.588676e+01  0.000000e+00
     vertex  8.000000e+01 -5.500000e+01  0.000000e+00
   endloop
 endfacet
 facet normal  0.000000e+00  0.000000e+00  1.000000e+00
   outer loop
     vertex  7.149685e+01 -4.580587e+01  0.000000e+00
     vertex  7.147418e+01 -4.584663e+01  0.000000e+00
     vertex  8.000000e+01 -5.500000e+01  0.000000e+00
   endloop
 endfacet
 facet normal  0.000000e+00  0.000000e+00  1.000000e+00
   outer loop
     vertex  7.151840e+01 -4.576450e+01  0.000000e+00
     vertex  7.149685e+01 -4.580587e+01  0.000000e+00
     vertex  8.000000e+01 -5.500000e+01  0.000000e+00
   endloop
 endfacet
 facet normal  0.000000e+00  0.000000e+00  1.000000e+00
   outer loop
     vertex  7.153880e+01 -4.572256e+01  0.000000e+00
     vertex  7.151840e+01 -4.576450e+01  0.000000e+00
     vertex  8.000000e+01 -5.500000e+01  0.000000e+00
   endloop
 endfacet
 facet normal  0.000000e+00  0.000000e+00  1.000000e+00
   outer loop
     vertex  7.155804e+01 -4.568007e+01  0.000000e+00
     vertex  7.153880e+01 -4.572256e+01  0.000000e+00
     vertex  8.000000e+01 -5.500000e+01  0.000000e+00
   endloop
 endfacet
 facet normal  0.000000e+00  0.000000e+00  1.000000e+00
   outer loop
     vertex  7.157612e+01 -4.563707e+01  0.000000e+00
     vertex  7.155804e+01 -4.568007e+01  0.000000e+00
     vertex  8.000000e+01 -5.500000e+01  0.000000e+00
   endloop
 endfacet
 facet normal  0.000000e+00  0.000000e+00  1.000000e+00
   outer loop
     vertex  7.159300e+01 -4.559359e+01  0.000000e+00
     vertex  7.157612e+01 -4.563707e+01  0.000000e+00
     vertex  8.000000e+01 -5.500000e+01  0.000000e+00
   endloop
 endfacet
 facet normal  0.000000e+00  0.000000e+00  1.000000e+00
   outer loop
     vertex  7.160868e+01 -4.554967e+01  0.000000e+00
     vertex  7.159300e+01 -4.559359e+01  0.000000e+00
     vertex  8.000000e+01 -5.500000e+01  0.000000e+00
   endloop
 endfacet
 facet normal  0.000000e+00  0.000000e+00  1.000000e+00
   outer loop
     vertex  7.162316e+01 -4.550533e+01  0.000000e+00
     vertex  7.160868e+01 -4.554967e+01  0.000000e+00
     vertex  8.000000e+01 -5.500000e+01  0.000000e+00
   endloop
 endfacet
 facet normal  0.000000e+00  0.000000e+00  1.000000e+00
   outer loop
     vertex  7.163641e+01 -4.546061e+01  0.000000e+00
     vertex  7.162316e+01 -4.550533e+01  0.000000e+00
     vertex  8.000000e+01 -5.500000e+01  0.000000e+00
   endloop
 endfacet
 facet normal  0.000000e+00  0.000000e+00  1.000000e+00
   outer loop
     vertex  7.164843e+01 -4.541554e+01  0.000000e+00
     vertex  7.163641e+01 -4.546061e+01  0.000000e+00
     vertex  8.000000e+01 -5.500000e+01  0.000000e+00
   endloop
 endfacet
 facet normal  0.000000e+00  0.000000e+00  1.000000e+00
   outer loop
     vertex  7.165921e+01 -4.537016e+01  0.000000e+00
     vertex  7.164843e+01 -4.541554e+01  0.000000e+00
     vertex  8.000000e+01 -5.500000e+01  0.000000e+00
   endloop
 endfacet
 facet normal  0.000000e+00  0.000000e+00  1.000000e+00
   outer loop
     vertex  7.166874e+01 -4.532450e+01  0.000000e+00
     vertex  7.165921e+01 -4.537016e+01  0.000000e+00
     vertex  8.000000e+01 -5.500000e+01  0.000000e+00
   endloop
 endfacet
 facet normal  0.000000e+00  0.000000e+00  1.000000e+00
   outer loop
     vertex  7.167702e+01 -4.527860e+01  0.000000e+00
     vertex  7.166874e+01 -4.532450e+01  0.000000e+00
     vertex  8.000000e+01 -5.500000e+01  0.000000e+00
   endloop
 endfacet
 facet normal  0.000000e+00  0.000000e+00  1.000000e+00
   outer loop
     vertex  7.168403e+01 -4.523249e+01  0.000000e+00
     vertex  7.167702e+01 -4.527860e+01  0.000000e+00
     vertex  8.000000e+01 -5.500000e+01  0.000000e+00
   endloop
 endfacet
 facet normal  0.000000e+00  0.000000e+00  1.000000e+00
   outer loop
     vertex  7.168977e+01 -4.518620e+01  0.000000e+00
     vertex  7.168403e+01 -4.523249e+01  0.000000e+00
     vertex  8.000000e+01 -5.500000e+01  0.000000e+00
   endloop
 endfacet
 facet normal  0.000000e+00  0.000000e+00  1.000000e+00
   outer loop
     vertex  7.169424e+01 -4.513977e+01  0.000000e+00
     vertex  7.168977e+01 -4.518620e+01  0.000000e+00
     vertex  8.000000e+01 -5.500000e+01  0.000000e+00
   endloop
 endfacet
 facet normal  0.000000e+00  0.000000e+00  1.000000e+00
   outer loop
     vertex  7.169744e+01 -4.509324e+01  0.000000e+00
     vertex  7.169424e+01 -4.513977e+01  0.000000e+00
     vertex  8.000000e+01 -5.500000e+01  0.000000e+00
   endloop
 endfacet
 facet normal  0.000000e+00  0.000000e+00  1.000000e+00
   outer loop
     vertex  7.169936e+01 -4.504664e+01  0.000000e+00
     vertex  7.169744e+01 -4.509324e+01  0.000000e+00
     vertex  8.000000e+01 -5.500000e+01  0.000000e+00
   endloop
 endfacet
 facet normal  0.000000e+00  0.000000e+00  1.000000e+00
   outer loop
     vertex  7.170000e+01 -4.500000e+01  0.000000e+00
     vertex  7.169936e+01 -4.504664e+01  0.000000e+00
     vertex  8.000000e+01 -5.500000e+01  0.000000e+00
   endloop
 endfacet
 facet normal  0.000000e+00  0.000000e+00  1.000000e+00
   outer loop
     vertex  7.169936e+01 -4.495336e+01  0.000000e+00
     vertex  7.170000e+01 -4.500000e+01  0.000000e+00
     vertex  8.000000e+01 -5.500000e+01  0.000000e+00
   endloop
 endfacet
 facet normal  0.000000e+00  0.000000e+00  1.000000e+00
   outer loop
     vertex  7.169744e+01 -4.490676e+01  0.000000e+00
     vertex  7.169936e+01 -4.495336e+01  0.000000e+00
     vertex  8.000000e+01 -5.500000e+01  0.000000e+00
   endloop
 endfacet
 facet normal  0.000000e+00  0.000000e+00  1.000000e+00
   outer loop
     vertex  7.169424e+01 -4.486023e+01  0.000000e+00
     vertex  7.169744e+01 -4.490676e+01  0.000000e+00
     vertex  8.000000e+01 -5.500000e+01  0.000000e+00
   endloop
 endfacet
 facet normal  0.000000e+00  0.000000e+00  1.000000e+00
   outer loop
     vertex  7.168977e+01 -4.481380e+01  0.000000e+00
     vertex  7.169424e+01 -4.486023e+01  0.000000e+00
     vertex  8.000000e+01 -5.500000e+01  0.000000e+00
   endloop
 endfacet
 facet normal  0.000000e+00  0.000000e+00  1.000000e+00
   outer loop
     vertex  7.168403e+01 -4.476751e+01  0.000000e+00
     vertex  7.168977e+01 -4.481380e+01  0.000000e+00
     vertex  8.000000e+01 -5.500000e+01  0.000000e+00
   endloop
 endfacet
 facet normal  0.000000e+00  0.000000e+00  1.000000e+00
   outer loop
     vertex  7.167702e+01 -4.472140e+01  0.000000e+00
     vertex  7.168403e+01 -4.476751e+01  0.000000e+00
     vertex  8.000000e+01 -5.500000e+01  0.000000e+00
   endloop
 endfacet
 facet normal  0.000000e+00  0.000000e+00  1.000000e+00
   outer loop
     vertex  7.166874e+01 -4.467550e+01  0.000000e+00
     vertex  7.167702e+01 -4.472140e+01  0.000000e+00
     vertex  8.000000e+01 -5.500000e+01  0.000000e+00
   endloop
 endfacet
 facet normal  0.000000e+00  0.000000e+00  1.000000e+00
   outer loop
     vertex  7.165921e+01 -4.462984e+01  0.000000e+00
     vertex  7.166874e+01 -4.467550e+01  0.000000e+00
     vertex  8.000000e+01 -5.500000e+01  0.000000e+00
   endloop
 endfacet
 facet normal  0.000000e+00  0.000000e+00  1.000000e+00
   outer loop
     vertex  7.164843e+01 -4.458446e+01  0.000000e+00
     vertex  7.165921e+01 -4.462984e+01  0.000000e+00
     vertex  8.000000e+01 -5.500000e+01  0.000000e+00
   endloop
 endfacet
 facet normal  0.000000e+00  0.000000e+00  1.000000e+00
   outer loop
     vertex  7.163641e+01 -4.453939e+01  0.000000e+00
     vertex  7.164843e+01 -4.458446e+01  0.000000e+00
     vertex  8.000000e+01 -5.500000e+01  0.000000e+00
   endloop
 endfacet
 facet normal  0.000000e+00  0.000000e+00  1.000000e+00
   outer loop
     vertex  7.162316e+01 -4.449467e+01  0.000000e+00
     vertex  7.163641e+01 -4.453939e+01  0.000000e+00
     vertex  8.000000e+01 -5.500000e+01  0.000000e+00
   endloop
 endfacet
 facet normal  0.000000e+00  0.000000e+00  1.000000e+00
   outer loop
     vertex  7.160868e+01 -4.445033e+01  0.000000e+00
     vertex  7.162316e+01 -4.449467e+01  0.000000e+00
     vertex  8.000000e+01 -5.500000e+01  0.000000e+00
   endloop
 endfacet
 facet normal  0.000000e+00  0.000000e+00  1.000000e+00
   outer loop
     vertex  7.159300e+01 -4.440641e+01  0.000000e+00
     vertex  7.160868e+01 -4.445033e+01  0.000000e+00
     vertex  8.000000e+01 -5.500000e+01  0.000000e+00
   endloop
 endfacet
 facet normal  0.000000e+00  0.000000e+00  1.000000e+00
   outer loop
     vertex  7.157612e+01 -4.436293e+01  0.000000e+00
     vertex  7.159300e+01 -4.440641e+01  0.000000e+00
     vertex  8.000000e+01 -5.500000e+01  0.000000e+00
   endloop
 endfacet
 facet normal  0.000000e+00  0.000000e+00  1.000000e+00
   outer loop
     vertex  7.155804e+01 -4.431993e+01  0.000000e+00
     vertex  7.157612e+01 -4.436293e+01  0.000000e+00
     vertex  8.000000e+01 -5.500000e+01  0.000000e+00
   endloop
 endfacet
 facet normal  0.000000e+00  0.000000e+00  1.000000e+00
   outer loop
     vertex  7.153880e+01 -4.427744e+01  0.000000e+00
     vertex  7.155804e+01 -4.431993e+01  0.000000e+00
     vertex  8.000000e+01 -5.500000e+01  0.000000e+00
   endloop
 endfacet
 facet normal  0.000000e+00  0.000000e+00  1.000000e+00
   outer loop
     vertex  7.151840e+01 -4.423550e+01  0.000000e+00
     vertex  7.153880e+01 -4.427744e+01  0.000000e+00
     vertex  8.000000e+01 -5.500000e+01  0.000000e+00
   endloop
 endfacet
 facet normal  0.000000e+00  0.000000e+00  1.000000e+00
   outer loop
     vertex  7.149685e+01 -4.419413e+01  0.000000e+00
     vertex  7.151840e+01 -4.423550e+01  0.000000e+00
     vertex  8.000000e+01 -5.500000e+01  0.000000e+00
   endloop
 endfacet
 facet normal  0.000000e+00  0.000000e+00  1.000000e+00
   outer loop
     vertex  7.147418e+01 -4.415337e+01  0.000000e+00
     vertex  7.149685e+01 -4.419413e+01  0.000000e+00
     vertex  8.000000e+01 -5.500000e+01  0.000000e+00
   endloop
 endfacet
 facet normal  0.000000e+00  0.000000e+00  1.000000e+00
   outer loop
     vertex  7.145040e+01 -4.411324e+01  0.000000e+00
     vertex  7.147418e+01 -4.415337e+01  0.000000e+00
     vertex  8.000000e+01 -5.500000e+01  0.000000e+00
   endloop
 endfacet
 facet normal  0.000000e+00  0.000000e+00  1.000000e+00
   outer loop
     vertex  7.142553e+01 -4.407379e+01  0.000000e+00
     vertex  7.145040e+01 -4.411324e+01  0.000000e+00
     vertex  8.000000e+01 -5.500000e+01  0.000000e+00
   endloop
 endfacet
 facet normal  0.000000e+00  0.000000e+00  1.000000e+00
   outer loop
     vertex  6.882712e+01  4.376941e+01  0.000000e+00
     vertex  6.879380e+01  4.380205e+01  0.000000e+00
     vertex  6.879380e+01 -4.380205e+01  0.000000e+00
   endloop
 endfacet
 facet normal  0.000000e+00  0.000000e+00  1.000000e+00
   outer loop
     vertex  6.882712e+01  4.376941e+01  0.000000e+00
     vertex  6.882712e+01 -4.376941e+01  0.000000e+00
     vertex  6.886132e+01 -4.373769e+01  0.000000e+00
   endloop
 endfacet
 facet normal  0.000000e+00  0.000000e+00  1.000000e+00
   outer loop
     vertex  6.882712e+01  4.376941e+01  0.000000e+00
     vertex  6.879380e+01 -4.380205e+01  0.000000e+00
     vertex  6.882712e+01 -4.376941e+01  0.000000e+00
   endloop
 endfacet
 facet normal  0.000000e+00  0.000000e+00  1.000000e+00
   outer loop
     vertex  6.876139e+01  4.383559e+01  0.000000e+00
     vertex  6.879380e+01 -4.380205e+01  0.000000e+00
     vertex  6.879380e+01  4.380205e+01  0.000000e+00
   endloop
 endfacet
 facet normal  0.000000e+00  0.000000e+00  1.000000e+00
   outer loop
     vertex  6.876139e+01  4.383559e+01  0.000000e+00
     vertex  6.876139e+01 -4.383559e+01  0.000000e+00
     vertex  6.879380e+01 -4.380205e+01  0.000000e+00
   endloop
 endfacet
 facet normal  0.000000e+00  0.000000e+00  1.000000e+00
   outer loop
     vertex  6.886132e+01  4.373769e+01  0.000000e+00
     vertex  6.882712e+01  4.376941e+01  0.000000e+00
     vertex  6.886132e+01 -4.373769e+01  0.000000e+00
   endloop
 endfacet
 facet normal  0.000000e+00  0.000000e+00  1.000000e+00
   outer loop
     vertex  6.872991e+01  4.387001e+01  0.000000e+00
     vertex  6.872991e+01 -4.387001e+01  0.000000e+00
     vertex  6.876139e+01 -4.383559e+01  0.000000e+00
   endloop
 endfacet
 facet normal  0.000000e+00  0.000000e+00  1.000000e+00
   outer loop
     vertex  6.872991e+01  4.387001e+01  0.000000e+00
     vertex  6.876139e+01 -4.383559e+01  0.000000e+00
     vertex  6.876139e+01  4.383559e+01  0.000000e+00
   endloop
 endfacet
 facet normal  0.000000e+00  0.000000e+00  1.000000e+00
   outer loop
     vertex  6.889638e+01  4.370693e+01  0.000000e+00
     vertex  6.886132e+01 -4.373769e+01  0.000000e+00
     vertex  6.889638e+01 -4.370693e+01  0.000000e+00
   endloop
 endfacet
 facet normal  0.000000e+00  0.000000e+00  1.000000e+00
   outer loop
     vertex  6.889638e+01  4.370693e+01  0.000000e+00
     vertex  6.886132e+01  4.373769e+01  0.000000e+00
     vertex  6.886132e+01 -4.373769e+01  0.000000e+00
   endloop
 endfacet
 facet normal  0.000000e+00  0.000000e+00  1.000000e+00
   outer loop
     vertex  6.869939e+01  4.390528e+01  0.000000e+00
     vertex  6.869939e+01 -4.390528e+01  0.000000e+00
     vertex  6.872991e+01 -4.387001e+01  0.000000e+00
   endloop
 endfacet
 facet normal  0.000000e+00  0.000000e+00  1.000000e+00
   outer loop
     vertex  6.869939e+01  4.390528e+01  0.000000e+00
     vertex  6.872991e+01 -4.387001e+01  0.000000e+00
     vertex  6.872991e+01  4.387001e+01  0.000000e+00
   endloop
 endfacet
 facet normal  0.000000e+00  0.000000e+00  1.000000e+00
   outer loop
     vertex  6.893227e+01  4.367714e+01  0.000000e+00
     vertex  6.889638e+01 -4.370693e+01  0.000000e+00
     vertex  6.893227e+01 -4.367714e+01  0.000000e+00
   endloop
 endfacet
 facet normal  0.000000e+00  0.000000e+00  1.000000e+00
   outer loop
     vertex  6.893227e+01  4.367714e+01  0.000000e+00
     vertex  6.889638e+01  4.370693e+01  0.000000e+00
     vertex  6.889638e+01 -4.370693e+01  0.000000e+00
   endloop
 endfacet
 facet normal  0.000000e+00  0.000000e+00  1.000000e+00
   outer loop
     vertex  6.866985e+01  4.394137e+01  0.000000e+00
     vertex  6.866985e+01 -4.394137e+01  0.000000e+00
     vertex  6.869939e+01 -4.390528e+01  0.000000e+00
   endloop
 endfacet
 facet normal  0.000000e+00  0.000000e+00  1.000000e+00
   outer loop
     vertex  6.866985e+01  4.394137e+01  0.000000e+00
     vertex  6.869939e+01 -4.390528e+01  0.000000e+00
     vertex  6.869939e+01  4.390528e+01  0.000000e+00
   endloop
 endfacet
 facet normal  0.000000e+00  0.000000e+00  1.000000e+00
   outer loop
     vertex  6.896896e+01  4.364835e+01  0.000000e+00
     vertex  6.893227e+01 -4.367714e+01  0.000000e+00
     vertex  6.896896e+01 -4.364835e+01  0.000000e+00
   endloop
 endfacet
 facet normal  0.000000e+00  0.000000e+00  1.000000e+00
   outer loop
     vertex  6.896896e+01  4.364835e+01  0.000000e+00
     vertex  6.893227e+01  4.367714e+01  0.000000e+00
     vertex  6.893227e+01 -4.367714e+01  0.000000e+00
   endloop
 endfacet
 facet normal  0.000000e+00  0.000000e+00  1.000000e+00
   outer loop
     vertex  6.864131e+01  4.397826e+01  0.000000e+00
     vertex  6.864131e+01 -4.397826e+01  0.000000e+00
     vertex  6.866985e+01 -4.394137e+01  0.000000e+00
   endloop
 endfacet
 facet normal  0.000000e+00  0.000000e+00  1.000000e+00
   outer loop
     vertex  6.864131e+01  4.397826e+01  0.000000e+00
     vertex  6.866985e+01 -4.394137e+01  0.000000e+00
     vertex  6.866985e+01  4.394137e+01  0.000000e+00
   endloop
 endfacet
 facet normal  0.000000e+00  0.000000e+00  1.000000e+00
   outer loop
     vertex  6.900643e+01  4.362057e+01  0.000000e+00
     vertex  6.900643e+01 -4.362057e+01  0.000000e+00
     vertex  6.904465e+01 -4.359383e+01  0.000000e+00
   endloop
 endfacet
 facet normal  0.000000e+00  0.000000e+00  1.000000e+00
   outer loop
     vertex  6.900643e+01  4.362057e+01  0.000000e+00
     vertex  6.896896e+01 -4.364835e+01  0.000000e+00
     vertex  6.900643e+01 -4.362057e+01  0.000000e+00
   endloop
 endfacet
 facet normal  0.000000e+00  0.000000e+00  1.000000e+00
   outer loop
     vertex  6.900643e+01  4.362057e+01  0.000000e+00
     vertex  6.896896e+01  4.364835e+01  0.000000e+00
     vertex  6.896896e+01 -4.364835e+01  0.000000e+00
   endloop
 endfacet
 facet normal  0.000000e+00  0.000000e+00  1.000000e+00
   outer loop
     vertex  6.861379e+01  4.401592e+01  0.000000e+00
     vertex  6.864131e+01 -4.397826e+01  0.000000e+00
     vertex  6.864131e+01  4.397826e+01  0.000000e+00
   endloop
 endfacet
 facet normal  0.000000e+00  0.000000e+00  1.000000e+00
   outer loop
     vertex  6.861379e+01  4.401592e+01  0.000000e+00
     vertex  6.861379e+01 -4.401592e+01  0.000000e+00
     vertex  6.864131e+01 -4.397826e+01  0.000000e+00
   endloop
 endfacet
 facet normal  0.000000e+00  0.000000e+00  1.000000e+00
   outer loop
     vertex  6.904465e+01  4.359383e+01  0.000000e+00
     vertex  6.900643e+01  4.362057e+01  0.000000e+00
     vertex  6.904465e+01 -4.359383e+01  0.000000e+00
   endloop
 endfacet
 facet normal  0.000000e+00  0.000000e+00  1.000000e+00
   outer loop
     vertex  6.858731e+01  4.405432e+01  0.000000e+00
     vertex  6.861379e+01 -4.401592e+01  0.000000e+00
     vertex  6.861379e+01  4.401592e+01  0.000000e+00
   endloop
 endfacet
 facet normal  0.000000e+00  0.000000e+00  1.000000e+00
   outer loop
     vertex  6.858731e+01  4.405432e+01  0.000000e+00
     vertex  6.858731e+01 -4.405432e+01  0.000000e+00
     vertex  6.861379e+01 -4.401592e+01  0.000000e+00
   endloop
 endfacet
 facet normal  0.000000e+00  0.000000e+00  1.000000e+00
   outer loop
     vertex  6.908359e+01  4.356815e+01  0.000000e+00
     vertex  6.904465e+01 -4.359383e+01  0.000000e+00
     vertex  6.908359e+01 -4.356815e+01  0.000000e+00
   endloop
 endfacet
 facet normal  0.000000e+00  0.000000e+00  1.000000e+00
   outer loop
     vertex  6.908359e+01  4.356815e+01  0.000000e+00
     vertex  6.904465e+01  4.359383e+01  0.000000e+00
     vertex  6.904465e+01 -4.359383e+01  0.000000e+00
   endloop
 endfacet
 facet normal  0.000000e+00  0.000000e+00  1.000000e+00
   outer loop
     vertex  6.856190e+01  4.409343e+01  0.000000e+00
     vertex -6.857447e+01 -4.407379e+01  0.000000e+00
     vertex  6.856190e+01 -4.409343e+01  0.000000e+00
   endloop
 endfacet
 facet normal  0.000000e+00  0.000000e+00  1.000000e+00
   outer loop
     vertex  6.856190e+01  4.409343e+01  0.000000e+00
     vertex  6.858731e+01 -4.405432e+01  0.000000e+00
     vertex  6.858731e+01  4.405432e+01  0.000000e+00
   endloop
 endfacet
 facet normal  0.000000e+00  0.000000e+00  1.000000e+00
   outer loop
     vertex  6.856190e+01  4.409343e+01  0.000000e+00
     vertex  6.856190e+01 -4.409343e+01  0.000000e+00
     vertex  6.858731e+01 -4.405432e+01  0.000000e+00
   endloop
 endfacet
 facet normal  0.000000e+00  0.000000e+00  1.000000e+00
   outer loop
     vertex  6.856190e+01  4.409343e+01  0.000000e+00
     vertex -6.857447e+01  4.407379e+01  0.000000e+00
     vertex -6.857447e+01 -4.407379e+01  0.000000e+00
   endloop
 endfacet
 facet normal  0.000000e+00  0.000000e+00  1.000000e+00
   outer loop
     vertex  6.856190e+01  4.409343e+01  0.000000e+00
     vertex -6.854960e+01  4.411324e+01  0.000000e+00
     vertex -6.857447e+01  4.407379e+01  0.000000e+00
   endloop
 endfacet
 facet normal  0.000000e+00  0.000000e+00  1.000000e+00
   outer loop
     vertex  6.912321e+01  4.354355e+01  0.000000e+00
     vertex  6.908359e+01 -4.356815e+01  0.000000e+00
     vertex  6.912321e+01 -4.354355e+01  0.000000e+00
   endloop
 endfacet
 facet normal  0.000000e+00  0.000000e+00  1.000000e+00
   outer loop
     vertex  6.912321e+01  4.354355e+01  0.000000e+00
     vertex  6.908359e+01  4.356815e+01  0.000000e+00
     vertex  6.908359e+01 -4.356815e+01  0.000000e+00
   endloop
 endfacet
 facet normal  0.000000e+00  0.000000e+00  1.000000e+00
   outer loop
     vertex  6.853757e+01  4.413322e+01  0.000000e+00
     vertex -6.852582e+01  4.415337e+01  0.000000e+00
     vertex -6.854960e+01  4.411324e+01  0.000000e+00
   endloop
 endfacet
 facet normal  0.000000e+00  0.000000e+00  1.000000e+00
   outer loop
     vertex  6.853757e+01  4.413322e+01  0.000000e+00
     vertex -6.854960e+01  4.411324e+01  0.000000e+00
     vertex  6.856190e+01  4.409343e+01  0.000000e+00
   endloop
 endfacet
 facet normal  0.000000e+00  0.000000e+00  1.000000e+00
   outer loop
     vertex  6.916350e+01  4.352004e+01  0.000000e+00
     vertex  6.912321e+01 -4.354355e+01  0.000000e+00
     vertex  6.916350e+01 -4.352004e+01  0.000000e+00
   endloop
 endfacet
 facet normal  0.000000e+00  0.000000e+00  1.000000e+00
   outer loop
     vertex  6.916350e+01  4.352004e+01  0.000000e+00
     vertex  6.912321e+01  4.354355e+01  0.000000e+00
     vertex  6.912321e+01 -4.354355e+01  0.000000e+00
   endloop
 endfacet
 facet normal  0.000000e+00  0.000000e+00  1.000000e+00
   outer loop
     vertex  6.851434e+01  4.417367e+01  0.000000e+00
     vertex -6.850315e+01  4.419413e+01  0.000000e+00
     vertex -6.852582e+01  4.415337e+01  0.000000e+00
   endloop
 endfacet
 facet normal  0.000000e+00  0.000000e+00  1.000000e+00
   outer loop
     vertex  6.851434e+01  4.417367e+01  0.000000e+00
     vertex -6.852582e+01  4.415337e+01  0.000000e+00
     vertex  6.853757e+01  4.413322e+01  0.000000e+00
   endloop
 endfacet
 facet normal  0.000000e+00  0.000000e+00  1.000000e+00
   outer loop
     vertex  6.920442e+01  4.349765e+01  0.000000e+00
     vertex  6.916350e+01 -4.352004e+01  0.000000e+00
     vertex  6.920442e+01 -4.349765e+01  0.000000e+00
   endloop
 endfacet
 facet normal  0.000000e+00  0.000000e+00  1.000000e+00
   outer loop
     vertex  6.920442e+01  4.349765e+01  0.000000e+00
     vertex  6.916350e+01  4.352004e+01  0.000000e+00
     vertex  6.916350e+01 -4.352004e+01  0.000000e+00
   endloop
 endfacet
 facet normal  0.000000e+00  0.000000e+00  1.000000e+00
   outer loop
     vertex  6.849223e+01  4.421474e+01  0.000000e+00
     vertex -6.850315e+01  4.419413e+01  0.000000e+00
     vertex  6.851434e+01  4.417367e+01  0.000000e+00
   endloop
 endfacet
 facet normal  0.000000e+00  0.000000e+00  1.000000e+00
   outer loop
     vertex  6.849223e+01  4.421474e+01  0.000000e+00
     vertex -6.848160e+01  4.423550e+01  0.000000e+00
     vertex -6.850315e+01  4.419413e+01  0.000000e+00
   endloop
 endfacet
 facet normal  0.000000e+00  0.000000e+00  1.000000e+00
   outer loop
     vertex  6.924593e+01  4.347639e+01  0.000000e+00
     vertex  6.924593e+01 -4.347639e+01  0.000000e+00
     vertex  6.928801e+01 -4.345628e+01  0.000000e+00
   endloop
 endfacet
 facet normal  0.000000e+00  0.000000e+00  1.000000e+00
   outer loop
     vertex  6.924593e+01  4.347639e+01  0.000000e+00
     vertex  6.920442e+01 -4.349765e+01  0.000000e+00
     vertex  6.924593e+01 -4.347639e+01  0.000000e+00
   endloop
 endfacet
 facet normal  0.000000e+00  0.000000e+00  1.000000e+00
   outer loop
     vertex  6.924593e+01  4.347639e+01  0.000000e+00
     vertex  6.920442e+01  4.349765e+01  0.000000e+00
     vertex  6.920442e+01 -4.349765e+01  0.000000e+00
   endloop
 endfacet
 facet normal  0.000000e+00  0.000000e+00  1.000000e+00
   outer loop
     vertex  6.847126e+01  4.425640e+01  0.000000e+00
     vertex -6.848160e+01  4.423550e+01  0.000000e+00
     vertex  6.849223e+01  4.421474e+01  0.000000e+00
   endloop
 endfacet
 facet normal  0.000000e+00  0.000000e+00  1.000000e+00
   outer loop
     vertex  6.847126e+01  4.425640e+01  0.000000e+00
     vertex -6.846120e+01  4.427744e+01  0.000000e+00
     vertex -6.848160e+01  4.423550e+01  0.000000e+00
   endloop
 endfacet
 facet normal  0.000000e+00  0.000000e+00  1.000000e+00
   outer loop
     vertex  6.928801e+01  4.345628e+01  0.000000e+00
     vertex  6.924593e+01  4.347639e+01  0.000000e+00
     vertex  6.928801e+01 -4.345628e+01  0.000000e+00
   endloop
 endfacet
 facet normal  0.000000e+00  0.000000e+00  1.000000e+00
   outer loop
     vertex  6.845143e+01  4.429862e+01  0.000000e+00
     vertex -6.844196e+01  4.431993e+01  0.000000e+00
     vertex -6.846120e+01  4.427744e+01  0.000000e+00
   endloop
 endfacet
 facet normal  0.000000e+00  0.000000e+00  1.000000e+00
   outer loop
     vertex  6.845143e+01  4.429862e+01  0.000000e+00
     vertex -6.846120e+01  4.427744e+01  0.000000e+00
     vertex  6.847126e+01  4.425640e+01  0.000000e+00
   endloop
 endfacet
 facet normal  0.000000e+00  0.000000e+00  1.000000e+00
   outer loop
     vertex  6.933063e+01  4.343733e+01  0.000000e+00
     vertex  6.928801e+01 -4.345628e+01  0.000000e+00
     vertex  6.933063e+01 -4.343733e+01  0.000000e+00
   endloop
 endfacet
 facet normal  0.000000e+00  0.000000e+00  1.000000e+00
   outer loop
     vertex  6.933063e+01  4.343733e+01  0.000000e+00
     vertex  6.928801e+01  4.345628e+01  0.000000e+00
     vertex  6.928801e+01 -4.345628e+01  0.000000e+00
   endloop
 endfacet
 facet normal  0.000000e+00  0.000000e+00  1.000000e+00
   outer loop
     vertex  6.843277e+01  4.434137e+01  0.000000e+00
     vertex -6.844196e+01  4.431993e+01  0.000000e+00
     vertex  6.845143e+01  4.429862e+01  0.000000e+00
   endloop
 endfacet
 facet normal  0.000000e+00  0.000000e+00  1.000000e+00
   outer loop
     vertex  6.843277e+01  4.434137e+01  0.000000e+00
     vertex -6.842388e+01  4.436293e+01  0.000000e+00
     vertex -6.844196e+01  4.431993e+01  0.000000e+00
   endloop
 endfacet
 facet normal  0.000000e+00  0.000000e+00  1.000000e+00
   outer loop
     vertex  6.937375e+01  4.341955e+01  0.000000e+00
     vertex  6.933063e+01 -4.343733e+01  0.000000e+00
     vertex  6.937375e+01 -4.341955e+01  0.000000e+00
   endloop
 endfacet
 facet normal  0.000000e+00  0.000000e+00  1.000000e+00
   outer loop
     vertex  6.937375e+01  4.341955e+01  0.000000e+00
     vertex  6.933063e+01  4.343733e+01  0.000000e+00
     vertex  6.933063e+01 -4.343733e+01  0.000000e+00
   endloop
 endfacet
 facet normal  0.000000e+00  0.000000e+00  1.000000e+00
   outer loop
     vertex  6.841529e+01  4.438461e+01  0.000000e+00
     vertex -6.842388e+01  4.436293e+01  0.000000e+00
     vertex  6.843277e+01  4.434137e+01  0.000000e+00
   endloop
 endfacet
 facet normal  0.000000e+00  0.000000e+00  1.000000e+00
   outer loop
     vertex  6.841529e+01  4.438461e+01  0.000000e+00
     vertex -6.840700e+01  4.440641e+01  0.000000e+00
     vertex -6.842388e+01  4.436293e+01  0.000000e+00
   endloop
 endfacet
 facet normal  0.000000e+00  0.000000e+00  1.000000e+00
   outer loop
     vertex  6.941735e+01  4.340297e+01  0.000000e+00
     vertex  6.937375e+01 -4.341955e+01  0.000000e+00
     vertex  6.941735e+01 -4.340297e+01  0.000000e+00
   endloop
 endfacet
 facet normal  0.000000e+00  0.000000e+00  1.000000e+00
   outer loop
     vertex  6.941735e+01  4.340297e+01  0.000000e+00
     vertex  6.937375e+01  4.341955e+01  0.000000e+00
     vertex  6.937375e+01 -4.341955e+01  0.000000e+00
   endloop
 endfacet
 facet normal  0.000000e+00  0.000000e+00  1.000000e+00
   outer loop
     vertex  6.839901e+01  4.442832e+01  0.000000e+00
     vertex -6.840700e+01  4.440641e+01  0.000000e+00
     vertex  6.841529e+01  4.438461e+01  0.000000e+00
   endloop
 endfacet
 facet normal  0.000000e+00  0.000000e+00  1.000000e+00
   outer loop
     vertex  6.839901e+01  4.442832e+01  0.000000e+00
     vertex -6.839132e+01  4.445033e+01  0.000000e+00
     vertex -6.840700e+01  4.440641e+01  0.000000e+00
   endloop
 endfacet
 facet normal  0.000000e+00  0.000000e+00  1.000000e+00
   outer loop
     vertex  6.946138e+01  4.338758e+01  0.000000e+00
     vertex  6.941735e+01 -4.340297e+01  0.000000e+00
     vertex  6.946138e+01 -4.338758e+01  0.000000e+00
   endloop
 endfacet
 facet normal  0.000000e+00  0.000000e+00  1.000000e+00
   outer loop
     vertex  6.946138e+01  4.338758e+01  0.000000e+00
     vertex  6.941735e+01  4.340297e+01  0.000000e+00
     vertex  6.941735e+01 -4.340297e+01  0.000000e+00
   endloop
 endfacet
 facet normal  0.000000e+00  0.000000e+00  1.000000e+00
   outer loop
     vertex  6.946138e+01  4.338758e+01  0.000000e+00
     vertex  6.946138e+01 -4.338758e+01  0.000000e+00
     vertex  6.950582e+01 -4.337341e+01  0.000000e+00
   endloop
 endfacet
 facet normal  0.000000e+00  0.000000e+00  1.000000e+00
   outer loop
     vertex  6.838393e+01  4.447245e+01  0.000000e+00
     vertex -6.839132e+01  4.445033e+01  0.000000e+00
     vertex  6.839901e+01  4.442832e+01  0.000000e+00
   endloop
 endfacet
 facet normal  0.000000e+00  0.000000e+00  1.000000e+00
   outer loop
     vertex  6.838393e+01  4.447245e+01  0.000000e+00
     vertex -6.837684e+01  4.449467e+01  0.000000e+00
     vertex -6.839132e+01  4.445033e+01  0.000000e+00
   endloop
 endfacet
 facet normal  0.000000e+00  0.000000e+00  1.000000e+00
   outer loop
     vertex  6.950582e+01  4.337341e+01  0.000000e+00
     vertex  6.946138e+01  4.338758e+01  0.000000e+00
     vertex  6.950582e+01 -4.337341e+01  0.000000e+00
   endloop
 endfacet
 facet normal  0.000000e+00  0.000000e+00  1.000000e+00
   outer loop
     vertex  6.837006e+01  4.451699e+01  0.000000e+00
     vertex -6.837684e+01  4.449467e+01  0.000000e+00
     vertex  6.838393e+01  4.447245e+01  0.000000e+00
   endloop
 endfacet
 facet normal  0.000000e+00  0.000000e+00  1.000000e+00
   outer loop
     vertex  6.837006e+01  4.451699e+01  0.000000e+00
     vertex -6.836359e+01  4.453939e+01  0.000000e+00
     vertex -6.837684e+01  4.449467e+01  0.000000e+00
   endloop
 endfacet
 facet normal  0.000000e+00  0.000000e+00  1.000000e+00
   outer loop
     vertex  6.955063e+01  4.336047e+01  0.000000e+00
     vertex  6.950582e+01  4.337341e+01  0.000000e+00
     vertex  6.950582e+01 -4.337341e+01  0.000000e+00
   endloop
 endfacet
 facet normal  0.000000e+00  0.000000e+00  1.000000e+00
   outer loop
     vertex  6.955063e+01  4.336047e+01  0.000000e+00
     vertex  6.950582e+01 -4.337341e+01  0.000000e+00
     vertex  6.955063e+01 -4.336047e+01  0.000000e+00
   endloop
 endfacet
 facet normal  0.000000e+00  0.000000e+00  1.000000e+00
   outer loop
     vertex  6.835742e+01  4.456189e+01  0.000000e+00
     vertex -6.836359e+01  4.453939e+01  0.000000e+00
     vertex  6.837006e+01  4.451699e+01  0.000000e+00
   endloop
 endfacet
 facet normal  0.000000e+00  0.000000e+00  1.000000e+00
   outer loop
     vertex  6.835742e+01  4.456189e+01  0.000000e+00
     vertex -6.835157e+01  4.458446e+01  0.000000e+00
     vertex -6.836359e+01  4.453939e+01  0.000000e+00
   endloop
 endfacet
 facet normal  0.000000e+00  0.000000e+00  1.000000e+00
   outer loop
     vertex  6.959578e+01  4.334876e+01  0.000000e+00
     vertex  6.955063e+01  4.336047e+01  0.000000e+00
     vertex  6.955063e+01 -4.336047e+01  0.000000e+00
   endloop
 endfacet
 facet normal  0.000000e+00  0.000000e+00  1.000000e+00
   outer loop
     vertex  6.959578e+01  4.334876e+01  0.000000e+00
     vertex  6.955063e+01 -4.336047e+01  0.000000e+00
     vertex  6.959578e+01 -4.334876e+01  0.000000e+00
   endloop
 endfacet
 facet normal  0.000000e+00  0.000000e+00  1.000000e+00
   outer loop
     vertex  6.834602e+01  4.460711e+01  0.000000e+00
     vertex -6.834079e+01  4.462984e+01  0.000000e+00
     vertex -6.835157e+01  4.458446e+01  0.000000e+00
   endloop
 endfacet
 facet normal  0.000000e+00  0.000000e+00  1.000000e+00
   outer loop
     vertex  6.834602e+01  4.460711e+01  0.000000e+00
     vertex -6.835157e+01  4.458446e+01  0.000000e+00
     vertex  6.835742e+01  4.456189e+01  0.000000e+00
   endloop
 endfacet
 facet normal  0.000000e+00  0.000000e+00  1.000000e+00
   outer loop
     vertex  6.964123e+01  4.333829e+01  0.000000e+00
     vertex  6.959578e+01  4.334876e+01  0.000000e+00
     vertex  6.959578e+01 -4.334876e+01  0.000000e+00
   endloop
 endfacet
 facet normal  0.000000e+00  0.000000e+00  1.000000e+00
   outer loop
     vertex  6.964123e+01  4.333829e+01  0.000000e+00
     vertex  6.964123e+01 -4.333829e+01  0.000000e+00
     vertex  6.968695e+01 -4.332907e+01  0.000000e+00
   endloop
 endfacet
 facet normal  0.000000e+00  0.000000e+00  1.000000e+00
   outer loop
     vertex  6.964123e+01  4.333829e+01  0.000000e+00
     vertex  6.959578e+01 -4.334876e+01  0.000000e+00
     vertex  6.964123e+01 -4.333829e+01  0.000000e+00
   endloop
 endfacet
 facet normal  0.000000e+00  0.000000e+00  1.000000e+00
   outer loop
     vertex  6.833587e+01  4.465264e+01  0.000000e+00
     vertex -6.833126e+01  4.467550e+01  0.000000e+00
     vertex -6.834079e+01  4.462984e+01  0.000000e+00
   endloop
 endfacet
 facet normal  0.000000e+00  0.000000e+00  1.000000e+00
   outer loop
     vertex  6.833587e+01  4.465264e+01  0.000000e+00
     vertex -6.834079e+01  4.462984e+01  0.000000e+00
     vertex  6.834602e+01  4.460711e+01  0.000000e+00
   endloop
 endfacet
 facet normal  0.000000e+00  0.000000e+00  1.000000e+00
   outer loop
     vertex  6.968695e+01  4.332907e+01  0.000000e+00
     vertex  6.964123e+01  4.333829e+01  0.000000e+00
     vertex  6.968695e+01 -4.332907e+01  0.000000e+00
   endloop
 endfacet
 facet normal  0.000000e+00  0.000000e+00  1.000000e+00
   outer loop
     vertex  6.968695e+01  4.332907e+01  0.000000e+00
     vertex  6.968695e+01 -4.332907e+01  0.000000e+00
     vertex  6.973291e+01 -4.332111e+01  0.000000e+00
   endloop
 endfacet
 facet normal  0.000000e+00  0.000000e+00  1.000000e+00
   outer loop
     vertex  6.832696e+01  4.469842e+01  0.000000e+00
     vertex -6.833126e+01  4.467550e+01  0.000000e+00
     vertex  6.833587e+01  4.465264e+01  0.000000e+00
   endloop
 endfacet
 facet normal  0.000000e+00  0.000000e+00  1.000000e+00
   outer loop
     vertex  6.832696e+01  4.469842e+01  0.000000e+00
     vertex -6.832298e+01  4.472140e+01  0.000000e+00
     vertex -6.833126e+01  4.467550e+01  0.000000e+00
   endloop
 endfacet
 facet normal  0.000000e+00  0.000000e+00  1.000000e+00
   outer loop
     vertex  6.973291e+01  4.332111e+01  0.000000e+00
     vertex  6.968695e+01  4.332907e+01  0.000000e+00
     vertex  6.973291e+01 -4.332111e+01  0.000000e+00
   endloop
 endfacet
 facet normal  0.000000e+00  0.000000e+00  1.000000e+00
   outer loop
     vertex  6.831932e+01  4.474443e+01  0.000000e+00
     vertex -6.832298e+01  4.472140e+01  0.000000e+00
     vertex  6.832696e+01  4.469842e+01  0.000000e+00
   endloop
 endfacet
 facet normal  0.000000e+00  0.000000e+00  1.000000e+00
   outer loop
     vertex  6.831932e+01  4.474443e+01  0.000000e+00
     vertex -6.831597e+01  4.476751e+01  0.000000e+00
     vertex -6.832298e+01  4.472140e+01  0.000000e+00
   endloop
 endfacet
 facet normal  0.000000e+00  0.000000e+00  1.000000e+00
   outer loop
     vertex  6.977907e+01  4.331442e+01  0.000000e+00
     vertex  6.973291e+01  4.332111e+01  0.000000e+00
     vertex  6.973291e+01 -4.332111e+01  0.000000e+00
   endloop
 endfacet
 facet normal  0.000000e+00  0.000000e+00  1.000000e+00
   outer loop
     vertex  6.977907e+01  4.331442e+01  0.000000e+00
     vertex  6.973291e+01 -4.332111e+01  0.000000e+00
     vertex  6.977907e+01 -4.331442e+01  0.000000e+00
   endloop
 endfacet
 facet normal  0.000000e+00  0.000000e+00  1.000000e+00
   outer loop
     vertex  6.831294e+01  4.479064e+01  0.000000e+00
     vertex -6.831597e+01  4.476751e+01  0.000000e+00
     vertex  6.831932e+01  4.474443e+01  0.000000e+00
   endloop
 endfacet
 facet normal  0.000000e+00  0.000000e+00  1.000000e+00
   outer loop
     vertex  6.831294e+01  4.479064e+01  0.000000e+00
     vertex -6.831023e+01  4.481380e+01  0.000000e+00
     vertex -6.831597e+01  4.476751e+01  0.000000e+00
   endloop
 endfacet
 facet normal  0.000000e+00  0.000000e+00  1.000000e+00
   outer loop
     vertex  6.982539e+01  4.330899e+01  0.000000e+00
     vertex  6.977907e+01  4.331442e+01  0.000000e+00
     vertex  6.977907e+01 -4.331442e+01  0.000000e+00
   endloop
 endfacet
 facet normal  0.000000e+00  0.000000e+00  1.000000e+00
   outer loop
     vertex  6.982539e+01  4.330899e+01  0.000000e+00
     vertex  6.977907e+01 -4.331442e+01  0.000000e+00
     vertex  6.982539e+01 -4.330899e+01  0.000000e+00
   endloop
 endfacet
 facet normal  0.000000e+00  0.000000e+00  1.000000e+00
   outer loop
     vertex  6.830783e+01  4.483700e+01  0.000000e+00
     vertex -6.831023e+01  4.481380e+01  0.000000e+00
     vertex  6.831294e+01  4.479064e+01  0.000000e+00
   endloop
 endfacet
 facet normal  0.000000e+00  0.000000e+00  1.000000e+00
   outer loop
     vertex  6.830783e+01  4.483700e+01  0.000000e+00
     vertex -6.830576e+01  4.486023e+01  0.000000e+00
     vertex -6.831023e+01  4.481380e+01  0.000000e+00
   endloop
 endfacet
 facet normal  0.000000e+00  0.000000e+00  1.000000e+00
   outer loop
     vertex  6.987185e+01  4.330484e+01  0.000000e+00
     vertex  6.982539e+01  4.330899e+01  0.000000e+00
     vertex  6.982539e+01 -4.330899e+01  0.000000e+00
   endloop
 endfacet
 facet normal  0.000000e+00  0.000000e+00  1.000000e+00
   outer loop
     vertex  6.987185e+01  4.330484e+01  0.000000e+00
     vertex  6.982539e+01 -4.330899e+01  0.000000e+00
     vertex  6.987185e+01 -4.330484e+01  0.000000e+00
   endloop
 endfacet
 facet normal  0.000000e+00  0.000000e+00  1.000000e+00
   outer loop
     vertex  6.830400e+01  4.488348e+01  0.000000e+00
     vertex -6.830256e+01  4.490676e+01  0.000000e+00
     vertex -6.830576e+01  4.486023e+01  0.000000e+00
   endloop
 endfacet
 facet normal  0.000000e+00  0.000000e+00  1.000000e+00
   outer loop
     vertex  6.830400e+01  4.488348e+01  0.000000e+00
     vertex -6.830576e+01  4.486023e+01  0.000000e+00
     vertex  6.830783e+01  4.483700e+01  0.000000e+00
   endloop
 endfacet
 facet normal  0.000000e+00  0.000000e+00  1.000000e+00
   outer loop
     vertex  6.991840e+01  4.330196e+01  0.000000e+00
     vertex  6.987185e+01  4.330484e+01  0.000000e+00
     vertex  6.987185e+01 -4.330484e+01  0.000000e+00
   endloop
 endfacet
 facet normal  0.000000e+00  0.000000e+00  1.000000e+00
   outer loop
     vertex  6.991840e+01  4.330196e+01  0.000000e+00
     vertex  6.987185e+01 -4.330484e+01  0.000000e+00
     vertex  6.991840e+01 -4.330196e+01  0.000000e+00
   endloop
 endfacet
 facet normal  0.000000e+00  0.000000e+00  1.000000e+00
   outer loop
     vertex  6.830144e+01  4.493005e+01  0.000000e+00
     vertex -6.830256e+01  4.490676e+01  0.000000e+00
     vertex  6.830400e+01  4.488348e+01  0.000000e+00
   endloop
 endfacet
 facet normal  0.000000e+00  0.000000e+00  1.000000e+00
   outer loop
     vertex  6.830144e+01  4.493005e+01  0.000000e+00
     vertex -6.830064e+01  4.495336e+01  0.000000e+00
     vertex -6.830256e+01  4.490676e+01  0.000000e+00
   endloop
 endfacet
 facet normal  0.000000e+00  0.000000e+00  1.000000e+00
   outer loop
     vertex  6.996502e+01  4.330036e+01  0.000000e+00
     vertex  6.991840e+01 -4.330196e+01  0.000000e+00
     vertex  6.996502e+01 -4.330036e+01  0.000000e+00
   endloop
 endfacet
 facet normal  0.000000e+00  0.000000e+00  1.000000e+00
   outer loop
     vertex  6.996502e+01  4.330036e+01  0.000000e+00
     vertex  6.991840e+01  4.330196e+01  0.000000e+00
     vertex  6.991840e+01 -4.330196e+01  0.000000e+00
   endloop
 endfacet
 facet normal  0.000000e+00  0.000000e+00  1.000000e+00
   outer loop
     vertex  6.830016e+01  4.497668e+01  0.000000e+00
     vertex -6.830064e+01  4.495336e+01  0.000000e+00
     vertex  6.830144e+01  4.493005e+01  0.000000e+00
   endloop
 endfacet
 facet normal  0.000000e+00  0.000000e+00  1.000000e+00
   outer loop
     vertex  6.830016e+01  4.497668e+01  0.000000e+00
     vertex -6.830000e+01  4.500000e+01  0.000000e+00
     vertex -6.830064e+01  4.495336e+01  0.000000e+00
   endloop
 endfacet
 facet normal  0.000000e+00  0.000000e+00  1.000000e+00
   outer loop
     vertex  7.001166e+01  4.330004e+01  0.000000e+00
     vertex  6.996502e+01 -4.330036e+01  0.000000e+00
     vertex  7.001166e+01 -4.330004e+01  0.000000e+00
   endloop
 endfacet
 facet normal  0.000000e+00  0.000000e+00  1.000000e+00
   outer loop
     vertex  7.001166e+01  4.330004e+01  0.000000e+00
     vertex  6.996502e+01  4.330036e+01  0.000000e+00
     vertex  6.996502e+01 -4.330036e+01  0.000000e+00
   endloop
 endfacet
 facet normal  0.000000e+00  0.000000e+00  1.000000e+00
   outer loop
     vertex  6.830016e+01  4.502332e+01  0.000000e+00
     vertex -6.830000e+01  4.500000e+01  0.000000e+00
     vertex  6.830016e+01  4.497668e+01  0.000000e+00
   endloop
 endfacet
 facet normal  0.000000e+00  0.000000e+00  1.000000e+00
   outer loop
     vertex  6.830016e+01  4.502332e+01  0.000000e+00
     vertex -6.830064e+01  4.504664e+01  0.000000e+00
     vertex -6.830000e+01  4.500000e+01  0.000000e+00
   endloop
 endfacet
 facet normal  0.000000e+00  0.000000e+00  1.000000e+00
   outer loop
     vertex  7.005829e+01  4.330100e+01  0.000000e+00
     vertex  7.001166e+01 -4.330004e+01  0.000000e+00
     vertex  7.005829e+01 -4.330100e+01  0.000000e+00
   endloop
 endfacet
 facet normal  0.000000e+00  0.000000e+00  1.000000e+00
   outer loop
     vertex  7.005829e+01  4.330100e+01  0.000000e+00
     vertex  7.001166e+01  4.330004e+01  0.000000e+00
     vertex  7.001166e+01 -4.330004e+01  0.000000e+00
   endloop
 endfacet
 facet normal  0.000000e+00  0.000000e+00  1.000000e+00
   outer loop
     vertex  6.830144e+01  4.506995e+01  0.000000e+00
     vertex -6.830064e+01  4.504664e+01  0.000000e+00
     vertex  6.830016e+01  4.502332e+01  0.000000e+00
   endloop
 endfacet
 facet normal  0.000000e+00  0.000000e+00  1.000000e+00
   outer loop
     vertex  6.830144e+01  4.506995e+01  0.000000e+00
     vertex -6.830256e+01  4.509324e+01  0.000000e+00
     vertex -6.830064e+01  4.504664e+01  0.000000e+00
   endloop
 endfacet
 facet normal  0.000000e+00  0.000000e+00  1.000000e+00
   outer loop
     vertex  7.010488e+01  4.330324e+01  0.000000e+00
     vertex  7.005829e+01  4.330100e+01  0.000000e+00
     vertex  7.005829e+01 -4.330100e+01  0.000000e+00
   endloop
 endfacet
 facet normal  0.000000e+00  0.000000e+00  1.000000e+00
   outer loop
     vertex  7.010488e+01  4.330324e+01  0.000000e+00
     vertex  7.005829e+01 -4.330100e+01  0.000000e+00
     vertex  7.010488e+01 -4.330324e+01  0.000000e+00
   endloop
 endfacet
 facet normal  0.000000e+00  0.000000e+00  1.000000e+00
   outer loop
     vertex  6.830400e+01  4.511652e+01  0.000000e+00
     vertex -6.830256e+01  4.509324e+01  0.000000e+00
     vertex  6.830144e+01  4.506995e+01  0.000000e+00
   endloop
 endfacet
 facet normal  0.000000e+00  0.000000e+00  1.000000e+00
   outer loop
     vertex  6.830400e+01  4.511652e+01  0.000000e+00
     vertex -6.830576e+01  4.513977e+01  0.000000e+00
     vertex -6.830256e+01  4.509324e+01  0.000000e+00
   endloop
 endfacet
 facet normal  0.000000e+00  0.000000e+00  1.000000e+00
   outer loop
     vertex  7.015139e+01  4.330675e+01  0.000000e+00
     vertex  7.010488e+01  4.330324e+01  0.000000e+00
     vertex  7.010488e+01 -4.330324e+01  0.000000e+00
   endloop
 endfacet
 facet normal  0.000000e+00  0.000000e+00  1.000000e+00
   outer loop
     vertex  7.015139e+01  4.330675e+01  0.000000e+00
     vertex  7.015139e+01 -4.330675e+01  0.000000e+00
     vertex  7.019779e+01 -4.331154e+01  0.000000e+00
   endloop
 endfacet
 facet normal  0.000000e+00  0.000000e+00  1.000000e+00
   outer loop
     vertex  7.015139e+01  4.330675e+01  0.000000e+00
     vertex  7.010488e+01 -4.330324e+01  0.000000e+00
     vertex  7.015139e+01 -4.330675e+01  0.000000e+00
   endloop
 endfacet
 facet normal  0.000000e+00  0.000000e+00  1.000000e+00
   outer loop
     vertex  6.830783e+01  4.516300e+01  0.000000e+00
     vertex -6.830576e+01  4.513977e+01  0.000000e+00
     vertex  6.830400e+01  4.511652e+01  0.000000e+00
   endloop
 endfacet
 facet normal  0.000000e+00  0.000000e+00  1.000000e+00
   outer loop
     vertex  6.830783e+01  4.516300e+01  0.000000e+00
     vertex -6.831023e+01  4.518620e+01  0.000000e+00
     vertex -6.830576e+01  4.513977e+01  0.000000e+00
   endloop
 endfacet
 facet normal  0.000000e+00  0.000000e+00  1.000000e+00
   outer loop
     vertex  7.019779e+01  4.331154e+01  0.000000e+00
     vertex  7.015139e+01  4.330675e+01  0.000000e+00
     vertex  7.019779e+01 -4.331154e+01  0.000000e+00
   endloop
 endfacet
 facet normal  0.000000e+00  0.000000e+00  1.000000e+00
   outer loop
     vertex  7.019779e+01  4.331154e+01  0.000000e+00
     vertex  7.019779e+01 -4.331154e+01  0.000000e+00
     vertex  7.024403e+01 -4.331761e+01  0.000000e+00
   endloop
 endfacet
 facet normal  0.000000e+00  0.000000e+00  1.000000e+00
   outer loop
     vertex  6.831294e+01  4.520936e+01  0.000000e+00
     vertex -6.831597e+01  4.523249e+01  0.000000e+00
     vertex -6.831023e+01  4.518620e+01  0.000000e+00
   endloop
 endfacet
 facet normal  0.000000e+00  0.000000e+00  1.000000e+00
   outer loop
     vertex  6.831294e+01  4.520936e+01  0.000000e+00
     vertex -6.831023e+01  4.518620e+01  0.000000e+00
     vertex  6.830783e+01  4.516300e+01  0.000000e+00
   endloop
 endfacet
 facet normal  0.000000e+00  0.000000e+00  1.000000e+00
   outer loop
     vertex  7.024403e+01  4.331761e+01  0.000000e+00
     vertex  7.019779e+01  4.331154e+01  0.000000e+00
     vertex  7.024403e+01 -4.331761e+01  0.000000e+00
   endloop
 endfacet
 facet normal  0.000000e+00  0.000000e+00  1.000000e+00
   outer loop
     vertex  6.831932e+01  4.525557e+01  0.000000e+00
     vertex -6.831597e+01  4.523249e+01  0.000000e+00
     vertex  6.831294e+01  4.520936e+01  0.000000e+00
   endloop
 endfacet
 facet normal  0.000000e+00  0.000000e+00  1.000000e+00
   outer loop
     vertex  6.831932e+01  4.525557e+01  0.000000e+00
     vertex -6.832298e+01  4.527860e+01  0.000000e+00
     vertex -6.831597e+01  4.523249e+01  0.000000e+00
   endloop
 endfacet
 facet normal  0.000000e+00  0.000000e+00  1.000000e+00
   outer loop
     vertex  7.029010e+01  4.332493e+01  0.000000e+00
     vertex  7.024403e+01  4.331761e+01  0.000000e+00
     vertex  7.024403e+01 -4.331761e+01  0.000000e+00
   endloop
 endfacet
 facet normal  0.000000e+00  0.000000e+00  1.000000e+00
   outer loop
     vertex  7.029010e+01  4.332493e+01  0.000000e+00
     vertex  7.029010e+01 -4.332493e+01  0.000000e+00
     vertex  7.033594e+01 -4.333352e+01  0.000000e+00
   endloop
 endfacet
 facet normal  0.000000e+00  0.000000e+00  1.000000e+00
   outer loop
     vertex  7.029010e+01  4.332493e+01  0.000000e+00
     vertex  7.024403e+01 -4.331761e+01  0.000000e+00
     vertex  7.029010e+01 -4.332493e+01  0.000000e+00
   endloop
 endfacet
 facet normal  0.000000e+00  0.000000e+00  1.000000e+00
   outer loop
     vertex  6.832696e+01  4.530158e+01  0.000000e+00
     vertex -6.833126e+01  4.532450e+01  0.000000e+00
     vertex -6.832298e+01  4.527860e+01  0.000000e+00
   endloop
 endfacet
 facet normal  0.000000e+00  0.000000e+00  1.000000e+00
   outer loop
     vertex  6.832696e+01  4.530158e+01  0.000000e+00
     vertex -6.832298e+01  4.527860e+01  0.000000e+00
     vertex  6.831932e+01  4.525557e+01  0.000000e+00
   endloop
 endfacet
 facet normal  0.000000e+00  0.000000e+00  1.000000e+00
   outer loop
     vertex  7.033594e+01  4.333352e+01  0.000000e+00
     vertex  7.029010e+01  4.332493e+01  0.000000e+00
     vertex  7.033594e+01 -4.333352e+01  0.000000e+00
   endloop
 endfacet
 facet normal  0.000000e+00  0.000000e+00  1.000000e+00
   outer loop
     vertex  7.033594e+01  4.333352e+01  0.000000e+00
     vertex  7.033594e+01 -4.333352e+01  0.000000e+00
     vertex  7.038153e+01 -4.334337e+01  0.000000e+00
   endloop
 endfacet
 facet normal  0.000000e+00  0.000000e+00  1.000000e+00
   outer loop
     vertex  6.833587e+01  4.534736e+01  0.000000e+00
     vertex -6.833126e+01  4.532450e+01  0.000000e+00
     vertex  6.832696e+01  4.530158e+01  0.000000e+00
   endloop
 endfacet
 facet normal  0.000000e+00  0.000000e+00  1.000000e+00
   outer loop
     vertex  6.833587e+01  4.534736e+01  0.000000e+00
     vertex -6.834079e+01  4.537016e+01  0.000000e+00
     vertex -6.833126e+01  4.532450e+01  0.000000e+00
   endloop
 endfacet
 facet normal  0.000000e+00  0.000000e+00  1.000000e+00
   outer loop
     vertex  7.038153e+01  4.334337e+01  0.000000e+00
     vertex  7.033594e+01  4.333352e+01  0.000000e+00
     vertex  7.038153e+01 -4.334337e+01  0.000000e+00
   endloop
 endfacet
 facet normal  0.000000e+00  0.000000e+00  1.000000e+00
   outer loop
     vertex  7.038153e+01  4.334337e+01  0.000000e+00
     vertex  7.038153e+01 -4.334337e+01  0.000000e+00
     vertex  7.042684e+01 -4.335446e+01  0.000000e+00
   endloop
 endfacet
 facet normal  0.000000e+00  0.000000e+00  1.000000e+00
   outer loop
     vertex  6.834602e+01  4.539289e+01  0.000000e+00
     vertex -6.835157e+01  4.541554e+01  0.000000e+00
     vertex -6.834079e+01  4.537016e+01  0.000000e+00
   endloop
 endfacet
 facet normal  0.000000e+00  0.000000e+00  1.000000e+00
   outer loop
     vertex  6.834602e+01  4.539289e+01  0.000000e+00
     vertex -6.834079e+01  4.537016e+01  0.000000e+00
     vertex  6.833587e+01  4.534736e+01  0.000000e+00
   endloop
 endfacet
 facet normal  0.000000e+00  0.000000e+00  1.000000e+00
   outer loop
     vertex  7.042684e+01  4.335446e+01  0.000000e+00
     vertex  7.038153e+01  4.334337e+01  0.000000e+00
     vertex  7.042684e+01 -4.335446e+01  0.000000e+00
   endloop
 endfacet
 facet normal  0.000000e+00  0.000000e+00  1.000000e+00
   outer loop
     vertex  7.042684e+01  4.335446e+01  0.000000e+00
     vertex  7.042684e+01 -4.335446e+01  0.000000e+00
     vertex  7.047182e+01 -4.336679e+01  0.000000e+00
   endloop
 endfacet
 facet normal  0.000000e+00  0.000000e+00  1.000000e+00
   outer loop
     vertex  6.835742e+01  4.543811e+01  0.000000e+00
     vertex -6.835157e+01  4.541554e+01  0.000000e+00
     vertex  6.834602e+01  4.539289e+01  0.000000e+00
   endloop
 endfacet
 facet normal  0.000000e+00  0.000000e+00  1.000000e+00
   outer loop
     vertex  6.835742e+01  4.543811e+01  0.000000e+00
     vertex -6.836359e+01  4.546061e+01  0.000000e+00
     vertex -6.835157e+01  4.541554e+01  0.000000e+00
   endloop
 endfacet
 facet normal  0.000000e+00  0.000000e+00  1.000000e+00
   outer loop
     vertex  7.047182e+01  4.336679e+01  0.000000e+00
     vertex  7.042684e+01  4.335446e+01  0.000000e+00
     vertex  7.047182e+01 -4.336679e+01  0.000000e+00
   endloop
 endfacet
 facet normal  0.000000e+00  0.000000e+00  1.000000e+00
   outer loop
     vertex  6.837006e+01  4.548301e+01  0.000000e+00
     vertex -6.837684e+01  4.550533e+01  0.000000e+00
     vertex -6.836359e+01  4.546061e+01  0.000000e+00
   endloop
 endfacet
 facet normal  0.000000e+00  0.000000e+00  1.000000e+00
   outer loop
     vertex  6.837006e+01  4.548301e+01  0.000000e+00
     vertex -6.836359e+01  4.546061e+01  0.000000e+00
     vertex  6.835742e+01  4.543811e+01  0.000000e+00
   endloop
 endfacet
 facet normal  0.000000e+00  0.000000e+00  1.000000e+00
   outer loop
     vertex  7.051645e+01  4.338035e+01  0.000000e+00
     vertex  7.047182e+01  4.336679e+01  0.000000e+00
     vertex  7.047182e+01 -4.336679e+01  0.000000e+00
   endloop
 endfacet
 facet normal  0.000000e+00  0.000000e+00  1.000000e+00
   outer loop
     vertex  7.051645e+01  4.338035e+01  0.000000e+00
     vertex  7.051645e+01 -4.338035e+01  0.000000e+00
     vertex  7.056069e+01 -4.339512e+01  0.000000e+00
   endloop
 endfacet
 facet normal  0.000000e+00  0.000000e+00  1.000000e+00
   outer loop
     vertex  7.051645e+01  4.338035e+01  0.000000e+00
     vertex  7.047182e+01 -4.336679e+01  0.000000e+00
     vertex  7.051645e+01 -4.338035e+01  0.000000e+00
   endloop
 endfacet
 facet normal  0.000000e+00  0.000000e+00  1.000000e+00
   outer loop
     vertex  6.838393e+01  4.552755e+01  0.000000e+00
     vertex -6.837684e+01  4.550533e+01  0.000000e+00
     vertex  6.837006e+01  4.548301e+01  0.000000e+00
   endloop
 endfacet
 facet normal  0.000000e+00  0.000000e+00  1.000000e+00
   outer loop
     vertex  6.838393e+01  4.552755e+01  0.000000e+00
     vertex -6.839132e+01  4.554967e+01  0.000000e+00
     vertex -6.837684e+01  4.550533e+01  0.000000e+00
   endloop
 endfacet
 facet normal  0.000000e+00  0.000000e+00  1.000000e+00
   outer loop
     vertex  7.056069e+01  4.339512e+01  0.000000e+00
     vertex  7.051645e+01  4.338035e+01  0.000000e+00
     vertex  7.056069e+01 -4.339512e+01  0.000000e+00
   endloop
 endfacet
 facet normal  0.000000e+00  0.000000e+00  1.000000e+00
   outer loop
     vertex  7.056069e+01  4.339512e+01  0.000000e+00
     vertex  7.056069e+01 -4.339512e+01  0.000000e+00
     vertex  7.060451e+01 -4.341111e+01  0.000000e+00
   endloop
 endfacet
 facet normal  0.000000e+00  0.000000e+00  1.000000e+00
   outer loop
     vertex  6.839901e+01  4.557168e+01  0.000000e+00
     vertex -6.839132e+01  4.554967e+01  0.000000e+00
     vertex  6.838393e+01  4.552755e+01  0.000000e+00
   endloop
 endfacet
 facet normal  0.000000e+00  0.000000e+00  1.000000e+00
   outer loop
     vertex  6.839901e+01  4.557168e+01  0.000000e+00
     vertex -6.840700e+01  4.559359e+01  0.000000e+00
     vertex -6.839132e+01  4.554967e+01  0.000000e+00
   endloop
 endfacet
 facet normal  0.000000e+00  0.000000e+00  1.000000e+00
   outer loop
     vertex  7.060451e+01  4.341111e+01  0.000000e+00
     vertex  7.056069e+01  4.339512e+01  0.000000e+00
     vertex  7.060451e+01 -4.341111e+01  0.000000e+00
   endloop
 endfacet
 facet normal  0.000000e+00  0.000000e+00  1.000000e+00
   outer loop
     vertex  6.841529e+01  4.561539e+01  0.000000e+00
     vertex -6.840700e+01  4.559359e+01  0.000000e+00
     vertex  6.839901e+01  4.557168e+01  0.000000e+00
   endloop
 endfacet
 facet normal  0.000000e+00  0.000000e+00  1.000000e+00
   outer loop
     vertex  6.841529e+01  4.561539e+01  0.000000e+00
     vertex -6.842388e+01  4.563707e+01  0.000000e+00
     vertex -6.840700e+01  4.559359e+01  0.000000e+00
   endloop
 endfacet
 facet normal  0.000000e+00  0.000000e+00  1.000000e+00
   outer loop
     vertex  7.064787e+01  4.342829e+01  0.000000e+00
     vertex  7.060451e+01  4.341111e+01  0.000000e+00
     vertex  7.060451e+01 -4.341111e+01  0.000000e+00
   endloop
 endfacet
 facet normal  0.000000e+00  0.000000e+00  1.000000e+00
   outer loop
     vertex  7.064787e+01  4.342829e+01  0.000000e+00
     vertex  7.064787e+01 -4.342829e+01  0.000000e+00
     vertex  7.069074e+01 -4.344666e+01  0.000000e+00
   endloop
 endfacet
 facet normal  0.000000e+00  0.000000e+00  1.000000e+00
   outer loop
     vertex  7.064787e+01  4.342829e+01  0.000000e+00
     vertex  7.060451e+01 -4.341111e+01  0.000000e+00
     vertex  7.064787e+01 -4.342829e+01  0.000000e+00
   endloop
 endfacet
 facet normal  0.000000e+00  0.000000e+00  1.000000e+00
   outer loop
     vertex  6.843277e+01  4.565863e+01  0.000000e+00
     vertex -6.842388e+01  4.563707e+01  0.000000e+00
     vertex  6.841529e+01  4.561539e+01  0.000000e+00
   endloop
 endfacet
 facet normal  0.000000e+00  0.000000e+00  1.000000e+00
   outer loop
     vertex  6.843277e+01  4.565863e+01  0.000000e+00
     vertex -6.844196e+01  4.568007e+01  0.000000e+00
     vertex -6.842388e+01  4.563707e+01  0.000000e+00
   endloop
 endfacet
 facet normal  0.000000e+00  0.000000e+00  1.000000e+00
   outer loop
     vertex  7.069074e+01  4.344666e+01  0.000000e+00
     vertex  7.064787e+01  4.342829e+01  0.000000e+00
     vertex  7.069074e+01 -4.344666e+01  0.000000e+00
   endloop
 endfacet
 facet normal  0.000000e+00  0.000000e+00  1.000000e+00
   outer loop
     vertex  6.845143e+01  4.570138e+01  0.000000e+00
     vertex -6.846120e+01  4.572256e+01  0.000000e+00
     vertex -6.844196e+01  4.568007e+01  0.000000e+00
   endloop
 endfacet
 facet normal  0.000000e+00  0.000000e+00  1.000000e+00
   outer loop
     vertex  6.845143e+01  4.570138e+01  0.000000e+00
     vertex -6.844196e+01  4.568007e+01  0.000000e+00
     vertex  6.843277e+01  4.565863e+01  0.000000e+00
   endloop
 endfacet
 facet normal  0.000000e+00  0.000000e+00  1.000000e+00
   outer loop
     vertex  7.073310e+01  4.346619e+01  0.000000e+00
     vertex  7.069074e+01  4.344666e+01  0.000000e+00
     vertex  7.069074e+01 -4.344666e+01  0.000000e+00
   endloop
 endfacet
 facet normal  0.000000e+00  0.000000e+00  1.000000e+00
   outer loop
     vertex  7.073310e+01  4.346619e+01  0.000000e+00
     vertex  7.073310e+01 -4.346619e+01  0.000000e+00
     vertex  7.077490e+01 -4.348688e+01  0.000000e+00
   endloop
 endfacet
 facet normal  0.000000e+00  0.000000e+00  1.000000e+00
   outer loop
     vertex  7.073310e+01  4.346619e+01  0.000000e+00
     vertex  7.069074e+01 -4.344666e+01  0.000000e+00
     vertex  7.073310e+01 -4.346619e+01  0.000000e+00
   endloop
 endfacet
 facet normal  0.000000e+00  0.000000e+00  1.000000e+00
   outer loop
     vertex  6.847126e+01  4.574360e+01  0.000000e+00
     vertex -6.846120e+01  4.572256e+01  0.000000e+00
     vertex  6.845143e+01  4.570138e+01  0.000000e+00
   endloop
 endfacet
 facet normal  0.000000e+00  0.000000e+00  1.000000e+00
   outer loop
     vertex  6.847126e+01  4.574360e+01  0.000000e+00
     vertex -6.848160e+01  4.576450e+01  0.000000e+00
     vertex -6.846120e+01  4.572256e+01  0.000000e+00
   endloop
 endfacet
 facet normal  0.000000e+00  0.000000e+00  1.000000e+00
   outer loop
     vertex  7.077490e+01  4.348688e+01  0.000000e+00
     vertex  7.073310e+01  4.346619e+01  0.000000e+00
     vertex  7.077490e+01 -4.348688e+01  0.000000e+00
   endloop
 endfacet
 facet normal  0.000000e+00  0.000000e+00  1.000000e+00
   outer loop
     vertex  7.077490e+01  4.348688e+01  0.000000e+00
     vertex  7.077490e+01 -4.348688e+01  0.000000e+00
     vertex  7.081612e+01 -4.350871e+01  0.000000e+00
   endloop
 endfacet
 facet normal  0.000000e+00  0.000000e+00  1.000000e+00
   outer loop
     vertex  6.849223e+01  4.578526e+01  0.000000e+00
     vertex -6.848160e+01  4.576450e+01  0.000000e+00
     vertex  6.847126e+01  4.574360e+01  0.000000e+00
   endloop
 endfacet
 facet normal  0.000000e+00  0.000000e+00  1.000000e+00
   outer loop
     vertex  6.849223e+01  4.578526e+01  0.000000e+00
     vertex -6.850315e+01  4.580587e+01  0.000000e+00
     vertex -6.848160e+01  4.576450e+01  0.000000e+00
   endloop
 endfacet
 facet normal  0.000000e+00  0.000000e+00  1.000000e+00
   outer loop
     vertex  7.081612e+01  4.350871e+01  0.000000e+00
     vertex  7.077490e+01  4.348688e+01  0.000000e+00
     vertex  7.081612e+01 -4.350871e+01  0.000000e+00
   endloop
 endfacet
 facet normal  0.000000e+00  0.000000e+00  1.000000e+00
   outer loop
     vertex  7.081612e+01  4.350871e+01  0.000000e+00
     vertex  7.081612e+01 -4.350871e+01  0.000000e+00
     vertex  7.085672e+01 -4.353166e+01  0.000000e+00
   endloop
 endfacet
 facet normal  0.000000e+00  0.000000e+00  1.000000e+00
   outer loop
     vertex  6.851434e+01  4.582633e+01  0.000000e+00
     vertex -6.850315e+01  4.580587e+01  0.000000e+00
     vertex  6.849223e+01  4.578526e+01  0.000000e+00
   endloop
 endfacet
 facet normal  0.000000e+00  0.000000e+00  1.000000e+00
   outer loop
     vertex  6.851434e+01  4.582633e+01  0.000000e+00
     vertex -6.852582e+01  4.584663e+01  0.000000e+00
     vertex -6.850315e+01  4.580587e+01  0.000000e+00
   endloop
 endfacet
 facet normal  0.000000e+00  0.000000e+00  1.000000e+00
   outer loop
     vertex  7.085672e+01  4.353166e+01  0.000000e+00
     vertex  7.081612e+01  4.350871e+01  0.000000e+00
     vertex  7.085672e+01 -4.353166e+01  0.000000e+00
   endloop
 endfacet
 facet normal  0.000000e+00  0.000000e+00  1.000000e+00
   outer loop
     vertex  7.085672e+01  4.353166e+01  0.000000e+00
     vertex  7.085672e+01 -4.353166e+01  0.000000e+00
     vertex  7.089668e+01 -4.355572e+01  0.000000e+00
   endloop
 endfacet
 facet normal  0.000000e+00  0.000000e+00  1.000000e+00
   outer loop
     vertex  6.853757e+01  4.586678e+01  0.000000e+00
     vertex -6.852582e+01  4.584663e+01  0.000000e+00
     vertex  6.851434e+01  4.582633e+01  0.000000e+00
   endloop
 endfacet
 facet normal  0.000000e+00  0.000000e+00  1.000000e+00
   outer loop
     vertex  6.853757e+01  4.586678e+01  0.000000e+00
     vertex -6.854960e+01  4.588676e+01  0.000000e+00
     vertex -6.852582e+01  4.584663e+01  0.000000e+00
   endloop
 endfacet
 facet normal  0.000000e+00  0.000000e+00  1.000000e+00
   outer loop
     vertex  7.089668e+01  4.355572e+01  0.000000e+00
     vertex  7.085672e+01  4.353166e+01  0.000000e+00
     vertex  7.089668e+01 -4.355572e+01  0.000000e+00
   endloop
 endfacet
 facet normal  0.000000e+00  0.000000e+00  1.000000e+00
   outer loop
     vertex  6.856190e+01  4.590657e+01  0.000000e+00
     vertex -6.857447e+01  4.592621e+01  0.000000e+00
     vertex -6.854960e+01  4.588676e+01  0.000000e+00
   endloop
 endfacet
 facet normal  0.000000e+00  0.000000e+00  1.000000e+00
   outer loop
     vertex  6.856190e+01  4.590657e+01  0.000000e+00
     vertex -6.854960e+01  4.588676e+01  0.000000e+00
     vertex  6.853757e+01  4.586678e+01  0.000000e+00
   endloop
 endfacet
 facet normal  0.000000e+00  0.000000e+00  1.000000e+00
   outer loop
     vertex  7.093597e+01  4.358086e+01  0.000000e+00
     vertex  7.093597e+01 -4.358086e+01  0.000000e+00
     vertex  7.097455e+01 -4.360707e+01  0.000000e+00
   endloop
 endfacet
 facet normal  0.000000e+00  0.000000e+00  1.000000e+00
   outer loop
     vertex  7.093597e+01  4.358086e+01  0.000000e+00
     vertex  7.089668e+01 -4.355572e+01  0.000000e+00
     vertex  7.093597e+01 -4.358086e+01  0.000000e+00
   endloop
 endfacet
 facet normal  0.000000e+00  0.000000e+00  1.000000e+00
   outer loop
     vertex  7.093597e+01  4.358086e+01  0.000000e+00
     vertex  7.089668e+01  4.355572e+01  0.000000e+00
     vertex  7.089668e+01 -4.355572e+01  0.000000e+00
   endloop
 endfacet
 facet normal  0.000000e+00  0.000000e+00  1.000000e+00
   outer loop
     vertex  6.858731e+01  4.594568e+01  0.000000e+00
     vertex -6.857447e+01  4.592621e+01  0.000000e+00
     vertex  6.856190e+01  4.590657e+01  0.000000e+00
   endloop
 endfacet
 facet normal  0.000000e+00  0.000000e+00  1.000000e+00
   outer loop
     vertex  6.858731e+01  4.594568e+01  0.000000e+00
     vertex -6.860042e+01  4.596497e+01  0.000000e+00
     vertex -6.857447e+01  4.592621e+01  0.000000e+00
   endloop
 endfacet
 facet normal  0.000000e+00  0.000000e+00  1.000000e+00
   outer loop
     vertex  7.097455e+01  4.360707e+01  0.000000e+00
     vertex  7.093597e+01  4.358086e+01  0.000000e+00
     vertex  7.097455e+01 -4.360707e+01  0.000000e+00
   endloop
 endfacet
 facet normal  0.000000e+00  0.000000e+00  1.000000e+00
   outer loop
     vertex  6.861379e+01  4.598408e+01  0.000000e+00
     vertex -6.860042e+01  4.596497e+01  0.000000e+00
     vertex  6.858731e+01  4.594568e+01  0.000000e+00
   endloop
 endfacet
 facet normal  0.000000e+00  0.000000e+00  1.000000e+00
   outer loop
     vertex  6.861379e+01  4.598408e+01  0.000000e+00
     vertex -6.862742e+01  4.600300e+01  0.000000e+00
     vertex -6.860042e+01  4.596497e+01  0.000000e+00
   endloop
 endfacet
 facet normal  0.000000e+00  0.000000e+00  1.000000e+00
   outer loop
     vertex  7.101240e+01  4.363433e+01  0.000000e+00
     vertex  7.101240e+01 -4.363433e+01  0.000000e+00
     vertex  7.104948e+01 -4.366262e+01  0.000000e+00
   endloop
 endfacet
 facet normal  0.000000e+00  0.000000e+00  1.000000e+00
   outer loop
     vertex  7.101240e+01  4.363433e+01  0.000000e+00
     vertex  7.097455e+01 -4.360707e+01  0.000000e+00
     vertex  7.101240e+01 -4.363433e+01  0.000000e+00
   endloop
 endfacet
 facet normal  0.000000e+00  0.000000e+00  1.000000e+00
   outer loop
     vertex  7.101240e+01  4.363433e+01  0.000000e+00
     vertex  7.097455e+01  4.360707e+01  0.000000e+00
     vertex  7.097455e+01 -4.360707e+01  0.000000e+00
   endloop
 endfacet
 facet normal  0.000000e+00  0.000000e+00  1.000000e+00
   outer loop
     vertex  6.864131e+01  4.602174e+01  0.000000e+00
     vertex -6.862742e+01  4.600300e+01  0.000000e+00
     vertex  6.861379e+01  4.598408e+01  0.000000e+00
   endloop
 endfacet
 facet normal  0.000000e+00  0.000000e+00  1.000000e+00
   outer loop
     vertex  6.864131e+01  4.602174e+01  0.000000e+00
     vertex -6.865545e+01  4.604028e+01  0.000000e+00
     vertex -6.862742e+01  4.600300e+01  0.000000e+00
   endloop
 endfacet
 facet normal  0.000000e+00  0.000000e+00  1.000000e+00
   outer loop
     vertex  7.104948e+01  4.366262e+01  0.000000e+00
     vertex  7.104948e+01 -4.366262e+01  0.000000e+00
     vertex  7.108578e+01 -4.369191e+01  0.000000e+00
   endloop
 endfacet
 facet normal  0.000000e+00  0.000000e+00  1.000000e+00
   outer loop
     vertex  7.104948e+01  4.366262e+01  0.000000e+00
     vertex  7.101240e+01  4.363433e+01  0.000000e+00
     vertex  7.104948e+01 -4.366262e+01  0.000000e+00
   endloop
 endfacet
 facet normal  0.000000e+00  0.000000e+00  1.000000e+00
   outer loop
     vertex  6.866985e+01  4.605863e+01  0.000000e+00
     vertex -6.865545e+01  4.604028e+01  0.000000e+00
     vertex  6.864131e+01  4.602174e+01  0.000000e+00
   endloop
 endfacet
 facet normal  0.000000e+00  0.000000e+00  1.000000e+00
   outer loop
     vertex  6.866985e+01  4.605863e+01  0.000000e+00
     vertex -6.868450e+01  4.607678e+01  0.000000e+00
     vertex -6.865545e+01  4.604028e+01  0.000000e+00
   endloop
 endfacet
 facet normal  0.000000e+00  0.000000e+00  1.000000e+00
   outer loop
     vertex  7.108578e+01  4.369191e+01  0.000000e+00
     vertex  7.104948e+01  4.366262e+01  0.000000e+00
     vertex  7.108578e+01 -4.369191e+01  0.000000e+00
   endloop
 endfacet
 facet normal  0.000000e+00  0.000000e+00  1.000000e+00
   outer loop
     vertex  6.869939e+01  4.609472e+01  0.000000e+00
     vertex -6.871453e+01  4.611246e+01  0.000000e+00
     vertex -6.868450e+01  4.607678e+01  0.000000e+00
   endloop
 endfacet
 facet normal  0.000000e+00  0.000000e+00  1.000000e+00
   outer loop
     vertex  6.869939e+01  4.609472e+01  0.000000e+00
     vertex -6.868450e+01  4.607678e+01  0.000000e+00
     vertex  6.866985e+01  4.605863e+01  0.000000e+00
   endloop
 endfacet
 facet normal  0.000000e+00  0.000000e+00  1.000000e+00
   outer loop
     vertex  7.112125e+01  4.372219e+01  0.000000e+00
     vertex  7.108578e+01  4.369191e+01  0.000000e+00
     vertex  7.108578e+01 -4.369191e+01  0.000000e+00
   endloop
 endfacet
 facet normal  0.000000e+00  0.000000e+00  1.000000e+00
   outer loop
     vertex  7.112125e+01  4.372219e+01  0.000000e+00
     vertex  7.108578e+01 -4.369191e+01  0.000000e+00
     vertex  7.112125e+01 -4.372219e+01  0.000000e+00
   endloop
 endfacet
 facet normal  0.000000e+00  0.000000e+00  1.000000e+00
   outer loop
     vertex  6.872991e+01  4.612999e+01  0.000000e+00
     vertex -6.871453e+01  4.611246e+01  0.000000e+00
     vertex  6.869939e+01  4.609472e+01  0.000000e+00
   endloop
 endfacet
 facet normal  0.000000e+00  0.000000e+00  1.000000e+00
   outer loop
     vertex  6.872991e+01  4.612999e+01  0.000000e+00
     vertex -6.874553e+01  4.614731e+01  0.000000e+00
     vertex -6.871453e+01  4.611246e+01  0.000000e+00
   endloop
 endfacet
 facet normal  0.000000e+00  0.000000e+00  1.000000e+00
   outer loop
     vertex  7.115589e+01  4.375343e+01  0.000000e+00
     vertex  7.112125e+01  4.372219e+01  0.000000e+00
     vertex  7.112125e+01 -4.372219e+01  0.000000e+00
   endloop
 endfacet
 facet normal  0.000000e+00  0.000000e+00  1.000000e+00
   outer loop
     vertex  7.115589e+01  4.375343e+01  0.000000e+00
     vertex  7.112125e+01 -4.372219e+01  0.000000e+00
     vertex  7.115589e+01 -4.375343e+01  0.000000e+00
   endloop
 endfacet
 facet normal  0.000000e+00  0.000000e+00  1.000000e+00
   outer loop
     vertex  6.876139e+01  4.616441e+01  0.000000e+00
     vertex -6.874553e+01  4.614731e+01  0.000000e+00
     vertex  6.872991e+01  4.612999e+01  0.000000e+00
   endloop
 endfacet
 facet normal  0.000000e+00  0.000000e+00  1.000000e+00
   outer loop
     vertex  6.876139e+01  4.616441e+01  0.000000e+00
     vertex -6.877748e+01  4.618129e+01  0.000000e+00
     vertex -6.874553e+01  4.614731e+01  0.000000e+00
   endloop
 endfacet
 facet normal  0.000000e+00  0.000000e+00  1.000000e+00
   outer loop
     vertex  7.118965e+01  4.378561e+01  0.000000e+00
     vertex  7.115589e+01 -4.375343e+01  0.000000e+00
     vertex  7.118965e+01 -4.378561e+01  0.000000e+00
   endloop
 endfacet
 facet normal  0.000000e+00  0.000000e+00  1.000000e+00
   outer loop
     vertex  7.118965e+01  4.378561e+01  0.000000e+00
     vertex  7.115589e+01  4.375343e+01  0.000000e+00
     vertex  7.115589e+01 -4.375343e+01  0.000000e+00
   endloop
 endfacet
 facet normal  0.000000e+00  0.000000e+00  1.000000e+00
   outer loop
     vertex  6.879380e+01  4.619795e+01  0.000000e+00
     vertex -6.877748e+01  4.618129e+01  0.000000e+00
     vertex  6.876139e+01  4.616441e+01  0.000000e+00
   endloop
 endfacet
 facet normal  0.000000e+00  0.000000e+00  1.000000e+00
   outer loop
     vertex  6.879380e+01  4.619795e+01  0.000000e+00
     vertex -6.881035e+01  4.621439e+01  0.000000e+00
     vertex -6.877748e+01  4.618129e+01  0.000000e+00
   endloop
 endfacet
 facet normal  0.000000e+00  0.000000e+00  1.000000e+00
   outer loop
     vertex  7.122252e+01  4.381871e+01  0.000000e+00
     vertex  7.118965e+01  4.378561e+01  0.000000e+00
     vertex  7.118965e+01 -4.378561e+01  0.000000e+00
   endloop
 endfacet
 facet normal  0.000000e+00  0.000000e+00  1.000000e+00
   outer loop
     vertex  7.122252e+01  4.381871e+01  0.000000e+00
     vertex  7.122252e+01 -4.381871e+01  0.000000e+00
     vertex  7.125447e+01 -4.385269e+01  0.000000e+00
   endloop
 endfacet
 facet normal  0.000000e+00  0.000000e+00  1.000000e+00
   outer loop
     vertex  7.122252e+01  4.381871e+01  0.000000e+00
     vertex  7.118965e+01 -4.378561e+01  0.000000e+00
     vertex  7.122252e+01 -4.381871e+01  0.000000e+00
   endloop
 endfacet
 facet normal  0.000000e+00  0.000000e+00  1.000000e+00
   outer loop
     vertex  6.882712e+01  4.623059e+01  0.000000e+00
     vertex -6.881035e+01  4.621439e+01  0.000000e+00
     vertex  6.879380e+01  4.619795e+01  0.000000e+00
   endloop
 endfacet
 facet normal  0.000000e+00  0.000000e+00  1.000000e+00
   outer loop
     vertex  7.125447e+01  4.385269e+01  0.000000e+00
     vertex  7.122252e+01  4.381871e+01  0.000000e+00
     vertex  7.125447e+01 -4.385269e+01  0.000000e+00
   endloop
 endfacet
 facet normal  0.000000e+00  0.000000e+00  1.000000e+00
   outer loop
     vertex  7.128547e+01  4.388754e+01  0.000000e+00
     vertex  7.125447e+01  4.385269e+01  0.000000e+00
     vertex  7.125447e+01 -4.385269e+01  0.000000e+00
   endloop
 endfacet
 facet normal  0.000000e+00  0.000000e+00  1.000000e+00
   outer loop
     vertex  7.128547e+01  4.388754e+01  0.000000e+00
     vertex  7.125447e+01 -4.385269e+01  0.000000e+00
     vertex  7.128547e+01 -4.388754e+01  0.000000e+00
   endloop
 endfacet
 facet normal  0.000000e+00  0.000000e+00  1.000000e+00
   outer loop
     vertex  7.131550e+01  4.392322e+01  0.000000e+00
     vertex  7.128547e+01  4.388754e+01  0.000000e+00
     vertex  7.128547e+01 -4.388754e+01  0.000000e+00
   endloop
 endfacet
 facet normal  0.000000e+00  0.000000e+00  1.000000e+00
   outer loop
     vertex  7.131550e+01  4.392322e+01  0.000000e+00
     vertex  7.128547e+01 -4.388754e+01  0.000000e+00
     vertex  7.131550e+01 -4.392322e+01  0.000000e+00
   endloop
 endfacet
 facet normal  0.000000e+00  0.000000e+00  1.000000e+00
   outer loop
     vertex  7.134455e+01  4.395972e+01  0.000000e+00
     vertex  7.131550e+01  4.392322e+01  0.000000e+00
     vertex  7.131550e+01 -4.392322e+01  0.000000e+00
   endloop
 endfacet
 facet normal  0.000000e+00  0.000000e+00  1.000000e+00
   outer loop
     vertex  7.134455e+01  4.395972e+01  0.000000e+00
     vertex  7.134455e+01 -4.395972e+01  0.000000e+00
     vertex  7.137258e+01 -4.399700e+01  0.000000e+00
   endloop
 endfacet
 facet normal  0.000000e+00  0.000000e+00  1.000000e+00
   outer loop
     vertex  7.134455e+01  4.395972e+01  0.000000e+00
     vertex  7.131550e+01 -4.392322e+01  0.000000e+00
     vertex  7.134455e+01 -4.395972e+01  0.000000e+00
   endloop
 endfacet
 facet normal  0.000000e+00  0.000000e+00  1.000000e+00
   outer loop
     vertex  7.137258e+01  4.399700e+01  0.000000e+00
     vertex  7.134455e+01  4.395972e+01  0.000000e+00
     vertex  7.137258e+01 -4.399700e+01  0.000000e+00
   endloop
 endfacet
 facet normal  0.000000e+00  0.000000e+00  1.000000e+00
   outer loop
     vertex  7.137258e+01  4.399700e+01  0.000000e+00
     vertex  7.137258e+01 -4.399700e+01  0.000000e+00
     vertex  7.139958e+01 -4.403503e+01  0.000000e+00
   endloop
 endfacet
 facet normal  0.000000e+00  0.000000e+00  1.000000e+00
   outer loop
     vertex  7.139958e+01  4.403503e+01  0.000000e+00
     vertex  7.137258e+01  4.399700e+01  0.000000e+00
     vertex  7.139958e+01 -4.403503e+01  0.000000e+00
   endloop
 endfacet
 facet normal  0.000000e+00  0.000000e+00  1.000000e+00
   outer loop
     vertex  7.142553e+01  4.407379e+01  0.000000e+00
     vertex  7.139958e+01  4.403503e+01  0.000000e+00
     vertex  7.139958e+01 -4.403503e+01  0.000000e+00
   endloop
 endfacet
 facet normal  0.000000e+00  0.000000e+00  1.000000e+00
   outer loop
     vertex  7.142553e+01  4.407379e+01  0.000000e+00
     vertex  7.142553e+01 -4.407379e+01  0.000000e+00
     vertex  8.000000e+01 -5.500000e+01  0.000000e+00
   endloop
 endfacet
 facet normal  0.000000e+00  0.000000e+00  1.000000e+00
   outer loop
     vertex  7.142553e+01  4.407379e+01  0.000000e+00
     vertex  7.139958e+01 -4.403503e+01  0.000000e+00
     vertex  7.142553e+01 -4.407379e+01  0.000000e+00
   endloop
 endfacet
 facet normal  0.000000e+00  0.000000e+00  1.000000e+00
   outer loop
     vertex  8.000000e+01  5.500000e+01  0.000000e+00
     vertex  7.142553e+01  4.407379e+01  0.000000e+00
     vertex  8.000000e+01 -5.500000e+01  0.000000e+00
   endloop
 endfacet
 facet normal  0.000000e+00  0.000000e+00  1.000000e+00
   outer loop
     vertex  8.000000e+01  5.500000e+01  0.000000e+00
     vertex  7.169936e+01  4.504664e+01  0.000000e+00
     vertex  7.170000e+01  4.500000e+01  0.000000e+00
   endloop
 endfacet
 facet normal  0.000000e+00  0.000000e+00  1.000000e+00
   outer loop
     vertex  8.000000e+01  5.500000e+01  0.000000e+00
     vertex  7.169744e+01  4.509324e+01  0.000000e+00
     vertex  7.169936e+01  4.504664e+01  0.000000e+00
   endloop
 endfacet
 facet normal  0.000000e+00  0.000000e+00  1.000000e+00
   outer loop
     vertex  8.000000e+01  5.500000e+01  0.000000e+00
     vertex  7.169424e+01  4.513977e+01  0.000000e+00
     vertex  7.169744e+01  4.509324e+01  0.000000e+00
   endloop
 endfacet
 facet normal  0.000000e+00  0.000000e+00  1.000000e+00
   outer loop
     vertex  8.000000e+01  5.500000e+01  0.000000e+00
     vertex  7.168977e+01  4.518620e+01  0.000000e+00
     vertex  7.169424e+01  4.513977e+01  0.000000e+00
   endloop
 endfacet
 facet normal  0.000000e+00  0.000000e+00  1.000000e+00
   outer loop
     vertex  8.000000e+01  5.500000e+01  0.000000e+00
     vertex  7.168403e+01  4.523249e+01  0.000000e+00
     vertex  7.168977e+01  4.518620e+01  0.000000e+00
   endloop
 endfacet
 facet normal  0.000000e+00  0.000000e+00  1.000000e+00
   outer loop
     vertex  8.000000e+01  5.500000e+01  0.000000e+00
     vertex  7.167702e+01  4.527860e+01  0.000000e+00
     vertex  7.168403e+01  4.523249e+01  0.000000e+00
   endloop
 endfacet
 facet normal  0.000000e+00  0.000000e+00  1.000000e+00
   outer loop
     vertex  8.000000e+01  5.500000e+01  0.000000e+00
     vertex  7.166874e+01  4.532450e+01  0.000000e+00
     vertex  7.167702e+01  4.527860e+01  0.000000e+00
   endloop
 endfacet
 facet normal  0.000000e+00  0.000000e+00  1.000000e+00
   outer loop
     vertex  8.000000e+01  5.500000e+01  0.000000e+00
     vertex  7.165921e+01  4.537016e+01  0.000000e+00
     vertex  7.166874e+01  4.532450e+01  0.000000e+00
   endloop
 endfacet
 facet normal  0.000000e+00  0.000000e+00  1.000000e+00
   outer loop
     vertex  8.000000e+01  5.500000e+01  0.000000e+00
     vertex  7.164843e+01  4.541554e+01  0.000000e+00
     vertex  7.165921e+01  4.537016e+01  0.000000e+00
   endloop
 endfacet
 facet normal  0.000000e+00  0.000000e+00  1.000000e+00
   outer loop
     vertex  8.000000e+01  5.500000e+01  0.000000e+00
     vertex  7.163641e+01  4.546061e+01  0.000000e+00
     vertex  7.164843e+01  4.541554e+01  0.000000e+00
   endloop
 endfacet
 facet normal  0.000000e+00  0.000000e+00  1.000000e+00
   outer loop
     vertex  8.000000e+01  5.500000e+01  0.000000e+00
     vertex  7.162316e+01  4.550533e+01  0.000000e+00
     vertex  7.163641e+01  4.546061e+01  0.000000e+00
   endloop
 endfacet
 facet normal  0.000000e+00  0.000000e+00  1.000000e+00
   outer loop
     vertex  8.000000e+01  5.500000e+01  0.000000e+00
     vertex  7.160868e+01  4.554967e+01  0.000000e+00
     vertex  7.162316e+01  4.550533e+01  0.000000e+00
   endloop
 endfacet
 facet normal  0.000000e+00  0.000000e+00  1.000000e+00
   outer loop
     vertex  8.000000e+01  5.500000e+01  0.000000e+00
     vertex  7.159300e+01  4.559359e+01  0.000000e+00
     vertex  7.160868e+01  4.554967e+01  0.000000e+00
   endloop
 endfacet
 facet normal  0.000000e+00  0.000000e+00  1.000000e+00
   outer loop
     vertex  8.000000e+01  5.500000e+01  0.000000e+00
     vertex  7.157612e+01  4.563707e+01  0.000000e+00
     vertex  7.159300e+01  4.559359e+01  0.000000e+00
   endloop
 endfacet
 facet normal  0.000000e+00  0.000000e+00  1.000000e+00
   outer loop
     vertex  8.000000e+01  5.500000e+01  0.000000e+00
     vertex  7.155804e+01  4.568007e+01  0.000000e+00
     vertex  7.157612e+01  4.563707e+01  0.000000e+00
   endloop
 endfacet
 facet normal  0.000000e+00  0.000000e+00  1.000000e+00
   outer loop
     vertex  8.000000e+01  5.500000e+01  0.000000e+00
     vertex  7.153880e+01  4.572256e+01  0.000000e+00
     vertex  7.155804e+01  4.568007e+01  0.000000e+00
   endloop
 endfacet
 facet normal  0.000000e+00  0.000000e+00  1.000000e+00
   outer loop
     vertex  8.000000e+01  5.500000e+01  0.000000e+00
     vertex  7.151840e+01  4.576450e+01  0.000000e+00
     vertex  7.153880e+01  4.572256e+01  0.000000e+00
   endloop
 endfacet
 facet normal  0.000000e+00  0.000000e+00  1.000000e+00
   outer loop
     vertex  8.000000e+01  5.500000e+01  0.000000e+00
     vertex  7.149685e+01  4.580587e+01  0.000000e+00
     vertex  7.151840e+01  4.576450e+01  0.000000e+00
   endloop
 endfacet
 facet normal  0.000000e+00  0.000000e+00  1.000000e+00
   outer loop
     vertex  8.000000e+01  5.500000e+01  0.000000e+00
     vertex  7.147418e+01  4.584663e+01  0.000000e+00
     vertex  7.149685e+01  4.580587e+01  0.000000e+00
   endloop
 endfacet
 facet normal  0.000000e+00  0.000000e+00  1.000000e+00
   outer loop
     vertex  8.000000e+01  5.500000e+01  0.000000e+00
     vertex  7.145040e+01  4.588676e+01  0.000000e+00
     vertex  7.147418e+01  4.584663e+01  0.000000e+00
   endloop
 endfacet
 facet normal  0.000000e+00  0.000000e+00  1.000000e+00
   outer loop
     vertex  8.000000e+01  5.500000e+01  0.000000e+00
     vertex  7.142553e+01  4.592621e+01  0.000000e+00
     vertex  7.145040e+01  4.588676e+01  0.000000e+00
   endloop
 endfacet
 facet normal  0.000000e+00  0.000000e+00  1.000000e+00
   outer loop
     vertex  8.000000e+01  5.500000e+01  0.000000e+00
     vertex  7.139958e+01  4.596497e+01  0.000000e+00
     vertex  7.142553e+01  4.592621e+01  0.000000e+00
   endloop
 endfacet
 facet normal  0.000000e+00  0.000000e+00  1.000000e+00
   outer loop
     vertex  8.000000e+01  5.500000e+01  0.000000e+00
     vertex  7.137258e+01  4.600300e+01  0.000000e+00
     vertex  7.139958e+01  4.596497e+01  0.000000e+00
   endloop
 endfacet
 facet normal  0.000000e+00  0.000000e+00  1.000000e+00
   outer loop
     vertex  8.000000e+01  5.500000e+01  0.000000e+00
     vertex  7.134455e+01  4.604028e+01  0.000000e+00
     vertex  7.137258e+01  4.600300e+01  0.000000e+00
   endloop
 endfacet
 facet normal  0.000000e+00  0.000000e+00  1.000000e+00
   outer loop
     vertex  8.000000e+01  5.500000e+01  0.000000e+00
     vertex  7.131550e+01  4.607678e+01  0.000000e+00
     vertex  7.134455e+01  4.604028e+01  0.000000e+00
   endloop
 endfacet
 facet normal  0.000000e+00  0.000000e+00  1.000000e+00
   outer loop
     vertex  8.000000e+01  5.500000e+01  0.000000e+00
     vertex  7.128547e+01  4.611246e+01  0.000000e+00
     vertex  7.131550e+01  4.607678e+01  0.000000e+00
   endloop
 endfacet
 facet normal  0.000000e+00  0.000000e+00  1.000000e+00
   outer loop
     vertex  8.000000e+01  5.500000e+01  0.000000e+00
     vertex  7.125447e+01  4.614731e+01  0.000000e+00
     vertex  7.128547e+01  4.611246e+01  0.000000e+00
   endloop
 endfacet
 facet normal  0.000000e+00  0.000000e+00  1.000000e+00
   outer loop
     vertex  8.000000e+01  5.500000e+01  0.000000e+00
     vertex  7.122252e+01  4.618129e+01  0.000000e+00
     vertex  7.125447e+01  4.614731e+01  0.000000e+00
   endloop
 endfacet
 facet normal  0.000000e+00  0.000000e+00  1.000000e+00
   outer loop
     vertex  8.000000e+01  5.500000e+01  0.000000e+00
     vertex  7.118965e+01  4.621439e+01  0.000000e+00
     vertex  7.122252e+01  4.618129e+01  0.000000e+00
   endloop
 endfacet
 facet normal  0.000000e+00  0.000000e+00  1.000000e+00
   outer loop
     vertex  8.000000e+01  5.500000e+01  0.000000e+00
     vertex  7.115589e+01  4.624657e+01  0.000000e+00
     vertex  7.118965e+01  4.621439e+01  0.000000e+00
   endloop
 endfacet
 facet normal  0.000000e+00  0.000000e+00  1.000000e+00
   outer loop
     vertex  8.000000e+01  5.500000e+01  0.000000e+00
     vertex  7.112125e+01  4.627781e+01  0.000000e+00
     vertex  7.115589e+01  4.624657e+01  0.000000e+00
   endloop
 endfacet
 facet normal  0.000000e+00  0.000000e+00  1.000000e+00
   outer loop
     vertex  8.000000e+01  5.500000e+01  0.000000e+00
     vertex  7.108578e+01  4.630809e+01  0.000000e+00
     vertex  7.112125e+01  4.627781e+01  0.000000e+00
   endloop
 endfacet
 facet normal  0.000000e+00  0.000000e+00  1.000000e+00
   outer loop
     vertex  8.000000e+01  5.500000e+01  0.000000e+00
     vertex  7.104948e+01  4.633738e+01  0.000000e+00
     vertex  7.108578e+01  4.630809e+01  0.000000e+00
   endloop
 endfacet
 facet normal  0.000000e+00  0.000000e+00  1.000000e+00
   outer loop
     vertex  8.000000e+01  5.500000e+01  0.000000e+00
     vertex  7.101240e+01  4.636567e+01  0.000000e+00
     vertex  7.104948e+01  4.633738e+01  0.000000e+00
   endloop
 endfacet
 facet normal  0.000000e+00  0.000000e+00  1.000000e+00
   outer loop
     vertex  8.000000e+01  5.500000e+01  0.000000e+00
     vertex  7.097455e+01  4.639293e+01  0.000000e+00
     vertex  7.101240e+01  4.636567e+01  0.000000e+00
   endloop
 endfacet
 facet normal  0.000000e+00  0.000000e+00  1.000000e+00
   outer loop
     vertex  8.000000e+01  5.500000e+01  0.000000e+00
     vertex  7.093597e+01  4.641914e+01  0.000000e+00
     vertex  7.097455e+01  4.639293e+01  0.000000e+00
   endloop
 endfacet
 facet normal  0.000000e+00  0.000000e+00  1.000000e+00
   outer loop
     vertex  8.000000e+01  5.500000e+01  0.000000e+00
     vertex  7.089668e+01  4.644428e+01  0.000000e+00
     vertex  7.093597e+01  4.641914e+01  0.000000e+00
   endloop
 endfacet
 facet normal  0.000000e+00  0.000000e+00  1.000000e+00
   outer loop
     vertex  8.000000e+01  5.500000e+01  0.000000e+00
     vertex  7.085672e+01  4.646834e+01  0.000000e+00
     vertex  7.089668e+01  4.644428e+01  0.000000e+00
   endloop
 endfacet
 facet normal  0.000000e+00  0.000000e+00  1.000000e+00
   outer loop
     vertex  8.000000e+01  5.500000e+01  0.000000e+00
     vertex  7.081612e+01  4.649129e+01  0.000000e+00
     vertex  7.085672e+01  4.646834e+01  0.000000e+00
   endloop
 endfacet
 facet normal  0.000000e+00  0.000000e+00  1.000000e+00
   outer loop
     vertex  8.000000e+01  5.500000e+01  0.000000e+00
     vertex  7.077490e+01  4.651312e+01  0.000000e+00
     vertex  7.081612e+01  4.649129e+01  0.000000e+00
   endloop
 endfacet
 facet normal  0.000000e+00  0.000000e+00  1.000000e+00
   outer loop
     vertex  8.000000e+01  5.500000e+01  0.000000e+00
     vertex  7.073310e+01  4.653381e+01  0.000000e+00
     vertex  7.077490e+01  4.651312e+01  0.000000e+00
   endloop
 endfacet
 facet normal  0.000000e+00  0.000000e+00  1.000000e+00
   outer loop
     vertex  8.000000e+01  5.500000e+01  0.000000e+00
     vertex  7.069074e+01  4.655334e+01  0.000000e+00
     vertex  7.073310e+01  4.653381e+01  0.000000e+00
   endloop
 endfacet
 facet normal  0.000000e+00  0.000000e+00  1.000000e+00
   outer loop
     vertex  8.000000e+01  5.500000e+01  0.000000e+00
     vertex  7.064787e+01  4.657171e+01  0.000000e+00
     vertex  7.069074e+01  4.655334e+01  0.000000e+00
   endloop
 endfacet
 facet normal  0.000000e+00  0.000000e+00  1.000000e+00
   outer loop
     vertex  8.000000e+01  5.500000e+01  0.000000e+00
     vertex  7.060451e+01  4.658889e+01  0.000000e+00
     vertex  7.064787e+01  4.657171e+01  0.000000e+00
   endloop
 endfacet
 facet normal  0.000000e+00  0.000000e+00  1.000000e+00
   outer loop
     vertex  8.000000e+01  5.500000e+01  0.000000e+00
     vertex  7.056069e+01  4.660488e+01  0.000000e+00
     vertex  7.060451e+01  4.658889e+01  0.000000e+00
   endloop
 endfacet
 facet normal  0.000000e+00  0.000000e+00  1.000000e+00
   outer loop
     vertex  8.000000e+01  5.500000e+01  0.000000e+00
     vertex  7.051645e+01  4.661965e+01  0.000000e+00
     vertex  7.056069e+01  4.660488e+01  0.000000e+00
   endloop
 endfacet
 facet normal  0.000000e+00  0.000000e+00  1.000000e+00
   outer loop
     vertex  8.000000e+01  5.500000e+01  0.000000e+00
     vertex  7.047182e+01  4.663321e+01  0.000000e+00
     vertex  7.051645e+01  4.661965e+01  0.000000e+00
   endloop
 endfacet
 facet normal  0.000000e+00  0.000000e+00  1.000000e+00
   outer loop
     vertex  8.000000e+01  5.500000e+01  0.000000e+00
     vertex  7.042684e+01  4.664554e+01  0.000000e+00
     vertex  7.047182e+01  4.663321e+01  0.000000e+00
   endloop
 endfacet
 facet normal  0.000000e+00  0.000000e+00  1.000000e+00
   outer loop
     vertex  8.000000e+01  5.500000e+01  0.000000e+00
     vertex  7.038153e+01  4.665663e+01  0.000000e+00
     vertex  7.042684e+01  4.664554e+01  0.000000e+00
   endloop
 endfacet
 facet normal  0.000000e+00  0.000000e+00  1.000000e+00
   outer loop
     vertex  8.000000e+01  5.500000e+01  0.000000e+00
     vertex  7.033594e+01  4.666648e+01  0.000000e+00
     vertex  7.038153e+01  4.665663e+01  0.000000e+00
   endloop
 endfacet
 facet normal  0.000000e+00  0.000000e+00  1.000000e+00
   outer loop
     vertex  8.000000e+01  5.500000e+01  0.000000e+00
     vertex  7.029010e+01  4.667507e+01  0.000000e+00
     vertex  7.033594e+01  4.666648e+01  0.000000e+00
   endloop
 endfacet
 facet normal  0.000000e+00  0.000000e+00  1.000000e+00
   outer loop
     vertex  8.000000e+01  5.500000e+01  0.000000e+00
     vertex  7.024403e+01  4.668239e+01  0.000000e+00
     vertex  7.029010e+01  4.667507e+01  0.000000e+00
   endloop
 endfacet
 facet normal  0.000000e+00  0.000000e+00  1.000000e+00
   outer loop
     vertex  8.000000e+01  5.500000e+01  0.000000e+00
     vertex  7.019779e+01  4.668846e+01  0.000000e+00
     vertex  7.024403e+01  4.668239e+01  0.000000e+00
   endloop
 endfacet
 facet normal  0.000000e+00  0.000000e+00  1.000000e+00
   outer loop
     vertex  8.000000e+01  5.500000e+01  0.000000e+00
     vertex  7.015139e+01  4.669325e+01  0.000000e+00
     vertex  7.019779e+01  4.668846e+01  0.000000e+00
   endloop
 endfacet
 facet normal  0.000000e+00  0.000000e+00  1.000000e+00
   outer loop
     vertex  8.000000e+01  5.500000e+01  0.000000e+00
     vertex  7.010488e+01  4.669676e+01  0.000000e+00
     vertex  7.015139e+01  4.669325e+01  0.000000e+00
   endloop
 endfacet
 facet normal  0.000000e+00  0.000000e+00  1.000000e+00
   outer loop
     vertex  8.000000e+01  5.500000e+01  0.000000e+00
     vertex  7.005829e+01  4.669900e+01  0.000000e+00
     vertex  7.010488e+01  4.669676e+01  0.000000e+00
   endloop
 endfacet
 facet normal  0.000000e+00  0.000000e+00  1.000000e+00
   outer loop
     vertex  8.000000e+01  5.500000e+01  0.000000e+00
     vertex  7.001166e+01  4.669996e+01  0.000000e+00
     vertex  7.005829e+01  4.669900e+01  0.000000e+00
   endloop
 endfacet
 facet normal  0.000000e+00  0.000000e+00  1.000000e+00
   outer loop
     vertex  8.000000e+01  5.500000e+01  0.000000e+00
     vertex  6.996502e+01  4.669964e+01  0.000000e+00
     vertex  7.001166e+01  4.669996e+01  0.000000e+00
   endloop
 endfacet
 facet normal  0.000000e+00  0.000000e+00  1.000000e+00
   outer loop
     vertex  8.000000e+01  5.500000e+01  0.000000e+00
     vertex  6.991840e+01  4.669804e+01  0.000000e+00
     vertex  6.996502e+01  4.669964e+01  0.000000e+00
   endloop
 endfacet
 facet normal  0.000000e+00  0.000000e+00  1.000000e+00
   outer loop
     vertex  8.000000e+01  5.500000e+01  0.000000e+00
     vertex  6.987185e+01  4.669516e+01  0.000000e+00
     vertex  6.991840e+01  4.669804e+01  0.000000e+00
   endloop
 endfacet
 facet normal  0.000000e+00  0.000000e+00  1.000000e+00
   outer loop
     vertex  8.000000e+01  5.500000e+01  0.000000e+00
     vertex  6.982539e+01  4.669101e+01  0.000000e+00
     vertex  6.987185e+01  4.669516e+01  0.000000e+00
   endloop
 endfacet
 facet normal  0.000000e+00  0.000000e+00  1.000000e+00
   outer loop
     vertex  8.000000e+01  5.500000e+01  0.000000e+00
     vertex  6.977907e+01  4.668558e+01  0.000000e+00
     vertex  6.982539e+01  4.669101e+01  0.000000e+00
   endloop
 endfacet
 facet normal  0.000000e+00  0.000000e+00  1.000000e+00
   outer loop
     vertex  8.000000e+01  5.500000e+01  0.000000e+00
     vertex  6.973291e+01  4.667889e+01  0.000000e+00
     vertex  6.977907e+01  4.668558e+01  0.000000e+00
   endloop
 endfacet
 facet normal  0.000000e+00  0.000000e+00  1.000000e+00
   outer loop
     vertex  8.000000e+01  5.500000e+01  0.000000e+00
     vertex  6.968695e+01  4.667093e+01  0.000000e+00
     vertex  6.973291e+01  4.667889e+01  0.000000e+00
   endloop
 endfacet
 facet normal  0.000000e+00  0.000000e+00  1.000000e+00
   outer loop
     vertex  8.000000e+01  5.500000e+01  0.000000e+00
     vertex  6.964123e+01  4.666171e+01  0.000000e+00
     vertex  6.968695e+01  4.667093e+01  0.000000e+00
   endloop
 endfacet
 facet normal  0.000000e+00  0.000000e+00  1.000000e+00
   outer loop
     vertex  8.000000e+01  5.500000e+01  0.000000e+00
     vertex  6.959578e+01  4.665124e+01  0.000000e+00
     vertex  6.964123e+01  4.666171e+01  0.000000e+00
   endloop
 endfacet
 facet normal  0.000000e+00  0.000000e+00  1.000000e+00
   outer loop
     vertex  8.000000e+01  5.500000e+01  0.000000e+00
     vertex  6.955063e+01  4.663953e+01  0.000000e+00
     vertex  6.959578e+01  4.665124e+01  0.000000e+00
   endloop
 endfacet
 facet normal  0.000000e+00  0.000000e+00  1.000000e+00
   outer loop
     vertex  8.000000e+01  5.500000e+01  0.000000e+00
     vertex  6.950582e+01  4.662659e+01  0.000000e+00
     vertex  6.955063e+01  4.663953e+01  0.000000e+00
   endloop
 endfacet
 facet normal  0.000000e+00  0.000000e+00  1.000000e+00
   outer loop
     vertex  8.000000e+01  5.500000e+01  0.000000e+00
     vertex  6.946138e+01  4.661242e+01  0.000000e+00
     vertex  6.950582e+01  4.662659e+01  0.000000e+00
   endloop
 endfacet
 facet normal  0.000000e+00  0.000000e+00  1.000000e+00
   outer loop
     vertex  8.000000e+01  5.500000e+01  0.000000e+00
     vertex  6.941735e+01  4.659703e+01  0.000000e+00
     vertex  6.946138e+01  4.661242e+01  0.000000e+00
   endloop
 endfacet
 facet normal  0.000000e+00  0.000000e+00  1.000000e+00
   outer loop
     vertex  8.000000e+01  5.500000e+01  0.000000e+00
     vertex  6.937375e+01  4.658045e+01  0.000000e+00
     vertex  6.941735e+01  4.659703e+01  0.000000e+00
   endloop
 endfacet
 facet normal  0.000000e+00  0.000000e+00  1.000000e+00
   outer loop
     vertex  8.000000e+01  5.500000e+01  0.000000e+00
     vertex  6.933063e+01  4.656267e+01  0.000000e+00
     vertex  6.937375e+01  4.658045e+01  0.000000e+00
   endloop
 endfacet
 facet normal  0.000000e+00  0.000000e+00  1.000000e+00
   outer loop
     vertex  8.000000e+01  5.500000e+01  0.000000e+00
     vertex  6.928801e+01  4.654372e+01  0.000000e+00
     vertex  6.933063e+01  4.656267e+01  0.000000e+00
   endloop
 endfacet
 facet normal  0.000000e+00  0.000000e+00  1.000000e+00
   outer loop
     vertex  8.000000e+01  5.500000e+01  0.000000e+00
     vertex  6.924593e+01  4.652361e+01  0.000000e+00
     vertex  6.928801e+01  4.654372e+01  0.000000e+00
   endloop
 endfacet
 facet normal  0.000000e+00  0.000000e+00  1.000000e+00
   outer loop
     vertex  8.000000e+01  5.500000e+01  0.000000e+00
     vertex  6.920442e+01  4.650235e+01  0.000000e+00
     vertex  6.924593e+01  4.652361e+01  0.000000e+00
   endloop
 endfacet
 facet normal  0.000000e+00  0.000000e+00  1.000000e+00
   outer loop
     vertex  8.000000e+01  5.500000e+01  0.000000e+00
     vertex  6.916350e+01  4.647996e+01  0.000000e+00
     vertex  6.920442e+01  4.650235e+01  0.000000e+00
   endloop
 endfacet
 facet normal  0.000000e+00  0.000000e+00  1.000000e+00
   outer loop
     vertex  8.000000e+01  5.500000e+01  0.000000e+00
     vertex  6.912321e+01  4.645645e+01  0.000000e+00
     vertex  6.916350e+01  4.647996e+01  0.000000e+00
   endloop
 endfacet
 facet normal  0.000000e+00  0.000000e+00  1.000000e+00
   outer loop
     vertex  8.000000e+01  5.500000e+01  0.000000e+00
     vertex  6.908359e+01  4.643185e+01  0.000000e+00
     vertex  6.912321e+01  4.645645e+01  0.000000e+00
   endloop
 endfacet
 facet normal  0.000000e+00  0.000000e+00  1.000000e+00
   outer loop
     vertex  8.000000e+01  5.500000e+01  0.000000e+00
     vertex  6.904465e+01  4.640617e+01  0.000000e+00
     vertex  6.908359e+01  4.643185e+01  0.000000e+00
   endloop
 endfacet
 facet normal  0.000000e+00  0.000000e+00  1.000000e+00
   outer loop
     vertex  8.000000e+01  5.500000e+01  0.000000e+00
     vertex  7.145040e+01  4.411324e+01  0.000000e+00
     vertex  7.142553e+01  4.407379e+01  0.000000e+00
   endloop
 endfacet
 facet normal  0.000000e+00  0.000000e+00  1.000000e+00
   outer loop
     vertex  8.000000e+01  5.500000e+01  0.000000e+00
     vertex  7.147418e+01  4.415337e+01  0.000000e+00
     vertex  7.145040e+01  4.411324e+01  0.000000e+00
   endloop
 endfacet
 facet normal  0.000000e+00  0.000000e+00  1.000000e+00
   outer loop
     vertex  8.000000e+01  5.500000e+01  0.000000e+00
     vertex  7.149685e+01  4.419413e+01  0.000000e+00
     vertex  7.147418e+01  4.415337e+01  0.000000e+00
   endloop
 endfacet
 facet normal  0.000000e+00  0.000000e+00  1.000000e+00
   outer loop
     vertex  8.000000e+01  5.500000e+01  0.000000e+00
     vertex  7.151840e+01  4.423550e+01  0.000000e+00
     vertex  7.149685e+01  4.419413e+01  0.000000e+00
   endloop
 endfacet
 facet normal  0.000000e+00  0.000000e+00  1.000000e+00
   outer loop
     vertex  8.000000e+01  5.500000e+01  0.000000e+00
     vertex  7.153880e+01  4.427744e+01  0.000000e+00
     vertex  7.151840e+01  4.423550e+01  0.000000e+00
   endloop
 endfacet
 facet normal  0.000000e+00  0.000000e+00  1.000000e+00
   outer loop
     vertex  8.000000e+01  5.500000e+01  0.000000e+00
     vertex  7.155804e+01  4.431993e+01  0.000000e+00
     vertex  7.153880e+01  4.427744e+01  0.000000e+00
   endloop
 endfacet
 facet normal  0.000000e+00  0.000000e+00  1.000000e+00
   outer loop
     vertex  8.000000e+01  5.500000e+01  0.000000e+00
     vertex  7.157612e+01  4.436293e+01  0.000000e+00
     vertex  7.155804e+01  4.431993e+01  0.000000e+00
   endloop
 endfacet
 facet normal  0.000000e+00  0.000000e+00  1.000000e+00
   outer loop
     vertex  8.000000e+01  5.500000e+01  0.000000e+00
     vertex  7.159300e+01  4.440641e+01  0.000000e+00
     vertex  7.157612e+01  4.436293e+01  0.000000e+00
   endloop
 endfacet
 facet normal  0.000000e+00  0.000000e+00  1.000000e+00
   outer loop
     vertex  8.000000e+01  5.500000e+01  0.000000e+00
     vertex  7.160868e+01  4.445033e+01  0.000000e+00
     vertex  7.159300e+01  4.440641e+01  0.000000e+00
   endloop
 endfacet
 facet normal  0.000000e+00  0.000000e+00  1.000000e+00
   outer loop
     vertex  8.000000e+01  5.500000e+01  0.000000e+00
     vertex  7.162316e+01  4.449467e+01  0.000000e+00
     vertex  7.160868e+01  4.445033e+01  0.000000e+00
   endloop
 endfacet
 facet normal  0.000000e+00  0.000000e+00  1.000000e+00
   outer loop
     vertex  8.000000e+01  5.500000e+01  0.000000e+00
     vertex  7.163641e+01  4.453939e+01  0.000000e+00
     vertex  7.162316e+01  4.449467e+01  0.000000e+00
   endloop
 endfacet
 facet normal  0.000000e+00  0.000000e+00  1.000000e+00
   outer loop
     vertex  8.000000e+01  5.500000e+01  0.000000e+00
     vertex  7.164843e+01  4.458446e+01  0.000000e+00
     vertex  7.163641e+01  4.453939e+01  0.000000e+00
   endloop
 endfacet
 facet normal  0.000000e+00  0.000000e+00  1.000000e+00
   outer loop
     vertex  8.000000e+01  5.500000e+01  0.000000e+00
     vertex  7.165921e+01  4.462984e+01  0.000000e+00
     vertex  7.164843e+01  4.458446e+01  0.000000e+00
   endloop
 endfacet
 facet normal  0.000000e+00  0.000000e+00  1.000000e+00
   outer loop
     vertex  8.000000e+01  5.500000e+01  0.000000e+00
     vertex  7.166874e+01  4.467550e+01  0.000000e+00
     vertex  7.165921e+01  4.462984e+01  0.000000e+00
   endloop
 endfacet
 facet normal  0.000000e+00  0.000000e+00  1.000000e+00
   outer loop
     vertex  8.000000e+01  5.500000e+01  0.000000e+00
     vertex  7.167702e+01  4.472140e+01  0.000000e+00
     vertex  7.166874e+01  4.467550e+01  0.000000e+00
   endloop
 endfacet
 facet normal  0.000000e+00  0.000000e+00  1.000000e+00
   outer loop
     vertex  8.000000e+01  5.500000e+01  0.000000e+00
     vertex  7.168403e+01  4.476751e+01  0.000000e+00
     vertex  7.167702e+01  4.472140e+01  0.000000e+00
   endloop
 endfacet
 facet normal  0.000000e+00  0.000000e+00  1.000000e+00
   outer loop
     vertex  8.000000e+01  5.500000e+01  0.000000e+00
     vertex  7.168977e+01  4.481380e+01  0.000000e+00
     vertex  7.168403e+01  4.476751e+01  0.000000e+00
   endloop
 endfacet
 facet normal  0.000000e+00  0.000000e+00  1.000000e+00
   outer loop
     vertex  8.000000e+01  5.500000e+01  0.000000e+00
     vertex  7.169424e+01  4.486023e+01  0.000000e+00
     vertex  7.168977e+01  4.481380e+01  0.000000e+00
   endloop
 endfacet
 facet normal  0.000000e+00  0.000000e+00  1.000000e+00
   outer loop
     vertex  8.000000e+01  5.500000e+01  0.000000e+00
     vertex  7.169744e+01  4.490676e+01  0.000000e+00
     vertex  7.169424e+01  4.486023e+01  0.000000e+00
   endloop
 endfacet
 facet normal  0.000000e+00  0.000000e+00  1.000000e+00
   outer loop
     vertex  8.000000e+01  5.500000e+01  0.000000e+00
     vertex  7.169936e+01  4.495336e+01  0.000000e+00
     vertex  7.169744e+01  4.490676e+01  0.000000e+00
   endloop
 endfacet
 facet normal  0.000000e+00  0.000000e+00  1.000000e+00
   outer loop
     vertex  8.000000e+01  5.500000e+01  0.000000e+00
     vertex  7.170000e+01  4.500000e+01  0.000000e+00
     vertex  7.169936e+01  4.495336e+01  0.000000e+00
   endloop
 endfacet
 facet normal  0.000000e+00  0.000000e+00  1.000000e+00
   outer loop
     vertex  8.000000e+01  5.500000e+01  0.000000e+00
     vertex -8.000000e+01  5.500000e+01  0.000000e+00
     vertex -6.906403e+01  4.641914e+01  0.000000e+00
   endloop
 endfacet
 facet normal  0.000000e+00  0.000000e+00  1.000000e+00
   outer loop
     vertex  8.000000e+01  5.500000e+01  0.000000e+00
     vertex -6.906403e+01  4.641914e+01  0.000000e+00
     vertex -6.902545e+01  4.639293e+01  0.000000e+00
   endloop
 endfacet
 facet normal  0.000000e+00  0.000000e+00  1.000000e+00
   outer loop
     vertex  8.000000e+01  5.500000e+01  0.000000e+00
     vertex -6.902545e+01  4.639293e+01  0.000000e+00
     vertex -6.898760e+01  4.636567e+01  0.000000e+00
   endloop
 endfacet
 facet normal  0.000000e+00  0.000000e+00  1.000000e+00
   outer loop
     vertex  8.000000e+01  5.500000e+01  0.000000e+00
     vertex -6.898760e+01  4.636567e+01  0.000000e+00
     vertex -6.895052e+01  4.633738e+01  0.000000e+00
   endloop
 endfacet
 facet normal  0.000000e+00  0.000000e+00  1.000000e+00
   outer loop
     vertex  8.000000e+01  5.500000e+01  0.000000e+00
     vertex -6.895052e+01  4.633738e+01  0.000000e+00
     vertex -6.891422e+01  4.630809e+01  0.000000e+00
   endloop
 endfacet
 facet normal  0.000000e+00  0.000000e+00  1.000000e+00
   outer loop
     vertex  8.000000e+01  5.500000e+01  0.000000e+00
     vertex -6.891422e+01  4.630809e+01  0.000000e+00
     vertex -6.887875e+01  4.627781e+01  0.000000e+00
   endloop
 endfacet
 facet normal  0.000000e+00  0.000000e+00  1.000000e+00
   outer loop
     vertex  8.000000e+01  5.500000e+01  0.000000e+00
     vertex -6.887875e+01  4.627781e+01  0.000000e+00
     vertex -6.884411e+01  4.624657e+01  0.000000e+00
   endloop
 endfacet
 facet normal  0.000000e+00  0.000000e+00  1.000000e+00
   outer loop
     vertex  8.000000e+01  5.500000e+01  0.000000e+00
     vertex -6.884411e+01  4.624657e+01  0.000000e+00
     vertex -6.881035e+01  4.621439e+01  0.000000e+00
   endloop
 endfacet
 facet normal  0.000000e+00  0.000000e+00  1.000000e+00
   outer loop
     vertex  8.000000e+01  5.500000e+01  0.000000e+00
     vertex -6.881035e+01  4.621439e+01  0.000000e+00
     vertex  6.904465e+01  4.640617e+01  0.000000e+00
   endloop
 endfacet
 facet normal  0.000000e+00  0.000000e+00  1.000000e+00
   outer loop
     vertex  6.904465e+01  4.640617e+01  0.000000e+00
     vertex -6.881035e+01  4.621439e+01  0.000000e+00
     vertex  6.900643e+01  4.637943e+01  0.000000e+00
   endloop
 endfacet
 facet normal  0.000000e+00  0.000000e+00  1.000000e+00
   outer loop
     vertex  6.900643e+01  4.637943e+01  0.000000e+00
     vertex -6.881035e+01  4.621439e+01  0.000000e+00
     vertex  6.896896e+01  4.635165e+01  0.000000e+00
   endloop
 endfacet
 facet normal  0.000000e+00  0.000000e+00  1.000000e+00
   outer loop
     vertex  6.896896e+01  4.635165e+01  0.000000e+00
     vertex -6.881035e+01  4.621439e+01  0.000000e+00
     vertex  6.893227e+01  4.632286e+01  0.000000e+00
   endloop
 endfacet
 facet normal  0.000000e+00  0.000000e+00  1.000000e+00
   outer loop
     vertex  6.893227e+01  4.632286e+01  0.000000e+00
     vertex -6.881035e+01  4.621439e+01  0.000000e+00
     vertex  6.889638e+01  4.629307e+01  0.000000e+00
   endloop
 endfacet
 facet normal  0.000000e+00  0.000000e+00  1.000000e+00
   outer loop
     vertex  6.889638e+01  4.629307e+01  0.000000e+00
     vertex -6.881035e+01  4.621439e+01  0.000000e+00
     vertex  6.886132e+01  4.626231e+01  0.000000e+00
   endloop
 endfacet
 facet normal  0.000000e+00  0.000000e+00  1.000000e+00
   outer loop
     vertex  6.886132e+01  4.626231e+01  0.000000e+00
     vertex -6.881035e+01  4.621439e+01  0.000000e+00
     vertex  6.882712e+01  4.623059e+01  0.000000e+00
   endloop
 endfacet
 facet normal  0.000000e+00  1.000000e+00  0.000000e+00
   outer loop
     vertex  8.000000e+01  5.500000e+01  0.000000e+00
     vertex  8.000000e+01  5.500000e+01 -3.000000e+00
     vertex -8.000000e+01  5.500000e+01 -3.000000e+00
   endloop
 endfacet
 facet normal  0.000000e+00  1.000000e+00  0.000000e+00
   outer loop
     vertex  8.000000e+01  5.500000e+01  0.000000e+00
     vertex -8.000000e+01  5.500000e+01 -3.000000e+00
     vertex -8.000000e+01  5.500000e+01  0.000000e+00
   endloop
 endfacet
 facet normal -0.000000e+00  0.000000e+00 -1.000000e+00
   outer loop
     vertex -7.117288e+01 -4.623059e+01 -3.000000e+00
     vertex -8.000000e+01 -5.500000e+01 -3.000000e+00
     vertex -7.120620e+01 -4.619795e+01 -3.000000e+00
   endloop
 endfacet
 facet normal  0.000000e+00 -0.000000e+00 -1.000000e+00
   outer loop
     vertex -7.123861e+01 -4.616441e+01 -3.000000e+00
     vertex -7.120620e+01 -4.619795e+01 -3.000000e+00
     vertex -8.000000e+01 -5.500000e+01 -3.000000e+00
   endloop
 endfacet
 facet normal -0.000000e+00  0.000000e+00 -1.000000e+00
   outer loop
     vertex -7.113868e+01 -4.626231e+01 -3.000000e+00
     vertex -8.000000e+01 -5.500000e+01 -3.000000e+00
     vertex -7.117288e+01 -4.623059e+01 -3.000000e+00
   endloop
 endfacet
 facet normal  0.000000e+00 -0.000000e+00 -1.000000e+00
   outer loop
     vertex -7.127009e+01 -4.612999e+01 -3.000000e+00
     vertex -7.123861e+01 -4.616441e+01 -3.000000e+00
     vertex -8.000000e+01 -5.500000e+01 -3.000000e+00
   endloop
 endfacet
 facet normal -0.000000e+00  0.000000e+00 -1.000000e+00
   outer loop
     vertex -7.110362e+01 -4.629307e+01 -3.000000e+00
     vertex -8.000000e+01 -5.500000e+01 -3.000000e+00
     vertex -7.113868e+01 -4.626231e+01 -3.000000e+00
   endloop
 endfacet
 facet normal  0.000000e+00 -0.000000e+00 -1.000000e+00
   outer loop
     vertex -7.130061e+01 -4.609472e+01 -3.000000e+00
     vertex -7.127009e+01 -4.612999e+01 -3.000000e+00
     vertex -8.000000e+01 -5.500000e+01 -3.000000e+00
   endloop
 endfacet
 facet normal -0.000000e+00  0.000000e+00 -1.000000e+00
   outer loop
     vertex -7.106773e+01 -4.632286e+01 -3.000000e+00
     vertex -8.000000e+01 -5.500000e+01 -3.000000e+00
     vertex -7.110362e+01 -4.629307e+01 -3.000000e+00
   endloop
 endfacet
 facet normal  0.000000e+00 -0.000000e+00 -1.000000e+00
   outer loop
     vertex -7.133015e+01 -4.605863e+01 -3.000000e+00
     vertex -7.130061e+01 -4.609472e+01 -3.000000e+00
     vertex -8.000000e+01 -5.500000e+01 -3.000000e+00
   endloop
 endfacet
 facet normal -0.000000e+00  0.000000e+00 -1.000000e+00
   outer loop
     vertex -7.103104e+01 -4.635165e+01 -3.000000e+00
     vertex -8.000000e+01 -5.500000e+01 -3.000000e+00
     vertex -7.106773e+01 -4.632286e+01 -3.000000e+00
   endloop
 endfacet
 facet normal  0.000000e+00 -0.000000e+00 -1.000000e+00
   outer loop
     vertex -7.135869e+01 -4.602174e+01 -3.000000e+00
     vertex -7.133015e+01 -4.605863e+01 -3.000000e+00
     vertex -8.000000e+01 -5.500000e+01 -3.000000e+00
   endloop
 endfacet
 facet normal -0.000000e+00  0.000000e+00 -1.000000e+00
   outer loop
     vertex -7.099357e+01 -4.637943e+01 -3.000000e+00
     vertex -8.000000e+01 -5.500000e+01 -3.000000e+00
     vertex -7.103104e+01 -4.635165e+01 -3.000000e+00
   endloop
 endfacet
 facet normal  0.000000e+00 -0.000000e+00 -1.000000e+00
   outer loop
     vertex -7.138621e+01 -4.598408e+01 -3.000000e+00
     vertex -7.135869e+01 -4.602174e+01 -3.000000e+00
     vertex -8.000000e+01 -5.500000e+01 -3.000000e+00
   endloop
 endfacet
 facet normal -0.000000e+00  0.000000e+00 -1.000000e+00
   outer loop
     vertex -7.095535e+01 -4.640617e+01 -3.000000e+00
     vertex -8.000000e+01 -5.500000e+01 -3.000000e+00
     vertex -7.099357e+01 -4.637943e+01 -3.000000e+00
   endloop
 endfacet
 facet normal  0.000000e+00 -0.000000e+00 -1.000000e+00
   outer loop
     vertex -7.141269e+01 -4.594568e+01 -3.000000e+00
     vertex -7.138621e+01 -4.598408e+01 -3.000000e+00
     vertex -8.000000e+01 -5.500000e+01 -3.000000e+00
   endloop
 endfacet
 facet normal -0.000000e+00  0.000000e+00 -1.000000e+00
   outer loop
     vertex -7.091641e+01 -4.643185e+01 -3.000000e+00
     vertex -8.000000e+01 -5.500000e+01 -3.000000e+00
     vertex -7.095535e+01 -4.640617e+01 -3.000000e+00
   endloop
 endfacet
 facet normal  0.000000e+00 -0.000000e+00 -1.000000e+00
   outer loop
     vertex -7.143810e+01 -4.590657e+01 -3.000000e+00
     vertex -7.141269e+01 -4.594568e+01 -3.000000e+00
     vertex -8.000000e+01 -5.500000e+01 -3.000000e+00
   endloop
 endfacet
 facet normal -0.000000e+00  0.000000e+00 -1.000000e+00
   outer loop
     vertex -7.087679e+01 -4.645645e+01 -3.000000e+00
     vertex -8.000000e+01 -5.500000e+01 -3.000000e+00
     vertex -7.091641e+01 -4.643185e+01 -3.000000e+00
   endloop
 endfacet
 facet normal  0.000000e+00 -0.000000e+00 -1.000000e+00
   outer loop
     vertex -7.146243e+01 -4.586678e+01 -3.000000e+00
     vertex -7.143810e+01 -4.590657e+01 -3.000000e+00
     vertex -8.000000e+01 -5.500000e+01 -3.000000e+00
   endloop
 endfacet
 facet normal -0.000000e+00  0.000000e+00 -1.000000e+00
   outer loop
     vertex -7.083650e+01 -4.647996e+01 -3.000000e+00
     vertex -8.000000e+01 -5.500000e+01 -3.000000e+00
     vertex -7.087679e+01 -4.645645e+01 -3.000000e+00
   endloop
 endfacet
 facet normal  0.000000e+00 -0.000000e+00 -1.000000e+00
   outer loop
     vertex -7.148566e+01 -4.582633e+01 -3.000000e+00
     vertex -7.146243e+01 -4.586678e+01 -3.000000e+00
     vertex -8.000000e+01 -5.500000e+01 -3.000000e+00
   endloop
 endfacet
 facet normal -0.000000e+00  0.000000e+00 -1.000000e+00
   outer loop
     vertex -7.079558e+01 -4.650235e+01 -3.000000e+00
     vertex -8.000000e+01 -5.500000e+01 -3.000000e+00
     vertex -7.083650e+01 -4.647996e+01 -3.000000e+00
   endloop
 endfacet
 facet normal  0.000000e+00 -0.000000e+00 -1.000000e+00
   outer loop
     vertex -7.150777e+01 -4.578526e+01 -3.000000e+00
     vertex -7.148566e+01 -4.582633e+01 -3.000000e+00
     vertex -8.000000e+01 -5.500000e+01 -3.000000e+00
   endloop
 endfacet
 facet normal -0.000000e+00  0.000000e+00 -1.000000e+00
   outer loop
     vertex -7.075407e+01 -4.652361e+01 -3.000000e+00
     vertex -8.000000e+01 -5.500000e+01 -3.000000e+00
     vertex -7.079558e+01 -4.650235e+01 -3.000000e+00
   endloop
 endfacet
 facet normal  0.000000e+00 -0.000000e+00 -1.000000e+00
   outer loop
     vertex -7.152874e+01 -4.574360e+01 -3.000000e+00
     vertex -7.150777e+01 -4.578526e+01 -3.000000e+00
     vertex -8.000000e+01 -5.500000e+01 -3.000000e+00
   endloop
 endfacet
 facet normal -0.000000e+00  0.000000e+00 -1.000000e+00
   outer loop
     vertex -7.071199e+01 -4.654372e+01 -3.000000e+00
     vertex -8.000000e+01 -5.500000e+01 -3.000000e+00
     vertex -7.075407e+01 -4.652361e+01 -3.000000e+00
   endloop
 endfacet
 facet normal  0.000000e+00 -0.000000e+00 -1.000000e+00
   outer loop
     vertex -7.154857e+01 -4.570138e+01 -3.000000e+00
     vertex -7.152874e+01 -4.574360e+01 -3.000000e+00
     vertex -8.000000e+01 -5.500000e+01 -3.000000e+00
   endloop
 endfacet
 facet normal -0.000000e+00  0.000000e+00 -1.000000e+00
   outer loop
     vertex -7.066937e+01 -4.656267e+01 -3.000000e+00
     vertex -8.000000e+01 -5.500000e+01 -3.000000e+00
     vertex -7.071199e+01 -4.654372e+01 -3.000000e+00
   endloop
 endfacet
 facet normal  0.000000e+00 -0.000000e+00 -1.000000e+00
   outer loop
     vertex -7.156723e+01 -4.565863e+01 -3.000000e+00
     vertex -7.154857e+01 -4.570138e+01 -3.000000e+00
     vertex -8.000000e+01 -5.500000e+01 -3.000000e+00
   endloop
 endfacet
 facet normal -0.000000e+00  0.000000e+00 -1.000000e+00
   outer loop
     vertex -7.062625e+01 -4.658045e+01 -3.000000e+00
     vertex -8.000000e+01 -5.500000e+01 -3.000000e+00
     vertex -7.066937e+01 -4.656267e+01 -3.000000e+00
   endloop
 endfacet
 facet normal  0.000000e+00 -0.000000e+00 -1.000000e+00
   outer loop
     vertex -7.158471e+01 -4.561539e+01 -3.000000e+00
     vertex -7.156723e+01 -4.565863e+01 -3.000000e+00
     vertex -8.000000e+01 -5.500000e+01 -3.000000e+00
   endloop
 endfacet
 facet normal -0.000000e+00  0.000000e+00 -1.000000e+00
   outer loop
     vertex -7.058265e+01 -4.659703e+01 -3.000000e+00
     vertex -8.000000e+01 -5.500000e+01 -3.000000e+00
     vertex -7.062625e+01 -4.658045e+01 -3.000000e+00
   endloop
 endfacet
 facet normal  0.000000e+00 -0.000000e+00 -1.000000e+00
   outer loop
     vertex -7.160099e+01 -4.557168e+01 -3.000000e+00
     vertex -7.158471e+01 -4.561539e+01 -3.000000e+00
     vertex -8.000000e+01 -5.500000e+01 -3.000000e+00
   endloop
 endfacet
 facet normal -0.000000e+00  0.000000e+00 -1.000000e+00
   outer loop
     vertex -7.053862e+01 -4.661242e+01 -3.000000e+00
     vertex -8.000000e+01 -5.500000e+01 -3.000000e+00
     vertex -7.058265e+01 -4.659703e+01 -3.000000e+00
   endloop
 endfacet
 facet normal  0.000000e+00 -0.000000e+00 -1.000000e+00
   outer loop
     vertex -7.161607e+01 -4.552755e+01 -3.000000e+00
     vertex -7.160099e+01 -4.557168e+01 -3.000000e+00
     vertex -8.000000e+01 -5.500000e+01 -3.000000e+00
   endloop
 endfacet
 facet normal -0.000000e+00  0.000000e+00 -1.000000e+00
   outer loop
     vertex -7.049418e+01 -4.662659e+01 -3.000000e+00
     vertex -8.000000e+01 -5.500000e+01 -3.000000e+00
     vertex -7.053862e+01 -4.661242e+01 -3.000000e+00
   endloop
 endfacet
 facet normal  0.000000e+00 -0.000000e+00 -1.000000e+00
   outer loop
     vertex -7.162994e+01 -4.548301e+01 -3.000000e+00
     vertex -7.161607e+01 -4.552755e+01 -3.000000e+00
     vertex -8.000000e+01 -5.500000e+01 -3.000000e+00
   endloop
 endfacet
 facet normal -0.000000e+00  0.000000e+00 -1.000000e+00
   outer loop
     vertex -7.044937e+01 -4.663953e+01 -3.000000e+00
     vertex -8.000000e+01 -5.500000e+01 -3.000000e+00
     vertex -7.049418e+01 -4.662659e+01 -3.000000e+00
   endloop
 endfacet
 facet normal  0.000000e+00 -0.000000e+00 -1.000000e+00
   outer loop
     vertex -7.164258e+01 -4.543811e+01 -3.000000e+00
     vertex -7.162994e+01 -4.548301e+01 -3.000000e+00
     vertex -8.000000e+01 -5.500000e+01 -3.000000e+00
   endloop
 endfacet
 facet normal -0.000000e+00  0.000000e+00 -1.000000e+00
   outer loop
     vertex -7.040422e+01 -4.665124e+01 -3.000000e+00
     vertex -8.000000e+01 -5.500000e+01 -3.000000e+00
     vertex -7.044937e+01 -4.663953e+01 -3.000000e+00
   endloop
 endfacet
 facet normal  0.000000e+00 -0.000000e+00 -1.000000e+00
   outer loop
     vertex -7.165398e+01 -4.539289e+01 -3.000000e+00
     vertex -7.164258e+01 -4.543811e+01 -3.000000e+00
     vertex -8.000000e+01 -5.500000e+01 -3.000000e+00
   endloop
 endfacet
 facet normal -0.000000e+00  0.000000e+00 -1.000000e+00
   outer loop
     vertex -7.035877e+01 -4.666171e+01 -3.000000e+00
     vertex -8.000000e+01 -5.500000e+01 -3.000000e+00
     vertex -7.040422e+01 -4.665124e+01 -3.000000e+00
   endloop
 endfacet
 facet normal  0.000000e+00 -0.000000e+00 -1.000000e+00
   outer loop
     vertex -7.166413e+01 -4.534736e+01 -3.000000e+00
     vertex -7.165398e+01 -4.539289e+01 -3.000000e+00
     vertex -8.000000e+01 -5.500000e+01 -3.000000e+00
   endloop
 endfacet
 facet normal -0.000000e+00  0.000000e+00 -1.000000e+00
   outer loop
     vertex -7.031305e+01 -4.667093e+01 -3.000000e+00
     vertex -8.000000e+01 -5.500000e+01 -3.000000e+00
     vertex -7.035877e+01 -4.666171e+01 -3.000000e+00
   endloop
 endfacet
 facet normal  0.000000e+00 -0.000000e+00 -1.000000e+00
   outer loop
     vertex -7.167304e+01 -4.530158e+01 -3.000000e+00
     vertex -7.166413e+01 -4.534736e+01 -3.000000e+00
     vertex -8.000000e+01 -5.500000e+01 -3.000000e+00
   endloop
 endfacet
 facet normal -0.000000e+00  0.000000e+00 -1.000000e+00
   outer loop
     vertex -7.026709e+01 -4.667889e+01 -3.000000e+00
     vertex -8.000000e+01 -5.500000e+01 -3.000000e+00
     vertex -7.031305e+01 -4.667093e+01 -3.000000e+00
   endloop
 endfacet
 facet normal  0.000000e+00 -0.000000e+00 -1.000000e+00
   outer loop
     vertex -7.168068e+01 -4.525557e+01 -3.000000e+00
     vertex -7.167304e+01 -4.530158e+01 -3.000000e+00
     vertex -8.000000e+01 -5.500000e+01 -3.000000e+00
   endloop
 endfacet
 facet normal -0.000000e+00  0.000000e+00 -1.000000e+00
   outer loop
     vertex -7.022093e+01 -4.668558e+01 -3.000000e+00
     vertex -8.000000e+01 -5.500000e+01 -3.000000e+00
     vertex -7.026709e+01 -4.667889e+01 -3.000000e+00
   endloop
 endfacet
 facet normal  0.000000e+00 -0.000000e+00 -1.000000e+00
   outer loop
     vertex -7.168706e+01 -4.520936e+01 -3.000000e+00
     vertex -7.168068e+01 -4.525557e+01 -3.000000e+00
     vertex -8.000000e+01 -5.500000e+01 -3.000000e+00
   endloop
 endfacet
 facet normal -0.000000e+00  0.000000e+00 -1.000000e+00
   outer loop
     vertex -7.017461e+01 -4.669101e+01 -3.000000e+00
     vertex -8.000000e+01 -5.500000e+01 -3.000000e+00
     vertex -7.022093e+01 -4.668558e+01 -3.000000e+00
   endloop
 endfacet
 facet normal  0.000000e+00 -0.000000e+00 -1.000000e+00
   outer loop
     vertex -7.169217e+01 -4.516300e+01 -3.000000e+00
     vertex -7.168706e+01 -4.520936e+01 -3.000000e+00
     vertex -8.000000e+01 -5.500000e+01 -3.000000e+00
   endloop
 endfacet
 facet normal -0.000000e+00  0.000000e+00 -1.000000e+00
   outer loop
     vertex -7.012815e+01 -4.669516e+01 -3.000000e+00
     vertex -8.000000e+01 -5.500000e+01 -3.000000e+00
     vertex -7.017461e+01 -4.669101e+01 -3.000000e+00
   endloop
 endfacet
 facet normal  0.000000e+00 -0.000000e+00 -1.000000e+00
   outer loop
     vertex -7.169600e+01 -4.511652e+01 -3.000000e+00
     vertex -7.169217e+01 -4.516300e+01 -3.000000e+00
     vertex -8.000000e+01 -5.500000e+01 -3.000000e+00
   endloop
 endfacet
 facet normal -0.000000e+00  0.000000e+00 -1.000000e+00
   outer loop
     vertex -7.008160e+01 -4.669804e+01 -3.000000e+00
     vertex -8.000000e+01 -5.500000e+01 -3.000000e+00
     vertex -7.012815e+01 -4.669516e+01 -3.000000e+00
   endloop
 endfacet
 facet normal  0.000000e+00 -0.000000e+00 -1.000000e+00
   outer loop
     vertex -7.169856e+01 -4.506995e+01 -3.000000e+00
     vertex -7.169600e+01 -4.511652e+01 -3.000000e+00
     vertex -8.000000e+01 -5.500000e+01 -3.000000e+00
   endloop
 endfacet
 facet normal -0.000000e+00  0.000000e+00 -1.000000e+00
   outer loop
     vertex -7.003498e+01 -4.669964e+01 -3.000000e+00
     vertex -8.000000e+01 -5.500000e+01 -3.000000e+00
     vertex -7.008160e+01 -4.669804e+01 -3.000000e+00
   endloop
 endfacet
 facet normal  0.000000e+00 -0.000000e+00 -1.000000e+00
   outer loop
     vertex -7.169984e+01 -4.502332e+01 -3.000000e+00
     vertex -7.169856e+01 -4.506995e+01 -3.000000e+00
     vertex -8.000000e+01 -5.500000e+01 -3.000000e+00
   endloop
 endfacet
 facet normal -0.000000e+00  0.000000e+00 -1.000000e+00
   outer loop
     vertex -6.998834e+01 -4.669996e+01 -3.000000e+00
     vertex -8.000000e+01 -5.500000e+01 -3.000000e+00
     vertex -7.003498e+01 -4.669964e+01 -3.000000e+00
   endloop
 endfacet
 facet normal  0.000000e+00 -0.000000e+00 -1.000000e+00
   outer loop
     vertex -7.169984e+01 -4.497668e+01 -3.000000e+00
     vertex -7.169984e+01 -4.502332e+01 -3.000000e+00
     vertex -8.000000e+01 -5.500000e+01 -3.000000e+00
   endloop
 endfacet
 facet normal  0.000000e+00  0.000000e+00 -1.000000e+00
   outer loop
     vertex -6.994171e+01 -4.669900e+01 -3.000000e+00
     vertex -8.000000e+01 -5.500000e+01 -3.000000e+00
     vertex -6.998834e+01 -4.669996e+01 -3.000000e+00
   endloop
 endfacet
 facet normal  0.000000e+00  0.000000e+00 -1.000000e+00
   outer loop
     vertex -7.169856e+01 -4.493005e+01 -3.000000e+00
     vertex -7.169984e+01 -4.497668e+01 -3.000000e+00
     vertex -8.000000e+01 -5.500000e+01 -3.000000e+00
   endloop
 endfacet
 facet normal  0.000000e+00  0.000000e+00 -1.000000e+00
   outer loop
     vertex -6.989512e+01 -4.669676e+01 -3.000000e+00
     vertex -8.000000e+01 -5.500000e+01 -3.000000e+00
     vertex -6.994171e+01 -4.669900e+01 -3.000000e+00
   endloop
 endfacet
 facet normal  0.000000e+00  0.000000e+00 -1.000000e+00
   outer loop
     vertex -7.169600e+01 -4.488348e+01 -3.000000e+00
     vertex -7.169856e+01 -4.493005e+01 -3.000000e+00
     vertex -8.000000e+01 -5.500000e+01 -3.000000e+00
   endloop
 endfacet
 facet normal  0.000000e+00  0.000000e+00 -1.000000e+00
   outer loop
     vertex -6.984861e+01 -4.669325e+01 -3.000000e+00
     vertex -8.000000e+01 -5.500000e+01 -3.000000e+00
     vertex -6.989512e+01 -4.669676e+01 -3.000000e+00
   endloop
 endfacet
 facet normal  0.000000e+00  0.000000e+00 -1.000000e+00
   outer loop
     vertex -7.169217e+01 -4.483700e+01 -3.000000e+00
     vertex -7.169600e+01 -4.488348e+01 -3.000000e+00
     vertex -8.000000e+01 -5.500000e+01 -3.000000e+00
   endloop
 endfacet
 facet normal  0.000000e+00  0.000000e+00 -1.000000e+00
   outer loop
     vertex -6.980221e+01 -4.668846e+01 -3.000000e+00
     vertex -8.000000e+01 -5.500000e+01 -3.000000e+00
     vertex -6.984861e+01 -4.669325e+01 -3.000000e+00
   endloop
 endfacet
 facet normal  0.000000e+00  0.000000e+00 -1.000000e+00
   outer loop
     vertex -7.168706e+01 -4.479064e+01 -3.000000e+00
     vertex -7.169217e+01 -4.483700e+01 -3.000000e+00
     vertex -8.000000e+01 -5.500000e+01 -3.000000e+00
   endloop
 endfacet
 facet normal  0.000000e+00  0.000000e+00 -1.000000e+00
   outer loop
     vertex -6.975597e+01 -4.668239e+01 -3.000000e+00
     vertex -8.000000e+01 -5.500000e+01 -3.000000e+00
     vertex -6.980221e+01 -4.668846e+01 -3.000000e+00
   endloop
 endfacet
 facet normal  0.000000e+00  0.000000e+00 -1.000000e+00
   outer loop
     vertex -7.168068e+01 -4.474443e+01 -3.000000e+00
     vertex -7.168706e+01 -4.479064e+01 -3.000000e+00
     vertex -8.000000e+01 -5.500000e+01 -3.000000e+00
   endloop
 endfacet
 facet normal  0.000000e+00  0.000000e+00 -1.000000e+00
   outer loop
     vertex -6.970990e+01 -4.667507e+01 -3.000000e+00
     vertex -8.000000e+01 -5.500000e+01 -3.000000e+00
     vertex -6.975597e+01 -4.668239e+01 -3.000000e+00
   endloop
 endfacet
 facet normal  0.000000e+00  0.000000e+00 -1.000000e+00
   outer loop
     vertex -7.167304e+01 -4.469842e+01 -3.000000e+00
     vertex -7.168068e+01 -4.474443e+01 -3.000000e+00
     vertex -8.000000e+01 -5.500000e+01 -3.000000e+00
   endloop
 endfacet
 facet normal  0.000000e+00  0.000000e+00 -1.000000e+00
   outer loop
     vertex -6.966406e+01 -4.666648e+01 -3.000000e+00
     vertex -8.000000e+01 -5.500000e+01 -3.000000e+00
     vertex -6.970990e+01 -4.667507e+01 -3.000000e+00
   endloop
 endfacet
 facet normal  0.000000e+00  0.000000e+00 -1.000000e+00
   outer loop
     vertex -7.166413e+01 -4.465264e+01 -3.000000e+00
     vertex -7.167304e+01 -4.469842e+01 -3.000000e+00
     vertex -8.000000e+01 -5.500000e+01 -3.000000e+00
   endloop
 endfacet
 facet normal  0.000000e+00  0.000000e+00 -1.000000e+00
   outer loop
     vertex -6.961847e+01 -4.665663e+01 -3.000000e+00
     vertex -8.000000e+01 -5.500000e+01 -3.000000e+00
     vertex -6.966406e+01 -4.666648e+01 -3.000000e+00
   endloop
 endfacet
 facet normal  0.000000e+00  0.000000e+00 -1.000000e+00
   outer loop
     vertex -7.165398e+01 -4.460711e+01 -3.000000e+00
     vertex -7.166413e+01 -4.465264e+01 -3.000000e+00
     vertex -8.000000e+01 -5.500000e+01 -3.000000e+00
   endloop
 endfacet
 facet normal  0.000000e+00  0.000000e+00 -1.000000e+00
   outer loop
     vertex -6.957316e+01 -4.664554e+01 -3.000000e+00
     vertex -8.000000e+01 -5.500000e+01 -3.000000e+00
     vertex -6.961847e+01 -4.665663e+01 -3.000000e+00
   endloop
 endfacet
 facet normal  0.000000e+00  0.000000e+00 -1.000000e+00
   outer loop
     vertex -7.164258e+01 -4.456189e+01 -3.000000e+00
     vertex -7.165398e+01 -4.460711e+01 -3.000000e+00
     vertex -8.000000e+01 -5.500000e+01 -3.000000e+00
   endloop
 endfacet
 facet normal  0.000000e+00  0.000000e+00 -1.000000e+00
   outer loop
     vertex -6.952818e+01 -4.663321e+01 -3.000000e+00
     vertex -8.000000e+01 -5.500000e+01 -3.000000e+00
     vertex -6.957316e+01 -4.664554e+01 -3.000000e+00
   endloop
 endfacet
 facet normal  0.000000e+00  0.000000e+00 -1.000000e+00
   outer loop
     vertex -7.162994e+01 -4.451699e+01 -3.000000e+00
     vertex -7.164258e+01 -4.456189e+01 -3.000000e+00
     vertex -8.000000e+01 -5.500000e+01 -3.000000e+00
   endloop
 endfacet
 facet normal  0.000000e+00  0.000000e+00 -1.000000e+00
   outer loop
     vertex -6.948355e+01 -4.661965e+01 -3.000000e+00
     vertex -8.000000e+01 -5.500000e+01 -3.000000e+00
     vertex -6.952818e+01 -4.663321e+01 -3.000000e+00
   endloop
 endfacet
 facet normal  0.000000e+00  0.000000e+00 -1.000000e+00
   outer loop
     vertex -7.161607e+01 -4.447245e+01 -3.000000e+00
     vertex -7.162994e+01 -4.451699e+01 -3.000000e+00
     vertex -8.000000e+01 -5.500000e+01 -3.000000e+00
   endloop
 endfacet
 facet normal  0.000000e+00  0.000000e+00 -1.000000e+00
   outer loop
     vertex -6.943931e+01 -4.660488e+01 -3.000000e+00
     vertex -8.000000e+01 -5.500000e+01 -3.000000e+00
     vertex -6.948355e+01 -4.661965e+01 -3.000000e+00
   endloop
 endfacet
 facet normal  0.000000e+00  0.000000e+00 -1.000000e+00
   outer loop
     vertex -7.160099e+01 -4.442832e+01 -3.000000e+00
     vertex -7.161607e+01 -4.447245e+01 -3.000000e+00
     vertex -8.000000e+01 -5.500000e+01 -3.000000e+00
   endloop
 endfacet
 facet normal  0.000000e+00  0.000000e+00 -1.000000e+00
   outer loop
     vertex -6.939549e+01 -4.658889e+01 -3.000000e+00
     vertex -8.000000e+01 -5.500000e+01 -3.000000e+00
     vertex -6.943931e+01 -4.660488e+01 -3.000000e+00
   endloop
 endfacet
 facet normal  0.000000e+00  0.000000e+00 -1.000000e+00
   outer loop
     vertex -7.158471e+01 -4.438461e+01 -3.000000e+00
     vertex -7.160099e+01 -4.442832e+01 -3.000000e+00
     vertex -8.000000e+01 -5.500000e+01 -3.000000e+00
   endloop
 endfacet
 facet normal  0.000000e+00  0.000000e+00 -1.000000e+00
   outer loop
     vertex -6.935213e+01 -4.657171e+01 -3.000000e+00
     vertex -8.000000e+01 -5.500000e+01 -3.000000e+00
     vertex -6.939549e+01 -4.658889e+01 -3.000000e+00
   endloop
 endfacet
 facet normal  0.000000e+00  0.000000e+00 -1.000000e+00
   outer loop
     vertex -7.156723e+01 -4.434137e+01 -3.000000e+00
     vertex -7.158471e+01 -4.438461e+01 -3.000000e+00
     vertex -8.000000e+01 -5.500000e+01 -3.000000e+00
   endloop
 endfacet
 facet normal  0.000000e+00  0.000000e+00 -1.000000e+00
   outer loop
     vertex -6.930926e+01 -4.655334e+01 -3.000000e+00
     vertex -8.000000e+01 -5.500000e+01 -3.000000e+00
     vertex -6.935213e+01 -4.657171e+01 -3.000000e+00
   endloop
 endfacet
 facet normal  0.000000e+00  0.000000e+00 -1.000000e+00
   outer loop
     vertex -7.154857e+01 -4.429862e+01 -3.000000e+00
     vertex -7.156723e+01 -4.434137e+01 -3.000000e+00
     vertex -8.000000e+01 -5.500000e+01 -3.000000e+00
   endloop
 endfacet
 facet normal  0.000000e+00  0.000000e+00 -1.000000e+00
   outer loop
     vertex -6.926690e+01 -4.653381e+01 -3.000000e+00
     vertex -8.000000e+01 -5.500000e+01 -3.000000e+00
     vertex -6.930926e+01 -4.655334e+01 -3.000000e+00
   endloop
 endfacet
 facet normal  0.000000e+00  0.000000e+00 -1.000000e+00
   outer loop
     vertex -7.152874e+01 -4.425640e+01 -3.000000e+00
     vertex -7.154857e+01 -4.429862e+01 -3.000000e+00
     vertex -8.000000e+01 -5.500000e+01 -3.000000e+00
   endloop
 endfacet
 facet normal  0.000000e+00  0.000000e+00 -1.000000e+00
   outer loop
     vertex -6.922510e+01 -4.651312e+01 -3.000000e+00
     vertex -8.000000e+01 -5.500000e+01 -3.000000e+00
     vertex -6.926690e+01 -4.653381e+01 -3.000000e+00
   endloop
 endfacet
 facet normal  0.000000e+00  0.000000e+00 -1.000000e+00
   outer loop
     vertex -7.150777e+01 -4.421474e+01 -3.000000e+00
     vertex -7.152874e+01 -4.425640e+01 -3.000000e+00
     vertex -8.000000e+01 -5.500000e+01 -3.000000e+00
   endloop
 endfacet
 facet normal  0.000000e+00  0.000000e+00 -1.000000e+00
   outer loop
     vertex -6.918388e+01 -4.649129e+01 -3.000000e+00
     vertex -8.000000e+01 -5.500000e+01 -3.000000e+00
     vertex -6.922510e+01 -4.651312e+01 -3.000000e+00
   endloop
 endfacet
 facet normal  0.000000e+00  0.000000e+00 -1.000000e+00
   outer loop
     vertex -7.148566e+01 -4.417367e+01 -3.000000e+00
     vertex -7.150777e+01 -4.421474e+01 -3.000000e+00
     vertex -8.000000e+01 -5.500000e+01 -3.000000e+00
   endloop
 endfacet
 facet normal  0.000000e+00  0.000000e+00 -1.000000e+00
   outer loop
     vertex -6.914328e+01 -4.646834e+01 -3.000000e+00
     vertex -8.000000e+01 -5.500000e+01 -3.000000e+00
     vertex -6.918388e+01 -4.649129e+01 -3.000000e+00
   endloop
 endfacet
 facet normal  0.000000e+00  0.000000e+00 -1.000000e+00
   outer loop
     vertex -7.146243e+01 -4.413322e+01 -3.000000e+00
     vertex -7.148566e+01 -4.417367e+01 -3.000000e+00
     vertex -8.000000e+01 -5.500000e+01 -3.000000e+00
   endloop
 endfacet
 facet normal  0.000000e+00  0.000000e+00 -1.000000e+00
   outer loop
     vertex -6.910332e+01 -4.644428e+01 -3.000000e+00
     vertex -8.000000e+01 -5.500000e+01 -3.000000e+00
     vertex -6.914328e+01 -4.646834e+01 -3.000000e+00
   endloop
 endfacet
 facet normal  0.000000e+00  0.000000e+00 -1.000000e+00
   outer loop
     vertex -7.143810e+01 -4.409343e+01 -3.000000e+00
     vertex -7.146243e+01 -4.413322e+01 -3.000000e+00
     vertex -8.000000e+01 -5.500000e+01 -3.000000e+00
   endloop
 endfacet
 facet normal  0.000000e+00  0.000000e+00 -1.000000e+00
   outer loop
     vertex -6.906403e+01 -4.641914e+01 -3.000000e+00
     vertex -8.000000e+01 -5.500000e+01 -3.000000e+00
     vertex -6.910332e+01 -4.644428e+01 -3.000000e+00
   endloop
 endfacet
 facet normal  0.000000e+00  0.000000e+00 -1.000000e+00
   outer loop
     vertex -7.141269e+01 -4.405432e+01 -3.000000e+00
     vertex -7.143810e+01 -4.409343e+01 -3.000000e+00
     vertex -8.000000e+01 -5.500000e+01 -3.000000e+00
   endloop
 endfacet
 facet normal  0.000000e+00  0.000000e+00 -1.000000e+00
   outer loop
     vertex -6.902545e+01 -4.639293e+01 -3.000000e+00
     vertex -8.000000e+01 -5.500000e+01 -3.000000e+00
     vertex -6.906403e+01 -4.641914e+01 -3.000000e+00
   endloop
 endfacet
 facet normal  0.000000e+00 -0.000000e+00 -1.000000e+00
   outer loop
     vertex -7.120620e+01  4.380205e+01 -3.000000e+00
     vertex -7.120620e+01 -4.380205e+01 -3.000000e+00
     vertex -7.123861e+01 -4.383559e+01 -3.000000e+00
   endloop
 endfacet
 facet normal  0.000000e+00  0.000000e+00 -1.000000e+00
   outer loop
     vertex -7.117288e+01  4.376941e+01 -3.000000e+00
     vertex -7.117288e+01 -4.376941e+01 -3.000000e+00
     vertex -7.120620e+01 -4.380205e+01 -3.000000e+00
   endloop
 endfacet
 facet normal -0.000000e+00  0.000000e+00 -1.000000e+00
   outer loop
     vertex -7.117288e+01  4.376941e+01 -3.000000e+00
     vertex -7.120620e+01 -4.380205e+01 -3.000000e+00
     vertex -7.120620e+01  4.380205e+01 -3.000000e+00
   endloop
 endfacet
 facet normal  0.000000e+00 -0.000000e+00 -1.000000e+00
   outer loop
     vertex -7.123861e+01  4.383559e+01 -3.000000e+00
     vertex -7.120620e+01  4.380205e+01 -3.000000e+00
     vertex -7.123861e+01 -4.383559e+01 -3.000000e+00
   endloop
 endfacet
 facet normal -0.000000e+00  0.000000e+00 -1.000000e+00
   outer loop
     vertex -7.113868e+01  4.373769e+01 -3.000000e+00
     vertex -7.117288e+01 -4.376941e+01 -3.000000e+00
     vertex -7.117288e+01  4.376941e+01 -3.000000e+00
   endloop
 endfacet
 facet normal  0.000000e+00  0.000000e+00 -1.000000e+00
   outer loop
     vertex -7.113868e+01  4.373769e+01 -3.000000e+00
     vertex -7.113868e+01 -4.373769e+01 -3.000000e+00
     vertex -7.117288e+01 -4.376941e+01 -3.000000e+00
   endloop
 endfacet
 facet normal  0.000000e+00  0.000000e+00 -1.000000e+00
   outer loop
     vertex -7.127009e+01  4.387001e+01 -3.000000e+00
     vertex -7.123861e+01  4.383559e+01 -3.000000e+00
     vertex -7.123861e+01 -4.383559e+01 -3.000000e+00
   endloop
 endfacet
 facet normal  0.000000e+00 -0.000000e+00 -1.000000e+00
   outer loop
     vertex -7.127009e+01  4.387001e+01 -3.000000e+00
     vertex -7.123861e+01 -4.383559e+01 -3.000000e+00
     vertex -7.127009e+01 -4.387001e+01 -3.000000e+00
   endloop
 endfacet
 facet normal -0.000000e+00  0.000000e+00 -1.000000e+00
   outer loop
     vertex -7.110362e+01  4.370693e+01 -3.000000e+00
     vertex -7.113868e+01 -4.373769e+01 -3.000000e+00
     vertex -7.113868e+01  4.373769e+01 -3.000000e+00
   endloop
 endfacet
 facet normal  0.000000e+00 -0.000000e+00 -1.000000e+00
   outer loop
     vertex -7.110362e+01  4.370693e+01 -3.000000e+00
     vertex -7.110362e+01 -4.370693e+01 -3.000000e+00
     vertex -7.113868e+01 -4.373769e+01 -3.000000e+00
   endloop
 endfacet
 facet normal  0.000000e+00  0.000000e+00 -1.000000e+00
   outer loop
     vertex -7.130061e+01  4.390528e+01 -3.000000e+00
     vertex -7.127009e+01  4.387001e+01 -3.000000e+00
     vertex -7.127009e+01 -4.387001e+01 -3.000000e+00
   endloop
 endfacet
 facet normal  0.000000e+00 -0.000000e+00 -1.000000e+00
   outer loop
     vertex -7.130061e+01  4.390528e+01 -3.000000e+00
     vertex -7.127009e+01 -4.387001e+01 -3.000000e+00
     vertex -7.130061e+01 -4.390528e+01 -3.000000e+00
   endloop
 endfacet
 facet normal -0.000000e+00  0.000000e+00 -1.000000e+00
   outer loop
     vertex -7.106773e+01  4.367714e+01 -3.000000e+00
     vertex -7.110362e+01 -4.370693e+01 -3.000000e+00
     vertex -7.110362e+01  4.370693e+01 -3.000000e+00
   endloop
 endfacet
 facet normal  0.000000e+00  0.000000e+00 -1.000000e+00
   outer loop
     vertex -7.106773e+01  4.367714e+01 -3.000000e+00
     vertex -7.106773e+01 -4.367714e+01 -3.000000e+00
     vertex -7.110362e+01 -4.370693e+01 -3.000000e+00
   endloop
 endfacet
 facet normal  0.000000e+00  0.000000e+00 -1.000000e+00
   outer loop
     vertex -7.133015e+01  4.394137e+01 -3.000000e+00
     vertex -7.130061e+01  4.390528e+01 -3.000000e+00
     vertex -7.130061e+01 -4.390528e+01 -3.000000e+00
   endloop
 endfacet
 facet normal  0.000000e+00  0.000000e+00 -1.000000e+00
   outer loop
     vertex -7.133015e+01  4.394137e+01 -3.000000e+00
     vertex -7.130061e+01 -4.390528e+01 -3.000000e+00
     vertex -7.133015e+01 -4.394137e+01 -3.000000e+00
   endloop
 endfacet
 facet normal  0.000000e+00  0.000000e+00 -1.000000e+00
   outer loop
     vertex -7.103104e+01  4.364835e+01 -3.000000e+00
     vertex -7.103104e+01 -4.364835e+01 -3.000000e+00
     vertex -7.106773e+01 -4.367714e+01 -3.000000e+00
   endloop
 endfacet
 facet normal -0.000000e+00  0.000000e+00 -1.000000e+00
   outer loop
     vertex -7.103104e+01  4.364835e+01 -3.000000e+00
     vertex -7.106773e+01 -4.367714e+01 -3.000000e+00
     vertex -7.106773e+01  4.367714e+01 -3.000000e+00
   endloop
 endfacet
 facet normal  0.000000e+00  0.000000e+00 -1.000000e+00
   outer loop
     vertex -7.135869e+01  4.397826e+01 -3.000000e+00
     vertex -7.133015e+01  4.394137e+01 -3.000000e+00
     vertex -7.133015e+01 -4.394137e+01 -3.000000e+00
   endloop
 endfacet
 facet normal  0.000000e+00  0.000000e+00 -1.000000e+00
   outer loop
     vertex -7.135869e+01  4.397826e+01 -3.000000e+00
     vertex -7.133015e+01 -4.394137e+01 -3.000000e+00
     vertex -7.135869e+01 -4.397826e+01 -3.000000e+00
   endloop
 endfacet
 facet normal  0.000000e+00 -0.000000e+00 -1.000000e+00
   outer loop
     vertex -7.099357e+01  4.362057e+01 -3.000000e+00
     vertex -7.095535e+01 -4.359383e+01 -3.000000e+00
     vertex -7.099357e+01 -4.362057e+01 -3.000000e+00
   endloop
 endfacet
 facet normal  0.000000e+00  0.000000e+00 -1.000000e+00
   outer loop
     vertex -7.099357e+01  4.362057e+01 -3.000000e+00
     vertex -7.099357e+01 -4.362057e+01 -3.000000e+00
     vertex -7.103104e+01 -4.364835e+01 -3.000000e+00
   endloop
 endfacet
 facet normal -0.000000e+00  0.000000e+00 -1.000000e+00
   outer loop
     vertex -7.099357e+01  4.362057e+01 -3.000000e+00
     vertex -7.103104e+01 -4.364835e+01 -3.000000e+00
     vertex -7.103104e+01  4.364835e+01 -3.000000e+00
   endloop
 endfacet
 facet normal  0.000000e+00  0.000000e+00 -1.000000e+00
   outer loop
     vertex -7.138621e+01  4.401592e+01 -3.000000e+00
     vertex -7.135869e+01  4.397826e+01 -3.000000e+00
     vertex -7.135869e+01 -4.397826e+01 -3.000000e+00
   endloop
 endfacet
 facet normal  0.000000e+00 -0.000000e+00 -1.000000e+00
   outer loop
     vertex -7.138621e+01  4.401592e+01 -3.000000e+00
     vertex -7.135869e+01 -4.397826e+01 -3.000000e+00
     vertex -7.138621e+01 -4.401592e+01 -3.000000e+00
   endloop
 endfacet
 facet normal -0.000000e+00  0.000000e+00 -1.000000e+00
   outer loop
     vertex -7.095535e+01  4.359383e+01 -3.000000e+00
     vertex -7.095535e+01 -4.359383e+01 -3.000000e+00
     vertex -7.099357e+01  4.362057e+01 -3.000000e+00
   endloop
 endfacet
 facet normal  0.000000e+00 -0.000000e+00 -1.000000e+00
   outer loop
     vertex -7.141269e+01  4.405432e+01 -3.000000e+00
     vertex -7.138621e+01 -4.401592e+01 -3.000000e+00
     vertex -7.141269e+01 -4.405432e+01 -3.000000e+00
   endloop
 endfacet
 facet normal  0.000000e+00  0.000000e+00 -1.000000e+00
   outer loop
     vertex -7.141269e+01  4.405432e+01 -3.000000e+00
     vertex -7.138621e+01  4.401592e+01 -3.000000e+00
     vertex -7.138621e+01 -4.401592e+01 -3.000000e+00
   endloop
 endfacet
 facet normal -0.000000e+00  0.000000e+00 -1.000000e+00
   outer loop
     vertex -7.091641e+01  4.356815e+01 -3.000000e+00
     vertex -7.095535e+01 -4.359383e+01 -3.000000e+00
     vertex -7.095535e+01  4.359383e+01 -3.000000e+00
   endloop
 endfacet
 facet normal  0.000000e+00 -0.000000e+00 -1.000000e+00
   outer loop
     vertex -7.091641e+01  4.356815e+01 -3.000000e+00
     vertex -7.091641e+01 -4.356815e+01 -3.000000e+00
     vertex -7.095535e+01 -4.359383e+01 -3.000000e+00
   endloop
 endfacet
 facet normal -0.000000e+00  0.000000e+00 -1.000000e+00
   outer loop
     vertex -7.087679e+01  4.354355e+01 -3.000000e+00
     vertex -7.091641e+01 -4.356815e+01 -3.000000e+00
     vertex -7.091641e+01  4.356815e+01 -3.000000e+00
   endloop
 endfacet
 facet normal  0.000000e+00 -0.000000e+00 -1.000000e+00
   outer loop
     vertex -7.087679e+01  4.354355e+01 -3.000000e+00
     vertex -7.087679e+01 -4.354355e+01 -3.000000e+00
     vertex -7.091641e+01 -4.356815e+01 -3.000000e+00
   endloop
 endfacet
 facet normal -0.000000e+00  0.000000e+00 -1.000000e+00
   outer loop
     vertex -7.083650e+01  4.352004e+01 -3.000000e+00
     vertex -7.087679e+01 -4.354355e+01 -3.000000e+00
     vertex -7.087679e+01  4.354355e+01 -3.000000e+00
   endloop
 endfacet
 facet normal  0.000000e+00  0.000000e+00 -1.000000e+00
   outer loop
     vertex -7.083650e+01  4.352004e+01 -3.000000e+00
     vertex -7.083650e+01 -4.352004e+01 -3.000000e+00
     vertex -7.087679e+01 -4.354355e+01 -3.000000e+00
   endloop
 endfacet
 facet normal -0.000000e+00  0.000000e+00 -1.000000e+00
   outer loop
     vertex -7.079558e+01  4.349765e+01 -3.000000e+00
     vertex -7.083650e+01 -4.352004e+01 -3.000000e+00
     vertex -7.083650e+01  4.352004e+01 -3.000000e+00
   endloop
 endfacet
 facet normal  0.000000e+00  0.000000e+00 -1.000000e+00
   outer loop
     vertex -7.079558e+01  4.349765e+01 -3.000000e+00
     vertex -7.079558e+01 -4.349765e+01 -3.000000e+00
     vertex -7.083650e+01 -4.352004e+01 -3.000000e+00
   endloop
 endfacet
 facet normal -0.000000e+00  0.000000e+00 -1.000000e+00
   outer loop
     vertex -7.075407e+01  4.347639e+01 -3.000000e+00
     vertex -7.079558e+01 -4.349765e+01 -3.000000e+00
     vertex -7.079558e+01  4.349765e+01 -3.000000e+00
   endloop
 endfacet
 facet normal  0.000000e+00  0.000000e+00 -1.000000e+00
   outer loop
     vertex -7.075407e+01  4.347639e+01 -3.000000e+00
     vertex -7.075407e+01 -4.347639e+01 -3.000000e+00
     vertex -7.079558e+01 -4.349765e+01 -3.000000e+00
   endloop
 endfacet
 facet normal -0.000000e+00  0.000000e+00 -1.000000e+00
   outer loop
     vertex -7.071199e+01  4.345628e+01 -3.000000e+00
     vertex -7.075407e+01 -4.347639e+01 -3.000000e+00
     vertex -7.075407e+01  4.347639e+01 -3.000000e+00
   endloop
 endfacet
 facet normal  0.000000e+00 -0.000000e+00 -1.000000e+00
   outer loop
     vertex -7.071199e+01  4.345628e+01 -3.000000e+00
     vertex -7.071199e+01 -4.345628e+01 -3.000000e+00
     vertex -7.075407e+01 -4.347639e+01 -3.000000e+00
   endloop
 endfacet
 facet normal -0.000000e+00  0.000000e+00 -1.000000e+00
   outer loop
     vertex -7.066937e+01  4.343733e+01 -3.000000e+00
     vertex -7.071199e+01 -4.345628e+01 -3.000000e+00
     vertex -7.071199e+01  4.345628e+01 -3.000000e+00
   endloop
 endfacet
 facet normal  0.000000e+00  0.000000e+00 -1.000000e+00
   outer loop
     vertex -7.066937e+01  4.343733e+01 -3.000000e+00
     vertex -7.066937e+01 -4.343733e+01 -3.000000e+00
     vertex -7.071199e+01 -4.345628e+01 -3.000000e+00
   endloop
 endfacet
 facet normal -0.000000e+00  0.000000e+00 -1.000000e+00
   outer loop
     vertex -7.062625e+01  4.341955e+01 -3.000000e+00
     vertex -7.066937e+01 -4.343733e+01 -3.000000e+00
     vertex -7.066937e+01  4.343733e+01 -3.000000e+00
   endloop
 endfacet
 facet normal  0.000000e+00  0.000000e+00 -1.000000e+00
   outer loop
     vertex -7.062625e+01  4.341955e+01 -3.000000e+00
     vertex -7.062625e+01 -4.341955e+01 -3.000000e+00
     vertex -7.066937e+01 -4.343733e+01 -3.000000e+00
   endloop
 endfacet
 facet normal -0.000000e+00  0.000000e+00 -1.000000e+00
   outer loop
     vertex -7.058265e+01  4.340297e+01 -3.000000e+00
     vertex -7.062625e+01 -4.341955e+01 -3.000000e+00
     vertex -7.062625e+01  4.341955e+01 -3.000000e+00
   endloop
 endfacet
 facet normal  0.000000e+00  0.000000e+00 -1.000000e+00
   outer loop
     vertex -7.058265e+01  4.340297e+01 -3.000000e+00
     vertex -7.058265e+01 -4.340297e+01 -3.000000e+00
     vertex -7.062625e+01 -4.341955e+01 -3.000000e+00
   endloop
 endfacet
 facet normal -0.000000e+00  0.000000e+00 -1.000000e+00
   outer loop
     vertex -7.053862e+01  4.338758e+01 -3.000000e+00
     vertex -7.058265e+01 -4.340297e+01 -3.000000e+00
     vertex -7.058265e+01  4.340297e+01 -3.000000e+00
   endloop
 endfacet
 facet normal  0.000000e+00 -0.000000e+00 -1.000000e+00
   outer loop
     vertex -7.053862e+01  4.338758e+01 -3.000000e+00
     vertex -7.053862e+01 -4.338758e+01 -3.000000e+00
     vertex -7.058265e+01 -4.340297e+01 -3.000000e+00
   endloop
 endfacet
 facet normal -0.000000e+00  0.000000e+00 -1.000000e+00
   outer loop
     vertex -7.049418e+01  4.337341e+01 -3.000000e+00
     vertex -7.053862e+01 -4.338758e+01 -3.000000e+00
     vertex -7.053862e+01  4.338758e+01 -3.000000e+00
   endloop
 endfacet
 facet normal  0.000000e+00  0.000000e+00 -1.000000e+00
   outer loop
     vertex -7.049418e+01  4.337341e+01 -3.000000e+00
     vertex -7.049418e+01 -4.337341e+01 -3.000000e+00
     vertex -7.053862e+01 -4.338758e+01 -3.000000e+00
   endloop
 endfacet
 facet normal -0.000000e+00  0.000000e+00 -1.000000e+00
   outer loop
     vertex -7.044937e+01  4.336047e+01 -3.000000e+00
     vertex -7.049418e+01 -4.337341e+01 -3.000000e+00
     vertex -7.049418e+01  4.337341e+01 -3.000000e+00
   endloop
 endfacet
 facet normal  0.000000e+00  0.000000e+00 -1.000000e+00
   outer loop
     vertex -7.044937e+01  4.336047e+01 -3.000000e+00
     vertex -7.044937e+01 -4.336047e+01 -3.000000e+00
     vertex -7.049418e+01 -4.337341e+01 -3.000000e+00
   endloop
 endfacet
 facet normal -0.000000e+00  0.000000e+00 -1.000000e+00
   outer loop
     vertex -7.040422e+01  4.334876e+01 -3.000000e+00
     vertex -7.044937e+01 -4.336047e+01 -3.000000e+00
     vertex -7.044937e+01  4.336047e+01 -3.000000e+00
   endloop
 endfacet
 facet normal  0.000000e+00  0.000000e+00 -1.000000e+00
   outer loop
     vertex -7.040422e+01  4.334876e+01 -3.000000e+00
     vertex -7.040422e+01 -4.334876e+01 -3.000000e+00
     vertex -7.044937e+01 -4.336047e+01 -3.000000e+00
   endloop
 endfacet
 facet normal -0.000000e+00  0.000000e+00 -1.000000e+00
   outer loop
     vertex -7.035877e+01  4.333829e+01 -3.000000e+00
     vertex -7.040422e+01 -4.334876e+01 -3.000000e+00
     vertex -7.040422e+01  4.334876e+01 -3.000000e+00
   endloop
 endfacet
 facet normal  0.000000e+00  0.000000e+00 -1.000000e+00
   outer loop
     vertex -7.035877e+01  4.333829e+01 -3.000000e+00
     vertex -7.035877e+01 -4.333829e+01 -3.000000e+00
     vertex -7.040422e+01 -4.334876e+01 -3.000000e+00
   endloop
 endfacet
 facet normal -0.000000e+00  0.000000e+00 -1.000000e+00
   outer loop
     vertex -7.031305e+01  4.332907e+01 -3.000000e+00
     vertex -7.035877e+01 -4.333829e+01 -3.000000e+00
     vertex -7.035877e+01  4.333829e+01 -3.000000e+00
   endloop
 endfacet
 facet normal  0.000000e+00  0.000000e+00 -1.000000e+00
   outer loop
     vertex -7.031305e+01  4.332907e+01 -3.000000e+00
     vertex -7.031305e+01 -4.332907e+01 -3.000000e+00
     vertex -7.035877e+01 -4.333829e+01 -3.000000e+00
   endloop
 endfacet
 facet normal -0.000000e+00  0.000000e+00 -1.000000e+00
   outer loop
     vertex -7.026709e+01  4.332111e+01 -3.000000e+00
     vertex -7.031305e+01 -4.332907e+01 -3.000000e+00
     vertex -7.031305e+01  4.332907e+01 -3.000000e+00
   endloop
 endfacet
 facet normal  0.000000e+00 -0.000000e+00 -1.000000e+00
   outer loop
     vertex -7.026709e+01  4.332111e+01 -3.000000e+00
     vertex -7.022093e+01 -4.331442e+01 -3.000000e+00
     vertex -7.026709e+01 -4.332111e+01 -3.000000e+00
   endloop
 endfacet
 facet normal  0.000000e+00  0.000000e+00 -1.000000e+00
   outer loop
     vertex -7.026709e+01  4.332111e+01 -3.000000e+00
     vertex -7.026709e+01 -4.332111e+01 -3.000000e+00
     vertex -7.031305e+01 -4.332907e+01 -3.000000e+00
   endloop
 endfacet
 facet normal -0.000000e+00  0.000000e+00 -1.000000e+00
   outer loop
     vertex -7.022093e+01  4.331442e+01 -3.000000e+00
     vertex -7.022093e+01 -4.331442e+01 -3.000000e+00
     vertex -7.026709e+01  4.332111e+01 -3.000000e+00
   endloop
 endfacet
 facet normal -0.000000e+00  0.000000e+00 -1.000000e+00
   outer loop
     vertex -7.017461e+01  4.330899e+01 -3.000000e+00
     vertex -7.022093e+01 -4.331442e+01 -3.000000e+00
     vertex -7.022093e+01  4.331442e+01 -3.000000e+00
   endloop
 endfacet
 facet normal  0.000000e+00  0.000000e+00 -1.000000e+00
   outer loop
     vertex -7.017461e+01  4.330899e+01 -3.000000e+00
     vertex -7.017461e+01 -4.330899e+01 -3.000000e+00
     vertex -7.022093e+01 -4.331442e+01 -3.000000e+00
   endloop
 endfacet
 facet normal -0.000000e+00  0.000000e+00 -1.000000e+00
   outer loop
     vertex -7.012815e+01  4.330484e+01 -3.000000e+00
     vertex -7.017461e+01 -4.330899e+01 -3.000000e+00
     vertex -7.017461e+01  4.330899e+01 -3.000000e+00
   endloop
 endfacet
 facet normal  0.000000e+00  0.000000e+00 -1.000000e+00
   outer loop
     vertex -7.012815e+01  4.330484e+01 -3.000000e+00
     vertex -7.012815e+01 -4.330484e+01 -3.000000e+00
     vertex -7.017461e+01 -4.330899e+01 -3.000000e+00
   endloop
 endfacet
 facet normal  0.000000e+00  0.000000e+00 -1.000000e+00
   outer loop
     vertex -7.008160e+01  4.330196e+01 -3.000000e+00
     vertex -7.008160e+01 -4.330196e+01 -3.000000e+00
     vertex -7.012815e+01 -4.330484e+01 -3.000000e+00
   endloop
 endfacet
 facet normal -0.000000e+00  0.000000e+00 -1.000000e+00
   outer loop
     vertex -7.008160e+01  4.330196e+01 -3.000000e+00
     vertex -7.012815e+01 -4.330484e+01 -3.000000e+00
     vertex -7.012815e+01  4.330484e+01 -3.000000e+00
   endloop
 endfacet
 facet normal -0.000000e+00  0.000000e+00 -1.000000e+00
   outer loop
     vertex -7.003498e+01  4.330036e+01 -3.000000e+00
     vertex -7.008160e+01 -4.330196e+01 -3.000000e+00
     vertex -7.008160e+01  4.330196e+01 -3.000000e+00
   endloop
 endfacet
 facet normal  0.000000e+00  0.000000e+00 -1.000000e+00
   outer loop
     vertex -7.003498e+01  4.330036e+01 -3.000000e+00
     vertex -7.003498e+01 -4.330036e+01 -3.000000e+00
     vertex -7.008160e+01 -4.330196e+01 -3.000000e+00
   endloop
 endfacet
 facet normal -0.000000e+00  0.000000e+00 -1.000000e+00
   outer loop
     vertex -6.998834e+01  4.330004e+01 -3.000000e+00
     vertex -7.003498e+01 -4.330036e+01 -3.000000e+00
     vertex -7.003498e+01  4.330036e+01 -3.000000e+00
   endloop
 endfacet
 facet normal  0.000000e+00 -0.000000e+00 -1.000000e+00
   outer loop
     vertex -6.998834e+01  4.330004e+01 -3.000000e+00
     vertex -6.998834e+01 -4.330004e+01 -3.000000e+00
     vertex -7.003498e+01 -4.330036e+01 -3.000000e+00
   endloop
 endfacet
 facet normal  0.000000e+00  0.000000e+00 -1.000000e+00
   outer loop
     vertex -6.994171e+01  4.330100e+01 -3.000000e+00
     vertex -6.989512e+01 -4.330324e+01 -3.000000e+00
     vertex -6.994171e+01 -4.330100e+01 -3.000000e+00
   endloop
 endfacet
 facet normal  0.000000e+00 -0.000000e+00 -1.000000e+00
   outer loop
     vertex -6.994171e+01  4.330100e+01 -3.000000e+00
     vertex -6.994171e+01 -4.330100e+01 -3.000000e+00
     vertex -6.998834e+01 -4.330004e+01 -3.000000e+00
   endloop
 endfacet
 facet normal  0.000000e+00  0.000000e+00 -1.000000e+00
   outer loop
     vertex -6.994171e+01  4.330100e+01 -3.000000e+00
     vertex -6.998834e+01 -4.330004e+01 -3.000000e+00
     vertex -6.998834e+01  4.330004e+01 -3.000000e+00
   endloop
 endfacet
 facet normal  0.000000e+00 -0.000000e+00 -1.000000e+00
   outer loop
     vertex -6.989512e+01  4.330324e+01 -3.000000e+00
     vertex -6.984861e+01 -4.330675e+01 -3.000000e+00
     vertex -6.989512e+01 -4.330324e+01 -3.000000e+00
   endloop
 endfacet
 facet normal  0.000000e+00  0.000000e+00 -1.000000e+00
   outer loop
     vertex -6.989512e+01  4.330324e+01 -3.000000e+00
     vertex -6.989512e+01 -4.330324e+01 -3.000000e+00
     vertex -6.994171e+01  4.330100e+01 -3.000000e+00
   endloop
 endfacet
 facet normal  0.000000e+00  0.000000e+00 -1.000000e+00
   outer loop
     vertex -6.984861e+01  4.330675e+01 -3.000000e+00
     vertex -6.984861e+01 -4.330675e+01 -3.000000e+00
     vertex -6.989512e+01  4.330324e+01 -3.000000e+00
   endloop
 endfacet
 facet normal  0.000000e+00  0.000000e+00 -1.000000e+00
   outer loop
     vertex -6.980221e+01  4.331154e+01 -3.000000e+00
     vertex -6.980221e+01 -4.331154e+01 -3.000000e+00
     vertex -6.984861e+01 -4.330675e+01 -3.000000e+00
   endloop
 endfacet
 facet normal  0.000000e+00  0.000000e+00 -1.000000e+00
   outer loop
     vertex -6.980221e+01  4.331154e+01 -3.000000e+00
     vertex -6.984861e+01 -4.330675e+01 -3.000000e+00
     vertex -6.984861e+01  4.330675e+01 -3.000000e+00
   endloop
 endfacet
 facet normal  0.000000e+00  0.000000e+00 -1.000000e+00
   outer loop
     vertex -6.975597e+01  4.331761e+01 -3.000000e+00
     vertex -6.980221e+01 -4.331154e+01 -3.000000e+00
     vertex -6.980221e+01  4.331154e+01 -3.000000e+00
   endloop
 endfacet
 facet normal  0.000000e+00  0.000000e+00 -1.000000e+00
   outer loop
     vertex -6.975597e+01  4.331761e+01 -3.000000e+00
     vertex -6.975597e+01 -4.331761e+01 -3.000000e+00
     vertex -6.980221e+01 -4.331154e+01 -3.000000e+00
   endloop
 endfacet
 facet normal  0.000000e+00  0.000000e+00 -1.000000e+00
   outer loop
     vertex -6.970990e+01  4.332493e+01 -3.000000e+00
     vertex -6.975597e+01 -4.331761e+01 -3.000000e+00
     vertex -6.975597e+01  4.331761e+01 -3.000000e+00
   endloop
 endfacet
 facet normal  0.000000e+00 -0.000000e+00 -1.000000e+00
   outer loop
     vertex -6.970990e+01  4.332493e+01 -3.000000e+00
     vertex -6.966406e+01 -4.333352e+01 -3.000000e+00
     vertex -6.970990e+01 -4.332493e+01 -3.000000e+00
   endloop
 endfacet
 facet normal  0.000000e+00  0.000000e+00 -1.000000e+00
   outer loop
     vertex -6.970990e+01  4.332493e+01 -3.000000e+00
     vertex -6.970990e+01 -4.332493e+01 -3.000000e+00
     vertex -6.975597e+01 -4.331761e+01 -3.000000e+00
   endloop
 endfacet
 facet normal  0.000000e+00  0.000000e+00 -1.000000e+00
   outer loop
     vertex -6.966406e+01  4.333352e+01 -3.000000e+00
     vertex -6.966406e+01 -4.333352e+01 -3.000000e+00
     vertex -6.970990e+01  4.332493e+01 -3.000000e+00
   endloop
 endfacet
 facet normal  0.000000e+00  0.000000e+00 -1.000000e+00
   outer loop
     vertex -6.961847e+01  4.334337e+01 -3.000000e+00
     vertex -6.966406e+01 -4.333352e+01 -3.000000e+00
     vertex -6.966406e+01  4.333352e+01 -3.000000e+00
   endloop
 endfacet
 facet normal  0.000000e+00 -0.000000e+00 -1.000000e+00
   outer loop
     vertex -6.961847e+01  4.334337e+01 -3.000000e+00
     vertex -6.957316e+01 -4.335446e+01 -3.000000e+00
     vertex -6.961847e+01 -4.334337e+01 -3.000000e+00
   endloop
 endfacet
 facet normal  0.000000e+00  0.000000e+00 -1.000000e+00
   outer loop
     vertex -6.961847e+01  4.334337e+01 -3.000000e+00
     vertex -6.961847e+01 -4.334337e+01 -3.000000e+00
     vertex -6.966406e+01 -4.333352e+01 -3.000000e+00
   endloop
 endfacet
 facet normal  0.000000e+00 -0.000000e+00 -1.000000e+00
   outer loop
     vertex -6.957316e+01  4.335446e+01 -3.000000e+00
     vertex -6.957316e+01 -4.335446e+01 -3.000000e+00
     vertex -6.961847e+01  4.334337e+01 -3.000000e+00
   endloop
 endfacet
 facet normal  0.000000e+00  0.000000e+00 -1.000000e+00
   outer loop
     vertex -6.952818e+01  4.336679e+01 -3.000000e+00
     vertex -6.952818e+01 -4.336679e+01 -3.000000e+00
     vertex -6.957316e+01 -4.335446e+01 -3.000000e+00
   endloop
 endfacet
 facet normal  0.000000e+00  0.000000e+00 -1.000000e+00
   outer loop
     vertex -6.952818e+01  4.336679e+01 -3.000000e+00
     vertex -6.957316e+01 -4.335446e+01 -3.000000e+00
     vertex -6.957316e+01  4.335446e+01 -3.000000e+00
   endloop
 endfacet
 facet normal  0.000000e+00  0.000000e+00 -1.000000e+00
   outer loop
     vertex -6.948355e+01  4.338035e+01 -3.000000e+00
     vertex -6.952818e+01 -4.336679e+01 -3.000000e+00
     vertex -6.952818e+01  4.336679e+01 -3.000000e+00
   endloop
 endfacet
 facet normal  0.000000e+00 -0.000000e+00 -1.000000e+00
   outer loop
     vertex -6.948355e+01  4.338035e+01 -3.000000e+00
     vertex -6.948355e+01 -4.338035e+01 -3.000000e+00
     vertex -6.952818e+01 -4.336679e+01 -3.000000e+00
   endloop
 endfacet
 facet normal  0.000000e+00  0.000000e+00 -1.000000e+00
   outer loop
     vertex -6.943931e+01  4.339512e+01 -3.000000e+00
     vertex -6.948355e+01 -4.338035e+01 -3.000000e+00
     vertex -6.948355e+01  4.338035e+01 -3.000000e+00
   endloop
 endfacet
 facet normal  0.000000e+00  0.000000e+00 -1.000000e+00
   outer loop
     vertex -6.943931e+01  4.339512e+01 -3.000000e+00
     vertex -6.943931e+01 -4.339512e+01 -3.000000e+00
     vertex -6.948355e+01 -4.338035e+01 -3.000000e+00
   endloop
 endfacet
 facet normal  0.000000e+00  0.000000e+00 -1.000000e+00
   outer loop
     vertex -6.939549e+01  4.341111e+01 -3.000000e+00
     vertex -6.943931e+01 -4.339512e+01 -3.000000e+00
     vertex -6.943931e+01  4.339512e+01 -3.000000e+00
   endloop
 endfacet
 facet normal  0.000000e+00  0.000000e+00 -1.000000e+00
   outer loop
     vertex -6.939549e+01  4.341111e+01 -3.000000e+00
     vertex -6.939549e+01 -4.341111e+01 -3.000000e+00
     vertex -6.943931e+01 -4.339512e+01 -3.000000e+00
   endloop
 endfacet
 facet normal  0.000000e+00  0.000000e+00 -1.000000e+00
   outer loop
     vertex -6.935213e+01  4.342829e+01 -3.000000e+00
     vertex -6.939549e+01 -4.341111e+01 -3.000000e+00
     vertex -6.939549e+01  4.341111e+01 -3.000000e+00
   endloop
 endfacet
 facet normal  0.000000e+00  0.000000e+00 -1.000000e+00
   outer loop
     vertex -6.935213e+01  4.342829e+01 -3.000000e+00
     vertex -6.935213e+01 -4.342829e+01 -3.000000e+00
     vertex -6.939549e+01 -4.341111e+01 -3.000000e+00
   endloop
 endfacet
 facet normal  0.000000e+00  0.000000e+00 -1.000000e+00
   outer loop
     vertex -6.930926e+01  4.344666e+01 -3.000000e+00
     vertex -6.935213e+01 -4.342829e+01 -3.000000e+00
     vertex -6.935213e+01  4.342829e+01 -3.000000e+00
   endloop
 endfacet
 facet normal  0.000000e+00  0.000000e+00 -1.000000e+00
   outer loop
     vertex -6.930926e+01  4.344666e+01 -3.000000e+00
     vertex -6.930926e+01 -4.344666e+01 -3.000000e+00
     vertex -6.935213e+01 -4.342829e+01 -3.000000e+00
   endloop
 endfacet
 facet normal  0.000000e+00  0.000000e+00 -1.000000e+00
   outer loop
     vertex -6.926690e+01  4.346619e+01 -3.000000e+00
     vertex -6.926690e+01 -4.346619e+01 -3.000000e+00
     vertex -6.930926e+01 -4.344666e+01 -3.000000e+00
   endloop
 endfacet
 facet normal  0.000000e+00  0.000000e+00 -1.000000e+00
   outer loop
     vertex -6.926690e+01  4.346619e+01 -3.000000e+00
     vertex -6.930926e+01 -4.344666e+01 -3.000000e+00
     vertex -6.930926e+01  4.344666e+01 -3.000000e+00
   endloop
 endfacet
 facet normal  0.000000e+00  0.000000e+00 -1.000000e+00
   outer loop
     vertex -6.922510e+01  4.348688e+01 -3.000000e+00
     vertex -6.922510e+01 -4.348688e+01 -3.000000e+00
     vertex -6.926690e+01 -4.346619e+01 -3.000000e+00
   endloop
 endfacet
 facet normal  0.000000e+00  0.000000e+00 -1.000000e+00
   outer loop
     vertex -6.922510e+01  4.348688e+01 -3.000000e+00
     vertex -6.926690e+01 -4.346619e+01 -3.000000e+00
     vertex -6.926690e+01  4.346619e+01 -3.000000e+00
   endloop
 endfacet
 facet normal  0.000000e+00  0.000000e+00 -1.000000e+00
   outer loop
     vertex -6.918388e+01  4.350871e+01 -3.000000e+00
     vertex -6.918388e+01 -4.350871e+01 -3.000000e+00
     vertex -6.922510e+01 -4.348688e+01 -3.000000e+00
   endloop
 endfacet
 facet normal  0.000000e+00  0.000000e+00 -1.000000e+00
   outer loop
     vertex -6.918388e+01  4.350871e+01 -3.000000e+00
     vertex -6.922510e+01 -4.348688e+01 -3.000000e+00
     vertex -6.922510e+01  4.348688e+01 -3.000000e+00
   endloop
 endfacet
 facet normal  0.000000e+00  0.000000e+00 -1.000000e+00
   outer loop
     vertex -6.914328e+01  4.353166e+01 -3.000000e+00
     vertex -6.918388e+01 -4.350871e+01 -3.000000e+00
     vertex -6.918388e+01  4.350871e+01 -3.000000e+00
   endloop
 endfacet
 facet normal  0.000000e+00 -0.000000e+00 -1.000000e+00
   outer loop
     vertex -6.914328e+01  4.353166e+01 -3.000000e+00
     vertex -6.914328e+01 -4.353166e+01 -3.000000e+00
     vertex -6.918388e+01 -4.350871e+01 -3.000000e+00
   endloop
 endfacet
 facet normal  0.000000e+00  0.000000e+00 -1.000000e+00
   outer loop
     vertex -6.910332e+01  4.355572e+01 -3.000000e+00
     vertex -6.914328e+01 -4.353166e+01 -3.000000e+00
     vertex -6.914328e+01  4.353166e+01 -3.000000e+00
   endloop
 endfacet
 facet normal  0.000000e+00 -0.000000e+00 -1.000000e+00
   outer loop
     vertex -6.910332e+01  4.355572e+01 -3.000000e+00
     vertex -6.906403e+01 -4.358086e+01 -3.000000e+00
     vertex -6.910332e+01 -4.355572e+01 -3.000000e+00
   endloop
 endfacet
 facet normal  0.000000e+00  0.000000e+00 -1.000000e+00
   outer loop
     vertex -6.910332e+01  4.355572e+01 -3.000000e+00
     vertex -6.910332e+01 -4.355572e+01 -3.000000e+00
     vertex -6.914328e+01 -4.353166e+01 -3.000000e+00
   endloop
 endfacet
 facet normal  0.000000e+00  0.000000e+00 -1.000000e+00
   outer loop
     vertex -6.906403e+01  4.358086e+01 -3.000000e+00
     vertex -6.906403e+01 -4.358086e+01 -3.000000e+00
     vertex -6.910332e+01  4.355572e+01 -3.000000e+00
   endloop
 endfacet
 facet normal  0.000000e+00  0.000000e+00 -1.000000e+00
   outer loop
     vertex -6.902545e+01  4.360707e+01 -3.000000e+00
     vertex -6.902545e+01 -4.360707e+01 -3.000000e+00
     vertex -6.906403e+01 -4.358086e+01 -3.000000e+00
   endloop
 endfacet
 facet normal  0.000000e+00  0.000000e+00 -1.000000e+00
   outer loop
     vertex -6.902545e+01  4.360707e+01 -3.000000e+00
     vertex -6.906403e+01 -4.358086e+01 -3.000000e+00
     vertex -6.906403e+01  4.358086e+01 -3.000000e+00
   endloop
 endfacet
 facet normal  0.000000e+00  0.000000e+00 -1.000000e+00
   outer loop
     vertex -6.898760e+01  4.363433e+01 -3.000000e+00
     vertex -6.902545e+01 -4.360707e+01 -3.000000e+00
     vertex -6.902545e+01  4.360707e+01 -3.000000e+00
   endloop
 endfacet
 facet normal  0.000000e+00  0.000000e+00 -1.000000e+00
   outer loop
     vertex -6.898760e+01  4.363433e+01 -3.000000e+00
     vertex -6.898760e+01 -4.363433e+01 -3.000000e+00
     vertex -6.902545e+01 -4.360707e+01 -3.000000e+00
   endloop
 endfacet
 facet normal  0.000000e+00  0.000000e+00 -1.000000e+00
   outer loop
     vertex -6.895052e+01  4.366262e+01 -3.000000e+00
     vertex -6.891422e+01 -4.369191e+01 -3.000000e+00
     vertex -6.895052e+01 -4.366262e+01 -3.000000e+00
   endloop
 endfacet
 facet normal  0.000000e+00 -0.000000e+00 -1.000000e+00
   outer loop
     vertex -6.895052e+01  4.366262e+01 -3.000000e+00
     vertex -6.895052e+01 -4.366262e+01 -3.000000e+00
     vertex -6.898760e+01 -4.363433e+01 -3.000000e+00
   endloop
 endfacet
 facet normal  0.000000e+00  0.000000e+00 -1.000000e+00
   outer loop
     vertex -6.895052e+01  4.366262e+01 -3.000000e+00
     vertex -6.898760e+01 -4.363433e+01 -3.000000e+00
     vertex -6.898760e+01  4.363433e+01 -3.000000e+00
   endloop
 endfacet
 facet normal  0.000000e+00  0.000000e+00 -1.000000e+00
   outer loop
     vertex -6.891422e+01  4.369191e+01 -3.000000e+00
     vertex -6.891422e+01 -4.369191e+01 -3.000000e+00
     vertex -6.895052e+01  4.366262e+01 -3.000000e+00
   endloop
 endfacet
 facet normal  0.000000e+00 -0.000000e+00 -1.000000e+00
   outer loop
     vertex -6.887875e+01  4.372219e+01 -3.000000e+00
     vertex -6.884411e+01 -4.375343e+01 -3.000000e+00
     vertex -6.887875e+01 -4.372219e+01 -3.000000e+00
   endloop
 endfacet
 facet normal  0.000000e+00  0.000000e+00 -1.000000e+00
   outer loop
     vertex -6.887875e+01  4.372219e+01 -3.000000e+00
     vertex -6.887875e+01 -4.372219e+01 -3.000000e+00
     vertex -6.891422e+01 -4.369191e+01 -3.000000e+00
   endloop
 endfacet
 facet normal  0.000000e+00  0.000000e+00 -1.000000e+00
   outer loop
     vertex -6.887875e+01  4.372219e+01 -3.000000e+00
     vertex -6.891422e+01 -4.369191e+01 -3.000000e+00
     vertex -6.891422e+01  4.369191e+01 -3.000000e+00
   endloop
 endfacet
 facet normal  0.000000e+00 -0.000000e+00 -1.000000e+00
   outer loop
     vertex -6.884411e+01  4.375343e+01 -3.000000e+00
     vertex -6.884411e+01 -4.375343e+01 -3.000000e+00
     vertex -6.887875e+01  4.372219e+01 -3.000000e+00
   endloop
 endfacet
 facet normal  0.000000e+00 -0.000000e+00 -1.000000e+00
   outer loop
     vertex -6.881035e+01  4.378561e+01 -3.000000e+00
     vertex -6.881035e+01 -4.378561e+01 -3.000000e+00
     vertex -6.884411e+01 -4.375343e+01 -3.000000e+00
   endloop
 endfacet
 facet normal  0.000000e+00  0.000000e+00 -1.000000e+00
   outer loop
     vertex -6.881035e+01  4.378561e+01 -3.000000e+00
     vertex -6.884411e+01 -4.375343e+01 -3.000000e+00
     vertex -6.884411e+01  4.375343e+01 -3.000000e+00
   endloop
 endfacet
 facet normal  0.000000e+00  0.000000e+00 -1.000000e+00
   outer loop
     vertex -8.000000e+01  5.500000e+01 -3.000000e+00
     vertex -7.141269e+01 -4.405432e+01 -3.000000e+00
     vertex -8.000000e+01 -5.500000e+01 -3.000000e+00
   endloop
 endfacet
 facet normal  0.000000e+00  0.000000e+00 -1.000000e+00
   outer loop
     vertex -8.000000e+01  5.500000e+01 -3.000000e+00
     vertex -7.120620e+01  4.619795e+01 -3.000000e+00
     vertex -7.123861e+01  4.616441e+01 -3.000000e+00
   endloop
 endfacet
 facet normal  0.000000e+00  0.000000e+00 -1.000000e+00
   outer loop
     vertex -8.000000e+01  5.500000e+01 -3.000000e+00
     vertex -7.123861e+01  4.616441e+01 -3.000000e+00
     vertex -7.127009e+01  4.612999e+01 -3.000000e+00
   endloop
 endfacet
 facet normal  0.000000e+00  0.000000e+00 -1.000000e+00
   outer loop
     vertex -8.000000e+01  5.500000e+01 -3.000000e+00
     vertex -7.127009e+01  4.612999e+01 -3.000000e+00
     vertex -7.130061e+01  4.609472e+01 -3.000000e+00
   endloop
 endfacet
 facet normal  0.000000e+00  0.000000e+00 -1.000000e+00
   outer loop
     vertex -8.000000e+01  5.500000e+01 -3.000000e+00
     vertex -7.130061e+01  4.609472e+01 -3.000000e+00
     vertex -7.133015e+01  4.605863e+01 -3.000000e+00
   endloop
 endfacet
 facet normal  0.000000e+00  0.000000e+00 -1.000000e+00
   outer loop
     vertex -8.000000e+01  5.500000e+01 -3.000000e+00
     vertex -7.133015e+01  4.605863e+01 -3.000000e+00
     vertex -7.135869e+01  4.602174e+01 -3.000000e+00
   endloop
 endfacet
 facet normal  0.000000e+00  0.000000e+00 -1.000000e+00
   outer loop
     vertex -8.000000e+01  5.500000e+01 -3.000000e+00
     vertex -7.135869e+01  4.602174e+01 -3.000000e+00
     vertex -7.138621e+01  4.598408e+01 -3.000000e+00
   endloop
 endfacet
 facet normal  0.000000e+00  0.000000e+00 -1.000000e+00
   outer loop
     vertex -8.000000e+01  5.500000e+01 -3.000000e+00
     vertex -7.138621e+01  4.598408e+01 -3.000000e+00
     vertex -7.141269e+01  4.594568e+01 -3.000000e+00
   endloop
 endfacet
 facet normal  0.000000e+00  0.000000e+00 -1.000000e+00
   outer loop
     vertex -8.000000e+01  5.500000e+01 -3.000000e+00
     vertex -7.141269e+01  4.594568e+01 -3.000000e+00
     vertex -7.143810e+01  4.590657e+01 -3.000000e+00
   endloop
 endfacet
 facet normal  0.000000e+00  0.000000e+00 -1.000000e+00
   outer loop
     vertex -8.000000e+01  5.500000e+01 -3.000000e+00
     vertex -7.143810e+01  4.590657e+01 -3.000000e+00
     vertex -7.146243e+01  4.586678e+01 -3.000000e+00
   endloop
 endfacet
 facet normal  0.000000e+00  0.000000e+00 -1.000000e+00
   outer loop
     vertex -8.000000e+01  5.500000e+01 -3.000000e+00
     vertex -7.146243e+01  4.586678e+01 -3.000000e+00
     vertex -7.148566e+01  4.582633e+01 -3.000000e+00
   endloop
 endfacet
 facet normal  0.000000e+00  0.000000e+00 -1.000000e+00
   outer loop
     vertex -8.000000e+01  5.500000e+01 -3.000000e+00
     vertex -7.148566e+01  4.582633e+01 -3.000000e+00
     vertex -7.150777e+01  4.578526e+01 -3.000000e+00
   endloop
 endfacet
 facet normal  0.000000e+00  0.000000e+00 -1.000000e+00
   outer loop
     vertex -8.000000e+01  5.500000e+01 -3.000000e+00
     vertex -7.150777e+01  4.578526e+01 -3.000000e+00
     vertex -7.152874e+01  4.574360e+01 -3.000000e+00
   endloop
 endfacet
 facet normal  0.000000e+00  0.000000e+00 -1.000000e+00
   outer loop
     vertex -8.000000e+01  5.500000e+01 -3.000000e+00
     vertex -7.152874e+01  4.574360e+01 -3.000000e+00
     vertex -7.154857e+01  4.570138e+01 -3.000000e+00
   endloop
 endfacet
 facet normal  0.000000e+00  0.000000e+00 -1.000000e+00
   outer loop
     vertex -8.000000e+01  5.500000e+01 -3.000000e+00
     vertex -7.154857e+01  4.570138e+01 -3.000000e+00
     vertex -7.156723e+01  4.565863e+01 -3.000000e+00
   endloop
 endfacet
 facet normal  0.000000e+00  0.000000e+00 -1.000000e+00
   outer loop
     vertex -8.000000e+01  5.500000e+01 -3.000000e+00
     vertex -7.156723e+01  4.565863e+01 -3.000000e+00
     vertex -7.158471e+01  4.561539e+01 -3.000000e+00
   endloop
 endfacet
 facet normal  0.000000e+00  0.000000e+00 -1.000000e+00
   outer loop
     vertex -8.000000e+01  5.500000e+01 -3.000000e+00
     vertex -7.158471e+01  4.561539e+01 -3.000000e+00
     vertex -7.160099e+01  4.557168e+01 -3.000000e+00
   endloop
 endfacet
 facet normal  0.000000e+00  0.000000e+00 -1.000000e+00
   outer loop
     vertex -8.000000e+01  5.500000e+01 -3.000000e+00
     vertex -7.160099e+01  4.557168e+01 -3.000000e+00
     vertex -7.161607e+01  4.552755e+01 -3.000000e+00
   endloop
 endfacet
 facet normal  0.000000e+00  0.000000e+00 -1.000000e+00
   outer loop
     vertex -8.000000e+01  5.500000e+01 -3.000000e+00
     vertex -7.161607e+01  4.552755e+01 -3.000000e+00
     vertex -7.162994e+01  4.548301e+01 -3.000000e+00
   endloop
 endfacet
 facet normal  0.000000e+00  0.000000e+00 -1.000000e+00
   outer loop
     vertex -8.000000e+01  5.500000e+01 -3.000000e+00
     vertex -7.162994e+01  4.548301e+01 -3.000000e+00
     vertex -7.164258e+01  4.543811e+01 -3.000000e+00
   endloop
 endfacet
 facet normal  0.000000e+00  0.000000e+00 -1.000000e+00
   outer loop
     vertex -8.000000e+01  5.500000e+01 -3.000000e+00
     vertex -7.164258e+01  4.543811e+01 -3.000000e+00
     vertex -7.165398e+01  4.539289e+01 -3.000000e+00
   endloop
 endfacet
 facet normal  0.000000e+00  0.000000e+00 -1.000000e+00
   outer loop
     vertex -8.000000e+01  5.500000e+01 -3.000000e+00
     vertex -7.165398e+01  4.539289e+01 -3.000000e+00
     vertex -7.166413e+01  4.534736e+01 -3.000000e+00
   endloop
 endfacet
 facet normal  0.000000e+00  0.000000e+00 -1.000000e+00
   outer loop
     vertex -8.000000e+01  5.500000e+01 -3.000000e+00
     vertex -7.166413e+01  4.534736e+01 -3.000000e+00
     vertex -7.167304e+01  4.530158e+01 -3.000000e+00
   endloop
 endfacet
 facet normal  0.000000e+00  0.000000e+00 -1.000000e+00
   outer loop
     vertex -8.000000e+01  5.500000e+01 -3.000000e+00
     vertex -7.167304e+01  4.530158e+01 -3.000000e+00
     vertex -7.168068e+01  4.525557e+01 -3.000000e+00
   endloop
 endfacet
 facet normal  0.000000e+00  0.000000e+00 -1.000000e+00
   outer loop
     vertex -8.000000e+01  5.500000e+01 -3.000000e+00
     vertex -7.168068e+01  4.525557e+01 -3.000000e+00
     vertex -7.168706e+01  4.520936e+01 -3.000000e+00
   endloop
 endfacet
 facet normal  0.000000e+00  0.000000e+00 -1.000000e+00
   outer loop
     vertex -8.000000e+01  5.500000e+01 -3.000000e+00
     vertex -7.168706e+01  4.520936e+01 -3.000000e+00
     vertex -7.169217e+01  4.516300e+01 -3.000000e+00
   endloop
 endfacet
 facet normal  0.000000e+00  0.000000e+00 -1.000000e+00
   outer loop
     vertex -8.000000e+01  5.500000e+01 -3.000000e+00
     vertex -7.169217e+01  4.516300e+01 -3.000000e+00
     vertex -7.169600e+01  4.511652e+01 -3.000000e+00
   endloop
 endfacet
 facet normal  0.000000e+00  0.000000e+00 -1.000000e+00
   outer loop
     vertex -8.000000e+01  5.500000e+01 -3.000000e+00
     vertex -7.169600e+01  4.511652e+01 -3.000000e+00
     vertex -7.169856e+01  4.506995e+01 -3.000000e+00
   endloop
 endfacet
 facet normal  0.000000e+00  0.000000e+00 -1.000000e+00
   outer loop
     vertex -8.000000e+01  5.500000e+01 -3.000000e+00
     vertex -7.169856e+01  4.506995e+01 -3.000000e+00
     vertex -7.169984e+01  4.502332e+01 -3.000000e+00
   endloop
 endfacet
 facet normal  0.000000e+00  0.000000e+00 -1.000000e+00
   outer loop
     vertex -8.000000e+01  5.500000e+01 -3.000000e+00
     vertex -7.169984e+01  4.502332e+01 -3.000000e+00
     vertex -7.169984e+01  4.497668e+01 -3.000000e+00
   endloop
 endfacet
 facet normal  0.000000e+00  0.000000e+00 -1.000000e+00
   outer loop
     vertex -8.000000e+01  5.500000e+01 -3.000000e+00
     vertex -7.169984e+01  4.497668e+01 -3.000000e+00
     vertex -7.169856e+01  4.493005e+01 -3.000000e+00
   endloop
 endfacet
 facet normal  0.000000e+00  0.000000e+00 -1.000000e+00
   outer loop
     vertex -8.000000e+01  5.500000e+01 -3.000000e+00
     vertex -7.169856e+01  4.493005e+01 -3.000000e+00
     vertex -7.169600e+01  4.488348e+01 -3.000000e+00
   endloop
 endfacet
 facet normal  0.000000e+00  0.000000e+00 -1.000000e+00
   outer loop
     vertex -8.000000e+01  5.500000e+01 -3.000000e+00
     vertex -7.169600e+01  4.488348e+01 -3.000000e+00
     vertex -7.169217e+01  4.483700e+01 -3.000000e+00
   endloop
 endfacet
 facet normal  0.000000e+00  0.000000e+00 -1.000000e+00
   outer loop
     vertex -8.000000e+01  5.500000e+01 -3.000000e+00
     vertex -7.169217e+01  4.483700e+01 -3.000000e+00
     vertex -7.168706e+01  4.479064e+01 -3.000000e+00
   endloop
 endfacet
 facet normal  0.000000e+00  0.000000e+00 -1.000000e+00
   outer loop
     vertex -8.000000e+01  5.500000e+01 -3.000000e+00
     vertex -7.168706e+01  4.479064e+01 -3.000000e+00
     vertex -7.168068e+01  4.474443e+01 -3.000000e+00
   endloop
 endfacet
 facet normal  0.000000e+00  0.000000e+00 -1.000000e+00
   outer loop
     vertex -8.000000e+01  5.500000e+01 -3.000000e+00
     vertex -7.168068e+01  4.474443e+01 -3.000000e+00
     vertex -7.167304e+01  4.469842e+01 -3.000000e+00
   endloop
 endfacet
 facet normal  0.000000e+00  0.000000e+00 -1.000000e+00
   outer loop
     vertex -8.000000e+01  5.500000e+01 -3.000000e+00
     vertex -7.167304e+01  4.469842e+01 -3.000000e+00
     vertex -7.166413e+01  4.465264e+01 -3.000000e+00
   endloop
 endfacet
 facet normal  0.000000e+00  0.000000e+00 -1.000000e+00
   outer loop
     vertex -8.000000e+01  5.500000e+01 -3.000000e+00
     vertex -7.166413e+01  4.465264e+01 -3.000000e+00
     vertex -7.165398e+01  4.460711e+01 -3.000000e+00
   endloop
 endfacet
 facet normal  0.000000e+00  0.000000e+00 -1.000000e+00
   outer loop
     vertex -8.000000e+01  5.500000e+01 -3.000000e+00
     vertex -7.165398e+01  4.460711e+01 -3.000000e+00
     vertex -7.164258e+01  4.456189e+01 -3.000000e+00
   endloop
 endfacet
 facet normal  0.000000e+00  0.000000e+00 -1.000000e+00
   outer loop
     vertex -8.000000e+01  5.500000e+01 -3.000000e+00
     vertex -7.164258e+01  4.456189e+01 -3.000000e+00
     vertex -7.162994e+01  4.451699e+01 -3.000000e+00
   endloop
 endfacet
 facet normal  0.000000e+00  0.000000e+00 -1.000000e+00
   outer loop
     vertex -8.000000e+01  5.500000e+01 -3.000000e+00
     vertex -7.162994e+01  4.451699e+01 -3.000000e+00
     vertex -7.161607e+01  4.447245e+01 -3.000000e+00
   endloop
 endfacet
 facet normal  0.000000e+00  0.000000e+00 -1.000000e+00
   outer loop
     vertex -8.000000e+01  5.500000e+01 -3.000000e+00
     vertex -7.161607e+01  4.447245e+01 -3.000000e+00
     vertex -7.160099e+01  4.442832e+01 -3.000000e+00
   endloop
 endfacet
 facet normal  0.000000e+00  0.000000e+00 -1.000000e+00
   outer loop
     vertex -8.000000e+01  5.500000e+01 -3.000000e+00
     vertex -7.160099e+01  4.442832e+01 -3.000000e+00
     vertex -7.158471e+01  4.438461e+01 -3.000000e+00
   endloop
 endfacet
 facet normal  0.000000e+00  0.000000e+00 -1.000000e+00
   outer loop
     vertex -8.000000e+01  5.500000e+01 -3.000000e+00
     vertex -7.158471e+01  4.438461e+01 -3.000000e+00
     vertex -7.156723e+01  4.434137e+01 -3.000000e+00
   endloop
 endfacet
 facet normal  0.000000e+00  0.000000e+00 -1.000000e+00
   outer loop
     vertex -8.000000e+01  5.500000e+01 -3.000000e+00
     vertex -7.156723e+01  4.434137e+01 -3.000000e+00
     vertex -7.154857e+01  4.429862e+01 -3.000000e+00
   endloop
 endfacet
 facet normal  0.000000e+00  0.000000e+00 -1.000000e+00
   outer loop
     vertex -8.000000e+01  5.500000e+01 -3.000000e+00
     vertex -7.154857e+01  4.429862e+01 -3.000000e+00
     vertex -7.152874e+01  4.425640e+01 -3.000000e+00
   endloop
 endfacet
 facet normal  0.000000e+00  0.000000e+00 -1.000000e+00
   outer loop
     vertex -8.000000e+01  5.500000e+01 -3.000000e+00
     vertex -7.141269e+01  4.405432e+01 -3.000000e+00
     vertex -7.141269e+01 -4.405432e+01 -3.000000e+00
   endloop
 endfacet
 facet normal  0.000000e+00  0.000000e+00 -1.000000e+00
   outer loop
     vertex -8.000000e+01  5.500000e+01 -3.000000e+00
     vertex -7.152874e+01  4.425640e+01 -3.000000e+00
     vertex -7.150777e+01  4.421474e+01 -3.000000e+00
   endloop
 endfacet
 facet normal  0.000000e+00  0.000000e+00 -1.000000e+00
   outer loop
     vertex -8.000000e+01  5.500000e+01 -3.000000e+00
     vertex -7.150777e+01  4.421474e+01 -3.000000e+00
     vertex -7.148566e+01  4.417367e+01 -3.000000e+00
   endloop
 endfacet
 facet normal  0.000000e+00  0.000000e+00 -1.000000e+00
   outer loop
     vertex -8.000000e+01  5.500000e+01 -3.000000e+00
     vertex -7.148566e+01  4.417367e+01 -3.000000e+00
     vertex -7.146243e+01  4.413322e+01 -3.000000e+00
   endloop
 endfacet
 facet normal  0.000000e+00  0.000000e+00 -1.000000e+00
   outer loop
     vertex -8.000000e+01  5.500000e+01 -3.000000e+00
     vertex -7.146243e+01  4.413322e+01 -3.000000e+00
     vertex -7.143810e+01  4.409343e+01 -3.000000e+00
   endloop
 endfacet
 facet normal  0.000000e+00  0.000000e+00 -1.000000e+00
   outer loop
     vertex -8.000000e+01  5.500000e+01 -3.000000e+00
     vertex -7.143810e+01  4.409343e+01 -3.000000e+00
     vertex -7.141269e+01  4.405432e+01 -3.000000e+00
   endloop
 endfacet
 facet normal  0.000000e+00  0.000000e+00 -1.000000e+00
   outer loop
     vertex -6.877748e+01  4.381871e+01 -3.000000e+00
     vertex -6.874553e+01 -4.385269e+01 -3.000000e+00
     vertex -6.877748e+01 -4.381871e+01 -3.000000e+00
   endloop
 endfacet
 facet normal  0.000000e+00 -0.000000e+00 -1.000000e+00
   outer loop
     vertex -6.877748e+01  4.381871e+01 -3.000000e+00
     vertex -6.877748e+01 -4.381871e+01 -3.000000e+00
     vertex -6.881035e+01 -4.378561e+01 -3.000000e+00
   endloop
 endfacet
 facet normal  0.000000e+00  0.000000e+00 -1.000000e+00
   outer loop
     vertex -6.877748e+01  4.381871e+01 -3.000000e+00
     vertex -6.881035e+01 -4.378561e+01 -3.000000e+00
     vertex -6.881035e+01  4.378561e+01 -3.000000e+00
   endloop
 endfacet
 facet normal -0.000000e+00  0.000000e+00 -1.000000e+00
   outer loop
     vertex -7.117288e+01  4.623059e+01 -3.000000e+00
     vertex -7.120620e+01  4.619795e+01 -3.000000e+00
     vertex -8.000000e+01  5.500000e+01 -3.000000e+00
   endloop
 endfacet
 facet normal  0.000000e+00 -0.000000e+00 -1.000000e+00
   outer loop
     vertex -6.874553e+01  4.385269e+01 -3.000000e+00
     vertex -6.874553e+01 -4.385269e+01 -3.000000e+00
     vertex -6.877748e+01  4.381871e+01 -3.000000e+00
   endloop
 endfacet
 facet normal -0.000000e+00  0.000000e+00 -1.000000e+00
   outer loop
     vertex -7.113868e+01  4.626231e+01 -3.000000e+00
     vertex -7.117288e+01  4.623059e+01 -3.000000e+00
     vertex -8.000000e+01  5.500000e+01 -3.000000e+00
   endloop
 endfacet
 facet normal  0.000000e+00 -0.000000e+00 -1.000000e+00
   outer loop
     vertex -6.871453e+01  4.388754e+01 -3.000000e+00
     vertex -6.871453e+01 -4.388754e+01 -3.000000e+00
     vertex -6.874553e+01 -4.385269e+01 -3.000000e+00
   endloop
 endfacet
 facet normal  0.000000e+00  0.000000e+00 -1.000000e+00
   outer loop
     vertex -6.871453e+01  4.388754e+01 -3.000000e+00
     vertex -6.874553e+01 -4.385269e+01 -3.000000e+00
     vertex -6.874553e+01  4.385269e+01 -3.000000e+00
   endloop
 endfacet
 facet normal -0.000000e+00  0.000000e+00 -1.000000e+00
   outer loop
     vertex -7.110362e+01  4.629307e+01 -3.000000e+00
     vertex -7.113868e+01  4.626231e+01 -3.000000e+00
     vertex -8.000000e+01  5.500000e+01 -3.000000e+00
   endloop
 endfacet
 facet normal  0.000000e+00  0.000000e+00 -1.000000e+00
   outer loop
     vertex -6.868450e+01  4.392322e+01 -3.000000e+00
     vertex -6.871453e+01 -4.388754e+01 -3.000000e+00
     vertex -6.871453e+01  4.388754e+01 -3.000000e+00
   endloop
 endfacet
 facet normal  0.000000e+00  0.000000e+00 -1.000000e+00
   outer loop
     vertex -6.868450e+01  4.392322e+01 -3.000000e+00
     vertex -6.865545e+01 -4.395972e+01 -3.000000e+00
     vertex -6.868450e+01 -4.392322e+01 -3.000000e+00
   endloop
 endfacet
 facet normal  0.000000e+00 -0.000000e+00 -1.000000e+00
   outer loop
     vertex -6.868450e+01  4.392322e+01 -3.000000e+00
     vertex -6.868450e+01 -4.392322e+01 -3.000000e+00
     vertex -6.871453e+01 -4.388754e+01 -3.000000e+00
   endloop
 endfacet
 facet normal -0.000000e+00  0.000000e+00 -1.000000e+00
   outer loop
     vertex -7.106773e+01  4.632286e+01 -3.000000e+00
     vertex -7.110362e+01  4.629307e+01 -3.000000e+00
     vertex -8.000000e+01  5.500000e+01 -3.000000e+00
   endloop
 endfacet
 facet normal  0.000000e+00 -0.000000e+00 -1.000000e+00
   outer loop
     vertex -6.865545e+01  4.395972e+01 -3.000000e+00
     vertex -6.865545e+01 -4.395972e+01 -3.000000e+00
     vertex -6.868450e+01  4.392322e+01 -3.000000e+00
   endloop
 endfacet
 facet normal -0.000000e+00  0.000000e+00 -1.000000e+00
   outer loop
     vertex -7.103104e+01  4.635165e+01 -3.000000e+00
     vertex -7.106773e+01  4.632286e+01 -3.000000e+00
     vertex -8.000000e+01  5.500000e+01 -3.000000e+00
   endloop
 endfacet
 facet normal  0.000000e+00  0.000000e+00 -1.000000e+00
   outer loop
     vertex -6.862742e+01  4.399700e+01 -3.000000e+00
     vertex -6.862742e+01 -4.399700e+01 -3.000000e+00
     vertex -6.865545e+01 -4.395972e+01 -3.000000e+00
   endloop
 endfacet
 facet normal  0.000000e+00  0.000000e+00 -1.000000e+00
   outer loop
     vertex -6.862742e+01  4.399700e+01 -3.000000e+00
     vertex -6.865545e+01 -4.395972e+01 -3.000000e+00
     vertex -6.865545e+01  4.395972e+01 -3.000000e+00
   endloop
 endfacet
 facet normal -0.000000e+00  0.000000e+00 -1.000000e+00
   outer loop
     vertex -7.099357e+01  4.637943e+01 -3.000000e+00
     vertex -7.103104e+01  4.635165e+01 -3.000000e+00
     vertex -8.000000e+01  5.500000e+01 -3.000000e+00
   endloop
 endfacet
 facet normal  0.000000e+00  0.000000e+00 -1.000000e+00
   outer loop
     vertex -6.860042e+01  4.403503e+01 -3.000000e+00
     vertex -6.862742e+01 -4.399700e+01 -3.000000e+00
     vertex -6.862742e+01  4.399700e+01 -3.000000e+00
   endloop
 endfacet
 facet normal  0.000000e+00  0.000000e+00 -1.000000e+00
   outer loop
     vertex -6.860042e+01  4.403503e+01 -3.000000e+00
     vertex -6.860042e+01 -4.403503e+01 -3.000000e+00
     vertex -6.862742e+01 -4.399700e+01 -3.000000e+00
   endloop
 endfacet
 facet normal -0.000000e+00  0.000000e+00 -1.000000e+00
   outer loop
     vertex -7.095535e+01  4.640617e+01 -3.000000e+00
     vertex -7.099357e+01  4.637943e+01 -3.000000e+00
     vertex -8.000000e+01  5.500000e+01 -3.000000e+00
   endloop
 endfacet
 facet normal  0.000000e+00  0.000000e+00 -1.000000e+00
   outer loop
     vertex -6.857447e+01  4.407379e+01 -3.000000e+00
     vertex -6.857447e+01 -4.407379e+01 -3.000000e+00
     vertex -6.860042e+01 -4.403503e+01 -3.000000e+00
   endloop
 endfacet
 facet normal  0.000000e+00  0.000000e+00 -1.000000e+00
   outer loop
     vertex -6.857447e+01  4.407379e+01 -3.000000e+00
     vertex -6.860042e+01 -4.403503e+01 -3.000000e+00
     vertex -6.860042e+01  4.403503e+01 -3.000000e+00
   endloop
 endfacet
 facet normal -0.000000e+00  0.000000e+00 -1.000000e+00
   outer loop
     vertex -7.091641e+01  4.643185e+01 -3.000000e+00
     vertex -7.095535e+01  4.640617e+01 -3.000000e+00
     vertex -8.000000e+01  5.500000e+01 -3.000000e+00
   endloop
 endfacet
 facet normal -0.000000e+00  0.000000e+00 -1.000000e+00
   outer loop
     vertex -7.087679e+01  4.645645e+01 -3.000000e+00
     vertex -7.091641e+01  4.643185e+01 -3.000000e+00
     vertex -8.000000e+01  5.500000e+01 -3.000000e+00
   endloop
 endfacet
 facet normal -0.000000e+00  0.000000e+00 -1.000000e+00
   outer loop
     vertex -7.083650e+01  4.647996e+01 -3.000000e+00
     vertex -7.087679e+01  4.645645e+01 -3.000000e+00
     vertex -8.000000e+01  5.500000e+01 -3.000000e+00
   endloop
 endfacet
 facet normal -0.000000e+00  0.000000e+00 -1.000000e+00
   outer loop
     vertex -7.079558e+01  4.650235e+01 -3.000000e+00
     vertex -7.083650e+01  4.647996e+01 -3.000000e+00
     vertex -8.000000e+01  5.500000e+01 -3.000000e+00
   endloop
 endfacet
 facet normal -0.000000e+00  0.000000e+00 -1.000000e+00
   outer loop
     vertex -7.075407e+01  4.652361e+01 -3.000000e+00
     vertex -7.079558e+01  4.650235e+01 -3.000000e+00
     vertex -8.000000e+01  5.500000e+01 -3.000000e+00
   endloop
 endfacet
 facet normal -0.000000e+00  0.000000e+00 -1.000000e+00
   outer loop
     vertex -7.071199e+01  4.654372e+01 -3.000000e+00
     vertex -7.075407e+01  4.652361e+01 -3.000000e+00
     vertex -8.000000e+01  5.500000e+01 -3.000000e+00
   endloop
 endfacet
 facet normal -0.000000e+00  0.000000e+00 -1.000000e+00
   outer loop
     vertex -7.066937e+01  4.656267e+01 -3.000000e+00
     vertex -7.071199e+01  4.654372e+01 -3.000000e+00
     vertex -8.000000e+01  5.500000e+01 -3.000000e+00
   endloop
 endfacet
 facet normal -0.000000e+00  0.000000e+00 -1.000000e+00
   outer loop
     vertex -7.062625e+01  4.658045e+01 -3.000000e+00
     vertex -7.066937e+01  4.656267e+01 -3.000000e+00
     vertex -8.000000e+01  5.500000e+01 -3.000000e+00
   endloop
 endfacet
 facet normal -0.000000e+00  0.000000e+00 -1.000000e+00
   outer loop
     vertex -7.058265e+01  4.659703e+01 -3.000000e+00
     vertex -7.062625e+01  4.658045e+01 -3.000000e+00
     vertex -8.000000e+01  5.500000e+01 -3.000000e+00
   endloop
 endfacet
 facet normal -0.000000e+00  0.000000e+00 -1.000000e+00
   outer loop
     vertex -7.053862e+01  4.661242e+01 -3.000000e+00
     vertex -7.058265e+01  4.659703e+01 -3.000000e+00
     vertex -8.000000e+01  5.500000e+01 -3.000000e+00
   endloop
 endfacet
 facet normal -0.000000e+00  0.000000e+00 -1.000000e+00
   outer loop
     vertex -7.049418e+01  4.662659e+01 -3.000000e+00
     vertex -7.053862e+01  4.661242e+01 -3.000000e+00
     vertex -8.000000e+01  5.500000e+01 -3.000000e+00
   endloop
 endfacet
 facet normal -0.000000e+00  0.000000e+00 -1.000000e+00
   outer loop
     vertex -7.044937e+01  4.663953e+01 -3.000000e+00
     vertex -7.049418e+01  4.662659e+01 -3.000000e+00
     vertex -8.000000e+01  5.500000e+01 -3.000000e+00
   endloop
 endfacet
 facet normal -0.000000e+00  0.000000e+00 -1.000000e+00
   outer loop
     vertex -7.040422e+01  4.665124e+01 -3.000000e+00
     vertex -7.044937e+01  4.663953e+01 -3.000000e+00
     vertex -8.000000e+01  5.500000e+01 -3.000000e+00
   endloop
 endfacet
 facet normal -0.000000e+00  0.000000e+00 -1.000000e+00
   outer loop
     vertex -7.035877e+01  4.666171e+01 -3.000000e+00
     vertex -7.040422e+01  4.665124e+01 -3.000000e+00
     vertex -8.000000e+01  5.500000e+01 -3.000000e+00
   endloop
 endfacet
 facet normal -0.000000e+00  0.000000e+00 -1.000000e+00
   outer loop
     vertex -7.031305e+01  4.667093e+01 -3.000000e+00
     vertex -7.035877e+01  4.666171e+01 -3.000000e+00
     vertex -8.000000e+01  5.500000e+01 -3.000000e+00
   endloop
 endfacet
 facet normal -0.000000e+00  0.000000e+00 -1.000000e+00
   outer loop
     vertex -7.026709e+01  4.667889e+01 -3.000000e+00
     vertex -7.031305e+01  4.667093e+01 -3.000000e+00
     vertex -8.000000e+01  5.500000e+01 -3.000000e+00
   endloop
 endfacet
 facet normal -0.000000e+00  0.000000e+00 -1.000000e+00
   outer loop
     vertex -7.022093e+01  4.668558e+01 -3.000000e+00
     vertex -7.026709e+01  4.667889e+01 -3.000000e+00
     vertex -8.000000e+01  5.500000e+01 -3.000000e+00
   endloop
 endfacet
 facet normal -0.000000e+00  0.000000e+00 -1.000000e+00
   outer loop
     vertex -7.017461e+01  4.669101e+01 -3.000000e+00
     vertex -7.022093e+01  4.668558e+01 -3.000000e+00
     vertex -8.000000e+01  5.500000e+01 -3.000000e+00
   endloop
 endfacet
 facet normal -0.000000e+00  0.000000e+00 -1.000000e+00
   outer loop
     vertex -7.012815e+01  4.669516e+01 -3.000000e+00
     vertex -7.017461e+01  4.669101e+01 -3.000000e+00
     vertex -8.000000e+01  5.500000e+01 -3.000000e+00
   endloop
 endfacet
 facet normal -0.000000e+00  0.000000e+00 -1.000000e+00
   outer loop
     vertex -7.008160e+01  4.669804e+01 -3.000000e+00
     vertex -7.012815e+01  4.669516e+01 -3.000000e+00
     vertex -8.000000e+01  5.500000e+01 -3.000000e+00
   endloop
 endfacet
 facet normal -0.000000e+00  0.000000e+00 -1.000000e+00
   outer loop
     vertex -7.003498e+01  4.669964e+01 -3.000000e+00
     vertex -7.008160e+01  4.669804e+01 -3.000000e+00
     vertex -8.000000e+01  5.500000e+01 -3.000000e+00
   endloop
 endfacet
 facet normal -0.000000e+00  0.000000e+00 -1.000000e+00
   outer loop
     vertex -6.998834e+01  4.669996e+01 -3.000000e+00
     vertex -7.003498e+01  4.669964e+01 -3.000000e+00
     vertex -8.000000e+01  5.500000e+01 -3.000000e+00
   endloop
 endfacet
 facet normal  0.000000e+00  0.000000e+00 -1.000000e+00
   outer loop
     vertex -6.994171e+01  4.669900e+01 -3.000000e+00
     vertex -6.998834e+01  4.669996e+01 -3.000000e+00
     vertex -8.000000e+01  5.500000e+01 -3.000000e+00
   endloop
 endfacet
 facet normal  0.000000e+00  0.000000e+00 -1.000000e+00
   outer loop
     vertex -6.989512e+01  4.669676e+01 -3.000000e+00
     vertex -6.994171e+01  4.669900e+01 -3.000000e+00
     vertex -8.000000e+01  5.500000e+01 -3.000000e+00
   endloop
 endfacet
 facet normal  0.000000e+00  0.000000e+00 -1.000000e+00
   outer loop
     vertex -6.984861e+01  4.669325e+01 -3.000000e+00
     vertex -6.989512e+01  4.669676e+01 -3.000000e+00
     vertex -8.000000e+01  5.500000e+01 -3.000000e+00
   endloop
 endfacet
 facet normal  0.000000e+00  0.000000e+00 -1.000000e+00
   outer loop
     vertex -6.980221e+01  4.668846e+01 -3.000000e+00
     vertex -6.984861e+01  4.669325e+01 -3.000000e+00
     vertex -8.000000e+01  5.500000e+01 -3.000000e+00
   endloop
 endfacet
 facet normal  0.000000e+00  0.000000e+00 -1.000000e+00
   outer loop
     vertex -6.975597e+01  4.668239e+01 -3.000000e+00
     vertex -6.980221e+01  4.668846e+01 -3.000000e+00
     vertex -8.000000e+01  5.500000e+01 -3.000000e+00
   endloop
 endfacet
 facet normal  0.000000e+00  0.000000e+00 -1.000000e+00
   outer loop
     vertex -6.970990e+01  4.667507e+01 -3.000000e+00
     vertex -6.975597e+01  4.668239e+01 -3.000000e+00
     vertex -8.000000e+01  5.500000e+01 -3.000000e+00
   endloop
 endfacet
 facet normal  0.000000e+00  0.000000e+00 -1.000000e+00
   outer loop
     vertex -6.966406e+01  4.666648e+01 -3.000000e+00
     vertex -6.970990e+01  4.667507e+01 -3.000000e+00
     vertex -8.000000e+01  5.500000e+01 -3.000000e+00
   endloop
 endfacet
 facet normal  0.000000e+00  0.000000e+00 -1.000000e+00
   outer loop
     vertex -6.961847e+01  4.665663e+01 -3.000000e+00
     vertex -6.966406e+01  4.666648e+01 -3.000000e+00
     vertex -8.000000e+01  5.500000e+01 -3.000000e+00
   endloop
 endfacet
 facet normal  0.000000e+00  0.000000e+00 -1.000000e+00
   outer loop
     vertex -6.957316e+01  4.664554e+01 -3.000000e+00
     vertex -6.961847e+01  4.665663e+01 -3.000000e+00
     vertex -8.000000e+01  5.500000e+01 -3.000000e+00
   endloop
 endfacet
 facet normal  0.000000e+00  0.000000e+00 -1.000000e+00
   outer loop
     vertex -6.952818e+01  4.663321e+01 -3.000000e+00
     vertex -6.957316e+01  4.664554e+01 -3.000000e+00
     vertex -8.000000e+01  5.500000e+01 -3.000000e+00
   endloop
 endfacet
 facet normal  0.000000e+00  0.000000e+00 -1.000000e+00
   outer loop
     vertex -6.948355e+01  4.661965e+01 -3.000000e+00
     vertex -6.952818e+01  4.663321e+01 -3.000000e+00
     vertex -8.000000e+01  5.500000e+01 -3.000000e+00
   endloop
 endfacet
 facet normal  0.000000e+00  0.000000e+00 -1.000000e+00
   outer loop
     vertex -6.943931e+01  4.660488e+01 -3.000000e+00
     vertex -6.948355e+01  4.661965e+01 -3.000000e+00
     vertex -8.000000e+01  5.500000e+01 -3.000000e+00
   endloop
 endfacet
 facet normal  0.000000e+00  0.000000e+00 -1.000000e+00
   outer loop
     vertex -6.939549e+01  4.658889e+01 -3.000000e+00
     vertex -6.943931e+01  4.660488e+01 -3.000000e+00
     vertex -8.000000e+01  5.500000e+01 -3.000000e+00
   endloop
 endfacet
 facet normal  0.000000e+00  0.000000e+00 -1.000000e+00
   outer loop
     vertex -6.935213e+01  4.657171e+01 -3.000000e+00
     vertex -6.939549e+01  4.658889e+01 -3.000000e+00
     vertex -8.000000e+01  5.500000e+01 -3.000000e+00
   endloop
 endfacet
 facet normal  0.000000e+00  0.000000e+00 -1.000000e+00
   outer loop
     vertex -6.930926e+01  4.655334e+01 -3.000000e+00
     vertex -6.935213e+01  4.657171e+01 -3.000000e+00
     vertex -8.000000e+01  5.500000e+01 -3.000000e+00
   endloop
 endfacet
 facet normal  0.000000e+00  0.000000e+00 -1.000000e+00
   outer loop
     vertex -6.926690e+01  4.653381e+01 -3.000000e+00
     vertex -6.930926e+01  4.655334e+01 -3.000000e+00
     vertex -8.000000e+01  5.500000e+01 -3.000000e+00
   endloop
 endfacet
 facet normal  0.000000e+00  0.000000e+00 -1.000000e+00
   outer loop
     vertex -6.922510e+01  4.651312e+01 -3.000000e+00
     vertex -6.926690e+01  4.653381e+01 -3.000000e+00
     vertex -8.000000e+01  5.500000e+01 -3.000000e+00
   endloop
 endfacet
 facet normal  0.000000e+00  0.000000e+00 -1.000000e+00
   outer loop
     vertex -6.918388e+01  4.649129e+01 -3.000000e+00
     vertex -6.922510e+01  4.651312e+01 -3.000000e+00
     vertex -8.000000e+01  5.500000e+01 -3.000000e+00
   endloop
 endfacet
 facet normal  0.000000e+00  0.000000e+00 -1.000000e+00
   outer loop
     vertex -6.914328e+01  4.646834e+01 -3.000000e+00
     vertex -6.918388e+01  4.649129e+01 -3.000000e+00
     vertex -8.000000e+01  5.500000e+01 -3.000000e+00
   endloop
 endfacet
 facet normal  0.000000e+00  0.000000e+00 -1.000000e+00
   outer loop
     vertex -6.910332e+01  4.644428e+01 -3.000000e+00
     vertex -6.914328e+01  4.646834e+01 -3.000000e+00
     vertex -8.000000e+01  5.500000e+01 -3.000000e+00
   endloop
 endfacet
 facet normal  0.000000e+00  0.000000e+00 -1.000000e+00
   outer loop
     vertex -6.906403e+01  4.641914e+01 -3.000000e+00
     vertex -6.910332e+01  4.644428e+01 -3.000000e+00
     vertex -8.000000e+01  5.500000e+01 -3.000000e+00
   endloop
 endfacet
 facet normal -0.000000e+00  0.000000e+00 -1.000000e+00
   outer loop
     vertex  6.879380e+01 -4.619795e+01 -3.000000e+00
     vertex -6.881035e+01 -4.621439e+01 -3.000000e+00
     vertex -6.877748e+01 -4.618129e+01 -3.000000e+00
   endloop
 endfacet
 facet normal -0.000000e+00  0.000000e+00 -1.000000e+00
   outer loop
     vertex  6.882712e+01 -4.623059e+01 -3.000000e+00
     vertex -6.884411e+01 -4.624657e+01 -3.000000e+00
     vertex -6.881035e+01 -4.621439e+01 -3.000000e+00
   endloop
 endfacet
 facet normal  0.000000e+00  0.000000e+00 -1.000000e+00
   outer loop
     vertex  6.882712e+01 -4.623059e+01 -3.000000e+00
     vertex -6.881035e+01 -4.621439e+01 -3.000000e+00
     vertex  6.879380e+01 -4.619795e+01 -3.000000e+00
   endloop
 endfacet
 facet normal -0.000000e+00  0.000000e+00 -1.000000e+00
   outer loop
     vertex  6.876139e+01 -4.616441e+01 -3.000000e+00
     vertex -6.877748e+01 -4.618129e+01 -3.000000e+00
     vertex -6.874553e+01 -4.614731e+01 -3.000000e+00
   endloop
 endfacet
 facet normal  0.000000e+00 -0.000000e+00 -1.000000e+00
   outer loop
     vertex  6.876139e+01 -4.616441e+01 -3.000000e+00
     vertex  6.879380e+01 -4.619795e+01 -3.000000e+00
     vertex -6.877748e+01 -4.618129e+01 -3.000000e+00
   endloop
 endfacet
 facet normal -0.000000e+00  0.000000e+00 -1.000000e+00
   outer loop
     vertex  6.886132e+01 -4.626231e+01 -3.000000e+00
     vertex -6.887875e+01 -4.627781e+01 -3.000000e+00
     vertex -6.884411e+01 -4.624657e+01 -3.000000e+00
   endloop
 endfacet
 facet normal  0.000000e+00  0.000000e+00 -1.000000e+00
   outer loop
     vertex  6.886132e+01 -4.626231e+01 -3.000000e+00
     vertex -6.884411e+01 -4.624657e+01 -3.000000e+00
     vertex  6.882712e+01 -4.623059e+01 -3.000000e+00
   endloop
 endfacet
 facet normal -0.000000e+00  0.000000e+00 -1.000000e+00
   outer loop
     vertex  6.872991e+01 -4.612999e+01 -3.000000e+00
     vertex -6.874553e+01 -4.614731e+01 -3.000000e+00
     vertex -6.871453e+01 -4.611246e+01 -3.000000e+00
   endloop
 endfacet
 facet normal  0.000000e+00 -0.000000e+00 -1.000000e+00
   outer loop
     vertex  6.872991e+01 -4.612999e+01 -3.000000e+00
     vertex  6.876139e+01 -4.616441e+01 -3.000000e+00
     vertex -6.874553e+01 -4.614731e+01 -3.000000e+00
   endloop
 endfacet
 facet normal -0.000000e+00  0.000000e+00 -1.000000e+00
   outer loop
     vertex  6.889638e+01 -4.629307e+01 -3.000000e+00
     vertex -6.891422e+01 -4.630809e+01 -3.000000e+00
     vertex -6.887875e+01 -4.627781e+01 -3.000000e+00
   endloop
 endfacet
 facet normal  0.000000e+00  0.000000e+00 -1.000000e+00
   outer loop
     vertex  6.889638e+01 -4.629307e+01 -3.000000e+00
     vertex -6.887875e+01 -4.627781e+01 -3.000000e+00
     vertex  6.886132e+01 -4.626231e+01 -3.000000e+00
   endloop
 endfacet
 facet normal -0.000000e+00  0.000000e+00 -1.000000e+00
   outer loop
     vertex  6.869939e+01 -4.609472e+01 -3.000000e+00
     vertex -6.871453e+01 -4.611246e+01 -3.000000e+00
     vertex -6.868450e+01 -4.607678e+01 -3.000000e+00
   endloop
 endfacet
 facet normal  0.000000e+00 -0.000000e+00 -1.000000e+00
   outer loop
     vertex  6.869939e+01 -4.609472e+01 -3.000000e+00
     vertex  6.872991e+01 -4.612999e+01 -3.000000e+00
     vertex -6.871453e+01 -4.611246e+01 -3.000000e+00
   endloop
 endfacet
 facet normal  0.000000e+00  0.000000e+00 -1.000000e+00
   outer loop
     vertex  6.893227e+01 -4.632286e+01 -3.000000e+00
     vertex -6.891422e+01 -4.630809e+01 -3.000000e+00
     vertex  6.889638e+01 -4.629307e+01 -3.000000e+00
   endloop
 endfacet
 facet normal -0.000000e+00  0.000000e+00 -1.000000e+00
   outer loop
     vertex  6.893227e+01 -4.632286e+01 -3.000000e+00
     vertex -6.895052e+01 -4.633738e+01 -3.000000e+00
     vertex -6.891422e+01 -4.630809e+01 -3.000000e+00
   endloop
 endfacet
 facet normal -0.000000e+00  0.000000e+00 -1.000000e+00
   outer loop
     vertex  6.866985e+01 -4.605863e+01 -3.000000e+00
     vertex -6.868450e+01 -4.607678e+01 -3.000000e+00
     vertex -6.865545e+01 -4.604028e+01 -3.000000e+00
   endloop
 endfacet
 facet normal  0.000000e+00 -0.000000e+00 -1.000000e+00
   outer loop
     vertex  6.866985e+01 -4.605863e+01 -3.000000e+00
     vertex  6.869939e+01 -4.609472e+01 -3.000000e+00
     vertex -6.868450e+01 -4.607678e+01 -3.000000e+00
   endloop
 endfacet
 facet normal  0.000000e+00  0.000000e+00 -1.000000e+00
   outer loop
     vertex  6.896896e+01 -4.635165e+01 -3.000000e+00
     vertex -6.895052e+01 -4.633738e+01 -3.000000e+00
     vertex  6.893227e+01 -4.632286e+01 -3.000000e+00
   endloop
 endfacet
 facet normal -0.000000e+00  0.000000e+00 -1.000000e+00
   outer loop
     vertex  6.896896e+01 -4.635165e+01 -3.000000e+00
     vertex -6.898760e+01 -4.636567e+01 -3.000000e+00
     vertex -6.895052e+01 -4.633738e+01 -3.000000e+00
   endloop
 endfacet
 facet normal  0.000000e+00 -0.000000e+00 -1.000000e+00
   outer loop
     vertex  6.864131e+01 -4.602174e+01 -3.000000e+00
     vertex  6.866985e+01 -4.605863e+01 -3.000000e+00
     vertex -6.865545e+01 -4.604028e+01 -3.000000e+00
   endloop
 endfacet
 facet normal -0.000000e+00  0.000000e+00 -1.000000e+00
   outer loop
     vertex  6.864131e+01 -4.602174e+01 -3.000000e+00
     vertex -6.865545e+01 -4.604028e+01 -3.000000e+00
     vertex -6.862742e+01 -4.600300e+01 -3.000000e+00
   endloop
 endfacet
 facet normal  0.000000e+00  0.000000e+00 -1.000000e+00
   outer loop
     vertex  6.900643e+01 -4.637943e+01 -3.000000e+00
     vertex -6.898760e+01 -4.636567e+01 -3.000000e+00
     vertex  6.896896e+01 -4.635165e+01 -3.000000e+00
   endloop
 endfacet
 facet normal -0.000000e+00  0.000000e+00 -1.000000e+00
   outer loop
     vertex  6.900643e+01 -4.637943e+01 -3.000000e+00
     vertex -6.902545e+01 -4.639293e+01 -3.000000e+00
     vertex -6.898760e+01 -4.636567e+01 -3.000000e+00
   endloop
 endfacet
 facet normal -0.000000e+00  0.000000e+00 -1.000000e+00
   outer loop
     vertex  6.861379e+01 -4.598408e+01 -3.000000e+00
     vertex -6.862742e+01 -4.600300e+01 -3.000000e+00
     vertex -6.860042e+01 -4.596497e+01 -3.000000e+00
   endloop
 endfacet
 facet normal  0.000000e+00 -0.000000e+00 -1.000000e+00
   outer loop
     vertex  6.861379e+01 -4.598408e+01 -3.000000e+00
     vertex  6.864131e+01 -4.602174e+01 -3.000000e+00
     vertex -6.862742e+01 -4.600300e+01 -3.000000e+00
   endloop
 endfacet
 facet normal  0.000000e+00  0.000000e+00 -1.000000e+00
   outer loop
     vertex  6.904465e+01 -4.640617e+01 -3.000000e+00
     vertex -6.902545e+01 -4.639293e+01 -3.000000e+00
     vertex  6.900643e+01 -4.637943e+01 -3.000000e+00
   endloop
 endfacet
 facet normal -0.000000e+00  0.000000e+00 -1.000000e+00
   outer loop
     vertex  6.858731e+01 -4.594568e+01 -3.000000e+00
     vertex -6.860042e+01 -4.596497e+01 -3.000000e+00
     vertex -6.857447e+01 -4.592621e+01 -3.000000e+00
   endloop
 endfacet
 facet normal  0.000000e+00 -0.000000e+00 -1.000000e+00
   outer loop
     vertex  6.858731e+01 -4.594568e+01 -3.000000e+00
     vertex  6.861379e+01 -4.598408e+01 -3.000000e+00
     vertex -6.860042e+01 -4.596497e+01 -3.000000e+00
   endloop
 endfacet
 facet normal -0.000000e+00  0.000000e+00 -1.000000e+00
   outer loop
     vertex  6.856190e+01 -4.590657e+01 -3.000000e+00
     vertex -6.857447e+01 -4.592621e+01 -3.000000e+00
     vertex -6.854960e+01 -4.588676e+01 -3.000000e+00
   endloop
 endfacet
 facet normal  0.000000e+00 -0.000000e+00 -1.000000e+00
   outer loop
     vertex  6.856190e+01 -4.590657e+01 -3.000000e+00
     vertex  6.858731e+01 -4.594568e+01 -3.000000e+00
     vertex -6.857447e+01 -4.592621e+01 -3.000000e+00
   endloop
 endfacet
 facet normal -0.000000e+00  0.000000e+00 -1.000000e+00
   outer loop
     vertex  6.853757e+01 -4.586678e+01 -3.000000e+00
     vertex -6.854960e+01 -4.588676e+01 -3.000000e+00
     vertex -6.852582e+01 -4.584663e+01 -3.000000e+00
   endloop
 endfacet
 facet normal  0.000000e+00 -0.000000e+00 -1.000000e+00
   outer loop
     vertex  6.853757e+01 -4.586678e+01 -3.000000e+00
     vertex  6.856190e+01 -4.590657e+01 -3.000000e+00
     vertex -6.854960e+01 -4.588676e+01 -3.000000e+00
   endloop
 endfacet
 facet normal -0.000000e+00  0.000000e+00 -1.000000e+00
   outer loop
     vertex  6.851434e+01 -4.582633e+01 -3.000000e+00
     vertex -6.852582e+01 -4.584663e+01 -3.000000e+00
     vertex -6.850315e+01 -4.580587e+01 -3.000000e+00
   endloop
 endfacet
 facet normal  0.000000e+00 -0.000000e+00 -1.000000e+00
   outer loop
     vertex  6.851434e+01 -4.582633e+01 -3.000000e+00
     vertex  6.853757e+01 -4.586678e+01 -3.000000e+00
     vertex -6.852582e+01 -4.584663e+01 -3.000000e+00
   endloop
 endfacet
 facet normal -0.000000e+00  0.000000e+00 -1.000000e+00
   outer loop
     vertex  6.849223e+01 -4.578526e+01 -3.000000e+00
     vertex -6.850315e+01 -4.580587e+01 -3.000000e+00
     vertex -6.848160e+01 -4.576450e+01 -3.000000e+00
   endloop
 endfacet
 facet normal  0.000000e+00 -0.000000e+00 -1.000000e+00
   outer loop
     vertex  6.849223e+01 -4.578526e+01 -3.000000e+00
     vertex  6.851434e+01 -4.582633e+01 -3.000000e+00
     vertex -6.850315e+01 -4.580587e+01 -3.000000e+00
   endloop
 endfacet
 facet normal -0.000000e+00  0.000000e+00 -1.000000e+00
   outer loop
     vertex  6.847126e+01 -4.574360e+01 -3.000000e+00
     vertex -6.848160e+01 -4.576450e+01 -3.000000e+00
     vertex -6.846120e+01 -4.572256e+01 -3.000000e+00
   endloop
 endfacet
 facet normal  0.000000e+00 -0.000000e+00 -1.000000e+00
   outer loop
     vertex  6.847126e+01 -4.574360e+01 -3.000000e+00
     vertex  6.849223e+01 -4.578526e+01 -3.000000e+00
     vertex -6.848160e+01 -4.576450e+01 -3.000000e+00
   endloop
 endfacet
 facet normal -0.000000e+00  0.000000e+00 -1.000000e+00
   outer loop
     vertex  6.845143e+01 -4.570138e+01 -3.000000e+00
     vertex -6.846120e+01 -4.572256e+01 -3.000000e+00
     vertex -6.844196e+01 -4.568007e+01 -3.000000e+00
   endloop
 endfacet
 facet normal  0.000000e+00 -0.000000e+00 -1.000000e+00
   outer loop
     vertex  6.845143e+01 -4.570138e+01 -3.000000e+00
     vertex  6.847126e+01 -4.574360e+01 -3.000000e+00
     vertex -6.846120e+01 -4.572256e+01 -3.000000e+00
   endloop
 endfacet
 facet normal -0.000000e+00  0.000000e+00 -1.000000e+00
   outer loop
     vertex  6.843277e+01 -4.565863e+01 -3.000000e+00
     vertex -6.844196e+01 -4.568007e+01 -3.000000e+00
     vertex -6.842388e+01 -4.563707e+01 -3.000000e+00
   endloop
 endfacet
 facet normal  0.000000e+00 -0.000000e+00 -1.000000e+00
   outer loop
     vertex  6.843277e+01 -4.565863e+01 -3.000000e+00
     vertex  6.845143e+01 -4.570138e+01 -3.000000e+00
     vertex -6.844196e+01 -4.568007e+01 -3.000000e+00
   endloop
 endfacet
 facet normal -0.000000e+00  0.000000e+00 -1.000000e+00
   outer loop
     vertex  6.841529e+01 -4.561539e+01 -3.000000e+00
     vertex -6.842388e+01 -4.563707e+01 -3.000000e+00
     vertex -6.840700e+01 -4.559359e+01 -3.000000e+00
   endloop
 endfacet
 facet normal  0.000000e+00 -0.000000e+00 -1.000000e+00
   outer loop
     vertex  6.841529e+01 -4.561539e+01 -3.000000e+00
     vertex  6.843277e+01 -4.565863e+01 -3.000000e+00
     vertex -6.842388e+01 -4.563707e+01 -3.000000e+00
   endloop
 endfacet
 facet normal -0.000000e+00  0.000000e+00 -1.000000e+00
   outer loop
     vertex  6.839901e+01 -4.557168e+01 -3.000000e+00
     vertex -6.840700e+01 -4.559359e+01 -3.000000e+00
     vertex -6.839132e+01 -4.554967e+01 -3.000000e+00
   endloop
 endfacet
 facet normal  0.000000e+00 -0.000000e+00 -1.000000e+00
   outer loop
     vertex  6.839901e+01 -4.557168e+01 -3.000000e+00
     vertex  6.841529e+01 -4.561539e+01 -3.000000e+00
     vertex -6.840700e+01 -4.559359e+01 -3.000000e+00
   endloop
 endfacet
 facet normal -0.000000e+00  0.000000e+00 -1.000000e+00
   outer loop
     vertex  6.838393e+01 -4.552755e+01 -3.000000e+00
     vertex -6.839132e+01 -4.554967e+01 -3.000000e+00
     vertex -6.837684e+01 -4.550533e+01 -3.000000e+00
   endloop
 endfacet
 facet normal  0.000000e+00 -0.000000e+00 -1.000000e+00
   outer loop
     vertex  6.838393e+01 -4.552755e+01 -3.000000e+00
     vertex  6.839901e+01 -4.557168e+01 -3.000000e+00
     vertex -6.839132e+01 -4.554967e+01 -3.000000e+00
   endloop
 endfacet
 facet normal -0.000000e+00  0.000000e+00 -1.000000e+00
   outer loop
     vertex  6.837006e+01 -4.548301e+01 -3.000000e+00
     vertex -6.837684e+01 -4.550533e+01 -3.000000e+00
     vertex -6.836359e+01 -4.546061e+01 -3.000000e+00
   endloop
 endfacet
 facet normal  0.000000e+00 -0.000000e+00 -1.000000e+00
   outer loop
     vertex  6.837006e+01 -4.548301e+01 -3.000000e+00
     vertex  6.838393e+01 -4.552755e+01 -3.000000e+00
     vertex -6.837684e+01 -4.550533e+01 -3.000000e+00
   endloop
 endfacet
 facet normal -0.000000e+00  0.000000e+00 -1.000000e+00
   outer loop
     vertex  6.835742e+01 -4.543811e+01 -3.000000e+00
     vertex -6.836359e+01 -4.546061e+01 -3.000000e+00
     vertex -6.835157e+01 -4.541554e+01 -3.000000e+00
   endloop
 endfacet
 facet normal  0.000000e+00 -0.000000e+00 -1.000000e+00
   outer loop
     vertex  6.835742e+01 -4.543811e+01 -3.000000e+00
     vertex  6.837006e+01 -4.548301e+01 -3.000000e+00
     vertex -6.836359e+01 -4.546061e+01 -3.000000e+00
   endloop
 endfacet
 facet normal -0.000000e+00  0.000000e+00 -1.000000e+00
   outer loop
     vertex  6.834602e+01 -4.539289e+01 -3.000000e+00
     vertex -6.835157e+01 -4.541554e+01 -3.000000e+00
     vertex -6.834079e+01 -4.537016e+01 -3.000000e+00
   endloop
 endfacet
 facet normal  0.000000e+00 -0.000000e+00 -1.000000e+00
   outer loop
     vertex  6.834602e+01 -4.539289e+01 -3.000000e+00
     vertex  6.835742e+01 -4.543811e+01 -3.000000e+00
     vertex -6.835157e+01 -4.541554e+01 -3.000000e+00
   endloop
 endfacet
 facet normal -0.000000e+00  0.000000e+00 -1.000000e+00
   outer loop
     vertex  6.833587e+01 -4.534736e+01 -3.000000e+00
     vertex -6.834079e+01 -4.537016e+01 -3.000000e+00
     vertex -6.833126e+01 -4.532450e+01 -3.000000e+00
   endloop
 endfacet
 facet normal  0.000000e+00 -0.000000e+00 -1.000000e+00
   outer loop
     vertex  6.833587e+01 -4.534736e+01 -3.000000e+00
     vertex  6.834602e+01 -4.539289e+01 -3.000000e+00
     vertex -6.834079e+01 -4.537016e+01 -3.000000e+00
   endloop
 endfacet
 facet normal -0.000000e+00  0.000000e+00 -1.000000e+00
   outer loop
     vertex  6.832696e+01 -4.530158e+01 -3.000000e+00
     vertex -6.833126e+01 -4.532450e+01 -3.000000e+00
     vertex -6.832298e+01 -4.527860e+01 -3.000000e+00
   endloop
 endfacet
 facet normal  0.000000e+00 -0.000000e+00 -1.000000e+00
   outer loop
     vertex  6.832696e+01 -4.530158e+01 -3.000000e+00
     vertex  6.833587e+01 -4.534736e+01 -3.000000e+00
     vertex -6.833126e+01 -4.532450e+01 -3.000000e+00
   endloop
 endfacet
 facet normal -0.000000e+00  0.000000e+00 -1.000000e+00
   outer loop
     vertex  6.831932e+01 -4.525557e+01 -3.000000e+00
     vertex -6.832298e+01 -4.527860e+01 -3.000000e+00
     vertex -6.831597e+01 -4.523249e+01 -3.000000e+00
   endloop
 endfacet
 facet normal  0.000000e+00 -0.000000e+00 -1.000000e+00
   outer loop
     vertex  6.831932e+01 -4.525557e+01 -3.000000e+00
     vertex  6.832696e+01 -4.530158e+01 -3.000000e+00
     vertex -6.832298e+01 -4.527860e+01 -3.000000e+00
   endloop
 endfacet
 facet normal -0.000000e+00  0.000000e+00 -1.000000e+00
   outer loop
     vertex  6.831294e+01 -4.520936e+01 -3.000000e+00
     vertex -6.831597e+01 -4.523249e+01 -3.000000e+00
     vertex -6.831023e+01 -4.518620e+01 -3.000000e+00
   endloop
 endfacet
 facet normal  0.000000e+00 -0.000000e+00 -1.000000e+00
   outer loop
     vertex  6.831294e+01 -4.520936e+01 -3.000000e+00
     vertex  6.831932e+01 -4.525557e+01 -3.000000e+00
     vertex -6.831597e+01 -4.523249e+01 -3.000000e+00
   endloop
 endfacet
 facet normal -0.000000e+00  0.000000e+00 -1.000000e+00
   outer loop
     vertex  6.830783e+01 -4.516300e+01 -3.000000e+00
     vertex -6.831023e+01 -4.518620e+01 -3.000000e+00
     vertex -6.830576e+01 -4.513977e+01 -3.000000e+00
   endloop
 endfacet
 facet normal  0.000000e+00 -0.000000e+00 -1.000000e+00
   outer loop
     vertex  6.830783e+01 -4.516300e+01 -3.000000e+00
     vertex  6.831294e+01 -4.520936e+01 -3.000000e+00
     vertex -6.831023e+01 -4.518620e+01 -3.000000e+00
   endloop
 endfacet
 facet normal -0.000000e+00  0.000000e+00 -1.000000e+00
   outer loop
     vertex  6.830400e+01 -4.511652e+01 -3.000000e+00
     vertex -6.830576e+01 -4.513977e+01 -3.000000e+00
     vertex -6.830256e+01 -4.509324e+01 -3.000000e+00
   endloop
 endfacet
 facet normal  0.000000e+00 -0.000000e+00 -1.000000e+00
   outer loop
     vertex  6.830400e+01 -4.511652e+01 -3.000000e+00
     vertex  6.830783e+01 -4.516300e+01 -3.000000e+00
     vertex -6.830576e+01 -4.513977e+01 -3.000000e+00
   endloop
 endfacet
 facet normal  0.000000e+00 -0.000000e+00 -1.000000e+00
   outer loop
     vertex  6.830144e+01 -4.506995e+01 -3.000000e+00
     vertex  6.830400e+01 -4.511652e+01 -3.000000e+00
     vertex -6.830256e+01 -4.509324e+01 -3.000000e+00
   endloop
 endfacet
 facet normal -0.000000e+00  0.000000e+00 -1.000000e+00
   outer loop
     vertex  6.830144e+01 -4.506995e+01 -3.000000e+00
     vertex -6.830256e+01 -4.509324e+01 -3.000000e+00
     vertex -6.830064e+01 -4.504664e+01 -3.000000e+00
   endloop
 endfacet
 facet normal -0.000000e+00  0.000000e+00 -1.000000e+00
   outer loop
     vertex  6.830016e+01 -4.502332e+01 -3.000000e+00
     vertex -6.830064e+01 -4.504664e+01 -3.000000e+00
     vertex -6.830000e+01 -4.500000e+01 -3.000000e+00
   endloop
 endfacet
 facet normal  0.000000e+00 -0.000000e+00 -1.000000e+00
   outer loop
     vertex  6.830016e+01 -4.502332e+01 -3.000000e+00
     vertex  6.830144e+01 -4.506995e+01 -3.000000e+00
     vertex -6.830064e+01 -4.504664e+01 -3.000000e+00
   endloop
 endfacet
 facet normal -0.000000e+00  0.000000e+00 -1.000000e+00
   outer loop
     vertex  6.830016e+01 -4.497668e+01 -3.000000e+00
     vertex -6.830000e+01 -4.500000e+01 -3.000000e+00
     vertex -6.830064e+01 -4.495336e+01 -3.000000e+00
   endloop
 endfacet
 facet normal  0.000000e+00 -0.000000e+00 -1.000000e+00
   outer loop
     vertex  6.830016e+01 -4.497668e+01 -3.000000e+00
     vertex  6.830016e+01 -4.502332e+01 -3.000000e+00
     vertex -6.830000e+01 -4.500000e+01 -3.000000e+00
   endloop
 endfacet
 facet normal -0.000000e+00  0.000000e+00 -1.000000e+00
   outer loop
     vertex  6.830144e+01 -4.493005e+01 -3.000000e+00
     vertex -6.830064e+01 -4.495336e+01 -3.000000e+00
     vertex -6.830256e+01 -4.490676e+01 -3.000000e+00
   endloop
 endfacet
 facet normal  0.000000e+00  0.000000e+00 -1.000000e+00
   outer loop
     vertex  6.830144e+01 -4.493005e+01 -3.000000e+00
     vertex  6.830016e+01 -4.497668e+01 -3.000000e+00
     vertex -6.830064e+01 -4.495336e+01 -3.000000e+00
   endloop
 endfacet
 facet normal -0.000000e+00  0.000000e+00 -1.000000e+00
   outer loop
     vertex  6.830400e+01 -4.488348e+01 -3.000000e+00
     vertex -6.830256e+01 -4.490676e+01 -3.000000e+00
     vertex -6.830576e+01 -4.486023e+01 -3.000000e+00
   endloop
 endfacet
 facet normal  0.000000e+00  0.000000e+00 -1.000000e+00
   outer loop
     vertex  6.830400e+01 -4.488348e+01 -3.000000e+00
     vertex  6.830144e+01 -4.493005e+01 -3.000000e+00
     vertex -6.830256e+01 -4.490676e+01 -3.000000e+00
   endloop
 endfacet
 facet normal -0.000000e+00  0.000000e+00 -1.000000e+00
   outer loop
     vertex  6.830783e+01 -4.483700e+01 -3.000000e+00
     vertex -6.830576e+01 -4.486023e+01 -3.000000e+00
     vertex -6.831023e+01 -4.481380e+01 -3.000000e+00
   endloop
 endfacet
 facet normal  0.000000e+00  0.000000e+00 -1.000000e+00
   outer loop
     vertex  6.830783e+01 -4.483700e+01 -3.000000e+00
     vertex  6.830400e+01 -4.488348e+01 -3.000000e+00
     vertex -6.830576e+01 -4.486023e+01 -3.000000e+00
   endloop
 endfacet
 facet normal -0.000000e+00  0.000000e+00 -1.000000e+00
   outer loop
     vertex  6.831294e+01 -4.479064e+01 -3.000000e+00
     vertex -6.831023e+01 -4.481380e+01 -3.000000e+00
     vertex -6.831597e+01 -4.476751e+01 -3.000000e+00
   endloop
 endfacet
 facet normal  0.000000e+00  0.000000e+00 -1.000000e+00
   outer loop
     vertex  6.831294e+01 -4.479064e+01 -3.000000e+00
     vertex  6.830783e+01 -4.483700e+01 -3.000000e+00
     vertex -6.831023e+01 -4.481380e+01 -3.000000e+00
   endloop
 endfacet
 facet normal -0.000000e+00  0.000000e+00 -1.000000e+00
   outer loop
     vertex  6.831932e+01 -4.474443e+01 -3.000000e+00
     vertex -6.831597e+01 -4.476751e+01 -3.000000e+00
     vertex -6.832298e+01 -4.472140e+01 -3.000000e+00
   endloop
 endfacet
 facet normal  0.000000e+00  0.000000e+00 -1.000000e+00
   outer loop
     vertex  6.831932e+01 -4.474443e+01 -3.000000e+00
     vertex  6.831294e+01 -4.479064e+01 -3.000000e+00
     vertex -6.831597e+01 -4.476751e+01 -3.000000e+00
   endloop
 endfacet
 facet normal -0.000000e+00  0.000000e+00 -1.000000e+00
   outer loop
     vertex  6.832696e+01 -4.469842e+01 -3.000000e+00
     vertex -6.832298e+01 -4.472140e+01 -3.000000e+00
     vertex -6.833126e+01 -4.467550e+01 -3.000000e+00
   endloop
 endfacet
 facet normal  0.000000e+00  0.000000e+00 -1.000000e+00
   outer loop
     vertex  6.832696e+01 -4.469842e+01 -3.000000e+00
     vertex  6.831932e+01 -4.474443e+01 -3.000000e+00
     vertex -6.832298e+01 -4.472140e+01 -3.000000e+00
   endloop
 endfacet
 facet normal  0.000000e+00  0.000000e+00 -1.000000e+00
   outer loop
     vertex  6.833587e+01 -4.465264e+01 -3.000000e+00
     vertex  6.832696e+01 -4.469842e+01 -3.000000e+00
     vertex -6.833126e+01 -4.467550e+01 -3.000000e+00
   endloop
 endfacet
 facet normal -0.000000e+00  0.000000e+00 -1.000000e+00
   outer loop
     vertex  6.833587e+01 -4.465264e+01 -3.000000e+00
     vertex -6.833126e+01 -4.467550e+01 -3.000000e+00
     vertex -6.834079e+01 -4.462984e+01 -3.000000e+00
   endloop
 endfacet
 facet normal -0.000000e+00  0.000000e+00 -1.000000e+00
   outer loop
     vertex  6.834602e+01 -4.460711e+01 -3.000000e+00
     vertex -6.834079e+01 -4.462984e+01 -3.000000e+00
     vertex -6.835157e+01 -4.458446e+01 -3.000000e+00
   endloop
 endfacet
 facet normal  0.000000e+00  0.000000e+00 -1.000000e+00
   outer loop
     vertex  6.834602e+01 -4.460711e+01 -3.000000e+00
     vertex  6.833587e+01 -4.465264e+01 -3.000000e+00
     vertex -6.834079e+01 -4.462984e+01 -3.000000e+00
   endloop
 endfacet
 facet normal -0.000000e+00  0.000000e+00 -1.000000e+00
   outer loop
     vertex  6.835742e+01 -4.456189e+01 -3.000000e+00
     vertex -6.835157e+01 -4.458446e+01 -3.000000e+00
     vertex -6.836359e+01 -4.453939e+01 -3.000000e+00
   endloop
 endfacet
 facet normal  0.000000e+00  0.000000e+00 -1.000000e+00
   outer loop
     vertex  6.835742e+01 -4.456189e+01 -3.000000e+00
     vertex  6.834602e+01 -4.460711e+01 -3.000000e+00
     vertex -6.835157e+01 -4.458446e+01 -3.000000e+00
   endloop
 endfacet
 facet normal -0.000000e+00  0.000000e+00 -1.000000e+00
   outer loop
     vertex  6.837006e+01 -4.451699e+01 -3.000000e+00
     vertex -6.836359e+01 -4.453939e+01 -3.000000e+00
     vertex -6.837684e+01 -4.449467e+01 -3.000000e+00
   endloop
 endfacet
 facet normal  0.000000e+00  0.000000e+00 -1.000000e+00
   outer loop
     vertex  6.837006e+01 -4.451699e+01 -3.000000e+00
     vertex  6.835742e+01 -4.456189e+01 -3.000000e+00
     vertex -6.836359e+01 -4.453939e+01 -3.000000e+00
   endloop
 endfacet
 facet normal  0.000000e+00  0.000000e+00 -1.000000e+00
   outer loop
     vertex  6.838393e+01 -4.447245e+01 -3.000000e+00
     vertex  6.837006e+01 -4.451699e+01 -3.000000e+00
     vertex -6.837684e+01 -4.449467e+01 -3.000000e+00
   endloop
 endfacet
 facet normal -0.000000e+00  0.000000e+00 -1.000000e+00
   outer loop
     vertex  6.838393e+01 -4.447245e+01 -3.000000e+00
     vertex -6.837684e+01 -4.449467e+01 -3.000000e+00
     vertex -6.839132e+01 -4.445033e+01 -3.000000e+00
   endloop
 endfacet
 facet normal -0.000000e+00  0.000000e+00 -1.000000e+00
   outer loop
     vertex  6.839901e+01 -4.442832e+01 -3.000000e+00
     vertex -6.839132e+01 -4.445033e+01 -3.000000e+00
     vertex -6.840700e+01 -4.440641e+01 -3.000000e+00
   endloop
 endfacet
 facet normal  0.000000e+00  0.000000e+00 -1.000000e+00
   outer loop
     vertex  6.839901e+01 -4.442832e+01 -3.000000e+00
     vertex  6.838393e+01 -4.447245e+01 -3.000000e+00
     vertex -6.839132e+01 -4.445033e+01 -3.000000e+00
   endloop
 endfacet
 facet normal -0.000000e+00  0.000000e+00 -1.000000e+00
   outer loop
     vertex  6.841529e+01 -4.438461e+01 -3.000000e+00
     vertex -6.840700e+01 -4.440641e+01 -3.000000e+00
     vertex -6.842388e+01 -4.436293e+01 -3.000000e+00
   endloop
 endfacet
 facet normal  0.000000e+00  0.000000e+00 -1.000000e+00
   outer loop
     vertex  6.841529e+01 -4.438461e+01 -3.000000e+00
     vertex  6.839901e+01 -4.442832e+01 -3.000000e+00
     vertex -6.840700e+01 -4.440641e+01 -3.000000e+00
   endloop
 endfacet
 facet normal -0.000000e+00  0.000000e+00 -1.000000e+00
   outer loop
     vertex  6.843277e+01 -4.434137e+01 -3.000000e+00
     vertex -6.842388e+01 -4.436293e+01 -3.000000e+00
     vertex -6.844196e+01 -4.431993e+01 -3.000000e+00
   endloop
 endfacet
 facet normal  0.000000e+00  0.000000e+00 -1.000000e+00
   outer loop
     vertex  6.843277e+01 -4.434137e+01 -3.000000e+00
     vertex  6.841529e+01 -4.438461e+01 -3.000000e+00
     vertex -6.842388e+01 -4.436293e+01 -3.000000e+00
   endloop
 endfacet
 facet normal -0.000000e+00  0.000000e+00 -1.000000e+00
   outer loop
     vertex  6.845143e+01 -4.429862e+01 -3.000000e+00
     vertex -6.844196e+01 -4.431993e+01 -3.000000e+00
     vertex -6.846120e+01 -4.427744e+01 -3.000000e+00
   endloop
 endfacet
 facet normal  0.000000e+00  0.000000e+00 -1.000000e+00
   outer loop
     vertex  6.845143e+01 -4.429862e+01 -3.000000e+00
     vertex  6.843277e+01 -4.434137e+01 -3.000000e+00
     vertex -6.844196e+01 -4.431993e+01 -3.000000e+00
   endloop
 endfacet
 facet normal -0.000000e+00  0.000000e+00 -1.000000e+00
   outer loop
     vertex  6.847126e+01 -4.425640e+01 -3.000000e+00
     vertex -6.846120e+01 -4.427744e+01 -3.000000e+00
     vertex -6.848160e+01 -4.423550e+01 -3.000000e+00
   endloop
 endfacet
 facet normal  0.000000e+00  0.000000e+00 -1.000000e+00
   outer loop
     vertex  6.847126e+01 -4.425640e+01 -3.000000e+00
     vertex  6.845143e+01 -4.429862e+01 -3.000000e+00
     vertex -6.846120e+01 -4.427744e+01 -3.000000e+00
   endloop
 endfacet
 facet normal  0.000000e+00  0.000000e+00 -1.000000e+00
   outer loop
     vertex  6.849223e+01 -4.421474e+01 -3.000000e+00
     vertex  6.847126e+01 -4.425640e+01 -3.000000e+00
     vertex -6.848160e+01 -4.423550e+01 -3.000000e+00
   endloop
 endfacet
 facet normal -0.000000e+00  0.000000e+00 -1.000000e+00
   outer loop
     vertex  6.849223e+01 -4.421474e+01 -3.000000e+00
     vertex -6.848160e+01 -4.423550e+01 -3.000000e+00
     vertex -6.850315e+01 -4.419413e+01 -3.000000e+00
   endloop
 endfacet
 facet normal  0.000000e+00  0.000000e+00 -1.000000e+00
   outer loop
     vertex  6.851434e+01 -4.417367e+01 -3.000000e+00
     vertex  6.849223e+01 -4.421474e+01 -3.000000e+00
     vertex -6.850315e+01 -4.419413e+01 -3.000000e+00
   endloop
 endfacet
 facet normal -0.000000e+00  0.000000e+00 -1.000000e+00
   outer loop
     vertex  6.851434e+01 -4.417367e+01 -3.000000e+00
     vertex -6.850315e+01 -4.419413e+01 -3.000000e+00
     vertex -6.852582e+01 -4.415337e+01 -3.000000e+00
   endloop
 endfacet
 facet normal  0.000000e+00  0.000000e+00 -1.000000e+00
   outer loop
     vertex  6.853757e+01 -4.413322e+01 -3.000000e+00
     vertex  6.851434e+01 -4.417367e+01 -3.000000e+00
     vertex -6.852582e+01 -4.415337e+01 -3.000000e+00
   endloop
 endfacet
 facet normal -0.000000e+00  0.000000e+00 -1.000000e+00
   outer loop
     vertex  6.853757e+01 -4.413322e+01 -3.000000e+00
     vertex -6.852582e+01 -4.415337e+01 -3.000000e+00
     vertex -6.854960e+01 -4.411324e+01 -3.000000e+00
   endloop
 endfacet
 facet normal -0.000000e+00  0.000000e+00 -1.000000e+00
   outer loop
     vertex  6.856190e+01 -4.409343e+01 -3.000000e+00
     vertex -6.854960e+01 -4.411324e+01 -3.000000e+00
     vertex -6.857447e+01 -4.407379e+01 -3.000000e+00
   endloop
 endfacet
 facet normal  0.000000e+00  0.000000e+00 -1.000000e+00
   outer loop
     vertex  6.856190e+01 -4.409343e+01 -3.000000e+00
     vertex  6.853757e+01 -4.413322e+01 -3.000000e+00
     vertex -6.854960e+01 -4.411324e+01 -3.000000e+00
   endloop
 endfacet
 facet normal  0.000000e+00  0.000000e+00 -1.000000e+00
   outer loop
     vertex  8.000000e+01 -5.500000e+01 -3.000000e+00
     vertex  6.991840e+01 -4.669804e+01 -3.000000e+00
     vertex  6.996502e+01 -4.669964e+01 -3.000000e+00
   endloop
 endfacet
 facet normal  0.000000e+00  0.000000e+00 -1.000000e+00
   outer loop
     vertex  8.000000e+01 -5.500000e+01 -3.000000e+00
     vertex  6.996502e+01 -4.669964e+01 -3.000000e+00
     vertex  7.001166e+01 -4.669996e+01 -3.000000e+00
   endloop
 endfacet
 facet normal  0.000000e+00  0.000000e+00 -1.000000e+00
   outer loop
     vertex  8.000000e+01 -5.500000e+01 -3.000000e+00
     vertex  7.001166e+01 -4.669996e+01 -3.000000e+00
     vertex  7.005829e+01 -4.669900e+01 -3.000000e+00
   endloop
 endfacet
 facet normal  0.000000e+00  0.000000e+00 -1.000000e+00
   outer loop
     vertex  8.000000e+01 -5.500000e+01 -3.000000e+00
     vertex  7.005829e+01 -4.669900e+01 -3.000000e+00
     vertex  7.010488e+01 -4.669676e+01 -3.000000e+00
   endloop
 endfacet
 facet normal  0.000000e+00  0.000000e+00 -1.000000e+00
   outer loop
     vertex  8.000000e+01 -5.500000e+01 -3.000000e+00
     vertex  7.010488e+01 -4.669676e+01 -3.000000e+00
     vertex  7.015139e+01 -4.669325e+01 -3.000000e+00
   endloop
 endfacet
 facet normal  0.000000e+00  0.000000e+00 -1.000000e+00
   outer loop
     vertex  8.000000e+01 -5.500000e+01 -3.000000e+00
     vertex  7.015139e+01 -4.669325e+01 -3.000000e+00
     vertex  7.019779e+01 -4.668846e+01 -3.000000e+00
   endloop
 endfacet
 facet normal  0.000000e+00  0.000000e+00 -1.000000e+00
   outer loop
     vertex  8.000000e+01 -5.500000e+01 -3.000000e+00
     vertex  7.019779e+01 -4.668846e+01 -3.000000e+00
     vertex  7.024403e+01 -4.668239e+01 -3.000000e+00
   endloop
 endfacet
 facet normal  0.000000e+00  0.000000e+00 -1.000000e+00
   outer loop
     vertex  8.000000e+01 -5.500000e+01 -3.000000e+00
     vertex  7.024403e+01 -4.668239e+01 -3.000000e+00
     vertex  7.029010e+01 -4.667507e+01 -3.000000e+00
   endloop
 endfacet
 facet normal  0.000000e+00  0.000000e+00 -1.000000e+00
   outer loop
     vertex  8.000000e+01 -5.500000e+01 -3.000000e+00
     vertex  7.029010e+01 -4.667507e+01 -3.000000e+00
     vertex  7.033594e+01 -4.666648e+01 -3.000000e+00
   endloop
 endfacet
 facet normal  0.000000e+00  0.000000e+00 -1.000000e+00
   outer loop
     vertex  8.000000e+01 -5.500000e+01 -3.000000e+00
     vertex  7.033594e+01 -4.666648e+01 -3.000000e+00
     vertex  7.038153e+01 -4.665663e+01 -3.000000e+00
   endloop
 endfacet
 facet normal  0.000000e+00  0.000000e+00 -1.000000e+00
   outer loop
     vertex  8.000000e+01 -5.500000e+01 -3.000000e+00
     vertex  7.038153e+01 -4.665663e+01 -3.000000e+00
     vertex  7.042684e+01 -4.664554e+01 -3.000000e+00
   endloop
 endfacet
 facet normal  0.000000e+00  0.000000e+00 -1.000000e+00
   outer loop
     vertex  8.000000e+01 -5.500000e+01 -3.000000e+00
     vertex  7.042684e+01 -4.664554e+01 -3.000000e+00
     vertex  7.047182e+01 -4.663321e+01 -3.000000e+00
   endloop
 endfacet
 facet normal  0.000000e+00  0.000000e+00 -1.000000e+00
   outer loop
     vertex  8.000000e+01 -5.500000e+01 -3.000000e+00
     vertex  7.047182e+01 -4.663321e+01 -3.000000e+00
     vertex  7.051645e+01 -4.661965e+01 -3.000000e+00
   endloop
 endfacet
 facet normal  0.000000e+00  0.000000e+00 -1.000000e+00
   outer loop
     vertex  8.000000e+01 -5.500000e+01 -3.000000e+00
     vertex  7.051645e+01 -4.661965e+01 -3.000000e+00
     vertex  7.056069e+01 -4.660488e+01 -3.000000e+00
   endloop
 endfacet
 facet normal  0.000000e+00  0.000000e+00 -1.000000e+00
   outer loop
     vertex  8.000000e+01 -5.500000e+01 -3.000000e+00
     vertex  7.056069e+01 -4.660488e+01 -3.000000e+00
     vertex  7.060451e+01 -4.658889e+01 -3.000000e+00
   endloop
 endfacet
 facet normal  0.000000e+00  0.000000e+00 -1.000000e+00
   outer loop
     vertex  8.000000e+01 -5.500000e+01 -3.000000e+00
     vertex  7.060451e+01 -4.658889e+01 -3.000000e+00
     vertex  7.064787e+01 -4.657171e+01 -3.000000e+00
   endloop
 endfacet
 facet normal  0.000000e+00  0.000000e+00 -1.000000e+00
   outer loop
     vertex  8.000000e+01 -5.500000e+01 -3.000000e+00
     vertex  7.064787e+01 -4.657171e+01 -3.000000e+00
     vertex  7.069074e+01 -4.655334e+01 -3.000000e+00
   endloop
 endfacet
 facet normal  0.000000e+00  0.000000e+00 -1.000000e+00
   outer loop
     vertex  8.000000e+01 -5.500000e+01 -3.000000e+00
     vertex  7.069074e+01 -4.655334e+01 -3.000000e+00
     vertex  7.073310e+01 -4.653381e+01 -3.000000e+00
   endloop
 endfacet
 facet normal  0.000000e+00  0.000000e+00 -1.000000e+00
   outer loop
     vertex  8.000000e+01 -5.500000e+01 -3.000000e+00
     vertex  7.073310e+01 -4.653381e+01 -3.000000e+00
     vertex  7.077490e+01 -4.651312e+01 -3.000000e+00
   endloop
 endfacet
 facet normal  0.000000e+00  0.000000e+00 -1.000000e+00
   outer loop
     vertex  8.000000e+01 -5.500000e+01 -3.000000e+00
     vertex -8.000000e+01 -5.500000e+01 -3.000000e+00
     vertex -6.902545e+01 -4.639293e+01 -3.000000e+00
   endloop
 endfacet
 facet normal  0.000000e+00  0.000000e+00 -1.000000e+00
   outer loop
     vertex  8.000000e+01 -5.500000e+01 -3.000000e+00
     vertex  7.077490e+01 -4.651312e+01 -3.000000e+00
     vertex  7.081612e+01 -4.649129e+01 -3.000000e+00
   endloop
 endfacet
 facet normal  0.000000e+00  0.000000e+00 -1.000000e+00
   outer loop
     vertex  8.000000e+01 -5.500000e+01 -3.000000e+00
     vertex  7.081612e+01 -4.649129e+01 -3.000000e+00
     vertex  7.085672e+01 -4.646834e+01 -3.000000e+00
   endloop
 endfacet
 facet normal  0.000000e+00  0.000000e+00 -1.000000e+00
   outer loop
     vertex  8.000000e+01 -5.500000e+01 -3.000000e+00
     vertex  7.085672e+01 -4.646834e+01 -3.000000e+00
     vertex  7.089668e+01 -4.644428e+01 -3.000000e+00
   endloop
 endfacet
 facet normal  0.000000e+00  0.000000e+00 -1.000000e+00
   outer loop
     vertex  8.000000e+01 -5.500000e+01 -3.000000e+00
     vertex  7.089668e+01 -4.644428e+01 -3.000000e+00
     vertex  7.093597e+01 -4.641914e+01 -3.000000e+00
   endloop
 endfacet
 facet normal  0.000000e+00  0.000000e+00 -1.000000e+00
   outer loop
     vertex  8.000000e+01 -5.500000e+01 -3.000000e+00
     vertex  7.093597e+01 -4.641914e+01 -3.000000e+00
     vertex  7.097455e+01 -4.639293e+01 -3.000000e+00
   endloop
 endfacet
 facet normal  0.000000e+00  0.000000e+00 -1.000000e+00
   outer loop
     vertex  8.000000e+01 -5.500000e+01 -3.000000e+00
     vertex  7.097455e+01 -4.639293e+01 -3.000000e+00
     vertex  7.101240e+01 -4.636567e+01 -3.000000e+00
   endloop
 endfacet
 facet normal  0.000000e+00  0.000000e+00 -1.000000e+00
   outer loop
     vertex  8.000000e+01 -5.500000e+01 -3.000000e+00
     vertex  7.101240e+01 -4.636567e+01 -3.000000e+00
     vertex  7.104948e+01 -4.633738e+01 -3.000000e+00
   endloop
 endfacet
 facet normal  0.000000e+00  0.000000e+00 -1.000000e+00
   outer loop
     vertex  8.000000e+01 -5.500000e+01 -3.000000e+00
     vertex  7.104948e+01 -4.633738e+01 -3.000000e+00
     vertex  7.108578e+01 -4.630809e+01 -3.000000e+00
   endloop
 endfacet
 facet normal  0.000000e+00  0.000000e+00 -1.000000e+00
   outer loop
     vertex  8.000000e+01 -5.500000e+01 -3.000000e+00
     vertex  7.108578e+01 -4.630809e+01 -3.000000e+00
     vertex  7.112125e+01 -4.627781e+01 -3.000000e+00
   endloop
 endfacet
 facet normal  0.000000e+00  0.000000e+00 -1.000000e+00
   outer loop
     vertex  8.000000e+01 -5.500000e+01 -3.000000e+00
     vertex  7.112125e+01 -4.627781e+01 -3.000000e+00
     vertex  7.115589e+01 -4.624657e+01 -3.000000e+00
   endloop
 endfacet
 facet normal  0.000000e+00  0.000000e+00 -1.000000e+00
   outer loop
     vertex  8.000000e+01 -5.500000e+01 -3.000000e+00
     vertex  7.115589e+01 -4.624657e+01 -3.000000e+00
     vertex  7.118965e+01 -4.621439e+01 -3.000000e+00
   endloop
 endfacet
 facet normal  0.000000e+00  0.000000e+00 -1.000000e+00
   outer loop
     vertex  8.000000e+01 -5.500000e+01 -3.000000e+00
     vertex -6.902545e+01 -4.639293e+01 -3.000000e+00
     vertex  6.904465e+01 -4.640617e+01 -3.000000e+00
   endloop
 endfacet
 facet normal  0.000000e+00  0.000000e+00 -1.000000e+00
   outer loop
     vertex  8.000000e+01 -5.500000e+01 -3.000000e+00
     vertex  6.904465e+01 -4.640617e+01 -3.000000e+00
     vertex  6.908359e+01 -4.643185e+01 -3.000000e+00
   endloop
 endfacet
 facet normal  0.000000e+00  0.000000e+00 -1.000000e+00
   outer loop
     vertex  8.000000e+01 -5.500000e+01 -3.000000e+00
     vertex  6.908359e+01 -4.643185e+01 -3.000000e+00
     vertex  6.912321e+01 -4.645645e+01 -3.000000e+00
   endloop
 endfacet
 facet normal  0.000000e+00  0.000000e+00 -1.000000e+00
   outer loop
     vertex  8.000000e+01 -5.500000e+01 -3.000000e+00
     vertex  6.912321e+01 -4.645645e+01 -3.000000e+00
     vertex  6.916350e+01 -4.647996e+01 -3.000000e+00
   endloop
 endfacet
 facet normal  0.000000e+00  0.000000e+00 -1.000000e+00
   outer loop
     vertex  8.000000e+01 -5.500000e+01 -3.000000e+00
     vertex  6.916350e+01 -4.647996e+01 -3.000000e+00
     vertex  6.920442e+01 -4.650235e+01 -3.000000e+00
   endloop
 endfacet
 facet normal  0.000000e+00  0.000000e+00 -1.000000e+00
   outer loop
     vertex  8.000000e+01 -5.500000e+01 -3.000000e+00
     vertex  6.920442e+01 -4.650235e+01 -3.000000e+00
     vertex  6.924593e+01 -4.652361e+01 -3.000000e+00
   endloop
 endfacet
 facet normal  0.000000e+00  0.000000e+00 -1.000000e+00
   outer loop
     vertex  8.000000e+01 -5.500000e+01 -3.000000e+00
     vertex  6.924593e+01 -4.652361e+01 -3.000000e+00
     vertex  6.928801e+01 -4.654372e+01 -3.000000e+00
   endloop
 endfacet
 facet normal  0.000000e+00  0.000000e+00 -1.000000e+00
   outer loop
     vertex  8.000000e+01 -5.500000e+01 -3.000000e+00
     vertex  6.928801e+01 -4.654372e+01 -3.000000e+00
     vertex  6.933063e+01 -4.656267e+01 -3.000000e+00
   endloop
 endfacet
 facet normal  0.000000e+00  0.000000e+00 -1.000000e+00
   outer loop
     vertex  8.000000e+01 -5.500000e+01 -3.000000e+00
     vertex  6.933063e+01 -4.656267e+01 -3.000000e+00
     vertex  6.937375e+01 -4.658045e+01 -3.000000e+00
   endloop
 endfacet
 facet normal  0.000000e+00  0.000000e+00 -1.000000e+00
   outer loop
     vertex  8.000000e+01 -5.500000e+01 -3.000000e+00
     vertex  6.937375e+01 -4.658045e+01 -3.000000e+00
     vertex  6.941735e+01 -4.659703e+01 -3.000000e+00
   endloop
 endfacet
 facet normal  0.000000e+00  0.000000e+00 -1.000000e+00
   outer loop
     vertex  8.000000e+01 -5.500000e+01 -3.000000e+00
     vertex  6.941735e+01 -4.659703e+01 -3.000000e+00
     vertex  6.946138e+01 -4.661242e+01 -3.000000e+00
   endloop
 endfacet
 facet normal  0.000000e+00  0.000000e+00 -1.000000e+00
   outer loop
     vertex  8.000000e+01 -5.500000e+01 -3.000000e+00
     vertex  6.946138e+01 -4.661242e+01 -3.000000e+00
     vertex  6.950582e+01 -4.662659e+01 -3.000000e+00
   endloop
 endfacet
 facet normal  0.000000e+00  0.000000e+00 -1.000000e+00
   outer loop
     vertex  8.000000e+01 -5.500000e+01 -3.000000e+00
     vertex  6.950582e+01 -4.662659e+01 -3.000000e+00
     vertex  6.955063e+01 -4.663953e+01 -3.000000e+00
   endloop
 endfacet
 facet normal  0.000000e+00  0.000000e+00 -1.000000e+00
   outer loop
     vertex  8.000000e+01 -5.500000e+01 -3.000000e+00
     vertex  6.955063e+01 -4.663953e+01 -3.000000e+00
     vertex  6.959578e+01 -4.665124e+01 -3.000000e+00
   endloop
 endfacet
 facet normal  0.000000e+00  0.000000e+00 -1.000000e+00
   outer loop
     vertex  8.000000e+01 -5.500000e+01 -3.000000e+00
     vertex  6.959578e+01 -4.665124e+01 -3.000000e+00
     vertex  6.964123e+01 -4.666171e+01 -3.000000e+00
   endloop
 endfacet
 facet normal  0.000000e+00  0.000000e+00 -1.000000e+00
   outer loop
     vertex  8.000000e+01 -5.500000e+01 -3.000000e+00
     vertex  6.964123e+01 -4.666171e+01 -3.000000e+00
     vertex  6.968695e+01 -4.667093e+01 -3.000000e+00
   endloop
 endfacet
 facet normal  0.000000e+00  0.000000e+00 -1.000000e+00
   outer loop
     vertex  8.000000e+01 -5.500000e+01 -3.000000e+00
     vertex  6.968695e+01 -4.667093e+01 -3.000000e+00
     vertex  6.973291e+01 -4.667889e+01 -3.000000e+00
   endloop
 endfacet
 facet normal  0.000000e+00  0.000000e+00 -1.000000e+00
   outer loop
     vertex  8.000000e+01 -5.500000e+01 -3.000000e+00
     vertex  6.973291e+01 -4.667889e+01 -3.000000e+00
     vertex  6.977907e+01 -4.668558e+01 -3.000000e+00
   endloop
 endfacet
 facet normal  0.000000e+00  0.000000e+00 -1.000000e+00
   outer loop
     vertex  8.000000e+01 -5.500000e+01 -3.000000e+00
     vertex  6.977907e+01 -4.668558e+01 -3.000000e+00
     vertex  6.982539e+01 -4.669101e+01 -3.000000e+00
   endloop
 endfacet
 facet normal  0.000000e+00  0.000000e+00 -1.000000e+00
   outer loop
     vertex  8.000000e+01 -5.500000e+01 -3.000000e+00
     vertex  6.982539e+01 -4.669101e+01 -3.000000e+00
     vertex  6.987185e+01 -4.669516e+01 -3.000000e+00
   endloop
 endfacet
 facet normal  0.000000e+00  0.000000e+00 -1.000000e+00
   outer loop
     vertex  8.000000e+01 -5.500000e+01 -3.000000e+00
     vertex  6.987185e+01 -4.669516e+01 -3.000000e+00
     vertex  6.991840e+01 -4.669804e+01 -3.000000e+00
   endloop
 endfacet
 facet normal  0.000000e+00 -0.000000e+00 -1.000000e+00
   outer loop
     vertex  7.122252e+01 -4.618129e+01 -3.000000e+00
     vertex  8.000000e+01 -5.500000e+01 -3.000000e+00
     vertex  7.118965e+01 -4.621439e+01 -3.000000e+00
   endloop
 endfacet
 facet normal  0.000000e+00 -0.000000e+00 -1.000000e+00
   outer loop
     vertex  7.125447e+01 -4.614731e+01 -3.000000e+00
     vertex  8.000000e+01 -5.500000e+01 -3.000000e+00
     vertex  7.122252e+01 -4.618129e+01 -3.000000e+00
   endloop
 endfacet
 facet normal  0.000000e+00 -0.000000e+00 -1.000000e+00
   outer loop
     vertex  7.128547e+01 -4.611246e+01 -3.000000e+00
     vertex  8.000000e+01 -5.500000e+01 -3.000000e+00
     vertex  7.125447e+01 -4.614731e+01 -3.000000e+00
   endloop
 endfacet
 facet normal  0.000000e+00 -0.000000e+00 -1.000000e+00
   outer loop
     vertex  7.131550e+01 -4.607678e+01 -3.000000e+00
     vertex  8.000000e+01 -5.500000e+01 -3.000000e+00
     vertex  7.128547e+01 -4.611246e+01 -3.000000e+00
   endloop
 endfacet
 facet normal  0.000000e+00 -0.000000e+00 -1.000000e+00
   outer loop
     vertex  7.134455e+01 -4.604028e+01 -3.000000e+00
     vertex  8.000000e+01 -5.500000e+01 -3.000000e+00
     vertex  7.131550e+01 -4.607678e+01 -3.000000e+00
   endloop
 endfacet
 facet normal  0.000000e+00 -0.000000e+00 -1.000000e+00
   outer loop
     vertex  7.137258e+01 -4.600300e+01 -3.000000e+00
     vertex  8.000000e+01 -5.500000e+01 -3.000000e+00
     vertex  7.134455e+01 -4.604028e+01 -3.000000e+00
   endloop
 endfacet
 facet normal  0.000000e+00 -0.000000e+00 -1.000000e+00
   outer loop
     vertex  7.139958e+01 -4.596497e+01 -3.000000e+00
     vertex  8.000000e+01 -5.500000e+01 -3.000000e+00
     vertex  7.137258e+01 -4.600300e+01 -3.000000e+00
   endloop
 endfacet
 facet normal  0.000000e+00 -0.000000e+00 -1.000000e+00
   outer loop
     vertex  7.142553e+01 -4.592621e+01 -3.000000e+00
     vertex  8.000000e+01 -5.500000e+01 -3.000000e+00
     vertex  7.139958e+01 -4.596497e+01 -3.000000e+00
   endloop
 endfacet
 facet normal  0.000000e+00 -0.000000e+00 -1.000000e+00
   outer loop
     vertex  7.145040e+01 -4.588676e+01 -3.000000e+00
     vertex  8.000000e+01 -5.500000e+01 -3.000000e+00
     vertex  7.142553e+01 -4.592621e+01 -3.000000e+00
   endloop
 endfacet
 facet normal  0.000000e+00 -0.000000e+00 -1.000000e+00
   outer loop
     vertex  7.147418e+01 -4.584663e+01 -3.000000e+00
     vertex  8.000000e+01 -5.500000e+01 -3.000000e+00
     vertex  7.145040e+01 -4.588676e+01 -3.000000e+00
   endloop
 endfacet
 facet normal  0.000000e+00 -0.000000e+00 -1.000000e+00
   outer loop
     vertex  7.149685e+01 -4.580587e+01 -3.000000e+00
     vertex  8.000000e+01 -5.500000e+01 -3.000000e+00
     vertex  7.147418e+01 -4.584663e+01 -3.000000e+00
   endloop
 endfacet
 facet normal  0.000000e+00 -0.000000e+00 -1.000000e+00
   outer loop
     vertex  7.151840e+01 -4.576450e+01 -3.000000e+00
     vertex  8.000000e+01 -5.500000e+01 -3.000000e+00
     vertex  7.149685e+01 -4.580587e+01 -3.000000e+00
   endloop
 endfacet
 facet normal  0.000000e+00 -0.000000e+00 -1.000000e+00
   outer loop
     vertex  7.153880e+01 -4.572256e+01 -3.000000e+00
     vertex  8.000000e+01 -5.500000e+01 -3.000000e+00
     vertex  7.151840e+01 -4.576450e+01 -3.000000e+00
   endloop
 endfacet
 facet normal  0.000000e+00 -0.000000e+00 -1.000000e+00
   outer loop
     vertex  7.155804e+01 -4.568007e+01 -3.000000e+00
     vertex  8.000000e+01 -5.500000e+01 -3.000000e+00
     vertex  7.153880e+01 -4.572256e+01 -3.000000e+00
   endloop
 endfacet
 facet normal  0.000000e+00 -0.000000e+00 -1.000000e+00
   outer loop
     vertex  7.157612e+01 -4.563707e+01 -3.000000e+00
     vertex  8.000000e+01 -5.500000e+01 -3.000000e+00
     vertex  7.155804e+01 -4.568007e+01 -3.000000e+00
   endloop
 endfacet
 facet normal  0.000000e+00 -0.000000e+00 -1.000000e+00
   outer loop
     vertex  7.159300e+01 -4.559359e+01 -3.000000e+00
     vertex  8.000000e+01 -5.500000e+01 -3.000000e+00
     vertex  7.157612e+01 -4.563707e+01 -3.000000e+00
   endloop
 endfacet
 facet normal  0.000000e+00 -0.000000e+00 -1.000000e+00
   outer loop
     vertex  7.160868e+01 -4.554967e+01 -3.000000e+00
     vertex  8.000000e+01 -5.500000e+01 -3.000000e+00
     vertex  7.159300e+01 -4.559359e+01 -3.000000e+00
   endloop
 endfacet
 facet normal  0.000000e+00 -0.000000e+00 -1.000000e+00
   outer loop
     vertex  7.162316e+01 -4.550533e+01 -3.000000e+00
     vertex  8.000000e+01 -5.500000e+01 -3.000000e+00
     vertex  7.160868e+01 -4.554967e+01 -3.000000e+00
   endloop
 endfacet
 facet normal  0.000000e+00 -0.000000e+00 -1.000000e+00
   outer loop
     vertex  7.163641e+01 -4.546061e+01 -3.000000e+00
     vertex  8.000000e+01 -5.500000e+01 -3.000000e+00
     vertex  7.162316e+01 -4.550533e+01 -3.000000e+00
   endloop
 endfacet
 facet normal  0.000000e+00 -0.000000e+00 -1.000000e+00
   outer loop
     vertex  7.164843e+01 -4.541554e+01 -3.000000e+00
     vertex  8.000000e+01 -5.500000e+01 -3.000000e+00
     vertex  7.163641e+01 -4.546061e+01 -3.000000e+00
   endloop
 endfacet
 facet normal  0.000000e+00 -0.000000e+00 -1.000000e+00
   outer loop
     vertex  7.165921e+01 -4.537016e+01 -3.000000e+00
     vertex  8.000000e+01 -5.500000e+01 -3.000000e+00
     vertex  7.164843e+01 -4.541554e+01 -3.000000e+00
   endloop
 endfacet
 facet normal  0.000000e+00 -0.000000e+00 -1.000000e+00
   outer loop
     vertex  7.166874e+01 -4.532450e+01 -3.000000e+00
     vertex  8.000000e+01 -5.500000e+01 -3.000000e+00
     vertex  7.165921e+01 -4.537016e+01 -3.000000e+00
   endloop
 endfacet
 facet normal  0.000000e+00 -0.000000e+00 -1.000000e+00
   outer loop
     vertex  7.167702e+01 -4.527860e+01 -3.000000e+00
     vertex  8.000000e+01 -5.500000e+01 -3.000000e+00
     vertex  7.166874e+01 -4.532450e+01 -3.000000e+00
   endloop
 endfacet
 facet normal  0.000000e+00 -0.000000e+00 -1.000000e+00
   outer loop
     vertex  7.168403e+01 -4.523249e+01 -3.000000e+00
     vertex  8.000000e+01 -5.500000e+01 -3.000000e+00
     vertex  7.167702e+01 -4.527860e+01 -3.000000e+00
   endloop
 endfacet
 facet normal  0.000000e+00 -0.000000e+00 -1.000000e+00
   outer loop
     vertex  7.168977e+01 -4.518620e+01 -3.000000e+00
     vertex  8.000000e+01 -5.500000e+01 -3.000000e+00
     vertex  7.168403e+01 -4.523249e+01 -3.000000e+00
   endloop
 endfacet
 facet normal  0.000000e+00 -0.000000e+00 -1.000000e+00
   outer loop
     vertex  7.169424e+01 -4.513977e+01 -3.000000e+00
     vertex  8.000000e+01 -5.500000e+01 -3.000000e+00
     vertex  7.168977e+01 -4.518620e+01 -3.000000e+00
   endloop
 endfacet
 facet normal  0.000000e+00 -0.000000e+00 -1.000000e+00
   outer loop
     vertex  7.169744e+01 -4.509324e+01 -3.000000e+00
     vertex  8.000000e+01 -5.500000e+01 -3.000000e+00
     vertex  7.169424e+01 -4.513977e+01 -3.000000e+00
   endloop
 endfacet
 facet normal  0.000000e+00 -0.000000e+00 -1.000000e+00
   outer loop
     vertex  7.169936e+01 -4.504664e+01 -3.000000e+00
     vertex  8.000000e+01 -5.500000e+01 -3.000000e+00
     vertex  7.169744e+01 -4.509324e+01 -3.000000e+00
   endloop
 endfacet
 facet normal  0.000000e+00 -0.000000e+00 -1.000000e+00
   outer loop
     vertex  7.170000e+01 -4.500000e+01 -3.000000e+00
     vertex  8.000000e+01 -5.500000e+01 -3.000000e+00
     vertex  7.169936e+01 -4.504664e+01 -3.000000e+00
   endloop
 endfacet
 facet normal  0.000000e+00  0.000000e+00 -1.000000e+00
   outer loop
     vertex  7.169936e+01 -4.495336e+01 -3.000000e+00
     vertex  8.000000e+01 -5.500000e+01 -3.000000e+00
     vertex  7.170000e+01 -4.500000e+01 -3.000000e+00
   endloop
 endfacet
 facet normal  0.000000e+00  0.000000e+00 -1.000000e+00
   outer loop
     vertex  7.169744e+01 -4.490676e+01 -3.000000e+00
     vertex  8.000000e+01 -5.500000e+01 -3.000000e+00
     vertex  7.169936e+01 -4.495336e+01 -3.000000e+00
   endloop
 endfacet
 facet normal  0.000000e+00  0.000000e+00 -1.000000e+00
   outer loop
     vertex  7.169424e+01 -4.486023e+01 -3.000000e+00
     vertex  8.000000e+01 -5.500000e+01 -3.000000e+00
     vertex  7.169744e+01 -4.490676e+01 -3.000000e+00
   endloop
 endfacet
 facet normal  0.000000e+00  0.000000e+00 -1.000000e+00
   outer loop
     vertex  7.168977e+01 -4.481380e+01 -3.000000e+00
     vertex  8.000000e+01 -5.500000e+01 -3.000000e+00
     vertex  7.169424e+01 -4.486023e+01 -3.000000e+00
   endloop
 endfacet
 facet normal  0.000000e+00  0.000000e+00 -1.000000e+00
   outer loop
     vertex  7.168403e+01 -4.476751e+01 -3.000000e+00
     vertex  8.000000e+01 -5.500000e+01 -3.000000e+00
     vertex  7.168977e+01 -4.481380e+01 -3.000000e+00
   endloop
 endfacet
 facet normal  0.000000e+00  0.000000e+00 -1.000000e+00
   outer loop
     vertex  7.167702e+01 -4.472140e+01 -3.000000e+00
     vertex  8.000000e+01 -5.500000e+01 -3.000000e+00
     vertex  7.168403e+01 -4.476751e+01 -3.000000e+00
   endloop
 endfacet
 facet normal  0.000000e+00  0.000000e+00 -1.000000e+00
   outer loop
     vertex  7.166874e+01 -4.467550e+01 -3.000000e+00
     vertex  8.000000e+01 -5.500000e+01 -3.000000e+00
     vertex  7.167702e+01 -4.472140e+01 -3.000000e+00
   endloop
 endfacet
 facet normal  0.000000e+00  0.000000e+00 -1.000000e+00
   outer loop
     vertex  7.165921e+01 -4.462984e+01 -3.000000e+00
     vertex  8.000000e+01 -5.500000e+01 -3.000000e+00
     vertex  7.166874e+01 -4.467550e+01 -3.000000e+00
   endloop
 endfacet
 facet normal  0.000000e+00  0.000000e+00 -1.000000e+00
   outer loop
     vertex  7.164843e+01 -4.458446e+01 -3.000000e+00
     vertex  8.000000e+01 -5.500000e+01 -3.000000e+00
     vertex  7.165921e+01 -4.462984e+01 -3.000000e+00
   endloop
 endfacet
 facet normal  0.000000e+00  0.000000e+00 -1.000000e+00
   outer loop
     vertex  7.163641e+01 -4.453939e+01 -3.000000e+00
     vertex  8.000000e+01 -5.500000e+01 -3.000000e+00
     vertex  7.164843e+01 -4.458446e+01 -3.000000e+00
   endloop
 endfacet
 facet normal  0.000000e+00  0.000000e+00 -1.000000e+00
   outer loop
     vertex  7.162316e+01 -4.449467e+01 -3.000000e+00
     vertex  8.000000e+01 -5.500000e+01 -3.000000e+00
     vertex  7.163641e+01 -4.453939e+01 -3.000000e+00
   endloop
 endfacet
 facet normal  0.000000e+00  0.000000e+00 -1.000000e+00
   outer loop
     vertex  7.160868e+01 -4.445033e+01 -3.000000e+00
     vertex  8.000000e+01 -5.500000e+01 -3.000000e+00
     vertex  7.162316e+01 -4.449467e+01 -3.000000e+00
   endloop
 endfacet
 facet normal  0.000000e+00  0.000000e+00 -1.000000e+00
   outer loop
     vertex  7.159300e+01 -4.440641e+01 -3.000000e+00
     vertex  8.000000e+01 -5.500000e+01 -3.000000e+00
     vertex  7.160868e+01 -4.445033e+01 -3.000000e+00
   endloop
 endfacet
 facet normal  0.000000e+00  0.000000e+00 -1.000000e+00
   outer loop
     vertex  7.157612e+01 -4.436293e+01 -3.000000e+00
     vertex  8.000000e+01 -5.500000e+01 -3.000000e+00
     vertex  7.159300e+01 -4.440641e+01 -3.000000e+00
   endloop
 endfacet
 facet normal  0.000000e+00  0.000000e+00 -1.000000e+00
   outer loop
     vertex  7.155804e+01 -4.431993e+01 -3.000000e+00
     vertex  8.000000e+01 -5.500000e+01 -3.000000e+00
     vertex  7.157612e+01 -4.436293e+01 -3.000000e+00
   endloop
 endfacet
 facet normal  0.000000e+00  0.000000e+00 -1.000000e+00
   outer loop
     vertex  7.153880e+01 -4.427744e+01 -3.000000e+00
     vertex  8.000000e+01 -5.500000e+01 -3.000000e+00
     vertex  7.155804e+01 -4.431993e+01 -3.000000e+00
   endloop
 endfacet
 facet normal  0.000000e+00  0.000000e+00 -1.000000e+00
   outer loop
     vertex  7.151840e+01 -4.423550e+01 -3.000000e+00
     vertex  8.000000e+01 -5.500000e+01 -3.000000e+00
     vertex  7.153880e+01 -4.427744e+01 -3.000000e+00
   endloop
 endfacet
 facet normal  0.000000e+00  0.000000e+00 -1.000000e+00
   outer loop
     vertex  7.149685e+01 -4.419413e+01 -3.000000e+00
     vertex  8.000000e+01 -5.500000e+01 -3.000000e+00
     vertex  7.151840e+01 -4.423550e+01 -3.000000e+00
   endloop
 endfacet
 facet normal  0.000000e+00  0.000000e+00 -1.000000e+00
   outer loop
     vertex  7.147418e+01 -4.415337e+01 -3.000000e+00
     vertex  8.000000e+01 -5.500000e+01 -3.000000e+00
     vertex  7.149685e+01 -4.419413e+01 -3.000000e+00
   endloop
 endfacet
 facet normal  0.000000e+00  0.000000e+00 -1.000000e+00
   outer loop
     vertex  7.145040e+01 -4.411324e+01 -3.000000e+00
     vertex  8.000000e+01 -5.500000e+01 -3.000000e+00
     vertex  7.147418e+01 -4.415337e+01 -3.000000e+00
   endloop
 endfacet
 facet normal  0.000000e+00  0.000000e+00 -1.000000e+00
   outer loop
     vertex  7.142553e+01 -4.407379e+01 -3.000000e+00
     vertex  8.000000e+01 -5.500000e+01 -3.000000e+00
     vertex  7.145040e+01 -4.411324e+01 -3.000000e+00
   endloop
 endfacet
 facet normal -0.000000e+00  0.000000e+00 -1.000000e+00
   outer loop
     vertex  6.882712e+01  4.376941e+01 -3.000000e+00
     vertex  6.879380e+01 -4.380205e+01 -3.000000e+00
     vertex  6.879380e+01  4.380205e+01 -3.000000e+00
   endloop
 endfacet
 facet normal  0.000000e+00 -0.000000e+00 -1.000000e+00
   outer loop
     vertex  6.882712e+01  4.376941e+01 -3.000000e+00
     vertex  6.886132e+01 -4.373769e+01 -3.000000e+00
     vertex  6.882712e+01 -4.376941e+01 -3.000000e+00
   endloop
 endfacet
 facet normal  0.000000e+00  0.000000e+00 -1.000000e+00
   outer loop
     vertex  6.882712e+01  4.376941e+01 -3.000000e+00
     vertex  6.882712e+01 -4.376941e+01 -3.000000e+00
     vertex  6.879380e+01 -4.380205e+01 -3.000000e+00
   endloop
 endfacet
 facet normal  0.000000e+00  0.000000e+00 -1.000000e+00
   outer loop
     vertex  6.876139e+01  4.383559e+01 -3.000000e+00
     vertex  6.879380e+01  4.380205e+01 -3.000000e+00
     vertex  6.879380e+01 -4.380205e+01 -3.000000e+00
   endloop
 endfacet
 facet normal  0.000000e+00 -0.000000e+00 -1.000000e+00
   outer loop
     vertex  6.876139e+01  4.383559e+01 -3.000000e+00
     vertex  6.879380e+01 -4.380205e+01 -3.000000e+00
     vertex  6.876139e+01 -4.383559e+01 -3.000000e+00
   endloop
 endfacet
 facet normal -0.000000e+00  0.000000e+00 -1.000000e+00
   outer loop
     vertex  6.886132e+01  4.373769e+01 -3.000000e+00
     vertex  6.886132e+01 -4.373769e+01 -3.000000e+00
     vertex  6.882712e+01  4.376941e+01 -3.000000e+00
   endloop
 endfacet
 facet normal  0.000000e+00 -0.000000e+00 -1.000000e+00
   outer loop
     vertex  6.872991e+01  4.387001e+01 -3.000000e+00
     vertex  6.876139e+01 -4.383559e+01 -3.000000e+00
     vertex  6.872991e+01 -4.387001e+01 -3.000000e+00
   endloop
 endfacet
 facet normal  0.000000e+00  0.000000e+00 -1.000000e+00
   outer loop
     vertex  6.872991e+01  4.387001e+01 -3.000000e+00
     vertex  6.876139e+01  4.383559e+01 -3.000000e+00
     vertex  6.876139e+01 -4.383559e+01 -3.000000e+00
   endloop
 endfacet
 facet normal  0.000000e+00 -0.000000e+00 -1.000000e+00
   outer loop
     vertex  6.889638e+01  4.370693e+01 -3.000000e+00
     vertex  6.889638e+01 -4.370693e+01 -3.000000e+00
     vertex  6.886132e+01 -4.373769e+01 -3.000000e+00
   endloop
 endfacet
 facet normal -0.000000e+00  0.000000e+00 -1.000000e+00
   outer loop
     vertex  6.889638e+01  4.370693e+01 -3.000000e+00
     vertex  6.886132e+01 -4.373769e+01 -3.000000e+00
     vertex  6.886132e+01  4.373769e+01 -3.000000e+00
   endloop
 endfacet
 facet normal  0.000000e+00 -0.000000e+00 -1.000000e+00
   outer loop
     vertex  6.869939e+01  4.390528e+01 -3.000000e+00
     vertex  6.872991e+01 -4.387001e+01 -3.000000e+00
     vertex  6.869939e+01 -4.390528e+01 -3.000000e+00
   endloop
 endfacet
 facet normal  0.000000e+00  0.000000e+00 -1.000000e+00
   outer loop
     vertex  6.869939e+01  4.390528e+01 -3.000000e+00
     vertex  6.872991e+01  4.387001e+01 -3.000000e+00
     vertex  6.872991e+01 -4.387001e+01 -3.000000e+00
   endloop
 endfacet
 facet normal  0.000000e+00  0.000000e+00 -1.000000e+00
   outer loop
     vertex  6.893227e+01  4.367714e+01 -3.000000e+00
     vertex  6.893227e+01 -4.367714e+01 -3.000000e+00
     vertex  6.889638e+01 -4.370693e+01 -3.000000e+00
   endloop
 endfacet
 facet normal -0.000000e+00  0.000000e+00 -1.000000e+00
   outer loop
     vertex  6.893227e+01  4.367714e+01 -3.000000e+00
     vertex  6.889638e+01 -4.370693e+01 -3.000000e+00
     vertex  6.889638e+01  4.370693e+01 -3.000000e+00
   endloop
 endfacet
 facet normal  0.000000e+00  0.000000e+00 -1.000000e+00
   outer loop
     vertex  6.866985e+01  4.394137e+01 -3.000000e+00
     vertex  6.869939e+01 -4.390528e+01 -3.000000e+00
     vertex  6.866985e+01 -4.394137e+01 -3.000000e+00
   endloop
 endfacet
 facet normal  0.000000e+00  0.000000e+00 -1.000000e+00
   outer loop
     vertex  6.866985e+01  4.394137e+01 -3.000000e+00
     vertex  6.869939e+01  4.390528e+01 -3.000000e+00
     vertex  6.869939e+01 -4.390528e+01 -3.000000e+00
   endloop
 endfacet
 facet normal  0.000000e+00  0.000000e+00 -1.000000e+00
   outer loop
     vertex  6.896896e+01  4.364835e+01 -3.000000e+00
     vertex  6.896896e+01 -4.364835e+01 -3.000000e+00
     vertex  6.893227e+01 -4.367714e+01 -3.000000e+00
   endloop
 endfacet
 facet normal -0.000000e+00  0.000000e+00 -1.000000e+00
   outer loop
     vertex  6.896896e+01  4.364835e+01 -3.000000e+00
     vertex  6.893227e+01 -4.367714e+01 -3.000000e+00
     vertex  6.893227e+01  4.367714e+01 -3.000000e+00
   endloop
 endfacet
 facet normal  0.000000e+00  0.000000e+00 -1.000000e+00
   outer loop
     vertex  6.864131e+01  4.397826e+01 -3.000000e+00
     vertex  6.866985e+01 -4.394137e+01 -3.000000e+00
     vertex  6.864131e+01 -4.397826e+01 -3.000000e+00
   endloop
 endfacet
 facet normal  0.000000e+00  0.000000e+00 -1.000000e+00
   outer loop
     vertex  6.864131e+01  4.397826e+01 -3.000000e+00
     vertex  6.866985e+01  4.394137e+01 -3.000000e+00
     vertex  6.866985e+01 -4.394137e+01 -3.000000e+00
   endloop
 endfacet
 facet normal  0.000000e+00 -0.000000e+00 -1.000000e+00
   outer loop
     vertex  6.900643e+01  4.362057e+01 -3.000000e+00
     vertex  6.904465e+01 -4.359383e+01 -3.000000e+00
     vertex  6.900643e+01 -4.362057e+01 -3.000000e+00
   endloop
 endfacet
 facet normal  0.000000e+00  0.000000e+00 -1.000000e+00
   outer loop
     vertex  6.900643e+01  4.362057e+01 -3.000000e+00
     vertex  6.900643e+01 -4.362057e+01 -3.000000e+00
     vertex  6.896896e+01 -4.364835e+01 -3.000000e+00
   endloop
 endfacet
 facet normal -0.000000e+00  0.000000e+00 -1.000000e+00
   outer loop
     vertex  6.900643e+01  4.362057e+01 -3.000000e+00
     vertex  6.896896e+01 -4.364835e+01 -3.000000e+00
     vertex  6.896896e+01  4.364835e+01 -3.000000e+00
   endloop
 endfacet
 facet normal  0.000000e+00  0.000000e+00 -1.000000e+00
   outer loop
     vertex  6.861379e+01  4.401592e+01 -3.000000e+00
     vertex  6.864131e+01  4.397826e+01 -3.000000e+00
     vertex  6.864131e+01 -4.397826e+01 -3.000000e+00
   endloop
 endfacet
 facet normal  0.000000e+00 -0.000000e+00 -1.000000e+00
   outer loop
     vertex  6.861379e+01  4.401592e+01 -3.000000e+00
     vertex  6.864131e+01 -4.397826e+01 -3.000000e+00
     vertex  6.861379e+01 -4.401592e+01 -3.000000e+00
   endloop
 endfacet
 facet normal -0.000000e+00  0.000000e+00 -1.000000e+00
   outer loop
     vertex  6.904465e+01  4.359383e+01 -3.000000e+00
     vertex  6.904465e+01 -4.359383e+01 -3.000000e+00
     vertex  6.900643e+01  4.362057e+01 -3.000000e+00
   endloop
 endfacet
 facet normal  0.000000e+00  0.000000e+00 -1.000000e+00
   outer loop
     vertex  6.858731e+01  4.405432e+01 -3.000000e+00
     vertex  6.861379e+01  4.401592e+01 -3.000000e+00
     vertex  6.861379e+01 -4.401592e+01 -3.000000e+00
   endloop
 endfacet
 facet normal  0.000000e+00 -0.000000e+00 -1.000000e+00
   outer loop
     vertex  6.858731e+01  4.405432e+01 -3.000000e+00
     vertex  6.861379e+01 -4.401592e+01 -3.000000e+00
     vertex  6.858731e+01 -4.405432e+01 -3.000000e+00
   endloop
 endfacet
 facet normal  0.000000e+00 -0.000000e+00 -1.000000e+00
   outer loop
     vertex  6.908359e+01  4.356815e+01 -3.000000e+00
     vertex  6.908359e+01 -4.356815e+01 -3.000000e+00
     vertex  6.904465e+01 -4.359383e+01 -3.000000e+00
   endloop
 endfacet
 facet normal -0.000000e+00  0.000000e+00 -1.000000e+00
   outer loop
     vertex  6.908359e+01  4.356815e+01 -3.000000e+00
     vertex  6.904465e+01 -4.359383e+01 -3.000000e+00
     vertex  6.904465e+01  4.359383e+01 -3.000000e+00
   endloop
 endfacet
 facet normal  0.000000e+00 -0.000000e+00 -1.000000e+00
   outer loop
     vertex  6.856190e+01  4.409343e+01 -3.000000e+00
     vertex  6.856190e+01 -4.409343e+01 -3.000000e+00
     vertex -6.857447e+01 -4.407379e+01 -3.000000e+00
   endloop
 endfacet
 facet normal  0.000000e+00  0.000000e+00 -1.000000e+00
   outer loop
     vertex  6.856190e+01  4.409343e+01 -3.000000e+00
     vertex  6.858731e+01  4.405432e+01 -3.000000e+00
     vertex  6.858731e+01 -4.405432e+01 -3.000000e+00
   endloop
 endfacet
 facet normal  0.000000e+00  0.000000e+00 -1.000000e+00
   outer loop
     vertex  6.856190e+01  4.409343e+01 -3.000000e+00
     vertex  6.858731e+01 -4.405432e+01 -3.000000e+00
     vertex  6.856190e+01 -4.409343e+01 -3.000000e+00
   endloop
 endfacet
 facet normal  0.000000e+00  0.000000e+00 -1.000000e+00
   outer loop
     vertex  6.856190e+01  4.409343e+01 -3.000000e+00
     vertex -6.857447e+01 -4.407379e+01 -3.000000e+00
     vertex -6.857447e+01  4.407379e+01 -3.000000e+00
   endloop
 endfacet
 facet normal -0.000000e+00  0.000000e+00 -1.000000e+00
   outer loop
     vertex  6.856190e+01  4.409343e+01 -3.000000e+00
     vertex -6.857447e+01  4.407379e+01 -3.000000e+00
     vertex -6.854960e+01  4.411324e+01 -3.000000e+00
   endloop
 endfacet
 facet normal  0.000000e+00 -0.000000e+00 -1.000000e+00
   outer loop
     vertex  6.912321e+01  4.354355e+01 -3.000000e+00
     vertex  6.912321e+01 -4.354355e+01 -3.000000e+00
     vertex  6.908359e+01 -4.356815e+01 -3.000000e+00
   endloop
 endfacet
 facet normal -0.000000e+00  0.000000e+00 -1.000000e+00
   outer loop
     vertex  6.912321e+01  4.354355e+01 -3.000000e+00
     vertex  6.908359e+01 -4.356815e+01 -3.000000e+00
     vertex  6.908359e+01  4.356815e+01 -3.000000e+00
   endloop
 endfacet
 facet normal -0.000000e+00  0.000000e+00 -1.000000e+00
   outer loop
     vertex  6.853757e+01  4.413322e+01 -3.000000e+00
     vertex -6.854960e+01  4.411324e+01 -3.000000e+00
     vertex -6.852582e+01  4.415337e+01 -3.000000e+00
   endloop
 endfacet
 facet normal  0.000000e+00 -0.000000e+00 -1.000000e+00
   outer loop
     vertex  6.853757e+01  4.413322e+01 -3.000000e+00
     vertex  6.856190e+01  4.409343e+01 -3.000000e+00
     vertex -6.854960e+01  4.411324e+01 -3.000000e+00
   endloop
 endfacet
 facet normal  0.000000e+00  0.000000e+00 -1.000000e+00
   outer loop
     vertex  6.916350e+01  4.352004e+01 -3.000000e+00
     vertex  6.916350e+01 -4.352004e+01 -3.000000e+00
     vertex  6.912321e+01 -4.354355e+01 -3.000000e+00
   endloop
 endfacet
 facet normal -0.000000e+00  0.000000e+00 -1.000000e+00
   outer loop
     vertex  6.916350e+01  4.352004e+01 -3.000000e+00
     vertex  6.912321e+01 -4.354355e+01 -3.000000e+00
     vertex  6.912321e+01  4.354355e+01 -3.000000e+00
   endloop
 endfacet
 facet normal -0.000000e+00  0.000000e+00 -1.000000e+00
   outer loop
     vertex  6.851434e+01  4.417367e+01 -3.000000e+00
     vertex -6.852582e+01  4.415337e+01 -3.000000e+00
     vertex -6.850315e+01  4.419413e+01 -3.000000e+00
   endloop
 endfacet
 facet normal  0.000000e+00 -0.000000e+00 -1.000000e+00
   outer loop
     vertex  6.851434e+01  4.417367e+01 -3.000000e+00
     vertex  6.853757e+01  4.413322e+01 -3.000000e+00
     vertex -6.852582e+01  4.415337e+01 -3.000000e+00
   endloop
 endfacet
 facet normal  0.000000e+00  0.000000e+00 -1.000000e+00
   outer loop
     vertex  6.920442e+01  4.349765e+01 -3.000000e+00
     vertex  6.920442e+01 -4.349765e+01 -3.000000e+00
     vertex  6.916350e+01 -4.352004e+01 -3.000000e+00
   endloop
 endfacet
 facet normal -0.000000e+00  0.000000e+00 -1.000000e+00
   outer loop
     vertex  6.920442e+01  4.349765e+01 -3.000000e+00
     vertex  6.916350e+01 -4.352004e+01 -3.000000e+00
     vertex  6.916350e+01  4.352004e+01 -3.000000e+00
   endloop
 endfacet
 facet normal  0.000000e+00 -0.000000e+00 -1.000000e+00
   outer loop
     vertex  6.849223e+01  4.421474e+01 -3.000000e+00
     vertex  6.851434e+01  4.417367e+01 -3.000000e+00
     vertex -6.850315e+01  4.419413e+01 -3.000000e+00
   endloop
 endfacet
 facet normal -0.000000e+00  0.000000e+00 -1.000000e+00
   outer loop
     vertex  6.849223e+01  4.421474e+01 -3.000000e+00
     vertex -6.850315e+01  4.419413e+01 -3.000000e+00
     vertex -6.848160e+01  4.423550e+01 -3.000000e+00
   endloop
 endfacet
 facet normal  0.000000e+00 -0.000000e+00 -1.000000e+00
   outer loop
     vertex  6.924593e+01  4.347639e+01 -3.000000e+00
     vertex  6.928801e+01 -4.345628e+01 -3.000000e+00
     vertex  6.924593e+01 -4.347639e+01 -3.000000e+00
   endloop
 endfacet
 facet normal  0.000000e+00  0.000000e+00 -1.000000e+00
   outer loop
     vertex  6.924593e+01  4.347639e+01 -3.000000e+00
     vertex  6.924593e+01 -4.347639e+01 -3.000000e+00
     vertex  6.920442e+01 -4.349765e+01 -3.000000e+00
   endloop
 endfacet
 facet normal -0.000000e+00  0.000000e+00 -1.000000e+00
   outer loop
     vertex  6.924593e+01  4.347639e+01 -3.000000e+00
     vertex  6.920442e+01 -4.349765e+01 -3.000000e+00
     vertex  6.920442e+01  4.349765e+01 -3.000000e+00
   endloop
 endfacet
 facet normal  0.000000e+00 -0.000000e+00 -1.000000e+00
   outer loop
     vertex  6.847126e+01  4.425640e+01 -3.000000e+00
     vertex  6.849223e+01  4.421474e+01 -3.000000e+00
     vertex -6.848160e+01  4.423550e+01 -3.000000e+00
   endloop
 endfacet
 facet normal -0.000000e+00  0.000000e+00 -1.000000e+00
   outer loop
     vertex  6.847126e+01  4.425640e+01 -3.000000e+00
     vertex -6.848160e+01  4.423550e+01 -3.000000e+00
     vertex -6.846120e+01  4.427744e+01 -3.000000e+00
   endloop
 endfacet
 facet normal -0.000000e+00 -0.000000e+00 -1.000000e+00
   outer loop
     vertex  6.928801e+01  4.345628e+01 -3.000000e+00
     vertex  6.928801e+01 -4.345628e+01 -3.000000e+00
     vertex  6.924593e+01  4.347639e+01 -3.000000e+00
   endloop
 endfacet
 facet normal -0.000000e+00  0.000000e+00 -1.000000e+00
   outer loop
     vertex  6.845143e+01  4.429862e+01 -3.000000e+00
     vertex -6.846120e+01  4.427744e+01 -3.000000e+00
     vertex -6.844196e+01  4.431993e+01 -3.000000e+00
   endloop
 endfacet
 facet normal  0.000000e+00 -0.000000e+00 -1.000000e+00
   outer loop
     vertex  6.845143e+01  4.429862e+01 -3.000000e+00
     vertex  6.847126e+01  4.425640e+01 -3.000000e+00
     vertex -6.846120e+01  4.427744e+01 -3.000000e+00
   endloop
 endfacet
 facet normal  0.000000e+00  0.000000e+00 -1.000000e+00
   outer loop
     vertex  6.933063e+01  4.343733e+01 -3.000000e+00
     vertex  6.933063e+01 -4.343733e+01 -3.000000e+00
     vertex  6.928801e+01 -4.345628e+01 -3.000000e+00
   endloop
 endfacet
 facet normal -0.000000e+00  0.000000e+00 -1.000000e+00
   outer loop
     vertex  6.933063e+01  4.343733e+01 -3.000000e+00
     vertex  6.928801e+01 -4.345628e+01 -3.000000e+00
     vertex  6.928801e+01  4.345628e+01 -3.000000e+00
   endloop
 endfacet
 facet normal  0.000000e+00 -0.000000e+00 -1.000000e+00
   outer loop
     vertex  6.843277e+01  4.434137e+01 -3.000000e+00
     vertex  6.845143e+01  4.429862e+01 -3.000000e+00
     vertex -6.844196e+01  4.431993e+01 -3.000000e+00
   endloop
 endfacet
 facet normal -0.000000e+00  0.000000e+00 -1.000000e+00
   outer loop
     vertex  6.843277e+01  4.434137e+01 -3.000000e+00
     vertex -6.844196e+01  4.431993e+01 -3.000000e+00
     vertex -6.842388e+01  4.436293e+01 -3.000000e+00
   endloop
 endfacet
 facet normal  0.000000e+00  0.000000e+00 -1.000000e+00
   outer loop
     vertex  6.937375e+01  4.341955e+01 -3.000000e+00
     vertex  6.937375e+01 -4.341955e+01 -3.000000e+00
     vertex  6.933063e+01 -4.343733e+01 -3.000000e+00
   endloop
 endfacet
 facet normal -0.000000e+00  0.000000e+00 -1.000000e+00
   outer loop
     vertex  6.937375e+01  4.341955e+01 -3.000000e+00
     vertex  6.933063e+01 -4.343733e+01 -3.000000e+00
     vertex  6.933063e+01  4.343733e+01 -3.000000e+00
   endloop
 endfacet
 facet normal  0.000000e+00 -0.000000e+00 -1.000000e+00
   outer loop
     vertex  6.841529e+01  4.438461e+01 -3.000000e+00
     vertex  6.843277e+01  4.434137e+01 -3.000000e+00
     vertex -6.842388e+01  4.436293e+01 -3.000000e+00
   endloop
 endfacet
 facet normal -0.000000e+00  0.000000e+00 -1.000000e+00
   outer loop
     vertex  6.841529e+01  4.438461e+01 -3.000000e+00
     vertex -6.842388e+01  4.436293e+01 -3.000000e+00
     vertex -6.840700e+01  4.440641e+01 -3.000000e+00
   endloop
 endfacet
 facet normal  0.000000e+00  0.000000e+00 -1.000000e+00
   outer loop
     vertex  6.941735e+01  4.340297e+01 -3.000000e+00
     vertex  6.941735e+01 -4.340297e+01 -3.000000e+00
     vertex  6.937375e+01 -4.341955e+01 -3.000000e+00
   endloop
 endfacet
 facet normal -0.000000e+00  0.000000e+00 -1.000000e+00
   outer loop
     vertex  6.941735e+01  4.340297e+01 -3.000000e+00
     vertex  6.937375e+01 -4.341955e+01 -3.000000e+00
     vertex  6.937375e+01  4.341955e+01 -3.000000e+00
   endloop
 endfacet
 facet normal  0.000000e+00 -0.000000e+00 -1.000000e+00
   outer loop
     vertex  6.839901e+01  4.442832e+01 -3.000000e+00
     vertex  6.841529e+01  4.438461e+01 -3.000000e+00
     vertex -6.840700e+01  4.440641e+01 -3.000000e+00
   endloop
 endfacet
 facet normal -0.000000e+00  0.000000e+00 -1.000000e+00
   outer loop
     vertex  6.839901e+01  4.442832e+01 -3.000000e+00
     vertex -6.840700e+01  4.440641e+01 -3.000000e+00
     vertex -6.839132e+01  4.445033e+01 -3.000000e+00
   endloop
 endfacet
 facet normal  0.000000e+00 -0.000000e+00 -1.000000e+00
   outer loop
     vertex  6.946138e+01  4.338758e+01 -3.000000e+00
     vertex  6.946138e+01 -4.338758e+01 -3.000000e+00
     vertex  6.941735e+01 -4.340297e+01 -3.000000e+00
   endloop
 endfacet
 facet normal -0.000000e+00  0.000000e+00 -1.000000e+00
   outer loop
     vertex  6.946138e+01  4.338758e+01 -3.000000e+00
     vertex  6.941735e+01 -4.340297e+01 -3.000000e+00
     vertex  6.941735e+01  4.340297e+01 -3.000000e+00
   endloop
 endfacet
 facet normal  0.000000e+00  0.000000e+00 -1.000000e+00
   outer loop
     vertex  6.946138e+01  4.338758e+01 -3.000000e+00
     vertex  6.950582e+01 -4.337341e+01 -3.000000e+00
     vertex  6.946138e+01 -4.338758e+01 -3.000000e+00
   endloop
 endfacet
 facet normal  0.000000e+00 -0.000000e+00 -1.000000e+00
   outer loop
     vertex  6.838393e+01  4.447245e+01 -3.000000e+00
     vertex  6.839901e+01  4.442832e+01 -3.000000e+00
     vertex -6.839132e+01  4.445033e+01 -3.000000e+00
   endloop
 endfacet
 facet normal -0.000000e+00  0.000000e+00 -1.000000e+00
   outer loop
     vertex  6.838393e+01  4.447245e+01 -3.000000e+00
     vertex -6.839132e+01  4.445033e+01 -3.000000e+00
     vertex -6.837684e+01  4.449467e+01 -3.000000e+00
   endloop
 endfacet
 facet normal -0.000000e+00  0.000000e+00 -1.000000e+00
   outer loop
     vertex  6.950582e+01  4.337341e+01 -3.000000e+00
     vertex  6.950582e+01 -4.337341e+01 -3.000000e+00
     vertex  6.946138e+01  4.338758e+01 -3.000000e+00
   endloop
 endfacet
 facet normal  0.000000e+00 -0.000000e+00 -1.000000e+00
   outer loop
     vertex  6.837006e+01  4.451699e+01 -3.000000e+00
     vertex  6.838393e+01  4.447245e+01 -3.000000e+00
     vertex -6.837684e+01  4.449467e+01 -3.000000e+00
   endloop
 endfacet
 facet normal -0.000000e+00  0.000000e+00 -1.000000e+00
   outer loop
     vertex  6.837006e+01  4.451699e+01 -3.000000e+00
     vertex -6.837684e+01  4.449467e+01 -3.000000e+00
     vertex -6.836359e+01  4.453939e+01 -3.000000e+00
   endloop
 endfacet
 facet normal -0.000000e+00  0.000000e+00 -1.000000e+00
   outer loop
     vertex  6.955063e+01  4.336047e+01 -3.000000e+00
     vertex  6.950582e+01 -4.337341e+01 -3.000000e+00
     vertex  6.950582e+01  4.337341e+01 -3.000000e+00
   endloop
 endfacet
 facet normal  0.000000e+00  0.000000e+00 -1.000000e+00
   outer loop
     vertex  6.955063e+01  4.336047e+01 -3.000000e+00
     vertex  6.955063e+01 -4.336047e+01 -3.000000e+00
     vertex  6.950582e+01 -4.337341e+01 -3.000000e+00
   endloop
 endfacet
 facet normal  0.000000e+00 -0.000000e+00 -1.000000e+00
   outer loop
     vertex  6.835742e+01  4.456189e+01 -3.000000e+00
     vertex  6.837006e+01  4.451699e+01 -3.000000e+00
     vertex -6.836359e+01  4.453939e+01 -3.000000e+00
   endloop
 endfacet
 facet normal -0.000000e+00  0.000000e+00 -1.000000e+00
   outer loop
     vertex  6.835742e+01  4.456189e+01 -3.000000e+00
     vertex -6.836359e+01  4.453939e+01 -3.000000e+00
     vertex -6.835157e+01  4.458446e+01 -3.000000e+00
   endloop
 endfacet
 facet normal -0.000000e+00  0.000000e+00 -1.000000e+00
   outer loop
     vertex  6.959578e+01  4.334876e+01 -3.000000e+00
     vertex  6.955063e+01 -4.336047e+01 -3.000000e+00
     vertex  6.955063e+01  4.336047e+01 -3.000000e+00
   endloop
 endfacet
 facet normal  0.000000e+00  0.000000e+00 -1.000000e+00
   outer loop
     vertex  6.959578e+01  4.334876e+01 -3.000000e+00
     vertex  6.959578e+01 -4.334876e+01 -3.000000e+00
     vertex  6.955063e+01 -4.336047e+01 -3.000000e+00
   endloop
 endfacet
 facet normal -0.000000e+00  0.000000e+00 -1.000000e+00
   outer loop
     vertex  6.834602e+01  4.460711e+01 -3.000000e+00
     vertex -6.835157e+01  4.458446e+01 -3.000000e+00
     vertex -6.834079e+01  4.462984e+01 -3.000000e+00
   endloop
 endfacet
 facet normal  0.000000e+00 -0.000000e+00 -1.000000e+00
   outer loop
     vertex  6.834602e+01  4.460711e+01 -3.000000e+00
     vertex  6.835742e+01  4.456189e+01 -3.000000e+00
     vertex -6.835157e+01  4.458446e+01 -3.000000e+00
   endloop
 endfacet
 facet normal -0.000000e+00  0.000000e+00 -1.000000e+00
   outer loop
     vertex  6.964123e+01  4.333829e+01 -3.000000e+00
     vertex  6.959578e+01 -4.334876e+01 -3.000000e+00
     vertex  6.959578e+01  4.334876e+01 -3.000000e+00
   endloop
 endfacet
 facet normal  0.000000e+00 -0.000000e+00 -1.000000e+00
   outer loop
     vertex  6.964123e+01  4.333829e+01 -3.000000e+00
     vertex  6.968695e+01 -4.332907e+01 -3.000000e+00
     vertex  6.964123e+01 -4.333829e+01 -3.000000e+00
   endloop
 endfacet
 facet normal  0.000000e+00  0.000000e+00 -1.000000e+00
   outer loop
     vertex  6.964123e+01  4.333829e+01 -3.000000e+00
     vertex  6.964123e+01 -4.333829e+01 -3.000000e+00
     vertex  6.959578e+01 -4.334876e+01 -3.000000e+00
   endloop
 endfacet
 facet normal -0.000000e+00  0.000000e+00 -1.000000e+00
   outer loop
     vertex  6.833587e+01  4.465264e+01 -3.000000e+00
     vertex -6.834079e+01  4.462984e+01 -3.000000e+00
     vertex -6.833126e+01  4.467550e+01 -3.000000e+00
   endloop
 endfacet
 facet normal  0.000000e+00 -0.000000e+00 -1.000000e+00
   outer loop
     vertex  6.833587e+01  4.465264e+01 -3.000000e+00
     vertex  6.834602e+01  4.460711e+01 -3.000000e+00
     vertex -6.834079e+01  4.462984e+01 -3.000000e+00
   endloop
 endfacet
 facet normal -0.000000e+00  0.000000e+00 -1.000000e+00
   outer loop
     vertex  6.968695e+01  4.332907e+01 -3.000000e+00
     vertex  6.968695e+01 -4.332907e+01 -3.000000e+00
     vertex  6.964123e+01  4.333829e+01 -3.000000e+00
   endloop
 endfacet
 facet normal  0.000000e+00 -0.000000e+00 -1.000000e+00
   outer loop
     vertex  6.968695e+01  4.332907e+01 -3.000000e+00
     vertex  6.973291e+01 -4.332111e+01 -3.000000e+00
     vertex  6.968695e+01 -4.332907e+01 -3.000000e+00
   endloop
 endfacet
 facet normal  0.000000e+00 -0.000000e+00 -1.000000e+00
   outer loop
     vertex  6.832696e+01  4.469842e+01 -3.000000e+00
     vertex  6.833587e+01  4.465264e+01 -3.000000e+00
     vertex -6.833126e+01  4.467550e+01 -3.000000e+00
   endloop
 endfacet
 facet normal -0.000000e+00  0.000000e+00 -1.000000e+00
   outer loop
     vertex  6.832696e+01  4.469842e+01 -3.000000e+00
     vertex -6.833126e+01  4.467550e+01 -3.000000e+00
     vertex -6.832298e+01  4.472140e+01 -3.000000e+00
   endloop
 endfacet
 facet normal -0.000000e+00  0.000000e+00 -1.000000e+00
   outer loop
     vertex  6.973291e+01  4.332111e+01 -3.000000e+00
     vertex  6.973291e+01 -4.332111e+01 -3.000000e+00
     vertex  6.968695e+01  4.332907e+01 -3.000000e+00
   endloop
 endfacet
 facet normal  0.000000e+00 -0.000000e+00 -1.000000e+00
   outer loop
     vertex  6.831932e+01  4.474443e+01 -3.000000e+00
     vertex  6.832696e+01  4.469842e+01 -3.000000e+00
     vertex -6.832298e+01  4.472140e+01 -3.000000e+00
   endloop
 endfacet
 facet normal -0.000000e+00  0.000000e+00 -1.000000e+00
   outer loop
     vertex  6.831932e+01  4.474443e+01 -3.000000e+00
     vertex -6.832298e+01  4.472140e+01 -3.000000e+00
     vertex -6.831597e+01  4.476751e+01 -3.000000e+00
   endloop
 endfacet
 facet normal -0.000000e+00  0.000000e+00 -1.000000e+00
   outer loop
     vertex  6.977907e+01  4.331442e+01 -3.000000e+00
     vertex  6.973291e+01 -4.332111e+01 -3.000000e+00
     vertex  6.973291e+01  4.332111e+01 -3.000000e+00
   endloop
 endfacet
 facet normal  0.000000e+00  0.000000e+00 -1.000000e+00
   outer loop
     vertex  6.977907e+01  4.331442e+01 -3.000000e+00
     vertex  6.977907e+01 -4.331442e+01 -3.000000e+00
     vertex  6.973291e+01 -4.332111e+01 -3.000000e+00
   endloop
 endfacet
 facet normal  0.000000e+00 -0.000000e+00 -1.000000e+00
   outer loop
     vertex  6.831294e+01  4.479064e+01 -3.000000e+00
     vertex  6.831932e+01  4.474443e+01 -3.000000e+00
     vertex -6.831597e+01  4.476751e+01 -3.000000e+00
   endloop
 endfacet
 facet normal -0.000000e+00  0.000000e+00 -1.000000e+00
   outer loop
     vertex  6.831294e+01  4.479064e+01 -3.000000e+00
     vertex -6.831597e+01  4.476751e+01 -3.000000e+00
     vertex -6.831023e+01  4.481380e+01 -3.000000e+00
   endloop
 endfacet
 facet normal -0.000000e+00  0.000000e+00 -1.000000e+00
   outer loop
     vertex  6.982539e+01  4.330899e+01 -3.000000e+00
     vertex  6.977907e+01 -4.331442e+01 -3.000000e+00
     vertex  6.977907e+01  4.331442e+01 -3.000000e+00
   endloop
 endfacet
 facet normal  0.000000e+00  0.000000e+00 -1.000000e+00
   outer loop
     vertex  6.982539e+01  4.330899e+01 -3.000000e+00
     vertex  6.982539e+01 -4.330899e+01 -3.000000e+00
     vertex  6.977907e+01 -4.331442e+01 -3.000000e+00
   endloop
 endfacet
 facet normal  0.000000e+00 -0.000000e+00 -1.000000e+00
   outer loop
     vertex  6.830783e+01  4.483700e+01 -3.000000e+00
     vertex  6.831294e+01  4.479064e+01 -3.000000e+00
     vertex -6.831023e+01  4.481380e+01 -3.000000e+00
   endloop
 endfacet
 facet normal -0.000000e+00  0.000000e+00 -1.000000e+00
   outer loop
     vertex  6.830783e+01  4.483700e+01 -3.000000e+00
     vertex -6.831023e+01  4.481380e+01 -3.000000e+00
     vertex -6.830576e+01  4.486023e+01 -3.000000e+00
   endloop
 endfacet
 facet normal -0.000000e+00  0.000000e+00 -1.000000e+00
   outer loop
     vertex  6.987185e+01  4.330484e+01 -3.000000e+00
     vertex  6.982539e+01 -4.330899e+01 -3.000000e+00
     vertex  6.982539e+01  4.330899e+01 -3.000000e+00
   endloop
 endfacet
 facet normal  0.000000e+00  0.000000e+00 -1.000000e+00
   outer loop
     vertex  6.987185e+01  4.330484e+01 -3.000000e+00
     vertex  6.987185e+01 -4.330484e+01 -3.000000e+00
     vertex  6.982539e+01 -4.330899e+01 -3.000000e+00
   endloop
 endfacet
 facet normal -0.000000e+00  0.000000e+00 -1.000000e+00
   outer loop
     vertex  6.830400e+01  4.488348e+01 -3.000000e+00
     vertex -6.830576e+01  4.486023e+01 -3.000000e+00
     vertex -6.830256e+01  4.490676e+01 -3.000000e+00
   endloop
 endfacet
 facet normal  0.000000e+00 -0.000000e+00 -1.000000e+00
   outer loop
     vertex  6.830400e+01  4.488348e+01 -3.000000e+00
     vertex  6.830783e+01  4.483700e+01 -3.000000e+00
     vertex -6.830576e+01  4.486023e+01 -3.000000e+00
   endloop
 endfacet
 facet normal -0.000000e+00  0.000000e+00 -1.000000e+00
   outer loop
     vertex  6.991840e+01  4.330196e+01 -3.000000e+00
     vertex  6.987185e+01 -4.330484e+01 -3.000000e+00
     vertex  6.987185e+01  4.330484e+01 -3.000000e+00
   endloop
 endfacet
 facet normal  0.000000e+00  0.000000e+00 -1.000000e+00
   outer loop
     vertex  6.991840e+01  4.330196e+01 -3.000000e+00
     vertex  6.991840e+01 -4.330196e+01 -3.000000e+00
     vertex  6.987185e+01 -4.330484e+01 -3.000000e+00
   endloop
 endfacet
 facet normal  0.000000e+00 -0.000000e+00 -1.000000e+00
   outer loop
     vertex  6.830144e+01  4.493005e+01 -3.000000e+00
     vertex  6.830400e+01  4.488348e+01 -3.000000e+00
     vertex -6.830256e+01  4.490676e+01 -3.000000e+00
   endloop
 endfacet
 facet normal -0.000000e+00  0.000000e+00 -1.000000e+00
   outer loop
     vertex  6.830144e+01  4.493005e+01 -3.000000e+00
     vertex -6.830256e+01  4.490676e+01 -3.000000e+00
     vertex -6.830064e+01  4.495336e+01 -3.000000e+00
   endloop
 endfacet
 facet normal  0.000000e+00  0.000000e+00 -1.000000e+00
   outer loop
     vertex  6.996502e+01  4.330036e+01 -3.000000e+00
     vertex  6.996502e+01 -4.330036e+01 -3.000000e+00
     vertex  6.991840e+01 -4.330196e+01 -3.000000e+00
   endloop
 endfacet
 facet normal -0.000000e+00  0.000000e+00 -1.000000e+00
   outer loop
     vertex  6.996502e+01  4.330036e+01 -3.000000e+00
     vertex  6.991840e+01 -4.330196e+01 -3.000000e+00
     vertex  6.991840e+01  4.330196e+01 -3.000000e+00
   endloop
 endfacet
 facet normal  0.000000e+00 -0.000000e+00 -1.000000e+00
   outer loop
     vertex  6.830016e+01  4.497668e+01 -3.000000e+00
     vertex  6.830144e+01  4.493005e+01 -3.000000e+00
     vertex -6.830064e+01  4.495336e+01 -3.000000e+00
   endloop
 endfacet
 facet normal -0.000000e+00  0.000000e+00 -1.000000e+00
   outer loop
     vertex  6.830016e+01  4.497668e+01 -3.000000e+00
     vertex -6.830064e+01  4.495336e+01 -3.000000e+00
     vertex -6.830000e+01  4.500000e+01 -3.000000e+00
   endloop
 endfacet
 facet normal  0.000000e+00 -0.000000e+00 -1.000000e+00
   outer loop
     vertex  7.001166e+01  4.330004e+01 -3.000000e+00
     vertex  7.001166e+01 -4.330004e+01 -3.000000e+00
     vertex  6.996502e+01 -4.330036e+01 -3.000000e+00
   endloop
 endfacet
 facet normal -0.000000e+00  0.000000e+00 -1.000000e+00
   outer loop
     vertex  7.001166e+01  4.330004e+01 -3.000000e+00
     vertex  6.996502e+01 -4.330036e+01 -3.000000e+00
     vertex  6.996502e+01  4.330036e+01 -3.000000e+00
   endloop
 endfacet
 facet normal  0.000000e+00 -0.000000e+00 -1.000000e+00
   outer loop
     vertex  6.830016e+01  4.502332e+01 -3.000000e+00
     vertex  6.830016e+01  4.497668e+01 -3.000000e+00
     vertex -6.830000e+01  4.500000e+01 -3.000000e+00
   endloop
 endfacet
 facet normal -0.000000e+00  0.000000e+00 -1.000000e+00
   outer loop
     vertex  6.830016e+01  4.502332e+01 -3.000000e+00
     vertex -6.830000e+01  4.500000e+01 -3.000000e+00
     vertex -6.830064e+01  4.504664e+01 -3.000000e+00
   endloop
 endfacet
 facet normal  0.000000e+00 -0.000000e+00 -1.000000e+00
   outer loop
     vertex  7.005829e+01  4.330100e+01 -3.000000e+00
     vertex  7.005829e+01 -4.330100e+01 -3.000000e+00
     vertex  7.001166e+01 -4.330004e+01 -3.000000e+00
   endloop
 endfacet
 facet normal  0.000000e+00  0.000000e+00 -1.000000e+00
   outer loop
     vertex  7.005829e+01  4.330100e+01 -3.000000e+00
     vertex  7.001166e+01 -4.330004e+01 -3.000000e+00
     vertex  7.001166e+01  4.330004e+01 -3.000000e+00
   endloop
 endfacet
 facet normal  0.000000e+00  0.000000e+00 -1.000000e+00
   outer loop
     vertex  6.830144e+01  4.506995e+01 -3.000000e+00
     vertex  6.830016e+01  4.502332e+01 -3.000000e+00
     vertex -6.830064e+01  4.504664e+01 -3.000000e+00
   endloop
 endfacet
 facet normal -0.000000e+00  0.000000e+00 -1.000000e+00
   outer loop
     vertex  6.830144e+01  4.506995e+01 -3.000000e+00
     vertex -6.830064e+01  4.504664e+01 -3.000000e+00
     vertex -6.830256e+01  4.509324e+01 -3.000000e+00
   endloop
 endfacet
 facet normal  0.000000e+00  0.000000e+00 -1.000000e+00
   outer loop
     vertex  7.010488e+01  4.330324e+01 -3.000000e+00
     vertex  7.005829e+01 -4.330100e+01 -3.000000e+00
     vertex  7.005829e+01  4.330100e+01 -3.000000e+00
   endloop
 endfacet
 facet normal  0.000000e+00  0.000000e+00 -1.000000e+00
   outer loop
     vertex  7.010488e+01  4.330324e+01 -3.000000e+00
     vertex  7.010488e+01 -4.330324e+01 -3.000000e+00
     vertex  7.005829e+01 -4.330100e+01 -3.000000e+00
   endloop
 endfacet
 facet normal  0.000000e+00  0.000000e+00 -1.000000e+00
   outer loop
     vertex  6.830400e+01  4.511652e+01 -3.000000e+00
     vertex  6.830144e+01  4.506995e+01 -3.000000e+00
     vertex -6.830256e+01  4.509324e+01 -3.000000e+00
   endloop
 endfacet
 facet normal -0.000000e+00  0.000000e+00 -1.000000e+00
   outer loop
     vertex  6.830400e+01  4.511652e+01 -3.000000e+00
     vertex -6.830256e+01  4.509324e+01 -3.000000e+00
     vertex -6.830576e+01  4.513977e+01 -3.000000e+00
   endloop
 endfacet
 facet normal  0.000000e+00  0.000000e+00 -1.000000e+00
   outer loop
     vertex  7.015139e+01  4.330675e+01 -3.000000e+00
     vertex  7.010488e+01 -4.330324e+01 -3.000000e+00
     vertex  7.010488e+01  4.330324e+01 -3.000000e+00
   endloop
 endfacet
 facet normal  0.000000e+00 -0.000000e+00 -1.000000e+00
   outer loop
     vertex  7.015139e+01  4.330675e+01 -3.000000e+00
     vertex  7.019779e+01 -4.331154e+01 -3.000000e+00
     vertex  7.015139e+01 -4.330675e+01 -3.000000e+00
   endloop
 endfacet
 facet normal  0.000000e+00  0.000000e+00 -1.000000e+00
   outer loop
     vertex  7.015139e+01  4.330675e+01 -3.000000e+00
     vertex  7.015139e+01 -4.330675e+01 -3.000000e+00
     vertex  7.010488e+01 -4.330324e+01 -3.000000e+00
   endloop
 endfacet
 facet normal  0.000000e+00  0.000000e+00 -1.000000e+00
   outer loop
     vertex  6.830783e+01  4.516300e+01 -3.000000e+00
     vertex  6.830400e+01  4.511652e+01 -3.000000e+00
     vertex -6.830576e+01  4.513977e+01 -3.000000e+00
   endloop
 endfacet
 facet normal -0.000000e+00  0.000000e+00 -1.000000e+00
   outer loop
     vertex  6.830783e+01  4.516300e+01 -3.000000e+00
     vertex -6.830576e+01  4.513977e+01 -3.000000e+00
     vertex -6.831023e+01  4.518620e+01 -3.000000e+00
   endloop
 endfacet
 facet normal  0.000000e+00  0.000000e+00 -1.000000e+00
   outer loop
     vertex  7.019779e+01  4.331154e+01 -3.000000e+00
     vertex  7.019779e+01 -4.331154e+01 -3.000000e+00
     vertex  7.015139e+01  4.330675e+01 -3.000000e+00
   endloop
 endfacet
 facet normal  0.000000e+00 -0.000000e+00 -1.000000e+00
   outer loop
     vertex  7.019779e+01  4.331154e+01 -3.000000e+00
     vertex  7.024403e+01 -4.331761e+01 -3.000000e+00
     vertex  7.019779e+01 -4.331154e+01 -3.000000e+00
   endloop
 endfacet
 facet normal -0.000000e+00  0.000000e+00 -1.000000e+00
   outer loop
     vertex  6.831294e+01  4.520936e+01 -3.000000e+00
     vertex -6.831023e+01  4.518620e+01 -3.000000e+00
     vertex -6.831597e+01  4.523249e+01 -3.000000e+00
   endloop
 endfacet
 facet normal  0.000000e+00  0.000000e+00 -1.000000e+00
   outer loop
     vertex  6.831294e+01  4.520936e+01 -3.000000e+00
     vertex  6.830783e+01  4.516300e+01 -3.000000e+00
     vertex -6.831023e+01  4.518620e+01 -3.000000e+00
   endloop
 endfacet
 facet normal  0.000000e+00  0.000000e+00 -1.000000e+00
   outer loop
     vertex  7.024403e+01  4.331761e+01 -3.000000e+00
     vertex  7.024403e+01 -4.331761e+01 -3.000000e+00
     vertex  7.019779e+01  4.331154e+01 -3.000000e+00
   endloop
 endfacet
 facet normal  0.000000e+00  0.000000e+00 -1.000000e+00
   outer loop
     vertex  6.831932e+01  4.525557e+01 -3.000000e+00
     vertex  6.831294e+01  4.520936e+01 -3.000000e+00
     vertex -6.831597e+01  4.523249e+01 -3.000000e+00
   endloop
 endfacet
 facet normal -0.000000e+00  0.000000e+00 -1.000000e+00
   outer loop
     vertex  6.831932e+01  4.525557e+01 -3.000000e+00
     vertex -6.831597e+01  4.523249e+01 -3.000000e+00
     vertex -6.832298e+01  4.527860e+01 -3.000000e+00
   endloop
 endfacet
 facet normal  0.000000e+00  0.000000e+00 -1.000000e+00
   outer loop
     vertex  7.029010e+01  4.332493e+01 -3.000000e+00
     vertex  7.024403e+01 -4.331761e+01 -3.000000e+00
     vertex  7.024403e+01  4.331761e+01 -3.000000e+00
   endloop
 endfacet
 facet normal  0.000000e+00 -0.000000e+00 -1.000000e+00
   outer loop
     vertex  7.029010e+01  4.332493e+01 -3.000000e+00
     vertex  7.033594e+01 -4.333352e+01 -3.000000e+00
     vertex  7.029010e+01 -4.332493e+01 -3.000000e+00
   endloop
 endfacet
 facet normal  0.000000e+00  0.000000e+00 -1.000000e+00
   outer loop
     vertex  7.029010e+01  4.332493e+01 -3.000000e+00
     vertex  7.029010e+01 -4.332493e+01 -3.000000e+00
     vertex  7.024403e+01 -4.331761e+01 -3.000000e+00
   endloop
 endfacet
 facet normal -0.000000e+00  0.000000e+00 -1.000000e+00
   outer loop
     vertex  6.832696e+01  4.530158e+01 -3.000000e+00
     vertex -6.832298e+01  4.527860e+01 -3.000000e+00
     vertex -6.833126e+01  4.532450e+01 -3.000000e+00
   endloop
 endfacet
 facet normal  0.000000e+00  0.000000e+00 -1.000000e+00
   outer loop
     vertex  6.832696e+01  4.530158e+01 -3.000000e+00
     vertex  6.831932e+01  4.525557e+01 -3.000000e+00
     vertex -6.832298e+01  4.527860e+01 -3.000000e+00
   endloop
 endfacet
 facet normal  0.000000e+00  0.000000e+00 -1.000000e+00
   outer loop
     vertex  7.033594e+01  4.333352e+01 -3.000000e+00
     vertex  7.033594e+01 -4.333352e+01 -3.000000e+00
     vertex  7.029010e+01  4.332493e+01 -3.000000e+00
   endloop
 endfacet
 facet normal  0.000000e+00 -0.000000e+00 -1.000000e+00
   outer loop
     vertex  7.033594e+01  4.333352e+01 -3.000000e+00
     vertex  7.038153e+01 -4.334337e+01 -3.000000e+00
     vertex  7.033594e+01 -4.333352e+01 -3.000000e+00
   endloop
 endfacet
 facet normal  0.000000e+00  0.000000e+00 -1.000000e+00
   outer loop
     vertex  6.833587e+01  4.534736e+01 -3.000000e+00
     vertex  6.832696e+01  4.530158e+01 -3.000000e+00
     vertex -6.833126e+01  4.532450e+01 -3.000000e+00
   endloop
 endfacet
 facet normal -0.000000e+00  0.000000e+00 -1.000000e+00
   outer loop
     vertex  6.833587e+01  4.534736e+01 -3.000000e+00
     vertex -6.833126e+01  4.532450e+01 -3.000000e+00
     vertex -6.834079e+01  4.537016e+01 -3.000000e+00
   endloop
 endfacet
 facet normal  0.000000e+00  0.000000e+00 -1.000000e+00
   outer loop
     vertex  7.038153e+01  4.334337e+01 -3.000000e+00
     vertex  7.038153e+01 -4.334337e+01 -3.000000e+00
     vertex  7.033594e+01  4.333352e+01 -3.000000e+00
   endloop
 endfacet
 facet normal  0.000000e+00 -0.000000e+00 -1.000000e+00
   outer loop
     vertex  7.038153e+01  4.334337e+01 -3.000000e+00
     vertex  7.042684e+01 -4.335446e+01 -3.000000e+00
     vertex  7.038153e+01 -4.334337e+01 -3.000000e+00
   endloop
 endfacet
 facet normal -0.000000e+00  0.000000e+00 -1.000000e+00
   outer loop
     vertex  6.834602e+01  4.539289e+01 -3.000000e+00
     vertex -6.834079e+01  4.537016e+01 -3.000000e+00
     vertex -6.835157e+01  4.541554e+01 -3.000000e+00
   endloop
 endfacet
 facet normal  0.000000e+00  0.000000e+00 -1.000000e+00
   outer loop
     vertex  6.834602e+01  4.539289e+01 -3.000000e+00
     vertex  6.833587e+01  4.534736e+01 -3.000000e+00
     vertex -6.834079e+01  4.537016e+01 -3.000000e+00
   endloop
 endfacet
 facet normal  0.000000e+00 -0.000000e+00 -1.000000e+00
   outer loop
     vertex  7.042684e+01  4.335446e+01 -3.000000e+00
     vertex  7.042684e+01 -4.335446e+01 -3.000000e+00
     vertex  7.038153e+01  4.334337e+01 -3.000000e+00
   endloop
 endfacet
 facet normal  0.000000e+00  0.000000e+00 -1.000000e+00
   outer loop
     vertex  7.042684e+01  4.335446e+01 -3.000000e+00
     vertex  7.047182e+01 -4.336679e+01 -3.000000e+00
     vertex  7.042684e+01 -4.335446e+01 -3.000000e+00
   endloop
 endfacet
 facet normal  0.000000e+00  0.000000e+00 -1.000000e+00
   outer loop
     vertex  6.835742e+01  4.543811e+01 -3.000000e+00
     vertex  6.834602e+01  4.539289e+01 -3.000000e+00
     vertex -6.835157e+01  4.541554e+01 -3.000000e+00
   endloop
 endfacet
 facet normal -0.000000e+00  0.000000e+00 -1.000000e+00
   outer loop
     vertex  6.835742e+01  4.543811e+01 -3.000000e+00
     vertex -6.835157e+01  4.541554e+01 -3.000000e+00
     vertex -6.836359e+01  4.546061e+01 -3.000000e+00
   endloop
 endfacet
 facet normal  0.000000e+00  0.000000e+00 -1.000000e+00
   outer loop
     vertex  7.047182e+01  4.336679e+01 -3.000000e+00
     vertex  7.047182e+01 -4.336679e+01 -3.000000e+00
     vertex  7.042684e+01  4.335446e+01 -3.000000e+00
   endloop
 endfacet
 facet normal -0.000000e+00  0.000000e+00 -1.000000e+00
   outer loop
     vertex  6.837006e+01  4.548301e+01 -3.000000e+00
     vertex -6.836359e+01  4.546061e+01 -3.000000e+00
     vertex -6.837684e+01  4.550533e+01 -3.000000e+00
   endloop
 endfacet
 facet normal  0.000000e+00  0.000000e+00 -1.000000e+00
   outer loop
     vertex  6.837006e+01  4.548301e+01 -3.000000e+00
     vertex  6.835742e+01  4.543811e+01 -3.000000e+00
     vertex -6.836359e+01  4.546061e+01 -3.000000e+00
   endloop
 endfacet
 facet normal  0.000000e+00  0.000000e+00 -1.000000e+00
   outer loop
     vertex  7.051645e+01  4.338035e+01 -3.000000e+00
     vertex  7.047182e+01 -4.336679e+01 -3.000000e+00
     vertex  7.047182e+01  4.336679e+01 -3.000000e+00
   endloop
 endfacet
 facet normal  0.000000e+00  0.000000e+00 -1.000000e+00
   outer loop
     vertex  7.051645e+01  4.338035e+01 -3.000000e+00
     vertex  7.056069e+01 -4.339512e+01 -3.000000e+00
     vertex  7.051645e+01 -4.338035e+01 -3.000000e+00
   endloop
 endfacet
 facet normal  0.000000e+00 -0.000000e+00 -1.000000e+00
   outer loop
     vertex  7.051645e+01  4.338035e+01 -3.000000e+00
     vertex  7.051645e+01 -4.338035e+01 -3.000000e+00
     vertex  7.047182e+01 -4.336679e+01 -3.000000e+00
   endloop
 endfacet
 facet normal  0.000000e+00  0.000000e+00 -1.000000e+00
   outer loop
     vertex  6.838393e+01  4.552755e+01 -3.000000e+00
     vertex  6.837006e+01  4.548301e+01 -3.000000e+00
     vertex -6.837684e+01  4.550533e+01 -3.000000e+00
   endloop
 endfacet
 facet normal -0.000000e+00  0.000000e+00 -1.000000e+00
   outer loop
     vertex  6.838393e+01  4.552755e+01 -3.000000e+00
     vertex -6.837684e+01  4.550533e+01 -3.000000e+00
     vertex -6.839132e+01  4.554967e+01 -3.000000e+00
   endloop
 endfacet
 facet normal  0.000000e+00  0.000000e+00 -1.000000e+00
   outer loop
     vertex  7.056069e+01  4.339512e+01 -3.000000e+00
     vertex  7.056069e+01 -4.339512e+01 -3.000000e+00
     vertex  7.051645e+01  4.338035e+01 -3.000000e+00
   endloop
 endfacet
 facet normal  0.000000e+00 -0.000000e+00 -1.000000e+00
   outer loop
     vertex  7.056069e+01  4.339512e+01 -3.000000e+00
     vertex  7.060451e+01 -4.341111e+01 -3.000000e+00
     vertex  7.056069e+01 -4.339512e+01 -3.000000e+00
   endloop
 endfacet
 facet normal  0.000000e+00  0.000000e+00 -1.000000e+00
   outer loop
     vertex  6.839901e+01  4.557168e+01 -3.000000e+00
     vertex  6.838393e+01  4.552755e+01 -3.000000e+00
     vertex -6.839132e+01  4.554967e+01 -3.000000e+00
   endloop
 endfacet
 facet normal -0.000000e+00  0.000000e+00 -1.000000e+00
   outer loop
     vertex  6.839901e+01  4.557168e+01 -3.000000e+00
     vertex -6.839132e+01  4.554967e+01 -3.000000e+00
     vertex -6.840700e+01  4.559359e+01 -3.000000e+00
   endloop
 endfacet
 facet normal  0.000000e+00  0.000000e+00 -1.000000e+00
   outer loop
     vertex  7.060451e+01  4.341111e+01 -3.000000e+00
     vertex  7.060451e+01 -4.341111e+01 -3.000000e+00
     vertex  7.056069e+01  4.339512e+01 -3.000000e+00
   endloop
 endfacet
 facet normal  0.000000e+00  0.000000e+00 -1.000000e+00
   outer loop
     vertex  6.841529e+01  4.561539e+01 -3.000000e+00
     vertex  6.839901e+01  4.557168e+01 -3.000000e+00
     vertex -6.840700e+01  4.559359e+01 -3.000000e+00
   endloop
 endfacet
 facet normal -0.000000e+00  0.000000e+00 -1.000000e+00
   outer loop
     vertex  6.841529e+01  4.561539e+01 -3.000000e+00
     vertex -6.840700e+01  4.559359e+01 -3.000000e+00
     vertex -6.842388e+01  4.563707e+01 -3.000000e+00
   endloop
 endfacet
 facet normal  0.000000e+00  0.000000e+00 -1.000000e+00
   outer loop
     vertex  7.064787e+01  4.342829e+01 -3.000000e+00
     vertex  7.060451e+01 -4.341111e+01 -3.000000e+00
     vertex  7.060451e+01  4.341111e+01 -3.000000e+00
   endloop
 endfacet
 facet normal  0.000000e+00 -0.000000e+00 -1.000000e+00
   outer loop
     vertex  7.064787e+01  4.342829e+01 -3.000000e+00
     vertex  7.069074e+01 -4.344666e+01 -3.000000e+00
     vertex  7.064787e+01 -4.342829e+01 -3.000000e+00
   endloop
 endfacet
 facet normal  0.000000e+00  0.000000e+00 -1.000000e+00
   outer loop
     vertex  7.064787e+01  4.342829e+01 -3.000000e+00
     vertex  7.064787e+01 -4.342829e+01 -3.000000e+00
     vertex  7.060451e+01 -4.341111e+01 -3.000000e+00
   endloop
 endfacet
 facet normal  0.000000e+00  0.000000e+00 -1.000000e+00
   outer loop
     vertex  6.843277e+01  4.565863e+01 -3.000000e+00
     vertex  6.841529e+01  4.561539e+01 -3.000000e+00
     vertex -6.842388e+01  4.563707e+01 -3.000000e+00
   endloop
 endfacet
 facet normal -0.000000e+00  0.000000e+00 -1.000000e+00
   outer loop
     vertex  6.843277e+01  4.565863e+01 -3.000000e+00
     vertex -6.842388e+01  4.563707e+01 -3.000000e+00
     vertex -6.844196e+01  4.568007e+01 -3.000000e+00
   endloop
 endfacet
 facet normal  0.000000e+00  0.000000e+00 -1.000000e+00
   outer loop
     vertex  7.069074e+01  4.344666e+01 -3.000000e+00
     vertex  7.069074e+01 -4.344666e+01 -3.000000e+00
     vertex  7.064787e+01  4.342829e+01 -3.000000e+00
   endloop
 endfacet
 facet normal -0.000000e+00  0.000000e+00 -1.000000e+00
   outer loop
     vertex  6.845143e+01  4.570138e+01 -3.000000e+00
     vertex -6.844196e+01  4.568007e+01 -3.000000e+00
     vertex -6.846120e+01  4.572256e+01 -3.000000e+00
   endloop
 endfacet
 facet normal  0.000000e+00  0.000000e+00 -1.000000e+00
   outer loop
     vertex  6.845143e+01  4.570138e+01 -3.000000e+00
     vertex  6.843277e+01  4.565863e+01 -3.000000e+00
     vertex -6.844196e+01  4.568007e+01 -3.000000e+00
   endloop
 endfacet
 facet normal  0.000000e+00  0.000000e+00 -1.000000e+00
   outer loop
     vertex  7.073310e+01  4.346619e+01 -3.000000e+00
     vertex  7.069074e+01 -4.344666e+01 -3.000000e+00
     vertex  7.069074e+01  4.344666e+01 -3.000000e+00
   endloop
 endfacet
 facet normal  0.000000e+00 -0.000000e+00 -1.000000e+00
   outer loop
     vertex  7.073310e+01  4.346619e+01 -3.000000e+00
     vertex  7.077490e+01 -4.348688e+01 -3.000000e+00
     vertex  7.073310e+01 -4.346619e+01 -3.000000e+00
   endloop
 endfacet
 facet normal  0.000000e+00  0.000000e+00 -1.000000e+00
   outer loop
     vertex  7.073310e+01  4.346619e+01 -3.000000e+00
     vertex  7.073310e+01 -4.346619e+01 -3.000000e+00
     vertex  7.069074e+01 -4.344666e+01 -3.000000e+00
   endloop
 endfacet
 facet normal  0.000000e+00  0.000000e+00 -1.000000e+00
   outer loop
     vertex  6.847126e+01  4.574360e+01 -3.000000e+00
     vertex  6.845143e+01  4.570138e+01 -3.000000e+00
     vertex -6.846120e+01  4.572256e+01 -3.000000e+00
   endloop
 endfacet
 facet normal -0.000000e+00  0.000000e+00 -1.000000e+00
   outer loop
     vertex  6.847126e+01  4.574360e+01 -3.000000e+00
     vertex -6.846120e+01  4.572256e+01 -3.000000e+00
     vertex -6.848160e+01  4.576450e+01 -3.000000e+00
   endloop
 endfacet
 facet normal  0.000000e+00  0.000000e+00 -1.000000e+00
   outer loop
     vertex  7.077490e+01  4.348688e+01 -3.000000e+00
     vertex  7.077490e+01 -4.348688e+01 -3.000000e+00
     vertex  7.073310e+01  4.346619e+01 -3.000000e+00
   endloop
 endfacet
 facet normal  0.000000e+00 -0.000000e+00 -1.000000e+00
   outer loop
     vertex  7.077490e+01  4.348688e+01 -3.000000e+00
     vertex  7.081612e+01 -4.350871e+01 -3.000000e+00
     vertex  7.077490e+01 -4.348688e+01 -3.000000e+00
   endloop
 endfacet
 facet normal  0.000000e+00  0.000000e+00 -1.000000e+00
   outer loop
     vertex  6.849223e+01  4.578526e+01 -3.000000e+00
     vertex  6.847126e+01  4.574360e+01 -3.000000e+00
     vertex -6.848160e+01  4.576450e+01 -3.000000e+00
   endloop
 endfacet
 facet normal -0.000000e+00  0.000000e+00 -1.000000e+00
   outer loop
     vertex  6.849223e+01  4.578526e+01 -3.000000e+00
     vertex -6.848160e+01  4.576450e+01 -3.000000e+00
     vertex -6.850315e+01  4.580587e+01 -3.000000e+00
   endloop
 endfacet
 facet normal  0.000000e+00  0.000000e+00 -1.000000e+00
   outer loop
     vertex  7.081612e+01  4.350871e+01 -3.000000e+00
     vertex  7.081612e+01 -4.350871e+01 -3.000000e+00
     vertex  7.077490e+01  4.348688e+01 -3.000000e+00
   endloop
 endfacet
 facet normal  0.000000e+00 -0.000000e+00 -1.000000e+00
   outer loop
     vertex  7.081612e+01  4.350871e+01 -3.000000e+00
     vertex  7.085672e+01 -4.353166e+01 -3.000000e+00
     vertex  7.081612e+01 -4.350871e+01 -3.000000e+00
   endloop
 endfacet
 facet normal  0.000000e+00  0.000000e+00 -1.000000e+00
   outer loop
     vertex  6.851434e+01  4.582633e+01 -3.000000e+00
     vertex  6.849223e+01  4.578526e+01 -3.000000e+00
     vertex -6.850315e+01  4.580587e+01 -3.000000e+00
   endloop
 endfacet
 facet normal -0.000000e+00  0.000000e+00 -1.000000e+00
   outer loop
     vertex  6.851434e+01  4.582633e+01 -3.000000e+00
     vertex -6.850315e+01  4.580587e+01 -3.000000e+00
     vertex -6.852582e+01  4.584663e+01 -3.000000e+00
   endloop
 endfacet
 facet normal  0.000000e+00 -0.000000e+00 -1.000000e+00
   outer loop
     vertex  7.085672e+01  4.353166e+01 -3.000000e+00
     vertex  7.085672e+01 -4.353166e+01 -3.000000e+00
     vertex  7.081612e+01  4.350871e+01 -3.000000e+00
   endloop
 endfacet
 facet normal  0.000000e+00  0.000000e+00 -1.000000e+00
   outer loop
     vertex  7.085672e+01  4.353166e+01 -3.000000e+00
     vertex  7.089668e+01 -4.355572e+01 -3.000000e+00
     vertex  7.085672e+01 -4.353166e+01 -3.000000e+00
   endloop
 endfacet
 facet normal  0.000000e+00  0.000000e+00 -1.000000e+00
   outer loop
     vertex  6.853757e+01  4.586678e+01 -3.000000e+00
     vertex  6.851434e+01  4.582633e+01 -3.000000e+00
     vertex -6.852582e+01  4.584663e+01 -3.000000e+00
   endloop
 endfacet
 facet normal -0.000000e+00  0.000000e+00 -1.000000e+00
   outer loop
     vertex  6.853757e+01  4.586678e+01 -3.000000e+00
     vertex -6.852582e+01  4.584663e+01 -3.000000e+00
     vertex -6.854960e+01  4.588676e+01 -3.000000e+00
   endloop
 endfacet
 facet normal  0.000000e+00  0.000000e+00 -1.000000e+00
   outer loop
     vertex  7.089668e+01  4.355572e+01 -3.000000e+00
     vertex  7.089668e+01 -4.355572e+01 -3.000000e+00
     vertex  7.085672e+01  4.353166e+01 -3.000000e+00
   endloop
 endfacet
 facet normal -0.000000e+00  0.000000e+00 -1.000000e+00
   outer loop
     vertex  6.856190e+01  4.590657e+01 -3.000000e+00
     vertex -6.854960e+01  4.588676e+01 -3.000000e+00
     vertex -6.857447e+01  4.592621e+01 -3.000000e+00
   endloop
 endfacet
 facet normal  0.000000e+00  0.000000e+00 -1.000000e+00
   outer loop
     vertex  6.856190e+01  4.590657e+01 -3.000000e+00
     vertex  6.853757e+01  4.586678e+01 -3.000000e+00
     vertex -6.854960e+01  4.588676e+01 -3.000000e+00
   endloop
 endfacet
 facet normal  0.000000e+00 -0.000000e+00 -1.000000e+00
   outer loop
     vertex  7.093597e+01  4.358086e+01 -3.000000e+00
     vertex  7.097455e+01 -4.360707e+01 -3.000000e+00
     vertex  7.093597e+01 -4.358086e+01 -3.000000e+00
   endloop
 endfacet
 facet normal  0.000000e+00  0.000000e+00 -1.000000e+00
   outer loop
     vertex  7.093597e+01  4.358086e+01 -3.000000e+00
     vertex  7.093597e+01 -4.358086e+01 -3.000000e+00
     vertex  7.089668e+01 -4.355572e+01 -3.000000e+00
   endloop
 endfacet
 facet normal  0.000000e+00  0.000000e+00 -1.000000e+00
   outer loop
     vertex  7.093597e+01  4.358086e+01 -3.000000e+00
     vertex  7.089668e+01 -4.355572e+01 -3.000000e+00
     vertex  7.089668e+01  4.355572e+01 -3.000000e+00
   endloop
 endfacet
 facet normal  0.000000e+00  0.000000e+00 -1.000000e+00
   outer loop
     vertex  6.858731e+01  4.594568e+01 -3.000000e+00
     vertex  6.856190e+01  4.590657e+01 -3.000000e+00
     vertex -6.857447e+01  4.592621e+01 -3.000000e+00
   endloop
 endfacet
 facet normal -0.000000e+00  0.000000e+00 -1.000000e+00
   outer loop
     vertex  6.858731e+01  4.594568e+01 -3.000000e+00
     vertex -6.857447e+01  4.592621e+01 -3.000000e+00
     vertex -6.860042e+01  4.596497e+01 -3.000000e+00
   endloop
 endfacet
 facet normal  0.000000e+00  0.000000e+00 -1.000000e+00
   outer loop
     vertex  7.097455e+01  4.360707e+01 -3.000000e+00
     vertex  7.097455e+01 -4.360707e+01 -3.000000e+00
     vertex  7.093597e+01  4.358086e+01 -3.000000e+00
   endloop
 endfacet
 facet normal  0.000000e+00  0.000000e+00 -1.000000e+00
   outer loop
     vertex  6.861379e+01  4.598408e+01 -3.000000e+00
     vertex  6.858731e+01  4.594568e+01 -3.000000e+00
     vertex -6.860042e+01  4.596497e+01 -3.000000e+00
   endloop
 endfacet
 facet normal -0.000000e+00  0.000000e+00 -1.000000e+00
   outer loop
     vertex  6.861379e+01  4.598408e+01 -3.000000e+00
     vertex -6.860042e+01  4.596497e+01 -3.000000e+00
     vertex -6.862742e+01  4.600300e+01 -3.000000e+00
   endloop
 endfacet
 facet normal  0.000000e+00 -0.000000e+00 -1.000000e+00
   outer loop
     vertex  7.101240e+01  4.363433e+01 -3.000000e+00
     vertex  7.104948e+01 -4.366262e+01 -3.000000e+00
     vertex  7.101240e+01 -4.363433e+01 -3.000000e+00
   endloop
 endfacet
 facet normal  0.000000e+00  0.000000e+00 -1.000000e+00
   outer loop
     vertex  7.101240e+01  4.363433e+01 -3.000000e+00
     vertex  7.101240e+01 -4.363433e+01 -3.000000e+00
     vertex  7.097455e+01 -4.360707e+01 -3.000000e+00
   endloop
 endfacet
 facet normal  0.000000e+00  0.000000e+00 -1.000000e+00
   outer loop
     vertex  7.101240e+01  4.363433e+01 -3.000000e+00
     vertex  7.097455e+01 -4.360707e+01 -3.000000e+00
     vertex  7.097455e+01  4.360707e+01 -3.000000e+00
   endloop
 endfacet
 facet normal  0.000000e+00  0.000000e+00 -1.000000e+00
   outer loop
     vertex  6.864131e+01  4.602174e+01 -3.000000e+00
     vertex  6.861379e+01  4.598408e+01 -3.000000e+00
     vertex -6.862742e+01  4.600300e+01 -3.000000e+00
   endloop
 endfacet
 facet normal -0.000000e+00  0.000000e+00 -1.000000e+00
   outer loop
     vertex  6.864131e+01  4.602174e+01 -3.000000e+00
     vertex -6.862742e+01  4.600300e+01 -3.000000e+00
     vertex -6.865545e+01  4.604028e+01 -3.000000e+00
   endloop
 endfacet
 facet normal  0.000000e+00  0.000000e+00 -1.000000e+00
   outer loop
     vertex  7.104948e+01  4.366262e+01 -3.000000e+00
     vertex  7.108578e+01 -4.369191e+01 -3.000000e+00
     vertex  7.104948e+01 -4.366262e+01 -3.000000e+00
   endloop
 endfacet
 facet normal  0.000000e+00 -0.000000e+00 -1.000000e+00
   outer loop
     vertex  7.104948e+01  4.366262e+01 -3.000000e+00
     vertex  7.104948e+01 -4.366262e+01 -3.000000e+00
     vertex  7.101240e+01  4.363433e+01 -3.000000e+00
   endloop
 endfacet
 facet normal  0.000000e+00  0.000000e+00 -1.000000e+00
   outer loop
     vertex  6.866985e+01  4.605863e+01 -3.000000e+00
     vertex  6.864131e+01  4.602174e+01 -3.000000e+00
     vertex -6.865545e+01  4.604028e+01 -3.000000e+00
   endloop
 endfacet
 facet normal -0.000000e+00  0.000000e+00 -1.000000e+00
   outer loop
     vertex  6.866985e+01  4.605863e+01 -3.000000e+00
     vertex -6.865545e+01  4.604028e+01 -3.000000e+00
     vertex -6.868450e+01  4.607678e+01 -3.000000e+00
   endloop
 endfacet
 facet normal  0.000000e+00  0.000000e+00 -1.000000e+00
   outer loop
     vertex  7.108578e+01  4.369191e+01 -3.000000e+00
     vertex  7.108578e+01 -4.369191e+01 -3.000000e+00
     vertex  7.104948e+01  4.366262e+01 -3.000000e+00
   endloop
 endfacet
 facet normal -0.000000e+00  0.000000e+00 -1.000000e+00
   outer loop
     vertex  6.869939e+01  4.609472e+01 -3.000000e+00
     vertex -6.868450e+01  4.607678e+01 -3.000000e+00
     vertex -6.871453e+01  4.611246e+01 -3.000000e+00
   endloop
 endfacet
 facet normal  0.000000e+00  0.000000e+00 -1.000000e+00
   outer loop
     vertex  6.869939e+01  4.609472e+01 -3.000000e+00
     vertex  6.866985e+01  4.605863e+01 -3.000000e+00
     vertex -6.868450e+01  4.607678e+01 -3.000000e+00
   endloop
 endfacet
 facet normal  0.000000e+00  0.000000e+00 -1.000000e+00
   outer loop
     vertex  7.112125e+01  4.372219e+01 -3.000000e+00
     vertex  7.108578e+01 -4.369191e+01 -3.000000e+00
     vertex  7.108578e+01  4.369191e+01 -3.000000e+00
   endloop
 endfacet
 facet normal  0.000000e+00  0.000000e+00 -1.000000e+00
   outer loop
     vertex  7.112125e+01  4.372219e+01 -3.000000e+00
     vertex  7.112125e+01 -4.372219e+01 -3.000000e+00
     vertex  7.108578e+01 -4.369191e+01 -3.000000e+00
   endloop
 endfacet
 facet normal  0.000000e+00  0.000000e+00 -1.000000e+00
   outer loop
     vertex  6.872991e+01  4.612999e+01 -3.000000e+00
     vertex  6.869939e+01  4.609472e+01 -3.000000e+00
     vertex -6.871453e+01  4.611246e+01 -3.000000e+00
   endloop
 endfacet
 facet normal -0.000000e+00  0.000000e+00 -1.000000e+00
   outer loop
     vertex  6.872991e+01  4.612999e+01 -3.000000e+00
     vertex -6.871453e+01  4.611246e+01 -3.000000e+00
     vertex -6.874553e+01  4.614731e+01 -3.000000e+00
   endloop
 endfacet
 facet normal  0.000000e+00  0.000000e+00 -1.000000e+00
   outer loop
     vertex  7.115589e+01  4.375343e+01 -3.000000e+00
     vertex  7.112125e+01 -4.372219e+01 -3.000000e+00
     vertex  7.112125e+01  4.372219e+01 -3.000000e+00
   endloop
 endfacet
 facet normal  0.000000e+00 -0.000000e+00 -1.000000e+00
   outer loop
     vertex  7.115589e+01  4.375343e+01 -3.000000e+00
     vertex  7.115589e+01 -4.375343e+01 -3.000000e+00
     vertex  7.112125e+01 -4.372219e+01 -3.000000e+00
   endloop
 endfacet
 facet normal  0.000000e+00  0.000000e+00 -1.000000e+00
   outer loop
     vertex  6.876139e+01  4.616441e+01 -3.000000e+00
     vertex  6.872991e+01  4.612999e+01 -3.000000e+00
     vertex -6.874553e+01  4.614731e+01 -3.000000e+00
   endloop
 endfacet
 facet normal -0.000000e+00  0.000000e+00 -1.000000e+00
   outer loop
     vertex  6.876139e+01  4.616441e+01 -3.000000e+00
     vertex -6.874553e+01  4.614731e+01 -3.000000e+00
     vertex -6.877748e+01  4.618129e+01 -3.000000e+00
   endloop
 endfacet
 facet normal  0.000000e+00 -0.000000e+00 -1.000000e+00
   outer loop
     vertex  7.118965e+01  4.378561e+01 -3.000000e+00
     vertex  7.118965e+01 -4.378561e+01 -3.000000e+00
     vertex  7.115589e+01 -4.375343e+01 -3.000000e+00
   endloop
 endfacet
 facet normal  0.000000e+00  0.000000e+00 -1.000000e+00
   outer loop
     vertex  7.118965e+01  4.378561e+01 -3.000000e+00
     vertex  7.115589e+01 -4.375343e+01 -3.000000e+00
     vertex  7.115589e+01  4.375343e+01 -3.000000e+00
   endloop
 endfacet
 facet normal  0.000000e+00  0.000000e+00 -1.000000e+00
   outer loop
     vertex  6.879380e+01  4.619795e+01 -3.000000e+00
     vertex  6.876139e+01  4.616441e+01 -3.000000e+00
     vertex -6.877748e+01  4.618129e+01 -3.000000e+00
   endloop
 endfacet
 facet normal -0.000000e+00  0.000000e+00 -1.000000e+00
   outer loop
     vertex  6.879380e+01  4.619795e+01 -3.000000e+00
     vertex -6.877748e+01  4.618129e+01 -3.000000e+00
     vertex -6.881035e+01  4.621439e+01 -3.000000e+00
   endloop
 endfacet
 facet normal  0.000000e+00  0.000000e+00 -1.000000e+00
   outer loop
     vertex  7.122252e+01  4.381871e+01 -3.000000e+00
     vertex  7.118965e+01 -4.378561e+01 -3.000000e+00
     vertex  7.118965e+01  4.378561e+01 -3.000000e+00
   endloop
 endfacet
 facet normal  0.000000e+00  0.000000e+00 -1.000000e+00
   outer loop
     vertex  7.122252e+01  4.381871e+01 -3.000000e+00
     vertex  7.125447e+01 -4.385269e+01 -3.000000e+00
     vertex  7.122252e+01 -4.381871e+01 -3.000000e+00
   endloop
 endfacet
 facet normal  0.000000e+00 -0.000000e+00 -1.000000e+00
   outer loop
     vertex  7.122252e+01  4.381871e+01 -3.000000e+00
     vertex  7.122252e+01 -4.381871e+01 -3.000000e+00
     vertex  7.118965e+01 -4.378561e+01 -3.000000e+00
   endloop
 endfacet
 facet normal  0.000000e+00  0.000000e+00 -1.000000e+00
   outer loop
     vertex  6.882712e+01  4.623059e+01 -3.000000e+00
     vertex  6.879380e+01  4.619795e+01 -3.000000e+00
     vertex -6.881035e+01  4.621439e+01 -3.000000e+00
   endloop
 endfacet
 facet normal  0.000000e+00 -0.000000e+00 -1.000000e+00
   outer loop
     vertex  7.125447e+01  4.385269e+01 -3.000000e+00
     vertex  7.125447e+01 -4.385269e+01 -3.000000e+00
     vertex  7.122252e+01  4.381871e+01 -3.000000e+00
   endloop
 endfacet
 facet normal  0.000000e+00  0.000000e+00 -1.000000e+00
   outer loop
     vertex  7.128547e+01  4.388754e+01 -3.000000e+00
     vertex  7.125447e+01 -4.385269e+01 -3.000000e+00
     vertex  7.125447e+01  4.385269e+01 -3.000000e+00
   endloop
 endfacet
 facet normal  0.000000e+00 -0.000000e+00 -1.000000e+00
   outer loop
     vertex  7.128547e+01  4.388754e+01 -3.000000e+00
     vertex  7.128547e+01 -4.388754e+01 -3.000000e+00
     vertex  7.125447e+01 -4.385269e+01 -3.000000e+00
   endloop
 endfacet
 facet normal  0.000000e+00  0.000000e+00 -1.000000e+00
   outer loop
     vertex  7.131550e+01  4.392322e+01 -3.000000e+00
     vertex  7.128547e+01 -4.388754e+01 -3.000000e+00
     vertex  7.128547e+01  4.388754e+01 -3.000000e+00
   endloop
 endfacet
 facet normal  0.000000e+00 -0.000000e+00 -1.000000e+00
   outer loop
     vertex  7.131550e+01  4.392322e+01 -3.000000e+00
     vertex  7.131550e+01 -4.392322e+01 -3.000000e+00
     vertex  7.128547e+01 -4.388754e+01 -3.000000e+00
   endloop
 endfacet
 facet normal  0.000000e+00  0.000000e+00 -1.000000e+00
   outer loop
     vertex  7.134455e+01  4.395972e+01 -3.000000e+00
     vertex  7.131550e+01 -4.392322e+01 -3.000000e+00
     vertex  7.131550e+01  4.392322e+01 -3.000000e+00
   endloop
 endfacet
 facet normal  0.000000e+00  0.000000e+00 -1.000000e+00
   outer loop
     vertex  7.134455e+01  4.395972e+01 -3.000000e+00
     vertex  7.137258e+01 -4.399700e+01 -3.000000e+00
     vertex  7.134455e+01 -4.395972e+01 -3.000000e+00
   endloop
 endfacet
 facet normal  0.000000e+00 -0.000000e+00 -1.000000e+00
   outer loop
     vertex  7.134455e+01  4.395972e+01 -3.000000e+00
     vertex  7.134455e+01 -4.395972e+01 -3.000000e+00
     vertex  7.131550e+01 -4.392322e+01 -3.000000e+00
   endloop
 endfacet
 facet normal  0.000000e+00  0.000000e+00 -1.000000e+00
   outer loop
     vertex  7.137258e+01  4.399700e+01 -3.000000e+00
     vertex  7.137258e+01 -4.399700e+01 -3.000000e+00
     vertex  7.134455e+01  4.395972e+01 -3.000000e+00
   endloop
 endfacet
 facet normal  0.000000e+00 -0.000000e+00 -1.000000e+00
   outer loop
     vertex  7.137258e+01  4.399700e+01 -3.000000e+00
     vertex  7.139958e+01 -4.403503e+01 -3.000000e+00
     vertex  7.137258e+01 -4.399700e+01 -3.000000e+00
   endloop
 endfacet
 facet normal  0.000000e+00  0.000000e+00 -1.000000e+00
   outer loop
     vertex  7.139958e+01  4.403503e+01 -3.000000e+00
     vertex  7.139958e+01 -4.403503e+01 -3.000000e+00
     vertex  7.137258e+01  4.399700e+01 -3.000000e+00
   endloop
 endfacet
 facet normal  0.000000e+00  0.000000e+00 -1.000000e+00
   outer loop
     vertex  7.142553e+01  4.407379e+01 -3.000000e+00
     vertex  7.139958e+01 -4.403503e+01 -3.000000e+00
     vertex  7.139958e+01  4.403503e+01 -3.000000e+00
   endloop
 endfacet
 facet normal  0.000000e+00 -0.000000e+00 -1.000000e+00
   outer loop
     vertex  7.142553e+01  4.407379e+01 -3.000000e+00
     vertex  8.000000e+01 -5.500000e+01 -3.000000e+00
     vertex  7.142553e+01 -4.407379e+01 -3.000000e+00
   endloop
 endfacet
 facet normal  0.000000e+00  0.000000e+00 -1.000000e+00
   outer loop
     vertex  7.142553e+01  4.407379e+01 -3.000000e+00
     vertex  7.142553e+01 -4.407379e+01 -3.000000e+00
     vertex  7.139958e+01 -4.403503e+01 -3.000000e+00
   endloop
 endfacet
 facet normal  0.000000e+00 -0.000000e+00 -1.000000e+00
   outer loop
     vertex  8.000000e+01  5.500000e+01 -3.000000e+00
     vertex  8.000000e+01 -5.500000e+01 -3.000000e+00
     vertex  7.142553e+01  4.407379e+01 -3.000000e+00
   endloop
 endfacet
 facet normal  0.000000e+00  0.000000e+00 -1.000000e+00
   outer loop
     vertex  8.000000e+01  5.500000e+01 -3.000000e+00
     vertex  7.170000e+01  4.500000e+01 -3.000000e+00
     vertex  7.169936e+01  4.504664e+01 -3.000000e+00
   endloop
 endfacet
 facet normal  0.000000e+00  0.000000e+00 -1.000000e+00
   outer loop
     vertex  8.000000e+01  5.500000e+01 -3.000000e+00
     vertex  7.169936e+01  4.504664e+01 -3.000000e+00
     vertex  7.169744e+01  4.509324e+01 -3.000000e+00
   endloop
 endfacet
 facet normal  0.000000e+00  0.000000e+00 -1.000000e+00
   outer loop
     vertex  8.000000e+01  5.500000e+01 -3.000000e+00
     vertex  7.169744e+01  4.509324e+01 -3.000000e+00
     vertex  7.169424e+01  4.513977e+01 -3.000000e+00
   endloop
 endfacet
 facet normal  0.000000e+00  0.000000e+00 -1.000000e+00
   outer loop
     vertex  8.000000e+01  5.500000e+01 -3.000000e+00
     vertex  7.169424e+01  4.513977e+01 -3.000000e+00
     vertex  7.168977e+01  4.518620e+01 -3.000000e+00
   endloop
 endfacet
 facet normal  0.000000e+00  0.000000e+00 -1.000000e+00
   outer loop
     vertex  8.000000e+01  5.500000e+01 -3.000000e+00
     vertex  7.168977e+01  4.518620e+01 -3.000000e+00
     vertex  7.168403e+01  4.523249e+01 -3.000000e+00
   endloop
 endfacet
 facet normal  0.000000e+00  0.000000e+00 -1.000000e+00
   outer loop
     vertex  8.000000e+01  5.500000e+01 -3.000000e+00
     vertex  7.168403e+01  4.523249e+01 -3.000000e+00
     vertex  7.167702e+01  4.527860e+01 -3.000000e+00
   endloop
 endfacet
 facet normal  0.000000e+00  0.000000e+00 -1.000000e+00
   outer loop
     vertex  8.000000e+01  5.500000e+01 -3.000000e+00
     vertex  7.167702e+01  4.527860e+01 -3.000000e+00
     vertex  7.166874e+01  4.532450e+01 -3.000000e+00
   endloop
 endfacet
 facet normal  0.000000e+00  0.000000e+00 -1.000000e+00
   outer loop
     vertex  8.000000e+01  5.500000e+01 -3.000000e+00
     vertex  7.166874e+01  4.532450e+01 -3.000000e+00
     vertex  7.165921e+01  4.537016e+01 -3.000000e+00
   endloop
 endfacet
 facet normal  0.000000e+00  0.000000e+00 -1.000000e+00
   outer loop
     vertex  8.000000e+01  5.500000e+01 -3.000000e+00
     vertex  7.165921e+01  4.537016e+01 -3.000000e+00
     vertex  7.164843e+01  4.541554e+01 -3.000000e+00
   endloop
 endfacet
 facet normal  0.000000e+00  0.000000e+00 -1.000000e+00
   outer loop
     vertex  8.000000e+01  5.500000e+01 -3.000000e+00
     vertex  7.164843e+01  4.541554e+01 -3.000000e+00
     vertex  7.163641e+01  4.546061e+01 -3.000000e+00
   endloop
 endfacet
 facet normal  0.000000e+00  0.000000e+00 -1.000000e+00
   outer loop
     vertex  8.000000e+01  5.500000e+01 -3.000000e+00
     vertex  7.163641e+01  4.546061e+01 -3.000000e+00
     vertex  7.162316e+01  4.550533e+01 -3.000000e+00
   endloop
 endfacet
 facet normal  0.000000e+00  0.000000e+00 -1.000000e+00
   outer loop
     vertex  8.000000e+01  5.500000e+01 -3.000000e+00
     vertex  7.162316e+01  4.550533e+01 -3.000000e+00
     vertex  7.160868e+01  4.554967e+01 -3.000000e+00
   endloop
 endfacet
 facet normal  0.000000e+00  0.000000e+00 -1.000000e+00
   outer loop
     vertex  8.000000e+01  5.500000e+01 -3.000000e+00
     vertex  7.160868e+01  4.554967e+01 -3.000000e+00
     vertex  7.159300e+01  4.559359e+01 -3.000000e+00
   endloop
 endfacet
 facet normal  0.000000e+00  0.000000e+00 -1.000000e+00
   outer loop
     vertex  8.000000e+01  5.500000e+01 -3.000000e+00
     vertex  7.159300e+01  4.559359e+01 -3.000000e+00
     vertex  7.157612e+01  4.563707e+01 -3.000000e+00
   endloop
 endfacet
 facet normal  0.000000e+00  0.000000e+00 -1.000000e+00
   outer loop
     vertex  8.000000e+01  5.500000e+01 -3.000000e+00
     vertex  7.157612e+01  4.563707e+01 -3.000000e+00
     vertex  7.155804e+01  4.568007e+01 -3.000000e+00
   endloop
 endfacet
 facet normal  0.000000e+00  0.000000e+00 -1.000000e+00
   outer loop
     vertex  8.000000e+01  5.500000e+01 -3.000000e+00
     vertex  7.155804e+01  4.568007e+01 -3.000000e+00
     vertex  7.153880e+01  4.572256e+01 -3.000000e+00
   endloop
 endfacet
 facet normal  0.000000e+00  0.000000e+00 -1.000000e+00
   outer loop
     vertex  8.000000e+01  5.500000e+01 -3.000000e+00
     vertex  7.153880e+01  4.572256e+01 -3.000000e+00
     vertex  7.151840e+01  4.576450e+01 -3.000000e+00
   endloop
 endfacet
 facet normal  0.000000e+00  0.000000e+00 -1.000000e+00
   outer loop
     vertex  8.000000e+01  5.500000e+01 -3.000000e+00
     vertex  7.151840e+01  4.576450e+01 -3.000000e+00
     vertex  7.149685e+01  4.580587e+01 -3.000000e+00
   endloop
 endfacet
 facet normal  0.000000e+00  0.000000e+00 -1.000000e+00
   outer loop
     vertex  8.000000e+01  5.500000e+01 -3.000000e+00
     vertex  7.149685e+01  4.580587e+01 -3.000000e+00
     vertex  7.147418e+01  4.584663e+01 -3.000000e+00
   endloop
 endfacet
 facet normal  0.000000e+00  0.000000e+00 -1.000000e+00
   outer loop
     vertex  8.000000e+01  5.500000e+01 -3.000000e+00
     vertex  7.147418e+01  4.584663e+01 -3.000000e+00
     vertex  7.145040e+01  4.588676e+01 -3.000000e+00
   endloop
 endfacet
 facet normal  0.000000e+00  0.000000e+00 -1.000000e+00
   outer loop
     vertex  8.000000e+01  5.500000e+01 -3.000000e+00
     vertex  7.145040e+01  4.588676e+01 -3.000000e+00
     vertex  7.142553e+01  4.592621e+01 -3.000000e+00
   endloop
 endfacet
 facet normal  0.000000e+00  0.000000e+00 -1.000000e+00
   outer loop
     vertex  8.000000e+01  5.500000e+01 -3.000000e+00
     vertex  7.142553e+01  4.592621e+01 -3.000000e+00
     vertex  7.139958e+01  4.596497e+01 -3.000000e+00
   endloop
 endfacet
 facet normal  0.000000e+00  0.000000e+00 -1.000000e+00
   outer loop
     vertex  8.000000e+01  5.500000e+01 -3.000000e+00
     vertex  7.139958e+01  4.596497e+01 -3.000000e+00
     vertex  7.137258e+01  4.600300e+01 -3.000000e+00
   endloop
 endfacet
 facet normal  0.000000e+00  0.000000e+00 -1.000000e+00
   outer loop
     vertex  8.000000e+01  5.500000e+01 -3.000000e+00
     vertex  7.137258e+01  4.600300e+01 -3.000000e+00
     vertex  7.134455e+01  4.604028e+01 -3.000000e+00
   endloop
 endfacet
 facet normal  0.000000e+00  0.000000e+00 -1.000000e+00
   outer loop
     vertex  8.000000e+01  5.500000e+01 -3.000000e+00
     vertex  7.134455e+01  4.604028e+01 -3.000000e+00
     vertex  7.131550e+01  4.607678e+01 -3.000000e+00
   endloop
 endfacet
 facet normal  0.000000e+00  0.000000e+00 -1.000000e+00
   outer loop
     vertex  8.000000e+01  5.500000e+01 -3.000000e+00
     vertex  7.131550e+01  4.607678e+01 -3.000000e+00
     vertex  7.128547e+01  4.611246e+01 -3.000000e+00
   endloop
 endfacet
 facet normal  0.000000e+00  0.000000e+00 -1.000000e+00
   outer loop
     vertex  8.000000e+01  5.500000e+01 -3.000000e+00
     vertex  7.128547e+01  4.611246e+01 -3.000000e+00
     vertex  7.125447e+01  4.614731e+01 -3.000000e+00
   endloop
 endfacet
 facet normal  0.000000e+00  0.000000e+00 -1.000000e+00
   outer loop
     vertex  8.000000e+01  5.500000e+01 -3.000000e+00
     vertex  7.125447e+01  4.614731e+01 -3.000000e+00
     vertex  7.122252e+01  4.618129e+01 -3.000000e+00
   endloop
 endfacet
 facet normal  0.000000e+00  0.000000e+00 -1.000000e+00
   outer loop
     vertex  8.000000e+01  5.500000e+01 -3.000000e+00
     vertex  7.122252e+01  4.618129e+01 -3.000000e+00
     vertex  7.118965e+01  4.621439e+01 -3.000000e+00
   endloop
 endfacet
 facet normal  0.000000e+00  0.000000e+00 -1.000000e+00
   outer loop
     vertex  8.000000e+01  5.500000e+01 -3.000000e+00
     vertex  7.118965e+01  4.621439e+01 -3.000000e+00
     vertex  7.115589e+01  4.624657e+01 -3.000000e+00
   endloop
 endfacet
 facet normal  0.000000e+00  0.000000e+00 -1.000000e+00
   outer loop
     vertex  8.000000e+01  5.500000e+01 -3.000000e+00
     vertex  7.115589e+01  4.624657e+01 -3.000000e+00
     vertex  7.112125e+01  4.627781e+01 -3.000000e+00
   endloop
 endfacet
 facet normal  0.000000e+00  0.000000e+00 -1.000000e+00
   outer loop
     vertex  8.000000e+01  5.500000e+01 -3.000000e+00
     vertex  7.112125e+01  4.627781e+01 -3.000000e+00
     vertex  7.108578e+01  4.630809e+01 -3.000000e+00
   endloop
 endfacet
 facet normal  0.000000e+00  0.000000e+00 -1.000000e+00
   outer loop
     vertex  8.000000e+01  5.500000e+01 -3.000000e+00
     vertex  7.108578e+01  4.630809e+01 -3.000000e+00
     vertex  7.104948e+01  4.633738e+01 -3.000000e+00
   endloop
 endfacet
 facet normal  0.000000e+00  0.000000e+00 -1.000000e+00
   outer loop
     vertex  8.000000e+01  5.500000e+01 -3.000000e+00
     vertex  7.104948e+01  4.633738e+01 -3.000000e+00
     vertex  7.101240e+01  4.636567e+01 -3.000000e+00
   endloop
 endfacet
 facet normal  0.000000e+00  0.000000e+00 -1.000000e+00
   outer loop
     vertex  8.000000e+01  5.500000e+01 -3.000000e+00
     vertex  7.101240e+01  4.636567e+01 -3.000000e+00
     vertex  7.097455e+01  4.639293e+01 -3.000000e+00
   endloop
 endfacet
 facet normal  0.000000e+00  0.000000e+00 -1.000000e+00
   outer loop
     vertex  8.000000e+01  5.500000e+01 -3.000000e+00
     vertex  7.097455e+01  4.639293e+01 -3.000000e+00
     vertex  7.093597e+01  4.641914e+01 -3.000000e+00
   endloop
 endfacet
 facet normal  0.000000e+00  0.000000e+00 -1.000000e+00
   outer loop
     vertex  8.000000e+01  5.500000e+01 -3.000000e+00
     vertex  7.093597e+01  4.641914e+01 -3.000000e+00
     vertex  7.089668e+01  4.644428e+01 -3.000000e+00
   endloop
 endfacet
 facet normal  0.000000e+00  0.000000e+00 -1.000000e+00
   outer loop
     vertex  8.000000e+01  5.500000e+01 -3.000000e+00
     vertex  7.089668e+01  4.644428e+01 -3.000000e+00
     vertex  7.085672e+01  4.646834e+01 -3.000000e+00
   endloop
 endfacet
 facet normal  0.000000e+00  0.000000e+00 -1.000000e+00
   outer loop
     vertex  8.000000e+01  5.500000e+01 -3.000000e+00
     vertex  7.085672e+01  4.646834e+01 -3.000000e+00
     vertex  7.081612e+01  4.649129e+01 -3.000000e+00
   endloop
 endfacet
 facet normal  0.000000e+00  0.000000e+00 -1.000000e+00
   outer loop
     vertex  8.000000e+01  5.500000e+01 -3.000000e+00
     vertex  7.081612e+01  4.649129e+01 -3.000000e+00
     vertex  7.077490e+01  4.651312e+01 -3.000000e+00
   endloop
 endfacet
 facet normal  0.000000e+00  0.000000e+00 -1.000000e+00
   outer loop
     vertex  8.000000e+01  5.500000e+01 -3.000000e+00
     vertex  7.077490e+01  4.651312e+01 -3.000000e+00
     vertex  7.073310e+01  4.653381e+01 -3.000000e+00
   endloop
 endfacet
 facet normal  0.000000e+00  0.000000e+00 -1.000000e+00
   outer loop
     vertex  8.000000e+01  5.500000e+01 -3.000000e+00
     vertex  7.073310e+01  4.653381e+01 -3.000000e+00
     vertex  7.069074e+01  4.655334e+01 -3.000000e+00
   endloop
 endfacet
 facet normal  0.000000e+00  0.000000e+00 -1.000000e+00
   outer loop
     vertex  8.000000e+01  5.500000e+01 -3.000000e+00
     vertex  7.069074e+01  4.655334e+01 -3.000000e+00
     vertex  7.064787e+01  4.657171e+01 -3.000000e+00
   endloop
 endfacet
 facet normal  0.000000e+00  0.000000e+00 -1.000000e+00
   outer loop
     vertex  8.000000e+01  5.500000e+01 -3.000000e+00
     vertex  7.064787e+01  4.657171e+01 -3.000000e+00
     vertex  7.060451e+01  4.658889e+01 -3.000000e+00
   endloop
 endfacet
 facet normal  0.000000e+00  0.000000e+00 -1.000000e+00
   outer loop
     vertex  8.000000e+01  5.500000e+01 -3.000000e+00
     vertex  7.060451e+01  4.658889e+01 -3.000000e+00
     vertex  7.056069e+01  4.660488e+01 -3.000000e+00
   endloop
 endfacet
 facet normal  0.000000e+00  0.000000e+00 -1.000000e+00
   outer loop
     vertex  8.000000e+01  5.500000e+01 -3.000000e+00
     vertex  7.056069e+01  4.660488e+01 -3.000000e+00
     vertex  7.051645e+01  4.661965e+01 -3.000000e+00
   endloop
 endfacet
 facet normal  0.000000e+00  0.000000e+00 -1.000000e+00
   outer loop
     vertex  8.000000e+01  5.500000e+01 -3.000000e+00
     vertex  7.051645e+01  4.661965e+01 -3.000000e+00
     vertex  7.047182e+01  4.663321e+01 -3.000000e+00
   endloop
 endfacet
 facet normal  0.000000e+00  0.000000e+00 -1.000000e+00
   outer loop
     vertex  8.000000e+01  5.500000e+01 -3.000000e+00
     vertex  7.047182e+01  4.663321e+01 -3.000000e+00
     vertex  7.042684e+01  4.664554e+01 -3.000000e+00
   endloop
 endfacet
 facet normal  0.000000e+00  0.000000e+00 -1.000000e+00
   outer loop
     vertex  8.000000e+01  5.500000e+01 -3.000000e+00
     vertex  7.042684e+01  4.664554e+01 -3.000000e+00
     vertex  7.038153e+01  4.665663e+01 -3.000000e+00
   endloop
 endfacet
 facet normal  0.000000e+00  0.000000e+00 -1.000000e+00
   outer loop
     vertex  8.000000e+01  5.500000e+01 -3.000000e+00
     vertex  7.038153e+01  4.665663e+01 -3.000000e+00
     vertex  7.033594e+01  4.666648e+01 -3.000000e+00
   endloop
 endfacet
 facet normal  0.000000e+00  0.000000e+00 -1.000000e+00
   outer loop
     vertex  8.000000e+01  5.500000e+01 -3.000000e+00
     vertex  7.033594e+01  4.666648e+01 -3.000000e+00
     vertex  7.029010e+01  4.667507e+01 -3.000000e+00
   endloop
 endfacet
 facet normal  0.000000e+00  0.000000e+00 -1.000000e+00
   outer loop
     vertex  8.000000e+01  5.500000e+01 -3.000000e+00
     vertex  7.029010e+01  4.667507e+01 -3.000000e+00
     vertex  7.024403e+01  4.668239e+01 -3.000000e+00
   endloop
 endfacet
 facet normal  0.000000e+00  0.000000e+00 -1.000000e+00
   outer loop
     vertex  8.000000e+01  5.500000e+01 -3.000000e+00
     vertex  7.024403e+01  4.668239e+01 -3.000000e+00
     vertex  7.019779e+01  4.668846e+01 -3.000000e+00
   endloop
 endfacet
 facet normal  0.000000e+00  0.000000e+00 -1.000000e+00
   outer loop
     vertex  8.000000e+01  5.500000e+01 -3.000000e+00
     vertex  7.019779e+01  4.668846e+01 -3.000000e+00
     vertex  7.015139e+01  4.669325e+01 -3.000000e+00
   endloop
 endfacet
 facet normal  0.000000e+00  0.000000e+00 -1.000000e+00
   outer loop
     vertex  8.000000e+01  5.500000e+01 -3.000000e+00
     vertex  7.015139e+01  4.669325e+01 -3.000000e+00
     vertex  7.010488e+01  4.669676e+01 -3.000000e+00
   endloop
 endfacet
 facet normal  0.000000e+00  0.000000e+00 -1.000000e+00
   outer loop
     vertex  8.000000e+01  5.500000e+01 -3.000000e+00
     vertex  7.010488e+01  4.669676e+01 -3.000000e+00
     vertex  7.005829e+01  4.669900e+01 -3.000000e+00
   endloop
 endfacet
 facet normal  0.000000e+00  0.000000e+00 -1.000000e+00
   outer loop
     vertex  8.000000e+01  5.500000e+01 -3.000000e+00
     vertex  7.005829e+01  4.669900e+01 -3.000000e+00
     vertex  7.001166e+01  4.669996e+01 -3.000000e+00
   endloop
 endfacet
 facet normal  0.000000e+00  0.000000e+00 -1.000000e+00
   outer loop
     vertex  8.000000e+01  5.500000e+01 -3.000000e+00
     vertex  7.001166e+01  4.669996e+01 -3.000000e+00
     vertex  6.996502e+01  4.669964e+01 -3.000000e+00
   endloop
 endfacet
 facet normal  0.000000e+00  0.000000e+00 -1.000000e+00
   outer loop
     vertex  8.000000e+01  5.500000e+01 -3.000000e+00
     vertex  6.996502e+01  4.669964e+01 -3.000000e+00
     vertex  6.991840e+01  4.669804e+01 -3.000000e+00
   endloop
 endfacet
 facet normal  0.000000e+00  0.000000e+00 -1.000000e+00
   outer loop
     vertex  8.000000e+01  5.500000e+01 -3.000000e+00
     vertex  6.991840e+01  4.669804e+01 -3.000000e+00
     vertex  6.987185e+01  4.669516e+01 -3.000000e+00
   endloop
 endfacet
 facet normal  0.000000e+00  0.000000e+00 -1.000000e+00
   outer loop
     vertex  8.000000e+01  5.500000e+01 -3.000000e+00
     vertex  6.987185e+01  4.669516e+01 -3.000000e+00
     vertex  6.982539e+01  4.669101e+01 -3.000000e+00
   endloop
 endfacet
 facet normal  0.000000e+00  0.000000e+00 -1.000000e+00
   outer loop
     vertex  8.000000e+01  5.500000e+01 -3.000000e+00
     vertex  6.982539e+01  4.669101e+01 -3.000000e+00
     vertex  6.977907e+01  4.668558e+01 -3.000000e+00
   endloop
 endfacet
 facet normal  0.000000e+00  0.000000e+00 -1.000000e+00
   outer loop
     vertex  8.000000e+01  5.500000e+01 -3.000000e+00
     vertex  6.977907e+01  4.668558e+01 -3.000000e+00
     vertex  6.973291e+01  4.667889e+01 -3.000000e+00
   endloop
 endfacet
 facet normal  0.000000e+00  0.000000e+00 -1.000000e+00
   outer loop
     vertex  8.000000e+01  5.500000e+01 -3.000000e+00
     vertex  6.973291e+01  4.667889e+01 -3.000000e+00
     vertex  6.968695e+01  4.667093e+01 -3.000000e+00
   endloop
 endfacet
 facet normal  0.000000e+00  0.000000e+00 -1.000000e+00
   outer loop
     vertex  8.000000e+01  5.500000e+01 -3.000000e+00
     vertex  6.968695e+01  4.667093e+01 -3.000000e+00
     vertex  6.964123e+01  4.666171e+01 -3.000000e+00
   endloop
 endfacet
 facet normal  0.000000e+00  0.000000e+00 -1.000000e+00
   outer loop
     vertex  8.000000e+01  5.500000e+01 -3.000000e+00
     vertex  6.964123e+01  4.666171e+01 -3.000000e+00
     vertex  6.959578e+01  4.665124e+01 -3.000000e+00
   endloop
 endfacet
 facet normal  0.000000e+00  0.000000e+00 -1.000000e+00
   outer loop
     vertex  8.000000e+01  5.500000e+01 -3.000000e+00
     vertex  6.959578e+01  4.665124e+01 -3.000000e+00
     vertex  6.955063e+01  4.663953e+01 -3.000000e+00
   endloop
 endfacet
 facet normal  0.000000e+00  0.000000e+00 -1.000000e+00
   outer loop
     vertex  8.000000e+01  5.500000e+01 -3.000000e+00
     vertex  6.955063e+01  4.663953e+01 -3.000000e+00
     vertex  6.950582e+01  4.662659e+01 -3.000000e+00
   endloop
 endfacet
 facet normal  0.000000e+00  0.000000e+00 -1.000000e+00
   outer loop
     vertex  8.000000e+01  5.500000e+01 -3.000000e+00
     vertex  6.950582e+01  4.662659e+01 -3.000000e+00
     vertex  6.946138e+01  4.661242e+01 -3.000000e+00
   endloop
 endfacet
 facet normal  0.000000e+00  0.000000e+00 -1.000000e+00
   outer loop
     vertex  8.000000e+01  5.500000e+01 -3.000000e+00
     vertex  6.946138e+01  4.661242e+01 -3.000000e+00
     vertex  6.941735e+01  4.659703e+01 -3.000000e+00
   endloop
 endfacet
 facet normal  0.000000e+00  0.000000e+00 -1.000000e+00
   outer loop
     vertex  8.000000e+01  5.500000e+01 -3.000000e+00
     vertex  6.941735e+01  4.659703e+01 -3.000000e+00
     vertex  6.937375e+01  4.658045e+01 -3.000000e+00
   endloop
 endfacet
 facet normal  0.000000e+00  0.000000e+00 -1.000000e+00
   outer loop
     vertex  8.000000e+01  5.500000e+01 -3.000000e+00
     vertex  6.937375e+01  4.658045e+01 -3.000000e+00
     vertex  6.933063e+01  4.656267e+01 -3.000000e+00
   endloop
 endfacet
 facet normal  0.000000e+00  0.000000e+00 -1.000000e+00
   outer loop
     vertex  8.000000e+01  5.500000e+01 -3.000000e+00
     vertex  6.933063e+01  4.656267e+01 -3.000000e+00
     vertex  6.928801e+01  4.654372e+01 -3.000000e+00
   endloop
 endfacet
 facet normal  0.000000e+00  0.000000e+00 -1.000000e+00
   outer loop
     vertex  8.000000e+01  5.500000e+01 -3.000000e+00
     vertex  6.928801e+01  4.654372e+01 -3.000000e+00
     vertex  6.924593e+01  4.652361e+01 -3.000000e+00
   endloop
 endfacet
 facet normal  0.000000e+00  0.000000e+00 -1.000000e+00
   outer loop
     vertex  8.000000e+01  5.500000e+01 -3.000000e+00
     vertex  6.924593e+01  4.652361e+01 -3.000000e+00
     vertex  6.920442e+01  4.650235e+01 -3.000000e+00
   endloop
 endfacet
 facet normal  0.000000e+00  0.000000e+00 -1.000000e+00
   outer loop
     vertex  8.000000e+01  5.500000e+01 -3.000000e+00
     vertex  6.920442e+01  4.650235e+01 -3.000000e+00
     vertex  6.916350e+01  4.647996e+01 -3.000000e+00
   endloop
 endfacet
 facet normal  0.000000e+00  0.000000e+00 -1.000000e+00
   outer loop
     vertex  8.000000e+01  5.500000e+01 -3.000000e+00
     vertex  6.916350e+01  4.647996e+01 -3.000000e+00
     vertex  6.912321e+01  4.645645e+01 -3.000000e+00
   endloop
 endfacet
 facet normal  0.000000e+00  0.000000e+00 -1.000000e+00
   outer loop
     vertex  8.000000e+01  5.500000e+01 -3.000000e+00
     vertex  6.912321e+01  4.645645e+01 -3.000000e+00
     vertex  6.908359e+01  4.643185e+01 -3.000000e+00
   endloop
 endfacet
 facet normal  0.000000e+00  0.000000e+00 -1.000000e+00
   outer loop
     vertex  8.000000e+01  5.500000e+01 -3.000000e+00
     vertex  6.908359e+01  4.643185e+01 -3.000000e+00
     vertex  6.904465e+01  4.640617e+01 -3.000000e+00
   endloop
 endfacet
 facet normal  0.000000e+00  0.000000e+00 -1.000000e+00
   outer loop
     vertex  8.000000e+01  5.500000e+01 -3.000000e+00
     vertex  7.142553e+01  4.407379e+01 -3.000000e+00
     vertex  7.145040e+01  4.411324e+01 -3.000000e+00
   endloop
 endfacet
 facet normal  0.000000e+00  0.000000e+00 -1.000000e+00
   outer loop
     vertex  8.000000e+01  5.500000e+01 -3.000000e+00
     vertex  7.145040e+01  4.411324e+01 -3.000000e+00
     vertex  7.147418e+01  4.415337e+01 -3.000000e+00
   endloop
 endfacet
 facet normal  0.000000e+00  0.000000e+00 -1.000000e+00
   outer loop
     vertex  8.000000e+01  5.500000e+01 -3.000000e+00
     vertex  7.147418e+01  4.415337e+01 -3.000000e+00
     vertex  7.149685e+01  4.419413e+01 -3.000000e+00
   endloop
 endfacet
 facet normal  0.000000e+00  0.000000e+00 -1.000000e+00
   outer loop
     vertex  8.000000e+01  5.500000e+01 -3.000000e+00
     vertex  7.149685e+01  4.419413e+01 -3.000000e+00
     vertex  7.151840e+01  4.423550e+01 -3.000000e+00
   endloop
 endfacet
 facet normal  0.000000e+00  0.000000e+00 -1.000000e+00
   outer loop
     vertex  8.000000e+01  5.500000e+01 -3.000000e+00
     vertex  7.151840e+01  4.423550e+01 -3.000000e+00
     vertex  7.153880e+01  4.427744e+01 -3.000000e+00
   endloop
 endfacet
 facet normal  0.000000e+00  0.000000e+00 -1.000000e+00
   outer loop
     vertex  8.000000e+01  5.500000e+01 -3.000000e+00
     vertex  7.153880e+01  4.427744e+01 -3.000000e+00
     vertex  7.155804e+01  4.431993e+01 -3.000000e+00
   endloop
 endfacet
 facet normal  0.000000e+00  0.000000e+00 -1.000000e+00
   outer loop
     vertex  8.000000e+01  5.500000e+01 -3.000000e+00
     vertex  7.155804e+01  4.431993e+01 -3.000000e+00
     vertex  7.157612e+01  4.436293e+01 -3.000000e+00
   endloop
 endfacet
 facet normal  0.000000e+00  0.000000e+00 -1.000000e+00
   outer loop
     vertex  8.000000e+01  5.500000e+01 -3.000000e+00
     vertex  7.157612e+01  4.436293e+01 -3.000000e+00
     vertex  7.159300e+01  4.440641e+01 -3.000000e+00
   endloop
 endfacet
 facet normal  0.000000e+00  0.000000e+00 -1.000000e+00
   outer loop
     vertex  8.000000e+01  5.500000e+01 -3.000000e+00
     vertex  7.159300e+01  4.440641e+01 -3.000000e+00
     vertex  7.160868e+01  4.445033e+01 -3.000000e+00
   endloop
 endfacet
 facet normal  0.000000e+00  0.000000e+00 -1.000000e+00
   outer loop
     vertex  8.000000e+01  5.500000e+01 -3.000000e+00
     vertex  7.160868e+01  4.445033e+01 -3.000000e+00
     vertex  7.162316e+01  4.449467e+01 -3.000000e+00
   endloop
 endfacet
 facet normal  0.000000e+00  0.000000e+00 -1.000000e+00
   outer loop
     vertex  8.000000e+01  5.500000e+01 -3.000000e+00
     vertex  7.162316e+01  4.449467e+01 -3.000000e+00
     vertex  7.163641e+01  4.453939e+01 -3.000000e+00
   endloop
 endfacet
 facet normal  0.000000e+00  0.000000e+00 -1.000000e+00
   outer loop
     vertex  8.000000e+01  5.500000e+01 -3.000000e+00
     vertex  7.163641e+01  4.453939e+01 -3.000000e+00
     vertex  7.164843e+01  4.458446e+01 -3.000000e+00
   endloop
 endfacet
 facet normal  0.000000e+00  0.000000e+00 -1.000000e+00
   outer loop
     vertex  8.000000e+01  5.500000e+01 -3.000000e+00
     vertex  7.164843e+01  4.458446e+01 -3.000000e+00
     vertex  7.165921e+01  4.462984e+01 -3.000000e+00
   endloop
 endfacet
 facet normal  0.000000e+00  0.000000e+00 -1.000000e+00
   outer loop
     vertex  8.000000e+01  5.500000e+01 -3.000000e+00
     vertex  7.165921e+01  4.462984e+01 -3.000000e+00
     vertex  7.166874e+01  4.467550e+01 -3.000000e+00
   endloop
 endfacet
 facet normal  0.000000e+00  0.000000e+00 -1.000000e+00
   outer loop
     vertex  8.000000e+01  5.500000e+01 -3.000000e+00
     vertex  7.166874e+01  4.467550e+01 -3.000000e+00
     vertex  7.167702e+01  4.472140e+01 -3.000000e+00
   endloop
 endfacet
 facet normal  0.000000e+00  0.000000e+00 -1.000000e+00
   outer loop
     vertex  8.000000e+01  5.500000e+01 -3.000000e+00
     vertex  7.167702e+01  4.472140e+01 -3.000000e+00
     vertex  7.168403e+01  4.476751e+01 -3.000000e+00
   endloop
 endfacet
 facet normal  0.000000e+00  0.000000e+00 -1.000000e+00
   outer loop
     vertex  8.000000e+01  5.500000e+01 -3.000000e+00
     vertex  7.168403e+01  4.476751e+01 -3.000000e+00
     vertex  7.168977e+01  4.481380e+01 -3.000000e+00
   endloop
 endfacet
 facet normal  0.000000e+00  0.000000e+00 -1.000000e+00
   outer loop
     vertex  8.000000e+01  5.500000e+01 -3.000000e+00
     vertex  7.168977e+01  4.481380e+01 -3.000000e+00
     vertex  7.169424e+01  4.486023e+01 -3.000000e+00
   endloop
 endfacet
 facet normal  0.000000e+00  0.000000e+00 -1.000000e+00
   outer loop
     vertex  8.000000e+01  5.500000e+01 -3.000000e+00
     vertex  7.169424e+01  4.486023e+01 -3.000000e+00
     vertex  7.169744e+01  4.490676e+01 -3.000000e+00
   endloop
 endfacet
 facet normal  0.000000e+00  0.000000e+00 -1.000000e+00
   outer loop
     vertex  8.000000e+01  5.500000e+01 -3.000000e+00
     vertex  7.169744e+01  4.490676e+01 -3.000000e+00
     vertex  7.169936e+01  4.495336e+01 -3.000000e+00
   endloop
 endfacet
 facet normal  0.000000e+00  0.000000e+00 -1.000000e+00
   outer loop
     vertex  8.000000e+01  5.500000e+01 -3.000000e+00
     vertex  7.169936e+01  4.495336e+01 -3.000000e+00
     vertex  7.170000e+01  4.500000e+01 -3.000000e+00
   endloop
 endfacet
 facet normal -0.000000e+00  0.000000e+00 -1.000000e+00
   outer loop
     vertex  8.000000e+01  5.500000e+01 -3.000000e+00
     vertex -6.906403e+01  4.641914e+01 -3.000000e+00
     vertex -8.000000e+01  5.500000e+01 -3.000000e+00
   endloop
 endfacet
 facet normal  0.000000e+00  0.000000e+00 -1.000000e+00
   outer loop
     vertex  8.000000e+01  5.500000e+01 -3.000000e+00
     vertex -6.902545e+01  4.639293e+01 -3.000000e+00
     vertex -6.906403e+01  4.641914e+01 -3.000000e+00
   endloop
 endfacet
 facet normal  0.000000e+00  0.000000e+00 -1.000000e+00
   outer loop
     vertex  8.000000e+01  5.500000e+01 -3.000000e+00
     vertex -6.898760e+01  4.636567e+01 -3.000000e+00
     vertex -6.902545e+01  4.639293e+01 -3.000000e+00
   endloop
 endfacet
 facet normal  0.000000e+00  0.000000e+00 -1.000000e+00
   outer loop
     vertex  8.000000e+01  5.500000e+01 -3.000000e+00
     vertex -6.895052e+01  4.633738e+01 -3.000000e+00
     vertex -6.898760e+01  4.636567e+01 -3.000000e+00
   endloop
 endfacet
 facet normal  0.000000e+00  0.000000e+00 -1.000000e+00
   outer loop
     vertex  8.000000e+01  5.500000e+01 -3.000000e+00
     vertex -6.891422e+01  4.630809e+01 -3.000000e+00
     vertex -6.895052e+01  4.633738e+01 -3.000000e+00
   endloop
 endfacet
 facet normal  0.000000e+00  0.000000e+00 -1.000000e+00
   outer loop
     vertex  8.000000e+01  5.500000e+01 -3.000000e+00
     vertex -6.887875e+01  4.627781e+01 -3.000000e+00
     vertex -6.891422e+01  4.630809e+01 -3.000000e+00
   endloop
 endfacet
 facet normal  0.000000e+00  0.000000e+00 -1.000000e+00
   outer loop
     vertex  8.000000e+01  5.500000e+01 -3.000000e+00
     vertex -6.884411e+01  4.624657e+01 -3.000000e+00
     vertex -6.887875e+01  4.627781e+01 -3.000000e+00
   endloop
 endfacet
 facet normal  0.000000e+00  0.000000e+00 -1.000000e+00
   outer loop
     vertex  8.000000e+01  5.500000e+01 -3.000000e+00
     vertex -6.881035e+01  4.621439e+01 -3.000000e+00
     vertex -6.884411e+01  4.624657e+01 -3.000000e+00
   endloop
 endfacet
 facet normal  0.000000e+00  0.000000e+00 -1.000000e+00
   outer loop
     vertex  8.000000e+01  5.500000e+01 -3.000000e+00
     vertex  6.904465e+01  4.640617e+01 -3.000000e+00
     vertex -6.881035e+01  4.621439e+01 -3.000000e+00
   endloop
 endfacet
 facet normal  0.000000e+00  0.000000e+00 -1.000000e+00
   outer loop
     vertex  6.904465e+01  4.640617e+01 -3.000000e+00
     vertex  6.900643e+01  4.637943e+01 -3.000000e+00
     vertex -6.881035e+01  4.621439e+01 -3.000000e+00
   endloop
 endfacet
 facet normal  0.000000e+00  0.000000e+00 -1.000000e+00
   outer loop
     vertex  6.900643e+01  4.637943e+01 -3.000000e+00
     vertex  6.896896e+01  4.635165e+01 -3.000000e+00
     vertex -6.881035e+01  4.621439e+01 -3.000000e+00
   endloop
 endfacet
 facet normal  0.000000e+00  0.000000e+00 -1.000000e+00
   outer loop
     vertex  6.896896e+01  4.635165e+01 -3.000000e+00
     vertex  6.893227e+01  4.632286e+01 -3.000000e+00
     vertex -6.881035e+01  4.621439e+01 -3.000000e+00
   endloop
 endfacet
 facet normal  0.000000e+00  0.000000e+00 -1.000000e+00
   outer loop
     vertex  6.893227e+01  4.632286e+01 -3.000000e+00
     vertex  6.889638e+01  4.629307e+01 -3.000000e+00
     vertex -6.881035e+01  4.621439e+01 -3.000000e+00
   endloop
 endfacet
 facet normal  0.000000e+00  0.000000e+00 -1.000000e+00
   outer loop
     vertex  6.889638e+01  4.629307e+01 -3.000000e+00
     vertex  6.886132e+01  4.626231e+01 -3.000000e+00
     vertex -6.881035e+01  4.621439e+01 -3.000000e+00
   endloop
 endfacet
 facet normal  0.000000e+00  0.000000e+00 -1.000000e+00
   outer loop
     vertex  6.886132e+01  4.626231e+01 -3.000000e+00
     vertex  6.882712e+01  4.623059e+01 -3.000000e+00
     vertex -6.881035e+01  4.621439e+01 -3.000000e+00
   endloop
 endfacet
 facet normal  1.000000e+00  0.000000e+00  0.000000e+00
   outer loop
     vertex  8.000000e+01 -5.500000e+01 -3.000000e+00
     vertex  8.000000e+01  5.500000e+01 -3.000000e+00
     vertex  8.000000e+01  5.500000e+01  0.000000e+00
   endloop
 endfacet
 facet normal  1.000000e+00 -0.000000e+00  0.000000e+00
   outer loop
     vertex  8.000000e+01 -5.500000e+01  0.000000e+00
     vertex  8.000000e+01 -5.500000e+01 -3.000000e+00
     vertex  8.000000e+01  5.500000e+01  0.000000e+00
   endloop
 endfacet
 facet normal -9.999059e-01 -1.371831e-02  0.000000e+00
   outer loop
     vertex -6.830064e+01 -4.495336e+01  0.000000e+00
     vertex -6.830000e+01 -4.500000e+01 -3.000000e+00
     vertex -6.830000e+01 -4.500000e+01  0.000000e+00
   endloop
 endfacet
 facet normal -9.999059e-01 -1.371831e-02 -0.000000e+00
   outer loop
     vertex -6.830064e+01 -4.495336e+01  0.000000e+00
     vertex -6.830064e+01 -4.495336e+01 -3.000000e+00
     vertex -6.830000e+01 -4.500000e+01 -3.000000e+00
   endloop
 endfacet
 facet normal -9.991532e-01 -4.114462e-02 -0.000000e+00
   outer loop
     vertex -6.830256e+01 -4.490676e+01  0.000000e+00
     vertex -6.830256e+01 -4.490676e+01 -3.000000e+00
     vertex -6.830064e+01 -4.495336e+01 -3.000000e+00
   endloop
 endfacet
 facet normal -9.991532e-01 -4.114462e-02  0.000000e+00
   outer loop
     vertex -6.830256e+01 -4.490676e+01  0.000000e+00
     vertex -6.830064e+01 -4.495336e+01 -3.000000e+00
     vertex -6.830064e+01 -4.495336e+01  0.000000e+00
   endloop
 endfacet
 facet normal -9.976484e-01 -6.853995e-02 -0.000000e+00
   outer loop
     vertex -6.830576e+01 -4.486023e+01  0.000000e+00
     vertex -6.830576e+01 -4.486023e+01 -3.000000e+00
     vertex -6.830256e+01 -4.490676e+01 -3.000000e+00
   endloop
 endfacet
 facet normal -9.976484e-01 -6.853995e-02  0.000000e+00
   outer loop
     vertex -6.830576e+01 -4.486023e+01  0.000000e+00
     vertex -6.830256e+01 -4.490676e+01 -3.000000e+00
     vertex -6.830256e+01 -4.490676e+01  0.000000e+00
   endloop
 endfacet
 facet normal -9.953925e-01 -9.588368e-02 -0.000000e+00
   outer loop
     vertex -6.831023e+01 -4.481380e+01  0.000000e+00
     vertex -6.831023e+01 -4.481380e+01 -3.000000e+00
     vertex -6.830576e+01 -4.486023e+01 -3.000000e+00
   endloop
 endfacet
 facet normal -9.953925e-01 -9.588368e-02  0.000000e+00
   outer loop
     vertex -6.831023e+01 -4.481380e+01  0.000000e+00
     vertex -6.830576e+01 -4.486023e+01 -3.000000e+00
     vertex -6.830576e+01 -4.486023e+01  0.000000e+00
   endloop
 endfacet
 facet normal -9.923874e-01 -1.231552e-01 -0.000000e+00
   outer loop
     vertex -6.831597e+01 -4.476751e+01  0.000000e+00
     vertex -6.831597e+01 -4.476751e+01 -3.000000e+00
     vertex -6.831023e+01 -4.481380e+01 -3.000000e+00
   endloop
 endfacet
 facet normal -9.923874e-01 -1.231552e-01  0.000000e+00
   outer loop
     vertex -6.831597e+01 -4.476751e+01  0.000000e+00
     vertex -6.831023e+01 -4.481380e+01 -3.000000e+00
     vertex -6.831023e+01 -4.481380e+01  0.000000e+00
   endloop
 endfacet
 facet normal -9.886353e-01 -1.503341e-01 -0.000000e+00
   outer loop
     vertex -6.832298e+01 -4.472140e+01  0.000000e+00
     vertex -6.832298e+01 -4.472140e+01 -3.000000e+00
     vertex -6.831597e+01 -4.476751e+01 -3.000000e+00
   endloop
 endfacet
 facet normal -9.841389e-01 -1.773998e-01 -0.000000e+00
   outer loop
     vertex -6.832298e+01 -4.472140e+01  0.000000e+00
     vertex -6.833126e+01 -4.467550e+01 -3.000000e+00
     vertex -6.832298e+01 -4.472140e+01 -3.000000e+00
   endloop
 endfacet
 facet normal -9.886353e-01 -1.503341e-01  0.000000e+00
   outer loop
     vertex -6.832298e+01 -4.472140e+01  0.000000e+00
     vertex -6.831597e+01 -4.476751e+01 -3.000000e+00
     vertex -6.831597e+01 -4.476751e+01  0.000000e+00
   endloop
 endfacet
 facet normal -9.841389e-01 -1.773998e-01 -0.000000e+00
   outer loop
     vertex -6.833126e+01 -4.467550e+01  0.000000e+00
     vertex -6.833126e+01 -4.467550e+01 -3.000000e+00
     vertex -6.832298e+01 -4.472140e+01  0.000000e+00
   endloop
 endfacet
 facet normal -9.789017e-01 -2.043319e-01 -0.000000e+00
   outer loop
     vertex -6.834079e+01 -4.462984e+01  0.000000e+00
     vertex -6.834079e+01 -4.462984e+01 -3.000000e+00
     vertex -6.833126e+01 -4.467550e+01 -3.000000e+00
   endloop
 endfacet
 facet normal -9.789017e-01 -2.043319e-01  0.000000e+00
   outer loop
     vertex -6.834079e+01 -4.462984e+01  0.000000e+00
     vertex -6.833126e+01 -4.467550e+01 -3.000000e+00
     vertex -6.833126e+01 -4.467550e+01  0.000000e+00
   endloop
 endfacet
 facet normal -9.729276e-01 -2.311102e-01 -0.000000e+00
   outer loop
     vertex -6.835157e+01 -4.458446e+01  0.000000e+00
     vertex -6.835157e+01 -4.458446e+01 -3.000000e+00
     vertex -6.834079e+01 -4.462984e+01 -3.000000e+00
   endloop
 endfacet
 facet normal -9.729276e-01 -2.311102e-01  0.000000e+00
   outer loop
     vertex -6.835157e+01 -4.458446e+01  0.000000e+00
     vertex -6.834079e+01 -4.462984e+01 -3.000000e+00
     vertex -6.834079e+01 -4.462984e+01  0.000000e+00
   endloop
 endfacet
 facet normal -9.662211e-01 -2.577146e-01  0.000000e+00
   outer loop
     vertex -6.836359e+01 -4.453939e+01  0.000000e+00
     vertex -6.835157e+01 -4.458446e+01 -3.000000e+00
     vertex -6.835157e+01 -4.458446e+01  0.000000e+00
   endloop
 endfacet
 facet normal -9.662211e-01 -2.577146e-01 -0.000000e+00
   outer loop
     vertex -6.836359e+01 -4.453939e+01  0.000000e+00
     vertex -6.836359e+01 -4.453939e+01 -3.000000e+00
     vertex -6.835157e+01 -4.458446e+01 -3.000000e+00
   endloop
 endfacet
 facet normal -9.587873e-01 -2.841250e-01 -0.000000e+00
   outer loop
     vertex -6.836359e+01 -4.453939e+01  0.000000e+00
     vertex -6.837684e+01 -4.449467e+01 -3.000000e+00
     vertex -6.836359e+01 -4.453939e+01 -3.000000e+00
   endloop
 endfacet
 facet normal -9.587873e-01 -2.841250e-01 -0.000000e+00
   outer loop
     vertex -6.837684e+01 -4.449467e+01  0.000000e+00
     vertex -6.837684e+01 -4.449467e+01 -3.000000e+00
     vertex -6.836359e+01 -4.453939e+01  0.000000e+00
   endloop
 endfacet
 facet normal -9.506317e-01 -3.103214e-01 -0.000000e+00
   outer loop
     vertex -6.837684e+01 -4.449467e+01  0.000000e+00
     vertex -6.839132e+01 -4.445033e+01 -3.000000e+00
     vertex -6.837684e+01 -4.449467e+01 -3.000000e+00
   endloop
 endfacet
 facet normal -9.506317e-01 -3.103214e-01 -0.000000e+00
   outer loop
     vertex -6.839132e+01 -4.445033e+01  0.000000e+00
     vertex -6.839132e+01 -4.445033e+01 -3.000000e+00
     vertex -6.837684e+01 -4.449467e+01  0.000000e+00
   endloop
 endfacet
 facet normal -9.417605e-01 -3.362843e-01 -0.000000e+00
   outer loop
     vertex -6.839132e+01 -4.445033e+01  0.000000e+00
     vertex -6.840700e+01 -4.440641e+01 -3.000000e+00
     vertex -6.839132e+01 -4.445033e+01 -3.000000e+00
   endloop
 endfacet
 facet normal -9.417605e-01 -3.362843e-01 -0.000000e+00
   outer loop
     vertex -6.840700e+01 -4.440641e+01  0.000000e+00
     vertex -6.840700e+01 -4.440641e+01 -3.000000e+00
     vertex -6.839132e+01 -4.445033e+01  0.000000e+00
   endloop
 endfacet
 facet normal -9.321804e-01 -3.619940e-01  0.000000e+00
   outer loop
     vertex -6.842388e+01 -4.436293e+01  0.000000e+00
     vertex -6.840700e+01 -4.440641e+01 -3.000000e+00
     vertex -6.840700e+01 -4.440641e+01  0.000000e+00
   endloop
 endfacet
 facet normal -9.321804e-01 -3.619940e-01 -0.000000e+00
   outer loop
     vertex -6.842388e+01 -4.436293e+01  0.000000e+00
     vertex -6.842388e+01 -4.436293e+01 -3.000000e+00
     vertex -6.840700e+01 -4.440641e+01 -3.000000e+00
   endloop
 endfacet
 facet normal -9.218986e-01 -3.874313e-01  0.000000e+00
   outer loop
     vertex -6.844196e+01 -4.431993e+01  0.000000e+00
     vertex -6.842388e+01 -4.436293e+01 -3.000000e+00
     vertex -6.842388e+01 -4.436293e+01  0.000000e+00
   endloop
 endfacet
 facet normal -9.218986e-01 -3.874313e-01 -0.000000e+00
   outer loop
     vertex -6.844196e+01 -4.431993e+01  0.000000e+00
     vertex -6.844196e+01 -4.431993e+01 -3.000000e+00
     vertex -6.842388e+01 -4.436293e+01 -3.000000e+00
   endloop
 endfacet
 facet normal -9.109228e-01 -4.125769e-01  0.000000e+00
   outer loop
     vertex -6.846120e+01 -4.427744e+01  0.000000e+00
     vertex -6.844196e+01 -4.431993e+01 -3.000000e+00
     vertex -6.844196e+01 -4.431993e+01  0.000000e+00
   endloop
 endfacet
 facet normal -9.109228e-01 -4.125769e-01 -0.000000e+00
   outer loop
     vertex -6.846120e+01 -4.427744e+01  0.000000e+00
     vertex -6.846120e+01 -4.427744e+01 -3.000000e+00
     vertex -6.844196e+01 -4.431993e+01 -3.000000e+00
   endloop
 endfacet
 facet normal -8.992613e-01 -4.374119e-01  0.000000e+00
   outer loop
     vertex -6.848160e+01 -4.423550e+01  0.000000e+00
     vertex -6.846120e+01 -4.427744e+01 -3.000000e+00
     vertex -6.846120e+01 -4.427744e+01  0.000000e+00
   endloop
 endfacet
 facet normal -8.992613e-01 -4.374119e-01 -0.000000e+00
   outer loop
     vertex -6.848160e+01 -4.423550e+01  0.000000e+00
     vertex -6.848160e+01 -4.423550e+01 -3.000000e+00
     vertex -6.846120e+01 -4.427744e+01 -3.000000e+00
   endloop
 endfacet
 facet normal -8.869228e-01 -4.619176e-01  0.000000e+00
   outer loop
     vertex -6.850315e+01 -4.419413e+01  0.000000e+00
     vertex -6.848160e+01 -4.423550e+01 -3.000000e+00
     vertex -6.848160e+01 -4.423550e+01  0.000000e+00
   endloop
 endfacet
 facet normal -8.869228e-01 -4.619176e-01 -0.000000e+00
   outer loop
     vertex -6.850315e+01 -4.419413e+01  0.000000e+00
     vertex -6.850315e+01 -4.419413e+01 -3.000000e+00
     vertex -6.848160e+01 -4.423550e+01 -3.000000e+00
   endloop
 endfacet
 facet normal -8.739167e-01 -4.860756e-01  0.000000e+00
   outer loop
     vertex -6.852582e+01 -4.415337e+01  0.000000e+00
     vertex -6.850315e+01 -4.419413e+01 -3.000000e+00
     vertex -6.850315e+01 -4.419413e+01  0.000000e+00
   endloop
 endfacet
 facet normal -8.739167e-01 -4.860756e-01 -0.000000e+00
   outer loop
     vertex -6.852582e+01 -4.415337e+01  0.000000e+00
     vertex -6.852582e+01 -4.415337e+01 -3.000000e+00
     vertex -6.850315e+01 -4.419413e+01 -3.000000e+00
   endloop
 endfacet
 facet normal -8.602528e-01 -5.098678e-01  0.000000e+00
   outer loop
     vertex -6.854960e+01 -4.411324e+01  0.000000e+00
     vertex -6.852582e+01 -4.415337e+01 -3.000000e+00
     vertex -6.852582e+01 -4.415337e+01  0.000000e+00
   endloop
 endfacet
 facet normal -8.602528e-01 -5.098678e-01 -0.000000e+00
   outer loop
     vertex -6.854960e+01 -4.411324e+01  0.000000e+00
     vertex -6.854960e+01 -4.411324e+01 -3.000000e+00
     vertex -6.852582e+01 -4.415337e+01 -3.000000e+00
   endloop
 endfacet
 facet normal -8.459413e-01 -5.332761e-01  0.000000e+00
   outer loop
     vertex -6.857447e+01 -4.407379e+01  0.000000e+00
     vertex -6.854960e+01 -4.411324e+01 -3.000000e+00
     vertex -6.854960e+01 -4.411324e+01  0.000000e+00
   endloop
 endfacet
 facet normal -8.459413e-01 -5.332761e-01 -0.000000e+00
   outer loop
     vertex -6.857447e+01 -4.407379e+01  0.000000e+00
     vertex -6.857447e+01 -4.407379e+01 -3.000000e+00
     vertex -6.854960e+01 -4.411324e+01 -3.000000e+00
   endloop
 endfacet
 facet normal -8.309929e-01 -5.562829e-01 -0.000000e+00
   outer loop
     vertex -6.860042e+01 -4.403503e+01  0.000000e+00
     vertex -6.860042e+01 -4.403503e+01 -3.000000e+00
     vertex -6.857447e+01 -4.407379e+01 -3.000000e+00
   endloop
 endfacet
 facet normal -8.309929e-01 -5.562829e-01  0.000000e+00
   outer loop
     vertex -6.860042e+01 -4.403503e+01  0.000000e+00
     vertex -6.857447e+01 -4.407379e+01 -3.000000e+00
     vertex -6.857447e+01 -4.407379e+01  0.000000e+00
   endloop
 endfacet
 facet normal -8.154191e-01 -5.788711e-01 -0.000000e+00
   outer loop
     vertex -6.862742e+01 -4.399700e+01  0.000000e+00
     vertex -6.862742e+01 -4.399700e+01 -3.000000e+00
     vertex -6.860042e+01 -4.403503e+01 -3.000000e+00
   endloop
 endfacet
 facet normal -8.154191e-01 -5.788711e-01  0.000000e+00
   outer loop
     vertex -6.862742e+01 -4.399700e+01  0.000000e+00
     vertex -6.860042e+01 -4.403503e+01 -3.000000e+00
     vertex -6.860042e+01 -4.403503e+01  0.000000e+00
   endloop
 endfacet
 facet normal -7.992314e-01 -6.010234e-01 -0.000000e+00
   outer loop
     vertex -6.865545e+01 -4.395972e+01  0.000000e+00
     vertex -6.865545e+01 -4.395972e+01 -3.000000e+00
     vertex -6.862742e+01 -4.399700e+01 -3.000000e+00
   endloop
 endfacet
 facet normal -7.992314e-01 -6.010234e-01  0.000000e+00
   outer loop
     vertex -6.865545e+01 -4.395972e+01  0.000000e+00
     vertex -6.862742e+01 -4.399700e+01 -3.000000e+00
     vertex -6.862742e+01 -4.399700e+01  0.000000e+00
   endloop
 endfacet
 facet normal -7.824421e-01 -6.227234e-01 -0.000000e+00
   outer loop
     vertex -6.868450e+01 -4.392322e+01  0.000000e+00
     vertex -6.868450e+01 -4.392322e+01 -3.000000e+00
     vertex -6.865545e+01 -4.395972e+01 -3.000000e+00
   endloop
 endfacet
 facet normal -7.824421e-01 -6.227234e-01  0.000000e+00
   outer loop
     vertex -6.868450e+01 -4.392322e+01  0.000000e+00
     vertex -6.865545e+01 -4.395972e+01 -3.000000e+00
     vertex -6.865545e+01 -4.395972e+01  0.000000e+00
   endloop
 endfacet
 facet normal -7.650637e-01 -6.439545e-01 -0.000000e+00
   outer loop
     vertex -6.871453e+01 -4.388754e+01  0.000000e+00
     vertex -6.871453e+01 -4.388754e+01 -3.000000e+00
     vertex -6.868450e+01 -4.392322e+01 -3.000000e+00
   endloop
 endfacet
 facet normal -7.650637e-01 -6.439545e-01  0.000000e+00
   outer loop
     vertex -6.871453e+01 -4.388754e+01  0.000000e+00
     vertex -6.868450e+01 -4.392322e+01 -3.000000e+00
     vertex -6.868450e+01 -4.392322e+01  0.000000e+00
   endloop
 endfacet
 facet normal -7.471095e-01 -6.647010e-01 -0.000000e+00
   outer loop
     vertex -6.874553e+01 -4.385269e+01  0.000000e+00
     vertex -6.874553e+01 -4.385269e+01 -3.000000e+00
     vertex -6.871453e+01 -4.388754e+01 -3.000000e+00
   endloop
 endfacet
 facet normal -7.285929e-01 -6.849470e-01 -0.000000e+00
   outer loop
     vertex -6.874553e+01 -4.385269e+01  0.000000e+00
     vertex -6.877748e+01 -4.381871e+01 -3.000000e+00
     vertex -6.874553e+01 -4.385269e+01 -3.000000e+00
   endloop
 endfacet
 facet normal -7.471095e-01 -6.647010e-01  0.000000e+00
   outer loop
     vertex -6.874553e+01 -4.385269e+01  0.000000e+00
     vertex -6.871453e+01 -4.388754e+01 -3.000000e+00
     vertex -6.871453e+01 -4.388754e+01  0.000000e+00
   endloop
 endfacet
 facet normal -7.285929e-01 -6.849470e-01 -0.000000e+00
   outer loop
     vertex -6.877748e+01 -4.381871e+01  0.000000e+00
     vertex -6.877748e+01 -4.381871e+01 -3.000000e+00
     vertex -6.874553e+01 -4.385269e+01  0.000000e+00
   endloop
 endfacet
 facet normal -7.095278e-01 -7.046775e-01 -0.000000e+00
   outer loop
     vertex -6.881035e+01 -4.378561e+01  0.000000e+00
     vertex -6.881035e+01 -4.378561e+01 -3.000000e+00
     vertex -6.877748e+01 -4.381871e+01 -3.000000e+00
   endloop
 endfacet
 facet normal -6.899286e-01 -7.238775e-01 -0.000000e+00
   outer loop
     vertex -6.881035e+01 -4.378561e+01  0.000000e+00
     vertex -6.884411e+01 -4.375343e+01 -3.000000e+00
     vertex -6.881035e+01 -4.378561e+01 -3.000000e+00
   endloop
 endfacet
 facet normal -7.095278e-01 -7.046775e-01  0.000000e+00
   outer loop
     vertex -6.881035e+01 -4.378561e+01  0.000000e+00
     vertex -6.877748e+01 -4.381871e+01 -3.000000e+00
     vertex -6.877748e+01 -4.381871e+01  0.000000e+00
   endloop
 endfacet
 facet normal -6.899286e-01 -7.238775e-01 -0.000000e+00
   outer loop
     vertex -6.884411e+01 -4.375343e+01  0.000000e+00
     vertex -6.884411e+01 -4.375343e+01 -3.000000e+00
     vertex -6.881035e+01 -4.378561e+01  0.000000e+00
   endloop
 endfacet
 facet normal -6.698100e-01 -7.425325e-01 -0.000000e+00
   outer loop
     vertex -6.887875e+01 -4.372219e+01  0.000000e+00
     vertex -6.887875e+01 -4.372219e+01 -3.000000e+00
     vertex -6.884411e+01 -4.375343e+01 -3.000000e+00
   endloop
 endfacet
 facet normal -6.698100e-01 -7.425325e-01  0.000000e+00
   outer loop
     vertex -6.887875e+01 -4.372219e+01  0.000000e+00
     vertex -6.884411e+01 -4.375343e+01 -3.000000e+00
     vertex -6.884411e+01 -4.375343e+01  0.000000e+00
   endloop
 endfacet
 facet normal -6.491872e-01 -7.606287e-01 -0.000000e+00
   outer loop
     vertex -6.891422e+01 -4.369191e+01  0.000000e+00
     vertex -6.891422e+01 -4.369191e+01 -3.000000e+00
     vertex -6.887875e+01 -4.372219e+01 -3.000000e+00
   endloop
 endfacet
 facet normal -6.280757e-01 -7.781522e-01 -0.000000e+00
   outer loop
     vertex -6.891422e+01 -4.369191e+01  0.000000e+00
     vertex -6.895052e+01 -4.366262e+01 -3.000000e+00
     vertex -6.891422e+01 -4.369191e+01 -3.000000e+00
   endloop
 endfacet
 facet normal -6.491872e-01 -7.606287e-01  0.000000e+00
   outer loop
     vertex -6.891422e+01 -4.369191e+01  0.000000e+00
     vertex -6.887875e+01 -4.372219e+01 -3.000000e+00
     vertex -6.887875e+01 -4.372219e+01  0.000000e+00
   endloop
 endfacet
 facet normal -6.064915e-01 -7.950900e-01 -0.000000e+00
   outer loop
     vertex -6.895052e+01 -4.366262e+01  0.000000e+00
     vertex -6.898760e+01 -4.363433e+01 -3.000000e+00
     vertex -6.895052e+01 -4.366262e+01 -3.000000e+00
   endloop
 endfacet
 facet normal -6.280757e-01 -7.781522e-01 -0.000000e+00
   outer loop
     vertex -6.895052e+01 -4.366262e+01  0.000000e+00
     vertex -6.895052e+01 -4.366262e+01 -3.000000e+00
     vertex -6.891422e+01 -4.369191e+01  0.000000e+00
   endloop
 endfacet
 facet normal -6.064915e-01 -7.950900e-01 -0.000000e+00
   outer loop
     vertex -6.898760e+01 -4.363433e+01  0.000000e+00
     vertex -6.898760e+01 -4.363433e+01 -3.000000e+00
     vertex -6.895052e+01 -4.366262e+01  0.000000e+00
   endloop
 endfacet
 facet normal -5.844507e-01 -8.114292e-01  0.000000e+00
   outer loop
     vertex -6.902545e+01 -4.360707e+01  0.000000e+00
     vertex -6.898760e+01 -4.363433e+01 -3.000000e+00
     vertex -6.898760e+01 -4.363433e+01  0.000000e+00
   endloop
 endfacet
 facet normal -5.844507e-01 -8.114292e-01 -0.000000e+00
   outer loop
     vertex -6.902545e+01 -4.360707e+01  0.000000e+00
     vertex -6.902545e+01 -4.360707e+01 -3.000000e+00
     vertex -6.898760e+01 -4.363433e+01 -3.000000e+00
   endloop
 endfacet
 facet normal -5.619699e-01 -8.271577e-01 -0.000000e+00
   outer loop
     vertex -6.906403e+01 -4.358086e+01  0.000000e+00
     vertex -6.906403e+01 -4.358086e+01 -3.000000e+00
     vertex -6.902545e+01 -4.360707e+01 -3.000000e+00
   endloop
 endfacet
 facet normal -5.619699e-01 -8.271577e-01  0.000000e+00
   outer loop
     vertex -6.906403e+01 -4.358086e+01  0.000000e+00
     vertex -6.902545e+01 -4.360707e+01 -3.000000e+00
     vertex -6.902545e+01 -4.360707e+01  0.000000e+00
   endloop
 endfacet
 facet normal -5.390661e-01 -8.422635e-01  0.000000e+00
   outer loop
     vertex -6.910332e+01 -4.355572e+01  0.000000e+00
     vertex -6.906403e+01 -4.358086e+01 -3.000000e+00
     vertex -6.906403e+01 -4.358086e+01  0.000000e+00
   endloop
 endfacet
 facet normal -5.390661e-01 -8.422635e-01 -0.000000e+00
   outer loop
     vertex -6.910332e+01 -4.355572e+01  0.000000e+00
     vertex -6.910332e+01 -4.355572e+01 -3.000000e+00
     vertex -6.906403e+01 -4.358086e+01 -3.000000e+00
   endloop
 endfacet
 facet normal -5.157565e-01 -8.567352e-01  0.000000e+00
   outer loop
     vertex -6.914328e+01 -4.353166e+01  0.000000e+00
     vertex -6.910332e+01 -4.355572e+01 -3.000000e+00
     vertex -6.910332e+01 -4.355572e+01  0.000000e+00
   endloop
 endfacet
 facet normal -5.157565e-01 -8.567352e-01 -0.000000e+00
   outer loop
     vertex -6.914328e+01 -4.353166e+01  0.000000e+00
     vertex -6.914328e+01 -4.353166e+01 -3.000000e+00
     vertex -6.910332e+01 -4.355572e+01 -3.000000e+00
   endloop
 endfacet
 facet normal -4.920587e-01 -8.705620e-01  0.000000e+00
   outer loop
     vertex -6.918388e+01 -4.350871e+01  0.000000e+00
     vertex -6.914328e+01 -4.353166e+01 -3.000000e+00
     vertex -6.914328e+01 -4.353166e+01  0.000000e+00
   endloop
 endfacet
 facet normal -4.920587e-01 -8.705620e-01 -0.000000e+00
   outer loop
     vertex -6.918388e+01 -4.350871e+01  0.000000e+00
     vertex -6.918388e+01 -4.350871e+01 -3.000000e+00
     vertex -6.914328e+01 -4.353166e+01 -3.000000e+00
   endloop
 endfacet
 facet normal -4.679904e-01 -8.837335e-01  0.000000e+00
   outer loop
     vertex -6.922510e+01 -4.348688e+01  0.000000e+00
     vertex -6.918388e+01 -4.350871e+01 -3.000000e+00
     vertex -6.918388e+01 -4.350871e+01  0.000000e+00
   endloop
 endfacet
 facet normal -4.679904e-01 -8.837335e-01 -0.000000e+00
   outer loop
     vertex -6.922510e+01 -4.348688e+01  0.000000e+00
     vertex -6.922510e+01 -4.348688e+01 -3.000000e+00
     vertex -6.918388e+01 -4.350871e+01 -3.000000e+00
   endloop
 endfacet
 facet normal -4.435699e-01 -8.962398e-01  0.000000e+00
   outer loop
     vertex -6.926690e+01 -4.346619e+01  0.000000e+00
     vertex -6.922510e+01 -4.348688e+01 -3.000000e+00
     vertex -6.922510e+01 -4.348688e+01  0.000000e+00
   endloop
 endfacet
 facet normal -4.435699e-01 -8.962398e-01 -0.000000e+00
   outer loop
     vertex -6.926690e+01 -4.346619e+01  0.000000e+00
     vertex -6.926690e+01 -4.346619e+01 -3.000000e+00
     vertex -6.922510e+01 -4.348688e+01 -3.000000e+00
   endloop
 endfacet
 facet normal -4.188155e-01 -9.080714e-01  0.000000e+00
   outer loop
     vertex -6.930926e+01 -4.344666e+01  0.000000e+00
     vertex -6.926690e+01 -4.346619e+01 -3.000000e+00
     vertex -6.926690e+01 -4.346619e+01  0.000000e+00
   endloop
 endfacet
 facet normal -4.188155e-01 -9.080714e-01 -0.000000e+00
   outer loop
     vertex -6.930926e+01 -4.344666e+01  0.000000e+00
     vertex -6.930926e+01 -4.344666e+01 -3.000000e+00
     vertex -6.926690e+01 -4.346619e+01 -3.000000e+00
   endloop
 endfacet
 facet normal -3.937458e-01 -9.192194e-01  0.000000e+00
   outer loop
     vertex -6.935213e+01 -4.342829e+01  0.000000e+00
     vertex -6.930926e+01 -4.344666e+01 -3.000000e+00
     vertex -6.930926e+01 -4.344666e+01  0.000000e+00
   endloop
 endfacet
 facet normal -3.937458e-01 -9.192194e-01 -0.000000e+00
   outer loop
     vertex -6.935213e+01 -4.342829e+01  0.000000e+00
     vertex -6.935213e+01 -4.342829e+01 -3.000000e+00
     vertex -6.930926e+01 -4.344666e+01 -3.000000e+00
   endloop
 endfacet
 facet normal -3.683796e-01 -9.296754e-01  0.000000e+00
   outer loop
     vertex -6.939549e+01 -4.341111e+01  0.000000e+00
     vertex -6.935213e+01 -4.342829e+01 -3.000000e+00
     vertex -6.935213e+01 -4.342829e+01  0.000000e+00
   endloop
 endfacet
 facet normal -3.683796e-01 -9.296754e-01 -0.000000e+00
   outer loop
     vertex -6.939549e+01 -4.341111e+01  0.000000e+00
     vertex -6.939549e+01 -4.341111e+01 -3.000000e+00
     vertex -6.935213e+01 -4.342829e+01 -3.000000e+00
   endloop
 endfacet
 facet normal -3.427362e-01 -9.394317e-01 -0.000000e+00
   outer loop
     vertex -6.939549e+01 -4.341111e+01  0.000000e+00
     vertex -6.943931e+01 -4.339512e+01 -3.000000e+00
     vertex -6.939549e+01 -4.341111e+01 -3.000000e+00
   endloop
 endfacet
 facet normal -3.427362e-01 -9.394317e-01 -0.000000e+00
   outer loop
     vertex -6.943931e+01 -4.339512e+01  0.000000e+00
     vertex -6.943931e+01 -4.339512e+01 -3.000000e+00
     vertex -6.939549e+01 -4.341111e+01  0.000000e+00
   endloop
 endfacet
 facet normal -3.168348e-01 -9.484807e-01  0.000000e+00
   outer loop
     vertex -6.948355e+01 -4.338035e+01  0.000000e+00
     vertex -6.943931e+01 -4.339512e+01 -3.000000e+00
     vertex -6.943931e+01 -4.339512e+01  0.000000e+00
   endloop
 endfacet
 facet normal -3.168348e-01 -9.484807e-01 -0.000000e+00
   outer loop
     vertex -6.948355e+01 -4.338035e+01  0.000000e+00
     vertex -6.948355e+01 -4.338035e+01 -3.000000e+00
     vertex -6.943931e+01 -4.339512e+01 -3.000000e+00
   endloop
 endfacet
 facet normal -2.906949e-01 -9.568158e-01  0.000000e+00
   outer loop
     vertex -6.952818e+01 -4.336679e+01  0.000000e+00
     vertex -6.948355e+01 -4.338035e+01 -3.000000e+00
     vertex -6.948355e+01 -4.338035e+01  0.000000e+00
   endloop
 endfacet
 facet normal -2.906949e-01 -9.568158e-01 -0.000000e+00
   outer loop
     vertex -6.952818e+01 -4.336679e+01  0.000000e+00
     vertex -6.952818e+01 -4.336679e+01 -3.000000e+00
     vertex -6.948355e+01 -4.338035e+01 -3.000000e+00
   endloop
 endfacet
 facet normal -2.643362e-01 -9.644306e-01  0.000000e+00
   outer loop
     vertex -6.957316e+01 -4.335446e+01  0.000000e+00
     vertex -6.952818e+01 -4.336679e+01 -3.000000e+00
     vertex -6.952818e+01 -4.336679e+01  0.000000e+00
   endloop
 endfacet
 facet normal -2.643362e-01 -9.644306e-01 -0.000000e+00
   outer loop
     vertex -6.957316e+01 -4.335446e+01  0.000000e+00
     vertex -6.957316e+01 -4.335446e+01 -3.000000e+00
     vertex -6.952818e+01 -4.336679e+01 -3.000000e+00
   endloop
 endfacet
 facet normal -2.377784e-01 -9.713194e-01  0.000000e+00
   outer loop
     vertex -6.961847e+01 -4.334337e+01  0.000000e+00
     vertex -6.957316e+01 -4.335446e+01 -3.000000e+00
     vertex -6.957316e+01 -4.335446e+01  0.000000e+00
   endloop
 endfacet
 facet normal -2.377784e-01 -9.713194e-01 -0.000000e+00
   outer loop
     vertex -6.961847e+01 -4.334337e+01  0.000000e+00
     vertex -6.961847e+01 -4.334337e+01 -3.000000e+00
     vertex -6.957316e+01 -4.335446e+01 -3.000000e+00
   endloop
 endfacet
 facet normal -2.110417e-01 -9.774771e-01  0.000000e+00
   outer loop
     vertex -6.966406e+01 -4.333352e+01  0.000000e+00
     vertex -6.961847e+01 -4.334337e+01 -3.000000e+00
     vertex -6.961847e+01 -4.334337e+01  0.000000e+00
   endloop
 endfacet
 facet normal -2.110417e-01 -9.774771e-01 -0.000000e+00
   outer loop
     vertex -6.966406e+01 -4.333352e+01  0.000000e+00
     vertex -6.966406e+01 -4.333352e+01 -3.000000e+00
     vertex -6.961847e+01 -4.334337e+01 -3.000000e+00
   endloop
 endfacet
 facet normal -1.841461e-01 -9.828989e-01  0.000000e+00
   outer loop
     vertex -6.970990e+01 -4.332493e+01  0.000000e+00
     vertex -6.966406e+01 -4.333352e+01 -3.000000e+00
     vertex -6.966406e+01 -4.333352e+01  0.000000e+00
   endloop
 endfacet
 facet normal -1.841461e-01 -9.828989e-01 -0.000000e+00
   outer loop
     vertex -6.970990e+01 -4.332493e+01  0.000000e+00
     vertex -6.970990e+01 -4.332493e+01 -3.000000e+00
     vertex -6.966406e+01 -4.333352e+01 -3.000000e+00
   endloop
 endfacet
 facet normal -1.571119e-01 -9.875808e-01 -0.000000e+00
   outer loop
     vertex -6.970990e+01 -4.332493e+01  0.000000e+00
     vertex -6.975597e+01 -4.331761e+01 -3.000000e+00
     vertex -6.970990e+01 -4.332493e+01 -3.000000e+00
   endloop
 endfacet
 facet normal -1.571119e-01 -9.875808e-01 -0.000000e+00
   outer loop
     vertex -6.975597e+01 -4.331761e+01  0.000000e+00
     vertex -6.975597e+01 -4.331761e+01 -3.000000e+00
     vertex -6.970990e+01 -4.332493e+01  0.000000e+00
   endloop
 endfacet
 facet normal -1.299594e-01 -9.915193e-01 -0.000000e+00
   outer loop
     vertex -6.975597e+01 -4.331761e+01  0.000000e+00
     vertex -6.980221e+01 -4.331154e+01 -3.000000e+00
     vertex -6.975597e+01 -4.331761e+01 -3.000000e+00
   endloop
 endfacet
 facet normal -1.299594e-01 -9.915193e-01 -0.000000e+00
   outer loop
     vertex -6.980221e+01 -4.331154e+01  0.000000e+00
     vertex -6.980221e+01 -4.331154e+01 -3.000000e+00
     vertex -6.975597e+01 -4.331761e+01  0.000000e+00
   endloop
 endfacet
 facet normal -1.027091e-01 -9.947114e-01  0.000000e+00
   outer loop
     vertex -6.984861e+01 -4.330675e+01  0.000000e+00
     vertex -6.980221e+01 -4.331154e+01 -3.000000e+00
     vertex -6.980221e+01 -4.331154e+01  0.000000e+00
   endloop
 endfacet
 facet normal -1.027091e-01 -9.947114e-01 -0.000000e+00
   outer loop
     vertex -6.984861e+01 -4.330675e+01  0.000000e+00
     vertex -6.984861e+01 -4.330675e+01 -3.000000e+00
     vertex -6.980221e+01 -4.331154e+01 -3.000000e+00
   endloop
 endfacet
 facet normal -7.538152e-02 -9.971548e-01  0.000000e+00
   outer loop
     vertex -6.989512e+01 -4.330324e+01  0.000000e+00
     vertex -6.984861e+01 -4.330675e+01 -3.000000e+00
     vertex -6.984861e+01 -4.330675e+01  0.000000e+00
   endloop
 endfacet
 facet normal -7.538152e-02 -9.971548e-01 -0.000000e+00
   outer loop
     vertex -6.989512e+01 -4.330324e+01  0.000000e+00
     vertex -6.989512e+01 -4.330324e+01 -3.000000e+00
     vertex -6.984861e+01 -4.330675e+01 -3.000000e+00
   endloop
 endfacet
 facet normal -4.799716e-02 -9.988475e-01  0.000000e+00
   outer loop
     vertex -6.994171e+01 -4.330100e+01  0.000000e+00
     vertex -6.989512e+01 -4.330324e+01 -3.000000e+00
     vertex -6.989512e+01 -4.330324e+01  0.000000e+00
   endloop
 endfacet
 facet normal -4.799716e-02 -9.988475e-01 -0.000000e+00
   outer loop
     vertex -6.994171e+01 -4.330100e+01  0.000000e+00
     vertex -6.994171e+01 -4.330100e+01 -3.000000e+00
     vertex -6.989512e+01 -4.330324e+01 -3.000000e+00
   endloop
 endfacet
 facet normal -2.057667e-02 -9.997883e-01 -0.000000e+00
   outer loop
     vertex -6.998834e+01 -4.330004e+01  0.000000e+00
     vertex -6.998834e+01 -4.330004e+01 -3.000000e+00
     vertex -6.994171e+01 -4.330100e+01 -3.000000e+00
   endloop
 endfacet
 facet normal -2.057667e-02 -9.997883e-01  0.000000e+00
   outer loop
     vertex -6.998834e+01 -4.330004e+01  0.000000e+00
     vertex -6.994171e+01 -4.330100e+01 -3.000000e+00
     vertex -6.994171e+01 -4.330100e+01  0.000000e+00
   endloop
 endfacet
 facet normal  6.859319e-03 -9.999765e-01  0.000000e+00
   outer loop
     vertex -6.998834e+01 -4.330004e+01  0.000000e+00
     vertex -7.003498e+01 -4.330036e+01 -3.000000e+00
     vertex -6.998834e+01 -4.330004e+01 -3.000000e+00
   endloop
 endfacet
 facet normal  6.859319e-03 -9.999765e-01  0.000000e+00
   outer loop
     vertex -7.003498e+01 -4.330036e+01  0.000000e+00
     vertex -7.003498e+01 -4.330036e+01 -3.000000e+00
     vertex -6.998834e+01 -4.330004e+01  0.000000e+00
   endloop
 endfacet
 facet normal  3.429014e-02 -9.994119e-01  0.000000e+00
   outer loop
     vertex -7.008160e+01 -4.330196e+01  0.000000e+00
     vertex -7.008160e+01 -4.330196e+01 -3.000000e+00
     vertex -7.003498e+01 -4.330036e+01 -3.000000e+00
   endloop
 endfacet
 facet normal  3.429014e-02 -9.994119e-01  0.000000e+00
   outer loop
     vertex -7.008160e+01 -4.330196e+01  0.000000e+00
     vertex -7.003498e+01 -4.330036e+01 -3.000000e+00
     vertex -7.003498e+01 -4.330036e+01  0.000000e+00
   endloop
 endfacet
 facet normal  6.169515e-02 -9.980950e-01  0.000000e+00
   outer loop
     vertex -7.012815e+01 -4.330484e+01  0.000000e+00
     vertex -7.012815e+01 -4.330484e+01 -3.000000e+00
     vertex -7.008160e+01 -4.330196e+01 -3.000000e+00
   endloop
 endfacet
 facet normal  8.905371e-02 -9.960268e-01  0.000000e+00
   outer loop
     vertex -7.012815e+01 -4.330484e+01  0.000000e+00
     vertex -7.017461e+01 -4.330899e+01 -3.000000e+00
     vertex -7.012815e+01 -4.330484e+01 -3.000000e+00
   endloop
 endfacet
 facet normal  6.169515e-02 -9.980950e-01  0.000000e+00
   outer loop
     vertex -7.012815e+01 -4.330484e+01  0.000000e+00
     vertex -7.008160e+01 -4.330196e+01 -3.000000e+00
     vertex -7.008160e+01 -4.330196e+01  0.000000e+00
   endloop
 endfacet
 facet normal  8.905371e-02 -9.960268e-01  0.000000e+00
   outer loop
     vertex -7.017461e+01 -4.330899e+01  0.000000e+00
     vertex -7.017461e+01 -4.330899e+01 -3.000000e+00
     vertex -7.012815e+01 -4.330484e+01  0.000000e+00
   endloop
 endfacet
 facet normal  1.163452e-01 -9.932088e-01  0.000000e+00
   outer loop
     vertex -7.022093e+01 -4.331442e+01  0.000000e+00
     vertex -7.017461e+01 -4.330899e+01 -3.000000e+00
     vertex -7.017461e+01 -4.330899e+01  0.000000e+00
   endloop
 endfacet
 facet normal  1.163452e-01 -9.932088e-01  0.000000e+00
   outer loop
     vertex -7.022093e+01 -4.331442e+01  0.000000e+00
     vertex -7.022093e+01 -4.331442e+01 -3.000000e+00
     vertex -7.017461e+01 -4.330899e+01 -3.000000e+00
   endloop
 endfacet
 facet normal  1.435492e-01 -9.896432e-01  0.000000e+00
   outer loop
     vertex -7.026709e+01 -4.332111e+01  0.000000e+00
     vertex -7.022093e+01 -4.331442e+01 -3.000000e+00
     vertex -7.022093e+01 -4.331442e+01  0.000000e+00
   endloop
 endfacet
 facet normal  1.435492e-01 -9.896432e-01  0.000000e+00
   outer loop
     vertex -7.026709e+01 -4.332111e+01  0.000000e+00
     vertex -7.026709e+01 -4.332111e+01 -3.000000e+00
     vertex -7.022093e+01 -4.331442e+01 -3.000000e+00
   endloop
 endfacet
 facet normal  1.706451e-01 -9.853326e-01  0.000000e+00
   outer loop
     vertex -7.026709e+01 -4.332111e+01  0.000000e+00
     vertex -7.031305e+01 -4.332907e+01 -3.000000e+00
     vertex -7.026709e+01 -4.332111e+01 -3.000000e+00
   endloop
 endfacet
 facet normal  1.706451e-01 -9.853326e-01  0.000000e+00
   outer loop
     vertex -7.031305e+01 -4.332907e+01  0.000000e+00
     vertex -7.031305e+01 -4.332907e+01 -3.000000e+00
     vertex -7.026709e+01 -4.332111e+01  0.000000e+00
   endloop
 endfacet
 facet normal  1.976125e-01 -9.802802e-01  0.000000e+00
   outer loop
     vertex -7.035877e+01 -4.333829e+01  0.000000e+00
     vertex -7.031305e+01 -4.332907e+01 -3.000000e+00
     vertex -7.031305e+01 -4.332907e+01  0.000000e+00
   endloop
 endfacet
 facet normal  1.976125e-01 -9.802802e-01  0.000000e+00
   outer loop
     vertex -7.035877e+01 -4.333829e+01  0.000000e+00
     vertex -7.035877e+01 -4.333829e+01 -3.000000e+00
     vertex -7.031305e+01 -4.332907e+01 -3.000000e+00
   endloop
 endfacet
 facet normal  2.244312e-01 -9.744899e-01  0.000000e+00
   outer loop
     vertex -7.040422e+01 -4.334876e+01  0.000000e+00
     vertex -7.035877e+01 -4.333829e+01 -3.000000e+00
     vertex -7.035877e+01 -4.333829e+01  0.000000e+00
   endloop
 endfacet
 facet normal  2.244312e-01 -9.744899e-01  0.000000e+00
   outer loop
     vertex -7.040422e+01 -4.334876e+01  0.000000e+00
     vertex -7.040422e+01 -4.334876e+01 -3.000000e+00
     vertex -7.035877e+01 -4.333829e+01 -3.000000e+00
   endloop
 endfacet
 facet normal  2.510809e-01 -9.679661e-01  0.000000e+00
   outer loop
     vertex -7.040422e+01 -4.334876e+01  0.000000e+00
     vertex -7.044937e+01 -4.336047e+01 -3.000000e+00
     vertex -7.040422e+01 -4.334876e+01 -3.000000e+00
   endloop
 endfacet
 facet normal  2.510809e-01 -9.679661e-01  0.000000e+00
   outer loop
     vertex -7.044937e+01 -4.336047e+01  0.000000e+00
     vertex -7.044937e+01 -4.336047e+01 -3.000000e+00
     vertex -7.040422e+01 -4.334876e+01  0.000000e+00
   endloop
 endfacet
 facet normal  2.775416e-01 -9.607136e-01  0.000000e+00
   outer loop
     vertex -7.049418e+01 -4.337341e+01  0.000000e+00
     vertex -7.044937e+01 -4.336047e+01 -3.000000e+00
     vertex -7.044937e+01 -4.336047e+01  0.000000e+00
   endloop
 endfacet
 facet normal  2.775416e-01 -9.607136e-01  0.000000e+00
   outer loop
     vertex -7.049418e+01 -4.337341e+01  0.000000e+00
     vertex -7.049418e+01 -4.337341e+01 -3.000000e+00
     vertex -7.044937e+01 -4.336047e+01 -3.000000e+00
   endloop
 endfacet
 facet normal  3.037934e-01 -9.527379e-01  0.000000e+00
   outer loop
     vertex -7.053862e+01 -4.338758e+01  0.000000e+00
     vertex -7.049418e+01 -4.337341e+01 -3.000000e+00
     vertex -7.049418e+01 -4.337341e+01  0.000000e+00
   endloop
 endfacet
 facet normal  3.037934e-01 -9.527379e-01  0.000000e+00
   outer loop
     vertex -7.053862e+01 -4.338758e+01  0.000000e+00
     vertex -7.053862e+01 -4.338758e+01 -3.000000e+00
     vertex -7.049418e+01 -4.337341e+01 -3.000000e+00
   endloop
 endfacet
 facet normal  3.298166e-01 -9.440450e-01  0.000000e+00
   outer loop
     vertex -7.058265e+01 -4.340297e+01  0.000000e+00
     vertex -7.053862e+01 -4.338758e+01 -3.000000e+00
     vertex -7.053862e+01 -4.338758e+01  0.000000e+00
   endloop
 endfacet
 facet normal  3.298166e-01 -9.440450e-01  0.000000e+00
   outer loop
     vertex -7.058265e+01 -4.340297e+01  0.000000e+00
     vertex -7.058265e+01 -4.340297e+01 -3.000000e+00
     vertex -7.053862e+01 -4.338758e+01 -3.000000e+00
   endloop
 endfacet
 facet normal  3.555914e-01 -9.346415e-01  0.000000e+00
   outer loop
     vertex -7.058265e+01 -4.340297e+01  0.000000e+00
     vertex -7.062625e+01 -4.341955e+01 -3.000000e+00
     vertex -7.058265e+01 -4.340297e+01 -3.000000e+00
   endloop
 endfacet
 facet normal  3.555914e-01 -9.346415e-01  0.000000e+00
   outer loop
     vertex -7.062625e+01 -4.341955e+01  0.000000e+00
     vertex -7.062625e+01 -4.341955e+01 -3.000000e+00
     vertex -7.058265e+01 -4.340297e+01  0.000000e+00
   endloop
 endfacet
 facet normal  4.063188e-01 -9.137314e-01  0.000000e+00
   outer loop
     vertex -7.066937e+01 -4.343733e+01  0.000000e+00
     vertex -7.071199e+01 -4.345628e+01 -3.000000e+00
     vertex -7.066937e+01 -4.343733e+01 -3.000000e+00
   endloop
 endfacet
 facet normal  3.810986e-01 -9.245344e-01  0.000000e+00
   outer loop
     vertex -7.066937e+01 -4.343733e+01  0.000000e+00
     vertex -7.062625e+01 -4.341955e+01 -3.000000e+00
     vertex -7.062625e+01 -4.341955e+01  0.000000e+00
   endloop
 endfacet
 facet normal  3.810986e-01 -9.245344e-01  0.000000e+00
   outer loop
     vertex -7.066937e+01 -4.343733e+01  0.000000e+00
     vertex -7.066937e+01 -4.343733e+01 -3.000000e+00
     vertex -7.062625e+01 -4.341955e+01 -3.000000e+00
   endloop
 endfacet
 facet normal  4.063188e-01 -9.137314e-01  0.000000e+00
   outer loop
     vertex -7.071199e+01 -4.345628e+01  0.000000e+00
     vertex -7.071199e+01 -4.345628e+01 -3.000000e+00
     vertex -7.066937e+01 -4.343733e+01  0.000000e+00
   endloop
 endfacet
 facet normal  4.312333e-01 -9.022405e-01  0.000000e+00
   outer loop
     vertex -7.075407e+01 -4.347639e+01  0.000000e+00
     vertex -7.075407e+01 -4.347639e+01 -3.000000e+00
     vertex -7.071199e+01 -4.345628e+01 -3.000000e+00
   endloop
 endfacet
 facet normal  4.312333e-01 -9.022405e-01  0.000000e+00
   outer loop
     vertex -7.075407e+01 -4.347639e+01  0.000000e+00
     vertex -7.071199e+01 -4.345628e+01 -3.000000e+00
     vertex -7.071199e+01 -4.345628e+01  0.000000e+00
   endloop
 endfacet
 facet normal  4.558231e-01 -8.900704e-01  0.000000e+00
   outer loop
     vertex -7.079558e+01 -4.349765e+01  0.000000e+00
     vertex -7.079558e+01 -4.349765e+01 -3.000000e+00
     vertex -7.075407e+01 -4.347639e+01 -3.000000e+00
   endloop
 endfacet
 facet normal  4.800697e-01 -8.772303e-01  0.000000e+00
   outer loop
     vertex -7.079558e+01 -4.349765e+01  0.000000e+00
     vertex -7.083650e+01 -4.352004e+01 -3.000000e+00
     vertex -7.079558e+01 -4.349765e+01 -3.000000e+00
   endloop
 endfacet
 facet normal  4.558231e-01 -8.900704e-01  0.000000e+00
   outer loop
     vertex -7.079558e+01 -4.349765e+01  0.000000e+00
     vertex -7.075407e+01 -4.347639e+01 -3.000000e+00
     vertex -7.075407e+01 -4.347639e+01  0.000000e+00
   endloop
 endfacet
 facet normal  4.800697e-01 -8.772303e-01  0.000000e+00
   outer loop
     vertex -7.083650e+01 -4.352004e+01  0.000000e+00
     vertex -7.083650e+01 -4.352004e+01 -3.000000e+00
     vertex -7.079558e+01 -4.349765e+01  0.000000e+00
   endloop
 endfacet
 facet normal  5.039550e-01 -8.637299e-01  0.000000e+00
   outer loop
     vertex -7.087679e+01 -4.354355e+01  0.000000e+00
     vertex -7.087679e+01 -4.354355e+01 -3.000000e+00
     vertex -7.083650e+01 -4.352004e+01 -3.000000e+00
   endloop
 endfacet
 facet normal  5.039550e-01 -8.637299e-01  0.000000e+00
   outer loop
     vertex -7.087679e+01 -4.354355e+01  0.000000e+00
     vertex -7.083650e+01 -4.352004e+01 -3.000000e+00
     vertex -7.083650e+01 -4.352004e+01  0.000000e+00
   endloop
 endfacet
 facet normal  5.274609e-01 -8.495793e-01  0.000000e+00
   outer loop
     vertex -7.091641e+01 -4.356815e+01  0.000000e+00
     vertex -7.091641e+01 -4.356815e+01 -3.000000e+00
     vertex -7.087679e+01 -4.354355e+01 -3.000000e+00
   endloop
 endfacet
 facet normal  5.505698e-01 -8.347891e-01  0.000000e+00
   outer loop
     vertex -7.091641e+01 -4.356815e+01  0.000000e+00
     vertex -7.095535e+01 -4.359383e+01 -3.000000e+00
     vertex -7.091641e+01 -4.356815e+01 -3.000000e+00
   endloop
 endfacet
 facet normal  5.274609e-01 -8.495793e-01  0.000000e+00
   outer loop
     vertex -7.091641e+01 -4.356815e+01  0.000000e+00
     vertex -7.087679e+01 -4.354355e+01 -3.000000e+00
     vertex -7.087679e+01 -4.354355e+01  0.000000e+00
   endloop
 endfacet
 facet normal  5.505698e-01 -8.347891e-01  0.000000e+00
   outer loop
     vertex -7.095535e+01 -4.359383e+01  0.000000e+00
     vertex -7.095535e+01 -4.359383e+01 -3.000000e+00
     vertex -7.091641e+01 -4.356815e+01  0.000000e+00
   endloop
 endfacet
 facet normal  5.732642e-01 -8.193706e-01  0.000000e+00
   outer loop
     vertex -7.099357e+01 -4.362057e+01  0.000000e+00
     vertex -7.099357e+01 -4.362057e+01 -3.000000e+00
     vertex -7.095535e+01 -4.359383e+01 -3.000000e+00
   endloop
 endfacet
 facet normal  5.732642e-01 -8.193706e-01  0.000000e+00
   outer loop
     vertex -7.099357e+01 -4.362057e+01  0.000000e+00
     vertex -7.095535e+01 -4.359383e+01 -3.000000e+00
     vertex -7.095535e+01 -4.359383e+01  0.000000e+00
   endloop
 endfacet
 facet normal  5.955271e-01 -8.033352e-01  0.000000e+00
   outer loop
     vertex -7.103104e+01 -4.364835e+01  0.000000e+00
     vertex -7.103104e+01 -4.364835e+01 -3.000000e+00
     vertex -7.099357e+01 -4.362057e+01 -3.000000e+00
   endloop
 endfacet
 facet normal  6.173417e-01 -7.866951e-01  0.000000e+00
   outer loop
     vertex -7.103104e+01 -4.364835e+01  0.000000e+00
     vertex -7.106773e+01 -4.367714e+01 -3.000000e+00
     vertex -7.103104e+01 -4.364835e+01 -3.000000e+00
   endloop
 endfacet
 facet normal  5.955271e-01 -8.033352e-01  0.000000e+00
   outer loop
     vertex -7.103104e+01 -4.364835e+01  0.000000e+00
     vertex -7.099357e+01 -4.362057e+01 -3.000000e+00
     vertex -7.099357e+01 -4.362057e+01  0.000000e+00
   endloop
 endfacet
 facet normal  6.173417e-01 -7.866951e-01  0.000000e+00
   outer loop
     vertex -7.106773e+01 -4.367714e+01  0.000000e+00
     vertex -7.106773e+01 -4.367714e+01 -3.000000e+00
     vertex -7.103104e+01 -4.364835e+01  0.000000e+00
   endloop
 endfacet
 facet normal  6.386916e-01 -7.694628e-01  0.000000e+00
   outer loop
     vertex -7.110362e+01 -4.370693e+01  0.000000e+00
     vertex -7.110362e+01 -4.370693e+01 -3.000000e+00
     vertex -7.106773e+01 -4.367714e+01 -3.000000e+00
   endloop
 endfacet
 facet normal  6.386916e-01 -7.694628e-01  0.000000e+00
   outer loop
     vertex -7.110362e+01 -4.370693e+01  0.000000e+00
     vertex -7.106773e+01 -4.367714e+01 -3.000000e+00
     vertex -7.106773e+01 -4.367714e+01  0.000000e+00
   endloop
 endfacet
 facet normal  6.595607e-01 -7.516513e-01  0.000000e+00
   outer loop
     vertex -7.113868e+01 -4.373769e+01  0.000000e+00
     vertex -7.113868e+01 -4.373769e+01 -3.000000e+00
     vertex -7.110362e+01 -4.370693e+01 -3.000000e+00
   endloop
 endfacet
 facet normal  6.595607e-01 -7.516513e-01  0.000000e+00
   outer loop
     vertex -7.113868e+01 -4.373769e+01  0.000000e+00
     vertex -7.110362e+01 -4.370693e+01 -3.000000e+00
     vertex -7.110362e+01 -4.370693e+01  0.000000e+00
   endloop
 endfacet
 facet normal  6.799333e-01 -7.332740e-01  0.000000e+00
   outer loop
     vertex -7.117288e+01 -4.376941e+01  0.000000e+00
     vertex -7.117288e+01 -4.376941e+01 -3.000000e+00
     vertex -7.113868e+01 -4.373769e+01 -3.000000e+00
   endloop
 endfacet
 facet normal  6.997940e-01 -7.143447e-01  0.000000e+00
   outer loop
     vertex -7.117288e+01 -4.376941e+01  0.000000e+00
     vertex -7.120620e+01 -4.380205e+01 -3.000000e+00
     vertex -7.117288e+01 -4.376941e+01 -3.000000e+00
   endloop
 endfacet
 facet normal  6.799333e-01 -7.332740e-01  0.000000e+00
   outer loop
     vertex -7.117288e+01 -4.376941e+01  0.000000e+00
     vertex -7.113868e+01 -4.373769e+01 -3.000000e+00
     vertex -7.113868e+01 -4.373769e+01  0.000000e+00
   endloop
 endfacet
 facet normal  6.997940e-01 -7.143447e-01  0.000000e+00
   outer loop
     vertex -7.120620e+01 -4.380205e+01  0.000000e+00
     vertex -7.120620e+01 -4.380205e+01 -3.000000e+00
     vertex -7.117288e+01 -4.376941e+01  0.000000e+00
   endloop
 endfacet
 facet normal  7.191280e-01 -6.948776e-01  0.000000e+00
   outer loop
     vertex -7.120620e+01 -4.380205e+01  0.000000e+00
     vertex -7.123861e+01 -4.383559e+01 -3.000000e+00
     vertex -7.120620e+01 -4.380205e+01 -3.000000e+00
   endloop
 endfacet
 facet normal  7.191280e-01 -6.948776e-01  0.000000e+00
   outer loop
     vertex -7.123861e+01 -4.383559e+01  0.000000e+00
     vertex -7.123861e+01 -4.383559e+01 -3.000000e+00
     vertex -7.120620e+01 -4.380205e+01  0.000000e+00
   endloop
 endfacet
 facet normal  7.379206e-01 -6.748875e-01  0.000000e+00
   outer loop
     vertex -7.123861e+01 -4.383559e+01  0.000000e+00
     vertex -7.127009e+01 -4.387001e+01 -3.000000e+00
     vertex -7.123861e+01 -4.383559e+01 -3.000000e+00
   endloop
 endfacet
 facet normal  7.379206e-01 -6.748875e-01  0.000000e+00
   outer loop
     vertex -7.127009e+01 -4.387001e+01  0.000000e+00
     vertex -7.127009e+01 -4.387001e+01 -3.000000e+00
     vertex -7.123861e+01 -4.383559e+01  0.000000e+00
   endloop
 endfacet
 facet normal  7.561578e-01 -6.543893e-01  0.000000e+00
   outer loop
     vertex -7.130061e+01 -4.390528e+01  0.000000e+00
     vertex -7.127009e+01 -4.387001e+01 -3.000000e+00
     vertex -7.127009e+01 -4.387001e+01  0.000000e+00
   endloop
 endfacet
 facet normal  7.561578e-01 -6.543893e-01  0.000000e+00
   outer loop
     vertex -7.130061e+01 -4.390528e+01  0.000000e+00
     vertex -7.130061e+01 -4.390528e+01 -3.000000e+00
     vertex -7.127009e+01 -4.387001e+01 -3.000000e+00
   endloop
 endfacet
 facet normal  7.738257e-01 -6.333986e-01  0.000000e+00
   outer loop
     vertex -7.130061e+01 -4.390528e+01  0.000000e+00
     vertex -7.133015e+01 -4.394137e+01 -3.000000e+00
     vertex -7.130061e+01 -4.390528e+01 -3.000000e+00
   endloop
 endfacet
 facet normal  7.738257e-01 -6.333986e-01  0.000000e+00
   outer loop
     vertex -7.133015e+01 -4.394137e+01  0.000000e+00
     vertex -7.133015e+01 -4.394137e+01 -3.000000e+00
     vertex -7.130061e+01 -4.390528e+01  0.000000e+00
   endloop
 endfacet
 facet normal  7.909112e-01 -6.119310e-01  0.000000e+00
   outer loop
     vertex -7.135869e+01 -4.397826e+01  0.000000e+00
     vertex -7.135869e+01 -4.397826e+01 -3.000000e+00
     vertex -7.133015e+01 -4.394137e+01 -3.000000e+00
   endloop
 endfacet
 facet normal  7.909112e-01 -6.119310e-01  0.000000e+00
   outer loop
     vertex -7.135869e+01 -4.397826e+01  0.000000e+00
     vertex -7.133015e+01 -4.394137e+01 -3.000000e+00
     vertex -7.133015e+01 -4.394137e+01  0.000000e+00
   endloop
 endfacet
 facet normal  8.074012e-01 -5.900028e-01  0.000000e+00
   outer loop
     vertex -7.138621e+01 -4.401592e+01  0.000000e+00
     vertex -7.135869e+01 -4.397826e+01 -3.000000e+00
     vertex -7.135869e+01 -4.397826e+01  0.000000e+00
   endloop
 endfacet
 facet normal  8.074012e-01 -5.900028e-01  0.000000e+00
   outer loop
     vertex -7.138621e+01 -4.401592e+01  0.000000e+00
     vertex -7.138621e+01 -4.401592e+01 -3.000000e+00
     vertex -7.135869e+01 -4.397826e+01 -3.000000e+00
   endloop
 endfacet
 facet normal  8.232835e-01 -5.676304e-01  0.000000e+00
   outer loop
     vertex -7.138621e+01 -4.401592e+01  0.000000e+00
     vertex -7.141269e+01 -4.405432e+01 -3.000000e+00
     vertex -7.138621e+01 -4.401592e+01 -3.000000e+00
   endloop
 endfacet
 facet normal  8.385460e-01 -5.448308e-01  0.000000e+00
   outer loop
     vertex -7.141269e+01 -4.405432e+01  0.000000e+00
     vertex -7.143810e+01 -4.409343e+01 -3.000000e+00
     vertex -7.141269e+01 -4.405432e+01 -3.000000e+00
   endloop
 endfacet
 facet normal  8.232835e-01 -5.676304e-01  0.000000e+00
   outer loop
     vertex -7.141269e+01 -4.405432e+01  0.000000e+00
     vertex -7.141269e+01 -4.405432e+01 -3.000000e+00
     vertex -7.138621e+01 -4.401592e+01  0.000000e+00
   endloop
 endfacet
 facet normal  8.385460e-01 -5.448308e-01  0.000000e+00
   outer loop
     vertex -7.143810e+01 -4.409343e+01  0.000000e+00
     vertex -7.143810e+01 -4.409343e+01 -3.000000e+00
     vertex -7.141269e+01 -4.405432e+01  0.000000e+00
   endloop
 endfacet
 facet normal  8.531773e-01 -5.216210e-01  0.000000e+00
   outer loop
     vertex -7.146243e+01 -4.413322e+01  0.000000e+00
     vertex -7.146243e+01 -4.413322e+01 -3.000000e+00
     vertex -7.143810e+01 -4.409343e+01 -3.000000e+00
   endloop
 endfacet
 facet normal  8.671664e-01 -4.980186e-01  0.000000e+00
   outer loop
     vertex -7.146243e+01 -4.413322e+01  0.000000e+00
     vertex -7.148566e+01 -4.417367e+01 -3.000000e+00
     vertex -7.146243e+01 -4.413322e+01 -3.000000e+00
   endloop
 endfacet
 facet normal  8.531773e-01 -5.216210e-01  0.000000e+00
   outer loop
     vertex -7.146243e+01 -4.413322e+01  0.000000e+00
     vertex -7.143810e+01 -4.409343e+01 -3.000000e+00
     vertex -7.143810e+01 -4.409343e+01  0.000000e+00
   endloop
 endfacet
 facet normal  8.671664e-01 -4.980186e-01  0.000000e+00
   outer loop
     vertex -7.148566e+01 -4.417367e+01  0.000000e+00
     vertex -7.148566e+01 -4.417367e+01 -3.000000e+00
     vertex -7.146243e+01 -4.413322e+01  0.000000e+00
   endloop
 endfacet
 facet normal  8.805026e-01 -4.740412e-01  0.000000e+00
   outer loop
     vertex -7.150777e+01 -4.421474e+01  0.000000e+00
     vertex -7.150777e+01 -4.421474e+01 -3.000000e+00
     vertex -7.148566e+01 -4.417367e+01 -3.000000e+00
   endloop
 endfacet
 facet normal  8.805026e-01 -4.740412e-01  0.000000e+00
   outer loop
     vertex -7.150777e+01 -4.421474e+01  0.000000e+00
     vertex -7.148566e+01 -4.417367e+01 -3.000000e+00
     vertex -7.148566e+01 -4.417367e+01  0.000000e+00
   endloop
 endfacet
 facet normal  8.931761e-01 -4.497071e-01  0.000000e+00
   outer loop
     vertex -7.152874e+01 -4.425640e+01  0.000000e+00
     vertex -7.152874e+01 -4.425640e+01 -3.000000e+00
     vertex -7.150777e+01 -4.421474e+01 -3.000000e+00
   endloop
 endfacet
 facet normal  9.051772e-01 -4.250344e-01  0.000000e+00
   outer loop
     vertex -7.152874e+01 -4.425640e+01  0.000000e+00
     vertex -7.154857e+01 -4.429862e+01 -3.000000e+00
     vertex -7.152874e+01 -4.425640e+01 -3.000000e+00
   endloop
 endfacet
 facet normal  8.931761e-01 -4.497071e-01  0.000000e+00
   outer loop
     vertex -7.152874e+01 -4.425640e+01  0.000000e+00
     vertex -7.150777e+01 -4.421474e+01 -3.000000e+00
     vertex -7.150777e+01 -4.421474e+01  0.000000e+00
   endloop
 endfacet
 facet normal  9.051772e-01 -4.250344e-01  0.000000e+00
   outer loop
     vertex -7.154857e+01 -4.429862e+01  0.000000e+00
     vertex -7.154857e+01 -4.429862e+01 -3.000000e+00
     vertex -7.152874e+01 -4.425640e+01  0.000000e+00
   endloop
 endfacet
 facet normal  9.164969e-01 -4.000417e-01  0.000000e+00
   outer loop
     vertex -7.156723e+01 -4.434137e+01  0.000000e+00
     vertex -7.156723e+01 -4.434137e+01 -3.000000e+00
     vertex -7.154857e+01 -4.429862e+01 -3.000000e+00
   endloop
 endfacet
 facet normal  9.164969e-01 -4.000417e-01  0.000000e+00
   outer loop
     vertex -7.156723e+01 -4.434137e+01  0.000000e+00
     vertex -7.154857e+01 -4.429862e+01 -3.000000e+00
     vertex -7.154857e+01 -4.429862e+01  0.000000e+00
   endloop
 endfacet
 facet normal  9.271267e-01 -3.747479e-01  0.000000e+00
   outer loop
     vertex -7.158471e+01 -4.438461e+01  0.000000e+00
     vertex -7.158471e+01 -4.438461e+01 -3.000000e+00
     vertex -7.156723e+01 -4.434137e+01 -3.000000e+00
   endloop
 endfacet
 facet normal  9.370586e-01 -3.491720e-01  0.000000e+00
   outer loop
     vertex -7.158471e+01 -4.438461e+01  0.000000e+00
     vertex -7.160099e+01 -4.442832e+01 -3.000000e+00
     vertex -7.158471e+01 -4.438461e+01 -3.000000e+00
   endloop
 endfacet
 facet normal  9.271267e-01 -3.747479e-01  0.000000e+00
   outer loop
     vertex -7.158471e+01 -4.438461e+01  0.000000e+00
     vertex -7.156723e+01 -4.434137e+01 -3.000000e+00
     vertex -7.156723e+01 -4.434137e+01  0.000000e+00
   endloop
 endfacet
 facet normal  9.370586e-01 -3.491720e-01  0.000000e+00
   outer loop
     vertex -7.160099e+01 -4.442832e+01  0.000000e+00
     vertex -7.160099e+01 -4.442832e+01 -3.000000e+00
     vertex -7.158471e+01 -4.438461e+01  0.000000e+00
   endloop
 endfacet
 facet normal  9.462851e-01 -3.233333e-01  0.000000e+00
   outer loop
     vertex -7.161607e+01 -4.447245e+01  0.000000e+00
     vertex -7.161607e+01 -4.447245e+01 -3.000000e+00
     vertex -7.160099e+01 -4.442832e+01 -3.000000e+00
   endloop
 endfacet
 facet normal  9.462851e-01 -3.233333e-01  0.000000e+00
   outer loop
     vertex -7.161607e+01 -4.447245e+01  0.000000e+00
     vertex -7.160099e+01 -4.442832e+01 -3.000000e+00
     vertex -7.160099e+01 -4.442832e+01  0.000000e+00
   endloop
 endfacet
 facet normal  9.547993e-01 -2.972512e-01  0.000000e+00
   outer loop
     vertex -7.162994e+01 -4.451699e+01  0.000000e+00
     vertex -7.162994e+01 -4.451699e+01 -3.000000e+00
     vertex -7.161607e+01 -4.447245e+01 -3.000000e+00
   endloop
 endfacet
 facet normal  9.625948e-01 -2.709453e-01  0.000000e+00
   outer loop
     vertex -7.162994e+01 -4.451699e+01  0.000000e+00
     vertex -7.164258e+01 -4.456189e+01 -3.000000e+00
     vertex -7.162994e+01 -4.451699e+01 -3.000000e+00
   endloop
 endfacet
 facet normal  9.547993e-01 -2.972512e-01  0.000000e+00
   outer loop
     vertex -7.162994e+01 -4.451699e+01  0.000000e+00
     vertex -7.161607e+01 -4.447245e+01 -3.000000e+00
     vertex -7.161607e+01 -4.447245e+01  0.000000e+00
   endloop
 endfacet
 facet normal  9.625948e-01 -2.709453e-01  0.000000e+00
   outer loop
     vertex -7.164258e+01 -4.456189e+01  0.000000e+00
     vertex -7.164258e+01 -4.456189e+01 -3.000000e+00
     vertex -7.162994e+01 -4.451699e+01  0.000000e+00
   endloop
 endfacet
 facet normal  9.696656e-01 -2.444354e-01  0.000000e+00
   outer loop
     vertex -7.165398e+01 -4.460711e+01  0.000000e+00
     vertex -7.165398e+01 -4.460711e+01 -3.000000e+00
     vertex -7.164258e+01 -4.456189e+01 -3.000000e+00
   endloop
 endfacet
 facet normal  9.696656e-01 -2.444354e-01  0.000000e+00
   outer loop
     vertex -7.165398e+01 -4.460711e+01  0.000000e+00
     vertex -7.164258e+01 -4.456189e+01 -3.000000e+00
     vertex -7.164258e+01 -4.456189e+01  0.000000e+00
   endloop
 endfacet
 facet normal  9.760065e-01 -2.177416e-01  0.000000e+00
   outer loop
     vertex -7.166413e+01 -4.465264e+01  0.000000e+00
     vertex -7.166413e+01 -4.465264e+01 -3.000000e+00
     vertex -7.165398e+01 -4.460711e+01 -3.000000e+00
   endloop
 endfacet
 facet normal  9.816126e-01 -1.908838e-01  0.000000e+00
   outer loop
     vertex -7.166413e+01 -4.465264e+01  0.000000e+00
     vertex -7.167304e+01 -4.469842e+01 -3.000000e+00
     vertex -7.166413e+01 -4.465264e+01 -3.000000e+00
   endloop
 endfacet
 facet normal  9.760065e-01 -2.177416e-01  0.000000e+00
   outer loop
     vertex -7.166413e+01 -4.465264e+01  0.000000e+00
     vertex -7.165398e+01 -4.460711e+01 -3.000000e+00
     vertex -7.165398e+01 -4.460711e+01  0.000000e+00
   endloop
 endfacet
 facet normal  9.816126e-01 -1.908838e-01  0.000000e+00
   outer loop
     vertex -7.167304e+01 -4.469842e+01  0.000000e+00
     vertex -7.167304e+01 -4.469842e+01 -3.000000e+00
     vertex -7.166413e+01 -4.465264e+01  0.000000e+00
   endloop
 endfacet
 facet normal  9.864799e-01 -1.638824e-01  0.000000e+00
   outer loop
     vertex -7.168068e+01 -4.474443e+01  0.000000e+00
     vertex -7.168068e+01 -4.474443e+01 -3.000000e+00
     vertex -7.167304e+01 -4.469842e+01 -3.000000e+00
   endloop
 endfacet
 facet normal  9.864799e-01 -1.638824e-01  0.000000e+00
   outer loop
     vertex -7.168068e+01 -4.474443e+01  0.000000e+00
     vertex -7.167304e+01 -4.469842e+01 -3.000000e+00
     vertex -7.167304e+01 -4.469842e+01  0.000000e+00
   endloop
 endfacet
 facet normal  9.906046e-01 -1.367575e-01  0.000000e+00
   outer loop
     vertex -7.168706e+01 -4.479064e+01  0.000000e+00
     vertex -7.168706e+01 -4.479064e+01 -3.000000e+00
     vertex -7.168068e+01 -4.474443e+01 -3.000000e+00
   endloop
 endfacet
 facet normal  9.939835e-01 -1.095298e-01  0.000000e+00
   outer loop
     vertex -7.168706e+01 -4.479064e+01  0.000000e+00
     vertex -7.169217e+01 -4.483700e+01 -3.000000e+00
     vertex -7.168706e+01 -4.479064e+01 -3.000000e+00
   endloop
 endfacet
 facet normal  9.906046e-01 -1.367575e-01  0.000000e+00
   outer loop
     vertex -7.168706e+01 -4.479064e+01  0.000000e+00
     vertex -7.168068e+01 -4.474443e+01 -3.000000e+00
     vertex -7.168068e+01 -4.474443e+01  0.000000e+00
   endloop
 endfacet
 facet normal  9.939835e-01 -1.095298e-01  0.000000e+00
   outer loop
     vertex -7.169217e+01 -4.483700e+01  0.000000e+00
     vertex -7.169217e+01 -4.483700e+01 -3.000000e+00
     vertex -7.168706e+01 -4.479064e+01  0.000000e+00
   endloop
 endfacet
 facet normal  9.966142e-01 -8.221955e-02  0.000000e+00
   outer loop
     vertex -7.169600e+01 -4.488348e+01  0.000000e+00
     vertex -7.169217e+01 -4.483700e+01 -3.000000e+00
     vertex -7.169217e+01 -4.483700e+01  0.000000e+00
   endloop
 endfacet
 facet normal  9.966142e-01 -8.221955e-02  0.000000e+00
   outer loop
     vertex -7.169600e+01 -4.488348e+01  0.000000e+00
     vertex -7.169600e+01 -4.488348e+01 -3.000000e+00
     vertex -7.169217e+01 -4.483700e+01 -3.000000e+00
   endloop
 endfacet
 facet normal  9.984947e-01 -5.484744e-02  0.000000e+00
   outer loop
     vertex -7.169600e+01 -4.488348e+01  0.000000e+00
     vertex -7.169856e+01 -4.493005e+01 -3.000000e+00
     vertex -7.169600e+01 -4.488348e+01 -3.000000e+00
   endloop
 endfacet
 facet normal  9.984947e-01 -5.484744e-02  0.000000e+00
   outer loop
     vertex -7.169856e+01 -4.493005e+01  0.000000e+00
     vertex -7.169856e+01 -4.493005e+01 -3.000000e+00
     vertex -7.169600e+01 -4.488348e+01  0.000000e+00
   endloop
 endfacet
 facet normal  9.996236e-01 -2.743405e-02  0.000000e+00
   outer loop
     vertex -7.169856e+01 -4.493005e+01  0.000000e+00
     vertex -7.169984e+01 -4.497668e+01 -3.000000e+00
     vertex -7.169856e+01 -4.493005e+01 -3.000000e+00
   endloop
 endfacet
 facet normal  9.996236e-01 -2.743405e-02  0.000000e+00
   outer loop
     vertex -7.169984e+01 -4.497668e+01  0.000000e+00
     vertex -7.169984e+01 -4.497668e+01 -3.000000e+00
     vertex -7.169856e+01 -4.493005e+01  0.000000e+00
   endloop
 endfacet
 facet normal  1.000000e+00  0.000000e+00  0.000000e+00
   outer loop
     vertex -7.169984e+01 -4.497668e+01  0.000000e+00
     vertex -7.169984e+01 -4.502332e+01 -3.000000e+00
     vertex -7.169984e+01 -4.497668e+01 -3.000000e+00
   endloop
 endfacet
 facet normal  1.000000e+00 -0.000000e+00  0.000000e+00
   outer loop
     vertex -7.169984e+01 -4.502332e+01  0.000000e+00
     vertex -7.169984e+01 -4.502332e+01 -3.000000e+00
     vertex -7.169984e+01 -4.497668e+01  0.000000e+00
   endloop
 endfacet
 facet normal  9.996236e-01  2.743405e-02  0.000000e+00
   outer loop
     vertex -7.169856e+01 -4.506995e+01  0.000000e+00
     vertex -7.169984e+01 -4.502332e+01 -3.000000e+00
     vertex -7.169984e+01 -4.502332e+01  0.000000e+00
   endloop
 endfacet
 facet normal  9.996236e-01  2.743405e-02  0.000000e+00
   outer loop
     vertex -7.169856e+01 -4.506995e+01  0.000000e+00
     vertex -7.169856e+01 -4.506995e+01 -3.000000e+00
     vertex -7.169984e+01 -4.502332e+01 -3.000000e+00
   endloop
 endfacet
 facet normal  9.984947e-01  5.484744e-02  0.000000e+00
   outer loop
     vertex -7.169600e+01 -4.511652e+01  0.000000e+00
     vertex -7.169856e+01 -4.506995e+01 -3.000000e+00
     vertex -7.169856e+01 -4.506995e+01  0.000000e+00
   endloop
 endfacet
 facet normal  9.984947e-01  5.484744e-02  0.000000e+00
   outer loop
     vertex -7.169600e+01 -4.511652e+01  0.000000e+00
     vertex -7.169600e+01 -4.511652e+01 -3.000000e+00
     vertex -7.169856e+01 -4.506995e+01 -3.000000e+00
   endloop
 endfacet
 facet normal  9.966142e-01  8.221955e-02  0.000000e+00
   outer loop
     vertex -7.169217e+01 -4.516300e+01  0.000000e+00
     vertex -7.169600e+01 -4.511652e+01 -3.000000e+00
     vertex -7.169600e+01 -4.511652e+01  0.000000e+00
   endloop
 endfacet
 facet normal  9.966142e-01  8.221955e-02  0.000000e+00
   outer loop
     vertex -7.169217e+01 -4.516300e+01  0.000000e+00
     vertex -7.169217e+01 -4.516300e+01 -3.000000e+00
     vertex -7.169600e+01 -4.511652e+01 -3.000000e+00
   endloop
 endfacet
 facet normal  9.939835e-01  1.095298e-01  0.000000e+00
   outer loop
     vertex -7.169217e+01 -4.516300e+01  0.000000e+00
     vertex -7.168706e+01 -4.520936e+01 -3.000000e+00
     vertex -7.169217e+01 -4.516300e+01 -3.000000e+00
   endloop
 endfacet
 facet normal  9.939835e-01  1.095298e-01  0.000000e+00
   outer loop
     vertex -7.168706e+01 -4.520936e+01  0.000000e+00
     vertex -7.168706e+01 -4.520936e+01 -3.000000e+00
     vertex -7.169217e+01 -4.516300e+01  0.000000e+00
   endloop
 endfacet
 facet normal  9.906046e-01  1.367575e-01  0.000000e+00
   outer loop
     vertex -7.168706e+01 -4.520936e+01  0.000000e+00
     vertex -7.168068e+01 -4.525557e+01 -3.000000e+00
     vertex -7.168706e+01 -4.520936e+01 -3.000000e+00
   endloop
 endfacet
 facet normal  9.906046e-01  1.367575e-01  0.000000e+00
   outer loop
     vertex -7.168068e+01 -4.525557e+01  0.000000e+00
     vertex -7.168068e+01 -4.525557e+01 -3.000000e+00
     vertex -7.168706e+01 -4.520936e+01  0.000000e+00
   endloop
 endfacet
 facet normal  9.864799e-01  1.638824e-01  0.000000e+00
   outer loop
     vertex -7.168068e+01 -4.525557e+01  0.000000e+00
     vertex -7.167304e+01 -4.530158e+01 -3.000000e+00
     vertex -7.168068e+01 -4.525557e+01 -3.000000e+00
   endloop
 endfacet
 facet normal  9.864799e-01  1.638824e-01  0.000000e+00
   outer loop
     vertex -7.167304e+01 -4.530158e+01  0.000000e+00
     vertex -7.167304e+01 -4.530158e+01 -3.000000e+00
     vertex -7.168068e+01 -4.525557e+01  0.000000e+00
   endloop
 endfacet
 facet normal  9.816126e-01  1.908838e-01  0.000000e+00
   outer loop
     vertex -7.166413e+01 -4.534736e+01  0.000000e+00
     vertex -7.167304e+01 -4.530158e+01 -3.000000e+00
     vertex -7.167304e+01 -4.530158e+01  0.000000e+00
   endloop
 endfacet
 facet normal  9.816126e-01  1.908838e-01  0.000000e+00
   outer loop
     vertex -7.166413e+01 -4.534736e+01  0.000000e+00
     vertex -7.166413e+01 -4.534736e+01 -3.000000e+00
     vertex -7.167304e+01 -4.530158e+01 -3.000000e+00
   endloop
 endfacet
 facet normal  9.760065e-01  2.177416e-01  0.000000e+00
   outer loop
     vertex -7.166413e+01 -4.534736e+01  0.000000e+00
     vertex -7.165398e+01 -4.539289e+01 -3.000000e+00
     vertex -7.166413e+01 -4.534736e+01 -3.000000e+00
   endloop
 endfacet
 facet normal  9.760065e-01  2.177416e-01  0.000000e+00
   outer loop
     vertex -7.165398e+01 -4.539289e+01  0.000000e+00
     vertex -7.165398e+01 -4.539289e+01 -3.000000e+00
     vertex -7.166413e+01 -4.534736e+01  0.000000e+00
   endloop
 endfacet
 facet normal  9.696656e-01  2.444354e-01  0.000000e+00
   outer loop
     vertex -7.164258e+01 -4.543811e+01  0.000000e+00
     vertex -7.164258e+01 -4.543811e+01 -3.000000e+00
     vertex -7.165398e+01 -4.539289e+01 -3.000000e+00
   endloop
 endfacet
 facet normal  9.625948e-01  2.709453e-01  0.000000e+00
   outer loop
     vertex -7.164258e+01 -4.543811e+01  0.000000e+00
     vertex -7.162994e+01 -4.548301e+01 -3.000000e+00
     vertex -7.164258e+01 -4.543811e+01 -3.000000e+00
   endloop
 endfacet
 facet normal  9.696656e-01  2.444354e-01  0.000000e+00
   outer loop
     vertex -7.164258e+01 -4.543811e+01  0.000000e+00
     vertex -7.165398e+01 -4.539289e+01 -3.000000e+00
     vertex -7.165398e+01 -4.539289e+01  0.000000e+00
   endloop
 endfacet
 facet normal  9.625948e-01  2.709453e-01  0.000000e+00
   outer loop
     vertex -7.162994e+01 -4.548301e+01  0.000000e+00
     vertex -7.162994e+01 -4.548301e+01 -3.000000e+00
     vertex -7.164258e+01 -4.543811e+01  0.000000e+00
   endloop
 endfacet
 facet normal  9.547993e-01  2.972512e-01  0.000000e+00
   outer loop
     vertex -7.161607e+01 -4.552755e+01  0.000000e+00
     vertex -7.161607e+01 -4.552755e+01 -3.000000e+00
     vertex -7.162994e+01 -4.548301e+01 -3.000000e+00
   endloop
 endfacet
 facet normal  9.547993e-01  2.972512e-01  0.000000e+00
   outer loop
     vertex -7.161607e+01 -4.552755e+01  0.000000e+00
     vertex -7.162994e+01 -4.548301e+01 -3.000000e+00
     vertex -7.162994e+01 -4.548301e+01  0.000000e+00
   endloop
 endfacet
 facet normal  9.462851e-01  3.233333e-01  0.000000e+00
   outer loop
     vertex -7.160099e+01 -4.557168e+01  0.000000e+00
     vertex -7.160099e+01 -4.557168e+01 -3.000000e+00
     vertex -7.161607e+01 -4.552755e+01 -3.000000e+00
   endloop
 endfacet
 facet normal  9.370586e-01  3.491720e-01  0.000000e+00
   outer loop
     vertex -7.160099e+01 -4.557168e+01  0.000000e+00
     vertex -7.158471e+01 -4.561539e+01 -3.000000e+00
     vertex -7.160099e+01 -4.557168e+01 -3.000000e+00
   endloop
 endfacet
 facet normal  9.462851e-01  3.233333e-01  0.000000e+00
   outer loop
     vertex -7.160099e+01 -4.557168e+01  0.000000e+00
     vertex -7.161607e+01 -4.552755e+01 -3.000000e+00
     vertex -7.161607e+01 -4.552755e+01  0.000000e+00
   endloop
 endfacet
 facet normal  9.370586e-01  3.491720e-01  0.000000e+00
   outer loop
     vertex -7.158471e+01 -4.561539e+01  0.000000e+00
     vertex -7.158471e+01 -4.561539e+01 -3.000000e+00
     vertex -7.160099e+01 -4.557168e+01  0.000000e+00
   endloop
 endfacet
 facet normal  9.271267e-01  3.747479e-01  0.000000e+00
   outer loop
     vertex -7.156723e+01 -4.565863e+01  0.000000e+00
     vertex -7.156723e+01 -4.565863e+01 -3.000000e+00
     vertex -7.158471e+01 -4.561539e+01 -3.000000e+00
   endloop
 endfacet
 facet normal  9.271267e-01  3.747479e-01  0.000000e+00
   outer loop
     vertex -7.156723e+01 -4.565863e+01  0.000000e+00
     vertex -7.158471e+01 -4.561539e+01 -3.000000e+00
     vertex -7.158471e+01 -4.561539e+01  0.000000e+00
   endloop
 endfacet
 facet normal  9.164969e-01  4.000417e-01  0.000000e+00
   outer loop
     vertex -7.154857e+01 -4.570138e+01  0.000000e+00
     vertex -7.154857e+01 -4.570138e+01 -3.000000e+00
     vertex -7.156723e+01 -4.565863e+01 -3.000000e+00
   endloop
 endfacet
 facet normal  9.051772e-01  4.250344e-01  0.000000e+00
   outer loop
     vertex -7.154857e+01 -4.570138e+01  0.000000e+00
     vertex -7.152874e+01 -4.574360e+01 -3.000000e+00
     vertex -7.154857e+01 -4.570138e+01 -3.000000e+00
   endloop
 endfacet
 facet normal  9.164969e-01  4.000417e-01  0.000000e+00
   outer loop
     vertex -7.154857e+01 -4.570138e+01  0.000000e+00
     vertex -7.156723e+01 -4.565863e+01 -3.000000e+00
     vertex -7.156723e+01 -4.565863e+01  0.000000e+00
   endloop
 endfacet
 facet normal  8.931761e-01  4.497071e-01  0.000000e+00
   outer loop
     vertex -7.152874e+01 -4.574360e+01  0.000000e+00
     vertex -7.150777e+01 -4.578526e+01 -3.000000e+00
     vertex -7.152874e+01 -4.574360e+01 -3.000000e+00
   endloop
 endfacet
 facet normal  9.051772e-01  4.250344e-01  0.000000e+00
   outer loop
     vertex -7.152874e+01 -4.574360e+01  0.000000e+00
     vertex -7.152874e+01 -4.574360e+01 -3.000000e+00
     vertex -7.154857e+01 -4.570138e+01  0.000000e+00
   endloop
 endfacet
 facet normal  8.931761e-01  4.497071e-01  0.000000e+00
   outer loop
     vertex -7.150777e+01 -4.578526e+01  0.000000e+00
     vertex -7.150777e+01 -4.578526e+01 -3.000000e+00
     vertex -7.152874e+01 -4.574360e+01  0.000000e+00
   endloop
 endfacet
 facet normal  8.805026e-01  4.740412e-01  0.000000e+00
   outer loop
     vertex -7.148566e+01 -4.582633e+01  0.000000e+00
     vertex -7.148566e+01 -4.582633e+01 -3.000000e+00
     vertex -7.150777e+01 -4.578526e+01 -3.000000e+00
   endloop
 endfacet
 facet normal  8.805026e-01  4.740412e-01  0.000000e+00
   outer loop
     vertex -7.148566e+01 -4.582633e+01  0.000000e+00
     vertex -7.150777e+01 -4.578526e+01 -3.000000e+00
     vertex -7.150777e+01 -4.578526e+01  0.000000e+00
   endloop
 endfacet
 facet normal  8.671664e-01  4.980186e-01  0.000000e+00
   outer loop
     vertex -7.146243e+01 -4.586678e+01  0.000000e+00
     vertex -7.146243e+01 -4.586678e+01 -3.000000e+00
     vertex -7.148566e+01 -4.582633e+01 -3.000000e+00
   endloop
 endfacet
 facet normal  8.531773e-01  5.216210e-01  0.000000e+00
   outer loop
     vertex -7.146243e+01 -4.586678e+01  0.000000e+00
     vertex -7.143810e+01 -4.590657e+01 -3.000000e+00
     vertex -7.146243e+01 -4.586678e+01 -3.000000e+00
   endloop
 endfacet
 facet normal  8.671664e-01  4.980186e-01  0.000000e+00
   outer loop
     vertex -7.146243e+01 -4.586678e+01  0.000000e+00
     vertex -7.148566e+01 -4.582633e+01 -3.000000e+00
     vertex -7.148566e+01 -4.582633e+01  0.000000e+00
   endloop
 endfacet
 facet normal  8.531773e-01  5.216210e-01  0.000000e+00
   outer loop
     vertex -7.143810e+01 -4.590657e+01  0.000000e+00
     vertex -7.143810e+01 -4.590657e+01 -3.000000e+00
     vertex -7.146243e+01 -4.586678e+01  0.000000e+00
   endloop
 endfacet
 facet normal  8.385460e-01  5.448308e-01  0.000000e+00
   outer loop
     vertex -7.141269e+01 -4.594568e+01  0.000000e+00
     vertex -7.143810e+01 -4.590657e+01 -3.000000e+00
     vertex -7.143810e+01 -4.590657e+01  0.000000e+00
   endloop
 endfacet
 facet normal  8.385460e-01  5.448308e-01  0.000000e+00
   outer loop
     vertex -7.141269e+01 -4.594568e+01  0.000000e+00
     vertex -7.141269e+01 -4.594568e+01 -3.000000e+00
     vertex -7.143810e+01 -4.590657e+01 -3.000000e+00
   endloop
 endfacet
 facet normal  8.232835e-01  5.676304e-01  0.000000e+00
   outer loop
     vertex -7.141269e+01 -4.594568e+01  0.000000e+00
     vertex -7.138621e+01 -4.598408e+01 -3.000000e+00
     vertex -7.141269e+01 -4.594568e+01 -3.000000e+00
   endloop
 endfacet
 facet normal  8.232835e-01  5.676304e-01  0.000000e+00
   outer loop
     vertex -7.138621e+01 -4.598408e+01  0.000000e+00
     vertex -7.138621e+01 -4.598408e+01 -3.000000e+00
     vertex -7.141269e+01 -4.594568e+01  0.000000e+00
   endloop
 endfacet
 facet normal  8.074012e-01  5.900028e-01  0.000000e+00
   outer loop
     vertex -7.138621e+01 -4.598408e+01  0.000000e+00
     vertex -7.135869e+01 -4.602174e+01 -3.000000e+00
     vertex -7.138621e+01 -4.598408e+01 -3.000000e+00
   endloop
 endfacet
 facet normal  8.074012e-01  5.900028e-01  0.000000e+00
   outer loop
     vertex -7.135869e+01 -4.602174e+01  0.000000e+00
     vertex -7.135869e+01 -4.602174e+01 -3.000000e+00
     vertex -7.138621e+01 -4.598408e+01  0.000000e+00
   endloop
 endfacet
 facet normal  7.909112e-01  6.119310e-01  0.000000e+00
   outer loop
     vertex -7.133015e+01 -4.605863e+01  0.000000e+00
     vertex -7.135869e+01 -4.602174e+01 -3.000000e+00
     vertex -7.135869e+01 -4.602174e+01  0.000000e+00
   endloop
 endfacet
 facet normal  7.909112e-01  6.119310e-01  0.000000e+00
   outer loop
     vertex -7.133015e+01 -4.605863e+01  0.000000e+00
     vertex -7.133015e+01 -4.605863e+01 -3.000000e+00
     vertex -7.135869e+01 -4.602174e+01 -3.000000e+00
   endloop
 endfacet
 facet normal  7.738257e-01  6.333986e-01  0.000000e+00
   outer loop
     vertex -7.133015e+01 -4.605863e+01  0.000000e+00
     vertex -7.130061e+01 -4.609472e+01 -3.000000e+00
     vertex -7.133015e+01 -4.605863e+01 -3.000000e+00
   endloop
 endfacet
 facet normal  7.738257e-01  6.333986e-01  0.000000e+00
   outer loop
     vertex -7.130061e+01 -4.609472e+01  0.000000e+00
     vertex -7.130061e+01 -4.609472e+01 -3.000000e+00
     vertex -7.133015e+01 -4.605863e+01  0.000000e+00
   endloop
 endfacet
 facet normal  7.561578e-01  6.543893e-01  0.000000e+00
   outer loop
     vertex -7.127009e+01 -4.612999e+01  0.000000e+00
     vertex -7.130061e+01 -4.609472e+01 -3.000000e+00
     vertex -7.130061e+01 -4.609472e+01  0.000000e+00
   endloop
 endfacet
 facet normal  7.561578e-01  6.543893e-01  0.000000e+00
   outer loop
     vertex -7.127009e+01 -4.612999e+01  0.000000e+00
     vertex -7.127009e+01 -4.612999e+01 -3.000000e+00
     vertex -7.130061e+01 -4.609472e+01 -3.000000e+00
   endloop
 endfacet
 facet normal  7.379206e-01  6.748875e-01  0.000000e+00
   outer loop
     vertex -7.127009e+01 -4.612999e+01  0.000000e+00
     vertex -7.123861e+01 -4.616441e+01 -3.000000e+00
     vertex -7.127009e+01 -4.612999e+01 -3.000000e+00
   endloop
 endfacet
 facet normal  7.379206e-01  6.748875e-01  0.000000e+00
   outer loop
     vertex -7.123861e+01 -4.616441e+01  0.000000e+00
     vertex -7.123861e+01 -4.616441e+01 -3.000000e+00
     vertex -7.127009e+01 -4.612999e+01  0.000000e+00
   endloop
 endfacet
 facet normal  7.191280e-01  6.948776e-01  0.000000e+00
   outer loop
     vertex -7.123861e+01 -4.616441e+01  0.000000e+00
     vertex -7.120620e+01 -4.619795e+01 -3.000000e+00
     vertex -7.123861e+01 -4.616441e+01 -3.000000e+00
   endloop
 endfacet
 facet normal  7.191280e-01  6.948776e-01  0.000000e+00
   outer loop
     vertex -7.120620e+01 -4.619795e+01  0.000000e+00
     vertex -7.120620e+01 -4.619795e+01 -3.000000e+00
     vertex -7.123861e+01 -4.616441e+01  0.000000e+00
   endloop
 endfacet
 facet normal  6.997940e-01  7.143447e-01  0.000000e+00
   outer loop
     vertex -7.120620e+01 -4.619795e+01  0.000000e+00
     vertex -7.117288e+01 -4.623059e+01 -3.000000e+00
     vertex -7.120620e+01 -4.619795e+01 -3.000000e+00
   endloop
 endfacet
 facet normal  6.997940e-01  7.143447e-01  0.000000e+00
   outer loop
     vertex -7.117288e+01 -4.623059e+01  0.000000e+00
     vertex -7.117288e+01 -4.623059e+01 -3.000000e+00
     vertex -7.120620e+01 -4.619795e+01  0.000000e+00
   endloop
 endfacet
 facet normal  6.799333e-01  7.332740e-01  0.000000e+00
   outer loop
     vertex -7.113868e+01 -4.626231e+01  0.000000e+00
     vertex -7.117288e+01 -4.623059e+01 -3.000000e+00
     vertex -7.117288e+01 -4.623059e+01  0.000000e+00
   endloop
 endfacet
 facet normal  6.799333e-01  7.332740e-01  0.000000e+00
   outer loop
     vertex -7.113868e+01 -4.626231e+01  0.000000e+00
     vertex -7.113868e+01 -4.626231e+01 -3.000000e+00
     vertex -7.117288e+01 -4.623059e+01 -3.000000e+00
   endloop
 endfacet
 facet normal  6.595607e-01  7.516513e-01  0.000000e+00
   outer loop
     vertex -7.110362e+01 -4.629307e+01  0.000000e+00
     vertex -7.113868e+01 -4.626231e+01 -3.000000e+00
     vertex -7.113868e+01 -4.626231e+01  0.000000e+00
   endloop
 endfacet
 facet normal  6.595607e-01  7.516513e-01  0.000000e+00
   outer loop
     vertex -7.110362e+01 -4.629307e+01  0.000000e+00
     vertex -7.110362e+01 -4.629307e+01 -3.000000e+00
     vertex -7.113868e+01 -4.626231e+01 -3.000000e+00
   endloop
 endfacet
 facet normal  6.386916e-01  7.694628e-01  0.000000e+00
   outer loop
     vertex -7.110362e+01 -4.629307e+01  0.000000e+00
     vertex -7.106773e+01 -4.632286e+01 -3.000000e+00
     vertex -7.110362e+01 -4.629307e+01 -3.000000e+00
   endloop
 endfacet
 facet normal  6.386916e-01  7.694628e-01  0.000000e+00
   outer loop
     vertex -7.106773e+01 -4.632286e+01  0.000000e+00
     vertex -7.106773e+01 -4.632286e+01 -3.000000e+00
     vertex -7.110362e+01 -4.629307e+01  0.000000e+00
   endloop
 endfacet
 facet normal  6.173417e-01  7.866951e-01  0.000000e+00
   outer loop
     vertex -7.103104e+01 -4.635165e+01  0.000000e+00
     vertex -7.106773e+01 -4.632286e+01 -3.000000e+00
     vertex -7.106773e+01 -4.632286e+01  0.000000e+00
   endloop
 endfacet
 facet normal  6.173417e-01  7.866951e-01  0.000000e+00
   outer loop
     vertex -7.103104e+01 -4.635165e+01  0.000000e+00
     vertex -7.103104e+01 -4.635165e+01 -3.000000e+00
     vertex -7.106773e+01 -4.632286e+01 -3.000000e+00
   endloop
 endfacet
 facet normal  5.955271e-01  8.033352e-01  0.000000e+00
   outer loop
     vertex -7.103104e+01 -4.635165e+01  0.000000e+00
     vertex -7.099357e+01 -4.637943e+01 -3.000000e+00
     vertex -7.103104e+01 -4.635165e+01 -3.000000e+00
   endloop
 endfacet
 facet normal  5.955271e-01  8.033352e-01  0.000000e+00
   outer loop
     vertex -7.099357e+01 -4.637943e+01  0.000000e+00
     vertex -7.099357e+01 -4.637943e+01 -3.000000e+00
     vertex -7.103104e+01 -4.635165e+01  0.000000e+00
   endloop
 endfacet
 facet normal  5.732642e-01  8.193706e-01  0.000000e+00
   outer loop
     vertex -7.099357e+01 -4.637943e+01  0.000000e+00
     vertex -7.095535e+01 -4.640617e+01 -3.000000e+00
     vertex -7.099357e+01 -4.637943e+01 -3.000000e+00
   endloop
 endfacet
 facet normal  5.732642e-01  8.193706e-01  0.000000e+00
   outer loop
     vertex -7.095535e+01 -4.640617e+01  0.000000e+00
     vertex -7.095535e+01 -4.640617e+01 -3.000000e+00
     vertex -7.099357e+01 -4.637943e+01  0.000000e+00
   endloop
 endfacet
 facet normal  5.505698e-01  8.347891e-01  0.000000e+00
   outer loop
     vertex -7.095535e+01 -4.640617e+01  0.000000e+00
     vertex -7.091641e+01 -4.643185e+01 -3.000000e+00
     vertex -7.095535e+01 -4.640617e+01 -3.000000e+00
   endloop
 endfacet
 facet normal  5.505698e-01  8.347891e-01  0.000000e+00
   outer loop
     vertex -7.091641e+01 -4.643185e+01  0.000000e+00
     vertex -7.091641e+01 -4.643185e+01 -3.000000e+00
     vertex -7.095535e+01 -4.640617e+01  0.000000e+00
   endloop
 endfacet
 facet normal  5.274609e-01  8.495793e-01  0.000000e+00
   outer loop
     vertex -7.087679e+01 -4.645645e+01  0.000000e+00
     vertex -7.091641e+01 -4.643185e+01 -3.000000e+00
     vertex -7.091641e+01 -4.643185e+01  0.000000e+00
   endloop
 endfacet
 facet normal  5.274609e-01  8.495793e-01  0.000000e+00
   outer loop
     vertex -7.087679e+01 -4.645645e+01  0.000000e+00
     vertex -7.087679e+01 -4.645645e+01 -3.000000e+00
     vertex -7.091641e+01 -4.643185e+01 -3.000000e+00
   endloop
 endfacet
 facet normal  5.039550e-01  8.637299e-01  0.000000e+00
   outer loop
     vertex -7.087679e+01 -4.645645e+01  0.000000e+00
     vertex -7.083650e+01 -4.647996e+01 -3.000000e+00
     vertex -7.087679e+01 -4.645645e+01 -3.000000e+00
   endloop
 endfacet
 facet normal  5.039550e-01  8.637299e-01  0.000000e+00
   outer loop
     vertex -7.083650e+01 -4.647996e+01  0.000000e+00
     vertex -7.083650e+01 -4.647996e+01 -3.000000e+00
     vertex -7.087679e+01 -4.645645e+01  0.000000e+00
   endloop
 endfacet
 facet normal  4.800697e-01  8.772303e-01  0.000000e+00
   outer loop
     vertex -7.079558e+01 -4.650235e+01  0.000000e+00
     vertex -7.083650e+01 -4.647996e+01 -3.000000e+00
     vertex -7.083650e+01 -4.647996e+01  0.000000e+00
   endloop
 endfacet
 facet normal  4.800697e-01  8.772303e-01  0.000000e+00
   outer loop
     vertex -7.079558e+01 -4.650235e+01  0.000000e+00
     vertex -7.079558e+01 -4.650235e+01 -3.000000e+00
     vertex -7.083650e+01 -4.647996e+01 -3.000000e+00
   endloop
 endfacet
 facet normal  4.558231e-01  8.900704e-01  0.000000e+00
   outer loop
     vertex -7.079558e+01 -4.650235e+01  0.000000e+00
     vertex -7.075407e+01 -4.652361e+01 -3.000000e+00
     vertex -7.079558e+01 -4.650235e+01 -3.000000e+00
   endloop
 endfacet
 facet normal  4.558231e-01  8.900704e-01  0.000000e+00
   outer loop
     vertex -7.075407e+01 -4.652361e+01  0.000000e+00
     vertex -7.075407e+01 -4.652361e+01 -3.000000e+00
     vertex -7.079558e+01 -4.650235e+01  0.000000e+00
   endloop
 endfacet
 facet normal  4.312333e-01  9.022405e-01  0.000000e+00
   outer loop
     vertex -7.071199e+01 -4.654372e+01  0.000000e+00
     vertex -7.075407e+01 -4.652361e+01 -3.000000e+00
     vertex -7.075407e+01 -4.652361e+01  0.000000e+00
   endloop
 endfacet
 facet normal  4.312333e-01  9.022405e-01  0.000000e+00
   outer loop
     vertex -7.071199e+01 -4.654372e+01  0.000000e+00
     vertex -7.071199e+01 -4.654372e+01 -3.000000e+00
     vertex -7.075407e+01 -4.652361e+01 -3.000000e+00
   endloop
 endfacet
 facet normal  4.063188e-01  9.137314e-01  0.000000e+00
   outer loop
     vertex -7.066937e+01 -4.656267e+01  0.000000e+00
     vertex -7.071199e+01 -4.654372e+01 -3.000000e+00
     vertex -7.071199e+01 -4.654372e+01  0.000000e+00
   endloop
 endfacet
 facet normal  4.063188e-01  9.137314e-01  0.000000e+00
   outer loop
     vertex -7.066937e+01 -4.656267e+01  0.000000e+00
     vertex -7.066937e+01 -4.656267e+01 -3.000000e+00
     vertex -7.071199e+01 -4.654372e+01 -3.000000e+00
   endloop
 endfacet
 facet normal  3.810986e-01  9.245344e-01  0.000000e+00
   outer loop
     vertex -7.066937e+01 -4.656267e+01  0.000000e+00
     vertex -7.062625e+01 -4.658045e+01 -3.000000e+00
     vertex -7.066937e+01 -4.656267e+01 -3.000000e+00
   endloop
 endfacet
 facet normal  3.810986e-01  9.245344e-01  0.000000e+00
   outer loop
     vertex -7.062625e+01 -4.658045e+01  0.000000e+00
     vertex -7.062625e+01 -4.658045e+01 -3.000000e+00
     vertex -7.066937e+01 -4.656267e+01  0.000000e+00
   endloop
 endfacet
 facet normal  3.555914e-01  9.346415e-01  0.000000e+00
   outer loop
     vertex -7.058265e+01 -4.659703e+01  0.000000e+00
     vertex -7.058265e+01 -4.659703e+01 -3.000000e+00
     vertex -7.062625e+01 -4.658045e+01 -3.000000e+00
   endloop
 endfacet
 facet normal  3.555914e-01  9.346415e-01  0.000000e+00
   outer loop
     vertex -7.058265e+01 -4.659703e+01  0.000000e+00
     vertex -7.062625e+01 -4.658045e+01 -3.000000e+00
     vertex -7.062625e+01 -4.658045e+01  0.000000e+00
   endloop
 endfacet
 facet normal  3.298166e-01  9.440450e-01  0.000000e+00
   outer loop
     vertex -7.053862e+01 -4.661242e+01  0.000000e+00
     vertex -7.053862e+01 -4.661242e+01 -3.000000e+00
     vertex -7.058265e+01 -4.659703e+01 -3.000000e+00
   endloop
 endfacet
 facet normal  3.037934e-01  9.527379e-01  0.000000e+00
   outer loop
     vertex -7.053862e+01 -4.661242e+01  0.000000e+00
     vertex -7.049418e+01 -4.662659e+01 -3.000000e+00
     vertex -7.053862e+01 -4.661242e+01 -3.000000e+00
   endloop
 endfacet
 facet normal  3.298166e-01  9.440450e-01  0.000000e+00
   outer loop
     vertex -7.053862e+01 -4.661242e+01  0.000000e+00
     vertex -7.058265e+01 -4.659703e+01 -3.000000e+00
     vertex -7.058265e+01 -4.659703e+01  0.000000e+00
   endloop
 endfacet
 facet normal  2.775416e-01  9.607136e-01  0.000000e+00
   outer loop
     vertex -7.049418e+01 -4.662659e+01  0.000000e+00
     vertex -7.044937e+01 -4.663953e+01 -3.000000e+00
     vertex -7.049418e+01 -4.662659e+01 -3.000000e+00
   endloop
 endfacet
 facet normal  3.037934e-01  9.527379e-01  0.000000e+00
   outer loop
     vertex -7.049418e+01 -4.662659e+01  0.000000e+00
     vertex -7.049418e+01 -4.662659e+01 -3.000000e+00
     vertex -7.053862e+01 -4.661242e+01  0.000000e+00
   endloop
 endfacet
 facet normal  2.775416e-01  9.607136e-01  0.000000e+00
   outer loop
     vertex -7.044937e+01 -4.663953e+01  0.000000e+00
     vertex -7.044937e+01 -4.663953e+01 -3.000000e+00
     vertex -7.049418e+01 -4.662659e+01  0.000000e+00
   endloop
 endfacet
 facet normal  2.510809e-01  9.679661e-01  0.000000e+00
   outer loop
     vertex -7.040422e+01 -4.665124e+01  0.000000e+00
     vertex -7.044937e+01 -4.663953e+01 -3.000000e+00
     vertex -7.044937e+01 -4.663953e+01  0.000000e+00
   endloop
 endfacet
 facet normal  2.510809e-01  9.679661e-01  0.000000e+00
   outer loop
     vertex -7.040422e+01 -4.665124e+01  0.000000e+00
     vertex -7.040422e+01 -4.665124e+01 -3.000000e+00
     vertex -7.044937e+01 -4.663953e+01 -3.000000e+00
   endloop
 endfacet
 facet normal  2.244312e-01  9.744899e-01  0.000000e+00
   outer loop
     vertex -7.040422e+01 -4.665124e+01  0.000000e+00
     vertex -7.035877e+01 -4.666171e+01 -3.000000e+00
     vertex -7.040422e+01 -4.665124e+01 -3.000000e+00
   endloop
 endfacet
 facet normal  2.244312e-01  9.744899e-01  0.000000e+00
   outer loop
     vertex -7.035877e+01 -4.666171e+01  0.000000e+00
     vertex -7.035877e+01 -4.666171e+01 -3.000000e+00
     vertex -7.040422e+01 -4.665124e+01  0.000000e+00
   endloop
 endfacet
 facet normal  1.976125e-01  9.802802e-01  0.000000e+00
   outer loop
     vertex -7.031305e+01 -4.667093e+01  0.000000e+00
     vertex -7.035877e+01 -4.666171e+01 -3.000000e+00
     vertex -7.035877e+01 -4.666171e+01  0.000000e+00
   endloop
 endfacet
 facet normal  1.976125e-01  9.802802e-01  0.000000e+00
   outer loop
     vertex -7.031305e+01 -4.667093e+01  0.000000e+00
     vertex -7.031305e+01 -4.667093e+01 -3.000000e+00
     vertex -7.035877e+01 -4.666171e+01 -3.000000e+00
   endloop
 endfacet
 facet normal  1.706451e-01  9.853326e-01  0.000000e+00
   outer loop
     vertex -7.031305e+01 -4.667093e+01  0.000000e+00
     vertex -7.026709e+01 -4.667889e+01 -3.000000e+00
     vertex -7.031305e+01 -4.667093e+01 -3.000000e+00
   endloop
 endfacet
 facet normal  1.706451e-01  9.853326e-01  0.000000e+00
   outer loop
     vertex -7.026709e+01 -4.667889e+01  0.000000e+00
     vertex -7.026709e+01 -4.667889e+01 -3.000000e+00
     vertex -7.031305e+01 -4.667093e+01  0.000000e+00
   endloop
 endfacet
 facet normal  1.435492e-01  9.896432e-01  0.000000e+00
   outer loop
     vertex -7.026709e+01 -4.667889e+01  0.000000e+00
     vertex -7.022093e+01 -4.668558e+01 -3.000000e+00
     vertex -7.026709e+01 -4.667889e+01 -3.000000e+00
   endloop
 endfacet
 facet normal  1.435492e-01  9.896432e-01  0.000000e+00
   outer loop
     vertex -7.022093e+01 -4.668558e+01  0.000000e+00
     vertex -7.022093e+01 -4.668558e+01 -3.000000e+00
     vertex -7.026709e+01 -4.667889e+01  0.000000e+00
   endloop
 endfacet
 facet normal  1.163452e-01  9.932088e-01  0.000000e+00
   outer loop
     vertex -7.022093e+01 -4.668558e+01  0.000000e+00
     vertex -7.017461e+01 -4.669101e+01 -3.000000e+00
     vertex -7.022093e+01 -4.668558e+01 -3.000000e+00
   endloop
 endfacet
 facet normal  1.163452e-01  9.932088e-01  0.000000e+00
   outer loop
     vertex -7.017461e+01 -4.669101e+01  0.000000e+00
     vertex -7.017461e+01 -4.669101e+01 -3.000000e+00
     vertex -7.022093e+01 -4.668558e+01  0.000000e+00
   endloop
 endfacet
 facet normal  8.905371e-02  9.960268e-01  0.000000e+00
   outer loop
     vertex -7.012815e+01 -4.669516e+01  0.000000e+00
     vertex -7.017461e+01 -4.669101e+01 -3.000000e+00
     vertex -7.017461e+01 -4.669101e+01  0.000000e+00
   endloop
 endfacet
 facet normal  8.905371e-02  9.960268e-01  0.000000e+00
   outer loop
     vertex -7.012815e+01 -4.669516e+01  0.000000e+00
     vertex -7.012815e+01 -4.669516e+01 -3.000000e+00
     vertex -7.017461e+01 -4.669101e+01 -3.000000e+00
   endloop
 endfacet
 facet normal  6.169515e-02  9.980950e-01  0.000000e+00
   outer loop
     vertex -7.012815e+01 -4.669516e+01  0.000000e+00
     vertex -7.008160e+01 -4.669804e+01 -3.000000e+00
     vertex -7.012815e+01 -4.669516e+01 -3.000000e+00
   endloop
 endfacet
 facet normal  6.169515e-02  9.980950e-01  0.000000e+00
   outer loop
     vertex -7.008160e+01 -4.669804e+01  0.000000e+00
     vertex -7.008160e+01 -4.669804e+01 -3.000000e+00
     vertex -7.012815e+01 -4.669516e+01  0.000000e+00
   endloop
 endfacet
 facet normal  3.429014e-02  9.994119e-01  0.000000e+00
   outer loop
     vertex -7.003498e+01 -4.669964e+01  0.000000e+00
     vertex -7.008160e+01 -4.669804e+01 -3.000000e+00
     vertex -7.008160e+01 -4.669804e+01  0.000000e+00
   endloop
 endfacet
 facet normal  3.429014e-02  9.994119e-01  0.000000e+00
   outer loop
     vertex -7.003498e+01 -4.669964e+01  0.000000e+00
     vertex -7.003498e+01 -4.669964e+01 -3.000000e+00
     vertex -7.008160e+01 -4.669804e+01 -3.000000e+00
   endloop
 endfacet
 facet normal  6.859319e-03  9.999765e-01  0.000000e+00
   outer loop
     vertex -7.003498e+01 -4.669964e+01  0.000000e+00
     vertex -6.998834e+01 -4.669996e+01 -3.000000e+00
     vertex -7.003498e+01 -4.669964e+01 -3.000000e+00
   endloop
 endfacet
 facet normal  6.859319e-03  9.999765e-01  0.000000e+00
   outer loop
     vertex -6.998834e+01 -4.669996e+01  0.000000e+00
     vertex -6.998834e+01 -4.669996e+01 -3.000000e+00
     vertex -7.003498e+01 -4.669964e+01  0.000000e+00
   endloop
 endfacet
 facet normal -4.799716e-02  9.988475e-01  0.000000e+00
   outer loop
     vertex -6.994171e+01 -4.669900e+01  0.000000e+00
     vertex -6.989512e+01 -4.669676e+01 -3.000000e+00
     vertex -6.994171e+01 -4.669900e+01 -3.000000e+00
   endloop
 endfacet
 facet normal -2.057667e-02  9.997883e-01  0.000000e+00
   outer loop
     vertex -6.994171e+01 -4.669900e+01  0.000000e+00
     vertex -6.998834e+01 -4.669996e+01 -3.000000e+00
     vertex -6.998834e+01 -4.669996e+01  0.000000e+00
   endloop
 endfacet
 facet normal -2.057667e-02  9.997883e-01  0.000000e+00
   outer loop
     vertex -6.994171e+01 -4.669900e+01  0.000000e+00
     vertex -6.994171e+01 -4.669900e+01 -3.000000e+00
     vertex -6.998834e+01 -4.669996e+01 -3.000000e+00
   endloop
 endfacet
 facet normal -4.799716e-02  9.988475e-01  0.000000e+00
   outer loop
     vertex -6.989512e+01 -4.669676e+01  0.000000e+00
     vertex -6.989512e+01 -4.669676e+01 -3.000000e+00
     vertex -6.994171e+01 -4.669900e+01  0.000000e+00
   endloop
 endfacet
 facet normal -7.538152e-02  9.971548e-01  0.000000e+00
   outer loop
     vertex -6.984861e+01 -4.669325e+01  0.000000e+00
     vertex -6.984861e+01 -4.669325e+01 -3.000000e+00
     vertex -6.989512e+01 -4.669676e+01 -3.000000e+00
   endloop
 endfacet
 facet normal -7.538152e-02  9.971548e-01  0.000000e+00
   outer loop
     vertex -6.984861e+01 -4.669325e+01  0.000000e+00
     vertex -6.989512e+01 -4.669676e+01 -3.000000e+00
     vertex -6.989512e+01 -4.669676e+01  0.000000e+00
   endloop
 endfacet
 facet normal -1.027091e-01  9.947114e-01  0.000000e+00
   outer loop
     vertex -6.980221e+01 -4.668846e+01  0.000000e+00
     vertex -6.980221e+01 -4.668846e+01 -3.000000e+00
     vertex -6.984861e+01 -4.669325e+01 -3.000000e+00
   endloop
 endfacet
 facet normal -1.027091e-01  9.947114e-01  0.000000e+00
   outer loop
     vertex -6.980221e+01 -4.668846e+01  0.000000e+00
     vertex -6.984861e+01 -4.669325e+01 -3.000000e+00
     vertex -6.984861e+01 -4.669325e+01  0.000000e+00
   endloop
 endfacet
 facet normal -1.299594e-01  9.915193e-01  0.000000e+00
   outer loop
     vertex -6.975597e+01 -4.668239e+01  0.000000e+00
     vertex -6.975597e+01 -4.668239e+01 -3.000000e+00
     vertex -6.980221e+01 -4.668846e+01 -3.000000e+00
   endloop
 endfacet
 facet normal -1.299594e-01  9.915193e-01  0.000000e+00
   outer loop
     vertex -6.975597e+01 -4.668239e+01  0.000000e+00
     vertex -6.980221e+01 -4.668846e+01 -3.000000e+00
     vertex -6.980221e+01 -4.668846e+01  0.000000e+00
   endloop
 endfacet
 facet normal -1.571119e-01  9.875808e-01  0.000000e+00
   outer loop
     vertex -6.970990e+01 -4.667507e+01  0.000000e+00
     vertex -6.970990e+01 -4.667507e+01 -3.000000e+00
     vertex -6.975597e+01 -4.668239e+01 -3.000000e+00
   endloop
 endfacet
 facet normal -1.841461e-01  9.828989e-01  0.000000e+00
   outer loop
     vertex -6.970990e+01 -4.667507e+01  0.000000e+00
     vertex -6.966406e+01 -4.666648e+01 -3.000000e+00
     vertex -6.970990e+01 -4.667507e+01 -3.000000e+00
   endloop
 endfacet
 facet normal -1.571119e-01  9.875808e-01  0.000000e+00
   outer loop
     vertex -6.970990e+01 -4.667507e+01  0.000000e+00
     vertex -6.975597e+01 -4.668239e+01 -3.000000e+00
     vertex -6.975597e+01 -4.668239e+01  0.000000e+00
   endloop
 endfacet
 facet normal -2.110417e-01  9.774771e-01  0.000000e+00
   outer loop
     vertex -6.966406e+01 -4.666648e+01  0.000000e+00
     vertex -6.961847e+01 -4.665663e+01 -3.000000e+00
     vertex -6.966406e+01 -4.666648e+01 -3.000000e+00
   endloop
 endfacet
 facet normal -1.841461e-01  9.828989e-01  0.000000e+00
   outer loop
     vertex -6.966406e+01 -4.666648e+01  0.000000e+00
     vertex -6.966406e+01 -4.666648e+01 -3.000000e+00
     vertex -6.970990e+01 -4.667507e+01  0.000000e+00
   endloop
 endfacet
 facet normal -2.377784e-01  9.713194e-01  0.000000e+00
   outer loop
     vertex -6.961847e+01 -4.665663e+01  0.000000e+00
     vertex -6.957316e+01 -4.664554e+01 -3.000000e+00
     vertex -6.961847e+01 -4.665663e+01 -3.000000e+00
   endloop
 endfacet
 facet normal -2.110417e-01  9.774771e-01  0.000000e+00
   outer loop
     vertex -6.961847e+01 -4.665663e+01  0.000000e+00
     vertex -6.961847e+01 -4.665663e+01 -3.000000e+00
     vertex -6.966406e+01 -4.666648e+01  0.000000e+00
   endloop
 endfacet
 facet normal -2.643362e-01  9.644306e-01  0.000000e+00
   outer loop
     vertex -6.957316e+01 -4.664554e+01  0.000000e+00
     vertex -6.952818e+01 -4.663321e+01 -3.000000e+00
     vertex -6.957316e+01 -4.664554e+01 -3.000000e+00
   endloop
 endfacet
 facet normal -2.377784e-01  9.713194e-01  0.000000e+00
   outer loop
     vertex -6.957316e+01 -4.664554e+01  0.000000e+00
     vertex -6.957316e+01 -4.664554e+01 -3.000000e+00
     vertex -6.961847e+01 -4.665663e+01  0.000000e+00
   endloop
 endfacet
 facet normal -2.643362e-01  9.644306e-01  0.000000e+00
   outer loop
     vertex -6.952818e+01 -4.663321e+01  0.000000e+00
     vertex -6.952818e+01 -4.663321e+01 -3.000000e+00
     vertex -6.957316e+01 -4.664554e+01  0.000000e+00
   endloop
 endfacet
 facet normal -2.906949e-01  9.568158e-01  0.000000e+00
   outer loop
     vertex -6.948355e+01 -4.661965e+01  0.000000e+00
     vertex -6.948355e+01 -4.661965e+01 -3.000000e+00
     vertex -6.952818e+01 -4.663321e+01 -3.000000e+00
   endloop
 endfacet
 facet normal -2.906949e-01  9.568158e-01  0.000000e+00
   outer loop
     vertex -6.948355e+01 -4.661965e+01  0.000000e+00
     vertex -6.952818e+01 -4.663321e+01 -3.000000e+00
     vertex -6.952818e+01 -4.663321e+01  0.000000e+00
   endloop
 endfacet
 facet normal -3.168348e-01  9.484807e-01  0.000000e+00
   outer loop
     vertex -6.943931e+01 -4.660488e+01  0.000000e+00
     vertex -6.943931e+01 -4.660488e+01 -3.000000e+00
     vertex -6.948355e+01 -4.661965e+01 -3.000000e+00
   endloop
 endfacet
 facet normal -3.427362e-01  9.394317e-01  0.000000e+00
   outer loop
     vertex -6.943931e+01 -4.660488e+01  0.000000e+00
     vertex -6.939549e+01 -4.658889e+01 -3.000000e+00
     vertex -6.943931e+01 -4.660488e+01 -3.000000e+00
   endloop
 endfacet
 facet normal -3.168348e-01  9.484807e-01  0.000000e+00
   outer loop
     vertex -6.943931e+01 -4.660488e+01  0.000000e+00
     vertex -6.948355e+01 -4.661965e+01 -3.000000e+00
     vertex -6.948355e+01 -4.661965e+01  0.000000e+00
   endloop
 endfacet
 facet normal -3.427362e-01  9.394317e-01  0.000000e+00
   outer loop
     vertex -6.939549e+01 -4.658889e+01  0.000000e+00
     vertex -6.939549e+01 -4.658889e+01 -3.000000e+00
     vertex -6.943931e+01 -4.660488e+01  0.000000e+00
   endloop
 endfacet
 facet normal -3.683796e-01  9.296754e-01  0.000000e+00
   outer loop
     vertex -6.935213e+01 -4.657171e+01  0.000000e+00
     vertex -6.935213e+01 -4.657171e+01 -3.000000e+00
     vertex -6.939549e+01 -4.658889e+01 -3.000000e+00
   endloop
 endfacet
 facet normal -3.683796e-01  9.296754e-01  0.000000e+00
   outer loop
     vertex -6.935213e+01 -4.657171e+01  0.000000e+00
     vertex -6.939549e+01 -4.658889e+01 -3.000000e+00
     vertex -6.939549e+01 -4.658889e+01  0.000000e+00
   endloop
 endfacet
 facet normal -3.937458e-01  9.192194e-01  0.000000e+00
   outer loop
     vertex -6.930926e+01 -4.655334e+01  0.000000e+00
     vertex -6.935213e+01 -4.657171e+01 -3.000000e+00
     vertex -6.935213e+01 -4.657171e+01  0.000000e+00
   endloop
 endfacet
 facet normal -3.937458e-01  9.192194e-01  0.000000e+00
   outer loop
     vertex -6.930926e+01 -4.655334e+01  0.000000e+00
     vertex -6.930926e+01 -4.655334e+01 -3.000000e+00
     vertex -6.935213e+01 -4.657171e+01 -3.000000e+00
   endloop
 endfacet
 facet normal -4.188155e-01  9.080714e-01  0.000000e+00
   outer loop
     vertex -6.930926e+01 -4.655334e+01  0.000000e+00
     vertex -6.926690e+01 -4.653381e+01 -3.000000e+00
     vertex -6.930926e+01 -4.655334e+01 -3.000000e+00
   endloop
 endfacet
 facet normal -4.188155e-01  9.080714e-01  0.000000e+00
   outer loop
     vertex -6.926690e+01 -4.653381e+01  0.000000e+00
     vertex -6.926690e+01 -4.653381e+01 -3.000000e+00
     vertex -6.930926e+01 -4.655334e+01  0.000000e+00
   endloop
 endfacet
 facet normal -4.435699e-01  8.962398e-01  0.000000e+00
   outer loop
     vertex -6.922510e+01 -4.651312e+01  0.000000e+00
     vertex -6.922510e+01 -4.651312e+01 -3.000000e+00
     vertex -6.926690e+01 -4.653381e+01 -3.000000e+00
   endloop
 endfacet
 facet normal -4.679904e-01  8.837335e-01  0.000000e+00
   outer loop
     vertex -6.922510e+01 -4.651312e+01  0.000000e+00
     vertex -6.918388e+01 -4.649129e+01 -3.000000e+00
     vertex -6.922510e+01 -4.651312e+01 -3.000000e+00
   endloop
 endfacet
 facet normal -4.435699e-01  8.962398e-01  0.000000e+00
   outer loop
     vertex -6.922510e+01 -4.651312e+01  0.000000e+00
     vertex -6.926690e+01 -4.653381e+01 -3.000000e+00
     vertex -6.926690e+01 -4.653381e+01  0.000000e+00
   endloop
 endfacet
 facet normal -4.679904e-01  8.837335e-01  0.000000e+00
   outer loop
     vertex -6.918388e+01 -4.649129e+01  0.000000e+00
     vertex -6.918388e+01 -4.649129e+01 -3.000000e+00
     vertex -6.922510e+01 -4.651312e+01  0.000000e+00
   endloop
 endfacet
 facet normal -4.920587e-01  8.705620e-01  0.000000e+00
   outer loop
     vertex -6.918388e+01 -4.649129e+01  0.000000e+00
     vertex -6.914328e+01 -4.646834e+01 -3.000000e+00
     vertex -6.918388e+01 -4.649129e+01 -3.000000e+00
   endloop
 endfacet
 facet normal -4.920587e-01  8.705620e-01  0.000000e+00
   outer loop
     vertex -6.914328e+01 -4.646834e+01  0.000000e+00
     vertex -6.914328e+01 -4.646834e+01 -3.000000e+00
     vertex -6.918388e+01 -4.649129e+01  0.000000e+00
   endloop
 endfacet
 facet normal -5.157565e-01  8.567352e-01  0.000000e+00
   outer loop
     vertex -6.914328e+01 -4.646834e+01  0.000000e+00
     vertex -6.910332e+01 -4.644428e+01 -3.000000e+00
     vertex -6.914328e+01 -4.646834e+01 -3.000000e+00
   endloop
 endfacet
 facet normal -5.157565e-01  8.567352e-01  0.000000e+00
   outer loop
     vertex -6.910332e+01 -4.644428e+01  0.000000e+00
     vertex -6.910332e+01 -4.644428e+01 -3.000000e+00
     vertex -6.914328e+01 -4.646834e+01  0.000000e+00
   endloop
 endfacet
 facet normal -5.390661e-01  8.422635e-01  0.000000e+00
   outer loop
     vertex -6.906403e+01 -4.641914e+01  0.000000e+00
     vertex -6.906403e+01 -4.641914e+01 -3.000000e+00
     vertex -6.910332e+01 -4.644428e+01 -3.000000e+00
   endloop
 endfacet
 facet normal -5.390661e-01  8.422635e-01  0.000000e+00
   outer loop
     vertex -6.906403e+01 -4.641914e+01  0.000000e+00
     vertex -6.910332e+01 -4.644428e+01 -3.000000e+00
     vertex -6.910332e+01 -4.644428e+01  0.000000e+00
   endloop
 endfacet
 facet normal -5.619699e-01  8.271577e-01  0.000000e+00
   outer loop
     vertex -6.902545e+01 -4.639293e+01  0.000000e+00
     vertex -6.902545e+01 -4.639293e+01 -3.000000e+00
     vertex -6.906403e+01 -4.641914e+01 -3.000000e+00
   endloop
 endfacet
 facet normal -5.844507e-01  8.114292e-01  0.000000e+00
   outer loop
     vertex -6.902545e+01 -4.639293e+01  0.000000e+00
     vertex -6.898760e+01 -4.636567e+01 -3.000000e+00
     vertex -6.902545e+01 -4.639293e+01 -3.000000e+00
   endloop
 endfacet
 facet normal -5.619699e-01  8.271577e-01  0.000000e+00
   outer loop
     vertex -6.902545e+01 -4.639293e+01  0.000000e+00
     vertex -6.906403e+01 -4.641914e+01 -3.000000e+00
     vertex -6.906403e+01 -4.641914e+01  0.000000e+00
   endloop
 endfacet
 facet normal -5.844507e-01  8.114292e-01  0.000000e+00
   outer loop
     vertex -6.898760e+01 -4.636567e+01  0.000000e+00
     vertex -6.898760e+01 -4.636567e+01 -3.000000e+00
     vertex -6.902545e+01 -4.639293e+01  0.000000e+00
   endloop
 endfacet
 facet normal -6.064915e-01  7.950900e-01  0.000000e+00
   outer loop
     vertex -6.895052e+01 -4.633738e+01  0.000000e+00
     vertex -6.895052e+01 -4.633738e+01 -3.000000e+00
     vertex -6.898760e+01 -4.636567e+01 -3.000000e+00
   endloop
 endfacet
 facet normal -6.280757e-01  7.781522e-01  0.000000e+00
   outer loop
     vertex -6.895052e+01 -4.633738e+01  0.000000e+00
     vertex -6.891422e+01 -4.630809e+01 -3.000000e+00
     vertex -6.895052e+01 -4.633738e+01 -3.000000e+00
   endloop
 endfacet
 facet normal -6.064915e-01  7.950900e-01  0.000000e+00
   outer loop
     vertex -6.895052e+01 -4.633738e+01  0.000000e+00
     vertex -6.898760e+01 -4.636567e+01 -3.000000e+00
     vertex -6.898760e+01 -4.636567e+01  0.000000e+00
   endloop
 endfacet
 facet normal -6.280757e-01  7.781522e-01  0.000000e+00
   outer loop
     vertex -6.891422e+01 -4.630809e+01  0.000000e+00
     vertex -6.891422e+01 -4.630809e+01 -3.000000e+00
     vertex -6.895052e+01 -4.633738e+01  0.000000e+00
   endloop
 endfacet
 facet normal -6.491872e-01  7.606287e-01  0.000000e+00
   outer loop
     vertex -6.891422e+01 -4.630809e+01  0.000000e+00
     vertex -6.887875e+01 -4.627781e+01 -3.000000e+00
     vertex -6.891422e+01 -4.630809e+01 -3.000000e+00
   endloop
 endfacet
 facet normal -6.491872e-01  7.606287e-01  0.000000e+00
   outer loop
     vertex -6.887875e+01 -4.627781e+01  0.000000e+00
     vertex -6.887875e+01 -4.627781e+01 -3.000000e+00
     vertex -6.891422e+01 -4.630809e+01  0.000000e+00
   endloop
 endfacet
 facet normal -6.698100e-01  7.425325e-01  0.000000e+00
   outer loop
     vertex -6.884411e+01 -4.624657e+01  0.000000e+00
     vertex -6.884411e+01 -4.624657e+01 -3.000000e+00
     vertex -6.887875e+01 -4.627781e+01 -3.000000e+00
   endloop
 endfacet
 facet normal -6.698100e-01  7.425325e-01  0.000000e+00
   outer loop
     vertex -6.884411e+01 -4.624657e+01  0.000000e+00
     vertex -6.887875e+01 -4.627781e+01 -3.000000e+00
     vertex -6.887875e+01 -4.627781e+01  0.000000e+00
   endloop
 endfacet
 facet normal -6.899286e-01  7.238775e-01  0.000000e+00
   outer loop
     vertex -6.881035e+01 -4.621439e+01  0.000000e+00
     vertex -6.881035e+01 -4.621439e+01 -3.000000e+00
     vertex -6.884411e+01 -4.624657e+01 -3.000000e+00
   endloop
 endfacet
 facet normal -6.899286e-01  7.238775e-01  0.000000e+00
   outer loop
     vertex -6.881035e+01 -4.621439e+01  0.000000e+00
     vertex -6.884411e+01 -4.624657e+01 -3.000000e+00
     vertex -6.884411e+01 -4.624657e+01  0.000000e+00
   endloop
 endfacet
 facet normal -7.095278e-01  7.046775e-01  0.000000e+00
   outer loop
     vertex -6.877748e+01 -4.618129e+01  0.000000e+00
     vertex -6.877748e+01 -4.618129e+01 -3.000000e+00
     vertex -6.881035e+01 -4.621439e+01 -3.000000e+00
   endloop
 endfacet
 facet normal -7.095278e-01  7.046775e-01  0.000000e+00
   outer loop
     vertex -6.877748e+01 -4.618129e+01  0.000000e+00
     vertex -6.881035e+01 -4.621439e+01 -3.000000e+00
     vertex -6.881035e+01 -4.621439e+01  0.000000e+00
   endloop
 endfacet
 facet normal -7.285929e-01  6.849470e-01  0.000000e+00
   outer loop
     vertex -6.874553e+01 -4.614731e+01  0.000000e+00
     vertex -6.874553e+01 -4.614731e+01 -3.000000e+00
     vertex -6.877748e+01 -4.618129e+01 -3.000000e+00
   endloop
 endfacet
 facet normal -7.285929e-01  6.849470e-01  0.000000e+00
   outer loop
     vertex -6.874553e+01 -4.614731e+01  0.000000e+00
     vertex -6.877748e+01 -4.618129e+01 -3.000000e+00
     vertex -6.877748e+01 -4.618129e+01  0.000000e+00
   endloop
 endfacet
 facet normal -7.471095e-01  6.647010e-01  0.000000e+00
   outer loop
     vertex -6.871453e+01 -4.611246e+01  0.000000e+00
     vertex -6.871453e+01 -4.611246e+01 -3.000000e+00
     vertex -6.874553e+01 -4.614731e+01 -3.000000e+00
   endloop
 endfacet
 facet normal -7.471095e-01  6.647010e-01  0.000000e+00
   outer loop
     vertex -6.871453e+01 -4.611246e+01  0.000000e+00
     vertex -6.874553e+01 -4.614731e+01 -3.000000e+00
     vertex -6.874553e+01 -4.614731e+01  0.000000e+00
   endloop
 endfacet
 facet normal -7.650637e-01  6.439545e-01  0.000000e+00
   outer loop
     vertex -6.868450e+01 -4.607678e+01  0.000000e+00
     vertex -6.868450e+01 -4.607678e+01 -3.000000e+00
     vertex -6.871453e+01 -4.611246e+01 -3.000000e+00
   endloop
 endfacet
 facet normal -7.650637e-01  6.439545e-01  0.000000e+00
   outer loop
     vertex -6.868450e+01 -4.607678e+01  0.000000e+00
     vertex -6.871453e+01 -4.611246e+01 -3.000000e+00
     vertex -6.871453e+01 -4.611246e+01  0.000000e+00
   endloop
 endfacet
 facet normal -7.824421e-01  6.227234e-01  0.000000e+00
   outer loop
     vertex -6.865545e+01 -4.604028e+01  0.000000e+00
     vertex -6.865545e+01 -4.604028e+01 -3.000000e+00
     vertex -6.868450e+01 -4.607678e+01 -3.000000e+00
   endloop
 endfacet
 facet normal -7.824421e-01  6.227234e-01  0.000000e+00
   outer loop
     vertex -6.865545e+01 -4.604028e+01  0.000000e+00
     vertex -6.868450e+01 -4.607678e+01 -3.000000e+00
     vertex -6.868450e+01 -4.607678e+01  0.000000e+00
   endloop
 endfacet
 facet normal -7.992314e-01  6.010234e-01  0.000000e+00
   outer loop
     vertex -6.862742e+01 -4.600300e+01  0.000000e+00
     vertex -6.862742e+01 -4.600300e+01 -3.000000e+00
     vertex -6.865545e+01 -4.604028e+01 -3.000000e+00
   endloop
 endfacet
 facet normal -7.992314e-01  6.010234e-01  0.000000e+00
   outer loop
     vertex -6.862742e+01 -4.600300e+01  0.000000e+00
     vertex -6.865545e+01 -4.604028e+01 -3.000000e+00
     vertex -6.865545e+01 -4.604028e+01  0.000000e+00
   endloop
 endfacet
 facet normal -8.154191e-01  5.788711e-01  0.000000e+00
   outer loop
     vertex -6.860042e+01 -4.596497e+01  0.000000e+00
     vertex -6.860042e+01 -4.596497e+01 -3.000000e+00
     vertex -6.862742e+01 -4.600300e+01 -3.000000e+00
   endloop
 endfacet
 facet normal -8.309929e-01  5.562829e-01  0.000000e+00
   outer loop
     vertex -6.860042e+01 -4.596497e+01  0.000000e+00
     vertex -6.857447e+01 -4.592621e+01 -3.000000e+00
     vertex -6.860042e+01 -4.596497e+01 -3.000000e+00
   endloop
 endfacet
 facet normal -8.154191e-01  5.788711e-01  0.000000e+00
   outer loop
     vertex -6.860042e+01 -4.596497e+01  0.000000e+00
     vertex -6.862742e+01 -4.600300e+01 -3.000000e+00
     vertex -6.862742e+01 -4.600300e+01  0.000000e+00
   endloop
 endfacet
 facet normal -8.309929e-01  5.562829e-01  0.000000e+00
   outer loop
     vertex -6.857447e+01 -4.592621e+01  0.000000e+00
     vertex -6.857447e+01 -4.592621e+01 -3.000000e+00
     vertex -6.860042e+01 -4.596497e+01  0.000000e+00
   endloop
 endfacet
 facet normal -8.459413e-01  5.332761e-01  0.000000e+00
   outer loop
     vertex -6.854960e+01 -4.588676e+01  0.000000e+00
     vertex -6.854960e+01 -4.588676e+01 -3.000000e+00
     vertex -6.857447e+01 -4.592621e+01 -3.000000e+00
   endloop
 endfacet
 facet normal -8.602528e-01  5.098678e-01  0.000000e+00
   outer loop
     vertex -6.854960e+01 -4.588676e+01  0.000000e+00
     vertex -6.852582e+01 -4.584663e+01 -3.000000e+00
     vertex -6.854960e+01 -4.588676e+01 -3.000000e+00
   endloop
 endfacet
 facet normal -8.459413e-01  5.332761e-01  0.000000e+00
   outer loop
     vertex -6.854960e+01 -4.588676e+01  0.000000e+00
     vertex -6.857447e+01 -4.592621e+01 -3.000000e+00
     vertex -6.857447e+01 -4.592621e+01  0.000000e+00
   endloop
 endfacet
 facet normal -8.602528e-01  5.098678e-01  0.000000e+00
   outer loop
     vertex -6.852582e+01 -4.584663e+01  0.000000e+00
     vertex -6.852582e+01 -4.584663e+01 -3.000000e+00
     vertex -6.854960e+01 -4.588676e+01  0.000000e+00
   endloop
 endfacet
 facet normal -8.739167e-01  4.860756e-01  0.000000e+00
   outer loop
     vertex -6.850315e+01 -4.580587e+01  0.000000e+00
     vertex -6.850315e+01 -4.580587e+01 -3.000000e+00
     vertex -6.852582e+01 -4.584663e+01 -3.000000e+00
   endloop
 endfacet
 facet normal -8.739167e-01  4.860756e-01  0.000000e+00
   outer loop
     vertex -6.850315e+01 -4.580587e+01  0.000000e+00
     vertex -6.852582e+01 -4.584663e+01 -3.000000e+00
     vertex -6.852582e+01 -4.584663e+01  0.000000e+00
   endloop
 endfacet
 facet normal -8.869228e-01  4.619176e-01  0.000000e+00
   outer loop
     vertex -6.848160e+01 -4.576450e+01  0.000000e+00
     vertex -6.850315e+01 -4.580587e+01 -3.000000e+00
     vertex -6.850315e+01 -4.580587e+01  0.000000e+00
   endloop
 endfacet
 facet normal -8.869228e-01  4.619176e-01  0.000000e+00
   outer loop
     vertex -6.848160e+01 -4.576450e+01  0.000000e+00
     vertex -6.848160e+01 -4.576450e+01 -3.000000e+00
     vertex -6.850315e+01 -4.580587e+01 -3.000000e+00
   endloop
 endfacet
 facet normal -8.992613e-01  4.374119e-01  0.000000e+00
   outer loop
     vertex -6.848160e+01 -4.576450e+01  0.000000e+00
     vertex -6.846120e+01 -4.572256e+01 -3.000000e+00
     vertex -6.848160e+01 -4.576450e+01 -3.000000e+00
   endloop
 endfacet
 facet normal -8.992613e-01  4.374119e-01  0.000000e+00
   outer loop
     vertex -6.846120e+01 -4.572256e+01  0.000000e+00
     vertex -6.846120e+01 -4.572256e+01 -3.000000e+00
     vertex -6.848160e+01 -4.576450e+01  0.000000e+00
   endloop
 endfacet
 facet normal -9.109228e-01  4.125769e-01  0.000000e+00
   outer loop
     vertex -6.844196e+01 -4.568007e+01  0.000000e+00
     vertex -6.846120e+01 -4.572256e+01 -3.000000e+00
     vertex -6.846120e+01 -4.572256e+01  0.000000e+00
   endloop
 endfacet
 facet normal -9.109228e-01  4.125769e-01  0.000000e+00
   outer loop
     vertex -6.844196e+01 -4.568007e+01  0.000000e+00
     vertex -6.844196e+01 -4.568007e+01 -3.000000e+00
     vertex -6.846120e+01 -4.572256e+01 -3.000000e+00
   endloop
 endfacet
 facet normal -9.218986e-01  3.874313e-01  0.000000e+00
   outer loop
     vertex -6.842388e+01 -4.563707e+01  0.000000e+00
     vertex -6.844196e+01 -4.568007e+01 -3.000000e+00
     vertex -6.844196e+01 -4.568007e+01  0.000000e+00
   endloop
 endfacet
 facet normal -9.218986e-01  3.874313e-01  0.000000e+00
   outer loop
     vertex -6.842388e+01 -4.563707e+01  0.000000e+00
     vertex -6.842388e+01 -4.563707e+01 -3.000000e+00
     vertex -6.844196e+01 -4.568007e+01 -3.000000e+00
   endloop
 endfacet
 facet normal -9.321804e-01  3.619940e-01  0.000000e+00
   outer loop
     vertex -6.840700e+01 -4.559359e+01  0.000000e+00
     vertex -6.842388e+01 -4.563707e+01 -3.000000e+00
     vertex -6.842388e+01 -4.563707e+01  0.000000e+00
   endloop
 endfacet
 facet normal -9.321804e-01  3.619940e-01  0.000000e+00
   outer loop
     vertex -6.840700e+01 -4.559359e+01  0.000000e+00
     vertex -6.840700e+01 -4.559359e+01 -3.000000e+00
     vertex -6.842388e+01 -4.563707e+01 -3.000000e+00
   endloop
 endfacet
 facet normal -9.417605e-01  3.362843e-01  0.000000e+00
   outer loop
     vertex -6.839132e+01 -4.554967e+01  0.000000e+00
     vertex -6.840700e+01 -4.559359e+01 -3.000000e+00
     vertex -6.840700e+01 -4.559359e+01  0.000000e+00
   endloop
 endfacet
 facet normal -9.417605e-01  3.362843e-01  0.000000e+00
   outer loop
     vertex -6.839132e+01 -4.554967e+01  0.000000e+00
     vertex -6.839132e+01 -4.554967e+01 -3.000000e+00
     vertex -6.840700e+01 -4.559359e+01 -3.000000e+00
   endloop
 endfacet
 facet normal -9.506317e-01  3.103214e-01  0.000000e+00
   outer loop
     vertex -6.837684e+01 -4.550533e+01  0.000000e+00
     vertex -6.839132e+01 -4.554967e+01 -3.000000e+00
     vertex -6.839132e+01 -4.554967e+01  0.000000e+00
   endloop
 endfacet
 facet normal -9.506317e-01  3.103214e-01  0.000000e+00
   outer loop
     vertex -6.837684e+01 -4.550533e+01  0.000000e+00
     vertex -6.837684e+01 -4.550533e+01 -3.000000e+00
     vertex -6.839132e+01 -4.554967e+01 -3.000000e+00
   endloop
 endfacet
 facet normal -9.587873e-01  2.841250e-01  0.000000e+00
   outer loop
     vertex -6.837684e+01 -4.550533e+01  0.000000e+00
     vertex -6.836359e+01 -4.546061e+01 -3.000000e+00
     vertex -6.837684e+01 -4.550533e+01 -3.000000e+00
   endloop
 endfacet
 facet normal -9.587873e-01  2.841250e-01  0.000000e+00
   outer loop
     vertex -6.836359e+01 -4.546061e+01  0.000000e+00
     vertex -6.836359e+01 -4.546061e+01 -3.000000e+00
     vertex -6.837684e+01 -4.550533e+01  0.000000e+00
   endloop
 endfacet
 facet normal -9.662211e-01  2.577146e-01  0.000000e+00
   outer loop
     vertex -6.835157e+01 -4.541554e+01  0.000000e+00
     vertex -6.836359e+01 -4.546061e+01 -3.000000e+00
     vertex -6.836359e+01 -4.546061e+01  0.000000e+00
   endloop
 endfacet
 facet normal -9.662211e-01  2.577146e-01  0.000000e+00
   outer loop
     vertex -6.835157e+01 -4.541554e+01  0.000000e+00
     vertex -6.835157e+01 -4.541554e+01 -3.000000e+00
     vertex -6.836359e+01 -4.546061e+01 -3.000000e+00
   endloop
 endfacet
 facet normal -9.729276e-01  2.311102e-01  0.000000e+00
   outer loop
     vertex -6.834079e+01 -4.537016e+01  0.000000e+00
     vertex -6.835157e+01 -4.541554e+01 -3.000000e+00
     vertex -6.835157e+01 -4.541554e+01  0.000000e+00
   endloop
 endfacet
 facet normal -9.729276e-01  2.311102e-01  0.000000e+00
   outer loop
     vertex -6.834079e+01 -4.537016e+01  0.000000e+00
     vertex -6.834079e+01 -4.537016e+01 -3.000000e+00
     vertex -6.835157e+01 -4.541554e+01 -3.000000e+00
   endloop
 endfacet
 facet normal -9.789017e-01  2.043319e-01  0.000000e+00
   outer loop
     vertex -6.833126e+01 -4.532450e+01  0.000000e+00
     vertex -6.834079e+01 -4.537016e+01 -3.000000e+00
     vertex -6.834079e+01 -4.537016e+01  0.000000e+00
   endloop
 endfacet
 facet normal -9.789017e-01  2.043319e-01  0.000000e+00
   outer loop
     vertex -6.833126e+01 -4.532450e+01  0.000000e+00
     vertex -6.833126e+01 -4.532450e+01 -3.000000e+00
     vertex -6.834079e+01 -4.537016e+01 -3.000000e+00
   endloop
 endfacet
 facet normal -9.841389e-01  1.773998e-01  0.000000e+00
   outer loop
     vertex -6.832298e+01 -4.527860e+01  0.000000e+00
     vertex -6.833126e+01 -4.532450e+01 -3.000000e+00
     vertex -6.833126e+01 -4.532450e+01  0.000000e+00
   endloop
 endfacet
 facet normal -9.841389e-01  1.773998e-01  0.000000e+00
   outer loop
     vertex -6.832298e+01 -4.527860e+01  0.000000e+00
     vertex -6.832298e+01 -4.527860e+01 -3.000000e+00
     vertex -6.833126e+01 -4.532450e+01 -3.000000e+00
   endloop
 endfacet
 facet normal -9.886353e-01  1.503341e-01  0.000000e+00
   outer loop
     vertex -6.831597e+01 -4.523249e+01  0.000000e+00
     vertex -6.832298e+01 -4.527860e+01 -3.000000e+00
     vertex -6.832298e+01 -4.527860e+01  0.000000e+00
   endloop
 endfacet
 facet normal -9.886353e-01  1.503341e-01  0.000000e+00
   outer loop
     vertex -6.831597e+01 -4.523249e+01  0.000000e+00
     vertex -6.831597e+01 -4.523249e+01 -3.000000e+00
     vertex -6.832298e+01 -4.527860e+01 -3.000000e+00
   endloop
 endfacet
 facet normal -9.923874e-01  1.231552e-01  0.000000e+00
   outer loop
     vertex -6.831597e+01 -4.523249e+01  0.000000e+00
     vertex -6.831023e+01 -4.518620e+01 -3.000000e+00
     vertex -6.831597e+01 -4.523249e+01 -3.000000e+00
   endloop
 endfacet
 facet normal -9.923874e-01  1.231552e-01  0.000000e+00
   outer loop
     vertex -6.831023e+01 -4.518620e+01  0.000000e+00
     vertex -6.831023e+01 -4.518620e+01 -3.000000e+00
     vertex -6.831597e+01 -4.523249e+01  0.000000e+00
   endloop
 endfacet
 facet normal -9.953925e-01  9.588368e-02  0.000000e+00
   outer loop
     vertex -6.830576e+01 -4.513977e+01  0.000000e+00
     vertex -6.830576e+01 -4.513977e+01 -3.000000e+00
     vertex -6.831023e+01 -4.518620e+01 -3.000000e+00
   endloop
 endfacet
 facet normal -9.976484e-01  6.853995e-02  0.000000e+00
   outer loop
     vertex -6.830576e+01 -4.513977e+01  0.000000e+00
     vertex -6.830256e+01 -4.509324e+01 -3.000000e+00
     vertex -6.830576e+01 -4.513977e+01 -3.000000e+00
   endloop
 endfacet
 facet normal -9.953925e-01  9.588368e-02  0.000000e+00
   outer loop
     vertex -6.830576e+01 -4.513977e+01  0.000000e+00
     vertex -6.831023e+01 -4.518620e+01 -3.000000e+00
     vertex -6.831023e+01 -4.518620e+01  0.000000e+00
   endloop
 endfacet
 facet normal -9.976484e-01  6.853995e-02  0.000000e+00
   outer loop
     vertex -6.830256e+01 -4.509324e+01  0.000000e+00
     vertex -6.830256e+01 -4.509324e+01 -3.000000e+00
     vertex -6.830576e+01 -4.513977e+01  0.000000e+00
   endloop
 endfacet
 facet normal -9.991532e-01  4.114462e-02  0.000000e+00
   outer loop
     vertex -6.830064e+01 -4.504664e+01  0.000000e+00
     vertex -6.830064e+01 -4.504664e+01 -3.000000e+00
     vertex -6.830256e+01 -4.509324e+01 -3.000000e+00
   endloop
 endfacet
 facet normal -9.991532e-01  4.114462e-02  0.000000e+00
   outer loop
     vertex -6.830064e+01 -4.504664e+01  0.000000e+00
     vertex -6.830256e+01 -4.509324e+01 -3.000000e+00
     vertex -6.830256e+01 -4.509324e+01  0.000000e+00
   endloop
 endfacet
 facet normal -9.999059e-01  1.371831e-02  0.000000e+00
   outer loop
     vertex -6.830000e+01 -4.500000e+01  0.000000e+00
     vertex -6.830000e+01 -4.500000e+01 -3.000000e+00
     vertex -6.830064e+01 -4.504664e+01 -3.000000e+00
   endloop
 endfacet
 facet normal -9.999059e-01  1.371831e-02  0.000000e+00
   outer loop
     vertex -6.830000e+01 -4.500000e+01  0.000000e+00
     vertex -6.830064e+01 -4.504664e+01 -3.000000e+00
     vertex -6.830064e+01 -4.504664e+01  0.000000e+00
   endloop
 endfacet
 facet normal -9.999059e-01 -1.371831e-02  0.000000e+00
   outer loop
     vertex  7.169936e+01 -4.495336e+01  0.000000e+00
     vertex  7.170000e+01 -4.500000e+01 -3.000000e+00
     vertex  7.170000e+01 -4.500000e+01  0.000000e+00
   endloop
 endfacet
 facet normal -9.999059e-01 -1.371831e-02 -0.000000e+00
   outer loop
     vertex  7.169936e+01 -4.495336e+01  0.000000e+00
     vertex  7.169936e+01 -4.495336e+01 -3.000000e+00
     vertex  7.170000e+01 -4.500000e+01 -3.000000e+00
   endloop
 endfacet
 facet normal -9.991532e-01 -4.114462e-02 -0.000000e+00
   outer loop
     vertex  7.169744e+01 -4.490676e+01  0.000000e+00
     vertex  7.169744e+01 -4.490676e+01 -3.000000e+00
     vertex  7.169936e+01 -4.495336e+01 -3.000000e+00
   endloop
 endfacet
 facet normal -9.991532e-01 -4.114462e-02  0.000000e+00
   outer loop
     vertex  7.169744e+01 -4.490676e+01  0.000000e+00
     vertex  7.169936e+01 -4.495336e+01 -3.000000e+00
     vertex  7.169936e+01 -4.495336e+01  0.000000e+00
   endloop
 endfacet
 facet normal -9.976484e-01 -6.853995e-02 -0.000000e+00
   outer loop
     vertex  7.169424e+01 -4.486023e+01  0.000000e+00
     vertex  7.169424e+01 -4.486023e+01 -3.000000e+00
     vertex  7.169744e+01 -4.490676e+01 -3.000000e+00
   endloop
 endfacet
 facet normal -9.976484e-01 -6.853995e-02  0.000000e+00
   outer loop
     vertex  7.169424e+01 -4.486023e+01  0.000000e+00
     vertex  7.169744e+01 -4.490676e+01 -3.000000e+00
     vertex  7.169744e+01 -4.490676e+01  0.000000e+00
   endloop
 endfacet
 facet normal -9.953925e-01 -9.588368e-02 -0.000000e+00
   outer loop
     vertex  7.168977e+01 -4.481380e+01  0.000000e+00
     vertex  7.168977e+01 -4.481380e+01 -3.000000e+00
     vertex  7.169424e+01 -4.486023e+01 -3.000000e+00
   endloop
 endfacet
 facet normal -9.953925e-01 -9.588368e-02  0.000000e+00
   outer loop
     vertex  7.168977e+01 -4.481380e+01  0.000000e+00
     vertex  7.169424e+01 -4.486023e+01 -3.000000e+00
     vertex  7.169424e+01 -4.486023e+01  0.000000e+00
   endloop
 endfacet
 facet normal -9.923874e-01 -1.231552e-01 -0.000000e+00
   outer loop
     vertex  7.168403e+01 -4.476751e+01  0.000000e+00
     vertex  7.168403e+01 -4.476751e+01 -3.000000e+00
     vertex  7.168977e+01 -4.481380e+01 -3.000000e+00
   endloop
 endfacet
 facet normal -9.923874e-01 -1.231552e-01  0.000000e+00
   outer loop
     vertex  7.168403e+01 -4.476751e+01  0.000000e+00
     vertex  7.168977e+01 -4.481380e+01 -3.000000e+00
     vertex  7.168977e+01 -4.481380e+01  0.000000e+00
   endloop
 endfacet
 facet normal -9.886353e-01 -1.503341e-01 -0.000000e+00
   outer loop
     vertex  7.167702e+01 -4.472140e+01  0.000000e+00
     vertex  7.167702e+01 -4.472140e+01 -3.000000e+00
     vertex  7.168403e+01 -4.476751e+01 -3.000000e+00
   endloop
 endfacet
 facet normal -9.841389e-01 -1.773998e-01 -0.000000e+00
   outer loop
     vertex  7.167702e+01 -4.472140e+01  0.000000e+00
     vertex  7.166874e+01 -4.467550e+01 -3.000000e+00
     vertex  7.167702e+01 -4.472140e+01 -3.000000e+00
   endloop
 endfacet
 facet normal -9.886353e-01 -1.503341e-01  0.000000e+00
   outer loop
     vertex  7.167702e+01 -4.472140e+01  0.000000e+00
     vertex  7.168403e+01 -4.476751e+01 -3.000000e+00
     vertex  7.168403e+01 -4.476751e+01  0.000000e+00
   endloop
 endfacet
 facet normal -9.841389e-01 -1.773998e-01 -0.000000e+00
   outer loop
     vertex  7.166874e+01 -4.467550e+01  0.000000e+00
     vertex  7.166874e+01 -4.467550e+01 -3.000000e+00
     vertex  7.167702e+01 -4.472140e+01  0.000000e+00
   endloop
 endfacet
 facet normal -9.789017e-01 -2.043319e-01 -0.000000e+00
   outer loop
     vertex  7.165921e+01 -4.462984e+01  0.000000e+00
     vertex  7.165921e+01 -4.462984e+01 -3.000000e+00
     vertex  7.166874e+01 -4.467550e+01 -3.000000e+00
   endloop
 endfacet
 facet normal -9.789017e-01 -2.043319e-01  0.000000e+00
   outer loop
     vertex  7.165921e+01 -4.462984e+01  0.000000e+00
     vertex  7.166874e+01 -4.467550e+01 -3.000000e+00
     vertex  7.166874e+01 -4.467550e+01  0.000000e+00
   endloop
 endfacet
 facet normal -9.729276e-01 -2.311102e-01 -0.000000e+00
   outer loop
     vertex  7.164843e+01 -4.458446e+01  0.000000e+00
     vertex  7.164843e+01 -4.458446e+01 -3.000000e+00
     vertex  7.165921e+01 -4.462984e+01 -3.000000e+00
   endloop
 endfacet
 facet normal -9.729276e-01 -2.311102e-01  0.000000e+00
   outer loop
     vertex  7.164843e+01 -4.458446e+01  0.000000e+00
     vertex  7.165921e+01 -4.462984e+01 -3.000000e+00
     vertex  7.165921e+01 -4.462984e+01  0.000000e+00
   endloop
 endfacet
 facet normal -9.662211e-01 -2.577146e-01  0.000000e+00
   outer loop
     vertex  7.163641e+01 -4.453939e+01  0.000000e+00
     vertex  7.164843e+01 -4.458446e+01 -3.000000e+00
     vertex  7.164843e+01 -4.458446e+01  0.000000e+00
   endloop
 endfacet
 facet normal -9.662211e-01 -2.577146e-01 -0.000000e+00
   outer loop
     vertex  7.163641e+01 -4.453939e+01  0.000000e+00
     vertex  7.163641e+01 -4.453939e+01 -3.000000e+00
     vertex  7.164843e+01 -4.458446e+01 -3.000000e+00
   endloop
 endfacet
 facet normal -9.587873e-01 -2.841250e-01 -0.000000e+00
   outer loop
     vertex  7.163641e+01 -4.453939e+01  0.000000e+00
     vertex  7.162316e+01 -4.449467e+01 -3.000000e+00
     vertex  7.163641e+01 -4.453939e+01 -3.000000e+00
   endloop
 endfacet
 facet normal -9.587873e-01 -2.841250e-01 -0.000000e+00
   outer loop
     vertex  7.162316e+01 -4.449467e+01  0.000000e+00
     vertex  7.162316e+01 -4.449467e+01 -3.000000e+00
     vertex  7.163641e+01 -4.453939e+01  0.000000e+00
   endloop
 endfacet
 facet normal -9.506317e-01 -3.103214e-01 -0.000000e+00
   outer loop
     vertex  7.162316e+01 -4.449467e+01  0.000000e+00
     vertex  7.160868e+01 -4.445033e+01 -3.000000e+00
     vertex  7.162316e+01 -4.449467e+01 -3.000000e+00
   endloop
 endfacet
 facet normal -9.506317e-01 -3.103214e-01 -0.000000e+00
   outer loop
     vertex  7.160868e+01 -4.445033e+01  0.000000e+00
     vertex  7.160868e+01 -4.445033e+01 -3.000000e+00
     vertex  7.162316e+01 -4.449467e+01  0.000000e+00
   endloop
 endfacet
 facet normal -9.417605e-01 -3.362843e-01 -0.000000e+00
   outer loop
     vertex  7.160868e+01 -4.445033e+01  0.000000e+00
     vertex  7.159300e+01 -4.440641e+01 -3.000000e+00
     vertex  7.160868e+01 -4.445033e+01 -3.000000e+00
   endloop
 endfacet
 facet normal -9.417605e-01 -3.362843e-01 -0.000000e+00
   outer loop
     vertex  7.159300e+01 -4.440641e+01  0.000000e+00
     vertex  7.159300e+01 -4.440641e+01 -3.000000e+00
     vertex  7.160868e+01 -4.445033e+01  0.000000e+00
   endloop
 endfacet
 facet normal -9.321804e-01 -3.619940e-01  0.000000e+00
   outer loop
     vertex  7.157612e+01 -4.436293e+01  0.000000e+00
     vertex  7.159300e+01 -4.440641e+01 -3.000000e+00
     vertex  7.159300e+01 -4.440641e+01  0.000000e+00
   endloop
 endfacet
 facet normal -9.321804e-01 -3.619940e-01 -0.000000e+00
   outer loop
     vertex  7.157612e+01 -4.436293e+01  0.000000e+00
     vertex  7.157612e+01 -4.436293e+01 -3.000000e+00
     vertex  7.159300e+01 -4.440641e+01 -3.000000e+00
   endloop
 endfacet
 facet normal -9.218986e-01 -3.874313e-01  0.000000e+00
   outer loop
     vertex  7.155804e+01 -4.431993e+01  0.000000e+00
     vertex  7.157612e+01 -4.436293e+01 -3.000000e+00
     vertex  7.157612e+01 -4.436293e+01  0.000000e+00
   endloop
 endfacet
 facet normal -9.218986e-01 -3.874313e-01 -0.000000e+00
   outer loop
     vertex  7.155804e+01 -4.431993e+01  0.000000e+00
     vertex  7.155804e+01 -4.431993e+01 -3.000000e+00
     vertex  7.157612e+01 -4.436293e+01 -3.000000e+00
   endloop
 endfacet
 facet normal -9.109228e-01 -4.125769e-01  0.000000e+00
   outer loop
     vertex  7.153880e+01 -4.427744e+01  0.000000e+00
     vertex  7.155804e+01 -4.431993e+01 -3.000000e+00
     vertex  7.155804e+01 -4.431993e+01  0.000000e+00
   endloop
 endfacet
 facet normal -9.109228e-01 -4.125769e-01 -0.000000e+00
   outer loop
     vertex  7.153880e+01 -4.427744e+01  0.000000e+00
     vertex  7.153880e+01 -4.427744e+01 -3.000000e+00
     vertex  7.155804e+01 -4.431993e+01 -3.000000e+00
   endloop
 endfacet
 facet normal -8.992613e-01 -4.374119e-01  0.000000e+00
   outer loop
     vertex  7.151840e+01 -4.423550e+01  0.000000e+00
     vertex  7.153880e+01 -4.427744e+01 -3.000000e+00
     vertex  7.153880e+01 -4.427744e+01  0.000000e+00
   endloop
 endfacet
 facet normal -8.992613e-01 -4.374119e-01 -0.000000e+00
   outer loop
     vertex  7.151840e+01 -4.423550e+01  0.000000e+00
     vertex  7.151840e+01 -4.423550e+01 -3.000000e+00
     vertex  7.153880e+01 -4.427744e+01 -3.000000e+00
   endloop
 endfacet
 facet normal -8.869228e-01 -4.619176e-01  0.000000e+00
   outer loop
     vertex  7.149685e+01 -4.419413e+01  0.000000e+00
     vertex  7.151840e+01 -4.423550e+01 -3.000000e+00
     vertex  7.151840e+01 -4.423550e+01  0.000000e+00
   endloop
 endfacet
 facet normal -8.869228e-01 -4.619176e-01 -0.000000e+00
   outer loop
     vertex  7.149685e+01 -4.419413e+01  0.000000e+00
     vertex  7.149685e+01 -4.419413e+01 -3.000000e+00
     vertex  7.151840e+01 -4.423550e+01 -3.000000e+00
   endloop
 endfacet
 facet normal -8.739167e-01 -4.860756e-01  0.000000e+00
   outer loop
     vertex  7.147418e+01 -4.415337e+01  0.000000e+00
     vertex  7.149685e+01 -4.419413e+01 -3.000000e+00
     vertex  7.149685e+01 -4.419413e+01  0.000000e+00
   endloop
 endfacet
 facet normal -8.739167e-01 -4.860756e-01 -0.000000e+00
   outer loop
     vertex  7.147418e+01 -4.415337e+01  0.000000e+00
     vertex  7.147418e+01 -4.415337e+01 -3.000000e+00
     vertex  7.149685e+01 -4.419413e+01 -3.000000e+00
   endloop
 endfacet
 facet normal -8.602528e-01 -5.098678e-01  0.000000e+00
   outer loop
     vertex  7.145040e+01 -4.411324e+01  0.000000e+00
     vertex  7.147418e+01 -4.415337e+01 -3.000000e+00
     vertex  7.147418e+01 -4.415337e+01  0.000000e+00
   endloop
 endfacet
 facet normal -8.602528e-01 -5.098678e-01 -0.000000e+00
   outer loop
     vertex  7.145040e+01 -4.411324e+01  0.000000e+00
     vertex  7.145040e+01 -4.411324e+01 -3.000000e+00
     vertex  7.147418e+01 -4.415337e+01 -3.000000e+00
   endloop
 endfacet
 facet normal -8.459413e-01 -5.332761e-01  0.000000e+00
   outer loop
     vertex  7.142553e+01 -4.407379e+01  0.000000e+00
     vertex  7.145040e+01 -4.411324e+01 -3.000000e+00
     vertex  7.145040e+01 -4.411324e+01  0.000000e+00
   endloop
 endfacet
 facet normal -8.459413e-01 -5.332761e-01 -0.000000e+00
   outer loop
     vertex  7.142553e+01 -4.407379e+01  0.000000e+00
     vertex  7.142553e+01 -4.407379e+01 -3.000000e+00
     vertex  7.145040e+01 -4.411324e+01 -3.000000e+00
   endloop
 endfacet
 facet normal -8.309929e-01 -5.562829e-01 -0.000000e+00
   outer loop
     vertex  7.139958e+01 -4.403503e+01  0.000000e+00
     vertex  7.139958e+01 -4.403503e+01 -3.000000e+00
     vertex  7.142553e+01 -4.407379e+01 -3.000000e+00
   endloop
 endfacet
 facet normal -8.309929e-01 -5.562829e-01  0.000000e+00
   outer loop
     vertex  7.139958e+01 -4.403503e+01  0.000000e+00
     vertex  7.142553e+01 -4.407379e+01 -3.000000e+00
     vertex  7.142553e+01 -4.407379e+01  0.000000e+00
   endloop
 endfacet
 facet normal -8.154191e-01 -5.788711e-01 -0.000000e+00
   outer loop
     vertex  7.137258e+01 -4.399700e+01  0.000000e+00
     vertex  7.137258e+01 -4.399700e+01 -3.000000e+00
     vertex  7.139958e+01 -4.403503e+01 -3.000000e+00
   endloop
 endfacet
 facet normal -8.154191e-01 -5.788711e-01  0.000000e+00
   outer loop
     vertex  7.137258e+01 -4.399700e+01  0.000000e+00
     vertex  7.139958e+01 -4.403503e+01 -3.000000e+00
     vertex  7.139958e+01 -4.403503e+01  0.000000e+00
   endloop
 endfacet
 facet normal -7.992314e-01 -6.010234e-01 -0.000000e+00
   outer loop
     vertex  7.134455e+01 -4.395972e+01  0.000000e+00
     vertex  7.134455e+01 -4.395972e+01 -3.000000e+00
     vertex  7.137258e+01 -4.399700e+01 -3.000000e+00
   endloop
 endfacet
 facet normal -7.992314e-01 -6.010234e-01  0.000000e+00
   outer loop
     vertex  7.134455e+01 -4.395972e+01  0.000000e+00
     vertex  7.137258e+01 -4.399700e+01 -3.000000e+00
     vertex  7.137258e+01 -4.399700e+01  0.000000e+00
   endloop
 endfacet
 facet normal -7.824421e-01 -6.227234e-01 -0.000000e+00
   outer loop
     vertex  7.131550e+01 -4.392322e+01  0.000000e+00
     vertex  7.131550e+01 -4.392322e+01 -3.000000e+00
     vertex  7.134455e+01 -4.395972e+01 -3.000000e+00
   endloop
 endfacet
 facet normal -7.824421e-01 -6.227234e-01  0.000000e+00
   outer loop
     vertex  7.131550e+01 -4.392322e+01  0.000000e+00
     vertex  7.134455e+01 -4.395972e+01 -3.000000e+00
     vertex  7.134455e+01 -4.395972e+01  0.000000e+00
   endloop
 endfacet
 facet normal -7.650637e-01 -6.439545e-01 -0.000000e+00
   outer loop
     vertex  7.128547e+01 -4.388754e+01  0.000000e+00
     vertex  7.128547e+01 -4.388754e+01 -3.000000e+00
     vertex  7.131550e+01 -4.392322e+01 -3.000000e+00
   endloop
 endfacet
 facet normal -7.650637e-01 -6.439545e-01  0.000000e+00
   outer loop
     vertex  7.128547e+01 -4.388754e+01  0.000000e+00
     vertex  7.131550e+01 -4.392322e+01 -3.000000e+00
     vertex  7.131550e+01 -4.392322e+01  0.000000e+00
   endloop
 endfacet
 facet normal -7.471095e-01 -6.647010e-01 -0.000000e+00
   outer loop
     vertex  7.125447e+01 -4.385269e+01  0.000000e+00
     vertex  7.125447e+01 -4.385269e+01 -3.000000e+00
     vertex  7.128547e+01 -4.388754e+01 -3.000000e+00
   endloop
 endfacet
 facet normal -7.285929e-01 -6.849470e-01 -0.000000e+00
   outer loop
     vertex  7.125447e+01 -4.385269e+01  0.000000e+00
     vertex  7.122252e+01 -4.381871e+01 -3.000000e+00
     vertex  7.125447e+01 -4.385269e+01 -3.000000e+00
   endloop
 endfacet
 facet normal -7.471095e-01 -6.647010e-01  0.000000e+00
   outer loop
     vertex  7.125447e+01 -4.385269e+01  0.000000e+00
     vertex  7.128547e+01 -4.388754e+01 -3.000000e+00
     vertex  7.128547e+01 -4.388754e+01  0.000000e+00
   endloop
 endfacet
 facet normal -7.285929e-01 -6.849470e-01 -0.000000e+00
   outer loop
     vertex  7.122252e+01 -4.381871e+01  0.000000e+00
     vertex  7.122252e+01 -4.381871e+01 -3.000000e+00
     vertex  7.125447e+01 -4.385269e+01  0.000000e+00
   endloop
 endfacet
 facet normal -7.095278e-01 -7.046775e-01 -0.000000e+00
   outer loop
     vertex  7.118965e+01 -4.378561e+01  0.000000e+00
     vertex  7.118965e+01 -4.378561e+01 -3.000000e+00
     vertex  7.122252e+01 -4.381871e+01 -3.000000e+00
   endloop
 endfacet
 facet normal -6.899286e-01 -7.238775e-01 -0.000000e+00
   outer loop
     vertex  7.118965e+01 -4.378561e+01  0.000000e+00
     vertex  7.115589e+01 -4.375343e+01 -3.000000e+00
     vertex  7.118965e+01 -4.378561e+01 -3.000000e+00
   endloop
 endfacet
 facet normal -7.095278e-01 -7.046775e-01  0.000000e+00
   outer loop
     vertex  7.118965e+01 -4.378561e+01  0.000000e+00
     vertex  7.122252e+01 -4.381871e+01 -3.000000e+00
     vertex  7.122252e+01 -4.381871e+01  0.000000e+00
   endloop
 endfacet
 facet normal -6.899286e-01 -7.238775e-01 -0.000000e+00
   outer loop
     vertex  7.115589e+01 -4.375343e+01  0.000000e+00
     vertex  7.115589e+01 -4.375343e+01 -3.000000e+00
     vertex  7.118965e+01 -4.378561e+01  0.000000e+00
   endloop
 endfacet
 facet normal -6.698100e-01 -7.425325e-01 -0.000000e+00
   outer loop
     vertex  7.112125e+01 -4.372219e+01  0.000000e+00
     vertex  7.112125e+01 -4.372219e+01 -3.000000e+00
     vertex  7.115589e+01 -4.375343e+01 -3.000000e+00
   endloop
 endfacet
 facet normal -6.698100e-01 -7.425325e-01  0.000000e+00
   outer loop
     vertex  7.112125e+01 -4.372219e+01  0.000000e+00
     vertex  7.115589e+01 -4.375343e+01 -3.000000e+00
     vertex  7.115589e+01 -4.375343e+01  0.000000e+00
   endloop
 endfacet
 facet normal -6.491872e-01 -7.606287e-01 -0.000000e+00
   outer loop
     vertex  7.108578e+01 -4.369191e+01  0.000000e+00
     vertex  7.108578e+01 -4.369191e+01 -3.000000e+00
     vertex  7.112125e+01 -4.372219e+01 -3.000000e+00
   endloop
 endfacet
 facet normal -6.280757e-01 -7.781522e-01 -0.000000e+00
   outer loop
     vertex  7.108578e+01 -4.369191e+01  0.000000e+00
     vertex  7.104948e+01 -4.366262e+01 -3.000000e+00
     vertex  7.108578e+01 -4.369191e+01 -3.000000e+00
   endloop
 endfacet
 facet normal -6.491872e-01 -7.606287e-01  0.000000e+00
   outer loop
     vertex  7.108578e+01 -4.369191e+01  0.000000e+00
     vertex  7.112125e+01 -4.372219e+01 -3.000000e+00
     vertex  7.112125e+01 -4.372219e+01  0.000000e+00
   endloop
 endfacet
 facet normal -6.064915e-01 -7.950900e-01 -0.000000e+00
   outer loop
     vertex  7.104948e+01 -4.366262e+01  0.000000e+00
     vertex  7.101240e+01 -4.363433e+01 -3.000000e+00
     vertex  7.104948e+01 -4.366262e+01 -3.000000e+00
   endloop
 endfacet
 facet normal -6.280757e-01 -7.781522e-01 -0.000000e+00
   outer loop
     vertex  7.104948e+01 -4.366262e+01  0.000000e+00
     vertex  7.104948e+01 -4.366262e+01 -3.000000e+00
     vertex  7.108578e+01 -4.369191e+01  0.000000e+00
   endloop
 endfacet
 facet normal -6.064915e-01 -7.950900e-01 -0.000000e+00
   outer loop
     vertex  7.101240e+01 -4.363433e+01  0.000000e+00
     vertex  7.101240e+01 -4.363433e+01 -3.000000e+00
     vertex  7.104948e+01 -4.366262e+01  0.000000e+00
   endloop
 endfacet
 facet normal -5.844507e-01 -8.114292e-01  0.000000e+00
   outer loop
     vertex  7.097455e+01 -4.360707e+01  0.000000e+00
     vertex  7.101240e+01 -4.363433e+01 -3.000000e+00
     vertex  7.101240e+01 -4.363433e+01  0.000000e+00
   endloop
 endfacet
 facet normal -5.844507e-01 -8.114292e-01 -0.000000e+00
   outer loop
     vertex  7.097455e+01 -4.360707e+01  0.000000e+00
     vertex  7.097455e+01 -4.360707e+01 -3.000000e+00
     vertex  7.101240e+01 -4.363433e+01 -3.000000e+00
   endloop
 endfacet
 facet normal -5.619699e-01 -8.271577e-01 -0.000000e+00
   outer loop
     vertex  7.093597e+01 -4.358086e+01  0.000000e+00
     vertex  7.093597e+01 -4.358086e+01 -3.000000e+00
     vertex  7.097455e+01 -4.360707e+01 -3.000000e+00
   endloop
 endfacet
 facet normal -5.619699e-01 -8.271577e-01  0.000000e+00
   outer loop
     vertex  7.093597e+01 -4.358086e+01  0.000000e+00
     vertex  7.097455e+01 -4.360707e+01 -3.000000e+00
     vertex  7.097455e+01 -4.360707e+01  0.000000e+00
   endloop
 endfacet
 facet normal -5.390661e-01 -8.422635e-01  0.000000e+00
   outer loop
     vertex  7.089668e+01 -4.355572e+01  0.000000e+00
     vertex  7.093597e+01 -4.358086e+01 -3.000000e+00
     vertex  7.093597e+01 -4.358086e+01  0.000000e+00
   endloop
 endfacet
 facet normal -5.390661e-01 -8.422635e-01 -0.000000e+00
   outer loop
     vertex  7.089668e+01 -4.355572e+01  0.000000e+00
     vertex  7.089668e+01 -4.355572e+01 -3.000000e+00
     vertex  7.093597e+01 -4.358086e+01 -3.000000e+00
   endloop
 endfacet
 facet normal -5.157565e-01 -8.567352e-01  0.000000e+00
   outer loop
     vertex  7.085672e+01 -4.353166e+01  0.000000e+00
     vertex  7.089668e+01 -4.355572e+01 -3.000000e+00
     vertex  7.089668e+01 -4.355572e+01  0.000000e+00
   endloop
 endfacet
 facet normal -5.157565e-01 -8.567352e-01 -0.000000e+00
   outer loop
     vertex  7.085672e+01 -4.353166e+01  0.000000e+00
     vertex  7.085672e+01 -4.353166e+01 -3.000000e+00
     vertex  7.089668e+01 -4.355572e+01 -3.000000e+00
   endloop
 endfacet
 facet normal -4.920587e-01 -8.705620e-01  0.000000e+00
   outer loop
     vertex  7.081612e+01 -4.350871e+01  0.000000e+00
     vertex  7.085672e+01 -4.353166e+01 -3.000000e+00
     vertex  7.085672e+01 -4.353166e+01  0.000000e+00
   endloop
 endfacet
 facet normal -4.920587e-01 -8.705620e-01 -0.000000e+00
   outer loop
     vertex  7.081612e+01 -4.350871e+01  0.000000e+00
     vertex  7.081612e+01 -4.350871e+01 -3.000000e+00
     vertex  7.085672e+01 -4.353166e+01 -3.000000e+00
   endloop
 endfacet
 facet normal -4.679904e-01 -8.837335e-01  0.000000e+00
   outer loop
     vertex  7.077490e+01 -4.348688e+01  0.000000e+00
     vertex  7.081612e+01 -4.350871e+01 -3.000000e+00
     vertex  7.081612e+01 -4.350871e+01  0.000000e+00
   endloop
 endfacet
 facet normal -4.679904e-01 -8.837335e-01 -0.000000e+00
   outer loop
     vertex  7.077490e+01 -4.348688e+01  0.000000e+00
     vertex  7.077490e+01 -4.348688e+01 -3.000000e+00
     vertex  7.081612e+01 -4.350871e+01 -3.000000e+00
   endloop
 endfacet
 facet normal -4.435699e-01 -8.962398e-01  0.000000e+00
   outer loop
     vertex  7.073310e+01 -4.346619e+01  0.000000e+00
     vertex  7.077490e+01 -4.348688e+01 -3.000000e+00
     vertex  7.077490e+01 -4.348688e+01  0.000000e+00
   endloop
 endfacet
 facet normal -4.435699e-01 -8.962398e-01 -0.000000e+00
   outer loop
     vertex  7.073310e+01 -4.346619e+01  0.000000e+00
     vertex  7.073310e+01 -4.346619e+01 -3.000000e+00
     vertex  7.077490e+01 -4.348688e+01 -3.000000e+00
   endloop
 endfacet
 facet normal -4.188155e-01 -9.080714e-01  0.000000e+00
   outer loop
     vertex  7.069074e+01 -4.344666e+01  0.000000e+00
     vertex  7.073310e+01 -4.346619e+01 -3.000000e+00
     vertex  7.073310e+01 -4.346619e+01  0.000000e+00
   endloop
 endfacet
 facet normal -4.188155e-01 -9.080714e-01 -0.000000e+00
   outer loop
     vertex  7.069074e+01 -4.344666e+01  0.000000e+00
     vertex  7.069074e+01 -4.344666e+01 -3.000000e+00
     vertex  7.073310e+01 -4.346619e+01 -3.000000e+00
   endloop
 endfacet
 facet normal -3.937458e-01 -9.192194e-01  0.000000e+00
   outer loop
     vertex  7.064787e+01 -4.342829e+01  0.000000e+00
     vertex  7.069074e+01 -4.344666e+01 -3.000000e+00
     vertex  7.069074e+01 -4.344666e+01  0.000000e+00
   endloop
 endfacet
 facet normal -3.937458e-01 -9.192194e-01 -0.000000e+00
   outer loop
     vertex  7.064787e+01 -4.342829e+01  0.000000e+00
     vertex  7.064787e+01 -4.342829e+01 -3.000000e+00
     vertex  7.069074e+01 -4.344666e+01 -3.000000e+00
   endloop
 endfacet
 facet normal -3.683796e-01 -9.296754e-01  0.000000e+00
   outer loop
     vertex  7.060451e+01 -4.341111e+01  0.000000e+00
     vertex  7.064787e+01 -4.342829e+01 -3.000000e+00
     vertex  7.064787e+01 -4.342829e+01  0.000000e+00
   endloop
 endfacet
 facet normal -3.683796e-01 -9.296754e-01 -0.000000e+00
   outer loop
     vertex  7.060451e+01 -4.341111e+01  0.000000e+00
     vertex  7.060451e+01 -4.341111e+01 -3.000000e+00
     vertex  7.064787e+01 -4.342829e+01 -3.000000e+00
   endloop
 endfacet
 facet normal -3.427362e-01 -9.394317e-01 -0.000000e+00
   outer loop
     vertex  7.060451e+01 -4.341111e+01  0.000000e+00
     vertex  7.056069e+01 -4.339512e+01 -3.000000e+00
     vertex  7.060451e+01 -4.341111e+01 -3.000000e+00
   endloop
 endfacet
 facet normal -3.427362e-01 -9.394317e-01 -0.000000e+00
   outer loop
     vertex  7.056069e+01 -4.339512e+01  0.000000e+00
     vertex  7.056069e+01 -4.339512e+01 -3.000000e+00
     vertex  7.060451e+01 -4.341111e+01  0.000000e+00
   endloop
 endfacet
 facet normal -3.168348e-01 -9.484807e-01  0.000000e+00
   outer loop
     vertex  7.051645e+01 -4.338035e+01  0.000000e+00
     vertex  7.056069e+01 -4.339512e+01 -3.000000e+00
     vertex  7.056069e+01 -4.339512e+01  0.000000e+00
   endloop
 endfacet
 facet normal -3.168348e-01 -9.484807e-01 -0.000000e+00
   outer loop
     vertex  7.051645e+01 -4.338035e+01  0.000000e+00
     vertex  7.051645e+01 -4.338035e+01 -3.000000e+00
     vertex  7.056069e+01 -4.339512e+01 -3.000000e+00
   endloop
 endfacet
 facet normal -2.906949e-01 -9.568158e-01  0.000000e+00
   outer loop
     vertex  7.047182e+01 -4.336679e+01  0.000000e+00
     vertex  7.051645e+01 -4.338035e+01 -3.000000e+00
     vertex  7.051645e+01 -4.338035e+01  0.000000e+00
   endloop
 endfacet
 facet normal -2.906949e-01 -9.568158e-01 -0.000000e+00
   outer loop
     vertex  7.047182e+01 -4.336679e+01  0.000000e+00
     vertex  7.047182e+01 -4.336679e+01 -3.000000e+00
     vertex  7.051645e+01 -4.338035e+01 -3.000000e+00
   endloop
 endfacet
 facet normal -2.643362e-01 -9.644306e-01  0.000000e+00
   outer loop
     vertex  7.042684e+01 -4.335446e+01  0.000000e+00
     vertex  7.047182e+01 -4.336679e+01 -3.000000e+00
     vertex  7.047182e+01 -4.336679e+01  0.000000e+00
   endloop
 endfacet
 facet normal -2.643362e-01 -9.644306e-01 -0.000000e+00
   outer loop
     vertex  7.042684e+01 -4.335446e+01  0.000000e+00
     vertex  7.042684e+01 -4.335446e+01 -3.000000e+00
     vertex  7.047182e+01 -4.336679e+01 -3.000000e+00
   endloop
 endfacet
 facet normal -2.377784e-01 -9.713194e-01  0.000000e+00
   outer loop
     vertex  7.038153e+01 -4.334337e+01  0.000000e+00
     vertex  7.042684e+01 -4.335446e+01 -3.000000e+00
     vertex  7.042684e+01 -4.335446e+01  0.000000e+00
   endloop
 endfacet
 facet normal -2.377784e-01 -9.713194e-01 -0.000000e+00
   outer loop
     vertex  7.038153e+01 -4.334337e+01  0.000000e+00
     vertex  7.038153e+01 -4.334337e+01 -3.000000e+00
     vertex  7.042684e+01 -4.335446e+01 -3.000000e+00
   endloop
 endfacet
 facet normal -2.110417e-01 -9.774771e-01  0.000000e+00
   outer loop
     vertex  7.033594e+01 -4.333352e+01  0.000000e+00
     vertex  7.038153e+01 -4.334337e+01 -3.000000e+00
     vertex  7.038153e+01 -4.334337e+01  0.000000e+00
   endloop
 endfacet
 facet normal -2.110417e-01 -9.774771e-01 -0.000000e+00
   outer loop
     vertex  7.033594e+01 -4.333352e+01  0.000000e+00
     vertex  7.033594e+01 -4.333352e+01 -3.000000e+00
     vertex  7.038153e+01 -4.334337e+01 -3.000000e+00
   endloop
 endfacet
 facet normal -1.841461e-01 -9.828989e-01  0.000000e+00
   outer loop
     vertex  7.029010e+01 -4.332493e+01  0.000000e+00
     vertex  7.033594e+01 -4.333352e+01 -3.000000e+00
     vertex  7.033594e+01 -4.333352e+01  0.000000e+00
   endloop
 endfacet
 facet normal -1.841461e-01 -9.828989e-01 -0.000000e+00
   outer loop
     vertex  7.029010e+01 -4.332493e+01  0.000000e+00
     vertex  7.029010e+01 -4.332493e+01 -3.000000e+00
     vertex  7.033594e+01 -4.333352e+01 -3.000000e+00
   endloop
 endfacet
 facet normal -1.571119e-01 -9.875808e-01 -0.000000e+00
   outer loop
     vertex  7.029010e+01 -4.332493e+01  0.000000e+00
     vertex  7.024403e+01 -4.331761e+01 -3.000000e+00
     vertex  7.029010e+01 -4.332493e+01 -3.000000e+00
   endloop
 endfacet
 facet normal -1.571119e-01 -9.875808e-01 -0.000000e+00
   outer loop
     vertex  7.024403e+01 -4.331761e+01  0.000000e+00
     vertex  7.024403e+01 -4.331761e+01 -3.000000e+00
     vertex  7.029010e+01 -4.332493e+01  0.000000e+00
   endloop
 endfacet
 facet normal -1.299594e-01 -9.915193e-01 -0.000000e+00
   outer loop
     vertex  7.024403e+01 -4.331761e+01  0.000000e+00
     vertex  7.019779e+01 -4.331154e+01 -3.000000e+00
     vertex  7.024403e+01 -4.331761e+01 -3.000000e+00
   endloop
 endfacet
 facet normal -1.299594e-01 -9.915193e-01 -0.000000e+00
   outer loop
     vertex  7.019779e+01 -4.331154e+01  0.000000e+00
     vertex  7.019779e+01 -4.331154e+01 -3.000000e+00
     vertex  7.024403e+01 -4.331761e+01  0.000000e+00
   endloop
 endfacet
 facet normal -1.027091e-01 -9.947114e-01  0.000000e+00
   outer loop
     vertex  7.015139e+01 -4.330675e+01  0.000000e+00
     vertex  7.019779e+01 -4.331154e+01 -3.000000e+00
     vertex  7.019779e+01 -4.331154e+01  0.000000e+00
   endloop
 endfacet
 facet normal -1.027091e-01 -9.947114e-01 -0.000000e+00
   outer loop
     vertex  7.015139e+01 -4.330675e+01  0.000000e+00
     vertex  7.015139e+01 -4.330675e+01 -3.000000e+00
     vertex  7.019779e+01 -4.331154e+01 -3.000000e+00
   endloop
 endfacet
 facet normal -7.538152e-02 -9.971548e-01  0.000000e+00
   outer loop
     vertex  7.010488e+01 -4.330324e+01  0.000000e+00
     vertex  7.015139e+01 -4.330675e+01 -3.000000e+00
     vertex  7.015139e+01 -4.330675e+01  0.000000e+00
   endloop
 endfacet
 facet normal -7.538152e-02 -9.971548e-01 -0.000000e+00
   outer loop
     vertex  7.010488e+01 -4.330324e+01  0.000000e+00
     vertex  7.010488e+01 -4.330324e+01 -3.000000e+00
     vertex  7.015139e+01 -4.330675e+01 -3.000000e+00
   endloop
 endfacet
 facet normal -4.799716e-02 -9.988475e-01  0.000000e+00
   outer loop
     vertex  7.005829e+01 -4.330100e+01  0.000000e+00
     vertex  7.010488e+01 -4.330324e+01 -3.000000e+00
     vertex  7.010488e+01 -4.330324e+01  0.000000e+00
   endloop
 endfacet
 facet normal -4.799716e-02 -9.988475e-01 -0.000000e+00
   outer loop
     vertex  7.005829e+01 -4.330100e+01  0.000000e+00
     vertex  7.005829e+01 -4.330100e+01 -3.000000e+00
     vertex  7.010488e+01 -4.330324e+01 -3.000000e+00
   endloop
 endfacet
 facet normal -2.057667e-02 -9.997883e-01 -0.000000e+00
   outer loop
     vertex  7.001166e+01 -4.330004e+01  0.000000e+00
     vertex  7.001166e+01 -4.330004e+01 -3.000000e+00
     vertex  7.005829e+01 -4.330100e+01 -3.000000e+00
   endloop
 endfacet
 facet normal -2.057667e-02 -9.997883e-01  0.000000e+00
   outer loop
     vertex  7.001166e+01 -4.330004e+01  0.000000e+00
     vertex  7.005829e+01 -4.330100e+01 -3.000000e+00
     vertex  7.005829e+01 -4.330100e+01  0.000000e+00
   endloop
 endfacet
 facet normal  6.859319e-03 -9.999765e-01  0.000000e+00
   outer loop
     vertex  7.001166e+01 -4.330004e+01  0.000000e+00
     vertex  6.996502e+01 -4.330036e+01 -3.000000e+00
     vertex  7.001166e+01 -4.330004e+01 -3.000000e+00
   endloop
 endfacet
 facet normal  6.859319e-03 -9.999765e-01  0.000000e+00
   outer loop
     vertex  6.996502e+01 -4.330036e+01  0.000000e+00
     vertex  6.996502e+01 -4.330036e+01 -3.000000e+00
     vertex  7.001166e+01 -4.330004e+01  0.000000e+00
   endloop
 endfacet
 facet normal  3.429014e-02 -9.994119e-01  0.000000e+00
   outer loop
     vertex  6.991840e+01 -4.330196e+01  0.000000e+00
     vertex  6.991840e+01 -4.330196e+01 -3.000000e+00
     vertex  6.996502e+01 -4.330036e+01 -3.000000e+00
   endloop
 endfacet
 facet normal  3.429014e-02 -9.994119e-01  0.000000e+00
   outer loop
     vertex  6.991840e+01 -4.330196e+01  0.000000e+00
     vertex  6.996502e+01 -4.330036e+01 -3.000000e+00
     vertex  6.996502e+01 -4.330036e+01  0.000000e+00
   endloop
 endfacet
 facet normal  6.169515e-02 -9.980950e-01  0.000000e+00
   outer loop
     vertex  6.987185e+01 -4.330484e+01  0.000000e+00
     vertex  6.987185e+01 -4.330484e+01 -3.000000e+00
     vertex  6.991840e+01 -4.330196e+01 -3.000000e+00
   endloop
 endfacet
 facet normal  8.905371e-02 -9.960268e-01  0.000000e+00
   outer loop
     vertex  6.987185e+01 -4.330484e+01  0.000000e+00
     vertex  6.982539e+01 -4.330899e+01 -3.000000e+00
     vertex  6.987185e+01 -4.330484e+01 -3.000000e+00
   endloop
 endfacet
 facet normal  6.169515e-02 -9.980950e-01  0.000000e+00
   outer loop
     vertex  6.987185e+01 -4.330484e+01  0.000000e+00
     vertex  6.991840e+01 -4.330196e+01 -3.000000e+00
     vertex  6.991840e+01 -4.330196e+01  0.000000e+00
   endloop
 endfacet
 facet normal  8.905371e-02 -9.960268e-01  0.000000e+00
   outer loop
     vertex  6.982539e+01 -4.330899e+01  0.000000e+00
     vertex  6.982539e+01 -4.330899e+01 -3.000000e+00
     vertex  6.987185e+01 -4.330484e+01  0.000000e+00
   endloop
 endfacet
 facet normal  1.163452e-01 -9.932088e-01  0.000000e+00
   outer loop
     vertex  6.977907e+01 -4.331442e+01  0.000000e+00
     vertex  6.982539e+01 -4.330899e+01 -3.000000e+00
     vertex  6.982539e+01 -4.330899e+01  0.000000e+00
   endloop
 endfacet
 facet normal  1.163452e-01 -9.932088e-01  0.000000e+00
   outer loop
     vertex  6.977907e+01 -4.331442e+01  0.000000e+00
     vertex  6.977907e+01 -4.331442e+01 -3.000000e+00
     vertex  6.982539e+01 -4.330899e+01 -3.000000e+00
   endloop
 endfacet
 facet normal  1.435492e-01 -9.896432e-01  0.000000e+00
   outer loop
     vertex  6.973291e+01 -4.332111e+01  0.000000e+00
     vertex  6.977907e+01 -4.331442e+01 -3.000000e+00
     vertex  6.977907e+01 -4.331442e+01  0.000000e+00
   endloop
 endfacet
 facet normal  1.435492e-01 -9.896432e-01  0.000000e+00
   outer loop
     vertex  6.973291e+01 -4.332111e+01  0.000000e+00
     vertex  6.973291e+01 -4.332111e+01 -3.000000e+00
     vertex  6.977907e+01 -4.331442e+01 -3.000000e+00
   endloop
 endfacet
 facet normal  1.706451e-01 -9.853326e-01  0.000000e+00
   outer loop
     vertex  6.973291e+01 -4.332111e+01  0.000000e+00
     vertex  6.968695e+01 -4.332907e+01 -3.000000e+00
     vertex  6.973291e+01 -4.332111e+01 -3.000000e+00
   endloop
 endfacet
 facet normal  1.706451e-01 -9.853326e-01  0.000000e+00
   outer loop
     vertex  6.968695e+01 -4.332907e+01  0.000000e+00
     vertex  6.968695e+01 -4.332907e+01 -3.000000e+00
     vertex  6.973291e+01 -4.332111e+01  0.000000e+00
   endloop
 endfacet
 facet normal  1.976125e-01 -9.802802e-01  0.000000e+00
   outer loop
     vertex  6.964123e+01 -4.333829e+01  0.000000e+00
     vertex  6.968695e+01 -4.332907e+01 -3.000000e+00
     vertex  6.968695e+01 -4.332907e+01  0.000000e+00
   endloop
 endfacet
 facet normal  1.976125e-01 -9.802802e-01  0.000000e+00
   outer loop
     vertex  6.964123e+01 -4.333829e+01  0.000000e+00
     vertex  6.964123e+01 -4.333829e+01 -3.000000e+00
     vertex  6.968695e+01 -4.332907e+01 -3.000000e+00
   endloop
 endfacet
 facet normal  2.244312e-01 -9.744899e-01  0.000000e+00
   outer loop
     vertex  6.959578e+01 -4.334876e+01  0.000000e+00
     vertex  6.964123e+01 -4.333829e+01 -3.000000e+00
     vertex  6.964123e+01 -4.333829e+01  0.000000e+00
   endloop
 endfacet
 facet normal  2.244312e-01 -9.744899e-01  0.000000e+00
   outer loop
     vertex  6.959578e+01 -4.334876e+01  0.000000e+00
     vertex  6.959578e+01 -4.334876e+01 -3.000000e+00
     vertex  6.964123e+01 -4.333829e+01 -3.000000e+00
   endloop
 endfacet
 facet normal  2.510809e-01 -9.679661e-01  0.000000e+00
   outer loop
     vertex  6.959578e+01 -4.334876e+01  0.000000e+00
     vertex  6.955063e+01 -4.336047e+01 -3.000000e+00
     vertex  6.959578e+01 -4.334876e+01 -3.000000e+00
   endloop
 endfacet
 facet normal  2.510809e-01 -9.679661e-01  0.000000e+00
   outer loop
     vertex  6.955063e+01 -4.336047e+01  0.000000e+00
     vertex  6.955063e+01 -4.336047e+01 -3.000000e+00
     vertex  6.959578e+01 -4.334876e+01  0.000000e+00
   endloop
 endfacet
 facet normal  2.775416e-01 -9.607136e-01  0.000000e+00
   outer loop
     vertex  6.950582e+01 -4.337341e+01  0.000000e+00
     vertex  6.955063e+01 -4.336047e+01 -3.000000e+00
     vertex  6.955063e+01 -4.336047e+01  0.000000e+00
   endloop
 endfacet
 facet normal  2.775416e-01 -9.607136e-01  0.000000e+00
   outer loop
     vertex  6.950582e+01 -4.337341e+01  0.000000e+00
     vertex  6.950582e+01 -4.337341e+01 -3.000000e+00
     vertex  6.955063e+01 -4.336047e+01 -3.000000e+00
   endloop
 endfacet
 facet normal  3.037934e-01 -9.527379e-01  0.000000e+00
   outer loop
     vertex  6.946138e+01 -4.338758e+01  0.000000e+00
     vertex  6.950582e+01 -4.337341e+01 -3.000000e+00
     vertex  6.950582e+01 -4.337341e+01  0.000000e+00
   endloop
 endfacet
 facet normal  3.037934e-01 -9.527379e-01  0.000000e+00
   outer loop
     vertex  6.946138e+01 -4.338758e+01  0.000000e+00
     vertex  6.946138e+01 -4.338758e+01 -3.000000e+00
     vertex  6.950582e+01 -4.337341e+01 -3.000000e+00
   endloop
 endfacet
 facet normal  3.298166e-01 -9.440450e-01  0.000000e+00
   outer loop
     vertex  6.941735e+01 -4.340297e+01  0.000000e+00
     vertex  6.946138e+01 -4.338758e+01 -3.000000e+00
     vertex  6.946138e+01 -4.338758e+01  0.000000e+00
   endloop
 endfacet
 facet normal  3.298166e-01 -9.440450e-01  0.000000e+00
   outer loop
     vertex  6.941735e+01 -4.340297e+01  0.000000e+00
     vertex  6.941735e+01 -4.340297e+01 -3.000000e+00
     vertex  6.946138e+01 -4.338758e+01 -3.000000e+00
   endloop
 endfacet
 facet normal  3.555914e-01 -9.346415e-01  0.000000e+00
   outer loop
     vertex  6.941735e+01 -4.340297e+01  0.000000e+00
     vertex  6.937375e+01 -4.341955e+01 -3.000000e+00
     vertex  6.941735e+01 -4.340297e+01 -3.000000e+00
   endloop
 endfacet
 facet normal  3.555914e-01 -9.346415e-01  0.000000e+00
   outer loop
     vertex  6.937375e+01 -4.341955e+01  0.000000e+00
     vertex  6.937375e+01 -4.341955e+01 -3.000000e+00
     vertex  6.941735e+01 -4.340297e+01  0.000000e+00
   endloop
 endfacet
 facet normal  4.063188e-01 -9.137314e-01  0.000000e+00
   outer loop
     vertex  6.933063e+01 -4.343733e+01  0.000000e+00
     vertex  6.928801e+01 -4.345628e+01 -3.000000e+00
     vertex  6.933063e+01 -4.343733e+01 -3.000000e+00
   endloop
 endfacet
 facet normal  3.810986e-01 -9.245344e-01  0.000000e+00
   outer loop
     vertex  6.933063e+01 -4.343733e+01  0.000000e+00
     vertex  6.937375e+01 -4.341955e+01 -3.000000e+00
     vertex  6.937375e+01 -4.341955e+01  0.000000e+00
   endloop
 endfacet
 facet normal  3.810986e-01 -9.245344e-01  0.000000e+00
   outer loop
     vertex  6.933063e+01 -4.343733e+01  0.000000e+00
     vertex  6.933063e+01 -4.343733e+01 -3.000000e+00
     vertex  6.937375e+01 -4.341955e+01 -3.000000e+00
   endloop
 endfacet
 facet normal  4.063188e-01 -9.137314e-01  0.000000e+00
   outer loop
     vertex  6.928801e+01 -4.345628e+01  0.000000e+00
     vertex  6.928801e+01 -4.345628e+01 -3.000000e+00
     vertex  6.933063e+01 -4.343733e+01  0.000000e+00
   endloop
 endfacet
 facet normal  4.312333e-01 -9.022405e-01  0.000000e+00
   outer loop
     vertex  6.924593e+01 -4.347639e+01  0.000000e+00
     vertex  6.924593e+01 -4.347639e+01 -3.000000e+00
     vertex  6.928801e+01 -4.345628e+01 -3.000000e+00
   endloop
 endfacet
 facet normal  4.312333e-01 -9.022405e-01  0.000000e+00
   outer loop
     vertex  6.924593e+01 -4.347639e+01  0.000000e+00
     vertex  6.928801e+01 -4.345628e+01 -3.000000e+00
     vertex  6.928801e+01 -4.345628e+01  0.000000e+00
   endloop
 endfacet
 facet normal  4.558231e-01 -8.900704e-01  0.000000e+00
   outer loop
     vertex  6.920442e+01 -4.349765e+01  0.000000e+00
     vertex  6.920442e+01 -4.349765e+01 -3.000000e+00
     vertex  6.924593e+01 -4.347639e+01 -3.000000e+00
   endloop
 endfacet
 facet normal  4.800697e-01 -8.772303e-01  0.000000e+00
   outer loop
     vertex  6.920442e+01 -4.349765e+01  0.000000e+00
     vertex  6.916350e+01 -4.352004e+01 -3.000000e+00
     vertex  6.920442e+01 -4.349765e+01 -3.000000e+00
   endloop
 endfacet
 facet normal  4.558231e-01 -8.900704e-01  0.000000e+00
   outer loop
     vertex  6.920442e+01 -4.349765e+01  0.000000e+00
     vertex  6.924593e+01 -4.347639e+01 -3.000000e+00
     vertex  6.924593e+01 -4.347639e+01  0.000000e+00
   endloop
 endfacet
 facet normal  4.800697e-01 -8.772303e-01  0.000000e+00
   outer loop
     vertex  6.916350e+01 -4.352004e+01  0.000000e+00
     vertex  6.916350e+01 -4.352004e+01 -3.000000e+00
     vertex  6.920442e+01 -4.349765e+01  0.000000e+00
   endloop
 endfacet
 facet normal  5.039550e-01 -8.637299e-01  0.000000e+00
   outer loop
     vertex  6.912321e+01 -4.354355e+01  0.000000e+00
     vertex  6.912321e+01 -4.354355e+01 -3.000000e+00
     vertex  6.916350e+01 -4.352004e+01 -3.000000e+00
   endloop
 endfacet
 facet normal  5.039550e-01 -8.637299e-01  0.000000e+00
   outer loop
     vertex  6.912321e+01 -4.354355e+01  0.000000e+00
     vertex  6.916350e+01 -4.352004e+01 -3.000000e+00
     vertex  6.916350e+01 -4.352004e+01  0.000000e+00
   endloop
 endfacet
 facet normal  5.274609e-01 -8.495793e-01  0.000000e+00
   outer loop
     vertex  6.908359e+01 -4.356815e+01  0.000000e+00
     vertex  6.908359e+01 -4.356815e+01 -3.000000e+00
     vertex  6.912321e+01 -4.354355e+01 -3.000000e+00
   endloop
 endfacet
 facet normal  5.505698e-01 -8.347891e-01  0.000000e+00
   outer loop
     vertex  6.908359e+01 -4.356815e+01  0.000000e+00
     vertex  6.904465e+01 -4.359383e+01 -3.000000e+00
     vertex  6.908359e+01 -4.356815e+01 -3.000000e+00
   endloop
 endfacet
 facet normal  5.274609e-01 -8.495793e-01  0.000000e+00
   outer loop
     vertex  6.908359e+01 -4.356815e+01  0.000000e+00
     vertex  6.912321e+01 -4.354355e+01 -3.000000e+00
     vertex  6.912321e+01 -4.354355e+01  0.000000e+00
   endloop
 endfacet
 facet normal  5.505698e-01 -8.347891e-01  0.000000e+00
   outer loop
     vertex  6.904465e+01 -4.359383e+01  0.000000e+00
     vertex  6.904465e+01 -4.359383e+01 -3.000000e+00
     vertex  6.908359e+01 -4.356815e+01  0.000000e+00
   endloop
 endfacet
 facet normal  5.732642e-01 -8.193706e-01  0.000000e+00
   outer loop
     vertex  6.900643e+01 -4.362057e+01  0.000000e+00
     vertex  6.900643e+01 -4.362057e+01 -3.000000e+00
     vertex  6.904465e+01 -4.359383e+01 -3.000000e+00
   endloop
 endfacet
 facet normal  5.732642e-01 -8.193706e-01  0.000000e+00
   outer loop
     vertex  6.900643e+01 -4.362057e+01  0.000000e+00
     vertex  6.904465e+01 -4.359383e+01 -3.000000e+00
     vertex  6.904465e+01 -4.359383e+01  0.000000e+00
   endloop
 endfacet
 facet normal  5.955271e-01 -8.033352e-01  0.000000e+00
   outer loop
     vertex  6.896896e+01 -4.364835e+01  0.000000e+00
     vertex  6.896896e+01 -4.364835e+01 -3.000000e+00
     vertex  6.900643e+01 -4.362057e+01 -3.000000e+00
   endloop
 endfacet
 facet normal  6.173417e-01 -7.866951e-01  0.000000e+00
   outer loop
     vertex  6.896896e+01 -4.364835e+01  0.000000e+00
     vertex  6.893227e+01 -4.367714e+01 -3.000000e+00
     vertex  6.896896e+01 -4.364835e+01 -3.000000e+00
   endloop
 endfacet
 facet normal  5.955271e-01 -8.033352e-01  0.000000e+00
   outer loop
     vertex  6.896896e+01 -4.364835e+01  0.000000e+00
     vertex  6.900643e+01 -4.362057e+01 -3.000000e+00
     vertex  6.900643e+01 -4.362057e+01  0.000000e+00
   endloop
 endfacet
 facet normal  6.173417e-01 -7.866951e-01  0.000000e+00
   outer loop
     vertex  6.893227e+01 -4.367714e+01  0.000000e+00
     vertex  6.893227e+01 -4.367714e+01 -3.000000e+00
     vertex  6.896896e+01 -4.364835e+01  0.000000e+00
   endloop
 endfacet
 facet normal  6.386916e-01 -7.694628e-01  0.000000e+00
   outer loop
     vertex  6.889638e+01 -4.370693e+01  0.000000e+00
     vertex  6.889638e+01 -4.370693e+01 -3.000000e+00
     vertex  6.893227e+01 -4.367714e+01 -3.000000e+00
   endloop
 endfacet
 facet normal  6.386916e-01 -7.694628e-01  0.000000e+00
   outer loop
     vertex  6.889638e+01 -4.370693e+01  0.000000e+00
     vertex  6.893227e+01 -4.367714e+01 -3.000000e+00
     vertex  6.893227e+01 -4.367714e+01  0.000000e+00
   endloop
 endfacet
 facet normal  6.595607e-01 -7.516513e-01  0.000000e+00
   outer loop
     vertex  6.886132e+01 -4.373769e+01  0.000000e+00
     vertex  6.886132e+01 -4.373769e+01 -3.000000e+00
     vertex  6.889638e+01 -4.370693e+01 -3.000000e+00
   endloop
 endfacet
 facet normal  6.595607e-01 -7.516513e-01  0.000000e+00
   outer loop
     vertex  6.886132e+01 -4.373769e+01  0.000000e+00
     vertex  6.889638e+01 -4.370693e+01 -3.000000e+00
     vertex  6.889638e+01 -4.370693e+01  0.000000e+00
   endloop
 endfacet
 facet normal  6.799333e-01 -7.332740e-01  0.000000e+00
   outer loop
     vertex  6.882712e+01 -4.376941e+01  0.000000e+00
     vertex  6.882712e+01 -4.376941e+01 -3.000000e+00
     vertex  6.886132e+01 -4.373769e+01 -3.000000e+00
   endloop
 endfacet
 facet normal  6.997940e-01 -7.143447e-01  0.000000e+00
   outer loop
     vertex  6.882712e+01 -4.376941e+01  0.000000e+00
     vertex  6.879380e+01 -4.380205e+01 -3.000000e+00
     vertex  6.882712e+01 -4.376941e+01 -3.000000e+00
   endloop
 endfacet
 facet normal  6.799333e-01 -7.332740e-01  0.000000e+00
   outer loop
     vertex  6.882712e+01 -4.376941e+01  0.000000e+00
     vertex  6.886132e+01 -4.373769e+01 -3.000000e+00
     vertex  6.886132e+01 -4.373769e+01  0.000000e+00
   endloop
 endfacet
 facet normal  6.997940e-01 -7.143447e-01  0.000000e+00
   outer loop
     vertex  6.879380e+01 -4.380205e+01  0.000000e+00
     vertex  6.879380e+01 -4.380205e+01 -3.000000e+00
     vertex  6.882712e+01 -4.376941e+01  0.000000e+00
   endloop
 endfacet
 facet normal  7.191280e-01 -6.948776e-01  0.000000e+00
   outer loop
     vertex  6.879380e+01 -4.380205e+01  0.000000e+00
     vertex  6.876139e+01 -4.383559e+01 -3.000000e+00
     vertex  6.879380e+01 -4.380205e+01 -3.000000e+00
   endloop
 endfacet
 facet normal  7.191280e-01 -6.948776e-01  0.000000e+00
   outer loop
     vertex  6.876139e+01 -4.383559e+01  0.000000e+00
     vertex  6.876139e+01 -4.383559e+01 -3.000000e+00
     vertex  6.879380e+01 -4.380205e+01  0.000000e+00
   endloop
 endfacet
 facet normal  7.379206e-01 -6.748875e-01  0.000000e+00
   outer loop
     vertex  6.876139e+01 -4.383559e+01  0.000000e+00
     vertex  6.872991e+01 -4.387001e+01 -3.000000e+00
     vertex  6.876139e+01 -4.383559e+01 -3.000000e+00
   endloop
 endfacet
 facet normal  7.379206e-01 -6.748875e-01  0.000000e+00
   outer loop
     vertex  6.872991e+01 -4.387001e+01  0.000000e+00
     vertex  6.872991e+01 -4.387001e+01 -3.000000e+00
     vertex  6.876139e+01 -4.383559e+01  0.000000e+00
   endloop
 endfacet
 facet normal  7.561578e-01 -6.543893e-01  0.000000e+00
   outer loop
     vertex  6.869939e+01 -4.390528e+01  0.000000e+00
     vertex  6.872991e+01 -4.387001e+01 -3.000000e+00
     vertex  6.872991e+01 -4.387001e+01  0.000000e+00
   endloop
 endfacet
 facet normal  7.561578e-01 -6.543893e-01  0.000000e+00
   outer loop
     vertex  6.869939e+01 -4.390528e+01  0.000000e+00
     vertex  6.869939e+01 -4.390528e+01 -3.000000e+00
     vertex  6.872991e+01 -4.387001e+01 -3.000000e+00
   endloop
 endfacet
 facet normal  7.738257e-01 -6.333986e-01  0.000000e+00
   outer loop
     vertex  6.869939e+01 -4.390528e+01  0.000000e+00
     vertex  6.866985e+01 -4.394137e+01 -3.000000e+00
     vertex  6.869939e+01 -4.390528e+01 -3.000000e+00
   endloop
 endfacet
 facet normal  7.738257e-01 -6.333986e-01  0.000000e+00
   outer loop
     vertex  6.866985e+01 -4.394137e+01  0.000000e+00
     vertex  6.866985e+01 -4.394137e+01 -3.000000e+00
     vertex  6.869939e+01 -4.390528e+01  0.000000e+00
   endloop
 endfacet
 facet normal  7.909112e-01 -6.119310e-01  0.000000e+00
   outer loop
     vertex  6.864131e+01 -4.397826e+01  0.000000e+00
     vertex  6.864131e+01 -4.397826e+01 -3.000000e+00
     vertex  6.866985e+01 -4.394137e+01 -3.000000e+00
   endloop
 endfacet
 facet normal  7.909112e-01 -6.119310e-01  0.000000e+00
   outer loop
     vertex  6.864131e+01 -4.397826e+01  0.000000e+00
     vertex  6.866985e+01 -4.394137e+01 -3.000000e+00
     vertex  6.866985e+01 -4.394137e+01  0.000000e+00
   endloop
 endfacet
 facet normal  8.074012e-01 -5.900028e-01  0.000000e+00
   outer loop
     vertex  6.861379e+01 -4.401592e+01  0.000000e+00
     vertex  6.864131e+01 -4.397826e+01 -3.000000e+00
     vertex  6.864131e+01 -4.397826e+01  0.000000e+00
   endloop
 endfacet
 facet normal  8.074012e-01 -5.900028e-01  0.000000e+00
   outer loop
     vertex  6.861379e+01 -4.401592e+01  0.000000e+00
     vertex  6.861379e+01 -4.401592e+01 -3.000000e+00
     vertex  6.864131e+01 -4.397826e+01 -3.000000e+00
   endloop
 endfacet
 facet normal  8.232835e-01 -5.676304e-01  0.000000e+00
   outer loop
     vertex  6.861379e+01 -4.401592e+01  0.000000e+00
     vertex  6.858731e+01 -4.405432e+01 -3.000000e+00
     vertex  6.861379e+01 -4.401592e+01 -3.000000e+00
   endloop
 endfacet
 facet normal  8.385460e-01 -5.448308e-01  0.000000e+00
   outer loop
     vertex  6.858731e+01 -4.405432e+01  0.000000e+00
     vertex  6.856190e+01 -4.409343e+01 -3.000000e+00
     vertex  6.858731e+01 -4.405432e+01 -3.000000e+00
   endloop
 endfacet
 facet normal  8.232835e-01 -5.676304e-01  0.000000e+00
   outer loop
     vertex  6.858731e+01 -4.405432e+01  0.000000e+00
     vertex  6.858731e+01 -4.405432e+01 -3.000000e+00
     vertex  6.861379e+01 -4.401592e+01  0.000000e+00
   endloop
 endfacet
 facet normal  8.385460e-01 -5.448308e-01  0.000000e+00
   outer loop
     vertex  6.856190e+01 -4.409343e+01  0.000000e+00
     vertex  6.856190e+01 -4.409343e+01 -3.000000e+00
     vertex  6.858731e+01 -4.405432e+01  0.000000e+00
   endloop
 endfacet
 facet normal  8.531773e-01 -5.216210e-01  0.000000e+00
   outer loop
     vertex  6.853757e+01 -4.413322e+01  0.000000e+00
     vertex  6.853757e+01 -4.413322e+01 -3.000000e+00
     vertex  6.856190e+01 -4.409343e+01 -3.000000e+00
   endloop
 endfacet
 facet normal  8.671664e-01 -4.980186e-01  0.000000e+00
   outer loop
     vertex  6.853757e+01 -4.413322e+01  0.000000e+00
     vertex  6.851434e+01 -4.417367e+01 -3.000000e+00
     vertex  6.853757e+01 -4.413322e+01 -3.000000e+00
   endloop
 endfacet
 facet normal  8.531773e-01 -5.216210e-01  0.000000e+00
   outer loop
     vertex  6.853757e+01 -4.413322e+01  0.000000e+00
     vertex  6.856190e+01 -4.409343e+01 -3.000000e+00
     vertex  6.856190e+01 -4.409343e+01  0.000000e+00
   endloop
 endfacet
 facet normal  8.671664e-01 -4.980186e-01  0.000000e+00
   outer loop
     vertex  6.851434e+01 -4.417367e+01  0.000000e+00
     vertex  6.851434e+01 -4.417367e+01 -3.000000e+00
     vertex  6.853757e+01 -4.413322e+01  0.000000e+00
   endloop
 endfacet
 facet normal  8.805026e-01 -4.740412e-01  0.000000e+00
   outer loop
     vertex  6.849223e+01 -4.421474e+01  0.000000e+00
     vertex  6.849223e+01 -4.421474e+01 -3.000000e+00
     vertex  6.851434e+01 -4.417367e+01 -3.000000e+00
   endloop
 endfacet
 facet normal  8.805026e-01 -4.740412e-01  0.000000e+00
   outer loop
     vertex  6.849223e+01 -4.421474e+01  0.000000e+00
     vertex  6.851434e+01 -4.417367e+01 -3.000000e+00
     vertex  6.851434e+01 -4.417367e+01  0.000000e+00
   endloop
 endfacet
 facet normal  8.931761e-01 -4.497071e-01  0.000000e+00
   outer loop
     vertex  6.847126e+01 -4.425640e+01  0.000000e+00
     vertex  6.847126e+01 -4.425640e+01 -3.000000e+00
     vertex  6.849223e+01 -4.421474e+01 -3.000000e+00
   endloop
 endfacet
 facet normal  9.051772e-01 -4.250344e-01  0.000000e+00
   outer loop
     vertex  6.847126e+01 -4.425640e+01  0.000000e+00
     vertex  6.845143e+01 -4.429862e+01 -3.000000e+00
     vertex  6.847126e+01 -4.425640e+01 -3.000000e+00
   endloop
 endfacet
 facet normal  8.931761e-01 -4.497071e-01  0.000000e+00
   outer loop
     vertex  6.847126e+01 -4.425640e+01  0.000000e+00
     vertex  6.849223e+01 -4.421474e+01 -3.000000e+00
     vertex  6.849223e+01 -4.421474e+01  0.000000e+00
   endloop
 endfacet
 facet normal  9.051772e-01 -4.250344e-01  0.000000e+00
   outer loop
     vertex  6.845143e+01 -4.429862e+01  0.000000e+00
     vertex  6.845143e+01 -4.429862e+01 -3.000000e+00
     vertex  6.847126e+01 -4.425640e+01  0.000000e+00
   endloop
 endfacet
 facet normal  9.164969e-01 -4.000417e-01  0.000000e+00
   outer loop
     vertex  6.843277e+01 -4.434137e+01  0.000000e+00
     vertex  6.843277e+01 -4.434137e+01 -3.000000e+00
     vertex  6.845143e+01 -4.429862e+01 -3.000000e+00
   endloop
 endfacet
 facet normal  9.164969e-01 -4.000417e-01  0.000000e+00
   outer loop
     vertex  6.843277e+01 -4.434137e+01  0.000000e+00
     vertex  6.845143e+01 -4.429862e+01 -3.000000e+00
     vertex  6.845143e+01 -4.429862e+01  0.000000e+00
   endloop
 endfacet
 facet normal  9.271267e-01 -3.747479e-01  0.000000e+00
   outer loop
     vertex  6.841529e+01 -4.438461e+01  0.000000e+00
     vertex  6.841529e+01 -4.438461e+01 -3.000000e+00
     vertex  6.843277e+01 -4.434137e+01 -3.000000e+00
   endloop
 endfacet
 facet normal  9.370586e-01 -3.491720e-01  0.000000e+00
   outer loop
     vertex  6.841529e+01 -4.438461e+01  0.000000e+00
     vertex  6.839901e+01 -4.442832e+01 -3.000000e+00
     vertex  6.841529e+01 -4.438461e+01 -3.000000e+00
   endloop
 endfacet
 facet normal  9.271267e-01 -3.747479e-01  0.000000e+00
   outer loop
     vertex  6.841529e+01 -4.438461e+01  0.000000e+00
     vertex  6.843277e+01 -4.434137e+01 -3.000000e+00
     vertex  6.843277e+01 -4.434137e+01  0.000000e+00
   endloop
 endfacet
 facet normal  9.370586e-01 -3.491720e-01  0.000000e+00
   outer loop
     vertex  6.839901e+01 -4.442832e+01  0.000000e+00
     vertex  6.839901e+01 -4.442832e+01 -3.000000e+00
     vertex  6.841529e+01 -4.438461e+01  0.000000e+00
   endloop
 endfacet
 facet normal  9.462851e-01 -3.233333e-01  0.000000e+00
   outer loop
     vertex  6.838393e+01 -4.447245e+01  0.000000e+00
     vertex  6.838393e+01 -4.447245e+01 -3.000000e+00
     vertex  6.839901e+01 -4.442832e+01 -3.000000e+00
   endloop
 endfacet
 facet normal  9.462851e-01 -3.233333e-01  0.000000e+00
   outer loop
     vertex  6.838393e+01 -4.447245e+01  0.000000e+00
     vertex  6.839901e+01 -4.442832e+01 -3.000000e+00
     vertex  6.839901e+01 -4.442832e+01  0.000000e+00
   endloop
 endfacet
 facet normal  9.547993e-01 -2.972512e-01  0.000000e+00
   outer loop
     vertex  6.837006e+01 -4.451699e+01  0.000000e+00
     vertex  6.837006e+01 -4.451699e+01 -3.000000e+00
     vertex  6.838393e+01 -4.447245e+01 -3.000000e+00
   endloop
 endfacet
 facet normal  9.625948e-01 -2.709453e-01  0.000000e+00
   outer loop
     vertex  6.837006e+01 -4.451699e+01  0.000000e+00
     vertex  6.835742e+01 -4.456189e+01 -3.000000e+00
     vertex  6.837006e+01 -4.451699e+01 -3.000000e+00
   endloop
 endfacet
 facet normal  9.547993e-01 -2.972512e-01  0.000000e+00
   outer loop
     vertex  6.837006e+01 -4.451699e+01  0.000000e+00
     vertex  6.838393e+01 -4.447245e+01 -3.000000e+00
     vertex  6.838393e+01 -4.447245e+01  0.000000e+00
   endloop
 endfacet
 facet normal  9.625948e-01 -2.709453e-01  0.000000e+00
   outer loop
     vertex  6.835742e+01 -4.456189e+01  0.000000e+00
     vertex  6.835742e+01 -4.456189e+01 -3.000000e+00
     vertex  6.837006e+01 -4.451699e+01  0.000000e+00
   endloop
 endfacet
 facet normal  9.696656e-01 -2.444354e-01  0.000000e+00
   outer loop
     vertex  6.834602e+01 -4.460711e+01  0.000000e+00
     vertex  6.834602e+01 -4.460711e+01 -3.000000e+00
     vertex  6.835742e+01 -4.456189e+01 -3.000000e+00
   endloop
 endfacet
 facet normal  9.696656e-01 -2.444354e-01  0.000000e+00
   outer loop
     vertex  6.834602e+01 -4.460711e+01  0.000000e+00
     vertex  6.835742e+01 -4.456189e+01 -3.000000e+00
     vertex  6.835742e+01 -4.456189e+01  0.000000e+00
   endloop
 endfacet
 facet normal  9.760065e-01 -2.177416e-01  0.000000e+00
   outer loop
     vertex  6.833587e+01 -4.465264e+01  0.000000e+00
     vertex  6.833587e+01 -4.465264e+01 -3.000000e+00
     vertex  6.834602e+01 -4.460711e+01 -3.000000e+00
   endloop
 endfacet
 facet normal  9.816126e-01 -1.908838e-01  0.000000e+00
   outer loop
     vertex  6.833587e+01 -4.465264e+01  0.000000e+00
     vertex  6.832696e+01 -4.469842e+01 -3.000000e+00
     vertex  6.833587e+01 -4.465264e+01 -3.000000e+00
   endloop
 endfacet
 facet normal  9.760065e-01 -2.177416e-01  0.000000e+00
   outer loop
     vertex  6.833587e+01 -4.465264e+01  0.000000e+00
     vertex  6.834602e+01 -4.460711e+01 -3.000000e+00
     vertex  6.834602e+01 -4.460711e+01  0.000000e+00
   endloop
 endfacet
 facet normal  9.816126e-01 -1.908838e-01  0.000000e+00
   outer loop
     vertex  6.832696e+01 -4.469842e+01  0.000000e+00
     vertex  6.832696e+01 -4.469842e+01 -3.000000e+00
     vertex  6.833587e+01 -4.465264e+01  0.000000e+00
   endloop
 endfacet
 facet normal  9.864799e-01 -1.638824e-01  0.000000e+00
   outer loop
     vertex  6.831932e+01 -4.474443e+01  0.000000e+00
     vertex  6.831932e+01 -4.474443e+01 -3.000000e+00
     vertex  6.832696e+01 -4.469842e+01 -3.000000e+00
   endloop
 endfacet
 facet normal  9.864799e-01 -1.638824e-01  0.000000e+00
   outer loop
     vertex  6.831932e+01 -4.474443e+01  0.000000e+00
     vertex  6.832696e+01 -4.469842e+01 -3.000000e+00
     vertex  6.832696e+01 -4.469842e+01  0.000000e+00
   endloop
 endfacet
 facet normal  9.906046e-01 -1.367575e-01  0.000000e+00
   outer loop
     vertex  6.831294e+01 -4.479064e+01  0.000000e+00
     vertex  6.831294e+01 -4.479064e+01 -3.000000e+00
     vertex  6.831932e+01 -4.474443e+01 -3.000000e+00
   endloop
 endfacet
 facet normal  9.939835e-01 -1.095298e-01  0.000000e+00
   outer loop
     vertex  6.831294e+01 -4.479064e+01  0.000000e+00
     vertex  6.830783e+01 -4.483700e+01 -3.000000e+00
     vertex  6.831294e+01 -4.479064e+01 -3.000000e+00
   endloop
 endfacet
 facet normal  9.906046e-01 -1.367575e-01  0.000000e+00
   outer loop
     vertex  6.831294e+01 -4.479064e+01  0.000000e+00
     vertex  6.831932e+01 -4.474443e+01 -3.000000e+00
     vertex  6.831932e+01 -4.474443e+01  0.000000e+00
   endloop
 endfacet
 facet normal  9.939835e-01 -1.095298e-01  0.000000e+00
   outer loop
     vertex  6.830783e+01 -4.483700e+01  0.000000e+00
     vertex  6.830783e+01 -4.483700e+01 -3.000000e+00
     vertex  6.831294e+01 -4.479064e+01  0.000000e+00
   endloop
 endfacet
 facet normal  9.966142e-01 -8.221955e-02  0.000000e+00
   outer loop
     vertex  6.830400e+01 -4.488348e+01  0.000000e+00
     vertex  6.830783e+01 -4.483700e+01 -3.000000e+00
     vertex  6.830783e+01 -4.483700e+01  0.000000e+00
   endloop
 endfacet
 facet normal  9.966142e-01 -8.221955e-02  0.000000e+00
   outer loop
     vertex  6.830400e+01 -4.488348e+01  0.000000e+00
     vertex  6.830400e+01 -4.488348e+01 -3.000000e+00
     vertex  6.830783e+01 -4.483700e+01 -3.000000e+00
   endloop
 endfacet
 facet normal  9.984947e-01 -5.484744e-02  0.000000e+00
   outer loop
     vertex  6.830400e+01 -4.488348e+01  0.000000e+00
     vertex  6.830144e+01 -4.493005e+01 -3.000000e+00
     vertex  6.830400e+01 -4.488348e+01 -3.000000e+00
   endloop
 endfacet
 facet normal  9.984947e-01 -5.484744e-02  0.000000e+00
   outer loop
     vertex  6.830144e+01 -4.493005e+01  0.000000e+00
     vertex  6.830144e+01 -4.493005e+01 -3.000000e+00
     vertex  6.830400e+01 -4.488348e+01  0.000000e+00
   endloop
 endfacet
 facet normal  9.996236e-01 -2.743405e-02  0.000000e+00
   outer loop
     vertex  6.830144e+01 -4.493005e+01  0.000000e+00
     vertex  6.830016e+01 -4.497668e+01 -3.000000e+00
     vertex  6.830144e+01 -4.493005e+01 -3.000000e+00
   endloop
 endfacet
 facet normal  9.996236e-01 -2.743405e-02  0.000000e+00
   outer loop
     vertex  6.830016e+01 -4.497668e+01  0.000000e+00
     vertex  6.830016e+01 -4.497668e+01 -3.000000e+00
     vertex  6.830144e+01 -4.493005e+01  0.000000e+00
   endloop
 endfacet
 facet normal  1.000000e+00  0.000000e+00  0.000000e+00
   outer loop
     vertex  6.830016e+01 -4.497668e+01  0.000000e+00
     vertex  6.830016e+01 -4.502332e+01 -3.000000e+00
     vertex  6.830016e+01 -4.497668e+01 -3.000000e+00
   endloop
 endfacet
 facet normal  1.000000e+00 -0.000000e+00  0.000000e+00
   outer loop
     vertex  6.830016e+01 -4.502332e+01  0.000000e+00
     vertex  6.830016e+01 -4.502332e+01 -3.000000e+00
     vertex  6.830016e+01 -4.497668e+01  0.000000e+00
   endloop
 endfacet
 facet normal  9.996236e-01  2.743405e-02  0.000000e+00
   outer loop
     vertex  6.830144e+01 -4.506995e+01  0.000000e+00
     vertex  6.830016e+01 -4.502332e+01 -3.000000e+00
     vertex  6.830016e+01 -4.502332e+01  0.000000e+00
   endloop
 endfacet
 facet normal  9.996236e-01  2.743405e-02  0.000000e+00
   outer loop
     vertex  6.830144e+01 -4.506995e+01  0.000000e+00
     vertex  6.830144e+01 -4.506995e+01 -3.000000e+00
     vertex  6.830016e+01 -4.502332e+01 -3.000000e+00
   endloop
 endfacet
 facet normal  9.984947e-01  5.484744e-02  0.000000e+00
   outer loop
     vertex  6.830400e+01 -4.511652e+01  0.000000e+00
     vertex  6.830144e+01 -4.506995e+01 -3.000000e+00
     vertex  6.830144e+01 -4.506995e+01  0.000000e+00
   endloop
 endfacet
 facet normal  9.984947e-01  5.484744e-02  0.000000e+00
   outer loop
     vertex  6.830400e+01 -4.511652e+01  0.000000e+00
     vertex  6.830400e+01 -4.511652e+01 -3.000000e+00
     vertex  6.830144e+01 -4.506995e+01 -3.000000e+00
   endloop
 endfacet
 facet normal  9.966142e-01  8.221955e-02  0.000000e+00
   outer loop
     vertex  6.830783e+01 -4.516300e+01  0.000000e+00
     vertex  6.830400e+01 -4.511652e+01 -3.000000e+00
     vertex  6.830400e+01 -4.511652e+01  0.000000e+00
   endloop
 endfacet
 facet normal  9.966142e-01  8.221955e-02  0.000000e+00
   outer loop
     vertex  6.830783e+01 -4.516300e+01  0.000000e+00
     vertex  6.830783e+01 -4.516300e+01 -3.000000e+00
     vertex  6.830400e+01 -4.511652e+01 -3.000000e+00
   endloop
 endfacet
 facet normal  9.939835e-01  1.095298e-01  0.000000e+00
   outer loop
     vertex  6.830783e+01 -4.516300e+01  0.000000e+00
     vertex  6.831294e+01 -4.520936e+01 -3.000000e+00
     vertex  6.830783e+01 -4.516300e+01 -3.000000e+00
   endloop
 endfacet
 facet normal  9.939835e-01  1.095298e-01  0.000000e+00
   outer loop
     vertex  6.831294e+01 -4.520936e+01  0.000000e+00
     vertex  6.831294e+01 -4.520936e+01 -3.000000e+00
     vertex  6.830783e+01 -4.516300e+01  0.000000e+00
   endloop
 endfacet
 facet normal  9.906046e-01  1.367575e-01  0.000000e+00
   outer loop
     vertex  6.831294e+01 -4.520936e+01  0.000000e+00
     vertex  6.831932e+01 -4.525557e+01 -3.000000e+00
     vertex  6.831294e+01 -4.520936e+01 -3.000000e+00
   endloop
 endfacet
 facet normal  9.906046e-01  1.367575e-01  0.000000e+00
   outer loop
     vertex  6.831932e+01 -4.525557e+01  0.000000e+00
     vertex  6.831932e+01 -4.525557e+01 -3.000000e+00
     vertex  6.831294e+01 -4.520936e+01  0.000000e+00
   endloop
 endfacet
 facet normal  9.864799e-01  1.638824e-01  0.000000e+00
   outer loop
     vertex  6.831932e+01 -4.525557e+01  0.000000e+00
     vertex  6.832696e+01 -4.530158e+01 -3.000000e+00
     vertex  6.831932e+01 -4.525557e+01 -3.000000e+00
   endloop
 endfacet
 facet normal  9.864799e-01  1.638824e-01  0.000000e+00
   outer loop
     vertex  6.832696e+01 -4.530158e+01  0.000000e+00
     vertex  6.832696e+01 -4.530158e+01 -3.000000e+00
     vertex  6.831932e+01 -4.525557e+01  0.000000e+00
   endloop
 endfacet
 facet normal  9.816126e-01  1.908838e-01  0.000000e+00
   outer loop
     vertex  6.833587e+01 -4.534736e+01  0.000000e+00
     vertex  6.832696e+01 -4.530158e+01 -3.000000e+00
     vertex  6.832696e+01 -4.530158e+01  0.000000e+00
   endloop
 endfacet
 facet normal  9.816126e-01  1.908838e-01  0.000000e+00
   outer loop
     vertex  6.833587e+01 -4.534736e+01  0.000000e+00
     vertex  6.833587e+01 -4.534736e+01 -3.000000e+00
     vertex  6.832696e+01 -4.530158e+01 -3.000000e+00
   endloop
 endfacet
 facet normal  9.760065e-01  2.177416e-01  0.000000e+00
   outer loop
     vertex  6.833587e+01 -4.534736e+01  0.000000e+00
     vertex  6.834602e+01 -4.539289e+01 -3.000000e+00
     vertex  6.833587e+01 -4.534736e+01 -3.000000e+00
   endloop
 endfacet
 facet normal  9.760065e-01  2.177416e-01  0.000000e+00
   outer loop
     vertex  6.834602e+01 -4.539289e+01  0.000000e+00
     vertex  6.834602e+01 -4.539289e+01 -3.000000e+00
     vertex  6.833587e+01 -4.534736e+01  0.000000e+00
   endloop
 endfacet
 facet normal  9.696656e-01  2.444354e-01  0.000000e+00
   outer loop
     vertex  6.835742e+01 -4.543811e+01  0.000000e+00
     vertex  6.835742e+01 -4.543811e+01 -3.000000e+00
     vertex  6.834602e+01 -4.539289e+01 -3.000000e+00
   endloop
 endfacet
 facet normal  9.625948e-01  2.709453e-01  0.000000e+00
   outer loop
     vertex  6.835742e+01 -4.543811e+01  0.000000e+00
     vertex  6.837006e+01 -4.548301e+01 -3.000000e+00
     vertex  6.835742e+01 -4.543811e+01 -3.000000e+00
   endloop
 endfacet
 facet normal  9.696656e-01  2.444354e-01  0.000000e+00
   outer loop
     vertex  6.835742e+01 -4.543811e+01  0.000000e+00
     vertex  6.834602e+01 -4.539289e+01 -3.000000e+00
     vertex  6.834602e+01 -4.539289e+01  0.000000e+00
   endloop
 endfacet
 facet normal  9.625948e-01  2.709453e-01  0.000000e+00
   outer loop
     vertex  6.837006e+01 -4.548301e+01  0.000000e+00
     vertex  6.837006e+01 -4.548301e+01 -3.000000e+00
     vertex  6.835742e+01 -4.543811e+01  0.000000e+00
   endloop
 endfacet
 facet normal  9.547993e-01  2.972512e-01  0.000000e+00
   outer loop
     vertex  6.838393e+01 -4.552755e+01  0.000000e+00
     vertex  6.838393e+01 -4.552755e+01 -3.000000e+00
     vertex  6.837006e+01 -4.548301e+01 -3.000000e+00
   endloop
 endfacet
 facet normal  9.547993e-01  2.972512e-01  0.000000e+00
   outer loop
     vertex  6.838393e+01 -4.552755e+01  0.000000e+00
     vertex  6.837006e+01 -4.548301e+01 -3.000000e+00
     vertex  6.837006e+01 -4.548301e+01  0.000000e+00
   endloop
 endfacet
 facet normal  9.462851e-01  3.233333e-01  0.000000e+00
   outer loop
     vertex  6.839901e+01 -4.557168e+01  0.000000e+00
     vertex  6.839901e+01 -4.557168e+01 -3.000000e+00
     vertex  6.838393e+01 -4.552755e+01 -3.000000e+00
   endloop
 endfacet
 facet normal  9.370586e-01  3.491720e-01  0.000000e+00
   outer loop
     vertex  6.839901e+01 -4.557168e+01  0.000000e+00
     vertex  6.841529e+01 -4.561539e+01 -3.000000e+00
     vertex  6.839901e+01 -4.557168e+01 -3.000000e+00
   endloop
 endfacet
 facet normal  9.462851e-01  3.233333e-01  0.000000e+00
   outer loop
     vertex  6.839901e+01 -4.557168e+01  0.000000e+00
     vertex  6.838393e+01 -4.552755e+01 -3.000000e+00
     vertex  6.838393e+01 -4.552755e+01  0.000000e+00
   endloop
 endfacet
 facet normal  9.370586e-01  3.491720e-01  0.000000e+00
   outer loop
     vertex  6.841529e+01 -4.561539e+01  0.000000e+00
     vertex  6.841529e+01 -4.561539e+01 -3.000000e+00
     vertex  6.839901e+01 -4.557168e+01  0.000000e+00
   endloop
 endfacet
 facet normal  9.271267e-01  3.747479e-01  0.000000e+00
   outer loop
     vertex  6.843277e+01 -4.565863e+01  0.000000e+00
     vertex  6.843277e+01 -4.565863e+01 -3.000000e+00
     vertex  6.841529e+01 -4.561539e+01 -3.000000e+00
   endloop
 endfacet
 facet normal  9.271267e-01  3.747479e-01  0.000000e+00
   outer loop
     vertex  6.843277e+01 -4.565863e+01  0.000000e+00
     vertex  6.841529e+01 -4.561539e+01 -3.000000e+00
     vertex  6.841529e+01 -4.561539e+01  0.000000e+00
   endloop
 endfacet
 facet normal  9.164969e-01  4.000417e-01  0.000000e+00
   outer loop
     vertex  6.845143e+01 -4.570138e+01  0.000000e+00
     vertex  6.845143e+01 -4.570138e+01 -3.000000e+00
     vertex  6.843277e+01 -4.565863e+01 -3.000000e+00
   endloop
 endfacet
 facet normal  9.051772e-01  4.250344e-01  0.000000e+00
   outer loop
     vertex  6.845143e+01 -4.570138e+01  0.000000e+00
     vertex  6.847126e+01 -4.574360e+01 -3.000000e+00
     vertex  6.845143e+01 -4.570138e+01 -3.000000e+00
   endloop
 endfacet
 facet normal  9.164969e-01  4.000417e-01  0.000000e+00
   outer loop
     vertex  6.845143e+01 -4.570138e+01  0.000000e+00
     vertex  6.843277e+01 -4.565863e+01 -3.000000e+00
     vertex  6.843277e+01 -4.565863e+01  0.000000e+00
   endloop
 endfacet
 facet normal  8.931761e-01  4.497071e-01  0.000000e+00
   outer loop
     vertex  6.847126e+01 -4.574360e+01  0.000000e+00
     vertex  6.849223e+01 -4.578526e+01 -3.000000e+00
     vertex  6.847126e+01 -4.574360e+01 -3.000000e+00
   endloop
 endfacet
 facet normal  9.051772e-01  4.250344e-01  0.000000e+00
   outer loop
     vertex  6.847126e+01 -4.574360e+01  0.000000e+00
     vertex  6.847126e+01 -4.574360e+01 -3.000000e+00
     vertex  6.845143e+01 -4.570138e+01  0.000000e+00
   endloop
 endfacet
 facet normal  8.931761e-01  4.497071e-01  0.000000e+00
   outer loop
     vertex  6.849223e+01 -4.578526e+01  0.000000e+00
     vertex  6.849223e+01 -4.578526e+01 -3.000000e+00
     vertex  6.847126e+01 -4.574360e+01  0.000000e+00
   endloop
 endfacet
 facet normal  8.805026e-01  4.740412e-01  0.000000e+00
   outer loop
     vertex  6.851434e+01 -4.582633e+01  0.000000e+00
     vertex  6.851434e+01 -4.582633e+01 -3.000000e+00
     vertex  6.849223e+01 -4.578526e+01 -3.000000e+00
   endloop
 endfacet
 facet normal  8.805026e-01  4.740412e-01  0.000000e+00
   outer loop
     vertex  6.851434e+01 -4.582633e+01  0.000000e+00
     vertex  6.849223e+01 -4.578526e+01 -3.000000e+00
     vertex  6.849223e+01 -4.578526e+01  0.000000e+00
   endloop
 endfacet
 facet normal  8.671664e-01  4.980186e-01  0.000000e+00
   outer loop
     vertex  6.853757e+01 -4.586678e+01  0.000000e+00
     vertex  6.853757e+01 -4.586678e+01 -3.000000e+00
     vertex  6.851434e+01 -4.582633e+01 -3.000000e+00
   endloop
 endfacet
 facet normal  8.531773e-01  5.216210e-01  0.000000e+00
   outer loop
     vertex  6.853757e+01 -4.586678e+01  0.000000e+00
     vertex  6.856190e+01 -4.590657e+01 -3.000000e+00
     vertex  6.853757e+01 -4.586678e+01 -3.000000e+00
   endloop
 endfacet
 facet normal  8.671664e-01  4.980186e-01  0.000000e+00
   outer loop
     vertex  6.853757e+01 -4.586678e+01  0.000000e+00
     vertex  6.851434e+01 -4.582633e+01 -3.000000e+00
     vertex  6.851434e+01 -4.582633e+01  0.000000e+00
   endloop
 endfacet
 facet normal  8.531773e-01  5.216210e-01  0.000000e+00
   outer loop
     vertex  6.856190e+01 -4.590657e+01  0.000000e+00
     vertex  6.856190e+01 -4.590657e+01 -3.000000e+00
     vertex  6.853757e+01 -4.586678e+01  0.000000e+00
   endloop
 endfacet
 facet normal  8.385460e-01  5.448308e-01  0.000000e+00
   outer loop
     vertex  6.858731e+01 -4.594568e+01  0.000000e+00
     vertex  6.856190e+01 -4.590657e+01 -3.000000e+00
     vertex  6.856190e+01 -4.590657e+01  0.000000e+00
   endloop
 endfacet
 facet normal  8.385460e-01  5.448308e-01  0.000000e+00
   outer loop
     vertex  6.858731e+01 -4.594568e+01  0.000000e+00
     vertex  6.858731e+01 -4.594568e+01 -3.000000e+00
     vertex  6.856190e+01 -4.590657e+01 -3.000000e+00
   endloop
 endfacet
 facet normal  8.232835e-01  5.676304e-01  0.000000e+00
   outer loop
     vertex  6.858731e+01 -4.594568e+01  0.000000e+00
     vertex  6.861379e+01 -4.598408e+01 -3.000000e+00
     vertex  6.858731e+01 -4.594568e+01 -3.000000e+00
   endloop
 endfacet
 facet normal  8.232835e-01  5.676304e-01  0.000000e+00
   outer loop
     vertex  6.861379e+01 -4.598408e+01  0.000000e+00
     vertex  6.861379e+01 -4.598408e+01 -3.000000e+00
     vertex  6.858731e+01 -4.594568e+01  0.000000e+00
   endloop
 endfacet
 facet normal  8.074012e-01  5.900028e-01  0.000000e+00
   outer loop
     vertex  6.861379e+01 -4.598408e+01  0.000000e+00
     vertex  6.864131e+01 -4.602174e+01 -3.000000e+00
     vertex  6.861379e+01 -4.598408e+01 -3.000000e+00
   endloop
 endfacet
 facet normal  8.074012e-01  5.900028e-01  0.000000e+00
   outer loop
     vertex  6.864131e+01 -4.602174e+01  0.000000e+00
     vertex  6.864131e+01 -4.602174e+01 -3.000000e+00
     vertex  6.861379e+01 -4.598408e+01  0.000000e+00
   endloop
 endfacet
 facet normal  7.909112e-01  6.119310e-01  0.000000e+00
   outer loop
     vertex  6.866985e+01 -4.605863e+01  0.000000e+00
     vertex  6.864131e+01 -4.602174e+01 -3.000000e+00
     vertex  6.864131e+01 -4.602174e+01  0.000000e+00
   endloop
 endfacet
 facet normal  7.909112e-01  6.119310e-01  0.000000e+00
   outer loop
     vertex  6.866985e+01 -4.605863e+01  0.000000e+00
     vertex  6.866985e+01 -4.605863e+01 -3.000000e+00
     vertex  6.864131e+01 -4.602174e+01 -3.000000e+00
   endloop
 endfacet
 facet normal  7.738257e-01  6.333986e-01  0.000000e+00
   outer loop
     vertex  6.866985e+01 -4.605863e+01  0.000000e+00
     vertex  6.869939e+01 -4.609472e+01 -3.000000e+00
     vertex  6.866985e+01 -4.605863e+01 -3.000000e+00
   endloop
 endfacet
 facet normal  7.738257e-01  6.333986e-01  0.000000e+00
   outer loop
     vertex  6.869939e+01 -4.609472e+01  0.000000e+00
     vertex  6.869939e+01 -4.609472e+01 -3.000000e+00
     vertex  6.866985e+01 -4.605863e+01  0.000000e+00
   endloop
 endfacet
 facet normal  7.561578e-01  6.543893e-01  0.000000e+00
   outer loop
     vertex  6.872991e+01 -4.612999e+01  0.000000e+00
     vertex  6.869939e+01 -4.609472e+01 -3.000000e+00
     vertex  6.869939e+01 -4.609472e+01  0.000000e+00
   endloop
 endfacet
 facet normal  7.561578e-01  6.543893e-01  0.000000e+00
   outer loop
     vertex  6.872991e+01 -4.612999e+01  0.000000e+00
     vertex  6.872991e+01 -4.612999e+01 -3.000000e+00
     vertex  6.869939e+01 -4.609472e+01 -3.000000e+00
   endloop
 endfacet
 facet normal  7.379206e-01  6.748875e-01  0.000000e+00
   outer loop
     vertex  6.872991e+01 -4.612999e+01  0.000000e+00
     vertex  6.876139e+01 -4.616441e+01 -3.000000e+00
     vertex  6.872991e+01 -4.612999e+01 -3.000000e+00
   endloop
 endfacet
 facet normal  7.379206e-01  6.748875e-01  0.000000e+00
   outer loop
     vertex  6.876139e+01 -4.616441e+01  0.000000e+00
     vertex  6.876139e+01 -4.616441e+01 -3.000000e+00
     vertex  6.872991e+01 -4.612999e+01  0.000000e+00
   endloop
 endfacet
 facet normal  7.191280e-01  6.948776e-01  0.000000e+00
   outer loop
     vertex  6.876139e+01 -4.616441e+01  0.000000e+00
     vertex  6.879380e+01 -4.619795e+01 -3.000000e+00
     vertex  6.876139e+01 -4.616441e+01 -3.000000e+00
   endloop
 endfacet
 facet normal  7.191280e-01  6.948776e-01  0.000000e+00
   outer loop
     vertex  6.879380e+01 -4.619795e+01  0.000000e+00
     vertex  6.879380e+01 -4.619795e+01 -3.000000e+00
     vertex  6.876139e+01 -4.616441e+01  0.000000e+00
   endloop
 endfacet
 facet normal  6.997940e-01  7.143447e-01  0.000000e+00
   outer loop
     vertex  6.879380e+01 -4.619795e+01  0.000000e+00
     vertex  6.882712e+01 -4.623059e+01 -3.000000e+00
     vertex  6.879380e+01 -4.619795e+01 -3.000000e+00
   endloop
 endfacet
 facet normal  6.997940e-01  7.143447e-01  0.000000e+00
   outer loop
     vertex  6.882712e+01 -4.623059e+01  0.000000e+00
     vertex  6.882712e+01 -4.623059e+01 -3.000000e+00
     vertex  6.879380e+01 -4.619795e+01  0.000000e+00
   endloop
 endfacet
 facet normal  6.799333e-01  7.332740e-01  0.000000e+00
   outer loop
     vertex  6.886132e+01 -4.626231e+01  0.000000e+00
     vertex  6.882712e+01 -4.623059e+01 -3.000000e+00
     vertex  6.882712e+01 -4.623059e+01  0.000000e+00
   endloop
 endfacet
 facet normal  6.799333e-01  7.332740e-01  0.000000e+00
   outer loop
     vertex  6.886132e+01 -4.626231e+01  0.000000e+00
     vertex  6.886132e+01 -4.626231e+01 -3.000000e+00
     vertex  6.882712e+01 -4.623059e+01 -3.000000e+00
   endloop
 endfacet
 facet normal  6.595607e-01  7.516513e-01  0.000000e+00
   outer loop
     vertex  6.889638e+01 -4.629307e+01  0.000000e+00
     vertex  6.886132e+01 -4.626231e+01 -3.000000e+00
     vertex  6.886132e+01 -4.626231e+01  0.000000e+00
   endloop
 endfacet
 facet normal  6.595607e-01  7.516513e-01  0.000000e+00
   outer loop
     vertex  6.889638e+01 -4.629307e+01  0.000000e+00
     vertex  6.889638e+01 -4.629307e+01 -3.000000e+00
     vertex  6.886132e+01 -4.626231e+01 -3.000000e+00
   endloop
 endfacet
 facet normal  6.386916e-01  7.694628e-01  0.000000e+00
   outer loop
     vertex  6.889638e+01 -4.629307e+01  0.000000e+00
     vertex  6.893227e+01 -4.632286e+01 -3.000000e+00
     vertex  6.889638e+01 -4.629307e+01 -3.000000e+00
   endloop
 endfacet
 facet normal  6.386916e-01  7.694628e-01  0.000000e+00
   outer loop
     vertex  6.893227e+01 -4.632286e+01  0.000000e+00
     vertex  6.893227e+01 -4.632286e+01 -3.000000e+00
     vertex  6.889638e+01 -4.629307e+01  0.000000e+00
   endloop
 endfacet
 facet normal  6.173417e-01  7.866951e-01  0.000000e+00
   outer loop
     vertex  6.896896e+01 -4.635165e+01  0.000000e+00
     vertex  6.893227e+01 -4.632286e+01 -3.000000e+00
     vertex  6.893227e+01 -4.632286e+01  0.000000e+00
   endloop
 endfacet
 facet normal  6.173417e-01  7.866951e-01  0.000000e+00
   outer loop
     vertex  6.896896e+01 -4.635165e+01  0.000000e+00
     vertex  6.896896e+01 -4.635165e+01 -3.000000e+00
     vertex  6.893227e+01 -4.632286e+01 -3.000000e+00
   endloop
 endfacet
 facet normal  5.955271e-01  8.033352e-01  0.000000e+00
   outer loop
     vertex  6.896896e+01 -4.635165e+01  0.000000e+00
     vertex  6.900643e+01 -4.637943e+01 -3.000000e+00
     vertex  6.896896e+01 -4.635165e+01 -3.000000e+00
   endloop
 endfacet
 facet normal  5.955271e-01  8.033352e-01  0.000000e+00
   outer loop
     vertex  6.900643e+01 -4.637943e+01  0.000000e+00
     vertex  6.900643e+01 -4.637943e+01 -3.000000e+00
     vertex  6.896896e+01 -4.635165e+01  0.000000e+00
   endloop
 endfacet
 facet normal  5.732642e-01  8.193706e-01  0.000000e+00
   outer loop
     vertex  6.900643e+01 -4.637943e+01  0.000000e+00
     vertex  6.904465e+01 -4.640617e+01 -3.000000e+00
     vertex  6.900643e+01 -4.637943e+01 -3.000000e+00
   endloop
 endfacet
 facet normal  5.732642e-01  8.193706e-01  0.000000e+00
   outer loop
     vertex  6.904465e+01 -4.640617e+01  0.000000e+00
     vertex  6.904465e+01 -4.640617e+01 -3.000000e+00
     vertex  6.900643e+01 -4.637943e+01  0.000000e+00
   endloop
 endfacet
 facet normal  5.505698e-01  8.347891e-01  0.000000e+00
   outer loop
     vertex  6.904465e+01 -4.640617e+01  0.000000e+00
     vertex  6.908359e+01 -4.643185e+01 -3.000000e+00
     vertex  6.904465e+01 -4.640617e+01 -3.000000e+00
   endloop
 endfacet
 facet normal  5.505698e-01  8.347891e-01  0.000000e+00
   outer loop
     vertex  6.908359e+01 -4.643185e+01  0.000000e+00
     vertex  6.908359e+01 -4.643185e+01 -3.000000e+00
     vertex  6.904465e+01 -4.640617e+01  0.000000e+00
   endloop
 endfacet
 facet normal  5.274609e-01  8.495793e-01  0.000000e+00
   outer loop
     vertex  6.912321e+01 -4.645645e+01  0.000000e+00
     vertex  6.908359e+01 -4.643185e+01 -3.000000e+00
     vertex  6.908359e+01 -4.643185e+01  0.000000e+00
   endloop
 endfacet
 facet normal  5.274609e-01  8.495793e-01  0.000000e+00
   outer loop
     vertex  6.912321e+01 -4.645645e+01  0.000000e+00
     vertex  6.912321e+01 -4.645645e+01 -3.000000e+00
     vertex  6.908359e+01 -4.643185e+01 -3.000000e+00
   endloop
 endfacet
 facet normal  5.039550e-01  8.637299e-01  0.000000e+00
   outer loop
     vertex  6.912321e+01 -4.645645e+01  0.000000e+00
     vertex  6.916350e+01 -4.647996e+01 -3.000000e+00
     vertex  6.912321e+01 -4.645645e+01 -3.000000e+00
   endloop
 endfacet
 facet normal  5.039550e-01  8.637299e-01  0.000000e+00
   outer loop
     vertex  6.916350e+01 -4.647996e+01  0.000000e+00
     vertex  6.916350e+01 -4.647996e+01 -3.000000e+00
     vertex  6.912321e+01 -4.645645e+01  0.000000e+00
   endloop
 endfacet
 facet normal  4.800697e-01  8.772303e-01  0.000000e+00
   outer loop
     vertex  6.920442e+01 -4.650235e+01  0.000000e+00
     vertex  6.916350e+01 -4.647996e+01 -3.000000e+00
     vertex  6.916350e+01 -4.647996e+01  0.000000e+00
   endloop
 endfacet
 facet normal  4.800697e-01  8.772303e-01  0.000000e+00
   outer loop
     vertex  6.920442e+01 -4.650235e+01  0.000000e+00
     vertex  6.920442e+01 -4.650235e+01 -3.000000e+00
     vertex  6.916350e+01 -4.647996e+01 -3.000000e+00
   endloop
 endfacet
 facet normal  4.558231e-01  8.900704e-01  0.000000e+00
   outer loop
     vertex  6.920442e+01 -4.650235e+01  0.000000e+00
     vertex  6.924593e+01 -4.652361e+01 -3.000000e+00
     vertex  6.920442e+01 -4.650235e+01 -3.000000e+00
   endloop
 endfacet
 facet normal  4.558231e-01  8.900704e-01  0.000000e+00
   outer loop
     vertex  6.924593e+01 -4.652361e+01  0.000000e+00
     vertex  6.924593e+01 -4.652361e+01 -3.000000e+00
     vertex  6.920442e+01 -4.650235e+01  0.000000e+00
   endloop
 endfacet
 facet normal  4.312333e-01  9.022405e-01  0.000000e+00
   outer loop
     vertex  6.928801e+01 -4.654372e+01  0.000000e+00
     vertex  6.924593e+01 -4.652361e+01 -3.000000e+00
     vertex  6.924593e+01 -4.652361e+01  0.000000e+00
   endloop
 endfacet
 facet normal  4.312333e-01  9.022405e-01  0.000000e+00
   outer loop
     vertex  6.928801e+01 -4.654372e+01  0.000000e+00
     vertex  6.928801e+01 -4.654372e+01 -3.000000e+00
     vertex  6.924593e+01 -4.652361e+01 -3.000000e+00
   endloop
 endfacet
 facet normal  4.063188e-01  9.137314e-01  0.000000e+00
   outer loop
     vertex  6.933063e+01 -4.656267e+01  0.000000e+00
     vertex  6.928801e+01 -4.654372e+01 -3.000000e+00
     vertex  6.928801e+01 -4.654372e+01  0.000000e+00
   endloop
 endfacet
 facet normal  4.063188e-01  9.137314e-01  0.000000e+00
   outer loop
     vertex  6.933063e+01 -4.656267e+01  0.000000e+00
     vertex  6.933063e+01 -4.656267e+01 -3.000000e+00
     vertex  6.928801e+01 -4.654372e+01 -3.000000e+00
   endloop
 endfacet
 facet normal  3.810986e-01  9.245344e-01  0.000000e+00
   outer loop
     vertex  6.933063e+01 -4.656267e+01  0.000000e+00
     vertex  6.937375e+01 -4.658045e+01 -3.000000e+00
     vertex  6.933063e+01 -4.656267e+01 -3.000000e+00
   endloop
 endfacet
 facet normal  3.810986e-01  9.245344e-01  0.000000e+00
   outer loop
     vertex  6.937375e+01 -4.658045e+01  0.000000e+00
     vertex  6.937375e+01 -4.658045e+01 -3.000000e+00
     vertex  6.933063e+01 -4.656267e+01  0.000000e+00
   endloop
 endfacet
 facet normal  3.555914e-01  9.346415e-01  0.000000e+00
   outer loop
     vertex  6.941735e+01 -4.659703e+01  0.000000e+00
     vertex  6.941735e+01 -4.659703e+01 -3.000000e+00
     vertex  6.937375e+01 -4.658045e+01 -3.000000e+00
   endloop
 endfacet
 facet normal  3.555914e-01  9.346415e-01  0.000000e+00
   outer loop
     vertex  6.941735e+01 -4.659703e+01  0.000000e+00
     vertex  6.937375e+01 -4.658045e+01 -3.000000e+00
     vertex  6.937375e+01 -4.658045e+01  0.000000e+00
   endloop
 endfacet
 facet normal  3.298166e-01  9.440450e-01  0.000000e+00
   outer loop
     vertex  6.946138e+01 -4.661242e+01  0.000000e+00
     vertex  6.946138e+01 -4.661242e+01 -3.000000e+00
     vertex  6.941735e+01 -4.659703e+01 -3.000000e+00
   endloop
 endfacet
 facet normal  3.037934e-01  9.527379e-01  0.000000e+00
   outer loop
     vertex  6.946138e+01 -4.661242e+01  0.000000e+00
     vertex  6.950582e+01 -4.662659e+01 -3.000000e+00
     vertex  6.946138e+01 -4.661242e+01 -3.000000e+00
   endloop
 endfacet
 facet normal  3.298166e-01  9.440450e-01  0.000000e+00
   outer loop
     vertex  6.946138e+01 -4.661242e+01  0.000000e+00
     vertex  6.941735e+01 -4.659703e+01 -3.000000e+00
     vertex  6.941735e+01 -4.659703e+01  0.000000e+00
   endloop
 endfacet
 facet normal  2.775416e-01  9.607136e-01  0.000000e+00
   outer loop
     vertex  6.950582e+01 -4.662659e+01  0.000000e+00
     vertex  6.955063e+01 -4.663953e+01 -3.000000e+00
     vertex  6.950582e+01 -4.662659e+01 -3.000000e+00
   endloop
 endfacet
 facet normal  3.037934e-01  9.527379e-01  0.000000e+00
   outer loop
     vertex  6.950582e+01 -4.662659e+01  0.000000e+00
     vertex  6.950582e+01 -4.662659e+01 -3.000000e+00
     vertex  6.946138e+01 -4.661242e+01  0.000000e+00
   endloop
 endfacet
 facet normal  2.775416e-01  9.607136e-01  0.000000e+00
   outer loop
     vertex  6.955063e+01 -4.663953e+01  0.000000e+00
     vertex  6.955063e+01 -4.663953e+01 -3.000000e+00
     vertex  6.950582e+01 -4.662659e+01  0.000000e+00
   endloop
 endfacet
 facet normal  2.510809e-01  9.679661e-01  0.000000e+00
   outer loop
     vertex  6.959578e+01 -4.665124e+01  0.000000e+00
     vertex  6.955063e+01 -4.663953e+01 -3.000000e+00
     vertex  6.955063e+01 -4.663953e+01  0.000000e+00
   endloop
 endfacet
 facet normal  2.510809e-01  9.679661e-01  0.000000e+00
   outer loop
     vertex  6.959578e+01 -4.665124e+01  0.000000e+00
     vertex  6.959578e+01 -4.665124e+01 -3.000000e+00
     vertex  6.955063e+01 -4.663953e+01 -3.000000e+00
   endloop
 endfacet
 facet normal  2.244312e-01  9.744899e-01  0.000000e+00
   outer loop
     vertex  6.959578e+01 -4.665124e+01  0.000000e+00
     vertex  6.964123e+01 -4.666171e+01 -3.000000e+00
     vertex  6.959578e+01 -4.665124e+01 -3.000000e+00
   endloop
 endfacet
 facet normal  2.244312e-01  9.744899e-01  0.000000e+00
   outer loop
     vertex  6.964123e+01 -4.666171e+01  0.000000e+00
     vertex  6.964123e+01 -4.666171e+01 -3.000000e+00
     vertex  6.959578e+01 -4.665124e+01  0.000000e+00
   endloop
 endfacet
 facet normal  1.976125e-01  9.802802e-01  0.000000e+00
   outer loop
     vertex  6.968695e+01 -4.667093e+01  0.000000e+00
     vertex  6.964123e+01 -4.666171e+01 -3.000000e+00
     vertex  6.964123e+01 -4.666171e+01  0.000000e+00
   endloop
 endfacet
 facet normal  1.976125e-01  9.802802e-01  0.000000e+00
   outer loop
     vertex  6.968695e+01 -4.667093e+01  0.000000e+00
     vertex  6.968695e+01 -4.667093e+01 -3.000000e+00
     vertex  6.964123e+01 -4.666171e+01 -3.000000e+00
   endloop
 endfacet
 facet normal  1.706451e-01  9.853326e-01  0.000000e+00
   outer loop
     vertex  6.968695e+01 -4.667093e+01  0.000000e+00
     vertex  6.973291e+01 -4.667889e+01 -3.000000e+00
     vertex  6.968695e+01 -4.667093e+01 -3.000000e+00
   endloop
 endfacet
 facet normal  1.706451e-01  9.853326e-01  0.000000e+00
   outer loop
     vertex  6.973291e+01 -4.667889e+01  0.000000e+00
     vertex  6.973291e+01 -4.667889e+01 -3.000000e+00
     vertex  6.968695e+01 -4.667093e+01  0.000000e+00
   endloop
 endfacet
 facet normal  1.435492e-01  9.896432e-01  0.000000e+00
   outer loop
     vertex  6.973291e+01 -4.667889e+01  0.000000e+00
     vertex  6.977907e+01 -4.668558e+01 -3.000000e+00
     vertex  6.973291e+01 -4.667889e+01 -3.000000e+00
   endloop
 endfacet
 facet normal  1.435492e-01  9.896432e-01  0.000000e+00
   outer loop
     vertex  6.977907e+01 -4.668558e+01  0.000000e+00
     vertex  6.977907e+01 -4.668558e+01 -3.000000e+00
     vertex  6.973291e+01 -4.667889e+01  0.000000e+00
   endloop
 endfacet
 facet normal  1.163452e-01  9.932088e-01  0.000000e+00
   outer loop
     vertex  6.977907e+01 -4.668558e+01  0.000000e+00
     vertex  6.982539e+01 -4.669101e+01 -3.000000e+00
     vertex  6.977907e+01 -4.668558e+01 -3.000000e+00
   endloop
 endfacet
 facet normal  1.163452e-01  9.932088e-01  0.000000e+00
   outer loop
     vertex  6.982539e+01 -4.669101e+01  0.000000e+00
     vertex  6.982539e+01 -4.669101e+01 -3.000000e+00
     vertex  6.977907e+01 -4.668558e+01  0.000000e+00
   endloop
 endfacet
 facet normal  8.905371e-02  9.960268e-01  0.000000e+00
   outer loop
     vertex  6.987185e+01 -4.669516e+01  0.000000e+00
     vertex  6.982539e+01 -4.669101e+01 -3.000000e+00
     vertex  6.982539e+01 -4.669101e+01  0.000000e+00
   endloop
 endfacet
 facet normal  8.905371e-02  9.960268e-01  0.000000e+00
   outer loop
     vertex  6.987185e+01 -4.669516e+01  0.000000e+00
     vertex  6.987185e+01 -4.669516e+01 -3.000000e+00
     vertex  6.982539e+01 -4.669101e+01 -3.000000e+00
   endloop
 endfacet
 facet normal  6.169515e-02  9.980950e-01  0.000000e+00
   outer loop
     vertex  6.987185e+01 -4.669516e+01  0.000000e+00
     vertex  6.991840e+01 -4.669804e+01 -3.000000e+00
     vertex  6.987185e+01 -4.669516e+01 -3.000000e+00
   endloop
 endfacet
 facet normal  6.169515e-02  9.980950e-01  0.000000e+00
   outer loop
     vertex  6.991840e+01 -4.669804e+01  0.000000e+00
     vertex  6.991840e+01 -4.669804e+01 -3.000000e+00
     vertex  6.987185e+01 -4.669516e+01  0.000000e+00
   endloop
 endfacet
 facet normal  3.429014e-02  9.994119e-01  0.000000e+00
   outer loop
     vertex  6.996502e+01 -4.669964e+01  0.000000e+00
     vertex  6.991840e+01 -4.669804e+01 -3.000000e+00
     vertex  6.991840e+01 -4.669804e+01  0.000000e+00
   endloop
 endfacet
 facet normal  3.429014e-02  9.994119e-01  0.000000e+00
   outer loop
     vertex  6.996502e+01 -4.669964e+01  0.000000e+00
     vertex  6.996502e+01 -4.669964e+01 -3.000000e+00
     vertex  6.991840e+01 -4.669804e+01 -3.000000e+00
   endloop
 endfacet
 facet normal  6.859319e-03  9.999765e-01  0.000000e+00
   outer loop
     vertex  6.996502e+01 -4.669964e+01  0.000000e+00
     vertex  7.001166e+01 -4.669996e+01 -3.000000e+00
     vertex  6.996502e+01 -4.669964e+01 -3.000000e+00
   endloop
 endfacet
 facet normal  6.859319e-03  9.999765e-01  0.000000e+00
   outer loop
     vertex  7.001166e+01 -4.669996e+01  0.000000e+00
     vertex  7.001166e+01 -4.669996e+01 -3.000000e+00
     vertex  6.996502e+01 -4.669964e+01  0.000000e+00
   endloop
 endfacet
 facet normal -4.799716e-02  9.988475e-01  0.000000e+00
   outer loop
     vertex  7.005829e+01 -4.669900e+01  0.000000e+00
     vertex  7.010488e+01 -4.669676e+01 -3.000000e+00
     vertex  7.005829e+01 -4.669900e+01 -3.000000e+00
   endloop
 endfacet
 facet normal -2.057667e-02  9.997883e-01  0.000000e+00
   outer loop
     vertex  7.005829e+01 -4.669900e+01  0.000000e+00
     vertex  7.001166e+01 -4.669996e+01 -3.000000e+00
     vertex  7.001166e+01 -4.669996e+01  0.000000e+00
   endloop
 endfacet
 facet normal -2.057667e-02  9.997883e-01  0.000000e+00
   outer loop
     vertex  7.005829e+01 -4.669900e+01  0.000000e+00
     vertex  7.005829e+01 -4.669900e+01 -3.000000e+00
     vertex  7.001166e+01 -4.669996e+01 -3.000000e+00
   endloop
 endfacet
 facet normal -4.799716e-02  9.988475e-01  0.000000e+00
   outer loop
     vertex  7.010488e+01 -4.669676e+01  0.000000e+00
     vertex  7.010488e+01 -4.669676e+01 -3.000000e+00
     vertex  7.005829e+01 -4.669900e+01  0.000000e+00
   endloop
 endfacet
 facet normal -7.538152e-02  9.971548e-01  0.000000e+00
   outer loop
     vertex  7.015139e+01 -4.669325e+01  0.000000e+00
     vertex  7.015139e+01 -4.669325e+01 -3.000000e+00
     vertex  7.010488e+01 -4.669676e+01 -3.000000e+00
   endloop
 endfacet
 facet normal -7.538152e-02  9.971548e-01  0.000000e+00
   outer loop
     vertex  7.015139e+01 -4.669325e+01  0.000000e+00
     vertex  7.010488e+01 -4.669676e+01 -3.000000e+00
     vertex  7.010488e+01 -4.669676e+01  0.000000e+00
   endloop
 endfacet
 facet normal -1.027091e-01  9.947114e-01  0.000000e+00
   outer loop
     vertex  7.019779e+01 -4.668846e+01  0.000000e+00
     vertex  7.019779e+01 -4.668846e+01 -3.000000e+00
     vertex  7.015139e+01 -4.669325e+01 -3.000000e+00
   endloop
 endfacet
 facet normal -1.027091e-01  9.947114e-01  0.000000e+00
   outer loop
     vertex  7.019779e+01 -4.668846e+01  0.000000e+00
     vertex  7.015139e+01 -4.669325e+01 -3.000000e+00
     vertex  7.015139e+01 -4.669325e+01  0.000000e+00
   endloop
 endfacet
 facet normal -1.299594e-01  9.915193e-01  0.000000e+00
   outer loop
     vertex  7.024403e+01 -4.668239e+01  0.000000e+00
     vertex  7.024403e+01 -4.668239e+01 -3.000000e+00
     vertex  7.019779e+01 -4.668846e+01 -3.000000e+00
   endloop
 endfacet
 facet normal -1.299594e-01  9.915193e-01  0.000000e+00
   outer loop
     vertex  7.024403e+01 -4.668239e+01  0.000000e+00
     vertex  7.019779e+01 -4.668846e+01 -3.000000e+00
     vertex  7.019779e+01 -4.668846e+01  0.000000e+00
   endloop
 endfacet
 facet normal -1.571119e-01  9.875808e-01  0.000000e+00
   outer loop
     vertex  7.029010e+01 -4.667507e+01  0.000000e+00
     vertex  7.029010e+01 -4.667507e+01 -3.000000e+00
     vertex  7.024403e+01 -4.668239e+01 -3.000000e+00
   endloop
 endfacet
 facet normal -1.841461e-01  9.828989e-01  0.000000e+00
   outer loop
     vertex  7.029010e+01 -4.667507e+01  0.000000e+00
     vertex  7.033594e+01 -4.666648e+01 -3.000000e+00
     vertex  7.029010e+01 -4.667507e+01 -3.000000e+00
   endloop
 endfacet
 facet normal -1.571119e-01  9.875808e-01  0.000000e+00
   outer loop
     vertex  7.029010e+01 -4.667507e+01  0.000000e+00
     vertex  7.024403e+01 -4.668239e+01 -3.000000e+00
     vertex  7.024403e+01 -4.668239e+01  0.000000e+00
   endloop
 endfacet
 facet normal -2.110417e-01  9.774771e-01  0.000000e+00
   outer loop
     vertex  7.033594e+01 -4.666648e+01  0.000000e+00
     vertex  7.038153e+01 -4.665663e+01 -3.000000e+00
     vertex  7.033594e+01 -4.666648e+01 -3.000000e+00
   endloop
 endfacet
 facet normal -1.841461e-01  9.828989e-01  0.000000e+00
   outer loop
     vertex  7.033594e+01 -4.666648e+01  0.000000e+00
     vertex  7.033594e+01 -4.666648e+01 -3.000000e+00
     vertex  7.029010e+01 -4.667507e+01  0.000000e+00
   endloop
 endfacet
 facet normal -2.377784e-01  9.713194e-01  0.000000e+00
   outer loop
     vertex  7.038153e+01 -4.665663e+01  0.000000e+00
     vertex  7.042684e+01 -4.664554e+01 -3.000000e+00
     vertex  7.038153e+01 -4.665663e+01 -3.000000e+00
   endloop
 endfacet
 facet normal -2.110417e-01  9.774771e-01  0.000000e+00
   outer loop
     vertex  7.038153e+01 -4.665663e+01  0.000000e+00
     vertex  7.038153e+01 -4.665663e+01 -3.000000e+00
     vertex  7.033594e+01 -4.666648e+01  0.000000e+00
   endloop
 endfacet
 facet normal -2.643362e-01  9.644306e-01  0.000000e+00
   outer loop
     vertex  7.042684e+01 -4.664554e+01  0.000000e+00
     vertex  7.047182e+01 -4.663321e+01 -3.000000e+00
     vertex  7.042684e+01 -4.664554e+01 -3.000000e+00
   endloop
 endfacet
 facet normal -2.377784e-01  9.713194e-01  0.000000e+00
   outer loop
     vertex  7.042684e+01 -4.664554e+01  0.000000e+00
     vertex  7.042684e+01 -4.664554e+01 -3.000000e+00
     vertex  7.038153e+01 -4.665663e+01  0.000000e+00
   endloop
 endfacet
 facet normal -2.643362e-01  9.644306e-01  0.000000e+00
   outer loop
     vertex  7.047182e+01 -4.663321e+01  0.000000e+00
     vertex  7.047182e+01 -4.663321e+01 -3.000000e+00
     vertex  7.042684e+01 -4.664554e+01  0.000000e+00
   endloop
 endfacet
 facet normal -2.906949e-01  9.568158e-01  0.000000e+00
   outer loop
     vertex  7.051645e+01 -4.661965e+01  0.000000e+00
     vertex  7.051645e+01 -4.661965e+01 -3.000000e+00
     vertex  7.047182e+01 -4.663321e+01 -3.000000e+00
   endloop
 endfacet
 facet normal -2.906949e-01  9.568158e-01  0.000000e+00
   outer loop
     vertex  7.051645e+01 -4.661965e+01  0.000000e+00
     vertex  7.047182e+01 -4.663321e+01 -3.000000e+00
     vertex  7.047182e+01 -4.663321e+01  0.000000e+00
   endloop
 endfacet
 facet normal -3.168348e-01  9.484807e-01  0.000000e+00
   outer loop
     vertex  7.056069e+01 -4.660488e+01  0.000000e+00
     vertex  7.056069e+01 -4.660488e+01 -3.000000e+00
     vertex  7.051645e+01 -4.661965e+01 -3.000000e+00
   endloop
 endfacet
 facet normal -3.427362e-01  9.394317e-01  0.000000e+00
   outer loop
     vertex  7.056069e+01 -4.660488e+01  0.000000e+00
     vertex  7.060451e+01 -4.658889e+01 -3.000000e+00
     vertex  7.056069e+01 -4.660488e+01 -3.000000e+00
   endloop
 endfacet
 facet normal -3.168348e-01  9.484807e-01  0.000000e+00
   outer loop
     vertex  7.056069e+01 -4.660488e+01  0.000000e+00
     vertex  7.051645e+01 -4.661965e+01 -3.000000e+00
     vertex  7.051645e+01 -4.661965e+01  0.000000e+00
   endloop
 endfacet
 facet normal -3.427362e-01  9.394317e-01  0.000000e+00
   outer loop
     vertex  7.060451e+01 -4.658889e+01  0.000000e+00
     vertex  7.060451e+01 -4.658889e+01 -3.000000e+00
     vertex  7.056069e+01 -4.660488e+01  0.000000e+00
   endloop
 endfacet
 facet normal -3.683796e-01  9.296754e-01  0.000000e+00
   outer loop
     vertex  7.064787e+01 -4.657171e+01  0.000000e+00
     vertex  7.064787e+01 -4.657171e+01 -3.000000e+00
     vertex  7.060451e+01 -4.658889e+01 -3.000000e+00
   endloop
 endfacet
 facet normal -3.683796e-01  9.296754e-01  0.000000e+00
   outer loop
     vertex  7.064787e+01 -4.657171e+01  0.000000e+00
     vertex  7.060451e+01 -4.658889e+01 -3.000000e+00
     vertex  7.060451e+01 -4.658889e+01  0.000000e+00
   endloop
 endfacet
 facet normal -3.937458e-01  9.192194e-01  0.000000e+00
   outer loop
     vertex  7.069074e+01 -4.655334e+01  0.000000e+00
     vertex  7.064787e+01 -4.657171e+01 -3.000000e+00
     vertex  7.064787e+01 -4.657171e+01  0.000000e+00
   endloop
 endfacet
 facet normal -3.937458e-01  9.192194e-01  0.000000e+00
   outer loop
     vertex  7.069074e+01 -4.655334e+01  0.000000e+00
     vertex  7.069074e+01 -4.655334e+01 -3.000000e+00
     vertex  7.064787e+01 -4.657171e+01 -3.000000e+00
   endloop
 endfacet
 facet normal -4.188155e-01  9.080714e-01  0.000000e+00
   outer loop
     vertex  7.069074e+01 -4.655334e+01  0.000000e+00
     vertex  7.073310e+01 -4.653381e+01 -3.000000e+00
     vertex  7.069074e+01 -4.655334e+01 -3.000000e+00
   endloop
 endfacet
 facet normal -4.188155e-01  9.080714e-01  0.000000e+00
   outer loop
     vertex  7.073310e+01 -4.653381e+01  0.000000e+00
     vertex  7.073310e+01 -4.653381e+01 -3.000000e+00
     vertex  7.069074e+01 -4.655334e+01  0.000000e+00
   endloop
 endfacet
 facet normal -4.435699e-01  8.962398e-01  0.000000e+00
   outer loop
     vertex  7.077490e+01 -4.651312e+01  0.000000e+00
     vertex  7.077490e+01 -4.651312e+01 -3.000000e+00
     vertex  7.073310e+01 -4.653381e+01 -3.000000e+00
   endloop
 endfacet
 facet normal -4.679904e-01  8.837335e-01  0.000000e+00
   outer loop
     vertex  7.077490e+01 -4.651312e+01  0.000000e+00
     vertex  7.081612e+01 -4.649129e+01 -3.000000e+00
     vertex  7.077490e+01 -4.651312e+01 -3.000000e+00
   endloop
 endfacet
 facet normal -4.435699e-01  8.962398e-01  0.000000e+00
   outer loop
     vertex  7.077490e+01 -4.651312e+01  0.000000e+00
     vertex  7.073310e+01 -4.653381e+01 -3.000000e+00
     vertex  7.073310e+01 -4.653381e+01  0.000000e+00
   endloop
 endfacet
 facet normal -4.679904e-01  8.837335e-01  0.000000e+00
   outer loop
     vertex  7.081612e+01 -4.649129e+01  0.000000e+00
     vertex  7.081612e+01 -4.649129e+01 -3.000000e+00
     vertex  7.077490e+01 -4.651312e+01  0.000000e+00
   endloop
 endfacet
 facet normal -4.920587e-01  8.705620e-01  0.000000e+00
   outer loop
     vertex  7.081612e+01 -4.649129e+01  0.000000e+00
     vertex  7.085672e+01 -4.646834e+01 -3.000000e+00
     vertex  7.081612e+01 -4.649129e+01 -3.000000e+00
   endloop
 endfacet
 facet normal -4.920587e-01  8.705620e-01  0.000000e+00
   outer loop
     vertex  7.085672e+01 -4.646834e+01  0.000000e+00
     vertex  7.085672e+01 -4.646834e+01 -3.000000e+00
     vertex  7.081612e+01 -4.649129e+01  0.000000e+00
   endloop
 endfacet
 facet normal -5.157565e-01  8.567352e-01  0.000000e+00
   outer loop
     vertex  7.085672e+01 -4.646834e+01  0.000000e+00
     vertex  7.089668e+01 -4.644428e+01 -3.000000e+00
     vertex  7.085672e+01 -4.646834e+01 -3.000000e+00
   endloop
 endfacet
 facet normal -5.157565e-01  8.567352e-01  0.000000e+00
   outer loop
     vertex  7.089668e+01 -4.644428e+01  0.000000e+00
     vertex  7.089668e+01 -4.644428e+01 -3.000000e+00
     vertex  7.085672e+01 -4.646834e+01  0.000000e+00
   endloop
 endfacet
 facet normal -5.390661e-01  8.422635e-01  0.000000e+00
   outer loop
     vertex  7.093597e+01 -4.641914e+01  0.000000e+00
     vertex  7.093597e+01 -4.641914e+01 -3.000000e+00
     vertex  7.089668e+01 -4.644428e+01 -3.000000e+00
   endloop
 endfacet
 facet normal -5.390661e-01  8.422635e-01  0.000000e+00
   outer loop
     vertex  7.093597e+01 -4.641914e+01  0.000000e+00
     vertex  7.089668e+01 -4.644428e+01 -3.000000e+00
     vertex  7.089668e+01 -4.644428e+01  0.000000e+00
   endloop
 endfacet
 facet normal -5.619699e-01  8.271577e-01  0.000000e+00
   outer loop
     vertex  7.097455e+01 -4.639293e+01  0.000000e+00
     vertex  7.097455e+01 -4.639293e+01 -3.000000e+00
     vertex  7.093597e+01 -4.641914e+01 -3.000000e+00
   endloop
 endfacet
 facet normal -5.844507e-01  8.114292e-01  0.000000e+00
   outer loop
     vertex  7.097455e+01 -4.639293e+01  0.000000e+00
     vertex  7.101240e+01 -4.636567e+01 -3.000000e+00
     vertex  7.097455e+01 -4.639293e+01 -3.000000e+00
   endloop
 endfacet
 facet normal -5.619699e-01  8.271577e-01  0.000000e+00
   outer loop
     vertex  7.097455e+01 -4.639293e+01  0.000000e+00
     vertex  7.093597e+01 -4.641914e+01 -3.000000e+00
     vertex  7.093597e+01 -4.641914e+01  0.000000e+00
   endloop
 endfacet
 facet normal -5.844507e-01  8.114292e-01  0.000000e+00
   outer loop
     vertex  7.101240e+01 -4.636567e+01  0.000000e+00
     vertex  7.101240e+01 -4.636567e+01 -3.000000e+00
     vertex  7.097455e+01 -4.639293e+01  0.000000e+00
   endloop
 endfacet
 facet normal -6.064915e-01  7.950900e-01  0.000000e+00
   outer loop
     vertex  7.104948e+01 -4.633738e+01  0.000000e+00
     vertex  7.104948e+01 -4.633738e+01 -3.000000e+00
     vertex  7.101240e+01 -4.636567e+01 -3.000000e+00
   endloop
 endfacet
 facet normal -6.280757e-01  7.781522e-01  0.000000e+00
   outer loop
     vertex  7.104948e+01 -4.633738e+01  0.000000e+00
     vertex  7.108578e+01 -4.630809e+01 -3.000000e+00
     vertex  7.104948e+01 -4.633738e+01 -3.000000e+00
   endloop
 endfacet
 facet normal -6.064915e-01  7.950900e-01  0.000000e+00
   outer loop
     vertex  7.104948e+01 -4.633738e+01  0.000000e+00
     vertex  7.101240e+01 -4.636567e+01 -3.000000e+00
     vertex  7.101240e+01 -4.636567e+01  0.000000e+00
   endloop
 endfacet
 facet normal -6.280757e-01  7.781522e-01  0.000000e+00
   outer loop
     vertex  7.108578e+01 -4.630809e+01  0.000000e+00
     vertex  7.108578e+01 -4.630809e+01 -3.000000e+00
     vertex  7.104948e+01 -4.633738e+01  0.000000e+00
   endloop
 endfacet
 facet normal -6.491872e-01  7.606287e-01  0.000000e+00
   outer loop
     vertex  7.108578e+01 -4.630809e+01  0.000000e+00
     vertex  7.112125e+01 -4.627781e+01 -3.000000e+00
     vertex  7.108578e+01 -4.630809e+01 -3.000000e+00
   endloop
 endfacet
 facet normal -6.491872e-01  7.606287e-01  0.000000e+00
   outer loop
     vertex  7.112125e+01 -4.627781e+01  0.000000e+00
     vertex  7.112125e+01 -4.627781e+01 -3.000000e+00
     vertex  7.108578e+01 -4.630809e+01  0.000000e+00
   endloop
 endfacet
 facet normal -6.698100e-01  7.425325e-01  0.000000e+00
   outer loop
     vertex  7.115589e+01 -4.624657e+01  0.000000e+00
     vertex  7.115589e+01 -4.624657e+01 -3.000000e+00
     vertex  7.112125e+01 -4.627781e+01 -3.000000e+00
   endloop
 endfacet
 facet normal -6.698100e-01  7.425325e-01  0.000000e+00
   outer loop
     vertex  7.115589e+01 -4.624657e+01  0.000000e+00
     vertex  7.112125e+01 -4.627781e+01 -3.000000e+00
     vertex  7.112125e+01 -4.627781e+01  0.000000e+00
   endloop
 endfacet
 facet normal -6.899286e-01  7.238775e-01  0.000000e+00
   outer loop
     vertex  7.118965e+01 -4.621439e+01  0.000000e+00
     vertex  7.118965e+01 -4.621439e+01 -3.000000e+00
     vertex  7.115589e+01 -4.624657e+01 -3.000000e+00
   endloop
 endfacet
 facet normal -6.899286e-01  7.238775e-01  0.000000e+00
   outer loop
     vertex  7.118965e+01 -4.621439e+01  0.000000e+00
     vertex  7.115589e+01 -4.624657e+01 -3.000000e+00
     vertex  7.115589e+01 -4.624657e+01  0.000000e+00
   endloop
 endfacet
 facet normal -7.095278e-01  7.046775e-01  0.000000e+00
   outer loop
     vertex  7.122252e+01 -4.618129e+01  0.000000e+00
     vertex  7.122252e+01 -4.618129e+01 -3.000000e+00
     vertex  7.118965e+01 -4.621439e+01 -3.000000e+00
   endloop
 endfacet
 facet normal -7.095278e-01  7.046775e-01  0.000000e+00
   outer loop
     vertex  7.122252e+01 -4.618129e+01  0.000000e+00
     vertex  7.118965e+01 -4.621439e+01 -3.000000e+00
     vertex  7.118965e+01 -4.621439e+01  0.000000e+00
   endloop
 endfacet
 facet normal -7.285929e-01  6.849470e-01  0.000000e+00
   outer loop
     vertex  7.125447e+01 -4.614731e+01  0.000000e+00
     vertex  7.125447e+01 -4.614731e+01 -3.000000e+00
     vertex  7.122252e+01 -4.618129e+01 -3.000000e+00
   endloop
 endfacet
 facet normal -7.285929e-01  6.849470e-01  0.000000e+00
   outer loop
     vertex  7.125447e+01 -4.614731e+01  0.000000e+00
     vertex  7.122252e+01 -4.618129e+01 -3.000000e+00
     vertex  7.122252e+01 -4.618129e+01  0.000000e+00
   endloop
 endfacet
 facet normal -7.471095e-01  6.647010e-01  0.000000e+00
   outer loop
     vertex  7.128547e+01 -4.611246e+01  0.000000e+00
     vertex  7.128547e+01 -4.611246e+01 -3.000000e+00
     vertex  7.125447e+01 -4.614731e+01 -3.000000e+00
   endloop
 endfacet
 facet normal -7.471095e-01  6.647010e-01  0.000000e+00
   outer loop
     vertex  7.128547e+01 -4.611246e+01  0.000000e+00
     vertex  7.125447e+01 -4.614731e+01 -3.000000e+00
     vertex  7.125447e+01 -4.614731e+01  0.000000e+00
   endloop
 endfacet
 facet normal -7.650637e-01  6.439545e-01  0.000000e+00
   outer loop
     vertex  7.131550e+01 -4.607678e+01  0.000000e+00
     vertex  7.131550e+01 -4.607678e+01 -3.000000e+00
     vertex  7.128547e+01 -4.611246e+01 -3.000000e+00
   endloop
 endfacet
 facet normal -7.650637e-01  6.439545e-01  0.000000e+00
   outer loop
     vertex  7.131550e+01 -4.607678e+01  0.000000e+00
     vertex  7.128547e+01 -4.611246e+01 -3.000000e+00
     vertex  7.128547e+01 -4.611246e+01  0.000000e+00
   endloop
 endfacet
 facet normal -7.824421e-01  6.227234e-01  0.000000e+00
   outer loop
     vertex  7.134455e+01 -4.604028e+01  0.000000e+00
     vertex  7.134455e+01 -4.604028e+01 -3.000000e+00
     vertex  7.131550e+01 -4.607678e+01 -3.000000e+00
   endloop
 endfacet
 facet normal -7.824421e-01  6.227234e-01  0.000000e+00
   outer loop
     vertex  7.134455e+01 -4.604028e+01  0.000000e+00
     vertex  7.131550e+01 -4.607678e+01 -3.000000e+00
     vertex  7.131550e+01 -4.607678e+01  0.000000e+00
   endloop
 endfacet
 facet normal -7.992314e-01  6.010234e-01  0.000000e+00
   outer loop
     vertex  7.137258e+01 -4.600300e+01  0.000000e+00
     vertex  7.137258e+01 -4.600300e+01 -3.000000e+00
     vertex  7.134455e+01 -4.604028e+01 -3.000000e+00
   endloop
 endfacet
 facet normal -7.992314e-01  6.010234e-01  0.000000e+00
   outer loop
     vertex  7.137258e+01 -4.600300e+01  0.000000e+00
     vertex  7.134455e+01 -4.604028e+01 -3.000000e+00
     vertex  7.134455e+01 -4.604028e+01  0.000000e+00
   endloop
 endfacet
 facet normal -8.154191e-01  5.788711e-01  0.000000e+00
   outer loop
     vertex  7.139958e+01 -4.596497e+01  0.000000e+00
     vertex  7.139958e+01 -4.596497e+01 -3.000000e+00
     vertex  7.137258e+01 -4.600300e+01 -3.000000e+00
   endloop
 endfacet
 facet normal -8.309929e-01  5.562829e-01  0.000000e+00
   outer loop
     vertex  7.139958e+01 -4.596497e+01  0.000000e+00
     vertex  7.142553e+01 -4.592621e+01 -3.000000e+00
     vertex  7.139958e+01 -4.596497e+01 -3.000000e+00
   endloop
 endfacet
 facet normal -8.154191e-01  5.788711e-01  0.000000e+00
   outer loop
     vertex  7.139958e+01 -4.596497e+01  0.000000e+00
     vertex  7.137258e+01 -4.600300e+01 -3.000000e+00
     vertex  7.137258e+01 -4.600300e+01  0.000000e+00
   endloop
 endfacet
 facet normal -8.309929e-01  5.562829e-01  0.000000e+00
   outer loop
     vertex  7.142553e+01 -4.592621e+01  0.000000e+00
     vertex  7.142553e+01 -4.592621e+01 -3.000000e+00
     vertex  7.139958e+01 -4.596497e+01  0.000000e+00
   endloop
 endfacet
 facet normal -8.459413e-01  5.332761e-01  0.000000e+00
   outer loop
     vertex  7.145040e+01 -4.588676e+01  0.000000e+00
     vertex  7.145040e+01 -4.588676e+01 -3.000000e+00
     vertex  7.142553e+01 -4.592621e+01 -3.000000e+00
   endloop
 endfacet
 facet normal -8.602528e-01  5.098678e-01  0.000000e+00
   outer loop
     vertex  7.145040e+01 -4.588676e+01  0.000000e+00
     vertex  7.147418e+01 -4.584663e+01 -3.000000e+00
     vertex  7.145040e+01 -4.588676e+01 -3.000000e+00
   endloop
 endfacet
 facet normal -8.459413e-01  5.332761e-01  0.000000e+00
   outer loop
     vertex  7.145040e+01 -4.588676e+01  0.000000e+00
     vertex  7.142553e+01 -4.592621e+01 -3.000000e+00
     vertex  7.142553e+01 -4.592621e+01  0.000000e+00
   endloop
 endfacet
 facet normal -8.602528e-01  5.098678e-01  0.000000e+00
   outer loop
     vertex  7.147418e+01 -4.584663e+01  0.000000e+00
     vertex  7.147418e+01 -4.584663e+01 -3.000000e+00
     vertex  7.145040e+01 -4.588676e+01  0.000000e+00
   endloop
 endfacet
 facet normal -8.739167e-01  4.860756e-01  0.000000e+00
   outer loop
     vertex  7.149685e+01 -4.580587e+01  0.000000e+00
     vertex  7.149685e+01 -4.580587e+01 -3.000000e+00
     vertex  7.147418e+01 -4.584663e+01 -3.000000e+00
   endloop
 endfacet
 facet normal -8.739167e-01  4.860756e-01  0.000000e+00
   outer loop
     vertex  7.149685e+01 -4.580587e+01  0.000000e+00
     vertex  7.147418e+01 -4.584663e+01 -3.000000e+00
     vertex  7.147418e+01 -4.584663e+01  0.000000e+00
   endloop
 endfacet
 facet normal -8.869228e-01  4.619176e-01  0.000000e+00
   outer loop
     vertex  7.151840e+01 -4.576450e+01  0.000000e+00
     vertex  7.149685e+01 -4.580587e+01 -3.000000e+00
     vertex  7.149685e+01 -4.580587e+01  0.000000e+00
   endloop
 endfacet
 facet normal -8.869228e-01  4.619176e-01  0.000000e+00
   outer loop
     vertex  7.151840e+01 -4.576450e+01  0.000000e+00
     vertex  7.151840e+01 -4.576450e+01 -3.000000e+00
     vertex  7.149685e+01 -4.580587e+01 -3.000000e+00
   endloop
 endfacet
 facet normal -8.992613e-01  4.374119e-01  0.000000e+00
   outer loop
     vertex  7.151840e+01 -4.576450e+01  0.000000e+00
     vertex  7.153880e+01 -4.572256e+01 -3.000000e+00
     vertex  7.151840e+01 -4.576450e+01 -3.000000e+00
   endloop
 endfacet
 facet normal -8.992613e-01  4.374119e-01  0.000000e+00
   outer loop
     vertex  7.153880e+01 -4.572256e+01  0.000000e+00
     vertex  7.153880e+01 -4.572256e+01 -3.000000e+00
     vertex  7.151840e+01 -4.576450e+01  0.000000e+00
   endloop
 endfacet
 facet normal -9.109228e-01  4.125769e-01  0.000000e+00
   outer loop
     vertex  7.155804e+01 -4.568007e+01  0.000000e+00
     vertex  7.153880e+01 -4.572256e+01 -3.000000e+00
     vertex  7.153880e+01 -4.572256e+01  0.000000e+00
   endloop
 endfacet
 facet normal -9.109228e-01  4.125769e-01  0.000000e+00
   outer loop
     vertex  7.155804e+01 -4.568007e+01  0.000000e+00
     vertex  7.155804e+01 -4.568007e+01 -3.000000e+00
     vertex  7.153880e+01 -4.572256e+01 -3.000000e+00
   endloop
 endfacet
 facet normal -9.218986e-01  3.874313e-01  0.000000e+00
   outer loop
     vertex  7.157612e+01 -4.563707e+01  0.000000e+00
     vertex  7.155804e+01 -4.568007e+01 -3.000000e+00
     vertex  7.155804e+01 -4.568007e+01  0.000000e+00
   endloop
 endfacet
 facet normal -9.218986e-01  3.874313e-01  0.000000e+00
   outer loop
     vertex  7.157612e+01 -4.563707e+01  0.000000e+00
     vertex  7.157612e+01 -4.563707e+01 -3.000000e+00
     vertex  7.155804e+01 -4.568007e+01 -3.000000e+00
   endloop
 endfacet
 facet normal -9.321804e-01  3.619940e-01  0.000000e+00
   outer loop
     vertex  7.159300e+01 -4.559359e+01  0.000000e+00
     vertex  7.157612e+01 -4.563707e+01 -3.000000e+00
     vertex  7.157612e+01 -4.563707e+01  0.000000e+00
   endloop
 endfacet
 facet normal -9.321804e-01  3.619940e-01  0.000000e+00
   outer loop
     vertex  7.159300e+01 -4.559359e+01  0.000000e+00
     vertex  7.159300e+01 -4.559359e+01 -3.000000e+00
     vertex  7.157612e+01 -4.563707e+01 -3.000000e+00
   endloop
 endfacet
 facet normal -9.417605e-01  3.362843e-01  0.000000e+00
   outer loop
     vertex  7.160868e+01 -4.554967e+01  0.000000e+00
     vertex  7.159300e+01 -4.559359e+01 -3.000000e+00
     vertex  7.159300e+01 -4.559359e+01  0.000000e+00
   endloop
 endfacet
 facet normal -9.417605e-01  3.362843e-01  0.000000e+00
   outer loop
     vertex  7.160868e+01 -4.554967e+01  0.000000e+00
     vertex  7.160868e+01 -4.554967e+01 -3.000000e+00
     vertex  7.159300e+01 -4.559359e+01 -3.000000e+00
   endloop
 endfacet
 facet normal -9.506317e-01  3.103214e-01  0.000000e+00
   outer loop
     vertex  7.162316e+01 -4.550533e+01  0.000000e+00
     vertex  7.160868e+01 -4.554967e+01 -3.000000e+00
     vertex  7.160868e+01 -4.554967e+01  0.000000e+00
   endloop
 endfacet
 facet normal -9.506317e-01  3.103214e-01  0.000000e+00
   outer loop
     vertex  7.162316e+01 -4.550533e+01  0.000000e+00
     vertex  7.162316e+01 -4.550533e+01 -3.000000e+00
     vertex  7.160868e+01 -4.554967e+01 -3.000000e+00
   endloop
 endfacet
 facet normal -9.587873e-01  2.841250e-01  0.000000e+00
   outer loop
     vertex  7.162316e+01 -4.550533e+01  0.000000e+00
     vertex  7.163641e+01 -4.546061e+01 -3.000000e+00
     vertex  7.162316e+01 -4.550533e+01 -3.000000e+00
   endloop
 endfacet
 facet normal -9.587873e-01  2.841250e-01  0.000000e+00
   outer loop
     vertex  7.163641e+01 -4.546061e+01  0.000000e+00
     vertex  7.163641e+01 -4.546061e+01 -3.000000e+00
     vertex  7.162316e+01 -4.550533e+01  0.000000e+00
   endloop
 endfacet
 facet normal -9.662211e-01  2.577146e-01  0.000000e+00
   outer loop
     vertex  7.164843e+01 -4.541554e+01  0.000000e+00
     vertex  7.163641e+01 -4.546061e+01 -3.000000e+00
     vertex  7.163641e+01 -4.546061e+01  0.000000e+00
   endloop
 endfacet
 facet normal -9.662211e-01  2.577146e-01  0.000000e+00
   outer loop
     vertex  7.164843e+01 -4.541554e+01  0.000000e+00
     vertex  7.164843e+01 -4.541554e+01 -3.000000e+00
     vertex  7.163641e+01 -4.546061e+01 -3.000000e+00
   endloop
 endfacet
 facet normal -9.729276e-01  2.311102e-01  0.000000e+00
   outer loop
     vertex  7.165921e+01 -4.537016e+01  0.000000e+00
     vertex  7.164843e+01 -4.541554e+01 -3.000000e+00
     vertex  7.164843e+01 -4.541554e+01  0.000000e+00
   endloop
 endfacet
 facet normal -9.729276e-01  2.311102e-01  0.000000e+00
   outer loop
     vertex  7.165921e+01 -4.537016e+01  0.000000e+00
     vertex  7.165921e+01 -4.537016e+01 -3.000000e+00
     vertex  7.164843e+01 -4.541554e+01 -3.000000e+00
   endloop
 endfacet
 facet normal -9.789017e-01  2.043319e-01  0.000000e+00
   outer loop
     vertex  7.166874e+01 -4.532450e+01  0.000000e+00
     vertex  7.165921e+01 -4.537016e+01 -3.000000e+00
     vertex  7.165921e+01 -4.537016e+01  0.000000e+00
   endloop
 endfacet
 facet normal -9.789017e-01  2.043319e-01  0.000000e+00
   outer loop
     vertex  7.166874e+01 -4.532450e+01  0.000000e+00
     vertex  7.166874e+01 -4.532450e+01 -3.000000e+00
     vertex  7.165921e+01 -4.537016e+01 -3.000000e+00
   endloop
 endfacet
 facet normal -9.841389e-01  1.773998e-01  0.000000e+00
   outer loop
     vertex  7.167702e+01 -4.527860e+01  0.000000e+00
     vertex  7.166874e+01 -4.532450e+01 -3.000000e+00
     vertex  7.166874e+01 -4.532450e+01  0.000000e+00
   endloop
 endfacet
 facet normal -9.841389e-01  1.773998e-01  0.000000e+00
   outer loop
     vertex  7.167702e+01 -4.527860e+01  0.000000e+00
     vertex  7.167702e+01 -4.527860e+01 -3.000000e+00
     vertex  7.166874e+01 -4.532450e+01 -3.000000e+00
   endloop
 endfacet
 facet normal -9.886353e-01  1.503341e-01  0.000000e+00
   outer loop
     vertex  7.168403e+01 -4.523249e+01  0.000000e+00
     vertex  7.167702e+01 -4.527860e+01 -3.000000e+00
     vertex  7.167702e+01 -4.527860e+01  0.000000e+00
   endloop
 endfacet
 facet normal -9.886353e-01  1.503341e-01  0.000000e+00
   outer loop
     vertex  7.168403e+01 -4.523249e+01  0.000000e+00
     vertex  7.168403e+01 -4.523249e+01 -3.000000e+00
     vertex  7.167702e+01 -4.527860e+01 -3.000000e+00
   endloop
 endfacet
 facet normal -9.923874e-01  1.231552e-01  0.000000e+00
   outer loop
     vertex  7.168403e+01 -4.523249e+01  0.000000e+00
     vertex  7.168977e+01 -4.518620e+01 -3.000000e+00
     vertex  7.168403e+01 -4.523249e+01 -3.000000e+00
   endloop
 endfacet
 facet normal -9.923874e-01  1.231552e-01  0.000000e+00
   outer loop
     vertex  7.168977e+01 -4.518620e+01  0.000000e+00
     vertex  7.168977e+01 -4.518620e+01 -3.000000e+00
     vertex  7.168403e+01 -4.523249e+01  0.000000e+00
   endloop
 endfacet
 facet normal -9.953925e-01  9.588368e-02  0.000000e+00
   outer loop
     vertex  7.169424e+01 -4.513977e+01  0.000000e+00
     vertex  7.169424e+01 -4.513977e+01 -3.000000e+00
     vertex  7.168977e+01 -4.518620e+01 -3.000000e+00
   endloop
 endfacet
 facet normal -9.976484e-01  6.853995e-02  0.000000e+00
   outer loop
     vertex  7.169424e+01 -4.513977e+01  0.000000e+00
     vertex  7.169744e+01 -4.509324e+01 -3.000000e+00
     vertex  7.169424e+01 -4.513977e+01 -3.000000e+00
   endloop
 endfacet
 facet normal -9.953925e-01  9.588368e-02  0.000000e+00
   outer loop
     vertex  7.169424e+01 -4.513977e+01  0.000000e+00
     vertex  7.168977e+01 -4.518620e+01 -3.000000e+00
     vertex  7.168977e+01 -4.518620e+01  0.000000e+00
   endloop
 endfacet
 facet normal -9.976484e-01  6.853995e-02  0.000000e+00
   outer loop
     vertex  7.169744e+01 -4.509324e+01  0.000000e+00
     vertex  7.169744e+01 -4.509324e+01 -3.000000e+00
     vertex  7.169424e+01 -4.513977e+01  0.000000e+00
   endloop
 endfacet
 facet normal -9.991532e-01  4.114462e-02  0.000000e+00
   outer loop
     vertex  7.169936e+01 -4.504664e+01  0.000000e+00
     vertex  7.169936e+01 -4.504664e+01 -3.000000e+00
     vertex  7.169744e+01 -4.509324e+01 -3.000000e+00
   endloop
 endfacet
 facet normal -9.991532e-01  4.114462e-02  0.000000e+00
   outer loop
     vertex  7.169936e+01 -4.504664e+01  0.000000e+00
     vertex  7.169744e+01 -4.509324e+01 -3.000000e+00
     vertex  7.169744e+01 -4.509324e+01  0.000000e+00
   endloop
 endfacet
 facet normal -9.999059e-01  1.371831e-02  0.000000e+00
   outer loop
     vertex  7.170000e+01 -4.500000e+01  0.000000e+00
     vertex  7.170000e+01 -4.500000e+01 -3.000000e+00
     vertex  7.169936e+01 -4.504664e+01 -3.000000e+00
   endloop
 endfacet
 facet normal -9.999059e-01  1.371831e-02  0.000000e+00
   outer loop
     vertex  7.170000e+01 -4.500000e+01  0.000000e+00
     vertex  7.169936e+01 -4.504664e+01 -3.000000e+00
     vertex  7.169936e+01 -4.504664e+01  0.000000e+00
   endloop
 endfacet
 facet normal -9.999059e-01 -1.371831e-02  0.000000e+00
   outer loop
     vertex -6.830064e+01  4.504664e+01  0.000000e+00
     vertex -6.830000e+01  4.500000e+01 -3.000000e+00
     vertex -6.830000e+01  4.500000e+01  0.000000e+00
   endloop
 endfacet
 facet normal -9.999059e-01 -1.371831e-02 -0.000000e+00
   outer loop
     vertex -6.830064e+01  4.504664e+01  0.000000e+00
     vertex -6.830064e+01  4.504664e+01 -3.000000e+00
     vertex -6.830000e+01  4.500000e+01 -3.000000e+00
   endloop
 endfacet
 facet normal -9.991532e-01 -4.114462e-02 -0.000000e+00
   outer loop
     vertex -6.830256e+01  4.509324e+01  0.000000e+00
     vertex -6.830256e+01  4.509324e+01 -3.000000e+00
     vertex -6.830064e+01  4.504664e+01 -3.000000e+00
   endloop
 endfacet
 facet normal -9.991532e-01 -4.114462e-02  0.000000e+00
   outer loop
     vertex -6.830256e+01  4.509324e+01  0.000000e+00
     vertex -6.830064e+01  4.504664e+01 -3.000000e+00
     vertex -6.830064e+01  4.504664e+01  0.000000e+00
   endloop
 endfacet
 facet normal -9.976484e-01 -6.853995e-02 -0.000000e+00
   outer loop
     vertex -6.830576e+01  4.513977e+01  0.000000e+00
     vertex -6.830576e+01  4.513977e+01 -3.000000e+00
     vertex -6.830256e+01  4.509324e+01 -3.000000e+00
   endloop
 endfacet
 facet normal -9.976484e-01 -6.853995e-02  0.000000e+00
   outer loop
     vertex -6.830576e+01  4.513977e+01  0.000000e+00
     vertex -6.830256e+01  4.509324e+01 -3.000000e+00
     vertex -6.830256e+01  4.509324e+01  0.000000e+00
   endloop
 endfacet
 facet normal -9.953925e-01 -9.588368e-02 -0.000000e+00
   outer loop
     vertex -6.831023e+01  4.518620e+01  0.000000e+00
     vertex -6.831023e+01  4.518620e+01 -3.000000e+00
     vertex -6.830576e+01  4.513977e+01 -3.000000e+00
   endloop
 endfacet
 facet normal -9.953925e-01 -9.588368e-02  0.000000e+00
   outer loop
     vertex -6.831023e+01  4.518620e+01  0.000000e+00
     vertex -6.830576e+01  4.513977e+01 -3.000000e+00
     vertex -6.830576e+01  4.513977e+01  0.000000e+00
   endloop
 endfacet
 facet normal -9.923874e-01 -1.231552e-01 -0.000000e+00
   outer loop
     vertex -6.831597e+01  4.523249e+01  0.000000e+00
     vertex -6.831597e+01  4.523249e+01 -3.000000e+00
     vertex -6.831023e+01  4.518620e+01 -3.000000e+00
   endloop
 endfacet
 facet normal -9.923874e-01 -1.231552e-01  0.000000e+00
   outer loop
     vertex -6.831597e+01  4.523249e+01  0.000000e+00
     vertex -6.831023e+01  4.518620e+01 -3.000000e+00
     vertex -6.831023e+01  4.518620e+01  0.000000e+00
   endloop
 endfacet
 facet normal -9.886353e-01 -1.503341e-01 -0.000000e+00
   outer loop
     vertex -6.832298e+01  4.527860e+01  0.000000e+00
     vertex -6.832298e+01  4.527860e+01 -3.000000e+00
     vertex -6.831597e+01  4.523249e+01 -3.000000e+00
   endloop
 endfacet
 facet normal -9.841389e-01 -1.773998e-01 -0.000000e+00
   outer loop
     vertex -6.832298e+01  4.527860e+01  0.000000e+00
     vertex -6.833126e+01  4.532450e+01 -3.000000e+00
     vertex -6.832298e+01  4.527860e+01 -3.000000e+00
   endloop
 endfacet
 facet normal -9.886353e-01 -1.503341e-01  0.000000e+00
   outer loop
     vertex -6.832298e+01  4.527860e+01  0.000000e+00
     vertex -6.831597e+01  4.523249e+01 -3.000000e+00
     vertex -6.831597e+01  4.523249e+01  0.000000e+00
   endloop
 endfacet
 facet normal -9.841389e-01 -1.773998e-01 -0.000000e+00
   outer loop
     vertex -6.833126e+01  4.532450e+01  0.000000e+00
     vertex -6.833126e+01  4.532450e+01 -3.000000e+00
     vertex -6.832298e+01  4.527860e+01  0.000000e+00
   endloop
 endfacet
 facet normal -9.789017e-01 -2.043319e-01 -0.000000e+00
   outer loop
     vertex -6.834079e+01  4.537016e+01  0.000000e+00
     vertex -6.834079e+01  4.537016e+01 -3.000000e+00
     vertex -6.833126e+01  4.532450e+01 -3.000000e+00
   endloop
 endfacet
 facet normal -9.789017e-01 -2.043319e-01  0.000000e+00
   outer loop
     vertex -6.834079e+01  4.537016e+01  0.000000e+00
     vertex -6.833126e+01  4.532450e+01 -3.000000e+00
     vertex -6.833126e+01  4.532450e+01  0.000000e+00
   endloop
 endfacet
 facet normal -9.729276e-01 -2.311102e-01 -0.000000e+00
   outer loop
     vertex -6.835157e+01  4.541554e+01  0.000000e+00
     vertex -6.835157e+01  4.541554e+01 -3.000000e+00
     vertex -6.834079e+01  4.537016e+01 -3.000000e+00
   endloop
 endfacet
 facet normal -9.729276e-01 -2.311102e-01  0.000000e+00
   outer loop
     vertex -6.835157e+01  4.541554e+01  0.000000e+00
     vertex -6.834079e+01  4.537016e+01 -3.000000e+00
     vertex -6.834079e+01  4.537016e+01  0.000000e+00
   endloop
 endfacet
 facet normal -9.662211e-01 -2.577146e-01  0.000000e+00
   outer loop
     vertex -6.836359e+01  4.546061e+01  0.000000e+00
     vertex -6.835157e+01  4.541554e+01 -3.000000e+00
     vertex -6.835157e+01  4.541554e+01  0.000000e+00
   endloop
 endfacet
 facet normal -9.662211e-01 -2.577146e-01 -0.000000e+00
   outer loop
     vertex -6.836359e+01  4.546061e+01  0.000000e+00
     vertex -6.836359e+01  4.546061e+01 -3.000000e+00
     vertex -6.835157e+01  4.541554e+01 -3.000000e+00
   endloop
 endfacet
 facet normal -9.587873e-01 -2.841250e-01 -0.000000e+00
   outer loop
     vertex -6.836359e+01  4.546061e+01  0.000000e+00
     vertex -6.837684e+01  4.550533e+01 -3.000000e+00
     vertex -6.836359e+01  4.546061e+01 -3.000000e+00
   endloop
 endfacet
 facet normal -9.587873e-01 -2.841250e-01 -0.000000e+00
   outer loop
     vertex -6.837684e+01  4.550533e+01  0.000000e+00
     vertex -6.837684e+01  4.550533e+01 -3.000000e+00
     vertex -6.836359e+01  4.546061e+01  0.000000e+00
   endloop
 endfacet
 facet normal -9.506317e-01 -3.103214e-01 -0.000000e+00
   outer loop
     vertex -6.837684e+01  4.550533e+01  0.000000e+00
     vertex -6.839132e+01  4.554967e+01 -3.000000e+00
     vertex -6.837684e+01  4.550533e+01 -3.000000e+00
   endloop
 endfacet
 facet normal -9.506317e-01 -3.103214e-01 -0.000000e+00
   outer loop
     vertex -6.839132e+01  4.554967e+01  0.000000e+00
     vertex -6.839132e+01  4.554967e+01 -3.000000e+00
     vertex -6.837684e+01  4.550533e+01  0.000000e+00
   endloop
 endfacet
 facet normal -9.417605e-01 -3.362843e-01 -0.000000e+00
   outer loop
     vertex -6.839132e+01  4.554967e+01  0.000000e+00
     vertex -6.840700e+01  4.559359e+01 -3.000000e+00
     vertex -6.839132e+01  4.554967e+01 -3.000000e+00
   endloop
 endfacet
 facet normal -9.417605e-01 -3.362843e-01 -0.000000e+00
   outer loop
     vertex -6.840700e+01  4.559359e+01  0.000000e+00
     vertex -6.840700e+01  4.559359e+01 -3.000000e+00
     vertex -6.839132e+01  4.554967e+01  0.000000e+00
   endloop
 endfacet
 facet normal -9.321804e-01 -3.619940e-01  0.000000e+00
   outer loop
     vertex -6.842388e+01  4.563707e+01  0.000000e+00
     vertex -6.840700e+01  4.559359e+01 -3.000000e+00
     vertex -6.840700e+01  4.559359e+01  0.000000e+00
   endloop
 endfacet
 facet normal -9.321804e-01 -3.619940e-01 -0.000000e+00
   outer loop
     vertex -6.842388e+01  4.563707e+01  0.000000e+00
     vertex -6.842388e+01  4.563707e+01 -3.000000e+00
     vertex -6.840700e+01  4.559359e+01 -3.000000e+00
   endloop
 endfacet
 facet normal -9.218986e-01 -3.874313e-01  0.000000e+00
   outer loop
     vertex -6.844196e+01  4.568007e+01  0.000000e+00
     vertex -6.842388e+01  4.563707e+01 -3.000000e+00
     vertex -6.842388e+01  4.563707e+01  0.000000e+00
   endloop
 endfacet
 facet normal -9.218986e-01 -3.874313e-01 -0.000000e+00
   outer loop
     vertex -6.844196e+01  4.568007e+01  0.000000e+00
     vertex -6.844196e+01  4.568007e+01 -3.000000e+00
     vertex -6.842388e+01  4.563707e+01 -3.000000e+00
   endloop
 endfacet
 facet normal -9.109228e-01 -4.125769e-01  0.000000e+00
   outer loop
     vertex -6.846120e+01  4.572256e+01  0.000000e+00
     vertex -6.844196e+01  4.568007e+01 -3.000000e+00
     vertex -6.844196e+01  4.568007e+01  0.000000e+00
   endloop
 endfacet
 facet normal -9.109228e-01 -4.125769e-01 -0.000000e+00
   outer loop
     vertex -6.846120e+01  4.572256e+01  0.000000e+00
     vertex -6.846120e+01  4.572256e+01 -3.000000e+00
     vertex -6.844196e+01  4.568007e+01 -3.000000e+00
   endloop
 endfacet
 facet normal -8.992613e-01 -4.374119e-01  0.000000e+00
   outer loop
     vertex -6.848160e+01  4.576450e+01  0.000000e+00
     vertex -6.846120e+01  4.572256e+01 -3.000000e+00
     vertex -6.846120e+01  4.572256e+01  0.000000e+00
   endloop
 endfacet
 facet normal -8.992613e-01 -4.374119e-01 -0.000000e+00
   outer loop
     vertex -6.848160e+01  4.576450e+01  0.000000e+00
     vertex -6.848160e+01  4.576450e+01 -3.000000e+00
     vertex -6.846120e+01  4.572256e+01 -3.000000e+00
   endloop
 endfacet
 facet normal -8.869228e-01 -4.619176e-01  0.000000e+00
   outer loop
     vertex -6.850315e+01  4.580587e+01  0.000000e+00
     vertex -6.848160e+01  4.576450e+01 -3.000000e+00
     vertex -6.848160e+01  4.576450e+01  0.000000e+00
   endloop
 endfacet
 facet normal -8.869228e-01 -4.619176e-01 -0.000000e+00
   outer loop
     vertex -6.850315e+01  4.580587e+01  0.000000e+00
     vertex -6.850315e+01  4.580587e+01 -3.000000e+00
     vertex -6.848160e+01  4.576450e+01 -3.000000e+00
   endloop
 endfacet
 facet normal -8.739167e-01 -4.860756e-01  0.000000e+00
   outer loop
     vertex -6.852582e+01  4.584663e+01  0.000000e+00
     vertex -6.850315e+01  4.580587e+01 -3.000000e+00
     vertex -6.850315e+01  4.580587e+01  0.000000e+00
   endloop
 endfacet
 facet normal -8.739167e-01 -4.860756e-01 -0.000000e+00
   outer loop
     vertex -6.852582e+01  4.584663e+01  0.000000e+00
     vertex -6.852582e+01  4.584663e+01 -3.000000e+00
     vertex -6.850315e+01  4.580587e+01 -3.000000e+00
   endloop
 endfacet
 facet normal -8.602528e-01 -5.098678e-01  0.000000e+00
   outer loop
     vertex -6.854960e+01  4.588676e+01  0.000000e+00
     vertex -6.852582e+01  4.584663e+01 -3.000000e+00
     vertex -6.852582e+01  4.584663e+01  0.000000e+00
   endloop
 endfacet
 facet normal -8.602528e-01 -5.098678e-01 -0.000000e+00
   outer loop
     vertex -6.854960e+01  4.588676e+01  0.000000e+00
     vertex -6.854960e+01  4.588676e+01 -3.000000e+00
     vertex -6.852582e+01  4.584663e+01 -3.000000e+00
   endloop
 endfacet
 facet normal -8.459413e-01 -5.332761e-01  0.000000e+00
   outer loop
     vertex -6.857447e+01  4.592621e+01  0.000000e+00
     vertex -6.854960e+01  4.588676e+01 -3.000000e+00
     vertex -6.854960e+01  4.588676e+01  0.000000e+00
   endloop
 endfacet
 facet normal -8.459413e-01 -5.332761e-01 -0.000000e+00
   outer loop
     vertex -6.857447e+01  4.592621e+01  0.000000e+00
     vertex -6.857447e+01  4.592621e+01 -3.000000e+00
     vertex -6.854960e+01  4.588676e+01 -3.000000e+00
   endloop
 endfacet
 facet normal -8.309929e-01 -5.562829e-01 -0.000000e+00
   outer loop
     vertex -6.860042e+01  4.596497e+01  0.000000e+00
     vertex -6.860042e+01  4.596497e+01 -3.000000e+00
     vertex -6.857447e+01  4.592621e+01 -3.000000e+00
   endloop
 endfacet
 facet normal -8.309929e-01 -5.562829e-01  0.000000e+00
   outer loop
     vertex -6.860042e+01  4.596497e+01  0.000000e+00
     vertex -6.857447e+01  4.592621e+01 -3.000000e+00
     vertex -6.857447e+01  4.592621e+01  0.000000e+00
   endloop
 endfacet
 facet normal -8.154191e-01 -5.788711e-01 -0.000000e+00
   outer loop
     vertex -6.862742e+01  4.600300e+01  0.000000e+00
     vertex -6.862742e+01  4.600300e+01 -3.000000e+00
     vertex -6.860042e+01  4.596497e+01 -3.000000e+00
   endloop
 endfacet
 facet normal -8.154191e-01 -5.788711e-01  0.000000e+00
   outer loop
     vertex -6.862742e+01  4.600300e+01  0.000000e+00
     vertex -6.860042e+01  4.596497e+01 -3.000000e+00
     vertex -6.860042e+01  4.596497e+01  0.000000e+00
   endloop
 endfacet
 facet normal -7.992314e-01 -6.010234e-01 -0.000000e+00
   outer loop
     vertex -6.865545e+01  4.604028e+01  0.000000e+00
     vertex -6.865545e+01  4.604028e+01 -3.000000e+00
     vertex -6.862742e+01  4.600300e+01 -3.000000e+00
   endloop
 endfacet
 facet normal -7.992314e-01 -6.010234e-01  0.000000e+00
   outer loop
     vertex -6.865545e+01  4.604028e+01  0.000000e+00
     vertex -6.862742e+01  4.600300e+01 -3.000000e+00
     vertex -6.862742e+01  4.600300e+01  0.000000e+00
   endloop
 endfacet
 facet normal -7.824421e-01 -6.227234e-01 -0.000000e+00
   outer loop
     vertex -6.868450e+01  4.607678e+01  0.000000e+00
     vertex -6.868450e+01  4.607678e+01 -3.000000e+00
     vertex -6.865545e+01  4.604028e+01 -3.000000e+00
   endloop
 endfacet
 facet normal -7.824421e-01 -6.227234e-01  0.000000e+00
   outer loop
     vertex -6.868450e+01  4.607678e+01  0.000000e+00
     vertex -6.865545e+01  4.604028e+01 -3.000000e+00
     vertex -6.865545e+01  4.604028e+01  0.000000e+00
   endloop
 endfacet
 facet normal -7.650637e-01 -6.439545e-01 -0.000000e+00
   outer loop
     vertex -6.871453e+01  4.611246e+01  0.000000e+00
     vertex -6.871453e+01  4.611246e+01 -3.000000e+00
     vertex -6.868450e+01  4.607678e+01 -3.000000e+00
   endloop
 endfacet
 facet normal -7.650637e-01 -6.439545e-01  0.000000e+00
   outer loop
     vertex -6.871453e+01  4.611246e+01  0.000000e+00
     vertex -6.868450e+01  4.607678e+01 -3.000000e+00
     vertex -6.868450e+01  4.607678e+01  0.000000e+00
   endloop
 endfacet
 facet normal -7.471095e-01 -6.647010e-01 -0.000000e+00
   outer loop
     vertex -6.874553e+01  4.614731e+01  0.000000e+00
     vertex -6.874553e+01  4.614731e+01 -3.000000e+00
     vertex -6.871453e+01  4.611246e+01 -3.000000e+00
   endloop
 endfacet
 facet normal -7.285929e-01 -6.849470e-01 -0.000000e+00
   outer loop
     vertex -6.874553e+01  4.614731e+01  0.000000e+00
     vertex -6.877748e+01  4.618129e+01 -3.000000e+00
     vertex -6.874553e+01  4.614731e+01 -3.000000e+00
   endloop
 endfacet
 facet normal -7.471095e-01 -6.647010e-01  0.000000e+00
   outer loop
     vertex -6.874553e+01  4.614731e+01  0.000000e+00
     vertex -6.871453e+01  4.611246e+01 -3.000000e+00
     vertex -6.871453e+01  4.611246e+01  0.000000e+00
   endloop
 endfacet
 facet normal -7.285929e-01 -6.849470e-01 -0.000000e+00
   outer loop
     vertex -6.877748e+01  4.618129e+01  0.000000e+00
     vertex -6.877748e+01  4.618129e+01 -3.000000e+00
     vertex -6.874553e+01  4.614731e+01  0.000000e+00
   endloop
 endfacet
 facet normal -7.095278e-01 -7.046775e-01 -0.000000e+00
   outer loop
     vertex -6.881035e+01  4.621439e+01  0.000000e+00
     vertex -6.881035e+01  4.621439e+01 -3.000000e+00
     vertex -6.877748e+01  4.618129e+01 -3.000000e+00
   endloop
 endfacet
 facet normal -6.899286e-01 -7.238775e-01 -0.000000e+00
   outer loop
     vertex -6.881035e+01  4.621439e+01  0.000000e+00
     vertex -6.884411e+01  4.624657e+01 -3.000000e+00
     vertex -6.881035e+01  4.621439e+01 -3.000000e+00
   endloop
 endfacet
 facet normal -7.095278e-01 -7.046775e-01  0.000000e+00
   outer loop
     vertex -6.881035e+01  4.621439e+01  0.000000e+00
     vertex -6.877748e+01  4.618129e+01 -3.000000e+00
     vertex -6.877748e+01  4.618129e+01  0.000000e+00
   endloop
 endfacet
 facet normal -6.899286e-01 -7.238775e-01 -0.000000e+00
   outer loop
     vertex -6.884411e+01  4.624657e+01  0.000000e+00
     vertex -6.884411e+01  4.624657e+01 -3.000000e+00
     vertex -6.881035e+01  4.621439e+01  0.000000e+00
   endloop
 endfacet
 facet normal -6.698100e-01 -7.425325e-01 -0.000000e+00
   outer loop
     vertex -6.887875e+01  4.627781e+01  0.000000e+00
     vertex -6.887875e+01  4.627781e+01 -3.000000e+00
     vertex -6.884411e+01  4.624657e+01 -3.000000e+00
   endloop
 endfacet
 facet normal -6.698100e-01 -7.425325e-01  0.000000e+00
   outer loop
     vertex -6.887875e+01  4.627781e+01  0.000000e+00
     vertex -6.884411e+01  4.624657e+01 -3.000000e+00
     vertex -6.884411e+01  4.624657e+01  0.000000e+00
   endloop
 endfacet
 facet normal -6.491872e-01 -7.606287e-01 -0.000000e+00
   outer loop
     vertex -6.891422e+01  4.630809e+01  0.000000e+00
     vertex -6.891422e+01  4.630809e+01 -3.000000e+00
     vertex -6.887875e+01  4.627781e+01 -3.000000e+00
   endloop
 endfacet
 facet normal -6.280757e-01 -7.781522e-01 -0.000000e+00
   outer loop
     vertex -6.891422e+01  4.630809e+01  0.000000e+00
     vertex -6.895052e+01  4.633738e+01 -3.000000e+00
     vertex -6.891422e+01  4.630809e+01 -3.000000e+00
   endloop
 endfacet
 facet normal -6.491872e-01 -7.606287e-01  0.000000e+00
   outer loop
     vertex -6.891422e+01  4.630809e+01  0.000000e+00
     vertex -6.887875e+01  4.627781e+01 -3.000000e+00
     vertex -6.887875e+01  4.627781e+01  0.000000e+00
   endloop
 endfacet
 facet normal -6.064915e-01 -7.950900e-01 -0.000000e+00
   outer loop
     vertex -6.895052e+01  4.633738e+01  0.000000e+00
     vertex -6.898760e+01  4.636567e+01 -3.000000e+00
     vertex -6.895052e+01  4.633738e+01 -3.000000e+00
   endloop
 endfacet
 facet normal -6.280757e-01 -7.781522e-01 -0.000000e+00
   outer loop
     vertex -6.895052e+01  4.633738e+01  0.000000e+00
     vertex -6.895052e+01  4.633738e+01 -3.000000e+00
     vertex -6.891422e+01  4.630809e+01  0.000000e+00
   endloop
 endfacet
 facet normal -6.064915e-01 -7.950900e-01 -0.000000e+00
   outer loop
     vertex -6.898760e+01  4.636567e+01  0.000000e+00
     vertex -6.898760e+01  4.636567e+01 -3.000000e+00
     vertex -6.895052e+01  4.633738e+01  0.000000e+00
   endloop
 endfacet
 facet normal -5.844507e-01 -8.114292e-01  0.000000e+00
   outer loop
     vertex -6.902545e+01  4.639293e+01  0.000000e+00
     vertex -6.898760e+01  4.636567e+01 -3.000000e+00
     vertex -6.898760e+01  4.636567e+01  0.000000e+00
   endloop
 endfacet
 facet normal -5.844507e-01 -8.114292e-01 -0.000000e+00
   outer loop
     vertex -6.902545e+01  4.639293e+01  0.000000e+00
     vertex -6.902545e+01  4.639293e+01 -3.000000e+00
     vertex -6.898760e+01  4.636567e+01 -3.000000e+00
   endloop
 endfacet
 facet normal -5.619699e-01 -8.271577e-01 -0.000000e+00
   outer loop
     vertex -6.906403e+01  4.641914e+01  0.000000e+00
     vertex -6.906403e+01  4.641914e+01 -3.000000e+00
     vertex -6.902545e+01  4.639293e+01 -3.000000e+00
   endloop
 endfacet
 facet normal -5.619699e-01 -8.271577e-01  0.000000e+00
   outer loop
     vertex -6.906403e+01  4.641914e+01  0.000000e+00
     vertex -6.902545e+01  4.639293e+01 -3.000000e+00
     vertex -6.902545e+01  4.639293e+01  0.000000e+00
   endloop
 endfacet
 facet normal -5.390661e-01 -8.422635e-01  0.000000e+00
   outer loop
     vertex -6.910332e+01  4.644428e+01  0.000000e+00
     vertex -6.906403e+01  4.641914e+01 -3.000000e+00
     vertex -6.906403e+01  4.641914e+01  0.000000e+00
   endloop
 endfacet
 facet normal -5.390661e-01 -8.422635e-01 -0.000000e+00
   outer loop
     vertex -6.910332e+01  4.644428e+01  0.000000e+00
     vertex -6.910332e+01  4.644428e+01 -3.000000e+00
     vertex -6.906403e+01  4.641914e+01 -3.000000e+00
   endloop
 endfacet
 facet normal -5.157565e-01 -8.567352e-01  0.000000e+00
   outer loop
     vertex -6.914328e+01  4.646834e+01  0.000000e+00
     vertex -6.910332e+01  4.644428e+01 -3.000000e+00
     vertex -6.910332e+01  4.644428e+01  0.000000e+00
   endloop
 endfacet
 facet normal -5.157565e-01 -8.567352e-01 -0.000000e+00
   outer loop
     vertex -6.914328e+01  4.646834e+01  0.000000e+00
     vertex -6.914328e+01  4.646834e+01 -3.000000e+00
     vertex -6.910332e+01  4.644428e+01 -3.000000e+00
   endloop
 endfacet
 facet normal -4.920587e-01 -8.705620e-01  0.000000e+00
   outer loop
     vertex -6.918388e+01  4.649129e+01  0.000000e+00
     vertex -6.914328e+01  4.646834e+01 -3.000000e+00
     vertex -6.914328e+01  4.646834e+01  0.000000e+00
   endloop
 endfacet
 facet normal -4.920587e-01 -8.705620e-01 -0.000000e+00
   outer loop
     vertex -6.918388e+01  4.649129e+01  0.000000e+00
     vertex -6.918388e+01  4.649129e+01 -3.000000e+00
     vertex -6.914328e+01  4.646834e+01 -3.000000e+00
   endloop
 endfacet
 facet normal -4.679904e-01 -8.837335e-01  0.000000e+00
   outer loop
     vertex -6.922510e+01  4.651312e+01  0.000000e+00
     vertex -6.918388e+01  4.649129e+01 -3.000000e+00
     vertex -6.918388e+01  4.649129e+01  0.000000e+00
   endloop
 endfacet
 facet normal -4.679904e-01 -8.837335e-01 -0.000000e+00
   outer loop
     vertex -6.922510e+01  4.651312e+01  0.000000e+00
     vertex -6.922510e+01  4.651312e+01 -3.000000e+00
     vertex -6.918388e+01  4.649129e+01 -3.000000e+00
   endloop
 endfacet
 facet normal -4.435699e-01 -8.962398e-01  0.000000e+00
   outer loop
     vertex -6.926690e+01  4.653381e+01  0.000000e+00
     vertex -6.922510e+01  4.651312e+01 -3.000000e+00
     vertex -6.922510e+01  4.651312e+01  0.000000e+00
   endloop
 endfacet
 facet normal -4.435699e-01 -8.962398e-01 -0.000000e+00
   outer loop
     vertex -6.926690e+01  4.653381e+01  0.000000e+00
     vertex -6.926690e+01  4.653381e+01 -3.000000e+00
     vertex -6.922510e+01  4.651312e+01 -3.000000e+00
   endloop
 endfacet
 facet normal -4.188155e-01 -9.080714e-01  0.000000e+00
   outer loop
     vertex -6.930926e+01  4.655334e+01  0.000000e+00
     vertex -6.926690e+01  4.653381e+01 -3.000000e+00
     vertex -6.926690e+01  4.653381e+01  0.000000e+00
   endloop
 endfacet
 facet normal -4.188155e-01 -9.080714e-01 -0.000000e+00
   outer loop
     vertex -6.930926e+01  4.655334e+01  0.000000e+00
     vertex -6.930926e+01  4.655334e+01 -3.000000e+00
     vertex -6.926690e+01  4.653381e+01 -3.000000e+00
   endloop
 endfacet
 facet normal -3.937458e-01 -9.192194e-01  0.000000e+00
   outer loop
     vertex -6.935213e+01  4.657171e+01  0.000000e+00
     vertex -6.930926e+01  4.655334e+01 -3.000000e+00
     vertex -6.930926e+01  4.655334e+01  0.000000e+00
   endloop
 endfacet
 facet normal -3.937458e-01 -9.192194e-01 -0.000000e+00
   outer loop
     vertex -6.935213e+01  4.657171e+01  0.000000e+00
     vertex -6.935213e+01  4.657171e+01 -3.000000e+00
     vertex -6.930926e+01  4.655334e+01 -3.000000e+00
   endloop
 endfacet
 facet normal -3.683796e-01 -9.296754e-01  0.000000e+00
   outer loop
     vertex -6.939549e+01  4.658889e+01  0.000000e+00
     vertex -6.935213e+01  4.657171e+01 -3.000000e+00
     vertex -6.935213e+01  4.657171e+01  0.000000e+00
   endloop
 endfacet
 facet normal -3.683796e-01 -9.296754e-01 -0.000000e+00
   outer loop
     vertex -6.939549e+01  4.658889e+01  0.000000e+00
     vertex -6.939549e+01  4.658889e+01 -3.000000e+00
     vertex -6.935213e+01  4.657171e+01 -3.000000e+00
   endloop
 endfacet
 facet normal -3.427362e-01 -9.394317e-01 -0.000000e+00
   outer loop
     vertex -6.939549e+01  4.658889e+01  0.000000e+00
     vertex -6.943931e+01  4.660488e+01 -3.000000e+00
     vertex -6.939549e+01  4.658889e+01 -3.000000e+00
   endloop
 endfacet
 facet normal -3.427362e-01 -9.394317e-01 -0.000000e+00
   outer loop
     vertex -6.943931e+01  4.660488e+01  0.000000e+00
     vertex -6.943931e+01  4.660488e+01 -3.000000e+00
     vertex -6.939549e+01  4.658889e+01  0.000000e+00
   endloop
 endfacet
 facet normal -3.168348e-01 -9.484807e-01  0.000000e+00
   outer loop
     vertex -6.948355e+01  4.661965e+01  0.000000e+00
     vertex -6.943931e+01  4.660488e+01 -3.000000e+00
     vertex -6.943931e+01  4.660488e+01  0.000000e+00
   endloop
 endfacet
 facet normal -3.168348e-01 -9.484807e-01 -0.000000e+00
   outer loop
     vertex -6.948355e+01  4.661965e+01  0.000000e+00
     vertex -6.948355e+01  4.661965e+01 -3.000000e+00
     vertex -6.943931e+01  4.660488e+01 -3.000000e+00
   endloop
 endfacet
 facet normal -2.906949e-01 -9.568158e-01  0.000000e+00
   outer loop
     vertex -6.952818e+01  4.663321e+01  0.000000e+00
     vertex -6.948355e+01  4.661965e+01 -3.000000e+00
     vertex -6.948355e+01  4.661965e+01  0.000000e+00
   endloop
 endfacet
 facet normal -2.906949e-01 -9.568158e-01 -0.000000e+00
   outer loop
     vertex -6.952818e+01  4.663321e+01  0.000000e+00
     vertex -6.952818e+01  4.663321e+01 -3.000000e+00
     vertex -6.948355e+01  4.661965e+01 -3.000000e+00
   endloop
 endfacet
 facet normal -2.643362e-01 -9.644306e-01  0.000000e+00
   outer loop
     vertex -6.957316e+01  4.664554e+01  0.000000e+00
     vertex -6.952818e+01  4.663321e+01 -3.000000e+00
     vertex -6.952818e+01  4.663321e+01  0.000000e+00
   endloop
 endfacet
 facet normal -2.643362e-01 -9.644306e-01 -0.000000e+00
   outer loop
     vertex -6.957316e+01  4.664554e+01  0.000000e+00
     vertex -6.957316e+01  4.664554e+01 -3.000000e+00
     vertex -6.952818e+01  4.663321e+01 -3.000000e+00
   endloop
 endfacet
 facet normal -2.377784e-01 -9.713194e-01  0.000000e+00
   outer loop
     vertex -6.961847e+01  4.665663e+01  0.000000e+00
     vertex -6.957316e+01  4.664554e+01 -3.000000e+00
     vertex -6.957316e+01  4.664554e+01  0.000000e+00
   endloop
 endfacet
 facet normal -2.377784e-01 -9.713194e-01 -0.000000e+00
   outer loop
     vertex -6.961847e+01  4.665663e+01  0.000000e+00
     vertex -6.961847e+01  4.665663e+01 -3.000000e+00
     vertex -6.957316e+01  4.664554e+01 -3.000000e+00
   endloop
 endfacet
 facet normal -2.110417e-01 -9.774771e-01  0.000000e+00
   outer loop
     vertex -6.966406e+01  4.666648e+01  0.000000e+00
     vertex -6.961847e+01  4.665663e+01 -3.000000e+00
     vertex -6.961847e+01  4.665663e+01  0.000000e+00
   endloop
 endfacet
 facet normal -2.110417e-01 -9.774771e-01 -0.000000e+00
   outer loop
     vertex -6.966406e+01  4.666648e+01  0.000000e+00
     vertex -6.966406e+01  4.666648e+01 -3.000000e+00
     vertex -6.961847e+01  4.665663e+01 -3.000000e+00
   endloop
 endfacet
 facet normal -1.841461e-01 -9.828989e-01  0.000000e+00
   outer loop
     vertex -6.970990e+01  4.667507e+01  0.000000e+00
     vertex -6.966406e+01  4.666648e+01 -3.000000e+00
     vertex -6.966406e+01  4.666648e+01  0.000000e+00
   endloop
 endfacet
 facet normal -1.841461e-01 -9.828989e-01 -0.000000e+00
   outer loop
     vertex -6.970990e+01  4.667507e+01  0.000000e+00
     vertex -6.970990e+01  4.667507e+01 -3.000000e+00
     vertex -6.966406e+01  4.666648e+01 -3.000000e+00
   endloop
 endfacet
 facet normal -1.571119e-01 -9.875808e-01 -0.000000e+00
   outer loop
     vertex -6.970990e+01  4.667507e+01  0.000000e+00
     vertex -6.975597e+01  4.668239e+01 -3.000000e+00
     vertex -6.970990e+01  4.667507e+01 -3.000000e+00
   endloop
 endfacet
 facet normal -1.571119e-01 -9.875808e-01 -0.000000e+00
   outer loop
     vertex -6.975597e+01  4.668239e+01  0.000000e+00
     vertex -6.975597e+01  4.668239e+01 -3.000000e+00
     vertex -6.970990e+01  4.667507e+01  0.000000e+00
   endloop
 endfacet
 facet normal -1.299594e-01 -9.915193e-01 -0.000000e+00
   outer loop
     vertex -6.975597e+01  4.668239e+01  0.000000e+00
     vertex -6.980221e+01  4.668846e+01 -3.000000e+00
     vertex -6.975597e+01  4.668239e+01 -3.000000e+00
   endloop
 endfacet
 facet normal -1.299594e-01 -9.915193e-01 -0.000000e+00
   outer loop
     vertex -6.980221e+01  4.668846e+01  0.000000e+00
     vertex -6.980221e+01  4.668846e+01 -3.000000e+00
     vertex -6.975597e+01  4.668239e+01  0.000000e+00
   endloop
 endfacet
 facet normal -1.027091e-01 -9.947114e-01  0.000000e+00
   outer loop
     vertex -6.984861e+01  4.669325e+01  0.000000e+00
     vertex -6.980221e+01  4.668846e+01 -3.000000e+00
     vertex -6.980221e+01  4.668846e+01  0.000000e+00
   endloop
 endfacet
 facet normal -1.027091e-01 -9.947114e-01 -0.000000e+00
   outer loop
     vertex -6.984861e+01  4.669325e+01  0.000000e+00
     vertex -6.984861e+01  4.669325e+01 -3.000000e+00
     vertex -6.980221e+01  4.668846e+01 -3.000000e+00
   endloop
 endfacet
 facet normal -7.538152e-02 -9.971548e-01  0.000000e+00
   outer loop
     vertex -6.989512e+01  4.669676e+01  0.000000e+00
     vertex -6.984861e+01  4.669325e+01 -3.000000e+00
     vertex -6.984861e+01  4.669325e+01  0.000000e+00
   endloop
 endfacet
 facet normal -7.538152e-02 -9.971548e-01 -0.000000e+00
   outer loop
     vertex -6.989512e+01  4.669676e+01  0.000000e+00
     vertex -6.989512e+01  4.669676e+01 -3.000000e+00
     vertex -6.984861e+01  4.669325e+01 -3.000000e+00
   endloop
 endfacet
 facet normal -4.799716e-02 -9.988475e-01  0.000000e+00
   outer loop
     vertex -6.994171e+01  4.669900e+01  0.000000e+00
     vertex -6.989512e+01  4.669676e+01 -3.000000e+00
     vertex -6.989512e+01  4.669676e+01  0.000000e+00
   endloop
 endfacet
 facet normal -4.799716e-02 -9.988475e-01 -0.000000e+00
   outer loop
     vertex -6.994171e+01  4.669900e+01  0.000000e+00
     vertex -6.994171e+01  4.669900e+01 -3.000000e+00
     vertex -6.989512e+01  4.669676e+01 -3.000000e+00
   endloop
 endfacet
 facet normal -2.057667e-02 -9.997883e-01 -0.000000e+00
   outer loop
     vertex -6.998834e+01  4.669996e+01  0.000000e+00
     vertex -6.998834e+01  4.669996e+01 -3.000000e+00
     vertex -6.994171e+01  4.669900e+01 -3.000000e+00
   endloop
 endfacet
 facet normal -2.057667e-02 -9.997883e-01  0.000000e+00
   outer loop
     vertex -6.998834e+01  4.669996e+01  0.000000e+00
     vertex -6.994171e+01  4.669900e+01 -3.000000e+00
     vertex -6.994171e+01  4.669900e+01  0.000000e+00
   endloop
 endfacet
 facet normal  6.859319e-03 -9.999765e-01  0.000000e+00
   outer loop
     vertex -6.998834e+01  4.669996e+01  0.000000e+00
     vertex -7.003498e+01  4.669964e+01 -3.000000e+00
     vertex -6.998834e+01  4.669996e+01 -3.000000e+00
   endloop
 endfacet
 facet normal  6.859319e-03 -9.999765e-01  0.000000e+00
   outer loop
     vertex -7.003498e+01  4.669964e+01  0.000000e+00
     vertex -7.003498e+01  4.669964e+01 -3.000000e+00
     vertex -6.998834e+01  4.669996e+01  0.000000e+00
   endloop
 endfacet
 facet normal  3.429014e-02 -9.994119e-01  0.000000e+00
   outer loop
     vertex -7.008160e+01  4.669804e+01  0.000000e+00
     vertex -7.008160e+01  4.669804e+01 -3.000000e+00
     vertex -7.003498e+01  4.669964e+01 -3.000000e+00
   endloop
 endfacet
 facet normal  3.429014e-02 -9.994119e-01  0.000000e+00
   outer loop
     vertex -7.008160e+01  4.669804e+01  0.000000e+00
     vertex -7.003498e+01  4.669964e+01 -3.000000e+00
     vertex -7.003498e+01  4.669964e+01  0.000000e+00
   endloop
 endfacet
 facet normal  6.169515e-02 -9.980950e-01  0.000000e+00
   outer loop
     vertex -7.012815e+01  4.669516e+01  0.000000e+00
     vertex -7.012815e+01  4.669516e+01 -3.000000e+00
     vertex -7.008160e+01  4.669804e+01 -3.000000e+00
   endloop
 endfacet
 facet normal  8.905371e-02 -9.960268e-01  0.000000e+00
   outer loop
     vertex -7.012815e+01  4.669516e+01  0.000000e+00
     vertex -7.017461e+01  4.669101e+01 -3.000000e+00
     vertex -7.012815e+01  4.669516e+01 -3.000000e+00
   endloop
 endfacet
 facet normal  6.169515e-02 -9.980950e-01  0.000000e+00
   outer loop
     vertex -7.012815e+01  4.669516e+01  0.000000e+00
     vertex -7.008160e+01  4.669804e+01 -3.000000e+00
     vertex -7.008160e+01  4.669804e+01  0.000000e+00
   endloop
 endfacet
 facet normal  8.905371e-02 -9.960268e-01  0.000000e+00
   outer loop
     vertex -7.017461e+01  4.669101e+01  0.000000e+00
     vertex -7.017461e+01  4.669101e+01 -3.000000e+00
     vertex -7.012815e+01  4.669516e+01  0.000000e+00
   endloop
 endfacet
 facet normal  1.163452e-01 -9.932088e-01  0.000000e+00
   outer loop
     vertex -7.022093e+01  4.668558e+01  0.000000e+00
     vertex -7.017461e+01  4.669101e+01 -3.000000e+00
     vertex -7.017461e+01  4.669101e+01  0.000000e+00
   endloop
 endfacet
 facet normal  1.163452e-01 -9.932088e-01  0.000000e+00
   outer loop
     vertex -7.022093e+01  4.668558e+01  0.000000e+00
     vertex -7.022093e+01  4.668558e+01 -3.000000e+00
     vertex -7.017461e+01  4.669101e+01 -3.000000e+00
   endloop
 endfacet
 facet normal  1.435492e-01 -9.896432e-01  0.000000e+00
   outer loop
     vertex -7.026709e+01  4.667889e+01  0.000000e+00
     vertex -7.022093e+01  4.668558e+01 -3.000000e+00
     vertex -7.022093e+01  4.668558e+01  0.000000e+00
   endloop
 endfacet
 facet normal  1.435492e-01 -9.896432e-01  0.000000e+00
   outer loop
     vertex -7.026709e+01  4.667889e+01  0.000000e+00
     vertex -7.026709e+01  4.667889e+01 -3.000000e+00
     vertex -7.022093e+01  4.668558e+01 -3.000000e+00
   endloop
 endfacet
 facet normal  1.706451e-01 -9.853326e-01  0.000000e+00
   outer loop
     vertex -7.026709e+01  4.667889e+01  0.000000e+00
     vertex -7.031305e+01  4.667093e+01 -3.000000e+00
     vertex -7.026709e+01  4.667889e+01 -3.000000e+00
   endloop
 endfacet
 facet normal  1.706451e-01 -9.853326e-01  0.000000e+00
   outer loop
     vertex -7.031305e+01  4.667093e+01  0.000000e+00
     vertex -7.031305e+01  4.667093e+01 -3.000000e+00
     vertex -7.026709e+01  4.667889e+01  0.000000e+00
   endloop
 endfacet
 facet normal  1.976125e-01 -9.802802e-01  0.000000e+00
   outer loop
     vertex -7.035877e+01  4.666171e+01  0.000000e+00
     vertex -7.031305e+01  4.667093e+01 -3.000000e+00
     vertex -7.031305e+01  4.667093e+01  0.000000e+00
   endloop
 endfacet
 facet normal  1.976125e-01 -9.802802e-01  0.000000e+00
   outer loop
     vertex -7.035877e+01  4.666171e+01  0.000000e+00
     vertex -7.035877e+01  4.666171e+01 -3.000000e+00
     vertex -7.031305e+01  4.667093e+01 -3.000000e+00
   endloop
 endfacet
 facet normal  2.244312e-01 -9.744899e-01  0.000000e+00
   outer loop
     vertex -7.040422e+01  4.665124e+01  0.000000e+00
     vertex -7.035877e+01  4.666171e+01 -3.000000e+00
     vertex -7.035877e+01  4.666171e+01  0.000000e+00
   endloop
 endfacet
 facet normal  2.244312e-01 -9.744899e-01  0.000000e+00
   outer loop
     vertex -7.040422e+01  4.665124e+01  0.000000e+00
     vertex -7.040422e+01  4.665124e+01 -3.000000e+00
     vertex -7.035877e+01  4.666171e+01 -3.000000e+00
   endloop
 endfacet
 facet normal  2.510809e-01 -9.679661e-01  0.000000e+00
   outer loop
     vertex -7.040422e+01  4.665124e+01  0.000000e+00
     vertex -7.044937e+01  4.663953e+01 -3.000000e+00
     vertex -7.040422e+01  4.665124e+01 -3.000000e+00
   endloop
 endfacet
 facet normal  2.510809e-01 -9.679661e-01  0.000000e+00
   outer loop
     vertex -7.044937e+01  4.663953e+01  0.000000e+00
     vertex -7.044937e+01  4.663953e+01 -3.000000e+00
     vertex -7.040422e+01  4.665124e+01  0.000000e+00
   endloop
 endfacet
 facet normal  2.775416e-01 -9.607136e-01  0.000000e+00
   outer loop
     vertex -7.049418e+01  4.662659e+01  0.000000e+00
     vertex -7.044937e+01  4.663953e+01 -3.000000e+00
     vertex -7.044937e+01  4.663953e+01  0.000000e+00
   endloop
 endfacet
 facet normal  2.775416e-01 -9.607136e-01  0.000000e+00
   outer loop
     vertex -7.049418e+01  4.662659e+01  0.000000e+00
     vertex -7.049418e+01  4.662659e+01 -3.000000e+00
     vertex -7.044937e+01  4.663953e+01 -3.000000e+00
   endloop
 endfacet
 facet normal  3.037934e-01 -9.527379e-01  0.000000e+00
   outer loop
     vertex -7.053862e+01  4.661242e+01  0.000000e+00
     vertex -7.049418e+01  4.662659e+01 -3.000000e+00
     vertex -7.049418e+01  4.662659e+01  0.000000e+00
   endloop
 endfacet
 facet normal  3.037934e-01 -9.527379e-01  0.000000e+00
   outer loop
     vertex -7.053862e+01  4.661242e+01  0.000000e+00
     vertex -7.053862e+01  4.661242e+01 -3.000000e+00
     vertex -7.049418e+01  4.662659e+01 -3.000000e+00
   endloop
 endfacet
 facet normal  3.298166e-01 -9.440450e-01  0.000000e+00
   outer loop
     vertex -7.058265e+01  4.659703e+01  0.000000e+00
     vertex -7.053862e+01  4.661242e+01 -3.000000e+00
     vertex -7.053862e+01  4.661242e+01  0.000000e+00
   endloop
 endfacet
 facet normal  3.298166e-01 -9.440450e-01  0.000000e+00
   outer loop
     vertex -7.058265e+01  4.659703e+01  0.000000e+00
     vertex -7.058265e+01  4.659703e+01 -3.000000e+00
     vertex -7.053862e+01  4.661242e+01 -3.000000e+00
   endloop
 endfacet
 facet normal  3.555914e-01 -9.346415e-01  0.000000e+00
   outer loop
     vertex -7.058265e+01  4.659703e+01  0.000000e+00
     vertex -7.062625e+01  4.658045e+01 -3.000000e+00
     vertex -7.058265e+01  4.659703e+01 -3.000000e+00
   endloop
 endfacet
 facet normal  3.555914e-01 -9.346415e-01  0.000000e+00
   outer loop
     vertex -7.062625e+01  4.658045e+01  0.000000e+00
     vertex -7.062625e+01  4.658045e+01 -3.000000e+00
     vertex -7.058265e+01  4.659703e+01  0.000000e+00
   endloop
 endfacet
 facet normal  4.063188e-01 -9.137314e-01  0.000000e+00
   outer loop
     vertex -7.066937e+01  4.656267e+01  0.000000e+00
     vertex -7.071199e+01  4.654372e+01 -3.000000e+00
     vertex -7.066937e+01  4.656267e+01 -3.000000e+00
   endloop
 endfacet
 facet normal  3.810986e-01 -9.245344e-01  0.000000e+00
   outer loop
     vertex -7.066937e+01  4.656267e+01  0.000000e+00
     vertex -7.062625e+01  4.658045e+01 -3.000000e+00
     vertex -7.062625e+01  4.658045e+01  0.000000e+00
   endloop
 endfacet
 facet normal  3.810986e-01 -9.245344e-01  0.000000e+00
   outer loop
     vertex -7.066937e+01  4.656267e+01  0.000000e+00
     vertex -7.066937e+01  4.656267e+01 -3.000000e+00
     vertex -7.062625e+01  4.658045e+01 -3.000000e+00
   endloop
 endfacet
 facet normal  4.063188e-01 -9.137314e-01  0.000000e+00
   outer loop
     vertex -7.071199e+01  4.654372e+01  0.000000e+00
     vertex -7.071199e+01  4.654372e+01 -3.000000e+00
     vertex -7.066937e+01  4.656267e+01  0.000000e+00
   endloop
 endfacet
 facet normal  4.312333e-01 -9.022405e-01  0.000000e+00
   outer loop
     vertex -7.075407e+01  4.652361e+01  0.000000e+00
     vertex -7.075407e+01  4.652361e+01 -3.000000e+00
     vertex -7.071199e+01  4.654372e+01 -3.000000e+00
   endloop
 endfacet
 facet normal  4.312333e-01 -9.022405e-01  0.000000e+00
   outer loop
     vertex -7.075407e+01  4.652361e+01  0.000000e+00
     vertex -7.071199e+01  4.654372e+01 -3.000000e+00
     vertex -7.071199e+01  4.654372e+01  0.000000e+00
   endloop
 endfacet
 facet normal  4.558231e-01 -8.900704e-01  0.000000e+00
   outer loop
     vertex -7.079558e+01  4.650235e+01  0.000000e+00
     vertex -7.079558e+01  4.650235e+01 -3.000000e+00
     vertex -7.075407e+01  4.652361e+01 -3.000000e+00
   endloop
 endfacet
 facet normal  4.800697e-01 -8.772303e-01  0.000000e+00
   outer loop
     vertex -7.079558e+01  4.650235e+01  0.000000e+00
     vertex -7.083650e+01  4.647996e+01 -3.000000e+00
     vertex -7.079558e+01  4.650235e+01 -3.000000e+00
   endloop
 endfacet
 facet normal  4.558231e-01 -8.900704e-01  0.000000e+00
   outer loop
     vertex -7.079558e+01  4.650235e+01  0.000000e+00
     vertex -7.075407e+01  4.652361e+01 -3.000000e+00
     vertex -7.075407e+01  4.652361e+01  0.000000e+00
   endloop
 endfacet
 facet normal  4.800697e-01 -8.772303e-01  0.000000e+00
   outer loop
     vertex -7.083650e+01  4.647996e+01  0.000000e+00
     vertex -7.083650e+01  4.647996e+01 -3.000000e+00
     vertex -7.079558e+01  4.650235e+01  0.000000e+00
   endloop
 endfacet
 facet normal  5.039550e-01 -8.637299e-01  0.000000e+00
   outer loop
     vertex -7.087679e+01  4.645645e+01  0.000000e+00
     vertex -7.087679e+01  4.645645e+01 -3.000000e+00
     vertex -7.083650e+01  4.647996e+01 -3.000000e+00
   endloop
 endfacet
 facet normal  5.039550e-01 -8.637299e-01  0.000000e+00
   outer loop
     vertex -7.087679e+01  4.645645e+01  0.000000e+00
     vertex -7.083650e+01  4.647996e+01 -3.000000e+00
     vertex -7.083650e+01  4.647996e+01  0.000000e+00
   endloop
 endfacet
 facet normal  5.274609e-01 -8.495793e-01  0.000000e+00
   outer loop
     vertex -7.091641e+01  4.643185e+01  0.000000e+00
     vertex -7.091641e+01  4.643185e+01 -3.000000e+00
     vertex -7.087679e+01  4.645645e+01 -3.000000e+00
   endloop
 endfacet
 facet normal  5.505698e-01 -8.347891e-01  0.000000e+00
   outer loop
     vertex -7.091641e+01  4.643185e+01  0.000000e+00
     vertex -7.095535e+01  4.640617e+01 -3.000000e+00
     vertex -7.091641e+01  4.643185e+01 -3.000000e+00
   endloop
 endfacet
 facet normal  5.274609e-01 -8.495793e-01  0.000000e+00
   outer loop
     vertex -7.091641e+01  4.643185e+01  0.000000e+00
     vertex -7.087679e+01  4.645645e+01 -3.000000e+00
     vertex -7.087679e+01  4.645645e+01  0.000000e+00
   endloop
 endfacet
 facet normal  5.505698e-01 -8.347891e-01  0.000000e+00
   outer loop
     vertex -7.095535e+01  4.640617e+01  0.000000e+00
     vertex -7.095535e+01  4.640617e+01 -3.000000e+00
     vertex -7.091641e+01  4.643185e+01  0.000000e+00
   endloop
 endfacet
 facet normal  5.732642e-01 -8.193706e-01  0.000000e+00
   outer loop
     vertex -7.099357e+01  4.637943e+01  0.000000e+00
     vertex -7.099357e+01  4.637943e+01 -3.000000e+00
     vertex -7.095535e+01  4.640617e+01 -3.000000e+00
   endloop
 endfacet
 facet normal  5.732642e-01 -8.193706e-01  0.000000e+00
   outer loop
     vertex -7.099357e+01  4.637943e+01  0.000000e+00
     vertex -7.095535e+01  4.640617e+01 -3.000000e+00
     vertex -7.095535e+01  4.640617e+01  0.000000e+00
   endloop
 endfacet
 facet normal  5.955271e-01 -8.033352e-01  0.000000e+00
   outer loop
     vertex -7.103104e+01  4.635165e+01  0.000000e+00
     vertex -7.103104e+01  4.635165e+01 -3.000000e+00
     vertex -7.099357e+01  4.637943e+01 -3.000000e+00
   endloop
 endfacet
 facet normal  6.173417e-01 -7.866951e-01  0.000000e+00
   outer loop
     vertex -7.103104e+01  4.635165e+01  0.000000e+00
     vertex -7.106773e+01  4.632286e+01 -3.000000e+00
     vertex -7.103104e+01  4.635165e+01 -3.000000e+00
   endloop
 endfacet
 facet normal  5.955271e-01 -8.033352e-01  0.000000e+00
   outer loop
     vertex -7.103104e+01  4.635165e+01  0.000000e+00
     vertex -7.099357e+01  4.637943e+01 -3.000000e+00
     vertex -7.099357e+01  4.637943e+01  0.000000e+00
   endloop
 endfacet
 facet normal  6.173417e-01 -7.866951e-01  0.000000e+00
   outer loop
     vertex -7.106773e+01  4.632286e+01  0.000000e+00
     vertex -7.106773e+01  4.632286e+01 -3.000000e+00
     vertex -7.103104e+01  4.635165e+01  0.000000e+00
   endloop
 endfacet
 facet normal  6.386916e-01 -7.694628e-01  0.000000e+00
   outer loop
     vertex -7.110362e+01  4.629307e+01  0.000000e+00
     vertex -7.110362e+01  4.629307e+01 -3.000000e+00
     vertex -7.106773e+01  4.632286e+01 -3.000000e+00
   endloop
 endfacet
 facet normal  6.386916e-01 -7.694628e-01  0.000000e+00
   outer loop
     vertex -7.110362e+01  4.629307e+01  0.000000e+00
     vertex -7.106773e+01  4.632286e+01 -3.000000e+00
     vertex -7.106773e+01  4.632286e+01  0.000000e+00
   endloop
 endfacet
 facet normal  6.595607e-01 -7.516513e-01  0.000000e+00
   outer loop
     vertex -7.113868e+01  4.626231e+01  0.000000e+00
     vertex -7.113868e+01  4.626231e+01 -3.000000e+00
     vertex -7.110362e+01  4.629307e+01 -3.000000e+00
   endloop
 endfacet
 facet normal  6.595607e-01 -7.516513e-01  0.000000e+00
   outer loop
     vertex -7.113868e+01  4.626231e+01  0.000000e+00
     vertex -7.110362e+01  4.629307e+01 -3.000000e+00
     vertex -7.110362e+01  4.629307e+01  0.000000e+00
   endloop
 endfacet
 facet normal  6.799333e-01 -7.332740e-01  0.000000e+00
   outer loop
     vertex -7.117288e+01  4.623059e+01  0.000000e+00
     vertex -7.117288e+01  4.623059e+01 -3.000000e+00
     vertex -7.113868e+01  4.626231e+01 -3.000000e+00
   endloop
 endfacet
 facet normal  6.997940e-01 -7.143447e-01  0.000000e+00
   outer loop
     vertex -7.117288e+01  4.623059e+01  0.000000e+00
     vertex -7.120620e+01  4.619795e+01 -3.000000e+00
     vertex -7.117288e+01  4.623059e+01 -3.000000e+00
   endloop
 endfacet
 facet normal  6.799333e-01 -7.332740e-01  0.000000e+00
   outer loop
     vertex -7.117288e+01  4.623059e+01  0.000000e+00
     vertex -7.113868e+01  4.626231e+01 -3.000000e+00
     vertex -7.113868e+01  4.626231e+01  0.000000e+00
   endloop
 endfacet
 facet normal  6.997940e-01 -7.143447e-01  0.000000e+00
   outer loop
     vertex -7.120620e+01  4.619795e+01  0.000000e+00
     vertex -7.120620e+01  4.619795e+01 -3.000000e+00
     vertex -7.117288e+01  4.623059e+01  0.000000e+00
   endloop
 endfacet
 facet normal  7.191280e-01 -6.948776e-01  0.000000e+00
   outer loop
     vertex -7.120620e+01  4.619795e+01  0.000000e+00
     vertex -7.123861e+01  4.616441e+01 -3.000000e+00
     vertex -7.120620e+01  4.619795e+01 -3.000000e+00
   endloop
 endfacet
 facet normal  7.191280e-01 -6.948776e-01  0.000000e+00
   outer loop
     vertex -7.123861e+01  4.616441e+01  0.000000e+00
     vertex -7.123861e+01  4.616441e+01 -3.000000e+00
     vertex -7.120620e+01  4.619795e+01  0.000000e+00
   endloop
 endfacet
 facet normal  7.379206e-01 -6.748875e-01  0.000000e+00
   outer loop
     vertex -7.123861e+01  4.616441e+01  0.000000e+00
     vertex -7.127009e+01  4.612999e+01 -3.000000e+00
     vertex -7.123861e+01  4.616441e+01 -3.000000e+00
   endloop
 endfacet
 facet normal  7.379206e-01 -6.748875e-01  0.000000e+00
   outer loop
     vertex -7.127009e+01  4.612999e+01  0.000000e+00
     vertex -7.127009e+01  4.612999e+01 -3.000000e+00
     vertex -7.123861e+01  4.616441e+01  0.000000e+00
   endloop
 endfacet
 facet normal  7.561578e-01 -6.543893e-01  0.000000e+00
   outer loop
     vertex -7.130061e+01  4.609472e+01  0.000000e+00
     vertex -7.127009e+01  4.612999e+01 -3.000000e+00
     vertex -7.127009e+01  4.612999e+01  0.000000e+00
   endloop
 endfacet
 facet normal  7.561578e-01 -6.543893e-01  0.000000e+00
   outer loop
     vertex -7.130061e+01  4.609472e+01  0.000000e+00
     vertex -7.130061e+01  4.609472e+01 -3.000000e+00
     vertex -7.127009e+01  4.612999e+01 -3.000000e+00
   endloop
 endfacet
 facet normal  7.738257e-01 -6.333986e-01  0.000000e+00
   outer loop
     vertex -7.130061e+01  4.609472e+01  0.000000e+00
     vertex -7.133015e+01  4.605863e+01 -3.000000e+00
     vertex -7.130061e+01  4.609472e+01 -3.000000e+00
   endloop
 endfacet
 facet normal  7.738257e-01 -6.333986e-01  0.000000e+00
   outer loop
     vertex -7.133015e+01  4.605863e+01  0.000000e+00
     vertex -7.133015e+01  4.605863e+01 -3.000000e+00
     vertex -7.130061e+01  4.609472e+01  0.000000e+00
   endloop
 endfacet
 facet normal  7.909112e-01 -6.119310e-01  0.000000e+00
   outer loop
     vertex -7.135869e+01  4.602174e+01  0.000000e+00
     vertex -7.135869e+01  4.602174e+01 -3.000000e+00
     vertex -7.133015e+01  4.605863e+01 -3.000000e+00
   endloop
 endfacet
 facet normal  7.909112e-01 -6.119310e-01  0.000000e+00
   outer loop
     vertex -7.135869e+01  4.602174e+01  0.000000e+00
     vertex -7.133015e+01  4.605863e+01 -3.000000e+00
     vertex -7.133015e+01  4.605863e+01  0.000000e+00
   endloop
 endfacet
 facet normal  8.074012e-01 -5.900028e-01  0.000000e+00
   outer loop
     vertex -7.138621e+01  4.598408e+01  0.000000e+00
     vertex -7.135869e+01  4.602174e+01 -3.000000e+00
     vertex -7.135869e+01  4.602174e+01  0.000000e+00
   endloop
 endfacet
 facet normal  8.074012e-01 -5.900028e-01  0.000000e+00
   outer loop
     vertex -7.138621e+01  4.598408e+01  0.000000e+00
     vertex -7.138621e+01  4.598408e+01 -3.000000e+00
     vertex -7.135869e+01  4.602174e+01 -3.000000e+00
   endloop
 endfacet
 facet normal  8.232835e-01 -5.676304e-01  0.000000e+00
   outer loop
     vertex -7.138621e+01  4.598408e+01  0.000000e+00
     vertex -7.141269e+01  4.594568e+01 -3.000000e+00
     vertex -7.138621e+01  4.598408e+01 -3.000000e+00
   endloop
 endfacet
 facet normal  8.385460e-01 -5.448308e-01  0.000000e+00
   outer loop
     vertex -7.141269e+01  4.594568e+01  0.000000e+00
     vertex -7.143810e+01  4.590657e+01 -3.000000e+00
     vertex -7.141269e+01  4.594568e+01 -3.000000e+00
   endloop
 endfacet
 facet normal  8.232835e-01 -5.676304e-01  0.000000e+00
   outer loop
     vertex -7.141269e+01  4.594568e+01  0.000000e+00
     vertex -7.141269e+01  4.594568e+01 -3.000000e+00
     vertex -7.138621e+01  4.598408e+01  0.000000e+00
   endloop
 endfacet
 facet normal  8.385460e-01 -5.448308e-01  0.000000e+00
   outer loop
     vertex -7.143810e+01  4.590657e+01  0.000000e+00
     vertex -7.143810e+01  4.590657e+01 -3.000000e+00
     vertex -7.141269e+01  4.594568e+01  0.000000e+00
   endloop
 endfacet
 facet normal  8.531773e-01 -5.216210e-01  0.000000e+00
   outer loop
     vertex -7.146243e+01  4.586678e+01  0.000000e+00
     vertex -7.146243e+01  4.586678e+01 -3.000000e+00
     vertex -7.143810e+01  4.590657e+01 -3.000000e+00
   endloop
 endfacet
 facet normal  8.671664e-01 -4.980186e-01  0.000000e+00
   outer loop
     vertex -7.146243e+01  4.586678e+01  0.000000e+00
     vertex -7.148566e+01  4.582633e+01 -3.000000e+00
     vertex -7.146243e+01  4.586678e+01 -3.000000e+00
   endloop
 endfacet
 facet normal  8.531773e-01 -5.216210e-01  0.000000e+00
   outer loop
     vertex -7.146243e+01  4.586678e+01  0.000000e+00
     vertex -7.143810e+01  4.590657e+01 -3.000000e+00
     vertex -7.143810e+01  4.590657e+01  0.000000e+00
   endloop
 endfacet
 facet normal  8.671664e-01 -4.980186e-01  0.000000e+00
   outer loop
     vertex -7.148566e+01  4.582633e+01  0.000000e+00
     vertex -7.148566e+01  4.582633e+01 -3.000000e+00
     vertex -7.146243e+01  4.586678e+01  0.000000e+00
   endloop
 endfacet
 facet normal  8.805026e-01 -4.740412e-01  0.000000e+00
   outer loop
     vertex -7.150777e+01  4.578526e+01  0.000000e+00
     vertex -7.150777e+01  4.578526e+01 -3.000000e+00
     vertex -7.148566e+01  4.582633e+01 -3.000000e+00
   endloop
 endfacet
 facet normal  8.805026e-01 -4.740412e-01  0.000000e+00
   outer loop
     vertex -7.150777e+01  4.578526e+01  0.000000e+00
     vertex -7.148566e+01  4.582633e+01 -3.000000e+00
     vertex -7.148566e+01  4.582633e+01  0.000000e+00
   endloop
 endfacet
 facet normal  8.931761e-01 -4.497071e-01  0.000000e+00
   outer loop
     vertex -7.152874e+01  4.574360e+01  0.000000e+00
     vertex -7.152874e+01  4.574360e+01 -3.000000e+00
     vertex -7.150777e+01  4.578526e+01 -3.000000e+00
   endloop
 endfacet
 facet normal  9.051772e-01 -4.250344e-01  0.000000e+00
   outer loop
     vertex -7.152874e+01  4.574360e+01  0.000000e+00
     vertex -7.154857e+01  4.570138e+01 -3.000000e+00
     vertex -7.152874e+01  4.574360e+01 -3.000000e+00
   endloop
 endfacet
 facet normal  8.931761e-01 -4.497071e-01  0.000000e+00
   outer loop
     vertex -7.152874e+01  4.574360e+01  0.000000e+00
     vertex -7.150777e+01  4.578526e+01 -3.000000e+00
     vertex -7.150777e+01  4.578526e+01  0.000000e+00
   endloop
 endfacet
 facet normal  9.051772e-01 -4.250344e-01  0.000000e+00
   outer loop
     vertex -7.154857e+01  4.570138e+01  0.000000e+00
     vertex -7.154857e+01  4.570138e+01 -3.000000e+00
     vertex -7.152874e+01  4.574360e+01  0.000000e+00
   endloop
 endfacet
 facet normal  9.164969e-01 -4.000417e-01  0.000000e+00
   outer loop
     vertex -7.156723e+01  4.565863e+01  0.000000e+00
     vertex -7.156723e+01  4.565863e+01 -3.000000e+00
     vertex -7.154857e+01  4.570138e+01 -3.000000e+00
   endloop
 endfacet
 facet normal  9.164969e-01 -4.000417e-01  0.000000e+00
   outer loop
     vertex -7.156723e+01  4.565863e+01  0.000000e+00
     vertex -7.154857e+01  4.570138e+01 -3.000000e+00
     vertex -7.154857e+01  4.570138e+01  0.000000e+00
   endloop
 endfacet
 facet normal  9.271267e-01 -3.747479e-01  0.000000e+00
   outer loop
     vertex -7.158471e+01  4.561539e+01  0.000000e+00
     vertex -7.158471e+01  4.561539e+01 -3.000000e+00
     vertex -7.156723e+01  4.565863e+01 -3.000000e+00
   endloop
 endfacet
 facet normal  9.370586e-01 -3.491720e-01  0.000000e+00
   outer loop
     vertex -7.158471e+01  4.561539e+01  0.000000e+00
     vertex -7.160099e+01  4.557168e+01 -3.000000e+00
     vertex -7.158471e+01  4.561539e+01 -3.000000e+00
   endloop
 endfacet
 facet normal  9.271267e-01 -3.747479e-01  0.000000e+00
   outer loop
     vertex -7.158471e+01  4.561539e+01  0.000000e+00
     vertex -7.156723e+01  4.565863e+01 -3.000000e+00
     vertex -7.156723e+01  4.565863e+01  0.000000e+00
   endloop
 endfacet
 facet normal  9.370586e-01 -3.491720e-01  0.000000e+00
   outer loop
     vertex -7.160099e+01  4.557168e+01  0.000000e+00
     vertex -7.160099e+01  4.557168e+01 -3.000000e+00
     vertex -7.158471e+01  4.561539e+01  0.000000e+00
   endloop
 endfacet
 facet normal  9.462851e-01 -3.233333e-01  0.000000e+00
   outer loop
     vertex -7.161607e+01  4.552755e+01  0.000000e+00
     vertex -7.161607e+01  4.552755e+01 -3.000000e+00
     vertex -7.160099e+01  4.557168e+01 -3.000000e+00
   endloop
 endfacet
 facet normal  9.462851e-01 -3.233333e-01  0.000000e+00
   outer loop
     vertex -7.161607e+01  4.552755e+01  0.000000e+00
     vertex -7.160099e+01  4.557168e+01 -3.000000e+00
     vertex -7.160099e+01  4.557168e+01  0.000000e+00
   endloop
 endfacet
 facet normal  9.547993e-01 -2.972512e-01  0.000000e+00
   outer loop
     vertex -7.162994e+01  4.548301e+01  0.000000e+00
     vertex -7.162994e+01  4.548301e+01 -3.000000e+00
     vertex -7.161607e+01  4.552755e+01 -3.000000e+00
   endloop
 endfacet
 facet normal  9.625948e-01 -2.709453e-01  0.000000e+00
   outer loop
     vertex -7.162994e+01  4.548301e+01  0.000000e+00
     vertex -7.164258e+01  4.543811e+01 -3.000000e+00
     vertex -7.162994e+01  4.548301e+01 -3.000000e+00
   endloop
 endfacet
 facet normal  9.547993e-01 -2.972512e-01  0.000000e+00
   outer loop
     vertex -7.162994e+01  4.548301e+01  0.000000e+00
     vertex -7.161607e+01  4.552755e+01 -3.000000e+00
     vertex -7.161607e+01  4.552755e+01  0.000000e+00
   endloop
 endfacet
 facet normal  9.625948e-01 -2.709453e-01  0.000000e+00
   outer loop
     vertex -7.164258e+01  4.543811e+01  0.000000e+00
     vertex -7.164258e+01  4.543811e+01 -3.000000e+00
     vertex -7.162994e+01  4.548301e+01  0.000000e+00
   endloop
 endfacet
 facet normal  9.696656e-01 -2.444354e-01  0.000000e+00
   outer loop
     vertex -7.165398e+01  4.539289e+01  0.000000e+00
     vertex -7.165398e+01  4.539289e+01 -3.000000e+00
     vertex -7.164258e+01  4.543811e+01 -3.000000e+00
   endloop
 endfacet
 facet normal  9.696656e-01 -2.444354e-01  0.000000e+00
   outer loop
     vertex -7.165398e+01  4.539289e+01  0.000000e+00
     vertex -7.164258e+01  4.543811e+01 -3.000000e+00
     vertex -7.164258e+01  4.543811e+01  0.000000e+00
   endloop
 endfacet
 facet normal  9.760065e-01 -2.177416e-01  0.000000e+00
   outer loop
     vertex -7.166413e+01  4.534736e+01  0.000000e+00
     vertex -7.166413e+01  4.534736e+01 -3.000000e+00
     vertex -7.165398e+01  4.539289e+01 -3.000000e+00
   endloop
 endfacet
 facet normal  9.816126e-01 -1.908838e-01  0.000000e+00
   outer loop
     vertex -7.166413e+01  4.534736e+01  0.000000e+00
     vertex -7.167304e+01  4.530158e+01 -3.000000e+00
     vertex -7.166413e+01  4.534736e+01 -3.000000e+00
   endloop
 endfacet
 facet normal  9.760065e-01 -2.177416e-01  0.000000e+00
   outer loop
     vertex -7.166413e+01  4.534736e+01  0.000000e+00
     vertex -7.165398e+01  4.539289e+01 -3.000000e+00
     vertex -7.165398e+01  4.539289e+01  0.000000e+00
   endloop
 endfacet
 facet normal  9.816126e-01 -1.908838e-01  0.000000e+00
   outer loop
     vertex -7.167304e+01  4.530158e+01  0.000000e+00
     vertex -7.167304e+01  4.530158e+01 -3.000000e+00
     vertex -7.166413e+01  4.534736e+01  0.000000e+00
   endloop
 endfacet
 facet normal  9.864799e-01 -1.638824e-01  0.000000e+00
   outer loop
     vertex -7.168068e+01  4.525557e+01  0.000000e+00
     vertex -7.168068e+01  4.525557e+01 -3.000000e+00
     vertex -7.167304e+01  4.530158e+01 -3.000000e+00
   endloop
 endfacet
 facet normal  9.864799e-01 -1.638824e-01  0.000000e+00
   outer loop
     vertex -7.168068e+01  4.525557e+01  0.000000e+00
     vertex -7.167304e+01  4.530158e+01 -3.000000e+00
     vertex -7.167304e+01  4.530158e+01  0.000000e+00
   endloop
 endfacet
 facet normal  9.906046e-01 -1.367575e-01  0.000000e+00
   outer loop
     vertex -7.168706e+01  4.520936e+01  0.000000e+00
     vertex -7.168706e+01  4.520936e+01 -3.000000e+00
     vertex -7.168068e+01  4.525557e+01 -3.000000e+00
   endloop
 endfacet
 facet normal  9.939835e-01 -1.095298e-01  0.000000e+00
   outer loop
     vertex -7.168706e+01  4.520936e+01  0.000000e+00
     vertex -7.169217e+01  4.516300e+01 -3.000000e+00
     vertex -7.168706e+01  4.520936e+01 -3.000000e+00
   endloop
 endfacet
 facet normal  9.906046e-01 -1.367575e-01  0.000000e+00
   outer loop
     vertex -7.168706e+01  4.520936e+01  0.000000e+00
     vertex -7.168068e+01  4.525557e+01 -3.000000e+00
     vertex -7.168068e+01  4.525557e+01  0.000000e+00
   endloop
 endfacet
 facet normal  9.939835e-01 -1.095298e-01  0.000000e+00
   outer loop
     vertex -7.169217e+01  4.516300e+01  0.000000e+00
     vertex -7.169217e+01  4.516300e+01 -3.000000e+00
     vertex -7.168706e+01  4.520936e+01  0.000000e+00
   endloop
 endfacet
 facet normal  9.966142e-01 -8.221955e-02  0.000000e+00
   outer loop
     vertex -7.169600e+01  4.511652e+01  0.000000e+00
     vertex -7.169217e+01  4.516300e+01 -3.000000e+00
     vertex -7.169217e+01  4.516300e+01  0.000000e+00
   endloop
 endfacet
 facet normal  9.966142e-01 -8.221955e-02  0.000000e+00
   outer loop
     vertex -7.169600e+01  4.511652e+01  0.000000e+00
     vertex -7.169600e+01  4.511652e+01 -3.000000e+00
     vertex -7.169217e+01  4.516300e+01 -3.000000e+00
   endloop
 endfacet
 facet normal  9.984947e-01 -5.484744e-02  0.000000e+00
   outer loop
     vertex -7.169600e+01  4.511652e+01  0.000000e+00
     vertex -7.169856e+01  4.506995e+01 -3.000000e+00
     vertex -7.169600e+01  4.511652e+01 -3.000000e+00
   endloop
 endfacet
 facet normal  9.984947e-01 -5.484744e-02  0.000000e+00
   outer loop
     vertex -7.169856e+01  4.506995e+01  0.000000e+00
     vertex -7.169856e+01  4.506995e+01 -3.000000e+00
     vertex -7.169600e+01  4.511652e+01  0.000000e+00
   endloop
 endfacet
 facet normal  9.996236e-01 -2.743405e-02  0.000000e+00
   outer loop
     vertex -7.169856e+01  4.506995e+01  0.000000e+00
     vertex -7.169984e+01  4.502332e+01 -3.000000e+00
     vertex -7.169856e+01  4.506995e+01 -3.000000e+00
   endloop
 endfacet
 facet normal  9.996236e-01 -2.743405e-02  0.000000e+00
   outer loop
     vertex -7.169984e+01  4.502332e+01  0.000000e+00
     vertex -7.169984e+01  4.502332e+01 -3.000000e+00
     vertex -7.169856e+01  4.506995e+01  0.000000e+00
   endloop
 endfacet
 facet normal  1.000000e+00  0.000000e+00  0.000000e+00
   outer loop
     vertex -7.169984e+01  4.502332e+01  0.000000e+00
     vertex -7.169984e+01  4.497668e+01 -3.000000e+00
     vertex -7.169984e+01  4.502332e+01 -3.000000e+00
   endloop
 endfacet
 facet normal  1.000000e+00 -0.000000e+00  0.000000e+00
   outer loop
     vertex -7.169984e+01  4.497668e+01  0.000000e+00
     vertex -7.169984e+01  4.497668e+01 -3.000000e+00
     vertex -7.169984e+01  4.502332e+01  0.000000e+00
   endloop
 endfacet
 facet normal  9.996236e-01  2.743405e-02  0.000000e+00
   outer loop
     vertex -7.169856e+01  4.493005e+01  0.000000e+00
     vertex -7.169984e+01  4.497668e+01 -3.000000e+00
     vertex -7.169984e+01  4.497668e+01  0.000000e+00
   endloop
 endfacet
 facet normal  9.996236e-01  2.743405e-02  0.000000e+00
   outer loop
     vertex -7.169856e+01  4.493005e+01  0.000000e+00
     vertex -7.169856e+01  4.493005e+01 -3.000000e+00
     vertex -7.169984e+01  4.497668e+01 -3.000000e+00
   endloop
 endfacet
 facet normal  9.984947e-01  5.484744e-02  0.000000e+00
   outer loop
     vertex -7.169600e+01  4.488348e+01  0.000000e+00
     vertex -7.169856e+01  4.493005e+01 -3.000000e+00
     vertex -7.169856e+01  4.493005e+01  0.000000e+00
   endloop
 endfacet
 facet normal  9.984947e-01  5.484744e-02  0.000000e+00
   outer loop
     vertex -7.169600e+01  4.488348e+01  0.000000e+00
     vertex -7.169600e+01  4.488348e+01 -3.000000e+00
     vertex -7.169856e+01  4.493005e+01 -3.000000e+00
   endloop
 endfacet
 facet normal  9.966142e-01  8.221955e-02  0.000000e+00
   outer loop
     vertex -7.169217e+01  4.483700e+01  0.000000e+00
     vertex -7.169600e+01  4.488348e+01 -3.000000e+00
     vertex -7.169600e+01  4.488348e+01  0.000000e+00
   endloop
 endfacet
 facet normal  9.966142e-01  8.221955e-02  0.000000e+00
   outer loop
     vertex -7.169217e+01  4.483700e+01  0.000000e+00
     vertex -7.169217e+01  4.483700e+01 -3.000000e+00
     vertex -7.169600e+01  4.488348e+01 -3.000000e+00
   endloop
 endfacet
 facet normal  9.939835e-01  1.095298e-01  0.000000e+00
   outer loop
     vertex -7.169217e+01  4.483700e+01  0.000000e+00
     vertex -7.168706e+01  4.479064e+01 -3.000000e+00
     vertex -7.169217e+01  4.483700e+01 -3.000000e+00
   endloop
 endfacet
 facet normal  9.939835e-01  1.095298e-01  0.000000e+00
   outer loop
     vertex -7.168706e+01  4.479064e+01  0.000000e+00
     vertex -7.168706e+01  4.479064e+01 -3.000000e+00
     vertex -7.169217e+01  4.483700e+01  0.000000e+00
   endloop
 endfacet
 facet normal  9.906046e-01  1.367575e-01  0.000000e+00
   outer loop
     vertex -7.168706e+01  4.479064e+01  0.000000e+00
     vertex -7.168068e+01  4.474443e+01 -3.000000e+00
     vertex -7.168706e+01  4.479064e+01 -3.000000e+00
   endloop
 endfacet
 facet normal  9.906046e-01  1.367575e-01  0.000000e+00
   outer loop
     vertex -7.168068e+01  4.474443e+01  0.000000e+00
     vertex -7.168068e+01  4.474443e+01 -3.000000e+00
     vertex -7.168706e+01  4.479064e+01  0.000000e+00
   endloop
 endfacet
 facet normal  9.864799e-01  1.638824e-01  0.000000e+00
   outer loop
     vertex -7.168068e+01  4.474443e+01  0.000000e+00
     vertex -7.167304e+01  4.469842e+01 -3.000000e+00
     vertex -7.168068e+01  4.474443e+01 -3.000000e+00
   endloop
 endfacet
 facet normal  9.864799e-01  1.638824e-01  0.000000e+00
   outer loop
     vertex -7.167304e+01  4.469842e+01  0.000000e+00
     vertex -7.167304e+01  4.469842e+01 -3.000000e+00
     vertex -7.168068e+01  4.474443e+01  0.000000e+00
   endloop
 endfacet
 facet normal  9.816126e-01  1.908838e-01  0.000000e+00
   outer loop
     vertex -7.166413e+01  4.465264e+01  0.000000e+00
     vertex -7.167304e+01  4.469842e+01 -3.000000e+00
     vertex -7.167304e+01  4.469842e+01  0.000000e+00
   endloop
 endfacet
 facet normal  9.816126e-01  1.908838e-01  0.000000e+00
   outer loop
     vertex -7.166413e+01  4.465264e+01  0.000000e+00
     vertex -7.166413e+01  4.465264e+01 -3.000000e+00
     vertex -7.167304e+01  4.469842e+01 -3.000000e+00
   endloop
 endfacet
 facet normal  9.760065e-01  2.177416e-01  0.000000e+00
   outer loop
     vertex -7.166413e+01  4.465264e+01  0.000000e+00
     vertex -7.165398e+01  4.460711e+01 -3.000000e+00
     vertex -7.166413e+01  4.465264e+01 -3.000000e+00
   endloop
 endfacet
 facet normal  9.760065e-01  2.177416e-01  0.000000e+00
   outer loop
     vertex -7.165398e+01  4.460711e+01  0.000000e+00
     vertex -7.165398e+01  4.460711e+01 -3.000000e+00
     vertex -7.166413e+01  4.465264e+01  0.000000e+00
   endloop
 endfacet
 facet normal  9.696656e-01  2.444354e-01  0.000000e+00
   outer loop
     vertex -7.164258e+01  4.456189e+01  0.000000e+00
     vertex -7.164258e+01  4.456189e+01 -3.000000e+00
     vertex -7.165398e+01  4.460711e+01 -3.000000e+00
   endloop
 endfacet
 facet normal  9.625948e-01  2.709453e-01  0.000000e+00
   outer loop
     vertex -7.164258e+01  4.456189e+01  0.000000e+00
     vertex -7.162994e+01  4.451699e+01 -3.000000e+00
     vertex -7.164258e+01  4.456189e+01 -3.000000e+00
   endloop
 endfacet
 facet normal  9.696656e-01  2.444354e-01  0.000000e+00
   outer loop
     vertex -7.164258e+01  4.456189e+01  0.000000e+00
     vertex -7.165398e+01  4.460711e+01 -3.000000e+00
     vertex -7.165398e+01  4.460711e+01  0.000000e+00
   endloop
 endfacet
 facet normal  9.625948e-01  2.709453e-01  0.000000e+00
   outer loop
     vertex -7.162994e+01  4.451699e+01  0.000000e+00
     vertex -7.162994e+01  4.451699e+01 -3.000000e+00
     vertex -7.164258e+01  4.456189e+01  0.000000e+00
   endloop
 endfacet
 facet normal  9.547993e-01  2.972512e-01  0.000000e+00
   outer loop
     vertex -7.161607e+01  4.447245e+01  0.000000e+00
     vertex -7.161607e+01  4.447245e+01 -3.000000e+00
     vertex -7.162994e+01  4.451699e+01 -3.000000e+00
   endloop
 endfacet
 facet normal  9.547993e-01  2.972512e-01  0.000000e+00
   outer loop
     vertex -7.161607e+01  4.447245e+01  0.000000e+00
     vertex -7.162994e+01  4.451699e+01 -3.000000e+00
     vertex -7.162994e+01  4.451699e+01  0.000000e+00
   endloop
 endfacet
 facet normal  9.462851e-01  3.233333e-01  0.000000e+00
   outer loop
     vertex -7.160099e+01  4.442832e+01  0.000000e+00
     vertex -7.160099e+01  4.442832e+01 -3.000000e+00
     vertex -7.161607e+01  4.447245e+01 -3.000000e+00
   endloop
 endfacet
 facet normal  9.370586e-01  3.491720e-01  0.000000e+00
   outer loop
     vertex -7.160099e+01  4.442832e+01  0.000000e+00
     vertex -7.158471e+01  4.438461e+01 -3.000000e+00
     vertex -7.160099e+01  4.442832e+01 -3.000000e+00
   endloop
 endfacet
 facet normal  9.462851e-01  3.233333e-01  0.000000e+00
   outer loop
     vertex -7.160099e+01  4.442832e+01  0.000000e+00
     vertex -7.161607e+01  4.447245e+01 -3.000000e+00
     vertex -7.161607e+01  4.447245e+01  0.000000e+00
   endloop
 endfacet
 facet normal  9.370586e-01  3.491720e-01  0.000000e+00
   outer loop
     vertex -7.158471e+01  4.438461e+01  0.000000e+00
     vertex -7.158471e+01  4.438461e+01 -3.000000e+00
     vertex -7.160099e+01  4.442832e+01  0.000000e+00
   endloop
 endfacet
 facet normal  9.271267e-01  3.747479e-01  0.000000e+00
   outer loop
     vertex -7.156723e+01  4.434137e+01  0.000000e+00
     vertex -7.156723e+01  4.434137e+01 -3.000000e+00
     vertex -7.158471e+01  4.438461e+01 -3.000000e+00
   endloop
 endfacet
 facet normal  9.271267e-01  3.747479e-01  0.000000e+00
   outer loop
     vertex -7.156723e+01  4.434137e+01  0.000000e+00
     vertex -7.158471e+01  4.438461e+01 -3.000000e+00
     vertex -7.158471e+01  4.438461e+01  0.000000e+00
   endloop
 endfacet
 facet normal  9.164969e-01  4.000417e-01  0.000000e+00
   outer loop
     vertex -7.154857e+01  4.429862e+01  0.000000e+00
     vertex -7.154857e+01  4.429862e+01 -3.000000e+00
     vertex -7.156723e+01  4.434137e+01 -3.000000e+00
   endloop
 endfacet
 facet normal  9.051772e-01  4.250344e-01  0.000000e+00
   outer loop
     vertex -7.154857e+01  4.429862e+01  0.000000e+00
     vertex -7.152874e+01  4.425640e+01 -3.000000e+00
     vertex -7.154857e+01  4.429862e+01 -3.000000e+00
   endloop
 endfacet
 facet normal  9.164969e-01  4.000417e-01  0.000000e+00
   outer loop
     vertex -7.154857e+01  4.429862e+01  0.000000e+00
     vertex -7.156723e+01  4.434137e+01 -3.000000e+00
     vertex -7.156723e+01  4.434137e+01  0.000000e+00
   endloop
 endfacet
 facet normal  8.931761e-01  4.497071e-01  0.000000e+00
   outer loop
     vertex -7.152874e+01  4.425640e+01  0.000000e+00
     vertex -7.150777e+01  4.421474e+01 -3.000000e+00
     vertex -7.152874e+01  4.425640e+01 -3.000000e+00
   endloop
 endfacet
 facet normal  9.051772e-01  4.250344e-01  0.000000e+00
   outer loop
     vertex -7.152874e+01  4.425640e+01  0.000000e+00
     vertex -7.152874e+01  4.425640e+01 -3.000000e+00
     vertex -7.154857e+01  4.429862e+01  0.000000e+00
   endloop
 endfacet
 facet normal  8.931761e-01  4.497071e-01  0.000000e+00
   outer loop
     vertex -7.150777e+01  4.421474e+01  0.000000e+00
     vertex -7.150777e+01  4.421474e+01 -3.000000e+00
     vertex -7.152874e+01  4.425640e+01  0.000000e+00
   endloop
 endfacet
 facet normal  8.805026e-01  4.740412e-01  0.000000e+00
   outer loop
     vertex -7.148566e+01  4.417367e+01  0.000000e+00
     vertex -7.148566e+01  4.417367e+01 -3.000000e+00
     vertex -7.150777e+01  4.421474e+01 -3.000000e+00
   endloop
 endfacet
 facet normal  8.805026e-01  4.740412e-01  0.000000e+00
   outer loop
     vertex -7.148566e+01  4.417367e+01  0.000000e+00
     vertex -7.150777e+01  4.421474e+01 -3.000000e+00
     vertex -7.150777e+01  4.421474e+01  0.000000e+00
   endloop
 endfacet
 facet normal  8.671664e-01  4.980186e-01  0.000000e+00
   outer loop
     vertex -7.146243e+01  4.413322e+01  0.000000e+00
     vertex -7.146243e+01  4.413322e+01 -3.000000e+00
     vertex -7.148566e+01  4.417367e+01 -3.000000e+00
   endloop
 endfacet
 facet normal  8.531773e-01  5.216210e-01  0.000000e+00
   outer loop
     vertex -7.146243e+01  4.413322e+01  0.000000e+00
     vertex -7.143810e+01  4.409343e+01 -3.000000e+00
     vertex -7.146243e+01  4.413322e+01 -3.000000e+00
   endloop
 endfacet
 facet normal  8.671664e-01  4.980186e-01  0.000000e+00
   outer loop
     vertex -7.146243e+01  4.413322e+01  0.000000e+00
     vertex -7.148566e+01  4.417367e+01 -3.000000e+00
     vertex -7.148566e+01  4.417367e+01  0.000000e+00
   endloop
 endfacet
 facet normal  8.531773e-01  5.216210e-01  0.000000e+00
   outer loop
     vertex -7.143810e+01  4.409343e+01  0.000000e+00
     vertex -7.143810e+01  4.409343e+01 -3.000000e+00
     vertex -7.146243e+01  4.413322e+01  0.000000e+00
   endloop
 endfacet
 facet normal  8.385460e-01  5.448308e-01  0.000000e+00
   outer loop
     vertex -7.141269e+01  4.405432e+01  0.000000e+00
     vertex -7.143810e+01  4.409343e+01 -3.000000e+00
     vertex -7.143810e+01  4.409343e+01  0.000000e+00
   endloop
 endfacet
 facet normal  8.385460e-01  5.448308e-01  0.000000e+00
   outer loop
     vertex -7.141269e+01  4.405432e+01  0.000000e+00
     vertex -7.141269e+01  4.405432e+01 -3.000000e+00
     vertex -7.143810e+01  4.409343e+01 -3.000000e+00
   endloop
 endfacet
 facet normal  8.232835e-01  5.676304e-01  0.000000e+00
   outer loop
     vertex -7.141269e+01  4.405432e+01  0.000000e+00
     vertex -7.138621e+01  4.401592e+01 -3.000000e+00
     vertex -7.141269e+01  4.405432e+01 -3.000000e+00
   endloop
 endfacet
 facet normal  8.232835e-01  5.676304e-01  0.000000e+00
   outer loop
     vertex -7.138621e+01  4.401592e+01  0.000000e+00
     vertex -7.138621e+01  4.401592e+01 -3.000000e+00
     vertex -7.141269e+01  4.405432e+01  0.000000e+00
   endloop
 endfacet
 facet normal  8.074012e-01  5.900028e-01  0.000000e+00
   outer loop
     vertex -7.138621e+01  4.401592e+01  0.000000e+00
     vertex -7.135869e+01  4.397826e+01 -3.000000e+00
     vertex -7.138621e+01  4.401592e+01 -3.000000e+00
   endloop
 endfacet
 facet normal  8.074012e-01  5.900028e-01  0.000000e+00
   outer loop
     vertex -7.135869e+01  4.397826e+01  0.000000e+00
     vertex -7.135869e+01  4.397826e+01 -3.000000e+00
     vertex -7.138621e+01  4.401592e+01  0.000000e+00
   endloop
 endfacet
 facet normal  7.909112e-01  6.119310e-01  0.000000e+00
   outer loop
     vertex -7.133015e+01  4.394137e+01  0.000000e+00
     vertex -7.135869e+01  4.397826e+01 -3.000000e+00
     vertex -7.135869e+01  4.397826e+01  0.000000e+00
   endloop
 endfacet
 facet normal  7.909112e-01  6.119310e-01  0.000000e+00
   outer loop
     vertex -7.133015e+01  4.394137e+01  0.000000e+00
     vertex -7.133015e+01  4.394137e+01 -3.000000e+00
     vertex -7.135869e+01  4.397826e+01 -3.000000e+00
   endloop
 endfacet
 facet normal  7.738257e-01  6.333986e-01  0.000000e+00
   outer loop
     vertex -7.133015e+01  4.394137e+01  0.000000e+00
     vertex -7.130061e+01  4.390528e+01 -3.000000e+00
     vertex -7.133015e+01  4.394137e+01 -3.000000e+00
   endloop
 endfacet
 facet normal  7.738257e-01  6.333986e-01  0.000000e+00
   outer loop
     vertex -7.130061e+01  4.390528e+01  0.000000e+00
     vertex -7.130061e+01  4.390528e+01 -3.000000e+00
     vertex -7.133015e+01  4.394137e+01  0.000000e+00
   endloop
 endfacet
 facet normal  7.561578e-01  6.543893e-01  0.000000e+00
   outer loop
     vertex -7.127009e+01  4.387001e+01  0.000000e+00
     vertex -7.130061e+01  4.390528e+01 -3.000000e+00
     vertex -7.130061e+01  4.390528e+01  0.000000e+00
   endloop
 endfacet
 facet normal  7.561578e-01  6.543893e-01  0.000000e+00
   outer loop
     vertex -7.127009e+01  4.387001e+01  0.000000e+00
     vertex -7.127009e+01  4.387001e+01 -3.000000e+00
     vertex -7.130061e+01  4.390528e+01 -3.000000e+00
   endloop
 endfacet
 facet normal  7.379206e-01  6.748875e-01  0.000000e+00
   outer loop
     vertex -7.127009e+01  4.387001e+01  0.000000e+00
     vertex -7.123861e+01  4.383559e+01 -3.000000e+00
     vertex -7.127009e+01  4.387001e+01 -3.000000e+00
   endloop
 endfacet
 facet normal  7.379206e-01  6.748875e-01  0.000000e+00
   outer loop
     vertex -7.123861e+01  4.383559e+01  0.000000e+00
     vertex -7.123861e+01  4.383559e+01 -3.000000e+00
     vertex -7.127009e+01  4.387001e+01  0.000000e+00
   endloop
 endfacet
 facet normal  7.191280e-01  6.948776e-01  0.000000e+00
   outer loop
     vertex -7.123861e+01  4.383559e+01  0.000000e+00
     vertex -7.120620e+01  4.380205e+01 -3.000000e+00
     vertex -7.123861e+01  4.383559e+01 -3.000000e+00
   endloop
 endfacet
 facet normal  7.191280e-01  6.948776e-01  0.000000e+00
   outer loop
     vertex -7.120620e+01  4.380205e+01  0.000000e+00
     vertex -7.120620e+01  4.380205e+01 -3.000000e+00
     vertex -7.123861e+01  4.383559e+01  0.000000e+00
   endloop
 endfacet
 facet normal  6.997940e-01  7.143447e-01  0.000000e+00
   outer loop
     vertex -7.120620e+01  4.380205e+01  0.000000e+00
     vertex -7.117288e+01  4.376941e+01 -3.000000e+00
     vertex -7.120620e+01  4.380205e+01 -3.000000e+00
   endloop
 endfacet
 facet normal  6.997940e-01  7.143447e-01  0.000000e+00
   outer loop
     vertex -7.117288e+01  4.376941e+01  0.000000e+00
     vertex -7.117288e+01  4.376941e+01 -3.000000e+00
     vertex -7.120620e+01  4.380205e+01  0.000000e+00
   endloop
 endfacet
 facet normal  6.799333e-01  7.332740e-01  0.000000e+00
   outer loop
     vertex -7.113868e+01  4.373769e+01  0.000000e+00
     vertex -7.117288e+01  4.376941e+01 -3.000000e+00
     vertex -7.117288e+01  4.376941e+01  0.000000e+00
   endloop
 endfacet
 facet normal  6.799333e-01  7.332740e-01  0.000000e+00
   outer loop
     vertex -7.113868e+01  4.373769e+01  0.000000e+00
     vertex -7.113868e+01  4.373769e+01 -3.000000e+00
     vertex -7.117288e+01  4.376941e+01 -3.000000e+00
   endloop
 endfacet
 facet normal  6.595607e-01  7.516513e-01  0.000000e+00
   outer loop
     vertex -7.110362e+01  4.370693e+01  0.000000e+00
     vertex -7.113868e+01  4.373769e+01 -3.000000e+00
     vertex -7.113868e+01  4.373769e+01  0.000000e+00
   endloop
 endfacet
 facet normal  6.595607e-01  7.516513e-01  0.000000e+00
   outer loop
     vertex -7.110362e+01  4.370693e+01  0.000000e+00
     vertex -7.110362e+01  4.370693e+01 -3.000000e+00
     vertex -7.113868e+01  4.373769e+01 -3.000000e+00
   endloop
 endfacet
 facet normal  6.386916e-01  7.694628e-01  0.000000e+00
   outer loop
     vertex -7.110362e+01  4.370693e+01  0.000000e+00
     vertex -7.106773e+01  4.367714e+01 -3.000000e+00
     vertex -7.110362e+01  4.370693e+01 -3.000000e+00
   endloop
 endfacet
 facet normal  6.386916e-01  7.694628e-01  0.000000e+00
   outer loop
     vertex -7.106773e+01  4.367714e+01  0.000000e+00
     vertex -7.106773e+01  4.367714e+01 -3.000000e+00
     vertex -7.110362e+01  4.370693e+01  0.000000e+00
   endloop
 endfacet
 facet normal  6.173417e-01  7.866951e-01  0.000000e+00
   outer loop
     vertex -7.103104e+01  4.364835e+01  0.000000e+00
     vertex -7.106773e+01  4.367714e+01 -3.000000e+00
     vertex -7.106773e+01  4.367714e+01  0.000000e+00
   endloop
 endfacet
 facet normal  6.173417e-01  7.866951e-01  0.000000e+00
   outer loop
     vertex -7.103104e+01  4.364835e+01  0.000000e+00
     vertex -7.103104e+01  4.364835e+01 -3.000000e+00
     vertex -7.106773e+01  4.367714e+01 -3.000000e+00
   endloop
 endfacet
 facet normal  5.955271e-01  8.033352e-01  0.000000e+00
   outer loop
     vertex -7.103104e+01  4.364835e+01  0.000000e+00
     vertex -7.099357e+01  4.362057e+01 -3.000000e+00
     vertex -7.103104e+01  4.364835e+01 -3.000000e+00
   endloop
 endfacet
 facet normal  5.955271e-01  8.033352e-01  0.000000e+00
   outer loop
     vertex -7.099357e+01  4.362057e+01  0.000000e+00
     vertex -7.099357e+01  4.362057e+01 -3.000000e+00
     vertex -7.103104e+01  4.364835e+01  0.000000e+00
   endloop
 endfacet
 facet normal  5.732642e-01  8.193706e-01  0.000000e+00
   outer loop
     vertex -7.099357e+01  4.362057e+01  0.000000e+00
     vertex -7.095535e+01  4.359383e+01 -3.000000e+00
     vertex -7.099357e+01  4.362057e+01 -3.000000e+00
   endloop
 endfacet
 facet normal  5.732642e-01  8.193706e-01  0.000000e+00
   outer loop
     vertex -7.095535e+01  4.359383e+01  0.000000e+00
     vertex -7.095535e+01  4.359383e+01 -3.000000e+00
     vertex -7.099357e+01  4.362057e+01  0.000000e+00
   endloop
 endfacet
 facet normal  5.505698e-01  8.347891e-01  0.000000e+00
   outer loop
     vertex -7.095535e+01  4.359383e+01  0.000000e+00
     vertex -7.091641e+01  4.356815e+01 -3.000000e+00
     vertex -7.095535e+01  4.359383e+01 -3.000000e+00
   endloop
 endfacet
 facet normal  5.505698e-01  8.347891e-01  0.000000e+00
   outer loop
     vertex -7.091641e+01  4.356815e+01  0.000000e+00
     vertex -7.091641e+01  4.356815e+01 -3.000000e+00
     vertex -7.095535e+01  4.359383e+01  0.000000e+00
   endloop
 endfacet
 facet normal  5.274609e-01  8.495793e-01  0.000000e+00
   outer loop
     vertex -7.087679e+01  4.354355e+01  0.000000e+00
     vertex -7.091641e+01  4.356815e+01 -3.000000e+00
     vertex -7.091641e+01  4.356815e+01  0.000000e+00
   endloop
 endfacet
 facet normal  5.274609e-01  8.495793e-01  0.000000e+00
   outer loop
     vertex -7.087679e+01  4.354355e+01  0.000000e+00
     vertex -7.087679e+01  4.354355e+01 -3.000000e+00
     vertex -7.091641e+01  4.356815e+01 -3.000000e+00
   endloop
 endfacet
 facet normal  5.039550e-01  8.637299e-01  0.000000e+00
   outer loop
     vertex -7.087679e+01  4.354355e+01  0.000000e+00
     vertex -7.083650e+01  4.352004e+01 -3.000000e+00
     vertex -7.087679e+01  4.354355e+01 -3.000000e+00
   endloop
 endfacet
 facet normal  5.039550e-01  8.637299e-01  0.000000e+00
   outer loop
     vertex -7.083650e+01  4.352004e+01  0.000000e+00
     vertex -7.083650e+01  4.352004e+01 -3.000000e+00
     vertex -7.087679e+01  4.354355e+01  0.000000e+00
   endloop
 endfacet
 facet normal  4.800697e-01  8.772303e-01  0.000000e+00
   outer loop
     vertex -7.079558e+01  4.349765e+01  0.000000e+00
     vertex -7.083650e+01  4.352004e+01 -3.000000e+00
     vertex -7.083650e+01  4.352004e+01  0.000000e+00
   endloop
 endfacet
 facet normal  4.800697e-01  8.772303e-01  0.000000e+00
   outer loop
     vertex -7.079558e+01  4.349765e+01  0.000000e+00
     vertex -7.079558e+01  4.349765e+01 -3.000000e+00
     vertex -7.083650e+01  4.352004e+01 -3.000000e+00
   endloop
 endfacet
 facet normal  4.558231e-01  8.900704e-01  0.000000e+00
   outer loop
     vertex -7.079558e+01  4.349765e+01  0.000000e+00
     vertex -7.075407e+01  4.347639e+01 -3.000000e+00
     vertex -7.079558e+01  4.349765e+01 -3.000000e+00
   endloop
 endfacet
 facet normal  4.558231e-01  8.900704e-01  0.000000e+00
   outer loop
     vertex -7.075407e+01  4.347639e+01  0.000000e+00
     vertex -7.075407e+01  4.347639e+01 -3.000000e+00
     vertex -7.079558e+01  4.349765e+01  0.000000e+00
   endloop
 endfacet
 facet normal  4.312333e-01  9.022405e-01  0.000000e+00
   outer loop
     vertex -7.071199e+01  4.345628e+01  0.000000e+00
     vertex -7.075407e+01  4.347639e+01 -3.000000e+00
     vertex -7.075407e+01  4.347639e+01  0.000000e+00
   endloop
 endfacet
 facet normal  4.312333e-01  9.022405e-01  0.000000e+00
   outer loop
     vertex -7.071199e+01  4.345628e+01  0.000000e+00
     vertex -7.071199e+01  4.345628e+01 -3.000000e+00
     vertex -7.075407e+01  4.347639e+01 -3.000000e+00
   endloop
 endfacet
 facet normal  4.063188e-01  9.137314e-01  0.000000e+00
   outer loop
     vertex -7.066937e+01  4.343733e+01  0.000000e+00
     vertex -7.071199e+01  4.345628e+01 -3.000000e+00
     vertex -7.071199e+01  4.345628e+01  0.000000e+00
   endloop
 endfacet
 facet normal  4.063188e-01  9.137314e-01  0.000000e+00
   outer loop
     vertex -7.066937e+01  4.343733e+01  0.000000e+00
     vertex -7.066937e+01  4.343733e+01 -3.000000e+00
     vertex -7.071199e+01  4.345628e+01 -3.000000e+00
   endloop
 endfacet
 facet normal  3.810986e-01  9.245344e-01  0.000000e+00
   outer loop
     vertex -7.066937e+01  4.343733e+01  0.000000e+00
     vertex -7.062625e+01  4.341955e+01 -3.000000e+00
     vertex -7.066937e+01  4.343733e+01 -3.000000e+00
   endloop
 endfacet
 facet normal  3.810986e-01  9.245344e-01  0.000000e+00
   outer loop
     vertex -7.062625e+01  4.341955e+01  0.000000e+00
     vertex -7.062625e+01  4.341955e+01 -3.000000e+00
     vertex -7.066937e+01  4.343733e+01  0.000000e+00
   endloop
 endfacet
 facet normal  3.555914e-01  9.346415e-01  0.000000e+00
   outer loop
     vertex -7.058265e+01  4.340297e+01  0.000000e+00
     vertex -7.058265e+01  4.340297e+01 -3.000000e+00
     vertex -7.062625e+01  4.341955e+01 -3.000000e+00
   endloop
 endfacet
 facet normal  3.555914e-01  9.346415e-01  0.000000e+00
   outer loop
     vertex -7.058265e+01  4.340297e+01  0.000000e+00
     vertex -7.062625e+01  4.341955e+01 -3.000000e+00
     vertex -7.062625e+01  4.341955e+01  0.000000e+00
   endloop
 endfacet
 facet normal  3.298166e-01  9.440450e-01  0.000000e+00
   outer loop
     vertex -7.053862e+01  4.338758e+01  0.000000e+00
     vertex -7.053862e+01  4.338758e+01 -3.000000e+00
     vertex -7.058265e+01  4.340297e+01 -3.000000e+00
   endloop
 endfacet
 facet normal  3.037934e-01  9.527379e-01  0.000000e+00
   outer loop
     vertex -7.053862e+01  4.338758e+01  0.000000e+00
     vertex -7.049418e+01  4.337341e+01 -3.000000e+00
     vertex -7.053862e+01  4.338758e+01 -3.000000e+00
   endloop
 endfacet
 facet normal  3.298166e-01  9.440450e-01  0.000000e+00
   outer loop
     vertex -7.053862e+01  4.338758e+01  0.000000e+00
     vertex -7.058265e+01  4.340297e+01 -3.000000e+00
     vertex -7.058265e+01  4.340297e+01  0.000000e+00
   endloop
 endfacet
 facet normal  2.775416e-01  9.607136e-01  0.000000e+00
   outer loop
     vertex -7.049418e+01  4.337341e+01  0.000000e+00
     vertex -7.044937e+01  4.336047e+01 -3.000000e+00
     vertex -7.049418e+01  4.337341e+01 -3.000000e+00
   endloop
 endfacet
 facet normal  3.037934e-01  9.527379e-01  0.000000e+00
   outer loop
     vertex -7.049418e+01  4.337341e+01  0.000000e+00
     vertex -7.049418e+01  4.337341e+01 -3.000000e+00
     vertex -7.053862e+01  4.338758e+01  0.000000e+00
   endloop
 endfacet
 facet normal  2.775416e-01  9.607136e-01  0.000000e+00
   outer loop
     vertex -7.044937e+01  4.336047e+01  0.000000e+00
     vertex -7.044937e+01  4.336047e+01 -3.000000e+00
     vertex -7.049418e+01  4.337341e+01  0.000000e+00
   endloop
 endfacet
 facet normal  2.510809e-01  9.679661e-01  0.000000e+00
   outer loop
     vertex -7.040422e+01  4.334876e+01  0.000000e+00
     vertex -7.044937e+01  4.336047e+01 -3.000000e+00
     vertex -7.044937e+01  4.336047e+01  0.000000e+00
   endloop
 endfacet
 facet normal  2.510809e-01  9.679661e-01  0.000000e+00
   outer loop
     vertex -7.040422e+01  4.334876e+01  0.000000e+00
     vertex -7.040422e+01  4.334876e+01 -3.000000e+00
     vertex -7.044937e+01  4.336047e+01 -3.000000e+00
   endloop
 endfacet
 facet normal  2.244312e-01  9.744899e-01  0.000000e+00
   outer loop
     vertex -7.040422e+01  4.334876e+01  0.000000e+00
     vertex -7.035877e+01  4.333829e+01 -3.000000e+00
     vertex -7.040422e+01  4.334876e+01 -3.000000e+00
   endloop
 endfacet
 facet normal  2.244312e-01  9.744899e-01  0.000000e+00
   outer loop
     vertex -7.035877e+01  4.333829e+01  0.000000e+00
     vertex -7.035877e+01  4.333829e+01 -3.000000e+00
     vertex -7.040422e+01  4.334876e+01  0.000000e+00
   endloop
 endfacet
 facet normal  1.976125e-01  9.802802e-01  0.000000e+00
   outer loop
     vertex -7.031305e+01  4.332907e+01  0.000000e+00
     vertex -7.035877e+01  4.333829e+01 -3.000000e+00
     vertex -7.035877e+01  4.333829e+01  0.000000e+00
   endloop
 endfacet
 facet normal  1.976125e-01  9.802802e-01  0.000000e+00
   outer loop
     vertex -7.031305e+01  4.332907e+01  0.000000e+00
     vertex -7.031305e+01  4.332907e+01 -3.000000e+00
     vertex -7.035877e+01  4.333829e+01 -3.000000e+00
   endloop
 endfacet
 facet normal  1.706451e-01  9.853326e-01  0.000000e+00
   outer loop
     vertex -7.031305e+01  4.332907e+01  0.000000e+00
     vertex -7.026709e+01  4.332111e+01 -3.000000e+00
     vertex -7.031305e+01  4.332907e+01 -3.000000e+00
   endloop
 endfacet
 facet normal  1.706451e-01  9.853326e-01  0.000000e+00
   outer loop
     vertex -7.026709e+01  4.332111e+01  0.000000e+00
     vertex -7.026709e+01  4.332111e+01 -3.000000e+00
     vertex -7.031305e+01  4.332907e+01  0.000000e+00
   endloop
 endfacet
 facet normal  1.435492e-01  9.896432e-01  0.000000e+00
   outer loop
     vertex -7.026709e+01  4.332111e+01  0.000000e+00
     vertex -7.022093e+01  4.331442e+01 -3.000000e+00
     vertex -7.026709e+01  4.332111e+01 -3.000000e+00
   endloop
 endfacet
 facet normal  1.435492e-01  9.896432e-01  0.000000e+00
   outer loop
     vertex -7.022093e+01  4.331442e+01  0.000000e+00
     vertex -7.022093e+01  4.331442e+01 -3.000000e+00
     vertex -7.026709e+01  4.332111e+01  0.000000e+00
   endloop
 endfacet
 facet normal  1.163452e-01  9.932088e-01  0.000000e+00
   outer loop
     vertex -7.022093e+01  4.331442e+01  0.000000e+00
     vertex -7.017461e+01  4.330899e+01 -3.000000e+00
     vertex -7.022093e+01  4.331442e+01 -3.000000e+00
   endloop
 endfacet
 facet normal  1.163452e-01  9.932088e-01  0.000000e+00
   outer loop
     vertex -7.017461e+01  4.330899e+01  0.000000e+00
     vertex -7.017461e+01  4.330899e+01 -3.000000e+00
     vertex -7.022093e+01  4.331442e+01  0.000000e+00
   endloop
 endfacet
 facet normal  8.905371e-02  9.960268e-01  0.000000e+00
   outer loop
     vertex -7.012815e+01  4.330484e+01  0.000000e+00
     vertex -7.017461e+01  4.330899e+01 -3.000000e+00
     vertex -7.017461e+01  4.330899e+01  0.000000e+00
   endloop
 endfacet
 facet normal  8.905371e-02  9.960268e-01  0.000000e+00
   outer loop
     vertex -7.012815e+01  4.330484e+01  0.000000e+00
     vertex -7.012815e+01  4.330484e+01 -3.000000e+00
     vertex -7.017461e+01  4.330899e+01 -3.000000e+00
   endloop
 endfacet
 facet normal  6.169515e-02  9.980950e-01  0.000000e+00
   outer loop
     vertex -7.012815e+01  4.330484e+01  0.000000e+00
     vertex -7.008160e+01  4.330196e+01 -3.000000e+00
     vertex -7.012815e+01  4.330484e+01 -3.000000e+00
   endloop
 endfacet
 facet normal  6.169515e-02  9.980950e-01  0.000000e+00
   outer loop
     vertex -7.008160e+01  4.330196e+01  0.000000e+00
     vertex -7.008160e+01  4.330196e+01 -3.000000e+00
     vertex -7.012815e+01  4.330484e+01  0.000000e+00
   endloop
 endfacet
 facet normal  3.429014e-02  9.994119e-01  0.000000e+00
   outer loop
     vertex -7.003498e+01  4.330036e+01  0.000000e+00
     vertex -7.008160e+01  4.330196e+01 -3.000000e+00
     vertex -7.008160e+01  4.330196e+01  0.000000e+00
   endloop
 endfacet
 facet normal  3.429014e-02  9.994119e-01  0.000000e+00
   outer loop
     vertex -7.003498e+01  4.330036e+01  0.000000e+00
     vertex -7.003498e+01  4.330036e+01 -3.000000e+00
     vertex -7.008160e+01  4.330196e+01 -3.000000e+00
   endloop
 endfacet
 facet normal  6.859319e-03  9.999765e-01  0.000000e+00
   outer loop
     vertex -7.003498e+01  4.330036e+01  0.000000e+00
     vertex -6.998834e+01  4.330004e+01 -3.000000e+00
     vertex -7.003498e+01  4.330036e+01 -3.000000e+00
   endloop
 endfacet
 facet normal  6.859319e-03  9.999765e-01  0.000000e+00
   outer loop
     vertex -6.998834e+01  4.330004e+01  0.000000e+00
     vertex -6.998834e+01  4.330004e+01 -3.000000e+00
     vertex -7.003498e+01  4.330036e+01  0.000000e+00
   endloop
 endfacet
 facet normal -4.799716e-02  9.988475e-01  0.000000e+00
   outer loop
     vertex -6.994171e+01  4.330100e+01  0.000000e+00
     vertex -6.989512e+01  4.330324e+01 -3.000000e+00
     vertex -6.994171e+01  4.330100e+01 -3.000000e+00
   endloop
 endfacet
 facet normal -2.057667e-02  9.997883e-01  0.000000e+00
   outer loop
     vertex -6.994171e+01  4.330100e+01  0.000000e+00
     vertex -6.998834e+01  4.330004e+01 -3.000000e+00
     vertex -6.998834e+01  4.330004e+01  0.000000e+00
   endloop
 endfacet
 facet normal -2.057667e-02  9.997883e-01  0.000000e+00
   outer loop
     vertex -6.994171e+01  4.330100e+01  0.000000e+00
     vertex -6.994171e+01  4.330100e+01 -3.000000e+00
     vertex -6.998834e+01  4.330004e+01 -3.000000e+00
   endloop
 endfacet
 facet normal -4.799716e-02  9.988475e-01  0.000000e+00
   outer loop
     vertex -6.989512e+01  4.330324e+01  0.000000e+00
     vertex -6.989512e+01  4.330324e+01 -3.000000e+00
     vertex -6.994171e+01  4.330100e+01  0.000000e+00
   endloop
 endfacet
 facet normal -7.538152e-02  9.971548e-01  0.000000e+00
   outer loop
     vertex -6.984861e+01  4.330675e+01  0.000000e+00
     vertex -6.984861e+01  4.330675e+01 -3.000000e+00
     vertex -6.989512e+01  4.330324e+01 -3.000000e+00
   endloop
 endfacet
 facet normal -7.538152e-02  9.971548e-01  0.000000e+00
   outer loop
     vertex -6.984861e+01  4.330675e+01  0.000000e+00
     vertex -6.989512e+01  4.330324e+01 -3.000000e+00
     vertex -6.989512e+01  4.330324e+01  0.000000e+00
   endloop
 endfacet
 facet normal -1.027091e-01  9.947114e-01  0.000000e+00
   outer loop
     vertex -6.980221e+01  4.331154e+01  0.000000e+00
     vertex -6.980221e+01  4.331154e+01 -3.000000e+00
     vertex -6.984861e+01  4.330675e+01 -3.000000e+00
   endloop
 endfacet
 facet normal -1.027091e-01  9.947114e-01  0.000000e+00
   outer loop
     vertex -6.980221e+01  4.331154e+01  0.000000e+00
     vertex -6.984861e+01  4.330675e+01 -3.000000e+00
     vertex -6.984861e+01  4.330675e+01  0.000000e+00
   endloop
 endfacet
 facet normal -1.299594e-01  9.915193e-01  0.000000e+00
   outer loop
     vertex -6.975597e+01  4.331761e+01  0.000000e+00
     vertex -6.975597e+01  4.331761e+01 -3.000000e+00
     vertex -6.980221e+01  4.331154e+01 -3.000000e+00
   endloop
 endfacet
 facet normal -1.299594e-01  9.915193e-01  0.000000e+00
   outer loop
     vertex -6.975597e+01  4.331761e+01  0.000000e+00
     vertex -6.980221e+01  4.331154e+01 -3.000000e+00
     vertex -6.980221e+01  4.331154e+01  0.000000e+00
   endloop
 endfacet
 facet normal -1.571119e-01  9.875808e-01  0.000000e+00
   outer loop
     vertex -6.970990e+01  4.332493e+01  0.000000e+00
     vertex -6.970990e+01  4.332493e+01 -3.000000e+00
     vertex -6.975597e+01  4.331761e+01 -3.000000e+00
   endloop
 endfacet
 facet normal -1.841461e-01  9.828989e-01  0.000000e+00
   outer loop
     vertex -6.970990e+01  4.332493e+01  0.000000e+00
     vertex -6.966406e+01  4.333352e+01 -3.000000e+00
     vertex -6.970990e+01  4.332493e+01 -3.000000e+00
   endloop
 endfacet
 facet normal -1.571119e-01  9.875808e-01  0.000000e+00
   outer loop
     vertex -6.970990e+01  4.332493e+01  0.000000e+00
     vertex -6.975597e+01  4.331761e+01 -3.000000e+00
     vertex -6.975597e+01  4.331761e+01  0.000000e+00
   endloop
 endfacet
 facet normal -2.110417e-01  9.774771e-01  0.000000e+00
   outer loop
     vertex -6.966406e+01  4.333352e+01  0.000000e+00
     vertex -6.961847e+01  4.334337e+01 -3.000000e+00
     vertex -6.966406e+01  4.333352e+01 -3.000000e+00
   endloop
 endfacet
 facet normal -1.841461e-01  9.828989e-01  0.000000e+00
   outer loop
     vertex -6.966406e+01  4.333352e+01  0.000000e+00
     vertex -6.966406e+01  4.333352e+01 -3.000000e+00
     vertex -6.970990e+01  4.332493e+01  0.000000e+00
   endloop
 endfacet
 facet normal -2.377784e-01  9.713194e-01  0.000000e+00
   outer loop
     vertex -6.961847e+01  4.334337e+01  0.000000e+00
     vertex -6.957316e+01  4.335446e+01 -3.000000e+00
     vertex -6.961847e+01  4.334337e+01 -3.000000e+00
   endloop
 endfacet
 facet normal -2.110417e-01  9.774771e-01  0.000000e+00
   outer loop
     vertex -6.961847e+01  4.334337e+01  0.000000e+00
     vertex -6.961847e+01  4.334337e+01 -3.000000e+00
     vertex -6.966406e+01  4.333352e+01  0.000000e+00
   endloop
 endfacet
 facet normal -2.643362e-01  9.644306e-01  0.000000e+00
   outer loop
     vertex -6.957316e+01  4.335446e+01  0.000000e+00
     vertex -6.952818e+01  4.336679e+01 -3.000000e+00
     vertex -6.957316e+01  4.335446e+01 -3.000000e+00
   endloop
 endfacet
 facet normal -2.377784e-01  9.713194e-01  0.000000e+00
   outer loop
     vertex -6.957316e+01  4.335446e+01  0.000000e+00
     vertex -6.957316e+01  4.335446e+01 -3.000000e+00
     vertex -6.961847e+01  4.334337e+01  0.000000e+00
   endloop
 endfacet
 facet normal -2.643362e-01  9.644306e-01  0.000000e+00
   outer loop
     vertex -6.952818e+01  4.336679e+01  0.000000e+00
     vertex -6.952818e+01  4.336679e+01 -3.000000e+00
     vertex -6.957316e+01  4.335446e+01  0.000000e+00
   endloop
 endfacet
 facet normal -2.906949e-01  9.568158e-01  0.000000e+00
   outer loop
     vertex -6.948355e+01  4.338035e+01  0.000000e+00
     vertex -6.948355e+01  4.338035e+01 -3.000000e+00
     vertex -6.952818e+01  4.336679e+01 -3.000000e+00
   endloop
 endfacet
 facet normal -2.906949e-01  9.568158e-01  0.000000e+00
   outer loop
     vertex -6.948355e+01  4.338035e+01  0.000000e+00
     vertex -6.952818e+01  4.336679e+01 -3.000000e+00
     vertex -6.952818e+01  4.336679e+01  0.000000e+00
   endloop
 endfacet
 facet normal -3.168348e-01  9.484807e-01  0.000000e+00
   outer loop
     vertex -6.943931e+01  4.339512e+01  0.000000e+00
     vertex -6.943931e+01  4.339512e+01 -3.000000e+00
     vertex -6.948355e+01  4.338035e+01 -3.000000e+00
   endloop
 endfacet
 facet normal -3.427362e-01  9.394317e-01  0.000000e+00
   outer loop
     vertex -6.943931e+01  4.339512e+01  0.000000e+00
     vertex -6.939549e+01  4.341111e+01 -3.000000e+00
     vertex -6.943931e+01  4.339512e+01 -3.000000e+00
   endloop
 endfacet
 facet normal -3.168348e-01  9.484807e-01  0.000000e+00
   outer loop
     vertex -6.943931e+01  4.339512e+01  0.000000e+00
     vertex -6.948355e+01  4.338035e+01 -3.000000e+00
     vertex -6.948355e+01  4.338035e+01  0.000000e+00
   endloop
 endfacet
 facet normal -3.427362e-01  9.394317e-01  0.000000e+00
   outer loop
     vertex -6.939549e+01  4.341111e+01  0.000000e+00
     vertex -6.939549e+01  4.341111e+01 -3.000000e+00
     vertex -6.943931e+01  4.339512e+01  0.000000e+00
   endloop
 endfacet
 facet normal -3.683796e-01  9.296754e-01  0.000000e+00
   outer loop
     vertex -6.935213e+01  4.342829e+01  0.000000e+00
     vertex -6.935213e+01  4.342829e+01 -3.000000e+00
     vertex -6.939549e+01  4.341111e+01 -3.000000e+00
   endloop
 endfacet
 facet normal -3.683796e-01  9.296754e-01  0.000000e+00
   outer loop
     vertex -6.935213e+01  4.342829e+01  0.000000e+00
     vertex -6.939549e+01  4.341111e+01 -3.000000e+00
     vertex -6.939549e+01  4.341111e+01  0.000000e+00
   endloop
 endfacet
 facet normal -3.937458e-01  9.192194e-01  0.000000e+00
   outer loop
     vertex -6.930926e+01  4.344666e+01  0.000000e+00
     vertex -6.935213e+01  4.342829e+01 -3.000000e+00
     vertex -6.935213e+01  4.342829e+01  0.000000e+00
   endloop
 endfacet
 facet normal -3.937458e-01  9.192194e-01  0.000000e+00
   outer loop
     vertex -6.930926e+01  4.344666e+01  0.000000e+00
     vertex -6.930926e+01  4.344666e+01 -3.000000e+00
     vertex -6.935213e+01  4.342829e+01 -3.000000e+00
   endloop
 endfacet
 facet normal -4.188155e-01  9.080714e-01  0.000000e+00
   outer loop
     vertex -6.930926e+01  4.344666e+01  0.000000e+00
     vertex -6.926690e+01  4.346619e+01 -3.000000e+00
     vertex -6.930926e+01  4.344666e+01 -3.000000e+00
   endloop
 endfacet
 facet normal -4.188155e-01  9.080714e-01  0.000000e+00
   outer loop
     vertex -6.926690e+01  4.346619e+01  0.000000e+00
     vertex -6.926690e+01  4.346619e+01 -3.000000e+00
     vertex -6.930926e+01  4.344666e+01  0.000000e+00
   endloop
 endfacet
 facet normal -4.435699e-01  8.962398e-01  0.000000e+00
   outer loop
     vertex -6.922510e+01  4.348688e+01  0.000000e+00
     vertex -6.922510e+01  4.348688e+01 -3.000000e+00
     vertex -6.926690e+01  4.346619e+01 -3.000000e+00
   endloop
 endfacet
 facet normal -4.679904e-01  8.837335e-01  0.000000e+00
   outer loop
     vertex -6.922510e+01  4.348688e+01  0.000000e+00
     vertex -6.918388e+01  4.350871e+01 -3.000000e+00
     vertex -6.922510e+01  4.348688e+01 -3.000000e+00
   endloop
 endfacet
 facet normal -4.435699e-01  8.962398e-01  0.000000e+00
   outer loop
     vertex -6.922510e+01  4.348688e+01  0.000000e+00
     vertex -6.926690e+01  4.346619e+01 -3.000000e+00
     vertex -6.926690e+01  4.346619e+01  0.000000e+00
   endloop
 endfacet
 facet normal -4.679904e-01  8.837335e-01  0.000000e+00
   outer loop
     vertex -6.918388e+01  4.350871e+01  0.000000e+00
     vertex -6.918388e+01  4.350871e+01 -3.000000e+00
     vertex -6.922510e+01  4.348688e+01  0.000000e+00
   endloop
 endfacet
 facet normal -4.920587e-01  8.705620e-01  0.000000e+00
   outer loop
     vertex -6.918388e+01  4.350871e+01  0.000000e+00
     vertex -6.914328e+01  4.353166e+01 -3.000000e+00
     vertex -6.918388e+01  4.350871e+01 -3.000000e+00
   endloop
 endfacet
 facet normal -4.920587e-01  8.705620e-01  0.000000e+00
   outer loop
     vertex -6.914328e+01  4.353166e+01  0.000000e+00
     vertex -6.914328e+01  4.353166e+01 -3.000000e+00
     vertex -6.918388e+01  4.350871e+01  0.000000e+00
   endloop
 endfacet
 facet normal -5.157565e-01  8.567352e-01  0.000000e+00
   outer loop
     vertex -6.914328e+01  4.353166e+01  0.000000e+00
     vertex -6.910332e+01  4.355572e+01 -3.000000e+00
     vertex -6.914328e+01  4.353166e+01 -3.000000e+00
   endloop
 endfacet
 facet normal -5.157565e-01  8.567352e-01  0.000000e+00
   outer loop
     vertex -6.910332e+01  4.355572e+01  0.000000e+00
     vertex -6.910332e+01  4.355572e+01 -3.000000e+00
     vertex -6.914328e+01  4.353166e+01  0.000000e+00
   endloop
 endfacet
 facet normal -5.390661e-01  8.422635e-01  0.000000e+00
   outer loop
     vertex -6.906403e+01  4.358086e+01  0.000000e+00
     vertex -6.906403e+01  4.358086e+01 -3.000000e+00
     vertex -6.910332e+01  4.355572e+01 -3.000000e+00
   endloop
 endfacet
 facet normal -5.390661e-01  8.422635e-01  0.000000e+00
   outer loop
     vertex -6.906403e+01  4.358086e+01  0.000000e+00
     vertex -6.910332e+01  4.355572e+01 -3.000000e+00
     vertex -6.910332e+01  4.355572e+01  0.000000e+00
   endloop
 endfacet
 facet normal -5.619699e-01  8.271577e-01  0.000000e+00
   outer loop
     vertex -6.902545e+01  4.360707e+01  0.000000e+00
     vertex -6.902545e+01  4.360707e+01 -3.000000e+00
     vertex -6.906403e+01  4.358086e+01 -3.000000e+00
   endloop
 endfacet
 facet normal -5.844507e-01  8.114292e-01  0.000000e+00
   outer loop
     vertex -6.902545e+01  4.360707e+01  0.000000e+00
     vertex -6.898760e+01  4.363433e+01 -3.000000e+00
     vertex -6.902545e+01  4.360707e+01 -3.000000e+00
   endloop
 endfacet
 facet normal -5.619699e-01  8.271577e-01  0.000000e+00
   outer loop
     vertex -6.902545e+01  4.360707e+01  0.000000e+00
     vertex -6.906403e+01  4.358086e+01 -3.000000e+00
     vertex -6.906403e+01  4.358086e+01  0.000000e+00
   endloop
 endfacet
 facet normal -5.844507e-01  8.114292e-01  0.000000e+00
   outer loop
     vertex -6.898760e+01  4.363433e+01  0.000000e+00
     vertex -6.898760e+01  4.363433e+01 -3.000000e+00
     vertex -6.902545e+01  4.360707e+01  0.000000e+00
   endloop
 endfacet
 facet normal -6.064915e-01  7.950900e-01  0.000000e+00
   outer loop
     vertex -6.895052e+01  4.366262e+01  0.000000e+00
     vertex -6.895052e+01  4.366262e+01 -3.000000e+00
     vertex -6.898760e+01  4.363433e+01 -3.000000e+00
   endloop
 endfacet
 facet normal -6.280757e-01  7.781522e-01  0.000000e+00
   outer loop
     vertex -6.895052e+01  4.366262e+01  0.000000e+00
     vertex -6.891422e+01  4.369191e+01 -3.000000e+00
     vertex -6.895052e+01  4.366262e+01 -3.000000e+00
   endloop
 endfacet
 facet normal -6.064915e-01  7.950900e-01  0.000000e+00
   outer loop
     vertex -6.895052e+01  4.366262e+01  0.000000e+00
     vertex -6.898760e+01  4.363433e+01 -3.000000e+00
     vertex -6.898760e+01  4.363433e+01  0.000000e+00
   endloop
 endfacet
 facet normal -6.280757e-01  7.781522e-01  0.000000e+00
   outer loop
     vertex -6.891422e+01  4.369191e+01  0.000000e+00
     vertex -6.891422e+01  4.369191e+01 -3.000000e+00
     vertex -6.895052e+01  4.366262e+01  0.000000e+00
   endloop
 endfacet
 facet normal -6.491872e-01  7.606287e-01  0.000000e+00
   outer loop
     vertex -6.891422e+01  4.369191e+01  0.000000e+00
     vertex -6.887875e+01  4.372219e+01 -3.000000e+00
     vertex -6.891422e+01  4.369191e+01 -3.000000e+00
   endloop
 endfacet
 facet normal -6.491872e-01  7.606287e-01  0.000000e+00
   outer loop
     vertex -6.887875e+01  4.372219e+01  0.000000e+00
     vertex -6.887875e+01  4.372219e+01 -3.000000e+00
     vertex -6.891422e+01  4.369191e+01  0.000000e+00
   endloop
 endfacet
 facet normal -6.698100e-01  7.425325e-01  0.000000e+00
   outer loop
     vertex -6.884411e+01  4.375343e+01  0.000000e+00
     vertex -6.884411e+01  4.375343e+01 -3.000000e+00
     vertex -6.887875e+01  4.372219e+01 -3.000000e+00
   endloop
 endfacet
 facet normal -6.698100e-01  7.425325e-01  0.000000e+00
   outer loop
     vertex -6.884411e+01  4.375343e+01  0.000000e+00
     vertex -6.887875e+01  4.372219e+01 -3.000000e+00
     vertex -6.887875e+01  4.372219e+01  0.000000e+00
   endloop
 endfacet
 facet normal -6.899286e-01  7.238775e-01  0.000000e+00
   outer loop
     vertex -6.881035e+01  4.378561e+01  0.000000e+00
     vertex -6.881035e+01  4.378561e+01 -3.000000e+00
     vertex -6.884411e+01  4.375343e+01 -3.000000e+00
   endloop
 endfacet
 facet normal -6.899286e-01  7.238775e-01  0.000000e+00
   outer loop
     vertex -6.881035e+01  4.378561e+01  0.000000e+00
     vertex -6.884411e+01  4.375343e+01 -3.000000e+00
     vertex -6.884411e+01  4.375343e+01  0.000000e+00
   endloop
 endfacet
 facet normal -7.095278e-01  7.046775e-01  0.000000e+00
   outer loop
     vertex -6.877748e+01  4.381871e+01  0.000000e+00
     vertex -6.877748e+01  4.381871e+01 -3.000000e+00
     vertex -6.881035e+01  4.378561e+01 -3.000000e+00
   endloop
 endfacet
 facet normal -7.095278e-01  7.046775e-01  0.000000e+00
   outer loop
     vertex -6.877748e+01  4.381871e+01  0.000000e+00
     vertex -6.881035e+01  4.378561e+01 -3.000000e+00
     vertex -6.881035e+01  4.378561e+01  0.000000e+00
   endloop
 endfacet
 facet normal -7.285929e-01  6.849470e-01  0.000000e+00
   outer loop
     vertex -6.874553e+01  4.385269e+01  0.000000e+00
     vertex -6.874553e+01  4.385269e+01 -3.000000e+00
     vertex -6.877748e+01  4.381871e+01 -3.000000e+00
   endloop
 endfacet
 facet normal -7.285929e-01  6.849470e-01  0.000000e+00
   outer loop
     vertex -6.874553e+01  4.385269e+01  0.000000e+00
     vertex -6.877748e+01  4.381871e+01 -3.000000e+00
     vertex -6.877748e+01  4.381871e+01  0.000000e+00
   endloop
 endfacet
 facet normal -7.471095e-01  6.647010e-01  0.000000e+00
   outer loop
     vertex -6.871453e+01  4.388754e+01  0.000000e+00
     vertex -6.871453e+01  4.388754e+01 -3.000000e+00
     vertex -6.874553e+01  4.385269e+01 -3.000000e+00
   endloop
 endfacet
 facet normal -7.471095e-01  6.647010e-01  0.000000e+00
   outer loop
     vertex -6.871453e+01  4.388754e+01  0.000000e+00
     vertex -6.874553e+01  4.385269e+01 -3.000000e+00
     vertex -6.874553e+01  4.385269e+01  0.000000e+00
   endloop
 endfacet
 facet normal -7.650637e-01  6.439545e-01  0.000000e+00
   outer loop
     vertex -6.868450e+01  4.392322e+01  0.000000e+00
     vertex -6.868450e+01  4.392322e+01 -3.000000e+00
     vertex -6.871453e+01  4.388754e+01 -3.000000e+00
   endloop
 endfacet
 facet normal -7.650637e-01  6.439545e-01  0.000000e+00
   outer loop
     vertex -6.868450e+01  4.392322e+01  0.000000e+00
     vertex -6.871453e+01  4.388754e+01 -3.000000e+00
     vertex -6.871453e+01  4.388754e+01  0.000000e+00
   endloop
 endfacet
 facet normal -7.824421e-01  6.227234e-01  0.000000e+00
   outer loop
     vertex -6.865545e+01  4.395972e+01  0.000000e+00
     vertex -6.865545e+01  4.395972e+01 -3.000000e+00
     vertex -6.868450e+01  4.392322e+01 -3.000000e+00
   endloop
 endfacet
 facet normal -7.824421e-01  6.227234e-01  0.000000e+00
   outer loop
     vertex -6.865545e+01  4.395972e+01  0.000000e+00
     vertex -6.868450e+01  4.392322e+01 -3.000000e+00
     vertex -6.868450e+01  4.392322e+01  0.000000e+00
   endloop
 endfacet
 facet normal -7.992314e-01  6.010234e-01  0.000000e+00
   outer loop
     vertex -6.862742e+01  4.399700e+01  0.000000e+00
     vertex -6.862742e+01  4.399700e+01 -3.000000e+00
     vertex -6.865545e+01  4.395972e+01 -3.000000e+00
   endloop
 endfacet
 facet normal -7.992314e-01  6.010234e-01  0.000000e+00
   outer loop
     vertex -6.862742e+01  4.399700e+01  0.000000e+00
     vertex -6.865545e+01  4.395972e+01 -3.000000e+00
     vertex -6.865545e+01  4.395972e+01  0.000000e+00
   endloop
 endfacet
 facet normal -8.154191e-01  5.788711e-01  0.000000e+00
   outer loop
     vertex -6.860042e+01  4.403503e+01  0.000000e+00
     vertex -6.860042e+01  4.403503e+01 -3.000000e+00
     vertex -6.862742e+01  4.399700e+01 -3.000000e+00
   endloop
 endfacet
 facet normal -8.309929e-01  5.562829e-01  0.000000e+00
   outer loop
     vertex -6.860042e+01  4.403503e+01  0.000000e+00
     vertex -6.857447e+01  4.407379e+01 -3.000000e+00
     vertex -6.860042e+01  4.403503e+01 -3.000000e+00
   endloop
 endfacet
 facet normal -8.154191e-01  5.788711e-01  0.000000e+00
   outer loop
     vertex -6.860042e+01  4.403503e+01  0.000000e+00
     vertex -6.862742e+01  4.399700e+01 -3.000000e+00
     vertex -6.862742e+01  4.399700e+01  0.000000e+00
   endloop
 endfacet
 facet normal -8.309929e-01  5.562829e-01  0.000000e+00
   outer loop
     vertex -6.857447e+01  4.407379e+01  0.000000e+00
     vertex -6.857447e+01  4.407379e+01 -3.000000e+00
     vertex -6.860042e+01  4.403503e+01  0.000000e+00
   endloop
 endfacet
 facet normal -8.459413e-01  5.332761e-01  0.000000e+00
   outer loop
     vertex -6.854960e+01  4.411324e+01  0.000000e+00
     vertex -6.854960e+01  4.411324e+01 -3.000000e+00
     vertex -6.857447e+01  4.407379e+01 -3.000000e+00
   endloop
 endfacet
 facet normal -8.602528e-01  5.098678e-01  0.000000e+00
   outer loop
     vertex -6.854960e+01  4.411324e+01  0.000000e+00
     vertex -6.852582e+01  4.415337e+01 -3.000000e+00
     vertex -6.854960e+01  4.411324e+01 -3.000000e+00
   endloop
 endfacet
 facet normal -8.459413e-01  5.332761e-01  0.000000e+00
   outer loop
     vertex -6.854960e+01  4.411324e+01  0.000000e+00
     vertex -6.857447e+01  4.407379e+01 -3.000000e+00
     vertex -6.857447e+01  4.407379e+01  0.000000e+00
   endloop
 endfacet
 facet normal -8.602528e-01  5.098678e-01  0.000000e+00
   outer loop
     vertex -6.852582e+01  4.415337e+01  0.000000e+00
     vertex -6.852582e+01  4.415337e+01 -3.000000e+00
     vertex -6.854960e+01  4.411324e+01  0.000000e+00
   endloop
 endfacet
 facet normal -8.739167e-01  4.860756e-01  0.000000e+00
   outer loop
     vertex -6.850315e+01  4.419413e+01  0.000000e+00
     vertex -6.850315e+01  4.419413e+01 -3.000000e+00
     vertex -6.852582e+01  4.415337e+01 -3.000000e+00
   endloop
 endfacet
 facet normal -8.739167e-01  4.860756e-01  0.000000e+00
   outer loop
     vertex -6.850315e+01  4.419413e+01  0.000000e+00
     vertex -6.852582e+01  4.415337e+01 -3.000000e+00
     vertex -6.852582e+01  4.415337e+01  0.000000e+00
   endloop
 endfacet
 facet normal -8.869228e-01  4.619176e-01  0.000000e+00
   outer loop
     vertex -6.848160e+01  4.423550e+01  0.000000e+00
     vertex -6.850315e+01  4.419413e+01 -3.000000e+00
     vertex -6.850315e+01  4.419413e+01  0.000000e+00
   endloop
 endfacet
 facet normal -8.869228e-01  4.619176e-01  0.000000e+00
   outer loop
     vertex -6.848160e+01  4.423550e+01  0.000000e+00
     vertex -6.848160e+01  4.423550e+01 -3.000000e+00
     vertex -6.850315e+01  4.419413e+01 -3.000000e+00
   endloop
 endfacet
 facet normal -8.992613e-01  4.374119e-01  0.000000e+00
   outer loop
     vertex -6.848160e+01  4.423550e+01  0.000000e+00
     vertex -6.846120e+01  4.427744e+01 -3.000000e+00
     vertex -6.848160e+01  4.423550e+01 -3.000000e+00
   endloop
 endfacet
 facet normal -8.992613e-01  4.374119e-01  0.000000e+00
   outer loop
     vertex -6.846120e+01  4.427744e+01  0.000000e+00
     vertex -6.846120e+01  4.427744e+01 -3.000000e+00
     vertex -6.848160e+01  4.423550e+01  0.000000e+00
   endloop
 endfacet
 facet normal -9.109228e-01  4.125769e-01  0.000000e+00
   outer loop
     vertex -6.844196e+01  4.431993e+01  0.000000e+00
     vertex -6.846120e+01  4.427744e+01 -3.000000e+00
     vertex -6.846120e+01  4.427744e+01  0.000000e+00
   endloop
 endfacet
 facet normal -9.109228e-01  4.125769e-01  0.000000e+00
   outer loop
     vertex -6.844196e+01  4.431993e+01  0.000000e+00
     vertex -6.844196e+01  4.431993e+01 -3.000000e+00
     vertex -6.846120e+01  4.427744e+01 -3.000000e+00
   endloop
 endfacet
 facet normal -9.218986e-01  3.874313e-01  0.000000e+00
   outer loop
     vertex -6.842388e+01  4.436293e+01  0.000000e+00
     vertex -6.844196e+01  4.431993e+01 -3.000000e+00
     vertex -6.844196e+01  4.431993e+01  0.000000e+00
   endloop
 endfacet
 facet normal -9.218986e-01  3.874313e-01  0.000000e+00
   outer loop
     vertex -6.842388e+01  4.436293e+01  0.000000e+00
     vertex -6.842388e+01  4.436293e+01 -3.000000e+00
     vertex -6.844196e+01  4.431993e+01 -3.000000e+00
   endloop
 endfacet
 facet normal -9.321804e-01  3.619940e-01  0.000000e+00
   outer loop
     vertex -6.840700e+01  4.440641e+01  0.000000e+00
     vertex -6.842388e+01  4.436293e+01 -3.000000e+00
     vertex -6.842388e+01  4.436293e+01  0.000000e+00
   endloop
 endfacet
 facet normal -9.321804e-01  3.619940e-01  0.000000e+00
   outer loop
     vertex -6.840700e+01  4.440641e+01  0.000000e+00
     vertex -6.840700e+01  4.440641e+01 -3.000000e+00
     vertex -6.842388e+01  4.436293e+01 -3.000000e+00
   endloop
 endfacet
 facet normal -9.417605e-01  3.362843e-01  0.000000e+00
   outer loop
     vertex -6.839132e+01  4.445033e+01  0.000000e+00
     vertex -6.840700e+01  4.440641e+01 -3.000000e+00
     vertex -6.840700e+01  4.440641e+01  0.000000e+00
   endloop
 endfacet
 facet normal -9.417605e-01  3.362843e-01  0.000000e+00
   outer loop
     vertex -6.839132e+01  4.445033e+01  0.000000e+00
     vertex -6.839132e+01  4.445033e+01 -3.000000e+00
     vertex -6.840700e+01  4.440641e+01 -3.000000e+00
   endloop
 endfacet
 facet normal -9.506317e-01  3.103214e-01  0.000000e+00
   outer loop
     vertex -6.837684e+01  4.449467e+01  0.000000e+00
     vertex -6.839132e+01  4.445033e+01 -3.000000e+00
     vertex -6.839132e+01  4.445033e+01  0.000000e+00
   endloop
 endfacet
 facet normal -9.506317e-01  3.103214e-01  0.000000e+00
   outer loop
     vertex -6.837684e+01  4.449467e+01  0.000000e+00
     vertex -6.837684e+01  4.449467e+01 -3.000000e+00
     vertex -6.839132e+01  4.445033e+01 -3.000000e+00
   endloop
 endfacet
 facet normal -9.587873e-01  2.841250e-01  0.000000e+00
   outer loop
     vertex -6.837684e+01  4.449467e+01  0.000000e+00
     vertex -6.836359e+01  4.453939e+01 -3.000000e+00
     vertex -6.837684e+01  4.449467e+01 -3.000000e+00
   endloop
 endfacet
 facet normal -9.587873e-01  2.841250e-01  0.000000e+00
   outer loop
     vertex -6.836359e+01  4.453939e+01  0.000000e+00
     vertex -6.836359e+01  4.453939e+01 -3.000000e+00
     vertex -6.837684e+01  4.449467e+01  0.000000e+00
   endloop
 endfacet
 facet normal -9.662211e-01  2.577146e-01  0.000000e+00
   outer loop
     vertex -6.835157e+01  4.458446e+01  0.000000e+00
     vertex -6.836359e+01  4.453939e+01 -3.000000e+00
     vertex -6.836359e+01  4.453939e+01  0.000000e+00
   endloop
 endfacet
 facet normal -9.662211e-01  2.577146e-01  0.000000e+00
   outer loop
     vertex -6.835157e+01  4.458446e+01  0.000000e+00
     vertex -6.835157e+01  4.458446e+01 -3.000000e+00
     vertex -6.836359e+01  4.453939e+01 -3.000000e+00
   endloop
 endfacet
 facet normal -9.729276e-01  2.311102e-01  0.000000e+00
   outer loop
     vertex -6.834079e+01  4.462984e+01  0.000000e+00
     vertex -6.835157e+01  4.458446e+01 -3.000000e+00
     vertex -6.835157e+01  4.458446e+01  0.000000e+00
   endloop
 endfacet
 facet normal -9.729276e-01  2.311102e-01  0.000000e+00
   outer loop
     vertex -6.834079e+01  4.462984e+01  0.000000e+00
     vertex -6.834079e+01  4.462984e+01 -3.000000e+00
     vertex -6.835157e+01  4.458446e+01 -3.000000e+00
   endloop
 endfacet
 facet normal -9.789017e-01  2.043319e-01  0.000000e+00
   outer loop
     vertex -6.833126e+01  4.467550e+01  0.000000e+00
     vertex -6.834079e+01  4.462984e+01 -3.000000e+00
     vertex -6.834079e+01  4.462984e+01  0.000000e+00
   endloop
 endfacet
 facet normal -9.789017e-01  2.043319e-01  0.000000e+00
   outer loop
     vertex -6.833126e+01  4.467550e+01  0.000000e+00
     vertex -6.833126e+01  4.467550e+01 -3.000000e+00
     vertex -6.834079e+01  4.462984e+01 -3.000000e+00
   endloop
 endfacet
 facet normal -9.841389e-01  1.773998e-01  0.000000e+00
   outer loop
     vertex -6.832298e+01  4.472140e+01  0.000000e+00
     vertex -6.833126e+01  4.467550e+01 -3.000000e+00
     vertex -6.833126e+01  4.467550e+01  0.000000e+00
   endloop
 endfacet
 facet normal -9.841389e-01  1.773998e-01  0.000000e+00
   outer loop
     vertex -6.832298e+01  4.472140e+01  0.000000e+00
     vertex -6.832298e+01  4.472140e+01 -3.000000e+00
     vertex -6.833126e+01  4.467550e+01 -3.000000e+00
   endloop
 endfacet
 facet normal -9.886353e-01  1.503341e-01  0.000000e+00
   outer loop
     vertex -6.831597e+01  4.476751e+01  0.000000e+00
     vertex -6.832298e+01  4.472140e+01 -3.000000e+00
     vertex -6.832298e+01  4.472140e+01  0.000000e+00
   endloop
 endfacet
 facet normal -9.886353e-01  1.503341e-01  0.000000e+00
   outer loop
     vertex -6.831597e+01  4.476751e+01  0.000000e+00
     vertex -6.831597e+01  4.476751e+01 -3.000000e+00
     vertex -6.832298e+01  4.472140e+01 -3.000000e+00
   endloop
 endfacet
 facet normal -9.923874e-01  1.231552e-01  0.000000e+00
   outer loop
     vertex -6.831597e+01  4.476751e+01  0.000000e+00
     vertex -6.831023e+01  4.481380e+01 -3.000000e+00
     vertex -6.831597e+01  4.476751e+01 -3.000000e+00
   endloop
 endfacet
 facet normal -9.923874e-01  1.231552e-01  0.000000e+00
   outer loop
     vertex -6.831023e+01  4.481380e+01  0.000000e+00
     vertex -6.831023e+01  4.481380e+01 -3.000000e+00
     vertex -6.831597e+01  4.476751e+01  0.000000e+00
   endloop
 endfacet
 facet normal -9.953925e-01  9.588368e-02  0.000000e+00
   outer loop
     vertex -6.830576e+01  4.486023e+01  0.000000e+00
     vertex -6.830576e+01  4.486023e+01 -3.000000e+00
     vertex -6.831023e+01  4.481380e+01 -3.000000e+00
   endloop
 endfacet
 facet normal -9.976484e-01  6.853995e-02  0.000000e+00
   outer loop
     vertex -6.830576e+01  4.486023e+01  0.000000e+00
     vertex -6.830256e+01  4.490676e+01 -3.000000e+00
     vertex -6.830576e+01  4.486023e+01 -3.000000e+00
   endloop
 endfacet
 facet normal -9.953925e-01  9.588368e-02  0.000000e+00
   outer loop
     vertex -6.830576e+01  4.486023e+01  0.000000e+00
     vertex -6.831023e+01  4.481380e+01 -3.000000e+00
     vertex -6.831023e+01  4.481380e+01  0.000000e+00
   endloop
 endfacet
 facet normal -9.976484e-01  6.853995e-02  0.000000e+00
   outer loop
     vertex -6.830256e+01  4.490676e+01  0.000000e+00
     vertex -6.830256e+01  4.490676e+01 -3.000000e+00
     vertex -6.830576e+01  4.486023e+01  0.000000e+00
   endloop
 endfacet
 facet normal -9.991532e-01  4.114462e-02  0.000000e+00
   outer loop
     vertex -6.830064e+01  4.495336e+01  0.000000e+00
     vertex -6.830064e+01  4.495336e+01 -3.000000e+00
     vertex -6.830256e+01  4.490676e+01 -3.000000e+00
   endloop
 endfacet
 facet normal -9.991532e-01  4.114462e-02  0.000000e+00
   outer loop
     vertex -6.830064e+01  4.495336e+01  0.000000e+00
     vertex -6.830256e+01  4.490676e+01 -3.000000e+00
     vertex -6.830256e+01  4.490676e+01  0.000000e+00
   endloop
 endfacet
 facet normal -9.999059e-01  1.371831e-02  0.000000e+00
   outer loop
     vertex -6.830000e+01  4.500000e+01  0.000000e+00
     vertex -6.830000e+01  4.500000e+01 -3.000000e+00
     vertex -6.830064e+01  4.495336e+01 -3.000000e+00
   endloop
 endfacet
 facet normal -9.999059e-01  1.371831e-02  0.000000e+00
   outer loop
     vertex -6.830000e+01  4.500000e+01  0.000000e+00
     vertex -6.830064e+01  4.495336e+01 -3.000000e+00
     vertex -6.830064e+01  4.495336e+01  0.000000e+00
   endloop
 endfacet
 facet normal -9.999059e-01 -1.371831e-02  0.000000e+00
   outer loop
     vertex  7.169936e+01  4.504664e+01  0.000000e+00
     vertex  7.170000e+01  4.500000e+01 -3.000000e+00
     vertex  7.170000e+01  4.500000e+01  0.000000e+00
   endloop
 endfacet
 facet normal -9.999059e-01 -1.371831e-02 -0.000000e+00
   outer loop
     vertex  7.169936e+01  4.504664e+01  0.000000e+00
     vertex  7.169936e+01  4.504664e+01 -3.000000e+00
     vertex  7.170000e+01  4.500000e+01 -3.000000e+00
   endloop
 endfacet
 facet normal -9.991532e-01 -4.114462e-02 -0.000000e+00
   outer loop
     vertex  7.169744e+01  4.509324e+01  0.000000e+00
     vertex  7.169744e+01  4.509324e+01 -3.000000e+00
     vertex  7.169936e+01  4.504664e+01 -3.000000e+00
   endloop
 endfacet
 facet normal -9.991532e-01 -4.114462e-02  0.000000e+00
   outer loop
     vertex  7.169744e+01  4.509324e+01  0.000000e+00
     vertex  7.169936e+01  4.504664e+01 -3.000000e+00
     vertex  7.169936e+01  4.504664e+01  0.000000e+00
   endloop
 endfacet
 facet normal -9.976484e-01 -6.853995e-02 -0.000000e+00
   outer loop
     vertex  7.169424e+01  4.513977e+01  0.000000e+00
     vertex  7.169424e+01  4.513977e+01 -3.000000e+00
     vertex  7.169744e+01  4.509324e+01 -3.000000e+00
   endloop
 endfacet
 facet normal -9.976484e-01 -6.853995e-02  0.000000e+00
   outer loop
     vertex  7.169424e+01  4.513977e+01  0.000000e+00
     vertex  7.169744e+01  4.509324e+01 -3.000000e+00
     vertex  7.169744e+01  4.509324e+01  0.000000e+00
   endloop
 endfacet
 facet normal -9.953925e-01 -9.588368e-02 -0.000000e+00
   outer loop
     vertex  7.168977e+01  4.518620e+01  0.000000e+00
     vertex  7.168977e+01  4.518620e+01 -3.000000e+00
     vertex  7.169424e+01  4.513977e+01 -3.000000e+00
   endloop
 endfacet
 facet normal -9.953925e-01 -9.588368e-02  0.000000e+00
   outer loop
     vertex  7.168977e+01  4.518620e+01  0.000000e+00
     vertex  7.169424e+01  4.513977e+01 -3.000000e+00
     vertex  7.169424e+01  4.513977e+01  0.000000e+00
   endloop
 endfacet
 facet normal -9.923874e-01 -1.231552e-01 -0.000000e+00
   outer loop
     vertex  7.168403e+01  4.523249e+01  0.000000e+00
     vertex  7.168403e+01  4.523249e+01 -3.000000e+00
     vertex  7.168977e+01  4.518620e+01 -3.000000e+00
   endloop
 endfacet
 facet normal -9.923874e-01 -1.231552e-01  0.000000e+00
   outer loop
     vertex  7.168403e+01  4.523249e+01  0.000000e+00
     vertex  7.168977e+01  4.518620e+01 -3.000000e+00
     vertex  7.168977e+01  4.518620e+01  0.000000e+00
   endloop
 endfacet
 facet normal -9.886353e-01 -1.503341e-01 -0.000000e+00
   outer loop
     vertex  7.167702e+01  4.527860e+01  0.000000e+00
     vertex  7.167702e+01  4.527860e+01 -3.000000e+00
     vertex  7.168403e+01  4.523249e+01 -3.000000e+00
   endloop
 endfacet
 facet normal -9.841389e-01 -1.773998e-01 -0.000000e+00
   outer loop
     vertex  7.167702e+01  4.527860e+01  0.000000e+00
     vertex  7.166874e+01  4.532450e+01 -3.000000e+00
     vertex  7.167702e+01  4.527860e+01 -3.000000e+00
   endloop
 endfacet
 facet normal -9.886353e-01 -1.503341e-01  0.000000e+00
   outer loop
     vertex  7.167702e+01  4.527860e+01  0.000000e+00
     vertex  7.168403e+01  4.523249e+01 -3.000000e+00
     vertex  7.168403e+01  4.523249e+01  0.000000e+00
   endloop
 endfacet
 facet normal -9.841389e-01 -1.773998e-01 -0.000000e+00
   outer loop
     vertex  7.166874e+01  4.532450e+01  0.000000e+00
     vertex  7.166874e+01  4.532450e+01 -3.000000e+00
     vertex  7.167702e+01  4.527860e+01  0.000000e+00
   endloop
 endfacet
 facet normal -9.789017e-01 -2.043319e-01 -0.000000e+00
   outer loop
     vertex  7.165921e+01  4.537016e+01  0.000000e+00
     vertex  7.165921e+01  4.537016e+01 -3.000000e+00
     vertex  7.166874e+01  4.532450e+01 -3.000000e+00
   endloop
 endfacet
 facet normal -9.789017e-01 -2.043319e-01  0.000000e+00
   outer loop
     vertex  7.165921e+01  4.537016e+01  0.000000e+00
     vertex  7.166874e+01  4.532450e+01 -3.000000e+00
     vertex  7.166874e+01  4.532450e+01  0.000000e+00
   endloop
 endfacet
 facet normal -9.729276e-01 -2.311102e-01 -0.000000e+00
   outer loop
     vertex  7.164843e+01  4.541554e+01  0.000000e+00
     vertex  7.164843e+01  4.541554e+01 -3.000000e+00
     vertex  7.165921e+01  4.537016e+01 -3.000000e+00
   endloop
 endfacet
 facet normal -9.729276e-01 -2.311102e-01  0.000000e+00
   outer loop
     vertex  7.164843e+01  4.541554e+01  0.000000e+00
     vertex  7.165921e+01  4.537016e+01 -3.000000e+00
     vertex  7.165921e+01  4.537016e+01  0.000000e+00
   endloop
 endfacet
 facet normal -9.662211e-01 -2.577146e-01  0.000000e+00
   outer loop
     vertex  7.163641e+01  4.546061e+01  0.000000e+00
     vertex  7.164843e+01  4.541554e+01 -3.000000e+00
     vertex  7.164843e+01  4.541554e+01  0.000000e+00
   endloop
 endfacet
 facet normal -9.662211e-01 -2.577146e-01 -0.000000e+00
   outer loop
     vertex  7.163641e+01  4.546061e+01  0.000000e+00
     vertex  7.163641e+01  4.546061e+01 -3.000000e+00
     vertex  7.164843e+01  4.541554e+01 -3.000000e+00
   endloop
 endfacet
 facet normal -9.587873e-01 -2.841250e-01 -0.000000e+00
   outer loop
     vertex  7.163641e+01  4.546061e+01  0.000000e+00
     vertex  7.162316e+01  4.550533e+01 -3.000000e+00
     vertex  7.163641e+01  4.546061e+01 -3.000000e+00
   endloop
 endfacet
 facet normal -9.587873e-01 -2.841250e-01 -0.000000e+00
   outer loop
     vertex  7.162316e+01  4.550533e+01  0.000000e+00
     vertex  7.162316e+01  4.550533e+01 -3.000000e+00
     vertex  7.163641e+01  4.546061e+01  0.000000e+00
   endloop
 endfacet
 facet normal -9.506317e-01 -3.103214e-01 -0.000000e+00
   outer loop
     vertex  7.162316e+01  4.550533e+01  0.000000e+00
     vertex  7.160868e+01  4.554967e+01 -3.000000e+00
     vertex  7.162316e+01  4.550533e+01 -3.000000e+00
   endloop
 endfacet
 facet normal -9.506317e-01 -3.103214e-01 -0.000000e+00
   outer loop
     vertex  7.160868e+01  4.554967e+01  0.000000e+00
     vertex  7.160868e+01  4.554967e+01 -3.000000e+00
     vertex  7.162316e+01  4.550533e+01  0.000000e+00
   endloop
 endfacet
 facet normal -9.417605e-01 -3.362843e-01 -0.000000e+00
   outer loop
     vertex  7.160868e+01  4.554967e+01  0.000000e+00
     vertex  7.159300e+01  4.559359e+01 -3.000000e+00
     vertex  7.160868e+01  4.554967e+01 -3.000000e+00
   endloop
 endfacet
 facet normal -9.417605e-01 -3.362843e-01 -0.000000e+00
   outer loop
     vertex  7.159300e+01  4.559359e+01  0.000000e+00
     vertex  7.159300e+01  4.559359e+01 -3.000000e+00
     vertex  7.160868e+01  4.554967e+01  0.000000e+00
   endloop
 endfacet
 facet normal -9.321804e-01 -3.619940e-01  0.000000e+00
   outer loop
     vertex  7.157612e+01  4.563707e+01  0.000000e+00
     vertex  7.159300e+01  4.559359e+01 -3.000000e+00
     vertex  7.159300e+01  4.559359e+01  0.000000e+00
   endloop
 endfacet
 facet normal -9.321804e-01 -3.619940e-01 -0.000000e+00
   outer loop
     vertex  7.157612e+01  4.563707e+01  0.000000e+00
     vertex  7.157612e+01  4.563707e+01 -3.000000e+00
     vertex  7.159300e+01  4.559359e+01 -3.000000e+00
   endloop
 endfacet
 facet normal -9.218986e-01 -3.874313e-01  0.000000e+00
   outer loop
     vertex  7.155804e+01  4.568007e+01  0.000000e+00
     vertex  7.157612e+01  4.563707e+01 -3.000000e+00
     vertex  7.157612e+01  4.563707e+01  0.000000e+00
   endloop
 endfacet
 facet normal -9.218986e-01 -3.874313e-01 -0.000000e+00
   outer loop
     vertex  7.155804e+01  4.568007e+01  0.000000e+00
     vertex  7.155804e+01  4.568007e+01 -3.000000e+00
     vertex  7.157612e+01  4.563707e+01 -3.000000e+00
   endloop
 endfacet
 facet normal -9.109228e-01 -4.125769e-01  0.000000e+00
   outer loop
     vertex  7.153880e+01  4.572256e+01  0.000000e+00
     vertex  7.155804e+01  4.568007e+01 -3.000000e+00
     vertex  7.155804e+01  4.568007e+01  0.000000e+00
   endloop
 endfacet
 facet normal -9.109228e-01 -4.125769e-01 -0.000000e+00
   outer loop
     vertex  7.153880e+01  4.572256e+01  0.000000e+00
     vertex  7.153880e+01  4.572256e+01 -3.000000e+00
     vertex  7.155804e+01  4.568007e+01 -3.000000e+00
   endloop
 endfacet
 facet normal -8.992613e-01 -4.374119e-01  0.000000e+00
   outer loop
     vertex  7.151840e+01  4.576450e+01  0.000000e+00
     vertex  7.153880e+01  4.572256e+01 -3.000000e+00
     vertex  7.153880e+01  4.572256e+01  0.000000e+00
   endloop
 endfacet
 facet normal -8.992613e-01 -4.374119e-01 -0.000000e+00
   outer loop
     vertex  7.151840e+01  4.576450e+01  0.000000e+00
     vertex  7.151840e+01  4.576450e+01 -3.000000e+00
     vertex  7.153880e+01  4.572256e+01 -3.000000e+00
   endloop
 endfacet
 facet normal -8.869228e-01 -4.619176e-01  0.000000e+00
   outer loop
     vertex  7.149685e+01  4.580587e+01  0.000000e+00
     vertex  7.151840e+01  4.576450e+01 -3.000000e+00
     vertex  7.151840e+01  4.576450e+01  0.000000e+00
   endloop
 endfacet
 facet normal -8.869228e-01 -4.619176e-01 -0.000000e+00
   outer loop
     vertex  7.149685e+01  4.580587e+01  0.000000e+00
     vertex  7.149685e+01  4.580587e+01 -3.000000e+00
     vertex  7.151840e+01  4.576450e+01 -3.000000e+00
   endloop
 endfacet
 facet normal -8.739167e-01 -4.860756e-01  0.000000e+00
   outer loop
     vertex  7.147418e+01  4.584663e+01  0.000000e+00
     vertex  7.149685e+01  4.580587e+01 -3.000000e+00
     vertex  7.149685e+01  4.580587e+01  0.000000e+00
   endloop
 endfacet
 facet normal -8.739167e-01 -4.860756e-01 -0.000000e+00
   outer loop
     vertex  7.147418e+01  4.584663e+01  0.000000e+00
     vertex  7.147418e+01  4.584663e+01 -3.000000e+00
     vertex  7.149685e+01  4.580587e+01 -3.000000e+00
   endloop
 endfacet
 facet normal -8.602528e-01 -5.098678e-01  0.000000e+00
   outer loop
     vertex  7.145040e+01  4.588676e+01  0.000000e+00
     vertex  7.147418e+01  4.584663e+01 -3.000000e+00
     vertex  7.147418e+01  4.584663e+01  0.000000e+00
   endloop
 endfacet
 facet normal -8.602528e-01 -5.098678e-01 -0.000000e+00
   outer loop
     vertex  7.145040e+01  4.588676e+01  0.000000e+00
     vertex  7.145040e+01  4.588676e+01 -3.000000e+00
     vertex  7.147418e+01  4.584663e+01 -3.000000e+00
   endloop
 endfacet
 facet normal -8.459413e-01 -5.332761e-01  0.000000e+00
   outer loop
     vertex  7.142553e+01  4.592621e+01  0.000000e+00
     vertex  7.145040e+01  4.588676e+01 -3.000000e+00
     vertex  7.145040e+01  4.588676e+01  0.000000e+00
   endloop
 endfacet
 facet normal -8.459413e-01 -5.332761e-01 -0.000000e+00
   outer loop
     vertex  7.142553e+01  4.592621e+01  0.000000e+00
     vertex  7.142553e+01  4.592621e+01 -3.000000e+00
     vertex  7.145040e+01  4.588676e+01 -3.000000e+00
   endloop
 endfacet
 facet normal -8.309929e-01 -5.562829e-01 -0.000000e+00
   outer loop
     vertex  7.139958e+01  4.596497e+01  0.000000e+00
     vertex  7.139958e+01  4.596497e+01 -3.000000e+00
     vertex  7.142553e+01  4.592621e+01 -3.000000e+00
   endloop
 endfacet
 facet normal -8.309929e-01 -5.562829e-01  0.000000e+00
   outer loop
     vertex  7.139958e+01  4.596497e+01  0.000000e+00
     vertex  7.142553e+01  4.592621e+01 -3.000000e+00
     vertex  7.142553e+01  4.592621e+01  0.000000e+00
   endloop
 endfacet
 facet normal -8.154191e-01 -5.788711e-01 -0.000000e+00
   outer loop
     vertex  7.137258e+01  4.600300e+01  0.000000e+00
     vertex  7.137258e+01  4.600300e+01 -3.000000e+00
     vertex  7.139958e+01  4.596497e+01 -3.000000e+00
   endloop
 endfacet
 facet normal -8.154191e-01 -5.788711e-01  0.000000e+00
   outer loop
     vertex  7.137258e+01  4.600300e+01  0.000000e+00
     vertex  7.139958e+01  4.596497e+01 -3.000000e+00
     vertex  7.139958e+01  4.596497e+01  0.000000e+00
   endloop
 endfacet
 facet normal -7.992314e-01 -6.010234e-01 -0.000000e+00
   outer loop
     vertex  7.134455e+01  4.604028e+01  0.000000e+00
     vertex  7.134455e+01  4.604028e+01 -3.000000e+00
     vertex  7.137258e+01  4.600300e+01 -3.000000e+00
   endloop
 endfacet
 facet normal -7.992314e-01 -6.010234e-01  0.000000e+00
   outer loop
     vertex  7.134455e+01  4.604028e+01  0.000000e+00
     vertex  7.137258e+01  4.600300e+01 -3.000000e+00
     vertex  7.137258e+01  4.600300e+01  0.000000e+00
   endloop
 endfacet
 facet normal -7.824421e-01 -6.227234e-01 -0.000000e+00
   outer loop
     vertex  7.131550e+01  4.607678e+01  0.000000e+00
     vertex  7.131550e+01  4.607678e+01 -3.000000e+00
     vertex  7.134455e+01  4.604028e+01 -3.000000e+00
   endloop
 endfacet
 facet normal -7.824421e-01 -6.227234e-01  0.000000e+00
   outer loop
     vertex  7.131550e+01  4.607678e+01  0.000000e+00
     vertex  7.134455e+01  4.604028e+01 -3.000000e+00
     vertex  7.134455e+01  4.604028e+01  0.000000e+00
   endloop
 endfacet
 facet normal -7.650637e-01 -6.439545e-01 -0.000000e+00
   outer loop
     vertex  7.128547e+01  4.611246e+01  0.000000e+00
     vertex  7.128547e+01  4.611246e+01 -3.000000e+00
     vertex  7.131550e+01  4.607678e+01 -3.000000e+00
   endloop
 endfacet
 facet normal -7.650637e-01 -6.439545e-01  0.000000e+00
   outer loop
     vertex  7.128547e+01  4.611246e+01  0.000000e+00
     vertex  7.131550e+01  4.607678e+01 -3.000000e+00
     vertex  7.131550e+01  4.607678e+01  0.000000e+00
   endloop
 endfacet
 facet normal -7.471095e-01 -6.647010e-01 -0.000000e+00
   outer loop
     vertex  7.125447e+01  4.614731e+01  0.000000e+00
     vertex  7.125447e+01  4.614731e+01 -3.000000e+00
     vertex  7.128547e+01  4.611246e+01 -3.000000e+00
   endloop
 endfacet
 facet normal -7.285929e-01 -6.849470e-01 -0.000000e+00
   outer loop
     vertex  7.125447e+01  4.614731e+01  0.000000e+00
     vertex  7.122252e+01  4.618129e+01 -3.000000e+00
     vertex  7.125447e+01  4.614731e+01 -3.000000e+00
   endloop
 endfacet
 facet normal -7.471095e-01 -6.647010e-01  0.000000e+00
   outer loop
     vertex  7.125447e+01  4.614731e+01  0.000000e+00
     vertex  7.128547e+01  4.611246e+01 -3.000000e+00
     vertex  7.128547e+01  4.611246e+01  0.000000e+00
   endloop
 endfacet
 facet normal -7.285929e-01 -6.849470e-01 -0.000000e+00
   outer loop
     vertex  7.122252e+01  4.618129e+01  0.000000e+00
     vertex  7.122252e+01  4.618129e+01 -3.000000e+00
     vertex  7.125447e+01  4.614731e+01  0.000000e+00
   endloop
 endfacet
 facet normal -7.095278e-01 -7.046775e-01 -0.000000e+00
   outer loop
     vertex  7.118965e+01  4.621439e+01  0.000000e+00
     vertex  7.118965e+01  4.621439e+01 -3.000000e+00
     vertex  7.122252e+01  4.618129e+01 -3.000000e+00
   endloop
 endfacet
 facet normal -6.899286e-01 -7.238775e-01 -0.000000e+00
   outer loop
     vertex  7.118965e+01  4.621439e+01  0.000000e+00
     vertex  7.115589e+01  4.624657e+01 -3.000000e+00
     vertex  7.118965e+01  4.621439e+01 -3.000000e+00
   endloop
 endfacet
 facet normal -7.095278e-01 -7.046775e-01  0.000000e+00
   outer loop
     vertex  7.118965e+01  4.621439e+01  0.000000e+00
     vertex  7.122252e+01  4.618129e+01 -3.000000e+00
     vertex  7.122252e+01  4.618129e+01  0.000000e+00
   endloop
 endfacet
 facet normal -6.899286e-01 -7.238775e-01 -0.000000e+00
   outer loop
     vertex  7.115589e+01  4.624657e+01  0.000000e+00
     vertex  7.115589e+01  4.624657e+01 -3.000000e+00
     vertex  7.118965e+01  4.621439e+01  0.000000e+00
   endloop
 endfacet
 facet normal -6.698100e-01 -7.425325e-01 -0.000000e+00
   outer loop
     vertex  7.112125e+01  4.627781e+01  0.000000e+00
     vertex  7.112125e+01  4.627781e+01 -3.000000e+00
     vertex  7.115589e+01  4.624657e+01 -3.000000e+00
   endloop
 endfacet
 facet normal -6.698100e-01 -7.425325e-01  0.000000e+00
   outer loop
     vertex  7.112125e+01  4.627781e+01  0.000000e+00
     vertex  7.115589e+01  4.624657e+01 -3.000000e+00
     vertex  7.115589e+01  4.624657e+01  0.000000e+00
   endloop
 endfacet
 facet normal -6.491872e-01 -7.606287e-01 -0.000000e+00
   outer loop
     vertex  7.108578e+01  4.630809e+01  0.000000e+00
     vertex  7.108578e+01  4.630809e+01 -3.000000e+00
     vertex  7.112125e+01  4.627781e+01 -3.000000e+00
   endloop
 endfacet
 facet normal -6.280757e-01 -7.781522e-01 -0.000000e+00
   outer loop
     vertex  7.108578e+01  4.630809e+01  0.000000e+00
     vertex  7.104948e+01  4.633738e+01 -3.000000e+00
     vertex  7.108578e+01  4.630809e+01 -3.000000e+00
   endloop
 endfacet
 facet normal -6.491872e-01 -7.606287e-01  0.000000e+00
   outer loop
     vertex  7.108578e+01  4.630809e+01  0.000000e+00
     vertex  7.112125e+01  4.627781e+01 -3.000000e+00
     vertex  7.112125e+01  4.627781e+01  0.000000e+00
   endloop
 endfacet
 facet normal -6.064915e-01 -7.950900e-01 -0.000000e+00
   outer loop
     vertex  7.104948e+01  4.633738e+01  0.000000e+00
     vertex  7.101240e+01  4.636567e+01 -3.000000e+00
     vertex  7.104948e+01  4.633738e+01 -3.000000e+00
   endloop
 endfacet
 facet normal -6.280757e-01 -7.781522e-01 -0.000000e+00
   outer loop
     vertex  7.104948e+01  4.633738e+01  0.000000e+00
     vertex  7.104948e+01  4.633738e+01 -3.000000e+00
     vertex  7.108578e+01  4.630809e+01  0.000000e+00
   endloop
 endfacet
 facet normal -6.064915e-01 -7.950900e-01 -0.000000e+00
   outer loop
     vertex  7.101240e+01  4.636567e+01  0.000000e+00
     vertex  7.101240e+01  4.636567e+01 -3.000000e+00
     vertex  7.104948e+01  4.633738e+01  0.000000e+00
   endloop
 endfacet
 facet normal -5.844507e-01 -8.114292e-01  0.000000e+00
   outer loop
     vertex  7.097455e+01  4.639293e+01  0.000000e+00
     vertex  7.101240e+01  4.636567e+01 -3.000000e+00
     vertex  7.101240e+01  4.636567e+01  0.000000e+00
   endloop
 endfacet
 facet normal -5.844507e-01 -8.114292e-01 -0.000000e+00
   outer loop
     vertex  7.097455e+01  4.639293e+01  0.000000e+00
     vertex  7.097455e+01  4.639293e+01 -3.000000e+00
     vertex  7.101240e+01  4.636567e+01 -3.000000e+00
   endloop
 endfacet
 facet normal -5.619699e-01 -8.271577e-01 -0.000000e+00
   outer loop
     vertex  7.093597e+01  4.641914e+01  0.000000e+00
     vertex  7.093597e+01  4.641914e+01 -3.000000e+00
     vertex  7.097455e+01  4.639293e+01 -3.000000e+00
   endloop
 endfacet
 facet normal -5.619699e-01 -8.271577e-01  0.000000e+00
   outer loop
     vertex  7.093597e+01  4.641914e+01  0.000000e+00
     vertex  7.097455e+01  4.639293e+01 -3.000000e+00
     vertex  7.097455e+01  4.639293e+01  0.000000e+00
   endloop
 endfacet
 facet normal -5.390661e-01 -8.422635e-01  0.000000e+00
   outer loop
     vertex  7.089668e+01  4.644428e+01  0.000000e+00
     vertex  7.093597e+01  4.641914e+01 -3.000000e+00
     vertex  7.093597e+01  4.641914e+01  0.000000e+00
   endloop
 endfacet
 facet normal -5.390661e-01 -8.422635e-01 -0.000000e+00
   outer loop
     vertex  7.089668e+01  4.644428e+01  0.000000e+00
     vertex  7.089668e+01  4.644428e+01 -3.000000e+00
     vertex  7.093597e+01  4.641914e+01 -3.000000e+00
   endloop
 endfacet
 facet normal -5.157565e-01 -8.567352e-01  0.000000e+00
   outer loop
     vertex  7.085672e+01  4.646834e+01  0.000000e+00
     vertex  7.089668e+01  4.644428e+01 -3.000000e+00
     vertex  7.089668e+01  4.644428e+01  0.000000e+00
   endloop
 endfacet
 facet normal -5.157565e-01 -8.567352e-01 -0.000000e+00
   outer loop
     vertex  7.085672e+01  4.646834e+01  0.000000e+00
     vertex  7.085672e+01  4.646834e+01 -3.000000e+00
     vertex  7.089668e+01  4.644428e+01 -3.000000e+00
   endloop
 endfacet
 facet normal -4.920587e-01 -8.705620e-01  0.000000e+00
   outer loop
     vertex  7.081612e+01  4.649129e+01  0.000000e+00
     vertex  7.085672e+01  4.646834e+01 -3.000000e+00
     vertex  7.085672e+01  4.646834e+01  0.000000e+00
   endloop
 endfacet
 facet normal -4.920587e-01 -8.705620e-01 -0.000000e+00
   outer loop
     vertex  7.081612e+01  4.649129e+01  0.000000e+00
     vertex  7.081612e+01  4.649129e+01 -3.000000e+00
     vertex  7.085672e+01  4.646834e+01 -3.000000e+00
   endloop
 endfacet
 facet normal -4.679904e-01 -8.837335e-01  0.000000e+00
   outer loop
     vertex  7.077490e+01  4.651312e+01  0.000000e+00
     vertex  7.081612e+01  4.649129e+01 -3.000000e+00
     vertex  7.081612e+01  4.649129e+01  0.000000e+00
   endloop
 endfacet
 facet normal -4.679904e-01 -8.837335e-01 -0.000000e+00
   outer loop
     vertex  7.077490e+01  4.651312e+01  0.000000e+00
     vertex  7.077490e+01  4.651312e+01 -3.000000e+00
     vertex  7.081612e+01  4.649129e+01 -3.000000e+00
   endloop
 endfacet
 facet normal -4.435699e-01 -8.962398e-01  0.000000e+00
   outer loop
     vertex  7.073310e+01  4.653381e+01  0.000000e+00
     vertex  7.077490e+01  4.651312e+01 -3.000000e+00
     vertex  7.077490e+01  4.651312e+01  0.000000e+00
   endloop
 endfacet
 facet normal -4.435699e-01 -8.962398e-01 -0.000000e+00
   outer loop
     vertex  7.073310e+01  4.653381e+01  0.000000e+00
     vertex  7.073310e+01  4.653381e+01 -3.000000e+00
     vertex  7.077490e+01  4.651312e+01 -3.000000e+00
   endloop
 endfacet
 facet normal -4.188155e-01 -9.080714e-01  0.000000e+00
   outer loop
     vertex  7.069074e+01  4.655334e+01  0.000000e+00
     vertex  7.073310e+01  4.653381e+01 -3.000000e+00
     vertex  7.073310e+01  4.653381e+01  0.000000e+00
   endloop
 endfacet
 facet normal -4.188155e-01 -9.080714e-01 -0.000000e+00
   outer loop
     vertex  7.069074e+01  4.655334e+01  0.000000e+00
     vertex  7.069074e+01  4.655334e+01 -3.000000e+00
     vertex  7.073310e+01  4.653381e+01 -3.000000e+00
   endloop
 endfacet
 facet normal -3.937458e-01 -9.192194e-01  0.000000e+00
   outer loop
     vertex  7.064787e+01  4.657171e+01  0.000000e+00
     vertex  7.069074e+01  4.655334e+01 -3.000000e+00
     vertex  7.069074e+01  4.655334e+01  0.000000e+00
   endloop
 endfacet
 facet normal -3.937458e-01 -9.192194e-01 -0.000000e+00
   outer loop
     vertex  7.064787e+01  4.657171e+01  0.000000e+00
     vertex  7.064787e+01  4.657171e+01 -3.000000e+00
     vertex  7.069074e+01  4.655334e+01 -3.000000e+00
   endloop
 endfacet
 facet normal -3.683796e-01 -9.296754e-01  0.000000e+00
   outer loop
     vertex  7.060451e+01  4.658889e+01  0.000000e+00
     vertex  7.064787e+01  4.657171e+01 -3.000000e+00
     vertex  7.064787e+01  4.657171e+01  0.000000e+00
   endloop
 endfacet
 facet normal -3.683796e-01 -9.296754e-01 -0.000000e+00
   outer loop
     vertex  7.060451e+01  4.658889e+01  0.000000e+00
     vertex  7.060451e+01  4.658889e+01 -3.000000e+00
     vertex  7.064787e+01  4.657171e+01 -3.000000e+00
   endloop
 endfacet
 facet normal -3.427362e-01 -9.394317e-01 -0.000000e+00
   outer loop
     vertex  7.060451e+01  4.658889e+01  0.000000e+00
     vertex  7.056069e+01  4.660488e+01 -3.000000e+00
     vertex  7.060451e+01  4.658889e+01 -3.000000e+00
   endloop
 endfacet
 facet normal -3.427362e-01 -9.394317e-01 -0.000000e+00
   outer loop
     vertex  7.056069e+01  4.660488e+01  0.000000e+00
     vertex  7.056069e+01  4.660488e+01 -3.000000e+00
     vertex  7.060451e+01  4.658889e+01  0.000000e+00
   endloop
 endfacet
 facet normal -3.168348e-01 -9.484807e-01  0.000000e+00
   outer loop
     vertex  7.051645e+01  4.661965e+01  0.000000e+00
     vertex  7.056069e+01  4.660488e+01 -3.000000e+00
     vertex  7.056069e+01  4.660488e+01  0.000000e+00
   endloop
 endfacet
 facet normal -3.168348e-01 -9.484807e-01 -0.000000e+00
   outer loop
     vertex  7.051645e+01  4.661965e+01  0.000000e+00
     vertex  7.051645e+01  4.661965e+01 -3.000000e+00
     vertex  7.056069e+01  4.660488e+01 -3.000000e+00
   endloop
 endfacet
 facet normal -2.906949e-01 -9.568158e-01  0.000000e+00
   outer loop
     vertex  7.047182e+01  4.663321e+01  0.000000e+00
     vertex  7.051645e+01  4.661965e+01 -3.000000e+00
     vertex  7.051645e+01  4.661965e+01  0.000000e+00
   endloop
 endfacet
 facet normal -2.906949e-01 -9.568158e-01 -0.000000e+00
   outer loop
     vertex  7.047182e+01  4.663321e+01  0.000000e+00
     vertex  7.047182e+01  4.663321e+01 -3.000000e+00
     vertex  7.051645e+01  4.661965e+01 -3.000000e+00
   endloop
 endfacet
 facet normal -2.643362e-01 -9.644306e-01  0.000000e+00
   outer loop
     vertex  7.042684e+01  4.664554e+01  0.000000e+00
     vertex  7.047182e+01  4.663321e+01 -3.000000e+00
     vertex  7.047182e+01  4.663321e+01  0.000000e+00
   endloop
 endfacet
 facet normal -2.643362e-01 -9.644306e-01 -0.000000e+00
   outer loop
     vertex  7.042684e+01  4.664554e+01  0.000000e+00
     vertex  7.042684e+01  4.664554e+01 -3.000000e+00
     vertex  7.047182e+01  4.663321e+01 -3.000000e+00
   endloop
 endfacet
 facet normal -2.377784e-01 -9.713194e-01  0.000000e+00
   outer loop
     vertex  7.038153e+01  4.665663e+01  0.000000e+00
     vertex  7.042684e+01  4.664554e+01 -3.000000e+00
     vertex  7.042684e+01  4.664554e+01  0.000000e+00
   endloop
 endfacet
 facet normal -2.377784e-01 -9.713194e-01 -0.000000e+00
   outer loop
     vertex  7.038153e+01  4.665663e+01  0.000000e+00
     vertex  7.038153e+01  4.665663e+01 -3.000000e+00
     vertex  7.042684e+01  4.664554e+01 -3.000000e+00
   endloop
 endfacet
 facet normal -2.110417e-01 -9.774771e-01  0.000000e+00
   outer loop
     vertex  7.033594e+01  4.666648e+01  0.000000e+00
     vertex  7.038153e+01  4.665663e+01 -3.000000e+00
     vertex  7.038153e+01  4.665663e+01  0.000000e+00
   endloop
 endfacet
 facet normal -2.110417e-01 -9.774771e-01 -0.000000e+00
   outer loop
     vertex  7.033594e+01  4.666648e+01  0.000000e+00
     vertex  7.033594e+01  4.666648e+01 -3.000000e+00
     vertex  7.038153e+01  4.665663e+01 -3.000000e+00
   endloop
 endfacet
 facet normal -1.841461e-01 -9.828989e-01  0.000000e+00
   outer loop
     vertex  7.029010e+01  4.667507e+01  0.000000e+00
     vertex  7.033594e+01  4.666648e+01 -3.000000e+00
     vertex  7.033594e+01  4.666648e+01  0.000000e+00
   endloop
 endfacet
 facet normal -1.841461e-01 -9.828989e-01 -0.000000e+00
   outer loop
     vertex  7.029010e+01  4.667507e+01  0.000000e+00
     vertex  7.029010e+01  4.667507e+01 -3.000000e+00
     vertex  7.033594e+01  4.666648e+01 -3.000000e+00
   endloop
 endfacet
 facet normal -1.571119e-01 -9.875808e-01 -0.000000e+00
   outer loop
     vertex  7.029010e+01  4.667507e+01  0.000000e+00
     vertex  7.024403e+01  4.668239e+01 -3.000000e+00
     vertex  7.029010e+01  4.667507e+01 -3.000000e+00
   endloop
 endfacet
 facet normal -1.571119e-01 -9.875808e-01 -0.000000e+00
   outer loop
     vertex  7.024403e+01  4.668239e+01  0.000000e+00
     vertex  7.024403e+01  4.668239e+01 -3.000000e+00
     vertex  7.029010e+01  4.667507e+01  0.000000e+00
   endloop
 endfacet
 facet normal -1.299594e-01 -9.915193e-01 -0.000000e+00
   outer loop
     vertex  7.024403e+01  4.668239e+01  0.000000e+00
     vertex  7.019779e+01  4.668846e+01 -3.000000e+00
     vertex  7.024403e+01  4.668239e+01 -3.000000e+00
   endloop
 endfacet
 facet normal -1.299594e-01 -9.915193e-01 -0.000000e+00
   outer loop
     vertex  7.019779e+01  4.668846e+01  0.000000e+00
     vertex  7.019779e+01  4.668846e+01 -3.000000e+00
     vertex  7.024403e+01  4.668239e+01  0.000000e+00
   endloop
 endfacet
 facet normal -1.027091e-01 -9.947114e-01  0.000000e+00
   outer loop
     vertex  7.015139e+01  4.669325e+01  0.000000e+00
     vertex  7.019779e+01  4.668846e+01 -3.000000e+00
     vertex  7.019779e+01  4.668846e+01  0.000000e+00
   endloop
 endfacet
 facet normal -1.027091e-01 -9.947114e-01 -0.000000e+00
   outer loop
     vertex  7.015139e+01  4.669325e+01  0.000000e+00
     vertex  7.015139e+01  4.669325e+01 -3.000000e+00
     vertex  7.019779e+01  4.668846e+01 -3.000000e+00
   endloop
 endfacet
 facet normal -7.538152e-02 -9.971548e-01  0.000000e+00
   outer loop
     vertex  7.010488e+01  4.669676e+01  0.000000e+00
     vertex  7.015139e+01  4.669325e+01 -3.000000e+00
     vertex  7.015139e+01  4.669325e+01  0.000000e+00
   endloop
 endfacet
 facet normal -7.538152e-02 -9.971548e-01 -0.000000e+00
   outer loop
     vertex  7.010488e+01  4.669676e+01  0.000000e+00
     vertex  7.010488e+01  4.669676e+01 -3.000000e+00
     vertex  7.015139e+01  4.669325e+01 -3.000000e+00
   endloop
 endfacet
 facet normal -4.799716e-02 -9.988475e-01  0.000000e+00
   outer loop
     vertex  7.005829e+01  4.669900e+01  0.000000e+00
     vertex  7.010488e+01  4.669676e+01 -3.000000e+00
     vertex  7.010488e+01  4.669676e+01  0.000000e+00
   endloop
 endfacet
 facet normal -4.799716e-02 -9.988475e-01 -0.000000e+00
   outer loop
     vertex  7.005829e+01  4.669900e+01  0.000000e+00
     vertex  7.005829e+01  4.669900e+01 -3.000000e+00
     vertex  7.010488e+01  4.669676e+01 -3.000000e+00
   endloop
 endfacet
 facet normal -2.057667e-02 -9.997883e-01 -0.000000e+00
   outer loop
     vertex  7.001166e+01  4.669996e+01  0.000000e+00
     vertex  7.001166e+01  4.669996e+01 -3.000000e+00
     vertex  7.005829e+01  4.669900e+01 -3.000000e+00
   endloop
 endfacet
 facet normal -2.057667e-02 -9.997883e-01  0.000000e+00
   outer loop
     vertex  7.001166e+01  4.669996e+01  0.000000e+00
     vertex  7.005829e+01  4.669900e+01 -3.000000e+00
     vertex  7.005829e+01  4.669900e+01  0.000000e+00
   endloop
 endfacet
 facet normal  6.859319e-03 -9.999765e-01  0.000000e+00
   outer loop
     vertex  7.001166e+01  4.669996e+01  0.000000e+00
     vertex  6.996502e+01  4.669964e+01 -3.000000e+00
     vertex  7.001166e+01  4.669996e+01 -3.000000e+00
   endloop
 endfacet
 facet normal  6.859319e-03 -9.999765e-01  0.000000e+00
   outer loop
     vertex  6.996502e+01  4.669964e+01  0.000000e+00
     vertex  6.996502e+01  4.669964e+01 -3.000000e+00
     vertex  7.001166e+01  4.669996e+01  0.000000e+00
   endloop
 endfacet
 facet normal  3.429014e-02 -9.994119e-01  0.000000e+00
   outer loop
     vertex  6.991840e+01  4.669804e+01  0.000000e+00
     vertex  6.991840e+01  4.669804e+01 -3.000000e+00
     vertex  6.996502e+01  4.669964e+01 -3.000000e+00
   endloop
 endfacet
 facet normal  3.429014e-02 -9.994119e-01  0.000000e+00
   outer loop
     vertex  6.991840e+01  4.669804e+01  0.000000e+00
     vertex  6.996502e+01  4.669964e+01 -3.000000e+00
     vertex  6.996502e+01  4.669964e+01  0.000000e+00
   endloop
 endfacet
 facet normal  6.169515e-02 -9.980950e-01  0.000000e+00
   outer loop
     vertex  6.987185e+01  4.669516e+01  0.000000e+00
     vertex  6.987185e+01  4.669516e+01 -3.000000e+00
     vertex  6.991840e+01  4.669804e+01 -3.000000e+00
   endloop
 endfacet
 facet normal  8.905371e-02 -9.960268e-01  0.000000e+00
   outer loop
     vertex  6.987185e+01  4.669516e+01  0.000000e+00
     vertex  6.982539e+01  4.669101e+01 -3.000000e+00
     vertex  6.987185e+01  4.669516e+01 -3.000000e+00
   endloop
 endfacet
 facet normal  6.169515e-02 -9.980950e-01  0.000000e+00
   outer loop
     vertex  6.987185e+01  4.669516e+01  0.000000e+00
     vertex  6.991840e+01  4.669804e+01 -3.000000e+00
     vertex  6.991840e+01  4.669804e+01  0.000000e+00
   endloop
 endfacet
 facet normal  8.905371e-02 -9.960268e-01  0.000000e+00
   outer loop
     vertex  6.982539e+01  4.669101e+01  0.000000e+00
     vertex  6.982539e+01  4.669101e+01 -3.000000e+00
     vertex  6.987185e+01  4.669516e+01  0.000000e+00
   endloop
 endfacet
 facet normal  1.163452e-01 -9.932088e-01  0.000000e+00
   outer loop
     vertex  6.977907e+01  4.668558e+01  0.000000e+00
     vertex  6.982539e+01  4.669101e+01 -3.000000e+00
     vertex  6.982539e+01  4.669101e+01  0.000000e+00
   endloop
 endfacet
 facet normal  1.163452e-01 -9.932088e-01  0.000000e+00
   outer loop
     vertex  6.977907e+01  4.668558e+01  0.000000e+00
     vertex  6.977907e+01  4.668558e+01 -3.000000e+00
     vertex  6.982539e+01  4.669101e+01 -3.000000e+00
   endloop
 endfacet
 facet normal  1.435492e-01 -9.896432e-01  0.000000e+00
   outer loop
     vertex  6.973291e+01  4.667889e+01  0.000000e+00
     vertex  6.977907e+01  4.668558e+01 -3.000000e+00
     vertex  6.977907e+01  4.668558e+01  0.000000e+00
   endloop
 endfacet
 facet normal  1.435492e-01 -9.896432e-01  0.000000e+00
   outer loop
     vertex  6.973291e+01  4.667889e+01  0.000000e+00
     vertex  6.973291e+01  4.667889e+01 -3.000000e+00
     vertex  6.977907e+01  4.668558e+01 -3.000000e+00
   endloop
 endfacet
 facet normal  1.706451e-01 -9.853326e-01  0.000000e+00
   outer loop
     vertex  6.973291e+01  4.667889e+01  0.000000e+00
     vertex  6.968695e+01  4.667093e+01 -3.000000e+00
     vertex  6.973291e+01  4.667889e+01 -3.000000e+00
   endloop
 endfacet
 facet normal  1.706451e-01 -9.853326e-01  0.000000e+00
   outer loop
     vertex  6.968695e+01  4.667093e+01  0.000000e+00
     vertex  6.968695e+01  4.667093e+01 -3.000000e+00
     vertex  6.973291e+01  4.667889e+01  0.000000e+00
   endloop
 endfacet
 facet normal  1.976125e-01 -9.802802e-01  0.000000e+00
   outer loop
     vertex  6.964123e+01  4.666171e+01  0.000000e+00
     vertex  6.968695e+01  4.667093e+01 -3.000000e+00
     vertex  6.968695e+01  4.667093e+01  0.000000e+00
   endloop
 endfacet
 facet normal  1.976125e-01 -9.802802e-01  0.000000e+00
   outer loop
     vertex  6.964123e+01  4.666171e+01  0.000000e+00
     vertex  6.964123e+01  4.666171e+01 -3.000000e+00
     vertex  6.968695e+01  4.667093e+01 -3.000000e+00
   endloop
 endfacet
 facet normal  2.244312e-01 -9.744899e-01  0.000000e+00
   outer loop
     vertex  6.959578e+01  4.665124e+01  0.000000e+00
     vertex  6.964123e+01  4.666171e+01 -3.000000e+00
     vertex  6.964123e+01  4.666171e+01  0.000000e+00
   endloop
 endfacet
 facet normal  2.244312e-01 -9.744899e-01  0.000000e+00
   outer loop
     vertex  6.959578e+01  4.665124e+01  0.000000e+00
     vertex  6.959578e+01  4.665124e+01 -3.000000e+00
     vertex  6.964123e+01  4.666171e+01 -3.000000e+00
   endloop
 endfacet
 facet normal  2.510809e-01 -9.679661e-01  0.000000e+00
   outer loop
     vertex  6.959578e+01  4.665124e+01  0.000000e+00
     vertex  6.955063e+01  4.663953e+01 -3.000000e+00
     vertex  6.959578e+01  4.665124e+01 -3.000000e+00
   endloop
 endfacet
 facet normal  2.510809e-01 -9.679661e-01  0.000000e+00
   outer loop
     vertex  6.955063e+01  4.663953e+01  0.000000e+00
     vertex  6.955063e+01  4.663953e+01 -3.000000e+00
     vertex  6.959578e+01  4.665124e+01  0.000000e+00
   endloop
 endfacet
 facet normal  2.775416e-01 -9.607136e-01  0.000000e+00
   outer loop
     vertex  6.950582e+01  4.662659e+01  0.000000e+00
     vertex  6.955063e+01  4.663953e+01 -3.000000e+00
     vertex  6.955063e+01  4.663953e+01  0.000000e+00
   endloop
 endfacet
 facet normal  2.775416e-01 -9.607136e-01  0.000000e+00
   outer loop
     vertex  6.950582e+01  4.662659e+01  0.000000e+00
     vertex  6.950582e+01  4.662659e+01 -3.000000e+00
     vertex  6.955063e+01  4.663953e+01 -3.000000e+00
   endloop
 endfacet
 facet normal  3.037934e-01 -9.527379e-01  0.000000e+00
   outer loop
     vertex  6.946138e+01  4.661242e+01  0.000000e+00
     vertex  6.950582e+01  4.662659e+01 -3.000000e+00
     vertex  6.950582e+01  4.662659e+01  0.000000e+00
   endloop
 endfacet
 facet normal  3.037934e-01 -9.527379e-01  0.000000e+00
   outer loop
     vertex  6.946138e+01  4.661242e+01  0.000000e+00
     vertex  6.946138e+01  4.661242e+01 -3.000000e+00
     vertex  6.950582e+01  4.662659e+01 -3.000000e+00
   endloop
 endfacet
 facet normal  3.298166e-01 -9.440450e-01  0.000000e+00
   outer loop
     vertex  6.941735e+01  4.659703e+01  0.000000e+00
     vertex  6.946138e+01  4.661242e+01 -3.000000e+00
     vertex  6.946138e+01  4.661242e+01  0.000000e+00
   endloop
 endfacet
 facet normal  3.298166e-01 -9.440450e-01  0.000000e+00
   outer loop
     vertex  6.941735e+01  4.659703e+01  0.000000e+00
     vertex  6.941735e+01  4.659703e+01 -3.000000e+00
     vertex  6.946138e+01  4.661242e+01 -3.000000e+00
   endloop
 endfacet
 facet normal  3.555914e-01 -9.346415e-01  0.000000e+00
   outer loop
     vertex  6.941735e+01  4.659703e+01  0.000000e+00
     vertex  6.937375e+01  4.658045e+01 -3.000000e+00
     vertex  6.941735e+01  4.659703e+01 -3.000000e+00
   endloop
 endfacet
 facet normal  3.555914e-01 -9.346415e-01  0.000000e+00
   outer loop
     vertex  6.937375e+01  4.658045e+01  0.000000e+00
     vertex  6.937375e+01  4.658045e+01 -3.000000e+00
     vertex  6.941735e+01  4.659703e+01  0.000000e+00
   endloop
 endfacet
 facet normal  4.063188e-01 -9.137314e-01  0.000000e+00
   outer loop
     vertex  6.933063e+01  4.656267e+01  0.000000e+00
     vertex  6.928801e+01  4.654372e+01 -3.000000e+00
     vertex  6.933063e+01  4.656267e+01 -3.000000e+00
   endloop
 endfacet
 facet normal  3.810986e-01 -9.245344e-01  0.000000e+00
   outer loop
     vertex  6.933063e+01  4.656267e+01  0.000000e+00
     vertex  6.937375e+01  4.658045e+01 -3.000000e+00
     vertex  6.937375e+01  4.658045e+01  0.000000e+00
   endloop
 endfacet
 facet normal  3.810986e-01 -9.245344e-01  0.000000e+00
   outer loop
     vertex  6.933063e+01  4.656267e+01  0.000000e+00
     vertex  6.933063e+01  4.656267e+01 -3.000000e+00
     vertex  6.937375e+01  4.658045e+01 -3.000000e+00
   endloop
 endfacet
 facet normal  4.063188e-01 -9.137314e-01  0.000000e+00
   outer loop
     vertex  6.928801e+01  4.654372e+01  0.000000e+00
     vertex  6.928801e+01  4.654372e+01 -3.000000e+00
     vertex  6.933063e+01  4.656267e+01  0.000000e+00
   endloop
 endfacet
 facet normal  4.312333e-01 -9.022405e-01  0.000000e+00
   outer loop
     vertex  6.924593e+01  4.652361e+01  0.000000e+00
     vertex  6.924593e+01  4.652361e+01 -3.000000e+00
     vertex  6.928801e+01  4.654372e+01 -3.000000e+00
   endloop
 endfacet
 facet normal  4.312333e-01 -9.022405e-01  0.000000e+00
   outer loop
     vertex  6.924593e+01  4.652361e+01  0.000000e+00
     vertex  6.928801e+01  4.654372e+01 -3.000000e+00
     vertex  6.928801e+01  4.654372e+01  0.000000e+00
   endloop
 endfacet
 facet normal  4.558231e-01 -8.900704e-01  0.000000e+00
   outer loop
     vertex  6.920442e+01  4.650235e+01  0.000000e+00
     vertex  6.920442e+01  4.650235e+01 -3.000000e+00
     vertex  6.924593e+01  4.652361e+01 -3.000000e+00
   endloop
 endfacet
 facet normal  4.800697e-01 -8.772303e-01  0.000000e+00
   outer loop
     vertex  6.920442e+01  4.650235e+01  0.000000e+00
     vertex  6.916350e+01  4.647996e+01 -3.000000e+00
     vertex  6.920442e+01  4.650235e+01 -3.000000e+00
   endloop
 endfacet
 facet normal  4.558231e-01 -8.900704e-01  0.000000e+00
   outer loop
     vertex  6.920442e+01  4.650235e+01  0.000000e+00
     vertex  6.924593e+01  4.652361e+01 -3.000000e+00
     vertex  6.924593e+01  4.652361e+01  0.000000e+00
   endloop
 endfacet
 facet normal  4.800697e-01 -8.772303e-01  0.000000e+00
   outer loop
     vertex  6.916350e+01  4.647996e+01  0.000000e+00
     vertex  6.916350e+01  4.647996e+01 -3.000000e+00
     vertex  6.920442e+01  4.650235e+01  0.000000e+00
   endloop
 endfacet
 facet normal  5.039550e-01 -8.637299e-01  0.000000e+00
   outer loop
     vertex  6.912321e+01  4.645645e+01  0.000000e+00
     vertex  6.912321e+01  4.645645e+01 -3.000000e+00
     vertex  6.916350e+01  4.647996e+01 -3.000000e+00
   endloop
 endfacet
 facet normal  5.039550e-01 -8.637299e-01  0.000000e+00
   outer loop
     vertex  6.912321e+01  4.645645e+01  0.000000e+00
     vertex  6.916350e+01  4.647996e+01 -3.000000e+00
     vertex  6.916350e+01  4.647996e+01  0.000000e+00
   endloop
 endfacet
 facet normal  5.274609e-01 -8.495793e-01  0.000000e+00
   outer loop
     vertex  6.908359e+01  4.643185e+01  0.000000e+00
     vertex  6.908359e+01  4.643185e+01 -3.000000e+00
     vertex  6.912321e+01  4.645645e+01 -3.000000e+00
   endloop
 endfacet
 facet normal  5.505698e-01 -8.347891e-01  0.000000e+00
   outer loop
     vertex  6.908359e+01  4.643185e+01  0.000000e+00
     vertex  6.904465e+01  4.640617e+01 -3.000000e+00
     vertex  6.908359e+01  4.643185e+01 -3.000000e+00
   endloop
 endfacet
 facet normal  5.274609e-01 -8.495793e-01  0.000000e+00
   outer loop
     vertex  6.908359e+01  4.643185e+01  0.000000e+00
     vertex  6.912321e+01  4.645645e+01 -3.000000e+00
     vertex  6.912321e+01  4.645645e+01  0.000000e+00
   endloop
 endfacet
 facet normal  5.505698e-01 -8.347891e-01  0.000000e+00
   outer loop
     vertex  6.904465e+01  4.640617e+01  0.000000e+00
     vertex  6.904465e+01  4.640617e+01 -3.000000e+00
     vertex  6.908359e+01  4.643185e+01  0.000000e+00
   endloop
 endfacet
 facet normal  5.732642e-01 -8.193706e-01  0.000000e+00
   outer loop
     vertex  6.900643e+01  4.637943e+01  0.000000e+00
     vertex  6.900643e+01  4.637943e+01 -3.000000e+00
     vertex  6.904465e+01  4.640617e+01 -3.000000e+00
   endloop
 endfacet
 facet normal  5.732642e-01 -8.193706e-01  0.000000e+00
   outer loop
     vertex  6.900643e+01  4.637943e+01  0.000000e+00
     vertex  6.904465e+01  4.640617e+01 -3.000000e+00
     vertex  6.904465e+01  4.640617e+01  0.000000e+00
   endloop
 endfacet
 facet normal  5.955271e-01 -8.033352e-01  0.000000e+00
   outer loop
     vertex  6.896896e+01  4.635165e+01  0.000000e+00
     vertex  6.896896e+01  4.635165e+01 -3.000000e+00
     vertex  6.900643e+01  4.637943e+01 -3.000000e+00
   endloop
 endfacet
 facet normal  6.173417e-01 -7.866951e-01  0.000000e+00
   outer loop
     vertex  6.896896e+01  4.635165e+01  0.000000e+00
     vertex  6.893227e+01  4.632286e+01 -3.000000e+00
     vertex  6.896896e+01  4.635165e+01 -3.000000e+00
   endloop
 endfacet
 facet normal  5.955271e-01 -8.033352e-01  0.000000e+00
   outer loop
     vertex  6.896896e+01  4.635165e+01  0.000000e+00
     vertex  6.900643e+01  4.637943e+01 -3.000000e+00
     vertex  6.900643e+01  4.637943e+01  0.000000e+00
   endloop
 endfacet
 facet normal  6.173417e-01 -7.866951e-01  0.000000e+00
   outer loop
     vertex  6.893227e+01  4.632286e+01  0.000000e+00
     vertex  6.893227e+01  4.632286e+01 -3.000000e+00
     vertex  6.896896e+01  4.635165e+01  0.000000e+00
   endloop
 endfacet
 facet normal  6.386916e-01 -7.694628e-01  0.000000e+00
   outer loop
     vertex  6.889638e+01  4.629307e+01  0.000000e+00
     vertex  6.889638e+01  4.629307e+01 -3.000000e+00
     vertex  6.893227e+01  4.632286e+01 -3.000000e+00
   endloop
 endfacet
 facet normal  6.386916e-01 -7.694628e-01  0.000000e+00
   outer loop
     vertex  6.889638e+01  4.629307e+01  0.000000e+00
     vertex  6.893227e+01  4.632286e+01 -3.000000e+00
     vertex  6.893227e+01  4.632286e+01  0.000000e+00
   endloop
 endfacet
 facet normal  6.595607e-01 -7.516513e-01  0.000000e+00
   outer loop
     vertex  6.886132e+01  4.626231e+01  0.000000e+00
     vertex  6.886132e+01  4.626231e+01 -3.000000e+00
     vertex  6.889638e+01  4.629307e+01 -3.000000e+00
   endloop
 endfacet
 facet normal  6.595607e-01 -7.516513e-01  0.000000e+00
   outer loop
     vertex  6.886132e+01  4.626231e+01  0.000000e+00
     vertex  6.889638e+01  4.629307e+01 -3.000000e+00
     vertex  6.889638e+01  4.629307e+01  0.000000e+00
   endloop
 endfacet
 facet normal  6.799333e-01 -7.332740e-01  0.000000e+00
   outer loop
     vertex  6.882712e+01  4.623059e+01  0.000000e+00
     vertex  6.882712e+01  4.623059e+01 -3.000000e+00
     vertex  6.886132e+01  4.626231e+01 -3.000000e+00
   endloop
 endfacet
 facet normal  6.997940e-01 -7.143447e-01  0.000000e+00
   outer loop
     vertex  6.882712e+01  4.623059e+01  0.000000e+00
     vertex  6.879380e+01  4.619795e+01 -3.000000e+00
     vertex  6.882712e+01  4.623059e+01 -3.000000e+00
   endloop
 endfacet
 facet normal  6.799333e-01 -7.332740e-01  0.000000e+00
   outer loop
     vertex  6.882712e+01  4.623059e+01  0.000000e+00
     vertex  6.886132e+01  4.626231e+01 -3.000000e+00
     vertex  6.886132e+01  4.626231e+01  0.000000e+00
   endloop
 endfacet
 facet normal  6.997940e-01 -7.143447e-01  0.000000e+00
   outer loop
     vertex  6.879380e+01  4.619795e+01  0.000000e+00
     vertex  6.879380e+01  4.619795e+01 -3.000000e+00
     vertex  6.882712e+01  4.623059e+01  0.000000e+00
   endloop
 endfacet
 facet normal  7.191280e-01 -6.948776e-01  0.000000e+00
   outer loop
     vertex  6.879380e+01  4.619795e+01  0.000000e+00
     vertex  6.876139e+01  4.616441e+01 -3.000000e+00
     vertex  6.879380e+01  4.619795e+01 -3.000000e+00
   endloop
 endfacet
 facet normal  7.191280e-01 -6.948776e-01  0.000000e+00
   outer loop
     vertex  6.876139e+01  4.616441e+01  0.000000e+00
     vertex  6.876139e+01  4.616441e+01 -3.000000e+00
     vertex  6.879380e+01  4.619795e+01  0.000000e+00
   endloop
 endfacet
 facet normal  7.379206e-01 -6.748875e-01  0.000000e+00
   outer loop
     vertex  6.876139e+01  4.616441e+01  0.000000e+00
     vertex  6.872991e+01  4.612999e+01 -3.000000e+00
     vertex  6.876139e+01  4.616441e+01 -3.000000e+00
   endloop
 endfacet
 facet normal  7.379206e-01 -6.748875e-01  0.000000e+00
   outer loop
     vertex  6.872991e+01  4.612999e+01  0.000000e+00
     vertex  6.872991e+01  4.612999e+01 -3.000000e+00
     vertex  6.876139e+01  4.616441e+01  0.000000e+00
   endloop
 endfacet
 facet normal  7.561578e-01 -6.543893e-01  0.000000e+00
   outer loop
     vertex  6.869939e+01  4.609472e+01  0.000000e+00
     vertex  6.872991e+01  4.612999e+01 -3.000000e+00
     vertex  6.872991e+01  4.612999e+01  0.000000e+00
   endloop
 endfacet
 facet normal  7.561578e-01 -6.543893e-01  0.000000e+00
   outer loop
     vertex  6.869939e+01  4.609472e+01  0.000000e+00
     vertex  6.869939e+01  4.609472e+01 -3.000000e+00
     vertex  6.872991e+01  4.612999e+01 -3.000000e+00
   endloop
 endfacet
 facet normal  7.738257e-01 -6.333986e-01  0.000000e+00
   outer loop
     vertex  6.869939e+01  4.609472e+01  0.000000e+00
     vertex  6.866985e+01  4.605863e+01 -3.000000e+00
     vertex  6.869939e+01  4.609472e+01 -3.000000e+00
   endloop
 endfacet
 facet normal  7.738257e-01 -6.333986e-01  0.000000e+00
   outer loop
     vertex  6.866985e+01  4.605863e+01  0.000000e+00
     vertex  6.866985e+01  4.605863e+01 -3.000000e+00
     vertex  6.869939e+01  4.609472e+01  0.000000e+00
   endloop
 endfacet
 facet normal  7.909112e-01 -6.119310e-01  0.000000e+00
   outer loop
     vertex  6.864131e+01  4.602174e+01  0.000000e+00
     vertex  6.864131e+01  4.602174e+01 -3.000000e+00
     vertex  6.866985e+01  4.605863e+01 -3.000000e+00
   endloop
 endfacet
 facet normal  7.909112e-01 -6.119310e-01  0.000000e+00
   outer loop
     vertex  6.864131e+01  4.602174e+01  0.000000e+00
     vertex  6.866985e+01  4.605863e+01 -3.000000e+00
     vertex  6.866985e+01  4.605863e+01  0.000000e+00
   endloop
 endfacet
 facet normal  8.074012e-01 -5.900028e-01  0.000000e+00
   outer loop
     vertex  6.861379e+01  4.598408e+01  0.000000e+00
     vertex  6.864131e+01  4.602174e+01 -3.000000e+00
     vertex  6.864131e+01  4.602174e+01  0.000000e+00
   endloop
 endfacet
 facet normal  8.074012e-01 -5.900028e-01  0.000000e+00
   outer loop
     vertex  6.861379e+01  4.598408e+01  0.000000e+00
     vertex  6.861379e+01  4.598408e+01 -3.000000e+00
     vertex  6.864131e+01  4.602174e+01 -3.000000e+00
   endloop
 endfacet
 facet normal  8.232835e-01 -5.676304e-01  0.000000e+00
   outer loop
     vertex  6.861379e+01  4.598408e+01  0.000000e+00
     vertex  6.858731e+01  4.594568e+01 -3.000000e+00
     vertex  6.861379e+01  4.598408e+01 -3.000000e+00
   endloop
 endfacet
 facet normal  8.385460e-01 -5.448308e-01  0.000000e+00
   outer loop
     vertex  6.858731e+01  4.594568e+01  0.000000e+00
     vertex  6.856190e+01  4.590657e+01 -3.000000e+00
     vertex  6.858731e+01  4.594568e+01 -3.000000e+00
   endloop
 endfacet
 facet normal  8.232835e-01 -5.676304e-01  0.000000e+00
   outer loop
     vertex  6.858731e+01  4.594568e+01  0.000000e+00
     vertex  6.858731e+01  4.594568e+01 -3.000000e+00
     vertex  6.861379e+01  4.598408e+01  0.000000e+00
   endloop
 endfacet
 facet normal  8.385460e-01 -5.448308e-01  0.000000e+00
   outer loop
     vertex  6.856190e+01  4.590657e+01  0.000000e+00
     vertex  6.856190e+01  4.590657e+01 -3.000000e+00
     vertex  6.858731e+01  4.594568e+01  0.000000e+00
   endloop
 endfacet
 facet normal  8.531773e-01 -5.216210e-01  0.000000e+00
   outer loop
     vertex  6.853757e+01  4.586678e+01  0.000000e+00
     vertex  6.853757e+01  4.586678e+01 -3.000000e+00
     vertex  6.856190e+01  4.590657e+01 -3.000000e+00
   endloop
 endfacet
 facet normal  8.671664e-01 -4.980186e-01  0.000000e+00
   outer loop
     vertex  6.853757e+01  4.586678e+01  0.000000e+00
     vertex  6.851434e+01  4.582633e+01 -3.000000e+00
     vertex  6.853757e+01  4.586678e+01 -3.000000e+00
   endloop
 endfacet
 facet normal  8.531773e-01 -5.216210e-01  0.000000e+00
   outer loop
     vertex  6.853757e+01  4.586678e+01  0.000000e+00
     vertex  6.856190e+01  4.590657e+01 -3.000000e+00
     vertex  6.856190e+01  4.590657e+01  0.000000e+00
   endloop
 endfacet
 facet normal  8.671664e-01 -4.980186e-01  0.000000e+00
   outer loop
     vertex  6.851434e+01  4.582633e+01  0.000000e+00
     vertex  6.851434e+01  4.582633e+01 -3.000000e+00
     vertex  6.853757e+01  4.586678e+01  0.000000e+00
   endloop
 endfacet
 facet normal  8.805026e-01 -4.740412e-01  0.000000e+00
   outer loop
     vertex  6.849223e+01  4.578526e+01  0.000000e+00
     vertex  6.849223e+01  4.578526e+01 -3.000000e+00
     vertex  6.851434e+01  4.582633e+01 -3.000000e+00
   endloop
 endfacet
 facet normal  8.805026e-01 -4.740412e-01  0.000000e+00
   outer loop
     vertex  6.849223e+01  4.578526e+01  0.000000e+00
     vertex  6.851434e+01  4.582633e+01 -3.000000e+00
     vertex  6.851434e+01  4.582633e+01  0.000000e+00
   endloop
 endfacet
 facet normal  8.931761e-01 -4.497071e-01  0.000000e+00
   outer loop
     vertex  6.847126e+01  4.574360e+01  0.000000e+00
     vertex  6.847126e+01  4.574360e+01 -3.000000e+00
     vertex  6.849223e+01  4.578526e+01 -3.000000e+00
   endloop
 endfacet
 facet normal  9.051772e-01 -4.250344e-01  0.000000e+00
   outer loop
     vertex  6.847126e+01  4.574360e+01  0.000000e+00
     vertex  6.845143e+01  4.570138e+01 -3.000000e+00
     vertex  6.847126e+01  4.574360e+01 -3.000000e+00
   endloop
 endfacet
 facet normal  8.931761e-01 -4.497071e-01  0.000000e+00
   outer loop
     vertex  6.847126e+01  4.574360e+01  0.000000e+00
     vertex  6.849223e+01  4.578526e+01 -3.000000e+00
     vertex  6.849223e+01  4.578526e+01  0.000000e+00
   endloop
 endfacet
 facet normal  9.051772e-01 -4.250344e-01  0.000000e+00
   outer loop
     vertex  6.845143e+01  4.570138e+01  0.000000e+00
     vertex  6.845143e+01  4.570138e+01 -3.000000e+00
     vertex  6.847126e+01  4.574360e+01  0.000000e+00
   endloop
 endfacet
 facet normal  9.164969e-01 -4.000417e-01  0.000000e+00
   outer loop
     vertex  6.843277e+01  4.565863e+01  0.000000e+00
     vertex  6.843277e+01  4.565863e+01 -3.000000e+00
     vertex  6.845143e+01  4.570138e+01 -3.000000e+00
   endloop
 endfacet
 facet normal  9.164969e-01 -4.000417e-01  0.000000e+00
   outer loop
     vertex  6.843277e+01  4.565863e+01  0.000000e+00
     vertex  6.845143e+01  4.570138e+01 -3.000000e+00
     vertex  6.845143e+01  4.570138e+01  0.000000e+00
   endloop
 endfacet
 facet normal  9.271267e-01 -3.747479e-01  0.000000e+00
   outer loop
     vertex  6.841529e+01  4.561539e+01  0.000000e+00
     vertex  6.841529e+01  4.561539e+01 -3.000000e+00
     vertex  6.843277e+01  4.565863e+01 -3.000000e+00
   endloop
 endfacet
 facet normal  9.370586e-01 -3.491720e-01  0.000000e+00
   outer loop
     vertex  6.841529e+01  4.561539e+01  0.000000e+00
     vertex  6.839901e+01  4.557168e+01 -3.000000e+00
     vertex  6.841529e+01  4.561539e+01 -3.000000e+00
   endloop
 endfacet
 facet normal  9.271267e-01 -3.747479e-01  0.000000e+00
   outer loop
     vertex  6.841529e+01  4.561539e+01  0.000000e+00
     vertex  6.843277e+01  4.565863e+01 -3.000000e+00
     vertex  6.843277e+01  4.565863e+01  0.000000e+00
   endloop
 endfacet
 facet normal  9.370586e-01 -3.491720e-01  0.000000e+00
   outer loop
     vertex  6.839901e+01  4.557168e+01  0.000000e+00
     vertex  6.839901e+01  4.557168e+01 -3.000000e+00
     vertex  6.841529e+01  4.561539e+01  0.000000e+00
   endloop
 endfacet
 facet normal  9.462851e-01 -3.233333e-01  0.000000e+00
   outer loop
     vertex  6.838393e+01  4.552755e+01  0.000000e+00
     vertex  6.838393e+01  4.552755e+01 -3.000000e+00
     vertex  6.839901e+01  4.557168e+01 -3.000000e+00
   endloop
 endfacet
 facet normal  9.462851e-01 -3.233333e-01  0.000000e+00
   outer loop
     vertex  6.838393e+01  4.552755e+01  0.000000e+00
     vertex  6.839901e+01  4.557168e+01 -3.000000e+00
     vertex  6.839901e+01  4.557168e+01  0.000000e+00
   endloop
 endfacet
 facet normal  9.547993e-01 -2.972512e-01  0.000000e+00
   outer loop
     vertex  6.837006e+01  4.548301e+01  0.000000e+00
     vertex  6.837006e+01  4.548301e+01 -3.000000e+00
     vertex  6.838393e+01  4.552755e+01 -3.000000e+00
   endloop
 endfacet
 facet normal  9.625948e-01 -2.709453e-01  0.000000e+00
   outer loop
     vertex  6.837006e+01  4.548301e+01  0.000000e+00
     vertex  6.835742e+01  4.543811e+01 -3.000000e+00
     vertex  6.837006e+01  4.548301e+01 -3.000000e+00
   endloop
 endfacet
 facet normal  9.547993e-01 -2.972512e-01  0.000000e+00
   outer loop
     vertex  6.837006e+01  4.548301e+01  0.000000e+00
     vertex  6.838393e+01  4.552755e+01 -3.000000e+00
     vertex  6.838393e+01  4.552755e+01  0.000000e+00
   endloop
 endfacet
 facet normal  9.625948e-01 -2.709453e-01  0.000000e+00
   outer loop
     vertex  6.835742e+01  4.543811e+01  0.000000e+00
     vertex  6.835742e+01  4.543811e+01 -3.000000e+00
     vertex  6.837006e+01  4.548301e+01  0.000000e+00
   endloop
 endfacet
 facet normal  9.696656e-01 -2.444354e-01  0.000000e+00
   outer loop
     vertex  6.834602e+01  4.539289e+01  0.000000e+00
     vertex  6.834602e+01  4.539289e+01 -3.000000e+00
     vertex  6.835742e+01  4.543811e+01 -3.000000e+00
   endloop
 endfacet
 facet normal  9.696656e-01 -2.444354e-01  0.000000e+00
   outer loop
     vertex  6.834602e+01  4.539289e+01  0.000000e+00
     vertex  6.835742e+01  4.543811e+01 -3.000000e+00
     vertex  6.835742e+01  4.543811e+01  0.000000e+00
   endloop
 endfacet
 facet normal  9.760065e-01 -2.177416e-01  0.000000e+00
   outer loop
     vertex  6.833587e+01  4.534736e+01  0.000000e+00
     vertex  6.833587e+01  4.534736e+01 -3.000000e+00
     vertex  6.834602e+01  4.539289e+01 -3.000000e+00
   endloop
 endfacet
 facet normal  9.816126e-01 -1.908838e-01  0.000000e+00
   outer loop
     vertex  6.833587e+01  4.534736e+01  0.000000e+00
     vertex  6.832696e+01  4.530158e+01 -3.000000e+00
     vertex  6.833587e+01  4.534736e+01 -3.000000e+00
   endloop
 endfacet
 facet normal  9.760065e-01 -2.177416e-01  0.000000e+00
   outer loop
     vertex  6.833587e+01  4.534736e+01  0.000000e+00
     vertex  6.834602e+01  4.539289e+01 -3.000000e+00
     vertex  6.834602e+01  4.539289e+01  0.000000e+00
   endloop
 endfacet
 facet normal  9.816126e-01 -1.908838e-01  0.000000e+00
   outer loop
     vertex  6.832696e+01  4.530158e+01  0.000000e+00
     vertex  6.832696e+01  4.530158e+01 -3.000000e+00
     vertex  6.833587e+01  4.534736e+01  0.000000e+00
   endloop
 endfacet
 facet normal  9.864799e-01 -1.638824e-01  0.000000e+00
   outer loop
     vertex  6.831932e+01  4.525557e+01  0.000000e+00
     vertex  6.831932e+01  4.525557e+01 -3.000000e+00
     vertex  6.832696e+01  4.530158e+01 -3.000000e+00
   endloop
 endfacet
 facet normal  9.864799e-01 -1.638824e-01  0.000000e+00
   outer loop
     vertex  6.831932e+01  4.525557e+01  0.000000e+00
     vertex  6.832696e+01  4.530158e+01 -3.000000e+00
     vertex  6.832696e+01  4.530158e+01  0.000000e+00
   endloop
 endfacet
 facet normal  9.906046e-01 -1.367575e-01  0.000000e+00
   outer loop
     vertex  6.831294e+01  4.520936e+01  0.000000e+00
     vertex  6.831294e+01  4.520936e+01 -3.000000e+00
     vertex  6.831932e+01  4.525557e+01 -3.000000e+00
   endloop
 endfacet
 facet normal  9.939835e-01 -1.095298e-01  0.000000e+00
   outer loop
     vertex  6.831294e+01  4.520936e+01  0.000000e+00
     vertex  6.830783e+01  4.516300e+01 -3.000000e+00
     vertex  6.831294e+01  4.520936e+01 -3.000000e+00
   endloop
 endfacet
 facet normal  9.906046e-01 -1.367575e-01  0.000000e+00
   outer loop
     vertex  6.831294e+01  4.520936e+01  0.000000e+00
     vertex  6.831932e+01  4.525557e+01 -3.000000e+00
     vertex  6.831932e+01  4.525557e+01  0.000000e+00
   endloop
 endfacet
 facet normal  9.939835e-01 -1.095298e-01  0.000000e+00
   outer loop
     vertex  6.830783e+01  4.516300e+01  0.000000e+00
     vertex  6.830783e+01  4.516300e+01 -3.000000e+00
     vertex  6.831294e+01  4.520936e+01  0.000000e+00
   endloop
 endfacet
 facet normal  9.966142e-01 -8.221955e-02  0.000000e+00
   outer loop
     vertex  6.830400e+01  4.511652e+01  0.000000e+00
     vertex  6.830783e+01  4.516300e+01 -3.000000e+00
     vertex  6.830783e+01  4.516300e+01  0.000000e+00
   endloop
 endfacet
 facet normal  9.966142e-01 -8.221955e-02  0.000000e+00
   outer loop
     vertex  6.830400e+01  4.511652e+01  0.000000e+00
     vertex  6.830400e+01  4.511652e+01 -3.000000e+00
     vertex  6.830783e+01  4.516300e+01 -3.000000e+00
   endloop
 endfacet
 facet normal  9.984947e-01 -5.484744e-02  0.000000e+00
   outer loop
     vertex  6.830400e+01  4.511652e+01  0.000000e+00
     vertex  6.830144e+01  4.506995e+01 -3.000000e+00
     vertex  6.830400e+01  4.511652e+01 -3.000000e+00
   endloop
 endfacet
 facet normal  9.984947e-01 -5.484744e-02  0.000000e+00
   outer loop
     vertex  6.830144e+01  4.506995e+01  0.000000e+00
     vertex  6.830144e+01  4.506995e+01 -3.000000e+00
     vertex  6.830400e+01  4.511652e+01  0.000000e+00
   endloop
 endfacet
 facet normal  9.996236e-01 -2.743405e-02  0.000000e+00
   outer loop
     vertex  6.830144e+01  4.506995e+01  0.000000e+00
     vertex  6.830016e+01  4.502332e+01 -3.000000e+00
     vertex  6.830144e+01  4.506995e+01 -3.000000e+00
   endloop
 endfacet
 facet normal  9.996236e-01 -2.743405e-02  0.000000e+00
   outer loop
     vertex  6.830016e+01  4.502332e+01  0.000000e+00
     vertex  6.830016e+01  4.502332e+01 -3.000000e+00
     vertex  6.830144e+01  4.506995e+01  0.000000e+00
   endloop
 endfacet
 facet normal  1.000000e+00  0.000000e+00  0.000000e+00
   outer loop
     vertex  6.830016e+01  4.502332e+01  0.000000e+00
     vertex  6.830016e+01  4.497668e+01 -3.000000e+00
     vertex  6.830016e+01  4.502332e+01 -3.000000e+00
   endloop
 endfacet
 facet normal  1.000000e+00 -0.000000e+00  0.000000e+00
   outer loop
     vertex  6.830016e+01  4.497668e+01  0.000000e+00
     vertex  6.830016e+01  4.497668e+01 -3.000000e+00
     vertex  6.830016e+01  4.502332e+01  0.000000e+00
   endloop
 endfacet
 facet normal  9.996236e-01  2.743405e-02  0.000000e+00
   outer loop
     vertex  6.830144e+01  4.493005e+01  0.000000e+00
     vertex  6.830016e+01  4.497668e+01 -3.000000e+00
     vertex  6.830016e+01  4.497668e+01  0.000000e+00
   endloop
 endfacet
 facet normal  9.996236e-01  2.743405e-02  0.000000e+00
   outer loop
     vertex  6.830144e+01  4.493005e+01  0.000000e+00
     vertex  6.830144e+01  4.493005e+01 -3.000000e+00
     vertex  6.830016e+01  4.497668e+01 -3.000000e+00
   endloop
 endfacet
 facet normal  9.984947e-01  5.484744e-02  0.000000e+00
   outer loop
     vertex  6.830400e+01  4.488348e+01  0.000000e+00
     vertex  6.830144e+01  4.493005e+01 -3.000000e+00
     vertex  6.830144e+01  4.493005e+01  0.000000e+00
   endloop
 endfacet
 facet normal  9.984947e-01  5.484744e-02  0.000000e+00
   outer loop
     vertex  6.830400e+01  4.488348e+01  0.000000e+00
     vertex  6.830400e+01  4.488348e+01 -3.000000e+00
     vertex  6.830144e+01  4.493005e+01 -3.000000e+00
   endloop
 endfacet
 facet normal  9.966142e-01  8.221955e-02  0.000000e+00
   outer loop
     vertex  6.830783e+01  4.483700e+01  0.000000e+00
     vertex  6.830400e+01  4.488348e+01 -3.000000e+00
     vertex  6.830400e+01  4.488348e+01  0.000000e+00
   endloop
 endfacet
 facet normal  9.966142e-01  8.221955e-02  0.000000e+00
   outer loop
     vertex  6.830783e+01  4.483700e+01  0.000000e+00
     vertex  6.830783e+01  4.483700e+01 -3.000000e+00
     vertex  6.830400e+01  4.488348e+01 -3.000000e+00
   endloop
 endfacet
 facet normal  9.939835e-01  1.095298e-01  0.000000e+00
   outer loop
     vertex  6.830783e+01  4.483700e+01  0.000000e+00
     vertex  6.831294e+01  4.479064e+01 -3.000000e+00
     vertex  6.830783e+01  4.483700e+01 -3.000000e+00
   endloop
 endfacet
 facet normal  9.939835e-01  1.095298e-01  0.000000e+00
   outer loop
     vertex  6.831294e+01  4.479064e+01  0.000000e+00
     vertex  6.831294e+01  4.479064e+01 -3.000000e+00
     vertex  6.830783e+01  4.483700e+01  0.000000e+00
   endloop
 endfacet
 facet normal  9.906046e-01  1.367575e-01  0.000000e+00
   outer loop
     vertex  6.831294e+01  4.479064e+01  0.000000e+00
     vertex  6.831932e+01  4.474443e+01 -3.000000e+00
     vertex  6.831294e+01  4.479064e+01 -3.000000e+00
   endloop
 endfacet
 facet normal  9.906046e-01  1.367575e-01  0.000000e+00
   outer loop
     vertex  6.831932e+01  4.474443e+01  0.000000e+00
     vertex  6.831932e+01  4.474443e+01 -3.000000e+00
     vertex  6.831294e+01  4.479064e+01  0.000000e+00
   endloop
 endfacet
 facet normal  9.864799e-01  1.638824e-01  0.000000e+00
   outer loop
     vertex  6.831932e+01  4.474443e+01  0.000000e+00
     vertex  6.832696e+01  4.469842e+01 -3.000000e+00
     vertex  6.831932e+01  4.474443e+01 -3.000000e+00
   endloop
 endfacet
 facet normal  9.864799e-01  1.638824e-01  0.000000e+00
   outer loop
     vertex  6.832696e+01  4.469842e+01  0.000000e+00
     vertex  6.832696e+01  4.469842e+01 -3.000000e+00
     vertex  6.831932e+01  4.474443e+01  0.000000e+00
   endloop
 endfacet
 facet normal  9.816126e-01  1.908838e-01  0.000000e+00
   outer loop
     vertex  6.833587e+01  4.465264e+01  0.000000e+00
     vertex  6.832696e+01  4.469842e+01 -3.000000e+00
     vertex  6.832696e+01  4.469842e+01  0.000000e+00
   endloop
 endfacet
 facet normal  9.816126e-01  1.908838e-01  0.000000e+00
   outer loop
     vertex  6.833587e+01  4.465264e+01  0.000000e+00
     vertex  6.833587e+01  4.465264e+01 -3.000000e+00
     vertex  6.832696e+01  4.469842e+01 -3.000000e+00
   endloop
 endfacet
 facet normal  9.760065e-01  2.177416e-01  0.000000e+00
   outer loop
     vertex  6.833587e+01  4.465264e+01  0.000000e+00
     vertex  6.834602e+01  4.460711e+01 -3.000000e+00
     vertex  6.833587e+01  4.465264e+01 -3.000000e+00
   endloop
 endfacet
 facet normal  9.760065e-01  2.177416e-01  0.000000e+00
   outer loop
     vertex  6.834602e+01  4.460711e+01  0.000000e+00
     vertex  6.834602e+01  4.460711e+01 -3.000000e+00
     vertex  6.833587e+01  4.465264e+01  0.000000e+00
   endloop
 endfacet
 facet normal  9.696656e-01  2.444354e-01  0.000000e+00
   outer loop
     vertex  6.835742e+01  4.456189e+01  0.000000e+00
     vertex  6.835742e+01  4.456189e+01 -3.000000e+00
     vertex  6.834602e+01  4.460711e+01 -3.000000e+00
   endloop
 endfacet
 facet normal  9.625948e-01  2.709453e-01  0.000000e+00
   outer loop
     vertex  6.835742e+01  4.456189e+01  0.000000e+00
     vertex  6.837006e+01  4.451699e+01 -3.000000e+00
     vertex  6.835742e+01  4.456189e+01 -3.000000e+00
   endloop
 endfacet
 facet normal  9.696656e-01  2.444354e-01  0.000000e+00
   outer loop
     vertex  6.835742e+01  4.456189e+01  0.000000e+00
     vertex  6.834602e+01  4.460711e+01 -3.000000e+00
     vertex  6.834602e+01  4.460711e+01  0.000000e+00
   endloop
 endfacet
 facet normal  9.625948e-01  2.709453e-01  0.000000e+00
   outer loop
     vertex  6.837006e+01  4.451699e+01  0.000000e+00
     vertex  6.837006e+01  4.451699e+01 -3.000000e+00
     vertex  6.835742e+01  4.456189e+01  0.000000e+00
   endloop
 endfacet
 facet normal  9.547993e-01  2.972512e-01  0.000000e+00
   outer loop
     vertex  6.838393e+01  4.447245e+01  0.000000e+00
     vertex  6.838393e+01  4.447245e+01 -3.000000e+00
     vertex  6.837006e+01  4.451699e+01 -3.000000e+00
   endloop
 endfacet
 facet normal  9.547993e-01  2.972512e-01  0.000000e+00
   outer loop
     vertex  6.838393e+01  4.447245e+01  0.000000e+00
     vertex  6.837006e+01  4.451699e+01 -3.000000e+00
     vertex  6.837006e+01  4.451699e+01  0.000000e+00
   endloop
 endfacet
 facet normal  9.462851e-01  3.233333e-01  0.000000e+00
   outer loop
     vertex  6.839901e+01  4.442832e+01  0.000000e+00
     vertex  6.839901e+01  4.442832e+01 -3.000000e+00
     vertex  6.838393e+01  4.447245e+01 -3.000000e+00
   endloop
 endfacet
 facet normal  9.370586e-01  3.491720e-01  0.000000e+00
   outer loop
     vertex  6.839901e+01  4.442832e+01  0.000000e+00
     vertex  6.841529e+01  4.438461e+01 -3.000000e+00
     vertex  6.839901e+01  4.442832e+01 -3.000000e+00
   endloop
 endfacet
 facet normal  9.462851e-01  3.233333e-01  0.000000e+00
   outer loop
     vertex  6.839901e+01  4.442832e+01  0.000000e+00
     vertex  6.838393e+01  4.447245e+01 -3.000000e+00
     vertex  6.838393e+01  4.447245e+01  0.000000e+00
   endloop
 endfacet
 facet normal  9.370586e-01  3.491720e-01  0.000000e+00
   outer loop
     vertex  6.841529e+01  4.438461e+01  0.000000e+00
     vertex  6.841529e+01  4.438461e+01 -3.000000e+00
     vertex  6.839901e+01  4.442832e+01  0.000000e+00
   endloop
 endfacet
 facet normal  9.271267e-01  3.747479e-01  0.000000e+00
   outer loop
     vertex  6.843277e+01  4.434137e+01  0.000000e+00
     vertex  6.843277e+01  4.434137e+01 -3.000000e+00
     vertex  6.841529e+01  4.438461e+01 -3.000000e+00
   endloop
 endfacet
 facet normal  9.271267e-01  3.747479e-01  0.000000e+00
   outer loop
     vertex  6.843277e+01  4.434137e+01  0.000000e+00
     vertex  6.841529e+01  4.438461e+01 -3.000000e+00
     vertex  6.841529e+01  4.438461e+01  0.000000e+00
   endloop
 endfacet
 facet normal  9.164969e-01  4.000417e-01  0.000000e+00
   outer loop
     vertex  6.845143e+01  4.429862e+01  0.000000e+00
     vertex  6.845143e+01  4.429862e+01 -3.000000e+00
     vertex  6.843277e+01  4.434137e+01 -3.000000e+00
   endloop
 endfacet
 facet normal  9.051772e-01  4.250344e-01  0.000000e+00
   outer loop
     vertex  6.845143e+01  4.429862e+01  0.000000e+00
     vertex  6.847126e+01  4.425640e+01 -3.000000e+00
     vertex  6.845143e+01  4.429862e+01 -3.000000e+00
   endloop
 endfacet
 facet normal  9.164969e-01  4.000417e-01  0.000000e+00
   outer loop
     vertex  6.845143e+01  4.429862e+01  0.000000e+00
     vertex  6.843277e+01  4.434137e+01 -3.000000e+00
     vertex  6.843277e+01  4.434137e+01  0.000000e+00
   endloop
 endfacet
 facet normal  8.931761e-01  4.497071e-01  0.000000e+00
   outer loop
     vertex  6.847126e+01  4.425640e+01  0.000000e+00
     vertex  6.849223e+01  4.421474e+01 -3.000000e+00
     vertex  6.847126e+01  4.425640e+01 -3.000000e+00
   endloop
 endfacet
 facet normal  9.051772e-01  4.250344e-01  0.000000e+00
   outer loop
     vertex  6.847126e+01  4.425640e+01  0.000000e+00
     vertex  6.847126e+01  4.425640e+01 -3.000000e+00
     vertex  6.845143e+01  4.429862e+01  0.000000e+00
   endloop
 endfacet
 facet normal  8.931761e-01  4.497071e-01  0.000000e+00
   outer loop
     vertex  6.849223e+01  4.421474e+01  0.000000e+00
     vertex  6.849223e+01  4.421474e+01 -3.000000e+00
     vertex  6.847126e+01  4.425640e+01  0.000000e+00
   endloop
 endfacet
 facet normal  8.805026e-01  4.740412e-01  0.000000e+00
   outer loop
     vertex  6.851434e+01  4.417367e+01  0.000000e+00
     vertex  6.851434e+01  4.417367e+01 -3.000000e+00
     vertex  6.849223e+01  4.421474e+01 -3.000000e+00
   endloop
 endfacet
 facet normal  8.805026e-01  4.740412e-01  0.000000e+00
   outer loop
     vertex  6.851434e+01  4.417367e+01  0.000000e+00
     vertex  6.849223e+01  4.421474e+01 -3.000000e+00
     vertex  6.849223e+01  4.421474e+01  0.000000e+00
   endloop
 endfacet
 facet normal  8.671664e-01  4.980186e-01  0.000000e+00
   outer loop
     vertex  6.853757e+01  4.413322e+01  0.000000e+00
     vertex  6.853757e+01  4.413322e+01 -3.000000e+00
     vertex  6.851434e+01  4.417367e+01 -3.000000e+00
   endloop
 endfacet
 facet normal  8.531773e-01  5.216210e-01  0.000000e+00
   outer loop
     vertex  6.853757e+01  4.413322e+01  0.000000e+00
     vertex  6.856190e+01  4.409343e+01 -3.000000e+00
     vertex  6.853757e+01  4.413322e+01 -3.000000e+00
   endloop
 endfacet
 facet normal  8.671664e-01  4.980186e-01  0.000000e+00
   outer loop
     vertex  6.853757e+01  4.413322e+01  0.000000e+00
     vertex  6.851434e+01  4.417367e+01 -3.000000e+00
     vertex  6.851434e+01  4.417367e+01  0.000000e+00
   endloop
 endfacet
 facet normal  8.531773e-01  5.216210e-01  0.000000e+00
   outer loop
     vertex  6.856190e+01  4.409343e+01  0.000000e+00
     vertex  6.856190e+01  4.409343e+01 -3.000000e+00
     vertex  6.853757e+01  4.413322e+01  0.000000e+00
   endloop
 endfacet
 facet normal  8.385460e-01  5.448308e-01  0.000000e+00
   outer loop
     vertex  6.858731e+01  4.405432e+01  0.000000e+00
     vertex  6.856190e+01  4.409343e+01 -3.000000e+00
     vertex  6.856190e+01  4.409343e+01  0.000000e+00
   endloop
 endfacet
 facet normal  8.385460e-01  5.448308e-01  0.000000e+00
   outer loop
     vertex  6.858731e+01  4.405432e+01  0.000000e+00
     vertex  6.858731e+01  4.405432e+01 -3.000000e+00
     vertex  6.856190e+01  4.409343e+01 -3.000000e+00
   endloop
 endfacet
 facet normal  8.232835e-01  5.676304e-01  0.000000e+00
   outer loop
     vertex  6.858731e+01  4.405432e+01  0.000000e+00
     vertex  6.861379e+01  4.401592e+01 -3.000000e+00
     vertex  6.858731e+01  4.405432e+01 -3.000000e+00
   endloop
 endfacet
 facet normal  8.232835e-01  5.676304e-01  0.000000e+00
   outer loop
     vertex  6.861379e+01  4.401592e+01  0.000000e+00
     vertex  6.861379e+01  4.401592e+01 -3.000000e+00
     vertex  6.858731e+01  4.405432e+01  0.000000e+00
   endloop
 endfacet
 facet normal  8.074012e-01  5.900028e-01  0.000000e+00
   outer loop
     vertex  6.861379e+01  4.401592e+01  0.000000e+00
     vertex  6.864131e+01  4.397826e+01 -3.000000e+00
     vertex  6.861379e+01  4.401592e+01 -3.000000e+00
   endloop
 endfacet
 facet normal  8.074012e-01  5.900028e-01  0.000000e+00
   outer loop
     vertex  6.864131e+01  4.397826e+01  0.000000e+00
     vertex  6.864131e+01  4.397826e+01 -3.000000e+00
     vertex  6.861379e+01  4.401592e+01  0.000000e+00
   endloop
 endfacet
 facet normal  7.909112e-01  6.119310e-01  0.000000e+00
   outer loop
     vertex  6.866985e+01  4.394137e+01  0.000000e+00
     vertex  6.864131e+01  4.397826e+01 -3.000000e+00
     vertex  6.864131e+01  4.397826e+01  0.000000e+00
   endloop
 endfacet
 facet normal  7.909112e-01  6.119310e-01  0.000000e+00
   outer loop
     vertex  6.866985e+01  4.394137e+01  0.000000e+00
     vertex  6.866985e+01  4.394137e+01 -3.000000e+00
     vertex  6.864131e+01  4.397826e+01 -3.000000e+00
   endloop
 endfacet
 facet normal  7.738257e-01  6.333986e-01  0.000000e+00
   outer loop
     vertex  6.866985e+01  4.394137e+01  0.000000e+00
     vertex  6.869939e+01  4.390528e+01 -3.000000e+00
     vertex  6.866985e+01  4.394137e+01 -3.000000e+00
   endloop
 endfacet
 facet normal  7.738257e-01  6.333986e-01  0.000000e+00
   outer loop
     vertex  6.869939e+01  4.390528e+01  0.000000e+00
     vertex  6.869939e+01  4.390528e+01 -3.000000e+00
     vertex  6.866985e+01  4.394137e+01  0.000000e+00
   endloop
 endfacet
 facet normal  7.561578e-01  6.543893e-01  0.000000e+00
   outer loop
     vertex  6.872991e+01  4.387001e+01  0.000000e+00
     vertex  6.869939e+01  4.390528e+01 -3.000000e+00
     vertex  6.869939e+01  4.390528e+01  0.000000e+00
   endloop
 endfacet
 facet normal  7.561578e-01  6.543893e-01  0.000000e+00
   outer loop
     vertex  6.872991e+01  4.387001e+01  0.000000e+00
     vertex  6.872991e+01  4.387001e+01 -3.000000e+00
     vertex  6.869939e+01  4.390528e+01 -3.000000e+00
   endloop
 endfacet
 facet normal  7.379206e-01  6.748875e-01  0.000000e+00
   outer loop
     vertex  6.872991e+01  4.387001e+01  0.000000e+00
     vertex  6.876139e+01  4.383559e+01 -3.000000e+00
     vertex  6.872991e+01  4.387001e+01 -3.000000e+00
   endloop
 endfacet
 facet normal  7.379206e-01  6.748875e-01  0.000000e+00
   outer loop
     vertex  6.876139e+01  4.383559e+01  0.000000e+00
     vertex  6.876139e+01  4.383559e+01 -3.000000e+00
     vertex  6.872991e+01  4.387001e+01  0.000000e+00
   endloop
 endfacet
 facet normal  7.191280e-01  6.948776e-01  0.000000e+00
   outer loop
     vertex  6.876139e+01  4.383559e+01  0.000000e+00
     vertex  6.879380e+01  4.380205e+01 -3.000000e+00
     vertex  6.876139e+01  4.383559e+01 -3.000000e+00
   endloop
 endfacet
 facet normal  7.191280e-01  6.948776e-01  0.000000e+00
   outer loop
     vertex  6.879380e+01  4.380205e+01  0.000000e+00
     vertex  6.879380e+01  4.380205e+01 -3.000000e+00
     vertex  6.876139e+01  4.383559e+01  0.000000e+00
   endloop
 endfacet
 facet normal  6.997940e-01  7.143447e-01  0.000000e+00
   outer loop
     vertex  6.879380e+01  4.380205e+01  0.000000e+00
     vertex  6.882712e+01  4.376941e+01 -3.000000e+00
     vertex  6.879380e+01  4.380205e+01 -3.000000e+00
   endloop
 endfacet
 facet normal  6.997940e-01  7.143447e-01  0.000000e+00
   outer loop
     vertex  6.882712e+01  4.376941e+01  0.000000e+00
     vertex  6.882712e+01  4.376941e+01 -3.000000e+00
     vertex  6.879380e+01  4.380205e+01  0.000000e+00
   endloop
 endfacet
 facet normal  6.799333e-01  7.332740e-01  0.000000e+00
   outer loop
     vertex  6.886132e+01  4.373769e+01  0.000000e+00
     vertex  6.882712e+01  4.376941e+01 -3.000000e+00
     vertex  6.882712e+01  4.376941e+01  0.000000e+00
   endloop
 endfacet
 facet normal  6.799333e-01  7.332740e-01  0.000000e+00
   outer loop
     vertex  6.886132e+01  4.373769e+01  0.000000e+00
     vertex  6.886132e+01  4.373769e+01 -3.000000e+00
     vertex  6.882712e+01  4.376941e+01 -3.000000e+00
   endloop
 endfacet
 facet normal  6.595607e-01  7.516513e-01  0.000000e+00
   outer loop
     vertex  6.889638e+01  4.370693e+01  0.000000e+00
     vertex  6.886132e+01  4.373769e+01 -3.000000e+00
     vertex  6.886132e+01  4.373769e+01  0.000000e+00
   endloop
 endfacet
 facet normal  6.595607e-01  7.516513e-01  0.000000e+00
   outer loop
     vertex  6.889638e+01  4.370693e+01  0.000000e+00
     vertex  6.889638e+01  4.370693e+01 -3.000000e+00
     vertex  6.886132e+01  4.373769e+01 -3.000000e+00
   endloop
 endfacet
 facet normal  6.386916e-01  7.694628e-01  0.000000e+00
   outer loop
     vertex  6.889638e+01  4.370693e+01  0.000000e+00
     vertex  6.893227e+01  4.367714e+01 -3.000000e+00
     vertex  6.889638e+01  4.370693e+01 -3.000000e+00
   endloop
 endfacet
 facet normal  6.386916e-01  7.694628e-01  0.000000e+00
   outer loop
     vertex  6.893227e+01  4.367714e+01  0.000000e+00
     vertex  6.893227e+01  4.367714e+01 -3.000000e+00
     vertex  6.889638e+01  4.370693e+01  0.000000e+00
   endloop
 endfacet
 facet normal  6.173417e-01  7.866951e-01  0.000000e+00
   outer loop
     vertex  6.896896e+01  4.364835e+01  0.000000e+00
     vertex  6.893227e+01  4.367714e+01 -3.000000e+00
     vertex  6.893227e+01  4.367714e+01  0.000000e+00
   endloop
 endfacet
 facet normal  6.173417e-01  7.866951e-01  0.000000e+00
   outer loop
     vertex  6.896896e+01  4.364835e+01  0.000000e+00
     vertex  6.896896e+01  4.364835e+01 -3.000000e+00
     vertex  6.893227e+01  4.367714e+01 -3.000000e+00
   endloop
 endfacet
 facet normal  5.955271e-01  8.033352e-01  0.000000e+00
   outer loop
     vertex  6.896896e+01  4.364835e+01  0.000000e+00
     vertex  6.900643e+01  4.362057e+01 -3.000000e+00
     vertex  6.896896e+01  4.364835e+01 -3.000000e+00
   endloop
 endfacet
 facet normal  5.955271e-01  8.033352e-01  0.000000e+00
   outer loop
     vertex  6.900643e+01  4.362057e+01  0.000000e+00
     vertex  6.900643e+01  4.362057e+01 -3.000000e+00
     vertex  6.896896e+01  4.364835e+01  0.000000e+00
   endloop
 endfacet
 facet normal  5.732642e-01  8.193706e-01  0.000000e+00
   outer loop
     vertex  6.900643e+01  4.362057e+01  0.000000e+00
     vertex  6.904465e+01  4.359383e+01 -3.000000e+00
     vertex  6.900643e+01  4.362057e+01 -3.000000e+00
   endloop
 endfacet
 facet normal  5.732642e-01  8.193706e-01  0.000000e+00
   outer loop
     vertex  6.904465e+01  4.359383e+01  0.000000e+00
     vertex  6.904465e+01  4.359383e+01 -3.000000e+00
     vertex  6.900643e+01  4.362057e+01  0.000000e+00
   endloop
 endfacet
 facet normal  5.505698e-01  8.347891e-01  0.000000e+00
   outer loop
     vertex  6.904465e+01  4.359383e+01  0.000000e+00
     vertex  6.908359e+01  4.356815e+01 -3.000000e+00
     vertex  6.904465e+01  4.359383e+01 -3.000000e+00
   endloop
 endfacet
 facet normal  5.505698e-01  8.347891e-01  0.000000e+00
   outer loop
     vertex  6.908359e+01  4.356815e+01  0.000000e+00
     vertex  6.908359e+01  4.356815e+01 -3.000000e+00
     vertex  6.904465e+01  4.359383e+01  0.000000e+00
   endloop
 endfacet
 facet normal  5.274609e-01  8.495793e-01  0.000000e+00
   outer loop
     vertex  6.912321e+01  4.354355e+01  0.000000e+00
     vertex  6.908359e+01  4.356815e+01 -3.000000e+00
     vertex  6.908359e+01  4.356815e+01  0.000000e+00
   endloop
 endfacet
 facet normal  5.274609e-01  8.495793e-01  0.000000e+00
   outer loop
     vertex  6.912321e+01  4.354355e+01  0.000000e+00
     vertex  6.912321e+01  4.354355e+01 -3.000000e+00
     vertex  6.908359e+01  4.356815e+01 -3.000000e+00
   endloop
 endfacet
 facet normal  5.039550e-01  8.637299e-01  0.000000e+00
   outer loop
     vertex  6.912321e+01  4.354355e+01  0.000000e+00
     vertex  6.916350e+01  4.352004e+01 -3.000000e+00
     vertex  6.912321e+01  4.354355e+01 -3.000000e+00
   endloop
 endfacet
 facet normal  5.039550e-01  8.637299e-01  0.000000e+00
   outer loop
     vertex  6.916350e+01  4.352004e+01  0.000000e+00
     vertex  6.916350e+01  4.352004e+01 -3.000000e+00
     vertex  6.912321e+01  4.354355e+01  0.000000e+00
   endloop
 endfacet
 facet normal  4.800697e-01  8.772303e-01  0.000000e+00
   outer loop
     vertex  6.920442e+01  4.349765e+01  0.000000e+00
     vertex  6.916350e+01  4.352004e+01 -3.000000e+00
     vertex  6.916350e+01  4.352004e+01  0.000000e+00
   endloop
 endfacet
 facet normal  4.800697e-01  8.772303e-01  0.000000e+00
   outer loop
     vertex  6.920442e+01  4.349765e+01  0.000000e+00
     vertex  6.920442e+01  4.349765e+01 -3.000000e+00
     vertex  6.916350e+01  4.352004e+01 -3.000000e+00
   endloop
 endfacet
 facet normal  4.558231e-01  8.900704e-01  0.000000e+00
   outer loop
     vertex  6.920442e+01  4.349765e+01  0.000000e+00
     vertex  6.924593e+01  4.347639e+01 -3.000000e+00
     vertex  6.920442e+01  4.349765e+01 -3.000000e+00
   endloop
 endfacet
 facet normal  4.558231e-01  8.900704e-01  0.000000e+00
   outer loop
     vertex  6.924593e+01  4.347639e+01  0.000000e+00
     vertex  6.924593e+01  4.347639e+01 -3.000000e+00
     vertex  6.920442e+01  4.349765e+01  0.000000e+00
   endloop
 endfacet
 facet normal  4.312333e-01  9.022405e-01  0.000000e+00
   outer loop
     vertex  6.928801e+01  4.345628e+01  0.000000e+00
     vertex  6.924593e+01  4.347639e+01 -3.000000e+00
     vertex  6.924593e+01  4.347639e+01  0.000000e+00
   endloop
 endfacet
 facet normal  4.312333e-01  9.022405e-01  0.000000e+00
   outer loop
     vertex  6.928801e+01  4.345628e+01  0.000000e+00
     vertex  6.928801e+01  4.345628e+01 -3.000000e+00
     vertex  6.924593e+01  4.347639e+01 -3.000000e+00
   endloop
 endfacet
 facet normal  4.063188e-01  9.137314e-01  0.000000e+00
   outer loop
     vertex  6.933063e+01  4.343733e+01  0.000000e+00
     vertex  6.928801e+01  4.345628e+01 -3.000000e+00
     vertex  6.928801e+01  4.345628e+01  0.000000e+00
   endloop
 endfacet
 facet normal  4.063188e-01  9.137314e-01  0.000000e+00
   outer loop
     vertex  6.933063e+01  4.343733e+01  0.000000e+00
     vertex  6.933063e+01  4.343733e+01 -3.000000e+00
     vertex  6.928801e+01  4.345628e+01 -3.000000e+00
   endloop
 endfacet
 facet normal  3.810986e-01  9.245344e-01  0.000000e+00
   outer loop
     vertex  6.933063e+01  4.343733e+01  0.000000e+00
     vertex  6.937375e+01  4.341955e+01 -3.000000e+00
     vertex  6.933063e+01  4.343733e+01 -3.000000e+00
   endloop
 endfacet
 facet normal  3.810986e-01  9.245344e-01  0.000000e+00
   outer loop
     vertex  6.937375e+01  4.341955e+01  0.000000e+00
     vertex  6.937375e+01  4.341955e+01 -3.000000e+00
     vertex  6.933063e+01  4.343733e+01  0.000000e+00
   endloop
 endfacet
 facet normal  3.555914e-01  9.346415e-01  0.000000e+00
   outer loop
     vertex  6.941735e+01  4.340297e+01  0.000000e+00
     vertex  6.941735e+01  4.340297e+01 -3.000000e+00
     vertex  6.937375e+01  4.341955e+01 -3.000000e+00
   endloop
 endfacet
 facet normal  3.555914e-01  9.346415e-01  0.000000e+00
   outer loop
     vertex  6.941735e+01  4.340297e+01  0.000000e+00
     vertex  6.937375e+01  4.341955e+01 -3.000000e+00
     vertex  6.937375e+01  4.341955e+01  0.000000e+00
   endloop
 endfacet
 facet normal  3.298166e-01  9.440450e-01  0.000000e+00
   outer loop
     vertex  6.946138e+01  4.338758e+01  0.000000e+00
     vertex  6.946138e+01  4.338758e+01 -3.000000e+00
     vertex  6.941735e+01  4.340297e+01 -3.000000e+00
   endloop
 endfacet
 facet normal  3.037934e-01  9.527379e-01  0.000000e+00
   outer loop
     vertex  6.946138e+01  4.338758e+01  0.000000e+00
     vertex  6.950582e+01  4.337341e+01 -3.000000e+00
     vertex  6.946138e+01  4.338758e+01 -3.000000e+00
   endloop
 endfacet
 facet normal  3.298166e-01  9.440450e-01  0.000000e+00
   outer loop
     vertex  6.946138e+01  4.338758e+01  0.000000e+00
     vertex  6.941735e+01  4.340297e+01 -3.000000e+00
     vertex  6.941735e+01  4.340297e+01  0.000000e+00
   endloop
 endfacet
 facet normal  2.775416e-01  9.607136e-01  0.000000e+00
   outer loop
     vertex  6.950582e+01  4.337341e+01  0.000000e+00
     vertex  6.955063e+01  4.336047e+01 -3.000000e+00
     vertex  6.950582e+01  4.337341e+01 -3.000000e+00
   endloop
 endfacet
 facet normal  3.037934e-01  9.527379e-01  0.000000e+00
   outer loop
     vertex  6.950582e+01  4.337341e+01  0.000000e+00
     vertex  6.950582e+01  4.337341e+01 -3.000000e+00
     vertex  6.946138e+01  4.338758e+01  0.000000e+00
   endloop
 endfacet
 facet normal  2.775416e-01  9.607136e-01  0.000000e+00
   outer loop
     vertex  6.955063e+01  4.336047e+01  0.000000e+00
     vertex  6.955063e+01  4.336047e+01 -3.000000e+00
     vertex  6.950582e+01  4.337341e+01  0.000000e+00
   endloop
 endfacet
 facet normal  2.510809e-01  9.679661e-01  0.000000e+00
   outer loop
     vertex  6.959578e+01  4.334876e+01  0.000000e+00
     vertex  6.955063e+01  4.336047e+01 -3.000000e+00
     vertex  6.955063e+01  4.336047e+01  0.000000e+00
   endloop
 endfacet
 facet normal  2.510809e-01  9.679661e-01  0.000000e+00
   outer loop
     vertex  6.959578e+01  4.334876e+01  0.000000e+00
     vertex  6.959578e+01  4.334876e+01 -3.000000e+00
     vertex  6.955063e+01  4.336047e+01 -3.000000e+00
   endloop
 endfacet
 facet normal  2.244312e-01  9.744899e-01  0.000000e+00
   outer loop
     vertex  6.959578e+01  4.334876e+01  0.000000e+00
     vertex  6.964123e+01  4.333829e+01 -3.000000e+00
     vertex  6.959578e+01  4.334876e+01 -3.000000e+00
   endloop
 endfacet
 facet normal  2.244312e-01  9.744899e-01  0.000000e+00
   outer loop
     vertex  6.964123e+01  4.333829e+01  0.000000e+00
     vertex  6.964123e+01  4.333829e+01 -3.000000e+00
     vertex  6.959578e+01  4.334876e+01  0.000000e+00
   endloop
 endfacet
 facet normal  1.976125e-01  9.802802e-01  0.000000e+00
   outer loop
     vertex  6.968695e+01  4.332907e+01  0.000000e+00
     vertex  6.964123e+01  4.333829e+01 -3.000000e+00
     vertex  6.964123e+01  4.333829e+01  0.000000e+00
   endloop
 endfacet
 facet normal  1.976125e-01  9.802802e-01  0.000000e+00
   outer loop
     vertex  6.968695e+01  4.332907e+01  0.000000e+00
     vertex  6.968695e+01  4.332907e+01 -3.000000e+00
     vertex  6.964123e+01  4.333829e+01 -3.000000e+00
   endloop
 endfacet
 facet normal  1.706451e-01  9.853326e-01  0.000000e+00
   outer loop
     vertex  6.968695e+01  4.332907e+01  0.000000e+00
     vertex  6.973291e+01  4.332111e+01 -3.000000e+00
     vertex  6.968695e+01  4.332907e+01 -3.000000e+00
   endloop
 endfacet
 facet normal  1.706451e-01  9.853326e-01  0.000000e+00
   outer loop
     vertex  6.973291e+01  4.332111e+01  0.000000e+00
     vertex  6.973291e+01  4.332111e+01 -3.000000e+00
     vertex  6.968695e+01  4.332907e+01  0.000000e+00
   endloop
 endfacet
 facet normal  1.435492e-01  9.896432e-01  0.000000e+00
   outer loop
     vertex  6.973291e+01  4.332111e+01  0.000000e+00
     vertex  6.977907e+01  4.331442e+01 -3.000000e+00
     vertex  6.973291e+01  4.332111e+01 -3.000000e+00
   endloop
 endfacet
 facet normal  1.435492e-01  9.896432e-01  0.000000e+00
   outer loop
     vertex  6.977907e+01  4.331442e+01  0.000000e+00
     vertex  6.977907e+01  4.331442e+01 -3.000000e+00
     vertex  6.973291e+01  4.332111e+01  0.000000e+00
   endloop
 endfacet
 facet normal  1.163452e-01  9.932088e-01  0.000000e+00
   outer loop
     vertex  6.977907e+01  4.331442e+01  0.000000e+00
     vertex  6.982539e+01  4.330899e+01 -3.000000e+00
     vertex  6.977907e+01  4.331442e+01 -3.000000e+00
   endloop
 endfacet
 facet normal  1.163452e-01  9.932088e-01  0.000000e+00
   outer loop
     vertex  6.982539e+01  4.330899e+01  0.000000e+00
     vertex  6.982539e+01  4.330899e+01 -3.000000e+00
     vertex  6.977907e+01  4.331442e+01  0.000000e+00
   endloop
 endfacet
 facet normal  8.905371e-02  9.960268e-01  0.000000e+00
   outer loop
     vertex  6.987185e+01  4.330484e+01  0.000000e+00
     vertex  6.982539e+01  4.330899e+01 -3.000000e+00
     vertex  6.982539e+01  4.330899e+01  0.000000e+00
   endloop
 endfacet
 facet normal  8.905371e-02  9.960268e-01  0.000000e+00
   outer loop
     vertex  6.987185e+01  4.330484e+01  0.000000e+00
     vertex  6.987185e+01  4.330484e+01 -3.000000e+00
     vertex  6.982539e+01  4.330899e+01 -3.000000e+00
   endloop
 endfacet
 facet normal  6.169515e-02  9.980950e-01  0.000000e+00
   outer loop
     vertex  6.987185e+01  4.330484e+01  0.000000e+00
     vertex  6.991840e+01  4.330196e+01 -3.000000e+00
     vertex  6.987185e+01  4.330484e+01 -3.000000e+00
   endloop
 endfacet
 facet normal  6.169515e-02  9.980950e-01  0.000000e+00
   outer loop
     vertex  6.991840e+01  4.330196e+01  0.000000e+00
     vertex  6.991840e+01  4.330196e+01 -3.000000e+00
     vertex  6.987185e+01  4.330484e+01  0.000000e+00
   endloop
 endfacet
 facet normal  3.429014e-02  9.994119e-01  0.000000e+00
   outer loop
     vertex  6.996502e+01  4.330036e+01  0.000000e+00
     vertex  6.991840e+01  4.330196e+01 -3.000000e+00
     vertex  6.991840e+01  4.330196e+01  0.000000e+00
   endloop
 endfacet
 facet normal  3.429014e-02  9.994119e-01  0.000000e+00
   outer loop
     vertex  6.996502e+01  4.330036e+01  0.000000e+00
     vertex  6.996502e+01  4.330036e+01 -3.000000e+00
     vertex  6.991840e+01  4.330196e+01 -3.000000e+00
   endloop
 endfacet
 facet normal  6.859319e-03  9.999765e-01  0.000000e+00
   outer loop
     vertex  6.996502e+01  4.330036e+01  0.000000e+00
     vertex  7.001166e+01  4.330004e+01 -3.000000e+00
     vertex  6.996502e+01  4.330036e+01 -3.000000e+00
   endloop
 endfacet
 facet normal  6.859319e-03  9.999765e-01  0.000000e+00
   outer loop
     vertex  7.001166e+01  4.330004e+01  0.000000e+00
     vertex  7.001166e+01  4.330004e+01 -3.000000e+00
     vertex  6.996502e+01  4.330036e+01  0.000000e+00
   endloop
 endfacet
 facet normal -4.799716e-02  9.988475e-01  0.000000e+00
   outer loop
     vertex  7.005829e+01  4.330100e+01  0.000000e+00
     vertex  7.010488e+01  4.330324e+01 -3.000000e+00
     vertex  7.005829e+01  4.330100e+01 -3.000000e+00
   endloop
 endfacet
 facet normal -2.057667e-02  9.997883e-01  0.000000e+00
   outer loop
     vertex  7.005829e+01  4.330100e+01  0.000000e+00
     vertex  7.001166e+01  4.330004e+01 -3.000000e+00
     vertex  7.001166e+01  4.330004e+01  0.000000e+00
   endloop
 endfacet
 facet normal -2.057667e-02  9.997883e-01  0.000000e+00
   outer loop
     vertex  7.005829e+01  4.330100e+01  0.000000e+00
     vertex  7.005829e+01  4.330100e+01 -3.000000e+00
     vertex  7.001166e+01  4.330004e+01 -3.000000e+00
   endloop
 endfacet
 facet normal -4.799716e-02  9.988475e-01  0.000000e+00
   outer loop
     vertex  7.010488e+01  4.330324e+01  0.000000e+00
     vertex  7.010488e+01  4.330324e+01 -3.000000e+00
     vertex  7.005829e+01  4.330100e+01  0.000000e+00
   endloop
 endfacet
 facet normal -7.538152e-02  9.971548e-01  0.000000e+00
   outer loop
     vertex  7.015139e+01  4.330675e+01  0.000000e+00
     vertex  7.015139e+01  4.330675e+01 -3.000000e+00
     vertex  7.010488e+01  4.330324e+01 -3.000000e+00
   endloop
 endfacet
 facet normal -7.538152e-02  9.971548e-01  0.000000e+00
   outer loop
     vertex  7.015139e+01  4.330675e+01  0.000000e+00
     vertex  7.010488e+01  4.330324e+01 -3.000000e+00
     vertex  7.010488e+01  4.330324e+01  0.000000e+00
   endloop
 endfacet
 facet normal -1.027091e-01  9.947114e-01  0.000000e+00
   outer loop
     vertex  7.019779e+01  4.331154e+01  0.000000e+00
     vertex  7.019779e+01  4.331154e+01 -3.000000e+00
     vertex  7.015139e+01  4.330675e+01 -3.000000e+00
   endloop
 endfacet
 facet normal -1.027091e-01  9.947114e-01  0.000000e+00
   outer loop
     vertex  7.019779e+01  4.331154e+01  0.000000e+00
     vertex  7.015139e+01  4.330675e+01 -3.000000e+00
     vertex  7.015139e+01  4.330675e+01  0.000000e+00
   endloop
 endfacet
 facet normal -1.299594e-01  9.915193e-01  0.000000e+00
   outer loop
     vertex  7.024403e+01  4.331761e+01  0.000000e+00
     vertex  7.024403e+01  4.331761e+01 -3.000000e+00
     vertex  7.019779e+01  4.331154e+01 -3.000000e+00
   endloop
 endfacet
 facet normal -1.299594e-01  9.915193e-01  0.000000e+00
   outer loop
     vertex  7.024403e+01  4.331761e+01  0.000000e+00
     vertex  7.019779e+01  4.331154e+01 -3.000000e+00
     vertex  7.019779e+01  4.331154e+01  0.000000e+00
   endloop
 endfacet
 facet normal -1.571119e-01  9.875808e-01  0.000000e+00
   outer loop
     vertex  7.029010e+01  4.332493e+01  0.000000e+00
     vertex  7.029010e+01  4.332493e+01 -3.000000e+00
     vertex  7.024403e+01  4.331761e+01 -3.000000e+00
   endloop
 endfacet
 facet normal -1.841461e-01  9.828989e-01  0.000000e+00
   outer loop
     vertex  7.029010e+01  4.332493e+01  0.000000e+00
     vertex  7.033594e+01  4.333352e+01 -3.000000e+00
     vertex  7.029010e+01  4.332493e+01 -3.000000e+00
   endloop
 endfacet
 facet normal -1.571119e-01  9.875808e-01  0.000000e+00
   outer loop
     vertex  7.029010e+01  4.332493e+01  0.000000e+00
     vertex  7.024403e+01  4.331761e+01 -3.000000e+00
     vertex  7.024403e+01  4.331761e+01  0.000000e+00
   endloop
 endfacet
 facet normal -2.110417e-01  9.774771e-01  0.000000e+00
   outer loop
     vertex  7.033594e+01  4.333352e+01  0.000000e+00
     vertex  7.038153e+01  4.334337e+01 -3.000000e+00
     vertex  7.033594e+01  4.333352e+01 -3.000000e+00
   endloop
 endfacet
 facet normal -1.841461e-01  9.828989e-01  0.000000e+00
   outer loop
     vertex  7.033594e+01  4.333352e+01  0.000000e+00
     vertex  7.033594e+01  4.333352e+01 -3.000000e+00
     vertex  7.029010e+01  4.332493e+01  0.000000e+00
   endloop
 endfacet
 facet normal -2.377784e-01  9.713194e-01  0.000000e+00
   outer loop
     vertex  7.038153e+01  4.334337e+01  0.000000e+00
     vertex  7.042684e+01  4.335446e+01 -3.000000e+00
     vertex  7.038153e+01  4.334337e+01 -3.000000e+00
   endloop
 endfacet
 facet normal -2.110417e-01  9.774771e-01  0.000000e+00
   outer loop
     vertex  7.038153e+01  4.334337e+01  0.000000e+00
     vertex  7.038153e+01  4.334337e+01 -3.000000e+00
     vertex  7.033594e+01  4.333352e+01  0.000000e+00
   endloop
 endfacet
 facet normal -2.643362e-01  9.644306e-01  0.000000e+00
   outer loop
     vertex  7.042684e+01  4.335446e+01  0.000000e+00
     vertex  7.047182e+01  4.336679e+01 -3.000000e+00
     vertex  7.042684e+01  4.335446e+01 -3.000000e+00
   endloop
 endfacet
 facet normal -2.377784e-01  9.713194e-01  0.000000e+00
   outer loop
     vertex  7.042684e+01  4.335446e+01  0.000000e+00
     vertex  7.042684e+01  4.335446e+01 -3.000000e+00
     vertex  7.038153e+01  4.334337e+01  0.000000e+00
   endloop
 endfacet
 facet normal -2.643362e-01  9.644306e-01  0.000000e+00
   outer loop
     vertex  7.047182e+01  4.336679e+01  0.000000e+00
     vertex  7.047182e+01  4.336679e+01 -3.000000e+00
     vertex  7.042684e+01  4.335446e+01  0.000000e+00
   endloop
 endfacet
 facet normal -2.906949e-01  9.568158e-01  0.000000e+00
   outer loop
     vertex  7.051645e+01  4.338035e+01  0.000000e+00
     vertex  7.051645e+01  4.338035e+01 -3.000000e+00
     vertex  7.047182e+01  4.336679e+01 -3.000000e+00
   endloop
 endfacet
 facet normal -2.906949e-01  9.568158e-01  0.000000e+00
   outer loop
     vertex  7.051645e+01  4.338035e+01  0.000000e+00
     vertex  7.047182e+01  4.336679e+01 -3.000000e+00
     vertex  7.047182e+01  4.336679e+01  0.000000e+00
   endloop
 endfacet
 facet normal -3.168348e-01  9.484807e-01  0.000000e+00
   outer loop
     vertex  7.056069e+01  4.339512e+01  0.000000e+00
     vertex  7.056069e+01  4.339512e+01 -3.000000e+00
     vertex  7.051645e+01  4.338035e+01 -3.000000e+00
   endloop
 endfacet
 facet normal -3.427362e-01  9.394317e-01  0.000000e+00
   outer loop
     vertex  7.056069e+01  4.339512e+01  0.000000e+00
     vertex  7.060451e+01  4.341111e+01 -3.000000e+00
     vertex  7.056069e+01  4.339512e+01 -3.000000e+00
   endloop
 endfacet
 facet normal -3.168348e-01  9.484807e-01  0.000000e+00
   outer loop
     vertex  7.056069e+01  4.339512e+01  0.000000e+00
     vertex  7.051645e+01  4.338035e+01 -3.000000e+00
     vertex  7.051645e+01  4.338035e+01  0.000000e+00
   endloop
 endfacet
 facet normal -3.427362e-01  9.394317e-01  0.000000e+00
   outer loop
     vertex  7.060451e+01  4.341111e+01  0.000000e+00
     vertex  7.060451e+01  4.341111e+01 -3.000000e+00
     vertex  7.056069e+01  4.339512e+01  0.000000e+00
   endloop
 endfacet
 facet normal -3.683796e-01  9.296754e-01  0.000000e+00
   outer loop
     vertex  7.064787e+01  4.342829e+01  0.000000e+00
     vertex  7.064787e+01  4.342829e+01 -3.000000e+00
     vertex  7.060451e+01  4.341111e+01 -3.000000e+00
   endloop
 endfacet
 facet normal -3.683796e-01  9.296754e-01  0.000000e+00
   outer loop
     vertex  7.064787e+01  4.342829e+01  0.000000e+00
     vertex  7.060451e+01  4.341111e+01 -3.000000e+00
     vertex  7.060451e+01  4.341111e+01  0.000000e+00
   endloop
 endfacet
 facet normal -3.937458e-01  9.192194e-01  0.000000e+00
   outer loop
     vertex  7.069074e+01  4.344666e+01  0.000000e+00
     vertex  7.064787e+01  4.342829e+01 -3.000000e+00
     vertex  7.064787e+01  4.342829e+01  0.000000e+00
   endloop
 endfacet
 facet normal -3.937458e-01  9.192194e-01  0.000000e+00
   outer loop
     vertex  7.069074e+01  4.344666e+01  0.000000e+00
     vertex  7.069074e+01  4.344666e+01 -3.000000e+00
     vertex  7.064787e+01  4.342829e+01 -3.000000e+00
   endloop
 endfacet
 facet normal -4.188155e-01  9.080714e-01  0.000000e+00
   outer loop
     vertex  7.069074e+01  4.344666e+01  0.000000e+00
     vertex  7.073310e+01  4.346619e+01 -3.000000e+00
     vertex  7.069074e+01  4.344666e+01 -3.000000e+00
   endloop
 endfacet
 facet normal -4.188155e-01  9.080714e-01  0.000000e+00
   outer loop
     vertex  7.073310e+01  4.346619e+01  0.000000e+00
     vertex  7.073310e+01  4.346619e+01 -3.000000e+00
     vertex  7.069074e+01  4.344666e+01  0.000000e+00
   endloop
 endfacet
 facet normal -4.435699e-01  8.962398e-01  0.000000e+00
   outer loop
     vertex  7.077490e+01  4.348688e+01  0.000000e+00
     vertex  7.077490e+01  4.348688e+01 -3.000000e+00
     vertex  7.073310e+01  4.346619e+01 -3.000000e+00
   endloop
 endfacet
 facet normal -4.679904e-01  8.837335e-01  0.000000e+00
   outer loop
     vertex  7.077490e+01  4.348688e+01  0.000000e+00
     vertex  7.081612e+01  4.350871e+01 -3.000000e+00
     vertex  7.077490e+01  4.348688e+01 -3.000000e+00
   endloop
 endfacet
 facet normal -4.435699e-01  8.962398e-01  0.000000e+00
   outer loop
     vertex  7.077490e+01  4.348688e+01  0.000000e+00
     vertex  7.073310e+01  4.346619e+01 -3.000000e+00
     vertex  7.073310e+01  4.346619e+01  0.000000e+00
   endloop
 endfacet
 facet normal -4.679904e-01  8.837335e-01  0.000000e+00
   outer loop
     vertex  7.081612e+01  4.350871e+01  0.000000e+00
     vertex  7.081612e+01  4.350871e+01 -3.000000e+00
     vertex  7.077490e+01  4.348688e+01  0.000000e+00
   endloop
 endfacet
 facet normal -4.920587e-01  8.705620e-01  0.000000e+00
   outer loop
     vertex  7.081612e+01  4.350871e+01  0.000000e+00
     vertex  7.085672e+01  4.353166e+01 -3.000000e+00
     vertex  7.081612e+01  4.350871e+01 -3.000000e+00
   endloop
 endfacet
 facet normal -4.920587e-01  8.705620e-01  0.000000e+00
   outer loop
     vertex  7.085672e+01  4.353166e+01  0.000000e+00
     vertex  7.085672e+01  4.353166e+01 -3.000000e+00
     vertex  7.081612e+01  4.350871e+01  0.000000e+00
   endloop
 endfacet
 facet normal -5.157565e-01  8.567352e-01  0.000000e+00
   outer loop
     vertex  7.085672e+01  4.353166e+01  0.000000e+00
     vertex  7.089668e+01  4.355572e+01 -3.000000e+00
     vertex  7.085672e+01  4.353166e+01 -3.000000e+00
   endloop
 endfacet
 facet normal -5.157565e-01  8.567352e-01  0.000000e+00
   outer loop
     vertex  7.089668e+01  4.355572e+01  0.000000e+00
     vertex  7.089668e+01  4.355572e+01 -3.000000e+00
     vertex  7.085672e+01  4.353166e+01  0.000000e+00
   endloop
 endfacet
 facet normal -5.390661e-01  8.422635e-01  0.000000e+00
   outer loop
     vertex  7.093597e+01  4.358086e+01  0.000000e+00
     vertex  7.093597e+01  4.358086e+01 -3.000000e+00
     vertex  7.089668e+01  4.355572e+01 -3.000000e+00
   endloop
 endfacet
 facet normal -5.390661e-01  8.422635e-01  0.000000e+00
   outer loop
     vertex  7.093597e+01  4.358086e+01  0.000000e+00
     vertex  7.089668e+01  4.355572e+01 -3.000000e+00
     vertex  7.089668e+01  4.355572e+01  0.000000e+00
   endloop
 endfacet
 facet normal -5.619699e-01  8.271577e-01  0.000000e+00
   outer loop
     vertex  7.097455e+01  4.360707e+01  0.000000e+00
     vertex  7.097455e+01  4.360707e+01 -3.000000e+00
     vertex  7.093597e+01  4.358086e+01 -3.000000e+00
   endloop
 endfacet
 facet normal -5.844507e-01  8.114292e-01  0.000000e+00
   outer loop
     vertex  7.097455e+01  4.360707e+01  0.000000e+00
     vertex  7.101240e+01  4.363433e+01 -3.000000e+00
     vertex  7.097455e+01  4.360707e+01 -3.000000e+00
   endloop
 endfacet
 facet normal -5.619699e-01  8.271577e-01  0.000000e+00
   outer loop
     vertex  7.097455e+01  4.360707e+01  0.000000e+00
     vertex  7.093597e+01  4.358086e+01 -3.000000e+00
     vertex  7.093597e+01  4.358086e+01  0.000000e+00
   endloop
 endfacet
 facet normal -5.844507e-01  8.114292e-01  0.000000e+00
   outer loop
     vertex  7.101240e+01  4.363433e+01  0.000000e+00
     vertex  7.101240e+01  4.363433e+01 -3.000000e+00
     vertex  7.097455e+01  4.360707e+01  0.000000e+00
   endloop
 endfacet
 facet normal -6.064915e-01  7.950900e-01  0.000000e+00
   outer loop
     vertex  7.104948e+01  4.366262e+01  0.000000e+00
     vertex  7.104948e+01  4.366262e+01 -3.000000e+00
     vertex  7.101240e+01  4.363433e+01 -3.000000e+00
   endloop
 endfacet
 facet normal -6.280757e-01  7.781522e-01  0.000000e+00
   outer loop
     vertex  7.104948e+01  4.366262e+01  0.000000e+00
     vertex  7.108578e+01  4.369191e+01 -3.000000e+00
     vertex  7.104948e+01  4.366262e+01 -3.000000e+00
   endloop
 endfacet
 facet normal -6.064915e-01  7.950900e-01  0.000000e+00
   outer loop
     vertex  7.104948e+01  4.366262e+01  0.000000e+00
     vertex  7.101240e+01  4.363433e+01 -3.000000e+00
     vertex  7.101240e+01  4.363433e+01  0.000000e+00
   endloop
 endfacet
 facet normal -6.280757e-01  7.781522e-01  0.000000e+00
   outer loop
     vertex  7.108578e+01  4.369191e+01  0.000000e+00
     vertex  7.108578e+01  4.369191e+01 -3.000000e+00
     vertex  7.104948e+01  4.366262e+01  0.000000e+00
   endloop
 endfacet
 facet normal -6.491872e-01  7.606287e-01  0.000000e+00
   outer loop
     vertex  7.108578e+01  4.369191e+01  0.000000e+00
     vertex  7.112125e+01  4.372219e+01 -3.000000e+00
     vertex  7.108578e+01  4.369191e+01 -3.000000e+00
   endloop
 endfacet
 facet normal -6.491872e-01  7.606287e-01  0.000000e+00
   outer loop
     vertex  7.112125e+01  4.372219e+01  0.000000e+00
     vertex  7.112125e+01  4.372219e+01 -3.000000e+00
     vertex  7.108578e+01  4.369191e+01  0.000000e+00
   endloop
 endfacet
 facet normal -6.698100e-01  7.425325e-01  0.000000e+00
   outer loop
     vertex  7.115589e+01  4.375343e+01  0.000000e+00
     vertex  7.115589e+01  4.375343e+01 -3.000000e+00
     vertex  7.112125e+01  4.372219e+01 -3.000000e+00
   endloop
 endfacet
 facet normal -6.698100e-01  7.425325e-01  0.000000e+00
   outer loop
     vertex  7.115589e+01  4.375343e+01  0.000000e+00
     vertex  7.112125e+01  4.372219e+01 -3.000000e+00
     vertex  7.112125e+01  4.372219e+01  0.000000e+00
   endloop
 endfacet
 facet normal -6.899286e-01  7.238775e-01  0.000000e+00
   outer loop
     vertex  7.118965e+01  4.378561e+01  0.000000e+00
     vertex  7.118965e+01  4.378561e+01 -3.000000e+00
     vertex  7.115589e+01  4.375343e+01 -3.000000e+00
   endloop
 endfacet
 facet normal -6.899286e-01  7.238775e-01  0.000000e+00
   outer loop
     vertex  7.118965e+01  4.378561e+01  0.000000e+00
     vertex  7.115589e+01  4.375343e+01 -3.000000e+00
     vertex  7.115589e+01  4.375343e+01  0.000000e+00
   endloop
 endfacet
 facet normal -7.095278e-01  7.046775e-01  0.000000e+00
   outer loop
     vertex  7.122252e+01  4.381871e+01  0.000000e+00
     vertex  7.122252e+01  4.381871e+01 -3.000000e+00
     vertex  7.118965e+01  4.378561e+01 -3.000000e+00
   endloop
 endfacet
 facet normal -7.095278e-01  7.046775e-01  0.000000e+00
   outer loop
     vertex  7.122252e+01  4.381871e+01  0.000000e+00
     vertex  7.118965e+01  4.378561e+01 -3.000000e+00
     vertex  7.118965e+01  4.378561e+01  0.000000e+00
   endloop
 endfacet
 facet normal -7.285929e-01  6.849470e-01  0.000000e+00
   outer loop
     vertex  7.125447e+01  4.385269e+01  0.000000e+00
     vertex  7.125447e+01  4.385269e+01 -3.000000e+00
     vertex  7.122252e+01  4.381871e+01 -3.000000e+00
   endloop
 endfacet
 facet normal -7.285929e-01  6.849470e-01  0.000000e+00
   outer loop
     vertex  7.125447e+01  4.385269e+01  0.000000e+00
     vertex  7.122252e+01  4.381871e+01 -3.000000e+00
     vertex  7.122252e+01  4.381871e+01  0.000000e+00
   endloop
 endfacet
 facet normal -7.471095e-01  6.647010e-01  0.000000e+00
   outer loop
     vertex  7.128547e+01  4.388754e+01  0.000000e+00
     vertex  7.128547e+01  4.388754e+01 -3.000000e+00
     vertex  7.125447e+01  4.385269e+01 -3.000000e+00
   endloop
 endfacet
 facet normal -7.471095e-01  6.647010e-01  0.000000e+00
   outer loop
     vertex  7.128547e+01  4.388754e+01  0.000000e+00
     vertex  7.125447e+01  4.385269e+01 -3.000000e+00
     vertex  7.125447e+01  4.385269e+01  0.000000e+00
   endloop
 endfacet
 facet normal -7.650637e-01  6.439545e-01  0.000000e+00
   outer loop
     vertex  7.131550e+01  4.392322e+01  0.000000e+00
     vertex  7.131550e+01  4.392322e+01 -3.000000e+00
     vertex  7.128547e+01  4.388754e+01 -3.000000e+00
   endloop
 endfacet
 facet normal -7.650637e-01  6.439545e-01  0.000000e+00
   outer loop
     vertex  7.131550e+01  4.392322e+01  0.000000e+00
     vertex  7.128547e+01  4.388754e+01 -3.000000e+00
     vertex  7.128547e+01  4.388754e+01  0.000000e+00
   endloop
 endfacet
 facet normal -7.824421e-01  6.227234e-01  0.000000e+00
   outer loop
     vertex  7.134455e+01  4.395972e+01  0.000000e+00
     vertex  7.134455e+01  4.395972e+01 -3.000000e+00
     vertex  7.131550e+01  4.392322e+01 -3.000000e+00
   endloop
 endfacet
 facet normal -7.824421e-01  6.227234e-01  0.000000e+00
   outer loop
     vertex  7.134455e+01  4.395972e+01  0.000000e+00
     vertex  7.131550e+01  4.392322e+01 -3.000000e+00
     vertex  7.131550e+01  4.392322e+01  0.000000e+00
   endloop
 endfacet
 facet normal -7.992314e-01  6.010234e-01  0.000000e+00
   outer loop
     vertex  7.137258e+01  4.399700e+01  0.000000e+00
     vertex  7.137258e+01  4.399700e+01 -3.000000e+00
     vertex  7.134455e+01  4.395972e+01 -3.000000e+00
   endloop
 endfacet
 facet normal -7.992314e-01  6.010234e-01  0.000000e+00
   outer loop
     vertex  7.137258e+01  4.399700e+01  0.000000e+00
     vertex  7.134455e+01  4.395972e+01 -3.000000e+00
     vertex  7.134455e+01  4.395972e+01  0.000000e+00
   endloop
 endfacet
 facet normal -8.154191e-01  5.788711e-01  0.000000e+00
   outer loop
     vertex  7.139958e+01  4.403503e+01  0.000000e+00
     vertex  7.139958e+01  4.403503e+01 -3.000000e+00
     vertex  7.137258e+01  4.399700e+01 -3.000000e+00
   endloop
 endfacet
 facet normal -8.309929e-01  5.562829e-01  0.000000e+00
   outer loop
     vertex  7.139958e+01  4.403503e+01  0.000000e+00
     vertex  7.142553e+01  4.407379e+01 -3.000000e+00
     vertex  7.139958e+01  4.403503e+01 -3.000000e+00
   endloop
 endfacet
 facet normal -8.154191e-01  5.788711e-01  0.000000e+00
   outer loop
     vertex  7.139958e+01  4.403503e+01  0.000000e+00
     vertex  7.137258e+01  4.399700e+01 -3.000000e+00
     vertex  7.137258e+01  4.399700e+01  0.000000e+00
   endloop
 endfacet
 facet normal -8.309929e-01  5.562829e-01  0.000000e+00
   outer loop
     vertex  7.142553e+01  4.407379e+01  0.000000e+00
     vertex  7.142553e+01  4.407379e+01 -3.000000e+00
     vertex  7.139958e+01  4.403503e+01  0.000000e+00
   endloop
 endfacet
 facet normal -8.459413e-01  5.332761e-01  0.000000e+00
   outer loop
     vertex  7.145040e+01  4.411324e+01  0.000000e+00
     vertex  7.145040e+01  4.411324e+01 -3.000000e+00
     vertex  7.142553e+01  4.407379e+01 -3.000000e+00
   endloop
 endfacet
 facet normal -8.602528e-01  5.098678e-01  0.000000e+00
   outer loop
     vertex  7.145040e+01  4.411324e+01  0.000000e+00
     vertex  7.147418e+01  4.415337e+01 -3.000000e+00
     vertex  7.145040e+01  4.411324e+01 -3.000000e+00
   endloop
 endfacet
 facet normal -8.459413e-01  5.332761e-01  0.000000e+00
   outer loop
     vertex  7.145040e+01  4.411324e+01  0.000000e+00
     vertex  7.142553e+01  4.407379e+01 -3.000000e+00
     vertex  7.142553e+01  4.407379e+01  0.000000e+00
   endloop
 endfacet
 facet normal -8.602528e-01  5.098678e-01  0.000000e+00
   outer loop
     vertex  7.147418e+01  4.415337e+01  0.000000e+00
     vertex  7.147418e+01  4.415337e+01 -3.000000e+00
     vertex  7.145040e+01  4.411324e+01  0.000000e+00
   endloop
 endfacet
 facet normal -8.739167e-01  4.860756e-01  0.000000e+00
   outer loop
     vertex  7.149685e+01  4.419413e+01  0.000000e+00
     vertex  7.149685e+01  4.419413e+01 -3.000000e+00
     vertex  7.147418e+01  4.415337e+01 -3.000000e+00
   endloop
 endfacet
 facet normal -8.739167e-01  4.860756e-01  0.000000e+00
   outer loop
     vertex  7.149685e+01  4.419413e+01  0.000000e+00
     vertex  7.147418e+01  4.415337e+01 -3.000000e+00
     vertex  7.147418e+01  4.415337e+01  0.000000e+00
   endloop
 endfacet
 facet normal -8.869228e-01  4.619176e-01  0.000000e+00
   outer loop
     vertex  7.151840e+01  4.423550e+01  0.000000e+00
     vertex  7.149685e+01  4.419413e+01 -3.000000e+00
     vertex  7.149685e+01  4.419413e+01  0.000000e+00
   endloop
 endfacet
 facet normal -8.869228e-01  4.619176e-01  0.000000e+00
   outer loop
     vertex  7.151840e+01  4.423550e+01  0.000000e+00
     vertex  7.151840e+01  4.423550e+01 -3.000000e+00
     vertex  7.149685e+01  4.419413e+01 -3.000000e+00
   endloop
 endfacet
 facet normal -8.992613e-01  4.374119e-01  0.000000e+00
   outer loop
     vertex  7.151840e+01  4.423550e+01  0.000000e+00
     vertex  7.153880e+01  4.427744e+01 -3.000000e+00
     vertex  7.151840e+01  4.423550e+01 -3.000000e+00
   endloop
 endfacet
 facet normal -8.992613e-01  4.374119e-01  0.000000e+00
   outer loop
     vertex  7.153880e+01  4.427744e+01  0.000000e+00
     vertex  7.153880e+01  4.427744e+01 -3.000000e+00
     vertex  7.151840e+01  4.423550e+01  0.000000e+00
   endloop
 endfacet
 facet normal -9.109228e-01  4.125769e-01  0.000000e+00
   outer loop
     vertex  7.155804e+01  4.431993e+01  0.000000e+00
     vertex  7.153880e+01  4.427744e+01 -3.000000e+00
     vertex  7.153880e+01  4.427744e+01  0.000000e+00
   endloop
 endfacet
 facet normal -9.109228e-01  4.125769e-01  0.000000e+00
   outer loop
     vertex  7.155804e+01  4.431993e+01  0.000000e+00
     vertex  7.155804e+01  4.431993e+01 -3.000000e+00
     vertex  7.153880e+01  4.427744e+01 -3.000000e+00
   endloop
 endfacet
 facet normal -9.218986e-01  3.874313e-01  0.000000e+00
   outer loop
     vertex  7.157612e+01  4.436293e+01  0.000000e+00
     vertex  7.155804e+01  4.431993e+01 -3.000000e+00
     vertex  7.155804e+01  4.431993e+01  0.000000e+00
   endloop
 endfacet
 facet normal -9.218986e-01  3.874313e-01  0.000000e+00
   outer loop
     vertex  7.157612e+01  4.436293e+01  0.000000e+00
     vertex  7.157612e+01  4.436293e+01 -3.000000e+00
     vertex  7.155804e+01  4.431993e+01 -3.000000e+00
   endloop
 endfacet
 facet normal -9.321804e-01  3.619940e-01  0.000000e+00
   outer loop
     vertex  7.159300e+01  4.440641e+01  0.000000e+00
     vertex  7.157612e+01  4.436293e+01 -3.000000e+00
     vertex  7.157612e+01  4.436293e+01  0.000000e+00
   endloop
 endfacet
 facet normal -9.321804e-01  3.619940e-01  0.000000e+00
   outer loop
     vertex  7.159300e+01  4.440641e+01  0.000000e+00
     vertex  7.159300e+01  4.440641e+01 -3.000000e+00
     vertex  7.157612e+01  4.436293e+01 -3.000000e+00
   endloop
 endfacet
 facet normal -9.417605e-01  3.362843e-01  0.000000e+00
   outer loop
     vertex  7.160868e+01  4.445033e+01  0.000000e+00
     vertex  7.159300e+01  4.440641e+01 -3.000000e+00
     vertex  7.159300e+01  4.440641e+01  0.000000e+00
   endloop
 endfacet
 facet normal -9.417605e-01  3.362843e-01  0.000000e+00
   outer loop
     vertex  7.160868e+01  4.445033e+01  0.000000e+00
     vertex  7.160868e+01  4.445033e+01 -3.000000e+00
     vertex  7.159300e+01  4.440641e+01 -3.000000e+00
   endloop
 endfacet
 facet normal -9.506317e-01  3.103214e-01  0.000000e+00
   outer loop
     vertex  7.162316e+01  4.449467e+01  0.000000e+00
     vertex  7.160868e+01  4.445033e+01 -3.000000e+00
     vertex  7.160868e+01  4.445033e+01  0.000000e+00
   endloop
 endfacet
 facet normal -9.506317e-01  3.103214e-01  0.000000e+00
   outer loop
     vertex  7.162316e+01  4.449467e+01  0.000000e+00
     vertex  7.162316e+01  4.449467e+01 -3.000000e+00
     vertex  7.160868e+01  4.445033e+01 -3.000000e+00
   endloop
 endfacet
 facet normal -9.587873e-01  2.841250e-01  0.000000e+00
   outer loop
     vertex  7.162316e+01  4.449467e+01  0.000000e+00
     vertex  7.163641e+01  4.453939e+01 -3.000000e+00
     vertex  7.162316e+01  4.449467e+01 -3.000000e+00
   endloop
 endfacet
 facet normal -9.587873e-01  2.841250e-01  0.000000e+00
   outer loop
     vertex  7.163641e+01  4.453939e+01  0.000000e+00
     vertex  7.163641e+01  4.453939e+01 -3.000000e+00
     vertex  7.162316e+01  4.449467e+01  0.000000e+00
   endloop
 endfacet
 facet normal -9.662211e-01  2.577146e-01  0.000000e+00
   outer loop
     vertex  7.164843e+01  4.458446e+01  0.000000e+00
     vertex  7.163641e+01  4.453939e+01 -3.000000e+00
     vertex  7.163641e+01  4.453939e+01  0.000000e+00
   endloop
 endfacet
 facet normal -9.662211e-01  2.577146e-01  0.000000e+00
   outer loop
     vertex  7.164843e+01  4.458446e+01  0.000000e+00
     vertex  7.164843e+01  4.458446e+01 -3.000000e+00
     vertex  7.163641e+01  4.453939e+01 -3.000000e+00
   endloop
 endfacet
 facet normal -9.729276e-01  2.311102e-01  0.000000e+00
   outer loop
     vertex  7.165921e+01  4.462984e+01  0.000000e+00
     vertex  7.164843e+01  4.458446e+01 -3.000000e+00
     vertex  7.164843e+01  4.458446e+01  0.000000e+00
   endloop
 endfacet
 facet normal -9.729276e-01  2.311102e-01  0.000000e+00
   outer loop
     vertex  7.165921e+01  4.462984e+01  0.000000e+00
     vertex  7.165921e+01  4.462984e+01 -3.000000e+00
     vertex  7.164843e+01  4.458446e+01 -3.000000e+00
   endloop
 endfacet
 facet normal -9.789017e-01  2.043319e-01  0.000000e+00
   outer loop
     vertex  7.166874e+01  4.467550e+01  0.000000e+00
     vertex  7.165921e+01  4.462984e+01 -3.000000e+00
     vertex  7.165921e+01  4.462984e+01  0.000000e+00
   endloop
 endfacet
 facet normal -9.789017e-01  2.043319e-01  0.000000e+00
   outer loop
     vertex  7.166874e+01  4.467550e+01  0.000000e+00
     vertex  7.166874e+01  4.467550e+01 -3.000000e+00
     vertex  7.165921e+01  4.462984e+01 -3.000000e+00
   endloop
 endfacet
 facet normal -9.841389e-01  1.773998e-01  0.000000e+00
   outer loop
     vertex  7.167702e+01  4.472140e+01  0.000000e+00
     vertex  7.166874e+01  4.467550e+01 -3.000000e+00
     vertex  7.166874e+01  4.467550e+01  0.000000e+00
   endloop
 endfacet
 facet normal -9.841389e-01  1.773998e-01  0.000000e+00
   outer loop
     vertex  7.167702e+01  4.472140e+01  0.000000e+00
     vertex  7.167702e+01  4.472140e+01 -3.000000e+00
     vertex  7.166874e+01  4.467550e+01 -3.000000e+00
   endloop
 endfacet
 facet normal -9.886353e-01  1.503341e-01  0.000000e+00
   outer loop
     vertex  7.168403e+01  4.476751e+01  0.000000e+00
     vertex  7.167702e+01  4.472140e+01 -3.000000e+00
     vertex  7.167702e+01  4.472140e+01  0.000000e+00
   endloop
 endfacet
 facet normal -9.886353e-01  1.503341e-01  0.000000e+00
   outer loop
     vertex  7.168403e+01  4.476751e+01  0.000000e+00
     vertex  7.168403e+01  4.476751e+01 -3.000000e+00
     vertex  7.167702e+01  4.472140e+01 -3.000000e+00
   endloop
 endfacet
 facet normal -9.923874e-01  1.231552e-01  0.000000e+00
   outer loop
     vertex  7.168403e+01  4.476751e+01  0.000000e+00
     vertex  7.168977e+01  4.481380e+01 -3.000000e+00
     vertex  7.168403e+01  4.476751e+01 -3.000000e+00
   endloop
 endfacet
 facet normal -9.923874e-01  1.231552e-01  0.000000e+00
   outer loop
     vertex  7.168977e+01  4.481380e+01  0.000000e+00
     vertex  7.168977e+01  4.481380e+01 -3.000000e+00
     vertex  7.168403e+01  4.476751e+01  0.000000e+00
   endloop
 endfacet
 facet normal -9.953925e-01  9.588368e-02  0.000000e+00
   outer loop
     vertex  7.169424e+01  4.486023e+01  0.000000e+00
     vertex  7.169424e+01  4.486023e+01 -3.000000e+00
     vertex  7.168977e+01  4.481380e+01 -3.000000e+00
   endloop
 endfacet
 facet normal -9.976484e-01  6.853995e-02  0.000000e+00
   outer loop
     vertex  7.169424e+01  4.486023e+01  0.000000e+00
     vertex  7.169744e+01  4.490676e+01 -3.000000e+00
     vertex  7.169424e+01  4.486023e+01 -3.000000e+00
   endloop
 endfacet
 facet normal -9.953925e-01  9.588368e-02  0.000000e+00
   outer loop
     vertex  7.169424e+01  4.486023e+01  0.000000e+00
     vertex  7.168977e+01  4.481380e+01 -3.000000e+00
     vertex  7.168977e+01  4.481380e+01  0.000000e+00
   endloop
 endfacet
 facet normal -9.976484e-01  6.853995e-02  0.000000e+00
   outer loop
     vertex  7.169744e+01  4.490676e+01  0.000000e+00
     vertex  7.169744e+01  4.490676e+01 -3.000000e+00
     vertex  7.169424e+01  4.486023e+01  0.000000e+00
   endloop
 endfacet
 facet normal -9.991532e-01  4.114462e-02  0.000000e+00
   outer loop
     vertex  7.169936e+01  4.495336e+01  0.000000e+00
     vertex  7.169936e+01  4.495336e+01 -3.000000e+00
     vertex  7.169744e+01  4.490676e+01 -3.000000e+00
   endloop
 endfacet
 facet normal -9.991532e-01  4.114462e-02  0.000000e+00
   outer loop
     vertex  7.169936e+01  4.495336e+01  0.000000e+00
     vertex  7.169744e+01  4.490676e+01 -3.000000e+00
     vertex  7.169744e+01  4.490676e+01  0.000000e+00
   endloop
 endfacet
 facet normal -9.999059e-01  1.371831e-02  0.000000e+00
   outer loop
     vertex  7.170000e+01  4.500000e+01  0.000000e+00
     vertex  7.170000e+01  4.500000e+01 -3.000000e+00
     vertex  7.169936e+01  4.495336e+01 -3.000000e+00
   endloop
 endfacet
 facet normal -9.999059e-01  1.371831e-02  0.000000e+00
   outer loop
     vertex  7.170000e+01  4.500000e+01  0.000000e+00
     vertex  7.169936e+01  4.495336e+01 -3.000000e+00
     vertex  7.169936e+01  4.495336e+01  0.000000e+00
   endloop
 endfacet
endsolid
