ISO-10303-21;
HEADER;
FILE_DESCRIPTION(('FreeCAD Model'),'2;1');
FILE_NAME('Open CASCADE Shape Model','2026-09-12T22:05:54',('FreeCAD'),(
    'FreeCAD'),'Open CASCADE STEP processor 7.8','FreeCAD','Unknown');
FILE_SCHEMA(('AUTOMOTIVE_DESIGN { 1 0 10303 214 1 1 1 1 }'));
ENDSEC;
DATA;
#1 = APPLICATION_PROTOCOL_DEFINITION('international standard',
  'automotive_design',2000,#2);
#2 = APPLICATION_CONTEXT(
  'core data for automotive mechanical design processes');
#3 = SHAPE_DEFINITION_REPRESENTATION(#4,#10);
#4 = PRODUCT_DEFINITION_SHAPE('','',#5);
#5 = PRODUCT_DEFINITION('design','',#6,#9);
#6 = PRODUCT_DEFINITION_FORMATION('','',#7);
#7 = PRODUCT('Open CASCADE STEP translator 7.8 1',
  'Open CASCADE STEP translator 7.8 1','',(#8));
#8 = PRODUCT_CONTEXT('',#2,'mechanical');
#9 = PRODUCT_DEFINITION_CONTEXT('part definition',#2,'design');
#10 = SHAPE_REPRESENTATION('',(#11,#15,#3240),#4562);
#11 = AXIS2_PLACEMENT_3D('',#12,#13,#14);
#12 = CARTESIAN_POINT('',(0.,0.,0.));
#13 = DIRECTION('',(0.,0.,1.));
#14 = DIRECTION('',(1.,0.,-0.));
#15 = MANIFOLD_SOLID_BREP('',#16);
#16 = CLOSED_SHELL('',(#17,#57,#639,#663,#1193,#1210,#1227,#1244,#1261,
    #1278,#1295,#1312,#1329,#1346,#1363,#1380,#1397,#1414,#1426,#1443,
    #1460,#1477,#1499,#1516,#1533,#1550,#1567,#1584,#1601,#1618,#1635,
    #1652,#1664,#1681,#1698,#1715,#1732,#1749,#1766,#1783,#1880,#1897,
    #1914,#1936,#1953,#1970,#1987,#2004,#2021,#2038,#2055,#2072,#2089,
    #2101,#2118,#2135,#2152,#2169,#2186,#2217,#2241,#2265,#2282,#2299,
    #2316,#2333,#2350,#2444,#2469,#2509,#2534,#2559,#2649,#2676,#2723,
    #2770,#2802,#2827,#2854,#2885,#2916,#2940,#2964,#2981,#3006,#3031,
    #3056,#3081,#3116,#3139,#3163,#3187,#3204,#3228));
#17 = ADVANCED_FACE('',(#18),#52,.F.);
#18 = FACE_BOUND('',#19,.F.);
#19 = EDGE_LOOP('',(#20,#30,#38,#46));
#20 = ORIENTED_EDGE('',*,*,#21,.F.);
#21 = EDGE_CURVE('',#22,#24,#26,.T.);
#22 = VERTEX_POINT('',#23);
#23 = CARTESIAN_POINT('',(-250.,-50.,3.));
#24 = VERTEX_POINT('',#25);
#25 = CARTESIAN_POINT('',(-250.,50.,3.));
#26 = LINE('',#27,#28);
#27 = CARTESIAN_POINT('',(-250.,-145.,3.));
#28 = VECTOR('',#29,1.);
#29 = DIRECTION('',(0.,1.,0.));
#30 = ORIENTED_EDGE('',*,*,#31,.F.);
#31 = EDGE_CURVE('',#32,#22,#34,.T.);
#32 = VERTEX_POINT('',#33);
#33 = CARTESIAN_POINT('',(-250.,-50.,0.));
#34 = LINE('',#35,#36);
#35 = CARTESIAN_POINT('',(-250.,-50.,0.));
#36 = VECTOR('',#37,1.);
#37 = DIRECTION('',(0.,0.,1.));
#38 = ORIENTED_EDGE('',*,*,#39,.T.);
#39 = EDGE_CURVE('',#32,#40,#42,.T.);
#40 = VERTEX_POINT('',#41);
#41 = CARTESIAN_POINT('',(-250.,50.,0.));
#42 = LINE('',#43,#44);
#43 = CARTESIAN_POINT('',(-250.,-145.,0.));
#44 = VECTOR('',#45,1.);
#45 = DIRECTION('',(0.,1.,0.));
#46 = ORIENTED_EDGE('',*,*,#47,.T.);
#47 = EDGE_CURVE('',#40,#24,#48,.T.);
#48 = LINE('',#49,#50);
#49 = CARTESIAN_POINT('',(-250.,50.,0.));
#50 = VECTOR('',#51,1.);
#51 = DIRECTION('',(0.,0.,1.));
#52 = PLANE('',#53);
#53 = AXIS2_PLACEMENT_3D('',#54,#55,#56);
#54 = CARTESIAN_POINT('',(-250.,-145.,0.));
#55 = DIRECTION('',(1.,0.,0.));
#56 = DIRECTION('',(0.,0.,1.));
#57 = ADVANCED_FACE('',(#58,#183,#194,#205,#216,#309,#320,#331,#342,#353
    ,#364,#375,#386,#397,#408,#419,#512,#523,#534,#545,#556,#567,#601,
    #612,#623),#634,.T.);
#58 = FACE_BOUND('',#59,.T.);
#59 = EDGE_LOOP('',(#60,#61,#69,#78,#86,#94,#102,#111,#119,#127,#135,
    #144,#152,#160,#168,#177));
#60 = ORIENTED_EDGE('',*,*,#21,.F.);
#61 = ORIENTED_EDGE('',*,*,#62,.T.);
#62 = EDGE_CURVE('',#22,#63,#65,.T.);
#63 = VERTEX_POINT('',#64);
#64 = CARTESIAN_POINT('',(-112.,-50.,3.));
#65 = LINE('',#66,#67);
#66 = CARTESIAN_POINT('',(-260.,-50.,3.));
#67 = VECTOR('',#68,1.);
#68 = DIRECTION('',(1.,0.,0.));
#69 = ORIENTED_EDGE('',*,*,#70,.F.);
#70 = EDGE_CURVE('',#71,#63,#73,.T.);
#71 = VERTEX_POINT('',#72);
#72 = CARTESIAN_POINT('',(-104.,-58.,3.));
#73 = CIRCLE('',#74,8.);
#74 = AXIS2_PLACEMENT_3D('',#75,#76,#77);
#75 = CARTESIAN_POINT('',(-112.,-58.,3.));
#76 = DIRECTION('',(-0.,0.,1.));
#77 = DIRECTION('',(0.,-1.,0.));
#78 = ORIENTED_EDGE('',*,*,#79,.F.);
#79 = EDGE_CURVE('',#80,#71,#82,.T.);
#80 = VERTEX_POINT('',#81);
#81 = CARTESIAN_POINT('',(-104.,-145.,3.));
#82 = LINE('',#83,#84);
#83 = CARTESIAN_POINT('',(-104.,-160.,3.));
#84 = VECTOR('',#85,1.);
#85 = DIRECTION('',(0.,1.,0.));
#86 = ORIENTED_EDGE('',*,*,#87,.T.);
#87 = EDGE_CURVE('',#80,#88,#90,.T.);
#88 = VERTEX_POINT('',#89);
#89 = CARTESIAN_POINT('',(104.,-145.,3.));
#90 = LINE('',#91,#92);
#91 = CARTESIAN_POINT('',(-250.,-145.,3.));
#92 = VECTOR('',#93,1.);
#93 = DIRECTION('',(1.,0.,0.));
#94 = ORIENTED_EDGE('',*,*,#95,.T.);
#95 = EDGE_CURVE('',#88,#96,#98,.T.);
#96 = VERTEX_POINT('',#97);
#97 = CARTESIAN_POINT('',(104.,-58.,3.));
#98 = LINE('',#99,#100);
#99 = CARTESIAN_POINT('',(104.,-160.,3.));
#100 = VECTOR('',#101,1.);
#101 = DIRECTION('',(0.,1.,0.));
#102 = ORIENTED_EDGE('',*,*,#103,.T.);
#103 = EDGE_CURVE('',#96,#104,#106,.T.);
#104 = VERTEX_POINT('',#105);
#105 = CARTESIAN_POINT('',(112.,-50.,3.));
#106 = CIRCLE('',#107,8.);
#107 = AXIS2_PLACEMENT_3D('',#108,#109,#110);
#108 = CARTESIAN_POINT('',(112.,-58.,3.));
#109 = DIRECTION('',(-0.,-0.,-1.));
#110 = DIRECTION('',(0.,-1.,0.));
#111 = ORIENTED_EDGE('',*,*,#112,.T.);
#112 = EDGE_CURVE('',#104,#113,#115,.T.);
#113 = VERTEX_POINT('',#114);
#114 = CARTESIAN_POINT('',(250.,-50.,3.));
#115 = LINE('',#116,#117);
#116 = CARTESIAN_POINT('',(104.,-50.,3.));
#117 = VECTOR('',#118,1.);
#118 = DIRECTION('',(1.,0.,0.));
#119 = ORIENTED_EDGE('',*,*,#120,.T.);
#120 = EDGE_CURVE('',#113,#121,#123,.T.);
#121 = VERTEX_POINT('',#122);
#122 = CARTESIAN_POINT('',(250.,50.,3.));
#123 = LINE('',#124,#125);
#124 = CARTESIAN_POINT('',(250.,-145.,3.));
#125 = VECTOR('',#126,1.);
#126 = DIRECTION('',(0.,1.,0.));
#127 = ORIENTED_EDGE('',*,*,#128,.F.);
#128 = EDGE_CURVE('',#129,#121,#131,.T.);
#129 = VERTEX_POINT('',#130);
#130 = CARTESIAN_POINT('',(112.,50.,3.));
#131 = LINE('',#132,#133);
#132 = CARTESIAN_POINT('',(104.,50.,3.));
#133 = VECTOR('',#134,1.);
#134 = DIRECTION('',(1.,0.,0.));
#135 = ORIENTED_EDGE('',*,*,#136,.F.);
#136 = EDGE_CURVE('',#137,#129,#139,.T.);
#137 = VERTEX_POINT('',#138);
#138 = CARTESIAN_POINT('',(104.,58.,3.));
#139 = CIRCLE('',#140,8.);
#140 = AXIS2_PLACEMENT_3D('',#141,#142,#143);
#141 = CARTESIAN_POINT('',(112.,58.,3.));
#142 = DIRECTION('',(-0.,0.,1.));
#143 = DIRECTION('',(0.,-1.,0.));
#144 = ORIENTED_EDGE('',*,*,#145,.T.);
#145 = EDGE_CURVE('',#137,#146,#148,.T.);
#146 = VERTEX_POINT('',#147);
#147 = CARTESIAN_POINT('',(104.,145.,3.));
#148 = LINE('',#149,#150);
#149 = CARTESIAN_POINT('',(104.,50.,3.));
#150 = VECTOR('',#151,1.);
#151 = DIRECTION('',(0.,1.,0.));
#152 = ORIENTED_EDGE('',*,*,#153,.F.);
#153 = EDGE_CURVE('',#154,#146,#156,.T.);
#154 = VERTEX_POINT('',#155);
#155 = CARTESIAN_POINT('',(-104.,145.,3.));
#156 = LINE('',#157,#158);
#157 = CARTESIAN_POINT('',(-250.,145.,3.));
#158 = VECTOR('',#159,1.);
#159 = DIRECTION('',(1.,0.,0.));
#160 = ORIENTED_EDGE('',*,*,#161,.F.);
#161 = EDGE_CURVE('',#162,#154,#164,.T.);
#162 = VERTEX_POINT('',#163);
#163 = CARTESIAN_POINT('',(-104.,58.,3.));
#164 = LINE('',#165,#166);
#165 = CARTESIAN_POINT('',(-104.,50.,3.));
#166 = VECTOR('',#167,1.);
#167 = DIRECTION('',(0.,1.,0.));
#168 = ORIENTED_EDGE('',*,*,#169,.T.);
#169 = EDGE_CURVE('',#162,#170,#172,.T.);
#170 = VERTEX_POINT('',#171);
#171 = CARTESIAN_POINT('',(-112.,50.,3.));
#172 = CIRCLE('',#173,8.);
#173 = AXIS2_PLACEMENT_3D('',#174,#175,#176);
#174 = CARTESIAN_POINT('',(-112.,58.,3.));
#175 = DIRECTION('',(-0.,-0.,-1.));
#176 = DIRECTION('',(0.,-1.,0.));
#177 = ORIENTED_EDGE('',*,*,#178,.F.);
#178 = EDGE_CURVE('',#24,#170,#179,.T.);
#179 = LINE('',#180,#181);
#180 = CARTESIAN_POINT('',(-260.,50.,3.));
#181 = VECTOR('',#182,1.);
#182 = DIRECTION('',(1.,0.,0.));
#183 = FACE_BOUND('',#184,.T.);
#184 = EDGE_LOOP('',(#185));
#185 = ORIENTED_EDGE('',*,*,#186,.F.);
#186 = EDGE_CURVE('',#187,#187,#189,.T.);
#187 = VERTEX_POINT('',#188);
#188 = CARTESIAN_POINT('',(-73.3,-137.,3.));
#189 = CIRCLE('',#190,1.7);
#190 = AXIS2_PLACEMENT_3D('',#191,#192,#193);
#191 = CARTESIAN_POINT('',(-75.,-137.,3.));
#192 = DIRECTION('',(0.,0.,1.));
#193 = DIRECTION('',(1.,0.,0.));
#194 = FACE_BOUND('',#195,.T.);
#195 = EDGE_LOOP('',(#196));
#196 = ORIENTED_EDGE('',*,*,#197,.F.);
#197 = EDGE_CURVE('',#198,#198,#200,.T.);
#198 = VERTEX_POINT('',#199);
#199 = CARTESIAN_POINT('',(-98.3,-85.,3.));
#200 = CIRCLE('',#201,1.7);
#201 = AXIS2_PLACEMENT_3D('',#202,#203,#204);
#202 = CARTESIAN_POINT('',(-100.,-85.,3.));
#203 = DIRECTION('',(0.,0.,1.));
#204 = DIRECTION('',(1.,0.,0.));
#205 = FACE_BOUND('',#206,.T.);
#206 = EDGE_LOOP('',(#207));
#207 = ORIENTED_EDGE('',*,*,#208,.F.);
#208 = EDGE_CURVE('',#209,#209,#211,.T.);
#209 = VERTEX_POINT('',#210);
#210 = CARTESIAN_POINT('',(-30.,-100.,3.));
#211 = CIRCLE('',#212,10.);
#212 = AXIS2_PLACEMENT_3D('',#213,#214,#215);
#213 = CARTESIAN_POINT('',(-40.,-100.,3.));
#214 = DIRECTION('',(0.,0.,1.));
#215 = DIRECTION('',(1.,0.,0.));
#216 = FACE_BOUND('',#217,.T.);
#217 = EDGE_LOOP('',(#218,#229,#237,#245,#253,#261,#270,#278,#286,#294,
    #302));
#218 = ORIENTED_EDGE('',*,*,#219,.F.);
#219 = EDGE_CURVE('',#220,#222,#224,.T.);
#220 = VERTEX_POINT('',#221);
#221 = CARTESIAN_POINT('',(6.,-59.07878402833,3.));
#222 = VERTEX_POINT('',#223);
#223 = CARTESIAN_POINT('',(20.,-40.,3.));
#224 = CIRCLE('',#225,20.);
#225 = AXIS2_PLACEMENT_3D('',#226,#227,#228);
#226 = CARTESIAN_POINT('',(0.,-40.,3.));
#227 = DIRECTION('',(0.,0.,1.));
#228 = DIRECTION('',(1.,0.,0.));
#229 = ORIENTED_EDGE('',*,*,#230,.F.);
#230 = EDGE_CURVE('',#231,#220,#233,.T.);
#231 = VERTEX_POINT('',#232);
#232 = CARTESIAN_POINT('',(6.,-60.,3.));
#233 = LINE('',#234,#235);
#234 = CARTESIAN_POINT('',(6.,-60.,3.));
#235 = VECTOR('',#236,1.);
#236 = DIRECTION('',(0.,1.,0.));
#237 = ORIENTED_EDGE('',*,*,#238,.F.);
#238 = EDGE_CURVE('',#239,#231,#241,.T.);
#239 = VERTEX_POINT('',#240);
#240 = CARTESIAN_POINT('',(-1.779970166438E-12,-60.,3.));
#241 = LINE('',#242,#243);
#242 = CARTESIAN_POINT('',(-6.,-60.,3.));
#243 = VECTOR('',#244,1.);
#244 = DIRECTION('',(1.,0.,0.));
#245 = ORIENTED_EDGE('',*,*,#246,.F.);
#246 = EDGE_CURVE('',#247,#239,#249,.T.);
#247 = VERTEX_POINT('',#248);
#248 = CARTESIAN_POINT('',(-6.,-60.,3.));
#249 = LINE('',#250,#251);
#250 = CARTESIAN_POINT('',(-6.,-60.,3.));
#251 = VECTOR('',#252,1.);
#252 = DIRECTION('',(1.,0.,0.));
#253 = ORIENTED_EDGE('',*,*,#254,.T.);
#254 = EDGE_CURVE('',#247,#255,#257,.T.);
#255 = VERTEX_POINT('',#256);
#256 = CARTESIAN_POINT('',(-6.,-59.07878402833,3.));
#257 = LINE('',#258,#259);
#258 = CARTESIAN_POINT('',(-6.,-60.,3.));
#259 = VECTOR('',#260,1.);
#260 = DIRECTION('',(0.,1.,0.));
#261 = ORIENTED_EDGE('',*,*,#262,.F.);
#262 = EDGE_CURVE('',#263,#255,#265,.T.);
#263 = VERTEX_POINT('',#264);
#264 = CARTESIAN_POINT('',(-6.,-20.92121597166,3.));
#265 = CIRCLE('',#266,20.);
#266 = AXIS2_PLACEMENT_3D('',#267,#268,#269);
#267 = CARTESIAN_POINT('',(0.,-40.,3.));
#268 = DIRECTION('',(0.,0.,1.));
#269 = DIRECTION('',(1.,0.,0.));
#270 = ORIENTED_EDGE('',*,*,#271,.T.);
#271 = EDGE_CURVE('',#263,#272,#274,.T.);
#272 = VERTEX_POINT('',#273);
#273 = CARTESIAN_POINT('',(-6.,-20.,3.));
#274 = LINE('',#275,#276);
#275 = CARTESIAN_POINT('',(-6.,-60.,3.));
#276 = VECTOR('',#277,1.);
#277 = DIRECTION('',(0.,1.,0.));
#278 = ORIENTED_EDGE('',*,*,#279,.T.);
#279 = EDGE_CURVE('',#272,#280,#282,.T.);
#280 = VERTEX_POINT('',#281);
#281 = CARTESIAN_POINT('',(-3.587184402979E-12,-20.,3.));
#282 = LINE('',#283,#284);
#283 = CARTESIAN_POINT('',(-6.,-20.,3.));
#284 = VECTOR('',#285,1.);
#285 = DIRECTION('',(1.,0.,0.));
#286 = ORIENTED_EDGE('',*,*,#287,.T.);
#287 = EDGE_CURVE('',#280,#288,#290,.T.);
#288 = VERTEX_POINT('',#289);
#289 = CARTESIAN_POINT('',(6.,-20.,3.));
#290 = LINE('',#291,#292);
#291 = CARTESIAN_POINT('',(-6.,-20.,3.));
#292 = VECTOR('',#293,1.);
#293 = DIRECTION('',(1.,0.,0.));
#294 = ORIENTED_EDGE('',*,*,#295,.F.);
#295 = EDGE_CURVE('',#296,#288,#298,.T.);
#296 = VERTEX_POINT('',#297);
#297 = CARTESIAN_POINT('',(6.,-20.92121597166,3.));
#298 = LINE('',#299,#300);
#299 = CARTESIAN_POINT('',(6.,-60.,3.));
#300 = VECTOR('',#301,1.);
#301 = DIRECTION('',(0.,1.,0.));
#302 = ORIENTED_EDGE('',*,*,#303,.F.);
#303 = EDGE_CURVE('',#222,#296,#304,.T.);
#304 = CIRCLE('',#305,20.);
#305 = AXIS2_PLACEMENT_3D('',#306,#307,#308);
#306 = CARTESIAN_POINT('',(0.,-40.,3.));
#307 = DIRECTION('',(0.,0.,1.));
#308 = DIRECTION('',(1.,0.,0.));
#309 = FACE_BOUND('',#310,.T.);
#310 = EDGE_LOOP('',(#311));
#311 = ORIENTED_EDGE('',*,*,#312,.F.);
#312 = EDGE_CURVE('',#313,#313,#315,.T.);
#313 = VERTEX_POINT('',#314);
#314 = CARTESIAN_POINT('',(-90.3,-30.,3.));
#315 = CIRCLE('',#316,1.7);
#316 = AXIS2_PLACEMENT_3D('',#317,#318,#319);
#317 = CARTESIAN_POINT('',(-92.,-30.,3.));
#318 = DIRECTION('',(0.,0.,1.));
#319 = DIRECTION('',(1.,0.,0.));
#320 = FACE_BOUND('',#321,.T.);
#321 = EDGE_LOOP('',(#322));
#322 = ORIENTED_EDGE('',*,*,#323,.F.);
#323 = EDGE_CURVE('',#324,#324,#326,.T.);
#324 = VERTEX_POINT('',#325);
#325 = CARTESIAN_POINT('',(-27.65,-24.5,3.));
#326 = CIRCLE('',#327,1.35);
#327 = AXIS2_PLACEMENT_3D('',#328,#329,#330);
#328 = CARTESIAN_POINT('',(-29.,-24.5,3.));
#329 = DIRECTION('',(0.,0.,1.));
#330 = DIRECTION('',(1.,0.,0.));
#331 = FACE_BOUND('',#332,.T.);
#332 = EDGE_LOOP('',(#333));
#333 = ORIENTED_EDGE('',*,*,#334,.F.);
#334 = EDGE_CURVE('',#335,#335,#337,.T.);
#335 = VERTEX_POINT('',#336);
#336 = CARTESIAN_POINT('',(76.7,-137.,3.));
#337 = CIRCLE('',#338,1.7);
#338 = AXIS2_PLACEMENT_3D('',#339,#340,#341);
#339 = CARTESIAN_POINT('',(75.,-137.,3.));
#340 = DIRECTION('',(0.,0.,1.));
#341 = DIRECTION('',(1.,0.,0.));
#342 = FACE_BOUND('',#343,.T.);
#343 = EDGE_LOOP('',(#344));
#344 = ORIENTED_EDGE('',*,*,#345,.F.);
#345 = EDGE_CURVE('',#346,#346,#348,.T.);
#346 = VERTEX_POINT('',#347);
#347 = CARTESIAN_POINT('',(50.,-100.,3.));
#348 = CIRCLE('',#349,10.);
#349 = AXIS2_PLACEMENT_3D('',#350,#351,#352);
#350 = CARTESIAN_POINT('',(40.,-100.,3.));
#351 = DIRECTION('',(0.,0.,1.));
#352 = DIRECTION('',(1.,0.,0.));
#353 = FACE_BOUND('',#354,.T.);
#354 = EDGE_LOOP('',(#355));
#355 = ORIENTED_EDGE('',*,*,#356,.F.);
#356 = EDGE_CURVE('',#357,#357,#359,.T.);
#357 = VERTEX_POINT('',#358);
#358 = CARTESIAN_POINT('',(101.7,-85.,3.));
#359 = CIRCLE('',#360,1.7);
#360 = AXIS2_PLACEMENT_3D('',#361,#362,#363);
#361 = CARTESIAN_POINT('',(100.,-85.,3.));
#362 = DIRECTION('',(0.,0.,1.));
#363 = DIRECTION('',(1.,0.,0.));
#364 = FACE_BOUND('',#365,.T.);
#365 = EDGE_LOOP('',(#366));
#366 = ORIENTED_EDGE('',*,*,#367,.F.);
#367 = EDGE_CURVE('',#368,#368,#370,.T.);
#368 = VERTEX_POINT('',#369);
#369 = CARTESIAN_POINT('',(30.35,-24.5,3.));
#370 = CIRCLE('',#371,1.35);
#371 = AXIS2_PLACEMENT_3D('',#372,#373,#374);
#372 = CARTESIAN_POINT('',(29.,-24.5,3.));
#373 = DIRECTION('',(0.,0.,1.));
#374 = DIRECTION('',(1.,0.,0.));
#375 = FACE_BOUND('',#376,.T.);
#376 = EDGE_LOOP('',(#377));
#377 = ORIENTED_EDGE('',*,*,#378,.F.);
#378 = EDGE_CURVE('',#379,#379,#381,.T.);
#379 = VERTEX_POINT('',#380);
#380 = CARTESIAN_POINT('',(93.7,-30.,3.));
#381 = CIRCLE('',#382,1.7);
#382 = AXIS2_PLACEMENT_3D('',#383,#384,#385);
#383 = CARTESIAN_POINT('',(92.,-30.,3.));
#384 = DIRECTION('',(0.,0.,1.));
#385 = DIRECTION('',(1.,0.,0.));
#386 = FACE_BOUND('',#387,.T.);
#387 = EDGE_LOOP('',(#388));
#388 = ORIENTED_EDGE('',*,*,#389,.F.);
#389 = EDGE_CURVE('',#390,#390,#392,.T.);
#390 = VERTEX_POINT('',#391);
#391 = CARTESIAN_POINT('',(-160.,-6.123233995737E-15,3.));
#392 = CIRCLE('',#393,25.);
#393 = AXIS2_PLACEMENT_3D('',#394,#395,#396);
#394 = CARTESIAN_POINT('',(-185.,0.,3.));
#395 = DIRECTION('',(0.,0.,1.));
#396 = DIRECTION('',(1.,0.,0.));
#397 = FACE_BOUND('',#398,.T.);
#398 = EDGE_LOOP('',(#399));
#399 = ORIENTED_EDGE('',*,*,#400,.F.);
#400 = EDGE_CURVE('',#401,#401,#403,.T.);
#401 = VERTEX_POINT('',#402);
#402 = CARTESIAN_POINT('',(-90.3,30.,3.));
#403 = CIRCLE('',#404,1.7);
#404 = AXIS2_PLACEMENT_3D('',#405,#406,#407);
#405 = CARTESIAN_POINT('',(-92.,30.,3.));
#406 = DIRECTION('',(0.,0.,1.));
#407 = DIRECTION('',(1.,0.,0.));
#408 = FACE_BOUND('',#409,.T.);
#409 = EDGE_LOOP('',(#410));
#410 = ORIENTED_EDGE('',*,*,#411,.F.);
#411 = EDGE_CURVE('',#412,#412,#414,.T.);
#412 = VERTEX_POINT('',#413);
#413 = CARTESIAN_POINT('',(-27.65,24.5,3.));
#414 = CIRCLE('',#415,1.35);
#415 = AXIS2_PLACEMENT_3D('',#416,#417,#418);
#416 = CARTESIAN_POINT('',(-29.,24.5,3.));
#417 = DIRECTION('',(0.,0.,1.));
#418 = DIRECTION('',(1.,0.,0.));
#419 = FACE_BOUND('',#420,.T.);
#420 = EDGE_LOOP('',(#421,#432,#440,#448,#456,#464,#473,#481,#489,#497,
    #505));
#421 = ORIENTED_EDGE('',*,*,#422,.F.);
#422 = EDGE_CURVE('',#423,#425,#427,.T.);
#423 = VERTEX_POINT('',#424);
#424 = CARTESIAN_POINT('',(6.,20.921215971661,3.));
#425 = VERTEX_POINT('',#426);
#426 = CARTESIAN_POINT('',(20.,40.,3.));
#427 = CIRCLE('',#428,20.);
#428 = AXIS2_PLACEMENT_3D('',#429,#430,#431);
#429 = CARTESIAN_POINT('',(0.,40.,3.));
#430 = DIRECTION('',(0.,0.,1.));
#431 = DIRECTION('',(1.,0.,0.));
#432 = ORIENTED_EDGE('',*,*,#433,.F.);
#433 = EDGE_CURVE('',#434,#423,#436,.T.);
#434 = VERTEX_POINT('',#435);
#435 = CARTESIAN_POINT('',(6.,20.,3.));
#436 = LINE('',#437,#438);
#437 = CARTESIAN_POINT('',(6.,20.,3.));
#438 = VECTOR('',#439,1.);
#439 = DIRECTION('',(0.,1.,0.));
#440 = ORIENTED_EDGE('',*,*,#441,.F.);
#441 = EDGE_CURVE('',#442,#434,#444,.T.);
#442 = VERTEX_POINT('',#443);
#443 = CARTESIAN_POINT('',(-3.503036300657E-12,20.,3.));
#444 = LINE('',#445,#446);
#445 = CARTESIAN_POINT('',(-6.,20.,3.));
#446 = VECTOR('',#447,1.);
#447 = DIRECTION('',(1.,0.,0.));
#448 = ORIENTED_EDGE('',*,*,#449,.F.);
#449 = EDGE_CURVE('',#450,#442,#452,.T.);
#450 = VERTEX_POINT('',#451);
#451 = CARTESIAN_POINT('',(-6.,20.,3.));
#452 = LINE('',#453,#454);
#453 = CARTESIAN_POINT('',(-6.,20.,3.));
#454 = VECTOR('',#455,1.);
#455 = DIRECTION('',(1.,0.,0.));
#456 = ORIENTED_EDGE('',*,*,#457,.T.);
#457 = EDGE_CURVE('',#450,#458,#460,.T.);
#458 = VERTEX_POINT('',#459);
#459 = CARTESIAN_POINT('',(-6.,20.921215971661,3.));
#460 = LINE('',#461,#462);
#461 = CARTESIAN_POINT('',(-6.,20.,3.));
#462 = VECTOR('',#463,1.);
#463 = DIRECTION('',(0.,1.,0.));
#464 = ORIENTED_EDGE('',*,*,#465,.F.);
#465 = EDGE_CURVE('',#466,#458,#468,.T.);
#466 = VERTEX_POINT('',#467);
#467 = CARTESIAN_POINT('',(-6.,59.078784028339,3.));
#468 = CIRCLE('',#469,20.);
#469 = AXIS2_PLACEMENT_3D('',#470,#471,#472);
#470 = CARTESIAN_POINT('',(0.,40.,3.));
#471 = DIRECTION('',(0.,0.,1.));
#472 = DIRECTION('',(1.,0.,0.));
#473 = ORIENTED_EDGE('',*,*,#474,.T.);
#474 = EDGE_CURVE('',#466,#475,#477,.T.);
#475 = VERTEX_POINT('',#476);
#476 = CARTESIAN_POINT('',(-6.,60.,3.));
#477 = LINE('',#478,#479);
#478 = CARTESIAN_POINT('',(-6.,20.,3.));
#479 = VECTOR('',#480,1.);
#480 = DIRECTION('',(0.,1.,0.));
#481 = ORIENTED_EDGE('',*,*,#482,.T.);
#482 = EDGE_CURVE('',#475,#483,#485,.T.);
#483 = VERTEX_POINT('',#484);
#484 = CARTESIAN_POINT('',(-1.775300426791E-12,60.,3.));
#485 = LINE('',#486,#487);
#486 = CARTESIAN_POINT('',(-6.,60.,3.));
#487 = VECTOR('',#488,1.);
#488 = DIRECTION('',(1.,0.,0.));
#489 = ORIENTED_EDGE('',*,*,#490,.T.);
#490 = EDGE_CURVE('',#483,#491,#493,.T.);
#491 = VERTEX_POINT('',#492);
#492 = CARTESIAN_POINT('',(6.,60.,3.));
#493 = LINE('',#494,#495);
#494 = CARTESIAN_POINT('',(-6.,60.,3.));
#495 = VECTOR('',#496,1.);
#496 = DIRECTION('',(1.,0.,0.));
#497 = ORIENTED_EDGE('',*,*,#498,.F.);
#498 = EDGE_CURVE('',#499,#491,#501,.T.);
#499 = VERTEX_POINT('',#500);
#500 = CARTESIAN_POINT('',(6.,59.078784028339,3.));
#501 = LINE('',#502,#503);
#502 = CARTESIAN_POINT('',(6.,20.,3.));
#503 = VECTOR('',#504,1.);
#504 = DIRECTION('',(0.,1.,0.));
#505 = ORIENTED_EDGE('',*,*,#506,.F.);
#506 = EDGE_CURVE('',#425,#499,#507,.T.);
#507 = CIRCLE('',#508,20.);
#508 = AXIS2_PLACEMENT_3D('',#509,#510,#511);
#509 = CARTESIAN_POINT('',(0.,40.,3.));
#510 = DIRECTION('',(0.,0.,1.));
#511 = DIRECTION('',(1.,0.,0.));
#512 = FACE_BOUND('',#513,.T.);
#513 = EDGE_LOOP('',(#514));
#514 = ORIENTED_EDGE('',*,*,#515,.F.);
#515 = EDGE_CURVE('',#516,#516,#518,.T.);
#516 = VERTEX_POINT('',#517);
#517 = CARTESIAN_POINT('',(-98.3,85.,3.));
#518 = CIRCLE('',#519,1.7);
#519 = AXIS2_PLACEMENT_3D('',#520,#521,#522);
#520 = CARTESIAN_POINT('',(-100.,85.,3.));
#521 = DIRECTION('',(0.,0.,1.));
#522 = DIRECTION('',(1.,0.,0.));
#523 = FACE_BOUND('',#524,.T.);
#524 = EDGE_LOOP('',(#525));
#525 = ORIENTED_EDGE('',*,*,#526,.F.);
#526 = EDGE_CURVE('',#527,#527,#529,.T.);
#527 = VERTEX_POINT('',#528);
#528 = CARTESIAN_POINT('',(-30.,100.,3.));
#529 = CIRCLE('',#530,10.);
#530 = AXIS2_PLACEMENT_3D('',#531,#532,#533);
#531 = CARTESIAN_POINT('',(-40.,100.,3.));
#532 = DIRECTION('',(0.,0.,1.));
#533 = DIRECTION('',(1.,0.,0.));
#534 = FACE_BOUND('',#535,.T.);
#535 = EDGE_LOOP('',(#536));
#536 = ORIENTED_EDGE('',*,*,#537,.F.);
#537 = EDGE_CURVE('',#538,#538,#540,.T.);
#538 = VERTEX_POINT('',#539);
#539 = CARTESIAN_POINT('',(-73.3,137.,3.));
#540 = CIRCLE('',#541,1.7);
#541 = AXIS2_PLACEMENT_3D('',#542,#543,#544);
#542 = CARTESIAN_POINT('',(-75.,137.,3.));
#543 = DIRECTION('',(0.,0.,1.));
#544 = DIRECTION('',(1.,0.,0.));
#545 = FACE_BOUND('',#546,.T.);
#546 = EDGE_LOOP('',(#547));
#547 = ORIENTED_EDGE('',*,*,#548,.F.);
#548 = EDGE_CURVE('',#549,#549,#551,.T.);
#549 = VERTEX_POINT('',#550);
#550 = CARTESIAN_POINT('',(30.35,24.5,3.));
#551 = CIRCLE('',#552,1.35);
#552 = AXIS2_PLACEMENT_3D('',#553,#554,#555);
#553 = CARTESIAN_POINT('',(29.,24.5,3.));
#554 = DIRECTION('',(0.,0.,1.));
#555 = DIRECTION('',(1.,0.,0.));
#556 = FACE_BOUND('',#557,.T.);
#557 = EDGE_LOOP('',(#558));
#558 = ORIENTED_EDGE('',*,*,#559,.F.);
#559 = EDGE_CURVE('',#560,#560,#562,.T.);
#560 = VERTEX_POINT('',#561);
#561 = CARTESIAN_POINT('',(93.7,30.,3.));
#562 = CIRCLE('',#563,1.7);
#563 = AXIS2_PLACEMENT_3D('',#564,#565,#566);
#564 = CARTESIAN_POINT('',(92.,30.,3.));
#565 = DIRECTION('',(0.,0.,1.));
#566 = DIRECTION('',(1.,0.,0.));
#567 = FACE_BOUND('',#568,.T.);
#568 = EDGE_LOOP('',(#569,#579,#587,#595));
#569 = ORIENTED_EDGE('',*,*,#570,.F.);
#570 = EDGE_CURVE('',#571,#573,#575,.T.);
#571 = VERTEX_POINT('',#572);
#572 = CARTESIAN_POINT('',(212.5,-12.,3.));
#573 = VERTEX_POINT('',#574);
#574 = CARTESIAN_POINT('',(227.5,-12.,3.));
#575 = LINE('',#576,#577);
#576 = CARTESIAN_POINT('',(212.5,-12.,3.));
#577 = VECTOR('',#578,1.);
#578 = DIRECTION('',(1.,0.,0.));
#579 = ORIENTED_EDGE('',*,*,#580,.T.);
#580 = EDGE_CURVE('',#571,#581,#583,.T.);
#581 = VERTEX_POINT('',#582);
#582 = CARTESIAN_POINT('',(212.5,12.,3.));
#583 = LINE('',#584,#585);
#584 = CARTESIAN_POINT('',(212.5,-12.,3.));
#585 = VECTOR('',#586,1.);
#586 = DIRECTION('',(0.,1.,0.));
#587 = ORIENTED_EDGE('',*,*,#588,.T.);
#588 = EDGE_CURVE('',#581,#589,#591,.T.);
#589 = VERTEX_POINT('',#590);
#590 = CARTESIAN_POINT('',(227.5,12.,3.));
#591 = LINE('',#592,#593);
#592 = CARTESIAN_POINT('',(212.5,12.,3.));
#593 = VECTOR('',#594,1.);
#594 = DIRECTION('',(1.,0.,0.));
#595 = ORIENTED_EDGE('',*,*,#596,.F.);
#596 = EDGE_CURVE('',#573,#589,#597,.T.);
#597 = LINE('',#598,#599);
#598 = CARTESIAN_POINT('',(227.5,-12.,3.));
#599 = VECTOR('',#600,1.);
#600 = DIRECTION('',(0.,1.,0.));
#601 = FACE_BOUND('',#602,.T.);
#602 = EDGE_LOOP('',(#603));
#603 = ORIENTED_EDGE('',*,*,#604,.F.);
#604 = EDGE_CURVE('',#605,#605,#607,.T.);
#605 = VERTEX_POINT('',#606);
#606 = CARTESIAN_POINT('',(50.,100.,3.));
#607 = CIRCLE('',#608,10.);
#608 = AXIS2_PLACEMENT_3D('',#609,#610,#611);
#609 = CARTESIAN_POINT('',(40.,100.,3.));
#610 = DIRECTION('',(0.,0.,1.));
#611 = DIRECTION('',(1.,0.,0.));
#612 = FACE_BOUND('',#613,.T.);
#613 = EDGE_LOOP('',(#614));
#614 = ORIENTED_EDGE('',*,*,#615,.F.);
#615 = EDGE_CURVE('',#616,#616,#618,.T.);
#616 = VERTEX_POINT('',#617);
#617 = CARTESIAN_POINT('',(101.7,85.,3.));
#618 = CIRCLE('',#619,1.7);
#619 = AXIS2_PLACEMENT_3D('',#620,#621,#622);
#620 = CARTESIAN_POINT('',(100.,85.,3.));
#621 = DIRECTION('',(0.,0.,1.));
#622 = DIRECTION('',(1.,0.,0.));
#623 = FACE_BOUND('',#624,.T.);
#624 = EDGE_LOOP('',(#625));
#625 = ORIENTED_EDGE('',*,*,#626,.F.);
#626 = EDGE_CURVE('',#627,#627,#629,.T.);
#627 = VERTEX_POINT('',#628);
#628 = CARTESIAN_POINT('',(76.7,137.,3.));
#629 = CIRCLE('',#630,1.7);
#630 = AXIS2_PLACEMENT_3D('',#631,#632,#633);
#631 = CARTESIAN_POINT('',(75.,137.,3.));
#632 = DIRECTION('',(0.,0.,1.));
#633 = DIRECTION('',(1.,0.,0.));
#634 = PLANE('',#635);
#635 = AXIS2_PLACEMENT_3D('',#636,#637,#638);
#636 = CARTESIAN_POINT('',(-250.,-145.,3.));
#637 = DIRECTION('',(0.,0.,1.));
#638 = DIRECTION('',(1.,0.,0.));
#639 = ADVANCED_FACE('',(#640),#658,.T.);
#640 = FACE_BOUND('',#641,.T.);
#641 = EDGE_LOOP('',(#642,#650,#651,#652));
#642 = ORIENTED_EDGE('',*,*,#643,.F.);
#643 = EDGE_CURVE('',#40,#644,#646,.T.);
#644 = VERTEX_POINT('',#645);
#645 = CARTESIAN_POINT('',(-112.,50.,0.));
#646 = LINE('',#647,#648);
#647 = CARTESIAN_POINT('',(-260.,50.,0.));
#648 = VECTOR('',#649,1.);
#649 = DIRECTION('',(1.,0.,0.));
#650 = ORIENTED_EDGE('',*,*,#47,.T.);
#651 = ORIENTED_EDGE('',*,*,#178,.T.);
#652 = ORIENTED_EDGE('',*,*,#653,.F.);
#653 = EDGE_CURVE('',#644,#170,#654,.T.);
#654 = LINE('',#655,#656);
#655 = CARTESIAN_POINT('',(-112.,50.,0.));
#656 = VECTOR('',#657,1.);
#657 = DIRECTION('',(0.,0.,1.));
#658 = PLANE('',#659);
#659 = AXIS2_PLACEMENT_3D('',#660,#661,#662);
#660 = CARTESIAN_POINT('',(-260.,50.,0.));
#661 = DIRECTION('',(0.,1.,0.));
#662 = DIRECTION('',(0.,0.,1.));
#663 = ADVANCED_FACE('',(#664,#782,#793,#804,#815,#826,#837,#848,#859,
    #870,#963,#974,#985,#996,#1007,#1018,#1029,#1040,#1051,#1144,#1155,
    #1166,#1177),#1188,.F.);
#664 = FACE_BOUND('',#665,.F.);
#665 = EDGE_LOOP('',(#666,#667,#675,#684,#692,#700,#708,#717,#725,#733,
    #741,#750,#758,#766,#774,#781));
#666 = ORIENTED_EDGE('',*,*,#39,.F.);
#667 = ORIENTED_EDGE('',*,*,#668,.T.);
#668 = EDGE_CURVE('',#32,#669,#671,.T.);
#669 = VERTEX_POINT('',#670);
#670 = CARTESIAN_POINT('',(-112.,-50.,0.));
#671 = LINE('',#672,#673);
#672 = CARTESIAN_POINT('',(-260.,-50.,0.));
#673 = VECTOR('',#674,1.);
#674 = DIRECTION('',(1.,0.,0.));
#675 = ORIENTED_EDGE('',*,*,#676,.F.);
#676 = EDGE_CURVE('',#677,#669,#679,.T.);
#677 = VERTEX_POINT('',#678);
#678 = CARTESIAN_POINT('',(-104.,-58.,0.));
#679 = CIRCLE('',#680,8.);
#680 = AXIS2_PLACEMENT_3D('',#681,#682,#683);
#681 = CARTESIAN_POINT('',(-112.,-58.,0.));
#682 = DIRECTION('',(-0.,0.,1.));
#683 = DIRECTION('',(0.,-1.,0.));
#684 = ORIENTED_EDGE('',*,*,#685,.F.);
#685 = EDGE_CURVE('',#686,#677,#688,.T.);
#686 = VERTEX_POINT('',#687);
#687 = CARTESIAN_POINT('',(-104.,-145.,0.));
#688 = LINE('',#689,#690);
#689 = CARTESIAN_POINT('',(-104.,-160.,0.));
#690 = VECTOR('',#691,1.);
#691 = DIRECTION('',(0.,1.,0.));
#692 = ORIENTED_EDGE('',*,*,#693,.T.);
#693 = EDGE_CURVE('',#686,#694,#696,.T.);
#694 = VERTEX_POINT('',#695);
#695 = CARTESIAN_POINT('',(104.,-145.,0.));
#696 = LINE('',#697,#698);
#697 = CARTESIAN_POINT('',(-250.,-145.,0.));
#698 = VECTOR('',#699,1.);
#699 = DIRECTION('',(1.,0.,0.));
#700 = ORIENTED_EDGE('',*,*,#701,.T.);
#701 = EDGE_CURVE('',#694,#702,#704,.T.);
#702 = VERTEX_POINT('',#703);
#703 = CARTESIAN_POINT('',(104.,-58.,0.));
#704 = LINE('',#705,#706);
#705 = CARTESIAN_POINT('',(104.,-160.,0.));
#706 = VECTOR('',#707,1.);
#707 = DIRECTION('',(0.,1.,0.));
#708 = ORIENTED_EDGE('',*,*,#709,.T.);
#709 = EDGE_CURVE('',#702,#710,#712,.T.);
#710 = VERTEX_POINT('',#711);
#711 = CARTESIAN_POINT('',(112.,-50.,0.));
#712 = CIRCLE('',#713,8.);
#713 = AXIS2_PLACEMENT_3D('',#714,#715,#716);
#714 = CARTESIAN_POINT('',(112.,-58.,0.));
#715 = DIRECTION('',(-0.,-0.,-1.));
#716 = DIRECTION('',(0.,-1.,0.));
#717 = ORIENTED_EDGE('',*,*,#718,.T.);
#718 = EDGE_CURVE('',#710,#719,#721,.T.);
#719 = VERTEX_POINT('',#720);
#720 = CARTESIAN_POINT('',(250.,-50.,0.));
#721 = LINE('',#722,#723);
#722 = CARTESIAN_POINT('',(104.,-50.,0.));
#723 = VECTOR('',#724,1.);
#724 = DIRECTION('',(1.,0.,0.));
#725 = ORIENTED_EDGE('',*,*,#726,.T.);
#726 = EDGE_CURVE('',#719,#727,#729,.T.);
#727 = VERTEX_POINT('',#728);
#728 = CARTESIAN_POINT('',(250.,50.,0.));
#729 = LINE('',#730,#731);
#730 = CARTESIAN_POINT('',(250.,-145.,0.));
#731 = VECTOR('',#732,1.);
#732 = DIRECTION('',(0.,1.,0.));
#733 = ORIENTED_EDGE('',*,*,#734,.F.);
#734 = EDGE_CURVE('',#735,#727,#737,.T.);
#735 = VERTEX_POINT('',#736);
#736 = CARTESIAN_POINT('',(112.,50.,0.));
#737 = LINE('',#738,#739);
#738 = CARTESIAN_POINT('',(104.,50.,0.));
#739 = VECTOR('',#740,1.);
#740 = DIRECTION('',(1.,0.,0.));
#741 = ORIENTED_EDGE('',*,*,#742,.F.);
#742 = EDGE_CURVE('',#743,#735,#745,.T.);
#743 = VERTEX_POINT('',#744);
#744 = CARTESIAN_POINT('',(104.,58.,0.));
#745 = CIRCLE('',#746,8.);
#746 = AXIS2_PLACEMENT_3D('',#747,#748,#749);
#747 = CARTESIAN_POINT('',(112.,58.,0.));
#748 = DIRECTION('',(-0.,0.,1.));
#749 = DIRECTION('',(0.,-1.,0.));
#750 = ORIENTED_EDGE('',*,*,#751,.T.);
#751 = EDGE_CURVE('',#743,#752,#754,.T.);
#752 = VERTEX_POINT('',#753);
#753 = CARTESIAN_POINT('',(104.,145.,0.));
#754 = LINE('',#755,#756);
#755 = CARTESIAN_POINT('',(104.,50.,0.));
#756 = VECTOR('',#757,1.);
#757 = DIRECTION('',(0.,1.,0.));
#758 = ORIENTED_EDGE('',*,*,#759,.F.);
#759 = EDGE_CURVE('',#760,#752,#762,.T.);
#760 = VERTEX_POINT('',#761);
#761 = CARTESIAN_POINT('',(-104.,145.,0.));
#762 = LINE('',#763,#764);
#763 = CARTESIAN_POINT('',(-250.,145.,0.));
#764 = VECTOR('',#765,1.);
#765 = DIRECTION('',(1.,0.,0.));
#766 = ORIENTED_EDGE('',*,*,#767,.F.);
#767 = EDGE_CURVE('',#768,#760,#770,.T.);
#768 = VERTEX_POINT('',#769);
#769 = CARTESIAN_POINT('',(-104.,58.,0.));
#770 = LINE('',#771,#772);
#771 = CARTESIAN_POINT('',(-104.,50.,0.));
#772 = VECTOR('',#773,1.);
#773 = DIRECTION('',(0.,1.,0.));
#774 = ORIENTED_EDGE('',*,*,#775,.T.);
#775 = EDGE_CURVE('',#768,#644,#776,.T.);
#776 = CIRCLE('',#777,8.);
#777 = AXIS2_PLACEMENT_3D('',#778,#779,#780);
#778 = CARTESIAN_POINT('',(-112.,58.,0.));
#779 = DIRECTION('',(-0.,-0.,-1.));
#780 = DIRECTION('',(0.,-1.,0.));
#781 = ORIENTED_EDGE('',*,*,#643,.F.);
#782 = FACE_BOUND('',#783,.F.);
#783 = EDGE_LOOP('',(#784));
#784 = ORIENTED_EDGE('',*,*,#785,.F.);
#785 = EDGE_CURVE('',#786,#786,#788,.T.);
#786 = VERTEX_POINT('',#787);
#787 = CARTESIAN_POINT('',(-73.3,-137.,0.));
#788 = CIRCLE('',#789,1.7);
#789 = AXIS2_PLACEMENT_3D('',#790,#791,#792);
#790 = CARTESIAN_POINT('',(-75.,-137.,0.));
#791 = DIRECTION('',(0.,0.,1.));
#792 = DIRECTION('',(1.,0.,0.));
#793 = FACE_BOUND('',#794,.F.);
#794 = EDGE_LOOP('',(#795));
#795 = ORIENTED_EDGE('',*,*,#796,.F.);
#796 = EDGE_CURVE('',#797,#797,#799,.T.);
#797 = VERTEX_POINT('',#798);
#798 = CARTESIAN_POINT('',(-98.3,-85.,0.));
#799 = CIRCLE('',#800,1.7);
#800 = AXIS2_PLACEMENT_3D('',#801,#802,#803);
#801 = CARTESIAN_POINT('',(-100.,-85.,0.));
#802 = DIRECTION('',(0.,0.,1.));
#803 = DIRECTION('',(1.,0.,0.));
#804 = FACE_BOUND('',#805,.F.);
#805 = EDGE_LOOP('',(#806));
#806 = ORIENTED_EDGE('',*,*,#807,.F.);
#807 = EDGE_CURVE('',#808,#808,#810,.T.);
#808 = VERTEX_POINT('',#809);
#809 = CARTESIAN_POINT('',(-30.,-100.,0.));
#810 = CIRCLE('',#811,10.);
#811 = AXIS2_PLACEMENT_3D('',#812,#813,#814);
#812 = CARTESIAN_POINT('',(-40.,-100.,0.));
#813 = DIRECTION('',(0.,0.,1.));
#814 = DIRECTION('',(1.,0.,0.));
#815 = FACE_BOUND('',#816,.F.);
#816 = EDGE_LOOP('',(#817));
#817 = ORIENTED_EDGE('',*,*,#818,.F.);
#818 = EDGE_CURVE('',#819,#819,#821,.T.);
#819 = VERTEX_POINT('',#820);
#820 = CARTESIAN_POINT('',(-90.3,-30.,0.));
#821 = CIRCLE('',#822,1.7);
#822 = AXIS2_PLACEMENT_3D('',#823,#824,#825);
#823 = CARTESIAN_POINT('',(-92.,-30.,0.));
#824 = DIRECTION('',(0.,0.,1.));
#825 = DIRECTION('',(1.,0.,0.));
#826 = FACE_BOUND('',#827,.F.);
#827 = EDGE_LOOP('',(#828));
#828 = ORIENTED_EDGE('',*,*,#829,.F.);
#829 = EDGE_CURVE('',#830,#830,#832,.T.);
#830 = VERTEX_POINT('',#831);
#831 = CARTESIAN_POINT('',(-27.65,-24.5,0.));
#832 = CIRCLE('',#833,1.35);
#833 = AXIS2_PLACEMENT_3D('',#834,#835,#836);
#834 = CARTESIAN_POINT('',(-29.,-24.5,0.));
#835 = DIRECTION('',(0.,0.,1.));
#836 = DIRECTION('',(1.,0.,0.));
#837 = FACE_BOUND('',#838,.F.);
#838 = EDGE_LOOP('',(#839));
#839 = ORIENTED_EDGE('',*,*,#840,.F.);
#840 = EDGE_CURVE('',#841,#841,#843,.T.);
#841 = VERTEX_POINT('',#842);
#842 = CARTESIAN_POINT('',(50.,-100.,0.));
#843 = CIRCLE('',#844,10.);
#844 = AXIS2_PLACEMENT_3D('',#845,#846,#847);
#845 = CARTESIAN_POINT('',(40.,-100.,0.));
#846 = DIRECTION('',(0.,0.,1.));
#847 = DIRECTION('',(1.,0.,0.));
#848 = FACE_BOUND('',#849,.F.);
#849 = EDGE_LOOP('',(#850));
#850 = ORIENTED_EDGE('',*,*,#851,.F.);
#851 = EDGE_CURVE('',#852,#852,#854,.T.);
#852 = VERTEX_POINT('',#853);
#853 = CARTESIAN_POINT('',(76.7,-137.,0.));
#854 = CIRCLE('',#855,1.7);
#855 = AXIS2_PLACEMENT_3D('',#856,#857,#858);
#856 = CARTESIAN_POINT('',(75.,-137.,0.));
#857 = DIRECTION('',(0.,0.,1.));
#858 = DIRECTION('',(1.,0.,0.));
#859 = FACE_BOUND('',#860,.F.);
#860 = EDGE_LOOP('',(#861));
#861 = ORIENTED_EDGE('',*,*,#862,.F.);
#862 = EDGE_CURVE('',#863,#863,#865,.T.);
#863 = VERTEX_POINT('',#864);
#864 = CARTESIAN_POINT('',(101.7,-85.,0.));
#865 = CIRCLE('',#866,1.7);
#866 = AXIS2_PLACEMENT_3D('',#867,#868,#869);
#867 = CARTESIAN_POINT('',(100.,-85.,0.));
#868 = DIRECTION('',(0.,0.,1.));
#869 = DIRECTION('',(1.,0.,0.));
#870 = FACE_BOUND('',#871,.F.);
#871 = EDGE_LOOP('',(#872,#883,#891,#899,#907,#915,#924,#932,#940,#948,
    #956));
#872 = ORIENTED_EDGE('',*,*,#873,.F.);
#873 = EDGE_CURVE('',#874,#876,#878,.T.);
#874 = VERTEX_POINT('',#875);
#875 = CARTESIAN_POINT('',(6.,-59.07878402833,0.));
#876 = VERTEX_POINT('',#877);
#877 = CARTESIAN_POINT('',(20.,-40.,0.));
#878 = CIRCLE('',#879,20.);
#879 = AXIS2_PLACEMENT_3D('',#880,#881,#882);
#880 = CARTESIAN_POINT('',(0.,-40.,0.));
#881 = DIRECTION('',(0.,0.,1.));
#882 = DIRECTION('',(1.,0.,0.));
#883 = ORIENTED_EDGE('',*,*,#884,.F.);
#884 = EDGE_CURVE('',#885,#874,#887,.T.);
#885 = VERTEX_POINT('',#886);
#886 = CARTESIAN_POINT('',(6.,-60.,0.));
#887 = LINE('',#888,#889);
#888 = CARTESIAN_POINT('',(6.,-60.,0.));
#889 = VECTOR('',#890,1.);
#890 = DIRECTION('',(0.,1.,0.));
#891 = ORIENTED_EDGE('',*,*,#892,.F.);
#892 = EDGE_CURVE('',#893,#885,#895,.T.);
#893 = VERTEX_POINT('',#894);
#894 = CARTESIAN_POINT('',(-1.779970166438E-12,-60.,0.));
#895 = LINE('',#896,#897);
#896 = CARTESIAN_POINT('',(-6.,-60.,0.));
#897 = VECTOR('',#898,1.);
#898 = DIRECTION('',(1.,0.,0.));
#899 = ORIENTED_EDGE('',*,*,#900,.F.);
#900 = EDGE_CURVE('',#901,#893,#903,.T.);
#901 = VERTEX_POINT('',#902);
#902 = CARTESIAN_POINT('',(-6.,-60.,0.));
#903 = LINE('',#904,#905);
#904 = CARTESIAN_POINT('',(-6.,-60.,0.));
#905 = VECTOR('',#906,1.);
#906 = DIRECTION('',(1.,0.,0.));
#907 = ORIENTED_EDGE('',*,*,#908,.T.);
#908 = EDGE_CURVE('',#901,#909,#911,.T.);
#909 = VERTEX_POINT('',#910);
#910 = CARTESIAN_POINT('',(-6.,-59.07878402833,0.));
#911 = LINE('',#912,#913);
#912 = CARTESIAN_POINT('',(-6.,-60.,0.));
#913 = VECTOR('',#914,1.);
#914 = DIRECTION('',(0.,1.,0.));
#915 = ORIENTED_EDGE('',*,*,#916,.F.);
#916 = EDGE_CURVE('',#917,#909,#919,.T.);
#917 = VERTEX_POINT('',#918);
#918 = CARTESIAN_POINT('',(-6.,-20.92121597166,0.));
#919 = CIRCLE('',#920,20.);
#920 = AXIS2_PLACEMENT_3D('',#921,#922,#923);
#921 = CARTESIAN_POINT('',(0.,-40.,0.));
#922 = DIRECTION('',(0.,0.,1.));
#923 = DIRECTION('',(1.,0.,0.));
#924 = ORIENTED_EDGE('',*,*,#925,.T.);
#925 = EDGE_CURVE('',#917,#926,#928,.T.);
#926 = VERTEX_POINT('',#927);
#927 = CARTESIAN_POINT('',(-6.,-20.,0.));
#928 = LINE('',#929,#930);
#929 = CARTESIAN_POINT('',(-6.,-60.,0.));
#930 = VECTOR('',#931,1.);
#931 = DIRECTION('',(0.,1.,0.));
#932 = ORIENTED_EDGE('',*,*,#933,.T.);
#933 = EDGE_CURVE('',#926,#934,#936,.T.);
#934 = VERTEX_POINT('',#935);
#935 = CARTESIAN_POINT('',(-3.587184402979E-12,-20.,0.));
#936 = LINE('',#937,#938);
#937 = CARTESIAN_POINT('',(-6.,-20.,0.));
#938 = VECTOR('',#939,1.);
#939 = DIRECTION('',(1.,0.,0.));
#940 = ORIENTED_EDGE('',*,*,#941,.T.);
#941 = EDGE_CURVE('',#934,#942,#944,.T.);
#942 = VERTEX_POINT('',#943);
#943 = CARTESIAN_POINT('',(6.,-20.,0.));
#944 = LINE('',#945,#946);
#945 = CARTESIAN_POINT('',(-6.,-20.,0.));
#946 = VECTOR('',#947,1.);
#947 = DIRECTION('',(1.,0.,0.));
#948 = ORIENTED_EDGE('',*,*,#949,.F.);
#949 = EDGE_CURVE('',#950,#942,#952,.T.);
#950 = VERTEX_POINT('',#951);
#951 = CARTESIAN_POINT('',(6.,-20.92121597166,0.));
#952 = LINE('',#953,#954);
#953 = CARTESIAN_POINT('',(6.,-60.,0.));
#954 = VECTOR('',#955,1.);
#955 = DIRECTION('',(0.,1.,0.));
#956 = ORIENTED_EDGE('',*,*,#957,.F.);
#957 = EDGE_CURVE('',#876,#950,#958,.T.);
#958 = CIRCLE('',#959,20.);
#959 = AXIS2_PLACEMENT_3D('',#960,#961,#962);
#960 = CARTESIAN_POINT('',(0.,-40.,0.));
#961 = DIRECTION('',(0.,0.,1.));
#962 = DIRECTION('',(1.,0.,0.));
#963 = FACE_BOUND('',#964,.F.);
#964 = EDGE_LOOP('',(#965));
#965 = ORIENTED_EDGE('',*,*,#966,.F.);
#966 = EDGE_CURVE('',#967,#967,#969,.T.);
#967 = VERTEX_POINT('',#968);
#968 = CARTESIAN_POINT('',(30.35,-24.5,0.));
#969 = CIRCLE('',#970,1.35);
#970 = AXIS2_PLACEMENT_3D('',#971,#972,#973);
#971 = CARTESIAN_POINT('',(29.,-24.5,0.));
#972 = DIRECTION('',(0.,0.,1.));
#973 = DIRECTION('',(1.,0.,0.));
#974 = FACE_BOUND('',#975,.F.);
#975 = EDGE_LOOP('',(#976));
#976 = ORIENTED_EDGE('',*,*,#977,.F.);
#977 = EDGE_CURVE('',#978,#978,#980,.T.);
#978 = VERTEX_POINT('',#979);
#979 = CARTESIAN_POINT('',(93.7,-30.,0.));
#980 = CIRCLE('',#981,1.7);
#981 = AXIS2_PLACEMENT_3D('',#982,#983,#984);
#982 = CARTESIAN_POINT('',(92.,-30.,0.));
#983 = DIRECTION('',(0.,0.,1.));
#984 = DIRECTION('',(1.,0.,0.));
#985 = FACE_BOUND('',#986,.F.);
#986 = EDGE_LOOP('',(#987));
#987 = ORIENTED_EDGE('',*,*,#988,.F.);
#988 = EDGE_CURVE('',#989,#989,#991,.T.);
#989 = VERTEX_POINT('',#990);
#990 = CARTESIAN_POINT('',(-90.3,30.,0.));
#991 = CIRCLE('',#992,1.7);
#992 = AXIS2_PLACEMENT_3D('',#993,#994,#995);
#993 = CARTESIAN_POINT('',(-92.,30.,0.));
#994 = DIRECTION('',(0.,0.,1.));
#995 = DIRECTION('',(1.,0.,0.));
#996 = FACE_BOUND('',#997,.F.);
#997 = EDGE_LOOP('',(#998));
#998 = ORIENTED_EDGE('',*,*,#999,.F.);
#999 = EDGE_CURVE('',#1000,#1000,#1002,.T.);
#1000 = VERTEX_POINT('',#1001);
#1001 = CARTESIAN_POINT('',(-27.65,24.5,0.));
#1002 = CIRCLE('',#1003,1.35);
#1003 = AXIS2_PLACEMENT_3D('',#1004,#1005,#1006);
#1004 = CARTESIAN_POINT('',(-29.,24.5,0.));
#1005 = DIRECTION('',(0.,0.,1.));
#1006 = DIRECTION('',(1.,0.,0.));
#1007 = FACE_BOUND('',#1008,.F.);
#1008 = EDGE_LOOP('',(#1009));
#1009 = ORIENTED_EDGE('',*,*,#1010,.F.);
#1010 = EDGE_CURVE('',#1011,#1011,#1013,.T.);
#1011 = VERTEX_POINT('',#1012);
#1012 = CARTESIAN_POINT('',(-98.3,85.,0.));
#1013 = CIRCLE('',#1014,1.7);
#1014 = AXIS2_PLACEMENT_3D('',#1015,#1016,#1017);
#1015 = CARTESIAN_POINT('',(-100.,85.,0.));
#1016 = DIRECTION('',(0.,0.,1.));
#1017 = DIRECTION('',(1.,0.,0.));
#1018 = FACE_BOUND('',#1019,.F.);
#1019 = EDGE_LOOP('',(#1020));
#1020 = ORIENTED_EDGE('',*,*,#1021,.F.);
#1021 = EDGE_CURVE('',#1022,#1022,#1024,.T.);
#1022 = VERTEX_POINT('',#1023);
#1023 = CARTESIAN_POINT('',(-73.3,137.,0.));
#1024 = CIRCLE('',#1025,1.7);
#1025 = AXIS2_PLACEMENT_3D('',#1026,#1027,#1028);
#1026 = CARTESIAN_POINT('',(-75.,137.,0.));
#1027 = DIRECTION('',(0.,0.,1.));
#1028 = DIRECTION('',(1.,0.,0.));
#1029 = FACE_BOUND('',#1030,.F.);
#1030 = EDGE_LOOP('',(#1031));
#1031 = ORIENTED_EDGE('',*,*,#1032,.F.);
#1032 = EDGE_CURVE('',#1033,#1033,#1035,.T.);
#1033 = VERTEX_POINT('',#1034);
#1034 = CARTESIAN_POINT('',(-30.,100.,0.));
#1035 = CIRCLE('',#1036,10.);
#1036 = AXIS2_PLACEMENT_3D('',#1037,#1038,#1039);
#1037 = CARTESIAN_POINT('',(-40.,100.,0.));
#1038 = DIRECTION('',(0.,0.,1.));
#1039 = DIRECTION('',(1.,0.,0.));
#1040 = FACE_BOUND('',#1041,.F.);
#1041 = EDGE_LOOP('',(#1042));
#1042 = ORIENTED_EDGE('',*,*,#1043,.F.);
#1043 = EDGE_CURVE('',#1044,#1044,#1046,.T.);
#1044 = VERTEX_POINT('',#1045);
#1045 = CARTESIAN_POINT('',(30.35,24.5,0.));
#1046 = CIRCLE('',#1047,1.35);
#1047 = AXIS2_PLACEMENT_3D('',#1048,#1049,#1050);
#1048 = CARTESIAN_POINT('',(29.,24.5,0.));
#1049 = DIRECTION('',(0.,0.,1.));
#1050 = DIRECTION('',(1.,0.,0.));
#1051 = FACE_BOUND('',#1052,.F.);
#1052 = EDGE_LOOP('',(#1053,#1064,#1072,#1080,#1088,#1096,#1105,#1113,
    #1121,#1129,#1137));
#1053 = ORIENTED_EDGE('',*,*,#1054,.F.);
#1054 = EDGE_CURVE('',#1055,#1057,#1059,.T.);
#1055 = VERTEX_POINT('',#1056);
#1056 = CARTESIAN_POINT('',(6.,20.921215971661,0.));
#1057 = VERTEX_POINT('',#1058);
#1058 = CARTESIAN_POINT('',(20.,40.,0.));
#1059 = CIRCLE('',#1060,20.);
#1060 = AXIS2_PLACEMENT_3D('',#1061,#1062,#1063);
#1061 = CARTESIAN_POINT('',(0.,40.,0.));
#1062 = DIRECTION('',(0.,0.,1.));
#1063 = DIRECTION('',(1.,0.,0.));
#1064 = ORIENTED_EDGE('',*,*,#1065,.F.);
#1065 = EDGE_CURVE('',#1066,#1055,#1068,.T.);
#1066 = VERTEX_POINT('',#1067);
#1067 = CARTESIAN_POINT('',(6.,20.,0.));
#1068 = LINE('',#1069,#1070);
#1069 = CARTESIAN_POINT('',(6.,20.,0.));
#1070 = VECTOR('',#1071,1.);
#1071 = DIRECTION('',(0.,1.,0.));
#1072 = ORIENTED_EDGE('',*,*,#1073,.F.);
#1073 = EDGE_CURVE('',#1074,#1066,#1076,.T.);
#1074 = VERTEX_POINT('',#1075);
#1075 = CARTESIAN_POINT('',(-3.503036300657E-12,20.,0.));
#1076 = LINE('',#1077,#1078);
#1077 = CARTESIAN_POINT('',(-6.,20.,0.));
#1078 = VECTOR('',#1079,1.);
#1079 = DIRECTION('',(1.,0.,0.));
#1080 = ORIENTED_EDGE('',*,*,#1081,.F.);
#1081 = EDGE_CURVE('',#1082,#1074,#1084,.T.);
#1082 = VERTEX_POINT('',#1083);
#1083 = CARTESIAN_POINT('',(-6.,20.,0.));
#1084 = LINE('',#1085,#1086);
#1085 = CARTESIAN_POINT('',(-6.,20.,0.));
#1086 = VECTOR('',#1087,1.);
#1087 = DIRECTION('',(1.,0.,0.));
#1088 = ORIENTED_EDGE('',*,*,#1089,.T.);
#1089 = EDGE_CURVE('',#1082,#1090,#1092,.T.);
#1090 = VERTEX_POINT('',#1091);
#1091 = CARTESIAN_POINT('',(-6.,20.921215971661,0.));
#1092 = LINE('',#1093,#1094);
#1093 = CARTESIAN_POINT('',(-6.,20.,0.));
#1094 = VECTOR('',#1095,1.);
#1095 = DIRECTION('',(0.,1.,0.));
#1096 = ORIENTED_EDGE('',*,*,#1097,.F.);
#1097 = EDGE_CURVE('',#1098,#1090,#1100,.T.);
#1098 = VERTEX_POINT('',#1099);
#1099 = CARTESIAN_POINT('',(-6.,59.078784028339,0.));
#1100 = CIRCLE('',#1101,20.);
#1101 = AXIS2_PLACEMENT_3D('',#1102,#1103,#1104);
#1102 = CARTESIAN_POINT('',(0.,40.,0.));
#1103 = DIRECTION('',(0.,0.,1.));
#1104 = DIRECTION('',(1.,0.,0.));
#1105 = ORIENTED_EDGE('',*,*,#1106,.T.);
#1106 = EDGE_CURVE('',#1098,#1107,#1109,.T.);
#1107 = VERTEX_POINT('',#1108);
#1108 = CARTESIAN_POINT('',(-6.,60.,0.));
#1109 = LINE('',#1110,#1111);
#1110 = CARTESIAN_POINT('',(-6.,20.,0.));
#1111 = VECTOR('',#1112,1.);
#1112 = DIRECTION('',(0.,1.,0.));
#1113 = ORIENTED_EDGE('',*,*,#1114,.T.);
#1114 = EDGE_CURVE('',#1107,#1115,#1117,.T.);
#1115 = VERTEX_POINT('',#1116);
#1116 = CARTESIAN_POINT('',(-1.775300426791E-12,60.,0.));
#1117 = LINE('',#1118,#1119);
#1118 = CARTESIAN_POINT('',(-6.,60.,0.));
#1119 = VECTOR('',#1120,1.);
#1120 = DIRECTION('',(1.,0.,0.));
#1121 = ORIENTED_EDGE('',*,*,#1122,.T.);
#1122 = EDGE_CURVE('',#1115,#1123,#1125,.T.);
#1123 = VERTEX_POINT('',#1124);
#1124 = CARTESIAN_POINT('',(6.,60.,0.));
#1125 = LINE('',#1126,#1127);
#1126 = CARTESIAN_POINT('',(-6.,60.,0.));
#1127 = VECTOR('',#1128,1.);
#1128 = DIRECTION('',(1.,0.,0.));
#1129 = ORIENTED_EDGE('',*,*,#1130,.F.);
#1130 = EDGE_CURVE('',#1131,#1123,#1133,.T.);
#1131 = VERTEX_POINT('',#1132);
#1132 = CARTESIAN_POINT('',(6.,59.078784028339,0.));
#1133 = LINE('',#1134,#1135);
#1134 = CARTESIAN_POINT('',(6.,20.,0.));
#1135 = VECTOR('',#1136,1.);
#1136 = DIRECTION('',(0.,1.,0.));
#1137 = ORIENTED_EDGE('',*,*,#1138,.F.);
#1138 = EDGE_CURVE('',#1057,#1131,#1139,.T.);
#1139 = CIRCLE('',#1140,20.);
#1140 = AXIS2_PLACEMENT_3D('',#1141,#1142,#1143);
#1141 = CARTESIAN_POINT('',(0.,40.,0.));
#1142 = DIRECTION('',(0.,0.,1.));
#1143 = DIRECTION('',(1.,0.,0.));
#1144 = FACE_BOUND('',#1145,.F.);
#1145 = EDGE_LOOP('',(#1146));
#1146 = ORIENTED_EDGE('',*,*,#1147,.F.);
#1147 = EDGE_CURVE('',#1148,#1148,#1150,.T.);
#1148 = VERTEX_POINT('',#1149);
#1149 = CARTESIAN_POINT('',(93.7,30.,0.));
#1150 = CIRCLE('',#1151,1.7);
#1151 = AXIS2_PLACEMENT_3D('',#1152,#1153,#1154);
#1152 = CARTESIAN_POINT('',(92.,30.,0.));
#1153 = DIRECTION('',(0.,0.,1.));
#1154 = DIRECTION('',(1.,0.,0.));
#1155 = FACE_BOUND('',#1156,.F.);
#1156 = EDGE_LOOP('',(#1157));
#1157 = ORIENTED_EDGE('',*,*,#1158,.F.);
#1158 = EDGE_CURVE('',#1159,#1159,#1161,.T.);
#1159 = VERTEX_POINT('',#1160);
#1160 = CARTESIAN_POINT('',(50.,100.,0.));
#1161 = CIRCLE('',#1162,10.);
#1162 = AXIS2_PLACEMENT_3D('',#1163,#1164,#1165);
#1163 = CARTESIAN_POINT('',(40.,100.,0.));
#1164 = DIRECTION('',(0.,0.,1.));
#1165 = DIRECTION('',(1.,0.,0.));
#1166 = FACE_BOUND('',#1167,.F.);
#1167 = EDGE_LOOP('',(#1168));
#1168 = ORIENTED_EDGE('',*,*,#1169,.F.);
#1169 = EDGE_CURVE('',#1170,#1170,#1172,.T.);
#1170 = VERTEX_POINT('',#1171);
#1171 = CARTESIAN_POINT('',(101.7,85.,0.));
#1172 = CIRCLE('',#1173,1.7);
#1173 = AXIS2_PLACEMENT_3D('',#1174,#1175,#1176);
#1174 = CARTESIAN_POINT('',(100.,85.,0.));
#1175 = DIRECTION('',(0.,0.,1.));
#1176 = DIRECTION('',(1.,0.,0.));
#1177 = FACE_BOUND('',#1178,.F.);
#1178 = EDGE_LOOP('',(#1179));
#1179 = ORIENTED_EDGE('',*,*,#1180,.F.);
#1180 = EDGE_CURVE('',#1181,#1181,#1183,.T.);
#1181 = VERTEX_POINT('',#1182);
#1182 = CARTESIAN_POINT('',(76.7,137.,0.));
#1183 = CIRCLE('',#1184,1.7);
#1184 = AXIS2_PLACEMENT_3D('',#1185,#1186,#1187);
#1185 = CARTESIAN_POINT('',(75.,137.,0.));
#1186 = DIRECTION('',(0.,0.,1.));
#1187 = DIRECTION('',(1.,0.,0.));
#1188 = PLANE('',#1189);
#1189 = AXIS2_PLACEMENT_3D('',#1190,#1191,#1192);
#1190 = CARTESIAN_POINT('',(-250.,-145.,0.));
#1191 = DIRECTION('',(0.,0.,1.));
#1192 = DIRECTION('',(1.,0.,0.));
#1193 = ADVANCED_FACE('',(#1194),#1205,.F.);
#1194 = FACE_BOUND('',#1195,.F.);
#1195 = EDGE_LOOP('',(#1196,#1197,#1198,#1199));
#1196 = ORIENTED_EDGE('',*,*,#668,.F.);
#1197 = ORIENTED_EDGE('',*,*,#31,.T.);
#1198 = ORIENTED_EDGE('',*,*,#62,.T.);
#1199 = ORIENTED_EDGE('',*,*,#1200,.F.);
#1200 = EDGE_CURVE('',#669,#63,#1201,.T.);
#1201 = LINE('',#1202,#1203);
#1202 = CARTESIAN_POINT('',(-112.,-50.,0.));
#1203 = VECTOR('',#1204,1.);
#1204 = DIRECTION('',(0.,0.,1.));
#1205 = PLANE('',#1206);
#1206 = AXIS2_PLACEMENT_3D('',#1207,#1208,#1209);
#1207 = CARTESIAN_POINT('',(-260.,-50.,0.));
#1208 = DIRECTION('',(0.,1.,0.));
#1209 = DIRECTION('',(0.,0.,1.));
#1210 = ADVANCED_FACE('',(#1211),#1222,.F.);
#1211 = FACE_BOUND('',#1212,.F.);
#1212 = EDGE_LOOP('',(#1213,#1214,#1215,#1216));
#1213 = ORIENTED_EDGE('',*,*,#676,.T.);
#1214 = ORIENTED_EDGE('',*,*,#1200,.T.);
#1215 = ORIENTED_EDGE('',*,*,#70,.F.);
#1216 = ORIENTED_EDGE('',*,*,#1217,.F.);
#1217 = EDGE_CURVE('',#677,#71,#1218,.T.);
#1218 = LINE('',#1219,#1220);
#1219 = CARTESIAN_POINT('',(-104.,-58.,0.));
#1220 = VECTOR('',#1221,1.);
#1221 = DIRECTION('',(0.,0.,1.));
#1222 = CYLINDRICAL_SURFACE('',#1223,8.);
#1223 = AXIS2_PLACEMENT_3D('',#1224,#1225,#1226);
#1224 = CARTESIAN_POINT('',(-112.,-58.,0.));
#1225 = DIRECTION('',(0.,0.,1.));
#1226 = DIRECTION('',(1.,0.,0.));
#1227 = ADVANCED_FACE('',(#1228),#1239,.F.);
#1228 = FACE_BOUND('',#1229,.T.);
#1229 = EDGE_LOOP('',(#1230,#1231,#1232,#1233));
#1230 = ORIENTED_EDGE('',*,*,#775,.T.);
#1231 = ORIENTED_EDGE('',*,*,#653,.T.);
#1232 = ORIENTED_EDGE('',*,*,#169,.F.);
#1233 = ORIENTED_EDGE('',*,*,#1234,.F.);
#1234 = EDGE_CURVE('',#768,#162,#1235,.T.);
#1235 = LINE('',#1236,#1237);
#1236 = CARTESIAN_POINT('',(-104.,58.,0.));
#1237 = VECTOR('',#1238,1.);
#1238 = DIRECTION('',(0.,0.,1.));
#1239 = CYLINDRICAL_SURFACE('',#1240,8.);
#1240 = AXIS2_PLACEMENT_3D('',#1241,#1242,#1243);
#1241 = CARTESIAN_POINT('',(-112.,58.,0.));
#1242 = DIRECTION('',(0.,0.,1.));
#1243 = DIRECTION('',(1.,0.,0.));
#1244 = ADVANCED_FACE('',(#1245),#1256,.F.);
#1245 = FACE_BOUND('',#1246,.F.);
#1246 = EDGE_LOOP('',(#1247,#1248,#1254,#1255));
#1247 = ORIENTED_EDGE('',*,*,#79,.F.);
#1248 = ORIENTED_EDGE('',*,*,#1249,.T.);
#1249 = EDGE_CURVE('',#80,#686,#1250,.T.);
#1250 = LINE('',#1251,#1252);
#1251 = CARTESIAN_POINT('',(-104.,-145.,0.));
#1252 = VECTOR('',#1253,1.);
#1253 = DIRECTION('',(0.,0.,-1.));
#1254 = ORIENTED_EDGE('',*,*,#685,.T.);
#1255 = ORIENTED_EDGE('',*,*,#1217,.T.);
#1256 = PLANE('',#1257);
#1257 = AXIS2_PLACEMENT_3D('',#1258,#1259,#1260);
#1258 = CARTESIAN_POINT('',(-104.,-160.,0.));
#1259 = DIRECTION('',(1.,0.,0.));
#1260 = DIRECTION('',(0.,0.,1.));
#1261 = ADVANCED_FACE('',(#1262),#1273,.F.);
#1262 = FACE_BOUND('',#1263,.F.);
#1263 = EDGE_LOOP('',(#1264,#1265,#1266,#1267));
#1264 = ORIENTED_EDGE('',*,*,#161,.F.);
#1265 = ORIENTED_EDGE('',*,*,#1234,.F.);
#1266 = ORIENTED_EDGE('',*,*,#767,.T.);
#1267 = ORIENTED_EDGE('',*,*,#1268,.F.);
#1268 = EDGE_CURVE('',#154,#760,#1269,.T.);
#1269 = LINE('',#1270,#1271);
#1270 = CARTESIAN_POINT('',(-104.,145.,0.));
#1271 = VECTOR('',#1272,1.);
#1272 = DIRECTION('',(0.,0.,-1.));
#1273 = PLANE('',#1274);
#1274 = AXIS2_PLACEMENT_3D('',#1275,#1276,#1277);
#1275 = CARTESIAN_POINT('',(-104.,50.,0.));
#1276 = DIRECTION('',(1.,0.,0.));
#1277 = DIRECTION('',(0.,0.,1.));
#1278 = ADVANCED_FACE('',(#1279),#1290,.F.);
#1279 = FACE_BOUND('',#1280,.F.);
#1280 = EDGE_LOOP('',(#1281,#1282,#1283,#1284));
#1281 = ORIENTED_EDGE('',*,*,#693,.F.);
#1282 = ORIENTED_EDGE('',*,*,#1249,.F.);
#1283 = ORIENTED_EDGE('',*,*,#87,.T.);
#1284 = ORIENTED_EDGE('',*,*,#1285,.T.);
#1285 = EDGE_CURVE('',#88,#694,#1286,.T.);
#1286 = LINE('',#1287,#1288);
#1287 = CARTESIAN_POINT('',(104.,-145.,0.));
#1288 = VECTOR('',#1289,1.);
#1289 = DIRECTION('',(0.,0.,-1.));
#1290 = PLANE('',#1291);
#1291 = AXIS2_PLACEMENT_3D('',#1292,#1293,#1294);
#1292 = CARTESIAN_POINT('',(-250.,-145.,0.));
#1293 = DIRECTION('',(0.,1.,0.));
#1294 = DIRECTION('',(0.,0.,1.));
#1295 = ADVANCED_FACE('',(#1296),#1307,.T.);
#1296 = FACE_BOUND('',#1297,.T.);
#1297 = EDGE_LOOP('',(#1298,#1299,#1300,#1301));
#1298 = ORIENTED_EDGE('',*,*,#759,.F.);
#1299 = ORIENTED_EDGE('',*,*,#1268,.F.);
#1300 = ORIENTED_EDGE('',*,*,#153,.T.);
#1301 = ORIENTED_EDGE('',*,*,#1302,.T.);
#1302 = EDGE_CURVE('',#146,#752,#1303,.T.);
#1303 = LINE('',#1304,#1305);
#1304 = CARTESIAN_POINT('',(104.,145.,0.));
#1305 = VECTOR('',#1306,1.);
#1306 = DIRECTION('',(0.,0.,-1.));
#1307 = PLANE('',#1308);
#1308 = AXIS2_PLACEMENT_3D('',#1309,#1310,#1311);
#1309 = CARTESIAN_POINT('',(-250.,145.,0.));
#1310 = DIRECTION('',(0.,1.,0.));
#1311 = DIRECTION('',(0.,0.,1.));
#1312 = ADVANCED_FACE('',(#1313),#1324,.T.);
#1313 = FACE_BOUND('',#1314,.T.);
#1314 = EDGE_LOOP('',(#1315,#1316,#1317,#1318));
#1315 = ORIENTED_EDGE('',*,*,#95,.F.);
#1316 = ORIENTED_EDGE('',*,*,#1285,.T.);
#1317 = ORIENTED_EDGE('',*,*,#701,.T.);
#1318 = ORIENTED_EDGE('',*,*,#1319,.T.);
#1319 = EDGE_CURVE('',#702,#96,#1320,.T.);
#1320 = LINE('',#1321,#1322);
#1321 = CARTESIAN_POINT('',(104.,-58.,0.));
#1322 = VECTOR('',#1323,1.);
#1323 = DIRECTION('',(0.,0.,1.));
#1324 = PLANE('',#1325);
#1325 = AXIS2_PLACEMENT_3D('',#1326,#1327,#1328);
#1326 = CARTESIAN_POINT('',(104.,-160.,0.));
#1327 = DIRECTION('',(1.,0.,0.));
#1328 = DIRECTION('',(0.,0.,1.));
#1329 = ADVANCED_FACE('',(#1330),#1341,.T.);
#1330 = FACE_BOUND('',#1331,.T.);
#1331 = EDGE_LOOP('',(#1332,#1333,#1339,#1340));
#1332 = ORIENTED_EDGE('',*,*,#145,.F.);
#1333 = ORIENTED_EDGE('',*,*,#1334,.F.);
#1334 = EDGE_CURVE('',#743,#137,#1335,.T.);
#1335 = LINE('',#1336,#1337);
#1336 = CARTESIAN_POINT('',(104.,58.,0.));
#1337 = VECTOR('',#1338,1.);
#1338 = DIRECTION('',(0.,0.,1.));
#1339 = ORIENTED_EDGE('',*,*,#751,.T.);
#1340 = ORIENTED_EDGE('',*,*,#1302,.F.);
#1341 = PLANE('',#1342);
#1342 = AXIS2_PLACEMENT_3D('',#1343,#1344,#1345);
#1343 = CARTESIAN_POINT('',(104.,50.,0.));
#1344 = DIRECTION('',(1.,0.,0.));
#1345 = DIRECTION('',(0.,0.,1.));
#1346 = ADVANCED_FACE('',(#1347),#1358,.F.);
#1347 = FACE_BOUND('',#1348,.T.);
#1348 = EDGE_LOOP('',(#1349,#1350,#1356,#1357));
#1349 = ORIENTED_EDGE('',*,*,#709,.T.);
#1350 = ORIENTED_EDGE('',*,*,#1351,.T.);
#1351 = EDGE_CURVE('',#710,#104,#1352,.T.);
#1352 = LINE('',#1353,#1354);
#1353 = CARTESIAN_POINT('',(112.,-50.,0.));
#1354 = VECTOR('',#1355,1.);
#1355 = DIRECTION('',(0.,0.,1.));
#1356 = ORIENTED_EDGE('',*,*,#103,.F.);
#1357 = ORIENTED_EDGE('',*,*,#1319,.F.);
#1358 = CYLINDRICAL_SURFACE('',#1359,8.);
#1359 = AXIS2_PLACEMENT_3D('',#1360,#1361,#1362);
#1360 = CARTESIAN_POINT('',(112.,-58.,0.));
#1361 = DIRECTION('',(0.,0.,1.));
#1362 = DIRECTION('',(-1.,0.,0.));
#1363 = ADVANCED_FACE('',(#1364),#1375,.F.);
#1364 = FACE_BOUND('',#1365,.F.);
#1365 = EDGE_LOOP('',(#1366,#1367,#1373,#1374));
#1366 = ORIENTED_EDGE('',*,*,#742,.T.);
#1367 = ORIENTED_EDGE('',*,*,#1368,.T.);
#1368 = EDGE_CURVE('',#735,#129,#1369,.T.);
#1369 = LINE('',#1370,#1371);
#1370 = CARTESIAN_POINT('',(112.,50.,0.));
#1371 = VECTOR('',#1372,1.);
#1372 = DIRECTION('',(0.,0.,1.));
#1373 = ORIENTED_EDGE('',*,*,#136,.F.);
#1374 = ORIENTED_EDGE('',*,*,#1334,.F.);
#1375 = CYLINDRICAL_SURFACE('',#1376,8.);
#1376 = AXIS2_PLACEMENT_3D('',#1377,#1378,#1379);
#1377 = CARTESIAN_POINT('',(112.,58.,0.));
#1378 = DIRECTION('',(0.,0.,1.));
#1379 = DIRECTION('',(-1.,0.,0.));
#1380 = ADVANCED_FACE('',(#1381),#1392,.F.);
#1381 = FACE_BOUND('',#1382,.F.);
#1382 = EDGE_LOOP('',(#1383,#1384,#1385,#1386));
#1383 = ORIENTED_EDGE('',*,*,#718,.F.);
#1384 = ORIENTED_EDGE('',*,*,#1351,.T.);
#1385 = ORIENTED_EDGE('',*,*,#112,.T.);
#1386 = ORIENTED_EDGE('',*,*,#1387,.F.);
#1387 = EDGE_CURVE('',#719,#113,#1388,.T.);
#1388 = LINE('',#1389,#1390);
#1389 = CARTESIAN_POINT('',(250.,-50.,0.));
#1390 = VECTOR('',#1391,1.);
#1391 = DIRECTION('',(0.,0.,1.));
#1392 = PLANE('',#1393);
#1393 = AXIS2_PLACEMENT_3D('',#1394,#1395,#1396);
#1394 = CARTESIAN_POINT('',(104.,-50.,0.));
#1395 = DIRECTION('',(0.,1.,0.));
#1396 = DIRECTION('',(0.,0.,1.));
#1397 = ADVANCED_FACE('',(#1398),#1409,.T.);
#1398 = FACE_BOUND('',#1399,.T.);
#1399 = EDGE_LOOP('',(#1400,#1401,#1402,#1403));
#1400 = ORIENTED_EDGE('',*,*,#734,.F.);
#1401 = ORIENTED_EDGE('',*,*,#1368,.T.);
#1402 = ORIENTED_EDGE('',*,*,#128,.T.);
#1403 = ORIENTED_EDGE('',*,*,#1404,.F.);
#1404 = EDGE_CURVE('',#727,#121,#1405,.T.);
#1405 = LINE('',#1406,#1407);
#1406 = CARTESIAN_POINT('',(250.,50.,0.));
#1407 = VECTOR('',#1408,1.);
#1408 = DIRECTION('',(0.,0.,1.));
#1409 = PLANE('',#1410);
#1410 = AXIS2_PLACEMENT_3D('',#1411,#1412,#1413);
#1411 = CARTESIAN_POINT('',(104.,50.,0.));
#1412 = DIRECTION('',(0.,1.,0.));
#1413 = DIRECTION('',(0.,0.,1.));
#1414 = ADVANCED_FACE('',(#1415),#1421,.T.);
#1415 = FACE_BOUND('',#1416,.T.);
#1416 = EDGE_LOOP('',(#1417,#1418,#1419,#1420));
#1417 = ORIENTED_EDGE('',*,*,#120,.F.);
#1418 = ORIENTED_EDGE('',*,*,#1387,.F.);
#1419 = ORIENTED_EDGE('',*,*,#726,.T.);
#1420 = ORIENTED_EDGE('',*,*,#1404,.T.);
#1421 = PLANE('',#1422);
#1422 = AXIS2_PLACEMENT_3D('',#1423,#1424,#1425);
#1423 = CARTESIAN_POINT('',(250.,-145.,0.));
#1424 = DIRECTION('',(1.,0.,0.));
#1425 = DIRECTION('',(0.,0.,1.));
#1426 = ADVANCED_FACE('',(#1427),#1438,.F.);
#1427 = FACE_BOUND('',#1428,.F.);
#1428 = EDGE_LOOP('',(#1429,#1430,#1436,#1437));
#1429 = ORIENTED_EDGE('',*,*,#186,.F.);
#1430 = ORIENTED_EDGE('',*,*,#1431,.F.);
#1431 = EDGE_CURVE('',#786,#187,#1432,.T.);
#1432 = LINE('',#1433,#1434);
#1433 = CARTESIAN_POINT('',(-73.3,-137.,0.));
#1434 = VECTOR('',#1435,1.);
#1435 = DIRECTION('',(0.,0.,1.));
#1436 = ORIENTED_EDGE('',*,*,#785,.T.);
#1437 = ORIENTED_EDGE('',*,*,#1431,.T.);
#1438 = CYLINDRICAL_SURFACE('',#1439,1.7);
#1439 = AXIS2_PLACEMENT_3D('',#1440,#1441,#1442);
#1440 = CARTESIAN_POINT('',(-75.,-137.,0.));
#1441 = DIRECTION('',(0.,0.,1.));
#1442 = DIRECTION('',(1.,0.,0.));
#1443 = ADVANCED_FACE('',(#1444),#1455,.F.);
#1444 = FACE_BOUND('',#1445,.F.);
#1445 = EDGE_LOOP('',(#1446,#1447,#1453,#1454));
#1446 = ORIENTED_EDGE('',*,*,#197,.F.);
#1447 = ORIENTED_EDGE('',*,*,#1448,.F.);
#1448 = EDGE_CURVE('',#797,#198,#1449,.T.);
#1449 = LINE('',#1450,#1451);
#1450 = CARTESIAN_POINT('',(-98.3,-85.,0.));
#1451 = VECTOR('',#1452,1.);
#1452 = DIRECTION('',(0.,0.,1.));
#1453 = ORIENTED_EDGE('',*,*,#796,.T.);
#1454 = ORIENTED_EDGE('',*,*,#1448,.T.);
#1455 = CYLINDRICAL_SURFACE('',#1456,1.7);
#1456 = AXIS2_PLACEMENT_3D('',#1457,#1458,#1459);
#1457 = CARTESIAN_POINT('',(-100.,-85.,0.));
#1458 = DIRECTION('',(0.,0.,1.));
#1459 = DIRECTION('',(1.,0.,0.));
#1460 = ADVANCED_FACE('',(#1461),#1472,.F.);
#1461 = FACE_BOUND('',#1462,.F.);
#1462 = EDGE_LOOP('',(#1463,#1464,#1470,#1471));
#1463 = ORIENTED_EDGE('',*,*,#208,.F.);
#1464 = ORIENTED_EDGE('',*,*,#1465,.F.);
#1465 = EDGE_CURVE('',#808,#209,#1466,.T.);
#1466 = LINE('',#1467,#1468);
#1467 = CARTESIAN_POINT('',(-30.,-100.,0.));
#1468 = VECTOR('',#1469,1.);
#1469 = DIRECTION('',(0.,0.,1.));
#1470 = ORIENTED_EDGE('',*,*,#807,.T.);
#1471 = ORIENTED_EDGE('',*,*,#1465,.T.);
#1472 = CYLINDRICAL_SURFACE('',#1473,10.);
#1473 = AXIS2_PLACEMENT_3D('',#1474,#1475,#1476);
#1474 = CARTESIAN_POINT('',(-40.,-100.,0.));
#1475 = DIRECTION('',(0.,0.,1.));
#1476 = DIRECTION('',(1.,0.,0.));
#1477 = ADVANCED_FACE('',(#1478),#1494,.F.);
#1478 = FACE_BOUND('',#1479,.F.);
#1479 = EDGE_LOOP('',(#1480,#1486,#1487,#1493));
#1480 = ORIENTED_EDGE('',*,*,#1481,.T.);
#1481 = EDGE_CURVE('',#876,#222,#1482,.T.);
#1482 = LINE('',#1483,#1484);
#1483 = CARTESIAN_POINT('',(20.,-40.,0.));
#1484 = VECTOR('',#1485,1.);
#1485 = DIRECTION('',(0.,0.,1.));
#1486 = ORIENTED_EDGE('',*,*,#219,.F.);
#1487 = ORIENTED_EDGE('',*,*,#1488,.F.);
#1488 = EDGE_CURVE('',#874,#220,#1489,.T.);
#1489 = LINE('',#1490,#1491);
#1490 = CARTESIAN_POINT('',(6.,-59.07878402833,0.));
#1491 = VECTOR('',#1492,1.);
#1492 = DIRECTION('',(0.,0.,1.));
#1493 = ORIENTED_EDGE('',*,*,#873,.T.);
#1494 = CYLINDRICAL_SURFACE('',#1495,20.);
#1495 = AXIS2_PLACEMENT_3D('',#1496,#1497,#1498);
#1496 = CARTESIAN_POINT('',(0.,-40.,0.));
#1497 = DIRECTION('',(0.,0.,1.));
#1498 = DIRECTION('',(1.,0.,0.));
#1499 = ADVANCED_FACE('',(#1500),#1511,.F.);
#1500 = FACE_BOUND('',#1501,.F.);
#1501 = EDGE_LOOP('',(#1502,#1503,#1509,#1510));
#1502 = ORIENTED_EDGE('',*,*,#230,.F.);
#1503 = ORIENTED_EDGE('',*,*,#1504,.F.);
#1504 = EDGE_CURVE('',#885,#231,#1505,.T.);
#1505 = LINE('',#1506,#1507);
#1506 = CARTESIAN_POINT('',(6.,-60.,0.));
#1507 = VECTOR('',#1508,1.);
#1508 = DIRECTION('',(0.,0.,1.));
#1509 = ORIENTED_EDGE('',*,*,#884,.T.);
#1510 = ORIENTED_EDGE('',*,*,#1488,.T.);
#1511 = PLANE('',#1512);
#1512 = AXIS2_PLACEMENT_3D('',#1513,#1514,#1515);
#1513 = CARTESIAN_POINT('',(6.,-60.,0.));
#1514 = DIRECTION('',(1.,0.,0.));
#1515 = DIRECTION('',(0.,0.,1.));
#1516 = ADVANCED_FACE('',(#1517),#1528,.F.);
#1517 = FACE_BOUND('',#1518,.F.);
#1518 = EDGE_LOOP('',(#1519,#1520,#1521,#1522));
#1519 = ORIENTED_EDGE('',*,*,#303,.F.);
#1520 = ORIENTED_EDGE('',*,*,#1481,.F.);
#1521 = ORIENTED_EDGE('',*,*,#957,.T.);
#1522 = ORIENTED_EDGE('',*,*,#1523,.T.);
#1523 = EDGE_CURVE('',#950,#296,#1524,.T.);
#1524 = LINE('',#1525,#1526);
#1525 = CARTESIAN_POINT('',(6.,-20.92121597166,0.));
#1526 = VECTOR('',#1527,1.);
#1527 = DIRECTION('',(0.,0.,1.));
#1528 = CYLINDRICAL_SURFACE('',#1529,20.);
#1529 = AXIS2_PLACEMENT_3D('',#1530,#1531,#1532);
#1530 = CARTESIAN_POINT('',(0.,-40.,0.));
#1531 = DIRECTION('',(0.,0.,1.));
#1532 = DIRECTION('',(1.,0.,0.));
#1533 = ADVANCED_FACE('',(#1534),#1545,.T.);
#1534 = FACE_BOUND('',#1535,.T.);
#1535 = EDGE_LOOP('',(#1536,#1537,#1543,#1544));
#1536 = ORIENTED_EDGE('',*,*,#892,.F.);
#1537 = ORIENTED_EDGE('',*,*,#1538,.T.);
#1538 = EDGE_CURVE('',#893,#239,#1539,.T.);
#1539 = LINE('',#1540,#1541);
#1540 = CARTESIAN_POINT('',(0.,-60.,0.));
#1541 = VECTOR('',#1542,1.);
#1542 = DIRECTION('',(0.,0.,1.));
#1543 = ORIENTED_EDGE('',*,*,#238,.T.);
#1544 = ORIENTED_EDGE('',*,*,#1504,.F.);
#1545 = PLANE('',#1546);
#1546 = AXIS2_PLACEMENT_3D('',#1547,#1548,#1549);
#1547 = CARTESIAN_POINT('',(-6.,-60.,0.));
#1548 = DIRECTION('',(0.,1.,0.));
#1549 = DIRECTION('',(0.,0.,1.));
#1550 = ADVANCED_FACE('',(#1551),#1562,.F.);
#1551 = FACE_BOUND('',#1552,.F.);
#1552 = EDGE_LOOP('',(#1553,#1554,#1555,#1556));
#1553 = ORIENTED_EDGE('',*,*,#295,.F.);
#1554 = ORIENTED_EDGE('',*,*,#1523,.F.);
#1555 = ORIENTED_EDGE('',*,*,#949,.T.);
#1556 = ORIENTED_EDGE('',*,*,#1557,.T.);
#1557 = EDGE_CURVE('',#942,#288,#1558,.T.);
#1558 = LINE('',#1559,#1560);
#1559 = CARTESIAN_POINT('',(6.,-20.,0.));
#1560 = VECTOR('',#1561,1.);
#1561 = DIRECTION('',(0.,0.,1.));
#1562 = PLANE('',#1563);
#1563 = AXIS2_PLACEMENT_3D('',#1564,#1565,#1566);
#1564 = CARTESIAN_POINT('',(6.,-60.,0.));
#1565 = DIRECTION('',(1.,0.,0.));
#1566 = DIRECTION('',(0.,0.,1.));
#1567 = ADVANCED_FACE('',(#1568),#1579,.T.);
#1568 = FACE_BOUND('',#1569,.T.);
#1569 = EDGE_LOOP('',(#1570,#1571,#1577,#1578));
#1570 = ORIENTED_EDGE('',*,*,#900,.F.);
#1571 = ORIENTED_EDGE('',*,*,#1572,.T.);
#1572 = EDGE_CURVE('',#901,#247,#1573,.T.);
#1573 = LINE('',#1574,#1575);
#1574 = CARTESIAN_POINT('',(-6.,-60.,0.));
#1575 = VECTOR('',#1576,1.);
#1576 = DIRECTION('',(0.,0.,1.));
#1577 = ORIENTED_EDGE('',*,*,#246,.T.);
#1578 = ORIENTED_EDGE('',*,*,#1538,.F.);
#1579 = PLANE('',#1580);
#1580 = AXIS2_PLACEMENT_3D('',#1581,#1582,#1583);
#1581 = CARTESIAN_POINT('',(-6.,-60.,0.));
#1582 = DIRECTION('',(0.,1.,0.));
#1583 = DIRECTION('',(0.,0.,1.));
#1584 = ADVANCED_FACE('',(#1585),#1596,.F.);
#1585 = FACE_BOUND('',#1586,.F.);
#1586 = EDGE_LOOP('',(#1587,#1588,#1594,#1595));
#1587 = ORIENTED_EDGE('',*,*,#941,.F.);
#1588 = ORIENTED_EDGE('',*,*,#1589,.T.);
#1589 = EDGE_CURVE('',#934,#280,#1590,.T.);
#1590 = LINE('',#1591,#1592);
#1591 = CARTESIAN_POINT('',(0.,-20.,0.));
#1592 = VECTOR('',#1593,1.);
#1593 = DIRECTION('',(0.,0.,1.));
#1594 = ORIENTED_EDGE('',*,*,#287,.T.);
#1595 = ORIENTED_EDGE('',*,*,#1557,.F.);
#1596 = PLANE('',#1597);
#1597 = AXIS2_PLACEMENT_3D('',#1598,#1599,#1600);
#1598 = CARTESIAN_POINT('',(-6.,-20.,0.));
#1599 = DIRECTION('',(0.,1.,0.));
#1600 = DIRECTION('',(0.,0.,1.));
#1601 = ADVANCED_FACE('',(#1602),#1613,.T.);
#1602 = FACE_BOUND('',#1603,.T.);
#1603 = EDGE_LOOP('',(#1604,#1605,#1606,#1607));
#1604 = ORIENTED_EDGE('',*,*,#254,.F.);
#1605 = ORIENTED_EDGE('',*,*,#1572,.F.);
#1606 = ORIENTED_EDGE('',*,*,#908,.T.);
#1607 = ORIENTED_EDGE('',*,*,#1608,.T.);
#1608 = EDGE_CURVE('',#909,#255,#1609,.T.);
#1609 = LINE('',#1610,#1611);
#1610 = CARTESIAN_POINT('',(-6.,-59.07878402833,0.));
#1611 = VECTOR('',#1612,1.);
#1612 = DIRECTION('',(0.,0.,1.));
#1613 = PLANE('',#1614);
#1614 = AXIS2_PLACEMENT_3D('',#1615,#1616,#1617);
#1615 = CARTESIAN_POINT('',(-6.,-60.,0.));
#1616 = DIRECTION('',(1.,0.,0.));
#1617 = DIRECTION('',(0.,0.,1.));
#1618 = ADVANCED_FACE('',(#1619),#1630,.F.);
#1619 = FACE_BOUND('',#1620,.F.);
#1620 = EDGE_LOOP('',(#1621,#1622,#1628,#1629));
#1621 = ORIENTED_EDGE('',*,*,#933,.F.);
#1622 = ORIENTED_EDGE('',*,*,#1623,.T.);
#1623 = EDGE_CURVE('',#926,#272,#1624,.T.);
#1624 = LINE('',#1625,#1626);
#1625 = CARTESIAN_POINT('',(-6.,-20.,0.));
#1626 = VECTOR('',#1627,1.);
#1627 = DIRECTION('',(0.,0.,1.));
#1628 = ORIENTED_EDGE('',*,*,#279,.T.);
#1629 = ORIENTED_EDGE('',*,*,#1589,.F.);
#1630 = PLANE('',#1631);
#1631 = AXIS2_PLACEMENT_3D('',#1632,#1633,#1634);
#1632 = CARTESIAN_POINT('',(-6.,-20.,0.));
#1633 = DIRECTION('',(0.,1.,0.));
#1634 = DIRECTION('',(0.,0.,1.));
#1635 = ADVANCED_FACE('',(#1636),#1647,.F.);
#1636 = FACE_BOUND('',#1637,.F.);
#1637 = EDGE_LOOP('',(#1638,#1639,#1645,#1646));
#1638 = ORIENTED_EDGE('',*,*,#262,.F.);
#1639 = ORIENTED_EDGE('',*,*,#1640,.F.);
#1640 = EDGE_CURVE('',#917,#263,#1641,.T.);
#1641 = LINE('',#1642,#1643);
#1642 = CARTESIAN_POINT('',(-6.,-20.92121597166,0.));
#1643 = VECTOR('',#1644,1.);
#1644 = DIRECTION('',(0.,0.,1.));
#1645 = ORIENTED_EDGE('',*,*,#916,.T.);
#1646 = ORIENTED_EDGE('',*,*,#1608,.T.);
#1647 = CYLINDRICAL_SURFACE('',#1648,20.);
#1648 = AXIS2_PLACEMENT_3D('',#1649,#1650,#1651);
#1649 = CARTESIAN_POINT('',(0.,-40.,0.));
#1650 = DIRECTION('',(0.,0.,1.));
#1651 = DIRECTION('',(1.,0.,0.));
#1652 = ADVANCED_FACE('',(#1653),#1659,.T.);
#1653 = FACE_BOUND('',#1654,.T.);
#1654 = EDGE_LOOP('',(#1655,#1656,#1657,#1658));
#1655 = ORIENTED_EDGE('',*,*,#271,.F.);
#1656 = ORIENTED_EDGE('',*,*,#1640,.F.);
#1657 = ORIENTED_EDGE('',*,*,#925,.T.);
#1658 = ORIENTED_EDGE('',*,*,#1623,.T.);
#1659 = PLANE('',#1660);
#1660 = AXIS2_PLACEMENT_3D('',#1661,#1662,#1663);
#1661 = CARTESIAN_POINT('',(-6.,-60.,0.));
#1662 = DIRECTION('',(1.,0.,0.));
#1663 = DIRECTION('',(0.,0.,1.));
#1664 = ADVANCED_FACE('',(#1665),#1676,.F.);
#1665 = FACE_BOUND('',#1666,.F.);
#1666 = EDGE_LOOP('',(#1667,#1668,#1674,#1675));
#1667 = ORIENTED_EDGE('',*,*,#312,.F.);
#1668 = ORIENTED_EDGE('',*,*,#1669,.F.);
#1669 = EDGE_CURVE('',#819,#313,#1670,.T.);
#1670 = LINE('',#1671,#1672);
#1671 = CARTESIAN_POINT('',(-90.3,-30.,0.));
#1672 = VECTOR('',#1673,1.);
#1673 = DIRECTION('',(0.,0.,1.));
#1674 = ORIENTED_EDGE('',*,*,#818,.T.);
#1675 = ORIENTED_EDGE('',*,*,#1669,.T.);
#1676 = CYLINDRICAL_SURFACE('',#1677,1.7);
#1677 = AXIS2_PLACEMENT_3D('',#1678,#1679,#1680);
#1678 = CARTESIAN_POINT('',(-92.,-30.,0.));
#1679 = DIRECTION('',(0.,0.,1.));
#1680 = DIRECTION('',(1.,0.,0.));
#1681 = ADVANCED_FACE('',(#1682),#1693,.F.);
#1682 = FACE_BOUND('',#1683,.F.);
#1683 = EDGE_LOOP('',(#1684,#1685,#1691,#1692));
#1684 = ORIENTED_EDGE('',*,*,#323,.F.);
#1685 = ORIENTED_EDGE('',*,*,#1686,.F.);
#1686 = EDGE_CURVE('',#830,#324,#1687,.T.);
#1687 = LINE('',#1688,#1689);
#1688 = CARTESIAN_POINT('',(-27.65,-24.5,0.));
#1689 = VECTOR('',#1690,1.);
#1690 = DIRECTION('',(0.,0.,1.));
#1691 = ORIENTED_EDGE('',*,*,#829,.T.);
#1692 = ORIENTED_EDGE('',*,*,#1686,.T.);
#1693 = CYLINDRICAL_SURFACE('',#1694,1.35);
#1694 = AXIS2_PLACEMENT_3D('',#1695,#1696,#1697);
#1695 = CARTESIAN_POINT('',(-29.,-24.5,0.));
#1696 = DIRECTION('',(0.,0.,1.));
#1697 = DIRECTION('',(1.,0.,0.));
#1698 = ADVANCED_FACE('',(#1699),#1710,.F.);
#1699 = FACE_BOUND('',#1700,.F.);
#1700 = EDGE_LOOP('',(#1701,#1702,#1708,#1709));
#1701 = ORIENTED_EDGE('',*,*,#334,.F.);
#1702 = ORIENTED_EDGE('',*,*,#1703,.F.);
#1703 = EDGE_CURVE('',#852,#335,#1704,.T.);
#1704 = LINE('',#1705,#1706);
#1705 = CARTESIAN_POINT('',(76.7,-137.,0.));
#1706 = VECTOR('',#1707,1.);
#1707 = DIRECTION('',(0.,0.,1.));
#1708 = ORIENTED_EDGE('',*,*,#851,.T.);
#1709 = ORIENTED_EDGE('',*,*,#1703,.T.);
#1710 = CYLINDRICAL_SURFACE('',#1711,1.7);
#1711 = AXIS2_PLACEMENT_3D('',#1712,#1713,#1714);
#1712 = CARTESIAN_POINT('',(75.,-137.,0.));
#1713 = DIRECTION('',(0.,0.,1.));
#1714 = DIRECTION('',(1.,0.,0.));
#1715 = ADVANCED_FACE('',(#1716),#1727,.F.);
#1716 = FACE_BOUND('',#1717,.F.);
#1717 = EDGE_LOOP('',(#1718,#1719,#1725,#1726));
#1718 = ORIENTED_EDGE('',*,*,#345,.F.);
#1719 = ORIENTED_EDGE('',*,*,#1720,.F.);
#1720 = EDGE_CURVE('',#841,#346,#1721,.T.);
#1721 = LINE('',#1722,#1723);
#1722 = CARTESIAN_POINT('',(50.,-100.,0.));
#1723 = VECTOR('',#1724,1.);
#1724 = DIRECTION('',(0.,0.,1.));
#1725 = ORIENTED_EDGE('',*,*,#840,.T.);
#1726 = ORIENTED_EDGE('',*,*,#1720,.T.);
#1727 = CYLINDRICAL_SURFACE('',#1728,10.);
#1728 = AXIS2_PLACEMENT_3D('',#1729,#1730,#1731);
#1729 = CARTESIAN_POINT('',(40.,-100.,0.));
#1730 = DIRECTION('',(0.,0.,1.));
#1731 = DIRECTION('',(1.,0.,0.));
#1732 = ADVANCED_FACE('',(#1733),#1744,.F.);
#1733 = FACE_BOUND('',#1734,.F.);
#1734 = EDGE_LOOP('',(#1735,#1736,#1742,#1743));
#1735 = ORIENTED_EDGE('',*,*,#356,.F.);
#1736 = ORIENTED_EDGE('',*,*,#1737,.F.);
#1737 = EDGE_CURVE('',#863,#357,#1738,.T.);
#1738 = LINE('',#1739,#1740);
#1739 = CARTESIAN_POINT('',(101.7,-85.,0.));
#1740 = VECTOR('',#1741,1.);
#1741 = DIRECTION('',(0.,0.,1.));
#1742 = ORIENTED_EDGE('',*,*,#862,.T.);
#1743 = ORIENTED_EDGE('',*,*,#1737,.T.);
#1744 = CYLINDRICAL_SURFACE('',#1745,1.7);
#1745 = AXIS2_PLACEMENT_3D('',#1746,#1747,#1748);
#1746 = CARTESIAN_POINT('',(100.,-85.,0.));
#1747 = DIRECTION('',(0.,0.,1.));
#1748 = DIRECTION('',(1.,0.,0.));
#1749 = ADVANCED_FACE('',(#1750),#1761,.F.);
#1750 = FACE_BOUND('',#1751,.F.);
#1751 = EDGE_LOOP('',(#1752,#1753,#1759,#1760));
#1752 = ORIENTED_EDGE('',*,*,#367,.F.);
#1753 = ORIENTED_EDGE('',*,*,#1754,.F.);
#1754 = EDGE_CURVE('',#967,#368,#1755,.T.);
#1755 = LINE('',#1756,#1757);
#1756 = CARTESIAN_POINT('',(30.35,-24.5,0.));
#1757 = VECTOR('',#1758,1.);
#1758 = DIRECTION('',(0.,0.,1.));
#1759 = ORIENTED_EDGE('',*,*,#966,.T.);
#1760 = ORIENTED_EDGE('',*,*,#1754,.T.);
#1761 = CYLINDRICAL_SURFACE('',#1762,1.35);
#1762 = AXIS2_PLACEMENT_3D('',#1763,#1764,#1765);
#1763 = CARTESIAN_POINT('',(29.,-24.5,0.));
#1764 = DIRECTION('',(0.,0.,1.));
#1765 = DIRECTION('',(1.,0.,0.));
#1766 = ADVANCED_FACE('',(#1767),#1778,.F.);
#1767 = FACE_BOUND('',#1768,.F.);
#1768 = EDGE_LOOP('',(#1769,#1770,#1776,#1777));
#1769 = ORIENTED_EDGE('',*,*,#378,.F.);
#1770 = ORIENTED_EDGE('',*,*,#1771,.F.);
#1771 = EDGE_CURVE('',#978,#379,#1772,.T.);
#1772 = LINE('',#1773,#1774);
#1773 = CARTESIAN_POINT('',(93.7,-30.,0.));
#1774 = VECTOR('',#1775,1.);
#1775 = DIRECTION('',(0.,0.,1.));
#1776 = ORIENTED_EDGE('',*,*,#977,.T.);
#1777 = ORIENTED_EDGE('',*,*,#1771,.T.);
#1778 = CYLINDRICAL_SURFACE('',#1779,1.7);
#1779 = AXIS2_PLACEMENT_3D('',#1780,#1781,#1782);
#1780 = CARTESIAN_POINT('',(92.,-30.,0.));
#1781 = DIRECTION('',(0.,0.,1.));
#1782 = DIRECTION('',(1.,0.,0.));
#1783 = ADVANCED_FACE('',(#1784),#1875,.T.);
#1784 = FACE_BOUND('',#1785,.T.);
#1785 = EDGE_LOOP('',(#1786,#1787,#1795,#1804,#1813,#1822,#1831,#1840,
    #1849,#1858,#1867,#1874));
#1786 = ORIENTED_EDGE('',*,*,#389,.T.);
#1787 = ORIENTED_EDGE('',*,*,#1788,.T.);
#1788 = EDGE_CURVE('',#390,#1789,#1791,.T.);
#1789 = VERTEX_POINT('',#1790);
#1790 = CARTESIAN_POINT('',(-160.,-6.123233995737E-15,65.));
#1791 = LINE('',#1792,#1793);
#1792 = CARTESIAN_POINT('',(-160.,-6.123233995737E-15,3.));
#1793 = VECTOR('',#1794,1.);
#1794 = DIRECTION('',(0.,0.,1.));
#1795 = ORIENTED_EDGE('',*,*,#1796,.F.);
#1796 = EDGE_CURVE('',#1797,#1789,#1799,.T.);
#1797 = VERTEX_POINT('',#1798);
#1798 = CARTESIAN_POINT('',(-160.04205,-1.449390146751,65.));
#1799 = CIRCLE('',#1800,25.);
#1800 = AXIS2_PLACEMENT_3D('',#1801,#1802,#1803);
#1801 = CARTESIAN_POINT('',(-185.,0.,65.));
#1802 = DIRECTION('',(0.,0.,1.));
#1803 = DIRECTION('',(1.,0.,0.));
#1804 = ORIENTED_EDGE('',*,*,#1805,.F.);
#1805 = EDGE_CURVE('',#1806,#1797,#1808,.T.);
#1806 = VERTEX_POINT('',#1807);
#1807 = CARTESIAN_POINT('',(-183.5506098532,-24.95795,65.));
#1808 = CIRCLE('',#1809,25.);
#1809 = AXIS2_PLACEMENT_3D('',#1810,#1811,#1812);
#1810 = CARTESIAN_POINT('',(-185.,0.,65.));
#1811 = DIRECTION('',(0.,0.,1.));
#1812 = DIRECTION('',(1.,0.,0.));
#1813 = ORIENTED_EDGE('',*,*,#1814,.F.);
#1814 = EDGE_CURVE('',#1815,#1806,#1817,.T.);
#1815 = VERTEX_POINT('',#1816);
#1816 = CARTESIAN_POINT('',(-186.4493901467,-24.95795,65.));
#1817 = CIRCLE('',#1818,25.);
#1818 = AXIS2_PLACEMENT_3D('',#1819,#1820,#1821);
#1819 = CARTESIAN_POINT('',(-185.,0.,65.));
#1820 = DIRECTION('',(0.,0.,1.));
#1821 = DIRECTION('',(1.,0.,0.));
#1822 = ORIENTED_EDGE('',*,*,#1823,.F.);
#1823 = EDGE_CURVE('',#1824,#1815,#1826,.T.);
#1824 = VERTEX_POINT('',#1825);
#1825 = CARTESIAN_POINT('',(-209.95795,-1.449390146751,65.));
#1826 = CIRCLE('',#1827,25.);
#1827 = AXIS2_PLACEMENT_3D('',#1828,#1829,#1830);
#1828 = CARTESIAN_POINT('',(-185.,0.,65.));
#1829 = DIRECTION('',(0.,0.,1.));
#1830 = DIRECTION('',(1.,0.,0.));
#1831 = ORIENTED_EDGE('',*,*,#1832,.F.);
#1832 = EDGE_CURVE('',#1833,#1824,#1835,.T.);
#1833 = VERTEX_POINT('',#1834);
#1834 = CARTESIAN_POINT('',(-209.95795,1.449390146751,65.));
#1835 = CIRCLE('',#1836,25.);
#1836 = AXIS2_PLACEMENT_3D('',#1837,#1838,#1839);
#1837 = CARTESIAN_POINT('',(-185.,0.,65.));
#1838 = DIRECTION('',(0.,0.,1.));
#1839 = DIRECTION('',(1.,0.,0.));
#1840 = ORIENTED_EDGE('',*,*,#1841,.F.);
#1841 = EDGE_CURVE('',#1842,#1833,#1844,.T.);
#1842 = VERTEX_POINT('',#1843);
#1843 = CARTESIAN_POINT('',(-186.4493901467,24.95795,65.));
#1844 = CIRCLE('',#1845,25.);
#1845 = AXIS2_PLACEMENT_3D('',#1846,#1847,#1848);
#1846 = CARTESIAN_POINT('',(-185.,0.,65.));
#1847 = DIRECTION('',(0.,0.,1.));
#1848 = DIRECTION('',(1.,0.,0.));
#1849 = ORIENTED_EDGE('',*,*,#1850,.F.);
#1850 = EDGE_CURVE('',#1851,#1842,#1853,.T.);
#1851 = VERTEX_POINT('',#1852);
#1852 = CARTESIAN_POINT('',(-183.5506098532,24.95795,65.));
#1853 = CIRCLE('',#1854,25.);
#1854 = AXIS2_PLACEMENT_3D('',#1855,#1856,#1857);
#1855 = CARTESIAN_POINT('',(-185.,0.,65.));
#1856 = DIRECTION('',(0.,0.,1.));
#1857 = DIRECTION('',(1.,0.,0.));
#1858 = ORIENTED_EDGE('',*,*,#1859,.F.);
#1859 = EDGE_CURVE('',#1860,#1851,#1862,.T.);
#1860 = VERTEX_POINT('',#1861);
#1861 = CARTESIAN_POINT('',(-160.04205,1.449390146751,65.));
#1862 = CIRCLE('',#1863,25.);
#1863 = AXIS2_PLACEMENT_3D('',#1864,#1865,#1866);
#1864 = CARTESIAN_POINT('',(-185.,0.,65.));
#1865 = DIRECTION('',(0.,0.,1.));
#1866 = DIRECTION('',(1.,0.,0.));
#1867 = ORIENTED_EDGE('',*,*,#1868,.F.);
#1868 = EDGE_CURVE('',#1789,#1860,#1869,.T.);
#1869 = CIRCLE('',#1870,25.);
#1870 = AXIS2_PLACEMENT_3D('',#1871,#1872,#1873);
#1871 = CARTESIAN_POINT('',(-185.,0.,65.));
#1872 = DIRECTION('',(0.,0.,1.));
#1873 = DIRECTION('',(1.,0.,0.));
#1874 = ORIENTED_EDGE('',*,*,#1788,.F.);
#1875 = CYLINDRICAL_SURFACE('',#1876,25.);
#1876 = AXIS2_PLACEMENT_3D('',#1877,#1878,#1879);
#1877 = CARTESIAN_POINT('',(-185.,0.,3.));
#1878 = DIRECTION('',(0.,0.,1.));
#1879 = DIRECTION('',(1.,0.,0.));
#1880 = ADVANCED_FACE('',(#1881),#1892,.F.);
#1881 = FACE_BOUND('',#1882,.F.);
#1882 = EDGE_LOOP('',(#1883,#1884,#1890,#1891));
#1883 = ORIENTED_EDGE('',*,*,#400,.F.);
#1884 = ORIENTED_EDGE('',*,*,#1885,.F.);
#1885 = EDGE_CURVE('',#989,#401,#1886,.T.);
#1886 = LINE('',#1887,#1888);
#1887 = CARTESIAN_POINT('',(-90.3,30.,0.));
#1888 = VECTOR('',#1889,1.);
#1889 = DIRECTION('',(0.,0.,1.));
#1890 = ORIENTED_EDGE('',*,*,#988,.T.);
#1891 = ORIENTED_EDGE('',*,*,#1885,.T.);
#1892 = CYLINDRICAL_SURFACE('',#1893,1.7);
#1893 = AXIS2_PLACEMENT_3D('',#1894,#1895,#1896);
#1894 = CARTESIAN_POINT('',(-92.,30.,0.));
#1895 = DIRECTION('',(0.,0.,1.));
#1896 = DIRECTION('',(1.,0.,0.));
#1897 = ADVANCED_FACE('',(#1898),#1909,.F.);
#1898 = FACE_BOUND('',#1899,.F.);
#1899 = EDGE_LOOP('',(#1900,#1901,#1907,#1908));
#1900 = ORIENTED_EDGE('',*,*,#411,.F.);
#1901 = ORIENTED_EDGE('',*,*,#1902,.F.);
#1902 = EDGE_CURVE('',#1000,#412,#1903,.T.);
#1903 = LINE('',#1904,#1905);
#1904 = CARTESIAN_POINT('',(-27.65,24.5,0.));
#1905 = VECTOR('',#1906,1.);
#1906 = DIRECTION('',(0.,0.,1.));
#1907 = ORIENTED_EDGE('',*,*,#999,.T.);
#1908 = ORIENTED_EDGE('',*,*,#1902,.T.);
#1909 = CYLINDRICAL_SURFACE('',#1910,1.35);
#1910 = AXIS2_PLACEMENT_3D('',#1911,#1912,#1913);
#1911 = CARTESIAN_POINT('',(-29.,24.5,0.));
#1912 = DIRECTION('',(0.,0.,1.));
#1913 = DIRECTION('',(1.,0.,0.));
#1914 = ADVANCED_FACE('',(#1915),#1931,.F.);
#1915 = FACE_BOUND('',#1916,.F.);
#1916 = EDGE_LOOP('',(#1917,#1923,#1924,#1930));
#1917 = ORIENTED_EDGE('',*,*,#1918,.T.);
#1918 = EDGE_CURVE('',#1057,#425,#1919,.T.);
#1919 = LINE('',#1920,#1921);
#1920 = CARTESIAN_POINT('',(20.,40.,0.));
#1921 = VECTOR('',#1922,1.);
#1922 = DIRECTION('',(0.,0.,1.));
#1923 = ORIENTED_EDGE('',*,*,#422,.F.);
#1924 = ORIENTED_EDGE('',*,*,#1925,.F.);
#1925 = EDGE_CURVE('',#1055,#423,#1926,.T.);
#1926 = LINE('',#1927,#1928);
#1927 = CARTESIAN_POINT('',(6.,20.921215971661,0.));
#1928 = VECTOR('',#1929,1.);
#1929 = DIRECTION('',(0.,0.,1.));
#1930 = ORIENTED_EDGE('',*,*,#1054,.T.);
#1931 = CYLINDRICAL_SURFACE('',#1932,20.);
#1932 = AXIS2_PLACEMENT_3D('',#1933,#1934,#1935);
#1933 = CARTESIAN_POINT('',(0.,40.,0.));
#1934 = DIRECTION('',(0.,0.,1.));
#1935 = DIRECTION('',(1.,0.,0.));
#1936 = ADVANCED_FACE('',(#1937),#1948,.F.);
#1937 = FACE_BOUND('',#1938,.F.);
#1938 = EDGE_LOOP('',(#1939,#1940,#1946,#1947));
#1939 = ORIENTED_EDGE('',*,*,#433,.F.);
#1940 = ORIENTED_EDGE('',*,*,#1941,.F.);
#1941 = EDGE_CURVE('',#1066,#434,#1942,.T.);
#1942 = LINE('',#1943,#1944);
#1943 = CARTESIAN_POINT('',(6.,20.,0.));
#1944 = VECTOR('',#1945,1.);
#1945 = DIRECTION('',(0.,0.,1.));
#1946 = ORIENTED_EDGE('',*,*,#1065,.T.);
#1947 = ORIENTED_EDGE('',*,*,#1925,.T.);
#1948 = PLANE('',#1949);
#1949 = AXIS2_PLACEMENT_3D('',#1950,#1951,#1952);
#1950 = CARTESIAN_POINT('',(6.,20.,0.));
#1951 = DIRECTION('',(1.,0.,0.));
#1952 = DIRECTION('',(0.,0.,1.));
#1953 = ADVANCED_FACE('',(#1954),#1965,.F.);
#1954 = FACE_BOUND('',#1955,.F.);
#1955 = EDGE_LOOP('',(#1956,#1957,#1958,#1959));
#1956 = ORIENTED_EDGE('',*,*,#506,.F.);
#1957 = ORIENTED_EDGE('',*,*,#1918,.F.);
#1958 = ORIENTED_EDGE('',*,*,#1138,.T.);
#1959 = ORIENTED_EDGE('',*,*,#1960,.T.);
#1960 = EDGE_CURVE('',#1131,#499,#1961,.T.);
#1961 = LINE('',#1962,#1963);
#1962 = CARTESIAN_POINT('',(6.,59.078784028339,0.));
#1963 = VECTOR('',#1964,1.);
#1964 = DIRECTION('',(0.,0.,1.));
#1965 = CYLINDRICAL_SURFACE('',#1966,20.);
#1966 = AXIS2_PLACEMENT_3D('',#1967,#1968,#1969);
#1967 = CARTESIAN_POINT('',(0.,40.,0.));
#1968 = DIRECTION('',(0.,0.,1.));
#1969 = DIRECTION('',(1.,0.,0.));
#1970 = ADVANCED_FACE('',(#1971),#1982,.T.);
#1971 = FACE_BOUND('',#1972,.T.);
#1972 = EDGE_LOOP('',(#1973,#1974,#1980,#1981));
#1973 = ORIENTED_EDGE('',*,*,#1073,.F.);
#1974 = ORIENTED_EDGE('',*,*,#1975,.T.);
#1975 = EDGE_CURVE('',#1074,#442,#1976,.T.);
#1976 = LINE('',#1977,#1978);
#1977 = CARTESIAN_POINT('',(0.,20.,0.));
#1978 = VECTOR('',#1979,1.);
#1979 = DIRECTION('',(0.,0.,1.));
#1980 = ORIENTED_EDGE('',*,*,#441,.T.);
#1981 = ORIENTED_EDGE('',*,*,#1941,.F.);
#1982 = PLANE('',#1983);
#1983 = AXIS2_PLACEMENT_3D('',#1984,#1985,#1986);
#1984 = CARTESIAN_POINT('',(-6.,20.,0.));
#1985 = DIRECTION('',(0.,1.,0.));
#1986 = DIRECTION('',(0.,0.,1.));
#1987 = ADVANCED_FACE('',(#1988),#1999,.F.);
#1988 = FACE_BOUND('',#1989,.F.);
#1989 = EDGE_LOOP('',(#1990,#1991,#1992,#1993));
#1990 = ORIENTED_EDGE('',*,*,#498,.F.);
#1991 = ORIENTED_EDGE('',*,*,#1960,.F.);
#1992 = ORIENTED_EDGE('',*,*,#1130,.T.);
#1993 = ORIENTED_EDGE('',*,*,#1994,.T.);
#1994 = EDGE_CURVE('',#1123,#491,#1995,.T.);
#1995 = LINE('',#1996,#1997);
#1996 = CARTESIAN_POINT('',(6.,60.,0.));
#1997 = VECTOR('',#1998,1.);
#1998 = DIRECTION('',(0.,0.,1.));
#1999 = PLANE('',#2000);
#2000 = AXIS2_PLACEMENT_3D('',#2001,#2002,#2003);
#2001 = CARTESIAN_POINT('',(6.,20.,0.));
#2002 = DIRECTION('',(1.,0.,0.));
#2003 = DIRECTION('',(0.,0.,1.));
#2004 = ADVANCED_FACE('',(#2005),#2016,.T.);
#2005 = FACE_BOUND('',#2006,.T.);
#2006 = EDGE_LOOP('',(#2007,#2008,#2014,#2015));
#2007 = ORIENTED_EDGE('',*,*,#1081,.F.);
#2008 = ORIENTED_EDGE('',*,*,#2009,.T.);
#2009 = EDGE_CURVE('',#1082,#450,#2010,.T.);
#2010 = LINE('',#2011,#2012);
#2011 = CARTESIAN_POINT('',(-6.,20.,0.));
#2012 = VECTOR('',#2013,1.);
#2013 = DIRECTION('',(0.,0.,1.));
#2014 = ORIENTED_EDGE('',*,*,#449,.T.);
#2015 = ORIENTED_EDGE('',*,*,#1975,.F.);
#2016 = PLANE('',#2017);
#2017 = AXIS2_PLACEMENT_3D('',#2018,#2019,#2020);
#2018 = CARTESIAN_POINT('',(-6.,20.,0.));
#2019 = DIRECTION('',(0.,1.,0.));
#2020 = DIRECTION('',(0.,0.,1.));
#2021 = ADVANCED_FACE('',(#2022),#2033,.F.);
#2022 = FACE_BOUND('',#2023,.F.);
#2023 = EDGE_LOOP('',(#2024,#2025,#2031,#2032));
#2024 = ORIENTED_EDGE('',*,*,#1122,.F.);
#2025 = ORIENTED_EDGE('',*,*,#2026,.T.);
#2026 = EDGE_CURVE('',#1115,#483,#2027,.T.);
#2027 = LINE('',#2028,#2029);
#2028 = CARTESIAN_POINT('',(0.,60.,0.));
#2029 = VECTOR('',#2030,1.);
#2030 = DIRECTION('',(0.,0.,1.));
#2031 = ORIENTED_EDGE('',*,*,#490,.T.);
#2032 = ORIENTED_EDGE('',*,*,#1994,.F.);
#2033 = PLANE('',#2034);
#2034 = AXIS2_PLACEMENT_3D('',#2035,#2036,#2037);
#2035 = CARTESIAN_POINT('',(-6.,60.,0.));
#2036 = DIRECTION('',(0.,1.,0.));
#2037 = DIRECTION('',(0.,0.,1.));
#2038 = ADVANCED_FACE('',(#2039),#2050,.T.);
#2039 = FACE_BOUND('',#2040,.T.);
#2040 = EDGE_LOOP('',(#2041,#2042,#2043,#2044));
#2041 = ORIENTED_EDGE('',*,*,#457,.F.);
#2042 = ORIENTED_EDGE('',*,*,#2009,.F.);
#2043 = ORIENTED_EDGE('',*,*,#1089,.T.);
#2044 = ORIENTED_EDGE('',*,*,#2045,.T.);
#2045 = EDGE_CURVE('',#1090,#458,#2046,.T.);
#2046 = LINE('',#2047,#2048);
#2047 = CARTESIAN_POINT('',(-6.,20.921215971661,0.));
#2048 = VECTOR('',#2049,1.);
#2049 = DIRECTION('',(0.,0.,1.));
#2050 = PLANE('',#2051);
#2051 = AXIS2_PLACEMENT_3D('',#2052,#2053,#2054);
#2052 = CARTESIAN_POINT('',(-6.,20.,0.));
#2053 = DIRECTION('',(1.,0.,0.));
#2054 = DIRECTION('',(0.,0.,1.));
#2055 = ADVANCED_FACE('',(#2056),#2067,.F.);
#2056 = FACE_BOUND('',#2057,.F.);
#2057 = EDGE_LOOP('',(#2058,#2059,#2065,#2066));
#2058 = ORIENTED_EDGE('',*,*,#1114,.F.);
#2059 = ORIENTED_EDGE('',*,*,#2060,.T.);
#2060 = EDGE_CURVE('',#1107,#475,#2061,.T.);
#2061 = LINE('',#2062,#2063);
#2062 = CARTESIAN_POINT('',(-6.,60.,0.));
#2063 = VECTOR('',#2064,1.);
#2064 = DIRECTION('',(0.,0.,1.));
#2065 = ORIENTED_EDGE('',*,*,#482,.T.);
#2066 = ORIENTED_EDGE('',*,*,#2026,.F.);
#2067 = PLANE('',#2068);
#2068 = AXIS2_PLACEMENT_3D('',#2069,#2070,#2071);
#2069 = CARTESIAN_POINT('',(-6.,60.,0.));
#2070 = DIRECTION('',(0.,1.,0.));
#2071 = DIRECTION('',(0.,0.,1.));
#2072 = ADVANCED_FACE('',(#2073),#2084,.F.);
#2073 = FACE_BOUND('',#2074,.F.);
#2074 = EDGE_LOOP('',(#2075,#2076,#2082,#2083));
#2075 = ORIENTED_EDGE('',*,*,#465,.F.);
#2076 = ORIENTED_EDGE('',*,*,#2077,.F.);
#2077 = EDGE_CURVE('',#1098,#466,#2078,.T.);
#2078 = LINE('',#2079,#2080);
#2079 = CARTESIAN_POINT('',(-6.,59.078784028339,0.));
#2080 = VECTOR('',#2081,1.);
#2081 = DIRECTION('',(0.,0.,1.));
#2082 = ORIENTED_EDGE('',*,*,#1097,.T.);
#2083 = ORIENTED_EDGE('',*,*,#2045,.T.);
#2084 = CYLINDRICAL_SURFACE('',#2085,20.);
#2085 = AXIS2_PLACEMENT_3D('',#2086,#2087,#2088);
#2086 = CARTESIAN_POINT('',(0.,40.,0.));
#2087 = DIRECTION('',(0.,0.,1.));
#2088 = DIRECTION('',(1.,0.,0.));
#2089 = ADVANCED_FACE('',(#2090),#2096,.T.);
#2090 = FACE_BOUND('',#2091,.T.);
#2091 = EDGE_LOOP('',(#2092,#2093,#2094,#2095));
#2092 = ORIENTED_EDGE('',*,*,#474,.F.);
#2093 = ORIENTED_EDGE('',*,*,#2077,.F.);
#2094 = ORIENTED_EDGE('',*,*,#1106,.T.);
#2095 = ORIENTED_EDGE('',*,*,#2060,.T.);
#2096 = PLANE('',#2097);
#2097 = AXIS2_PLACEMENT_3D('',#2098,#2099,#2100);
#2098 = CARTESIAN_POINT('',(-6.,20.,0.));
#2099 = DIRECTION('',(1.,0.,0.));
#2100 = DIRECTION('',(0.,0.,1.));
#2101 = ADVANCED_FACE('',(#2102),#2113,.F.);
#2102 = FACE_BOUND('',#2103,.F.);
#2103 = EDGE_LOOP('',(#2104,#2105,#2111,#2112));
#2104 = ORIENTED_EDGE('',*,*,#515,.F.);
#2105 = ORIENTED_EDGE('',*,*,#2106,.F.);
#2106 = EDGE_CURVE('',#1011,#516,#2107,.T.);
#2107 = LINE('',#2108,#2109);
#2108 = CARTESIAN_POINT('',(-98.3,85.,0.));
#2109 = VECTOR('',#2110,1.);
#2110 = DIRECTION('',(0.,0.,1.));
#2111 = ORIENTED_EDGE('',*,*,#1010,.T.);
#2112 = ORIENTED_EDGE('',*,*,#2106,.T.);
#2113 = CYLINDRICAL_SURFACE('',#2114,1.7);
#2114 = AXIS2_PLACEMENT_3D('',#2115,#2116,#2117);
#2115 = CARTESIAN_POINT('',(-100.,85.,0.));
#2116 = DIRECTION('',(0.,0.,1.));
#2117 = DIRECTION('',(1.,0.,0.));
#2118 = ADVANCED_FACE('',(#2119),#2130,.F.);
#2119 = FACE_BOUND('',#2120,.F.);
#2120 = EDGE_LOOP('',(#2121,#2122,#2128,#2129));
#2121 = ORIENTED_EDGE('',*,*,#526,.F.);
#2122 = ORIENTED_EDGE('',*,*,#2123,.F.);
#2123 = EDGE_CURVE('',#1033,#527,#2124,.T.);
#2124 = LINE('',#2125,#2126);
#2125 = CARTESIAN_POINT('',(-30.,100.,0.));
#2126 = VECTOR('',#2127,1.);
#2127 = DIRECTION('',(0.,0.,1.));
#2128 = ORIENTED_EDGE('',*,*,#1032,.T.);
#2129 = ORIENTED_EDGE('',*,*,#2123,.T.);
#2130 = CYLINDRICAL_SURFACE('',#2131,10.);
#2131 = AXIS2_PLACEMENT_3D('',#2132,#2133,#2134);
#2132 = CARTESIAN_POINT('',(-40.,100.,0.));
#2133 = DIRECTION('',(0.,0.,1.));
#2134 = DIRECTION('',(1.,0.,0.));
#2135 = ADVANCED_FACE('',(#2136),#2147,.F.);
#2136 = FACE_BOUND('',#2137,.F.);
#2137 = EDGE_LOOP('',(#2138,#2139,#2145,#2146));
#2138 = ORIENTED_EDGE('',*,*,#537,.F.);
#2139 = ORIENTED_EDGE('',*,*,#2140,.F.);
#2140 = EDGE_CURVE('',#1022,#538,#2141,.T.);
#2141 = LINE('',#2142,#2143);
#2142 = CARTESIAN_POINT('',(-73.3,137.,0.));
#2143 = VECTOR('',#2144,1.);
#2144 = DIRECTION('',(0.,0.,1.));
#2145 = ORIENTED_EDGE('',*,*,#1021,.T.);
#2146 = ORIENTED_EDGE('',*,*,#2140,.T.);
#2147 = CYLINDRICAL_SURFACE('',#2148,1.7);
#2148 = AXIS2_PLACEMENT_3D('',#2149,#2150,#2151);
#2149 = CARTESIAN_POINT('',(-75.,137.,0.));
#2150 = DIRECTION('',(0.,0.,1.));
#2151 = DIRECTION('',(1.,0.,0.));
#2152 = ADVANCED_FACE('',(#2153),#2164,.F.);
#2153 = FACE_BOUND('',#2154,.F.);
#2154 = EDGE_LOOP('',(#2155,#2156,#2162,#2163));
#2155 = ORIENTED_EDGE('',*,*,#548,.F.);
#2156 = ORIENTED_EDGE('',*,*,#2157,.F.);
#2157 = EDGE_CURVE('',#1044,#549,#2158,.T.);
#2158 = LINE('',#2159,#2160);
#2159 = CARTESIAN_POINT('',(30.35,24.5,0.));
#2160 = VECTOR('',#2161,1.);
#2161 = DIRECTION('',(0.,0.,1.));
#2162 = ORIENTED_EDGE('',*,*,#1043,.T.);
#2163 = ORIENTED_EDGE('',*,*,#2157,.T.);
#2164 = CYLINDRICAL_SURFACE('',#2165,1.35);
#2165 = AXIS2_PLACEMENT_3D('',#2166,#2167,#2168);
#2166 = CARTESIAN_POINT('',(29.,24.5,0.));
#2167 = DIRECTION('',(0.,0.,1.));
#2168 = DIRECTION('',(1.,0.,0.));
#2169 = ADVANCED_FACE('',(#2170),#2181,.F.);
#2170 = FACE_BOUND('',#2171,.F.);
#2171 = EDGE_LOOP('',(#2172,#2173,#2179,#2180));
#2172 = ORIENTED_EDGE('',*,*,#559,.F.);
#2173 = ORIENTED_EDGE('',*,*,#2174,.F.);
#2174 = EDGE_CURVE('',#1148,#560,#2175,.T.);
#2175 = LINE('',#2176,#2177);
#2176 = CARTESIAN_POINT('',(93.7,30.,0.));
#2177 = VECTOR('',#2178,1.);
#2178 = DIRECTION('',(0.,0.,1.));
#2179 = ORIENTED_EDGE('',*,*,#1147,.T.);
#2180 = ORIENTED_EDGE('',*,*,#2174,.T.);
#2181 = CYLINDRICAL_SURFACE('',#2182,1.7);
#2182 = AXIS2_PLACEMENT_3D('',#2183,#2184,#2185);
#2183 = CARTESIAN_POINT('',(92.,30.,0.));
#2184 = DIRECTION('',(0.,0.,1.));
#2185 = DIRECTION('',(1.,0.,0.));
#2186 = ADVANCED_FACE('',(#2187),#2212,.F.);
#2187 = FACE_BOUND('',#2188,.F.);
#2188 = EDGE_LOOP('',(#2189,#2190,#2198,#2206));
#2189 = ORIENTED_EDGE('',*,*,#570,.F.);
#2190 = ORIENTED_EDGE('',*,*,#2191,.T.);
#2191 = EDGE_CURVE('',#571,#2192,#2194,.T.);
#2192 = VERTEX_POINT('',#2193);
#2193 = CARTESIAN_POINT('',(212.5,-12.,11.));
#2194 = LINE('',#2195,#2196);
#2195 = CARTESIAN_POINT('',(212.5,-12.,3.));
#2196 = VECTOR('',#2197,1.);
#2197 = DIRECTION('',(0.,0.,1.));
#2198 = ORIENTED_EDGE('',*,*,#2199,.T.);
#2199 = EDGE_CURVE('',#2192,#2200,#2202,.T.);
#2200 = VERTEX_POINT('',#2201);
#2201 = CARTESIAN_POINT('',(227.5,-12.,11.));
#2202 = LINE('',#2203,#2204);
#2203 = CARTESIAN_POINT('',(212.5,-12.,11.));
#2204 = VECTOR('',#2205,1.);
#2205 = DIRECTION('',(1.,0.,0.));
#2206 = ORIENTED_EDGE('',*,*,#2207,.F.);
#2207 = EDGE_CURVE('',#573,#2200,#2208,.T.);
#2208 = LINE('',#2209,#2210);
#2209 = CARTESIAN_POINT('',(227.5,-12.,3.));
#2210 = VECTOR('',#2211,1.);
#2211 = DIRECTION('',(0.,0.,1.));
#2212 = PLANE('',#2213);
#2213 = AXIS2_PLACEMENT_3D('',#2214,#2215,#2216);
#2214 = CARTESIAN_POINT('',(212.5,-12.,3.));
#2215 = DIRECTION('',(0.,1.,0.));
#2216 = DIRECTION('',(0.,0.,1.));
#2217 = ADVANCED_FACE('',(#2218),#2236,.F.);
#2218 = FACE_BOUND('',#2219,.F.);
#2219 = EDGE_LOOP('',(#2220,#2221,#2222,#2230));
#2220 = ORIENTED_EDGE('',*,*,#2191,.F.);
#2221 = ORIENTED_EDGE('',*,*,#580,.T.);
#2222 = ORIENTED_EDGE('',*,*,#2223,.T.);
#2223 = EDGE_CURVE('',#581,#2224,#2226,.T.);
#2224 = VERTEX_POINT('',#2225);
#2225 = CARTESIAN_POINT('',(212.5,12.,11.));
#2226 = LINE('',#2227,#2228);
#2227 = CARTESIAN_POINT('',(212.5,12.,3.));
#2228 = VECTOR('',#2229,1.);
#2229 = DIRECTION('',(0.,0.,1.));
#2230 = ORIENTED_EDGE('',*,*,#2231,.F.);
#2231 = EDGE_CURVE('',#2192,#2224,#2232,.T.);
#2232 = LINE('',#2233,#2234);
#2233 = CARTESIAN_POINT('',(212.5,-12.,11.));
#2234 = VECTOR('',#2235,1.);
#2235 = DIRECTION('',(0.,1.,0.));
#2236 = PLANE('',#2237);
#2237 = AXIS2_PLACEMENT_3D('',#2238,#2239,#2240);
#2238 = CARTESIAN_POINT('',(212.5,-12.,3.));
#2239 = DIRECTION('',(1.,0.,0.));
#2240 = DIRECTION('',(0.,0.,1.));
#2241 = ADVANCED_FACE('',(#2242),#2260,.T.);
#2242 = FACE_BOUND('',#2243,.T.);
#2243 = EDGE_LOOP('',(#2244,#2245,#2246,#2254));
#2244 = ORIENTED_EDGE('',*,*,#2207,.F.);
#2245 = ORIENTED_EDGE('',*,*,#596,.T.);
#2246 = ORIENTED_EDGE('',*,*,#2247,.T.);
#2247 = EDGE_CURVE('',#589,#2248,#2250,.T.);
#2248 = VERTEX_POINT('',#2249);
#2249 = CARTESIAN_POINT('',(227.5,12.,11.));
#2250 = LINE('',#2251,#2252);
#2251 = CARTESIAN_POINT('',(227.5,12.,3.));
#2252 = VECTOR('',#2253,1.);
#2253 = DIRECTION('',(0.,0.,1.));
#2254 = ORIENTED_EDGE('',*,*,#2255,.F.);
#2255 = EDGE_CURVE('',#2200,#2248,#2256,.T.);
#2256 = LINE('',#2257,#2258);
#2257 = CARTESIAN_POINT('',(227.5,-12.,11.));
#2258 = VECTOR('',#2259,1.);
#2259 = DIRECTION('',(0.,1.,0.));
#2260 = PLANE('',#2261);
#2261 = AXIS2_PLACEMENT_3D('',#2262,#2263,#2264);
#2262 = CARTESIAN_POINT('',(227.5,-12.,3.));
#2263 = DIRECTION('',(1.,0.,0.));
#2264 = DIRECTION('',(0.,0.,1.));
#2265 = ADVANCED_FACE('',(#2266),#2277,.T.);
#2266 = FACE_BOUND('',#2267,.T.);
#2267 = EDGE_LOOP('',(#2268,#2269,#2270,#2276));
#2268 = ORIENTED_EDGE('',*,*,#588,.F.);
#2269 = ORIENTED_EDGE('',*,*,#2223,.T.);
#2270 = ORIENTED_EDGE('',*,*,#2271,.T.);
#2271 = EDGE_CURVE('',#2224,#2248,#2272,.T.);
#2272 = LINE('',#2273,#2274);
#2273 = CARTESIAN_POINT('',(212.5,12.,11.));
#2274 = VECTOR('',#2275,1.);
#2275 = DIRECTION('',(1.,0.,0.));
#2276 = ORIENTED_EDGE('',*,*,#2247,.F.);
#2277 = PLANE('',#2278);
#2278 = AXIS2_PLACEMENT_3D('',#2279,#2280,#2281);
#2279 = CARTESIAN_POINT('',(212.5,12.,3.));
#2280 = DIRECTION('',(0.,1.,0.));
#2281 = DIRECTION('',(0.,0.,1.));
#2282 = ADVANCED_FACE('',(#2283),#2294,.F.);
#2283 = FACE_BOUND('',#2284,.F.);
#2284 = EDGE_LOOP('',(#2285,#2286,#2292,#2293));
#2285 = ORIENTED_EDGE('',*,*,#604,.F.);
#2286 = ORIENTED_EDGE('',*,*,#2287,.F.);
#2287 = EDGE_CURVE('',#1159,#605,#2288,.T.);
#2288 = LINE('',#2289,#2290);
#2289 = CARTESIAN_POINT('',(50.,100.,0.));
#2290 = VECTOR('',#2291,1.);
#2291 = DIRECTION('',(0.,0.,1.));
#2292 = ORIENTED_EDGE('',*,*,#1158,.T.);
#2293 = ORIENTED_EDGE('',*,*,#2287,.T.);
#2294 = CYLINDRICAL_SURFACE('',#2295,10.);
#2295 = AXIS2_PLACEMENT_3D('',#2296,#2297,#2298);
#2296 = CARTESIAN_POINT('',(40.,100.,0.));
#2297 = DIRECTION('',(0.,0.,1.));
#2298 = DIRECTION('',(1.,0.,0.));
#2299 = ADVANCED_FACE('',(#2300),#2311,.F.);
#2300 = FACE_BOUND('',#2301,.F.);
#2301 = EDGE_LOOP('',(#2302,#2303,#2309,#2310));
#2302 = ORIENTED_EDGE('',*,*,#615,.F.);
#2303 = ORIENTED_EDGE('',*,*,#2304,.F.);
#2304 = EDGE_CURVE('',#1170,#616,#2305,.T.);
#2305 = LINE('',#2306,#2307);
#2306 = CARTESIAN_POINT('',(101.7,85.,0.));
#2307 = VECTOR('',#2308,1.);
#2308 = DIRECTION('',(0.,0.,1.));
#2309 = ORIENTED_EDGE('',*,*,#1169,.T.);
#2310 = ORIENTED_EDGE('',*,*,#2304,.T.);
#2311 = CYLINDRICAL_SURFACE('',#2312,1.7);
#2312 = AXIS2_PLACEMENT_3D('',#2313,#2314,#2315);
#2313 = CARTESIAN_POINT('',(100.,85.,0.));
#2314 = DIRECTION('',(0.,0.,1.));
#2315 = DIRECTION('',(1.,0.,0.));
#2316 = ADVANCED_FACE('',(#2317),#2328,.F.);
#2317 = FACE_BOUND('',#2318,.F.);
#2318 = EDGE_LOOP('',(#2319,#2320,#2326,#2327));
#2319 = ORIENTED_EDGE('',*,*,#626,.F.);
#2320 = ORIENTED_EDGE('',*,*,#2321,.F.);
#2321 = EDGE_CURVE('',#1181,#627,#2322,.T.);
#2322 = LINE('',#2323,#2324);
#2323 = CARTESIAN_POINT('',(76.7,137.,0.));
#2324 = VECTOR('',#2325,1.);
#2325 = DIRECTION('',(0.,0.,1.));
#2326 = ORIENTED_EDGE('',*,*,#1180,.T.);
#2327 = ORIENTED_EDGE('',*,*,#2321,.T.);
#2328 = CYLINDRICAL_SURFACE('',#2329,1.7);
#2329 = AXIS2_PLACEMENT_3D('',#2330,#2331,#2332);
#2330 = CARTESIAN_POINT('',(75.,137.,0.));
#2331 = DIRECTION('',(0.,0.,1.));
#2332 = DIRECTION('',(1.,0.,0.));
#2333 = ADVANCED_FACE('',(#2334),#2345,.T.);
#2334 = FACE_BOUND('',#2335,.T.);
#2335 = EDGE_LOOP('',(#2336,#2337,#2338));
#2336 = ORIENTED_EDGE('',*,*,#1796,.T.);
#2337 = ORIENTED_EDGE('',*,*,#1868,.T.);
#2338 = ORIENTED_EDGE('',*,*,#2339,.T.);
#2339 = EDGE_CURVE('',#1860,#1797,#2340,.T.);
#2340 = CIRCLE('',#2341,1.45);
#2341 = AXIS2_PLACEMENT_3D('',#2342,#2343,#2344);
#2342 = CARTESIAN_POINT('',(-160.,0.,65.));
#2343 = DIRECTION('',(0.,0.,1.));
#2344 = DIRECTION('',(1.,0.,0.));
#2345 = PLANE('',#2346);
#2346 = AXIS2_PLACEMENT_3D('',#2347,#2348,#2349);
#2347 = CARTESIAN_POINT('',(-185.,0.,65.));
#2348 = DIRECTION('',(0.,0.,1.));
#2349 = DIRECTION('',(1.,0.,0.));
#2350 = ADVANCED_FACE('',(#2351),#2439,.F.);
#2351 = FACE_BOUND('',#2352,.F.);
#2352 = EDGE_LOOP('',(#2353,#2363,#2372,#2381,#2389,#2398,#2405,#2406,
    #2415,#2422,#2423,#2432));
#2353 = ORIENTED_EDGE('',*,*,#2354,.F.);
#2354 = EDGE_CURVE('',#2355,#2357,#2359,.T.);
#2355 = VERTEX_POINT('',#2356);
#2356 = CARTESIAN_POINT('',(-185.,-35.15,65.));
#2357 = VERTEX_POINT('',#2358);
#2358 = CARTESIAN_POINT('',(-185.,-26.45,65.));
#2359 = LINE('',#2360,#2361);
#2360 = CARTESIAN_POINT('',(-185.,-35.15,65.));
#2361 = VECTOR('',#2362,1.);
#2362 = DIRECTION('',(0.,1.,0.));
#2363 = ORIENTED_EDGE('',*,*,#2364,.T.);
#2364 = EDGE_CURVE('',#2355,#2365,#2367,.T.);
#2365 = VERTEX_POINT('',#2366);
#2366 = CARTESIAN_POINT('',(-149.85,-8.609266998006E-15,65.));
#2367 = CIRCLE('',#2368,35.15);
#2368 = AXIS2_PLACEMENT_3D('',#2369,#2370,#2371);
#2369 = CARTESIAN_POINT('',(-185.,0.,65.));
#2370 = DIRECTION('',(0.,0.,1.));
#2371 = DIRECTION('',(1.,0.,0.));
#2372 = ORIENTED_EDGE('',*,*,#2373,.T.);
#2373 = EDGE_CURVE('',#2365,#2374,#2376,.T.);
#2374 = VERTEX_POINT('',#2375);
#2375 = CARTESIAN_POINT('',(-185.,35.15,65.));
#2376 = CIRCLE('',#2377,35.15);
#2377 = AXIS2_PLACEMENT_3D('',#2378,#2379,#2380);
#2378 = CARTESIAN_POINT('',(-185.,0.,65.));
#2379 = DIRECTION('',(0.,0.,1.));
#2380 = DIRECTION('',(1.,0.,0.));
#2381 = ORIENTED_EDGE('',*,*,#2382,.F.);
#2382 = EDGE_CURVE('',#2383,#2374,#2385,.T.);
#2383 = VERTEX_POINT('',#2384);
#2384 = CARTESIAN_POINT('',(-185.,26.45,65.));
#2385 = LINE('',#2386,#2387);
#2386 = CARTESIAN_POINT('',(-185.,-35.15,65.));
#2387 = VECTOR('',#2388,1.);
#2388 = DIRECTION('',(0.,1.,0.));
#2389 = ORIENTED_EDGE('',*,*,#2390,.F.);
#2390 = EDGE_CURVE('',#2391,#2383,#2393,.T.);
#2391 = VERTEX_POINT('',#2392);
#2392 = CARTESIAN_POINT('',(-183.55,25.,65.));
#2393 = CIRCLE('',#2394,1.45);
#2394 = AXIS2_PLACEMENT_3D('',#2395,#2396,#2397);
#2395 = CARTESIAN_POINT('',(-185.,25.,65.));
#2396 = DIRECTION('',(0.,0.,1.));
#2397 = DIRECTION('',(1.,0.,0.));
#2398 = ORIENTED_EDGE('',*,*,#2399,.F.);
#2399 = EDGE_CURVE('',#1851,#2391,#2400,.T.);
#2400 = CIRCLE('',#2401,1.45);
#2401 = AXIS2_PLACEMENT_3D('',#2402,#2403,#2404);
#2402 = CARTESIAN_POINT('',(-185.,25.,65.));
#2403 = DIRECTION('',(0.,0.,1.));
#2404 = DIRECTION('',(1.,0.,0.));
#2405 = ORIENTED_EDGE('',*,*,#1859,.F.);
#2406 = ORIENTED_EDGE('',*,*,#2407,.F.);
#2407 = EDGE_CURVE('',#2408,#1860,#2410,.T.);
#2408 = VERTEX_POINT('',#2409);
#2409 = CARTESIAN_POINT('',(-158.55,-3.551475717527E-16,65.));
#2410 = CIRCLE('',#2411,1.45);
#2411 = AXIS2_PLACEMENT_3D('',#2412,#2413,#2414);
#2412 = CARTESIAN_POINT('',(-160.,0.,65.));
#2413 = DIRECTION('',(0.,0.,1.));
#2414 = DIRECTION('',(1.,0.,0.));
#2415 = ORIENTED_EDGE('',*,*,#2416,.F.);
#2416 = EDGE_CURVE('',#1797,#2408,#2417,.T.);
#2417 = CIRCLE('',#2418,1.45);
#2418 = AXIS2_PLACEMENT_3D('',#2419,#2420,#2421);
#2419 = CARTESIAN_POINT('',(-160.,0.,65.));
#2420 = DIRECTION('',(0.,0.,1.));
#2421 = DIRECTION('',(1.,0.,0.));
#2422 = ORIENTED_EDGE('',*,*,#1805,.F.);
#2423 = ORIENTED_EDGE('',*,*,#2424,.F.);
#2424 = EDGE_CURVE('',#2425,#1806,#2427,.T.);
#2425 = VERTEX_POINT('',#2426);
#2426 = CARTESIAN_POINT('',(-183.55,-25.,65.));
#2427 = CIRCLE('',#2428,1.45);
#2428 = AXIS2_PLACEMENT_3D('',#2429,#2430,#2431);
#2429 = CARTESIAN_POINT('',(-185.,-25.,65.));
#2430 = DIRECTION('',(0.,0.,1.));
#2431 = DIRECTION('',(1.,0.,0.));
#2432 = ORIENTED_EDGE('',*,*,#2433,.F.);
#2433 = EDGE_CURVE('',#2357,#2425,#2434,.T.);
#2434 = CIRCLE('',#2435,1.45);
#2435 = AXIS2_PLACEMENT_3D('',#2436,#2437,#2438);
#2436 = CARTESIAN_POINT('',(-185.,-25.,65.));
#2437 = DIRECTION('',(0.,0.,1.));
#2438 = DIRECTION('',(1.,0.,0.));
#2439 = PLANE('',#2440);
#2440 = AXIS2_PLACEMENT_3D('',#2441,#2442,#2443);
#2441 = CARTESIAN_POINT('',(-185.,0.,65.));
#2442 = DIRECTION('',(0.,0.,1.));
#2443 = DIRECTION('',(1.,0.,0.));
#2444 = ADVANCED_FACE('',(#2445),#2464,.T.);
#2445 = FACE_BOUND('',#2446,.T.);
#2446 = EDGE_LOOP('',(#2447,#2456,#2457));
#2447 = ORIENTED_EDGE('',*,*,#2448,.T.);
#2448 = EDGE_CURVE('',#2449,#1851,#2451,.T.);
#2449 = VERTEX_POINT('',#2450);
#2450 = CARTESIAN_POINT('',(-185.,23.55,65.));
#2451 = CIRCLE('',#2452,1.45);
#2452 = AXIS2_PLACEMENT_3D('',#2453,#2454,#2455);
#2453 = CARTESIAN_POINT('',(-185.,25.,65.));
#2454 = DIRECTION('',(0.,0.,1.));
#2455 = DIRECTION('',(1.,0.,0.));
#2456 = ORIENTED_EDGE('',*,*,#1850,.T.);
#2457 = ORIENTED_EDGE('',*,*,#2458,.T.);
#2458 = EDGE_CURVE('',#1842,#2449,#2459,.T.);
#2459 = CIRCLE('',#2460,1.45);
#2460 = AXIS2_PLACEMENT_3D('',#2461,#2462,#2463);
#2461 = CARTESIAN_POINT('',(-185.,25.,65.));
#2462 = DIRECTION('',(0.,0.,1.));
#2463 = DIRECTION('',(1.,0.,0.));
#2464 = PLANE('',#2465);
#2465 = AXIS2_PLACEMENT_3D('',#2466,#2467,#2468);
#2466 = CARTESIAN_POINT('',(-185.,0.,65.));
#2467 = DIRECTION('',(0.,0.,1.));
#2468 = DIRECTION('',(1.,0.,0.));
#2469 = ADVANCED_FACE('',(#2470),#2504,.F.);
#2470 = FACE_BOUND('',#2471,.F.);
#2471 = EDGE_LOOP('',(#2472,#2479,#2480,#2487,#2488,#2495,#2496,#2503));
#2472 = ORIENTED_EDGE('',*,*,#2473,.F.);
#2473 = EDGE_CURVE('',#2383,#1842,#2474,.T.);
#2474 = CIRCLE('',#2475,1.45);
#2475 = AXIS2_PLACEMENT_3D('',#2476,#2477,#2478);
#2476 = CARTESIAN_POINT('',(-185.,25.,65.));
#2477 = DIRECTION('',(0.,0.,1.));
#2478 = DIRECTION('',(1.,0.,0.));
#2479 = ORIENTED_EDGE('',*,*,#2382,.T.);
#2480 = ORIENTED_EDGE('',*,*,#2481,.T.);
#2481 = EDGE_CURVE('',#2374,#2355,#2482,.T.);
#2482 = CIRCLE('',#2483,35.15);
#2483 = AXIS2_PLACEMENT_3D('',#2484,#2485,#2486);
#2484 = CARTESIAN_POINT('',(-185.,0.,65.));
#2485 = DIRECTION('',(0.,0.,1.));
#2486 = DIRECTION('',(1.,0.,0.));
#2487 = ORIENTED_EDGE('',*,*,#2354,.T.);
#2488 = ORIENTED_EDGE('',*,*,#2489,.F.);
#2489 = EDGE_CURVE('',#1815,#2357,#2490,.T.);
#2490 = CIRCLE('',#2491,1.45);
#2491 = AXIS2_PLACEMENT_3D('',#2492,#2493,#2494);
#2492 = CARTESIAN_POINT('',(-185.,-25.,65.));
#2493 = DIRECTION('',(0.,0.,1.));
#2494 = DIRECTION('',(1.,0.,0.));
#2495 = ORIENTED_EDGE('',*,*,#1823,.F.);
#2496 = ORIENTED_EDGE('',*,*,#2497,.F.);
#2497 = EDGE_CURVE('',#1833,#1824,#2498,.T.);
#2498 = CIRCLE('',#2499,1.45);
#2499 = AXIS2_PLACEMENT_3D('',#2500,#2501,#2502);
#2500 = CARTESIAN_POINT('',(-210.,3.061616997868E-15,65.));
#2501 = DIRECTION('',(0.,0.,1.));
#2502 = DIRECTION('',(1.,0.,0.));
#2503 = ORIENTED_EDGE('',*,*,#1841,.F.);
#2504 = PLANE('',#2505);
#2505 = AXIS2_PLACEMENT_3D('',#2506,#2507,#2508);
#2506 = CARTESIAN_POINT('',(-185.,0.,65.));
#2507 = DIRECTION('',(0.,0.,1.));
#2508 = DIRECTION('',(1.,0.,0.));
#2509 = ADVANCED_FACE('',(#2510),#2529,.T.);
#2510 = FACE_BOUND('',#2511,.T.);
#2511 = EDGE_LOOP('',(#2512,#2521,#2522));
#2512 = ORIENTED_EDGE('',*,*,#2513,.T.);
#2513 = EDGE_CURVE('',#2514,#1833,#2516,.T.);
#2514 = VERTEX_POINT('',#2515);
#2515 = CARTESIAN_POINT('',(-208.55,2.706469426116E-15,65.));
#2516 = CIRCLE('',#2517,1.45);
#2517 = AXIS2_PLACEMENT_3D('',#2518,#2519,#2520);
#2518 = CARTESIAN_POINT('',(-210.,3.061616997868E-15,65.));
#2519 = DIRECTION('',(0.,0.,1.));
#2520 = DIRECTION('',(1.,0.,0.));
#2521 = ORIENTED_EDGE('',*,*,#1832,.T.);
#2522 = ORIENTED_EDGE('',*,*,#2523,.T.);
#2523 = EDGE_CURVE('',#1824,#2514,#2524,.T.);
#2524 = CIRCLE('',#2525,1.45);
#2525 = AXIS2_PLACEMENT_3D('',#2526,#2527,#2528);
#2526 = CARTESIAN_POINT('',(-210.,3.061616997868E-15,65.));
#2527 = DIRECTION('',(0.,0.,1.));
#2528 = DIRECTION('',(1.,0.,0.));
#2529 = PLANE('',#2530);
#2530 = AXIS2_PLACEMENT_3D('',#2531,#2532,#2533);
#2531 = CARTESIAN_POINT('',(-185.,0.,65.));
#2532 = DIRECTION('',(0.,0.,1.));
#2533 = DIRECTION('',(1.,0.,0.));
#2534 = ADVANCED_FACE('',(#2535),#2554,.T.);
#2535 = FACE_BOUND('',#2536,.T.);
#2536 = EDGE_LOOP('',(#2537,#2538,#2547));
#2537 = ORIENTED_EDGE('',*,*,#1814,.T.);
#2538 = ORIENTED_EDGE('',*,*,#2539,.T.);
#2539 = EDGE_CURVE('',#1806,#2540,#2542,.T.);
#2540 = VERTEX_POINT('',#2541);
#2541 = CARTESIAN_POINT('',(-185.,-23.55,65.));
#2542 = CIRCLE('',#2543,1.45);
#2543 = AXIS2_PLACEMENT_3D('',#2544,#2545,#2546);
#2544 = CARTESIAN_POINT('',(-185.,-25.,65.));
#2545 = DIRECTION('',(0.,0.,1.));
#2546 = DIRECTION('',(1.,0.,0.));
#2547 = ORIENTED_EDGE('',*,*,#2548,.T.);
#2548 = EDGE_CURVE('',#2540,#1815,#2549,.T.);
#2549 = CIRCLE('',#2550,1.45);
#2550 = AXIS2_PLACEMENT_3D('',#2551,#2552,#2553);
#2551 = CARTESIAN_POINT('',(-185.,-25.,65.));
#2552 = DIRECTION('',(0.,0.,1.));
#2553 = DIRECTION('',(1.,0.,0.));
#2554 = PLANE('',#2555);
#2555 = AXIS2_PLACEMENT_3D('',#2556,#2557,#2558);
#2556 = CARTESIAN_POINT('',(-185.,0.,65.));
#2557 = DIRECTION('',(0.,0.,1.));
#2558 = DIRECTION('',(1.,0.,0.));
#2559 = ADVANCED_FACE('',(#2560,#2594,#2605,#2616,#2627,#2633),#2644,.F.
  );
#2560 = FACE_BOUND('',#2561,.F.);
#2561 = EDGE_LOOP('',(#2562,#2572,#2580,#2588));
#2562 = ORIENTED_EDGE('',*,*,#2563,.F.);
#2563 = EDGE_CURVE('',#2564,#2566,#2568,.T.);
#2564 = VERTEX_POINT('',#2565);
#2565 = CARTESIAN_POINT('',(202.,-18.,11.));
#2566 = VERTEX_POINT('',#2567);
#2567 = CARTESIAN_POINT('',(202.,18.,11.));
#2568 = LINE('',#2569,#2570);
#2569 = CARTESIAN_POINT('',(202.,-18.,11.));
#2570 = VECTOR('',#2571,1.);
#2571 = DIRECTION('',(0.,1.,0.));
#2572 = ORIENTED_EDGE('',*,*,#2573,.T.);
#2573 = EDGE_CURVE('',#2564,#2574,#2576,.T.);
#2574 = VERTEX_POINT('',#2575);
#2575 = CARTESIAN_POINT('',(238.,-18.,11.));
#2576 = LINE('',#2577,#2578);
#2577 = CARTESIAN_POINT('',(202.,-18.,11.));
#2578 = VECTOR('',#2579,1.);
#2579 = DIRECTION('',(1.,0.,0.));
#2580 = ORIENTED_EDGE('',*,*,#2581,.T.);
#2581 = EDGE_CURVE('',#2574,#2582,#2584,.T.);
#2582 = VERTEX_POINT('',#2583);
#2583 = CARTESIAN_POINT('',(238.,18.,11.));
#2584 = LINE('',#2585,#2586);
#2585 = CARTESIAN_POINT('',(238.,-18.,11.));
#2586 = VECTOR('',#2587,1.);
#2587 = DIRECTION('',(0.,1.,0.));
#2588 = ORIENTED_EDGE('',*,*,#2589,.F.);
#2589 = EDGE_CURVE('',#2566,#2582,#2590,.T.);
#2590 = LINE('',#2591,#2592);
#2591 = CARTESIAN_POINT('',(202.,18.,11.));
#2592 = VECTOR('',#2593,1.);
#2593 = DIRECTION('',(1.,0.,0.));
#2594 = FACE_BOUND('',#2595,.F.);
#2595 = EDGE_LOOP('',(#2596));
#2596 = ORIENTED_EDGE('',*,*,#2597,.F.);
#2597 = EDGE_CURVE('',#2598,#2598,#2600,.T.);
#2598 = VERTEX_POINT('',#2599);
#2599 = CARTESIAN_POINT('',(209.7,-12.,11.));
#2600 = CIRCLE('',#2601,1.7);
#2601 = AXIS2_PLACEMENT_3D('',#2602,#2603,#2604);
#2602 = CARTESIAN_POINT('',(208.,-12.,11.));
#2603 = DIRECTION('',(0.,0.,1.));
#2604 = DIRECTION('',(1.,0.,0.));
#2605 = FACE_BOUND('',#2606,.F.);
#2606 = EDGE_LOOP('',(#2607));
#2607 = ORIENTED_EDGE('',*,*,#2608,.F.);
#2608 = EDGE_CURVE('',#2609,#2609,#2611,.T.);
#2609 = VERTEX_POINT('',#2610);
#2610 = CARTESIAN_POINT('',(233.7,-12.,11.));
#2611 = CIRCLE('',#2612,1.7);
#2612 = AXIS2_PLACEMENT_3D('',#2613,#2614,#2615);
#2613 = CARTESIAN_POINT('',(232.,-12.,11.));
#2614 = DIRECTION('',(0.,0.,1.));
#2615 = DIRECTION('',(1.,0.,0.));
#2616 = FACE_BOUND('',#2617,.F.);
#2617 = EDGE_LOOP('',(#2618));
#2618 = ORIENTED_EDGE('',*,*,#2619,.F.);
#2619 = EDGE_CURVE('',#2620,#2620,#2622,.T.);
#2620 = VERTEX_POINT('',#2621);
#2621 = CARTESIAN_POINT('',(209.7,12.,11.));
#2622 = CIRCLE('',#2623,1.7);
#2623 = AXIS2_PLACEMENT_3D('',#2624,#2625,#2626);
#2624 = CARTESIAN_POINT('',(208.,12.,11.));
#2625 = DIRECTION('',(0.,0.,1.));
#2626 = DIRECTION('',(1.,0.,0.));
#2627 = FACE_BOUND('',#2628,.F.);
#2628 = EDGE_LOOP('',(#2629,#2630,#2631,#2632));
#2629 = ORIENTED_EDGE('',*,*,#2199,.F.);
#2630 = ORIENTED_EDGE('',*,*,#2231,.T.);
#2631 = ORIENTED_EDGE('',*,*,#2271,.T.);
#2632 = ORIENTED_EDGE('',*,*,#2255,.F.);
#2633 = FACE_BOUND('',#2634,.F.);
#2634 = EDGE_LOOP('',(#2635));
#2635 = ORIENTED_EDGE('',*,*,#2636,.F.);
#2636 = EDGE_CURVE('',#2637,#2637,#2639,.T.);
#2637 = VERTEX_POINT('',#2638);
#2638 = CARTESIAN_POINT('',(233.7,12.,11.));
#2639 = CIRCLE('',#2640,1.7);
#2640 = AXIS2_PLACEMENT_3D('',#2641,#2642,#2643);
#2641 = CARTESIAN_POINT('',(232.,12.,11.));
#2642 = DIRECTION('',(0.,0.,1.));
#2643 = DIRECTION('',(1.,0.,0.));
#2644 = PLANE('',#2645);
#2645 = AXIS2_PLACEMENT_3D('',#2646,#2647,#2648);
#2646 = CARTESIAN_POINT('',(202.,-18.,11.));
#2647 = DIRECTION('',(0.,0.,1.));
#2648 = DIRECTION('',(1.,0.,0.));
#2649 = ADVANCED_FACE('',(#2650),#2671,.F.);
#2650 = FACE_BOUND('',#2651,.F.);
#2651 = EDGE_LOOP('',(#2652,#2660,#2667,#2668,#2669,#2670));
#2652 = ORIENTED_EDGE('',*,*,#2653,.T.);
#2653 = EDGE_CURVE('',#2408,#2654,#2656,.T.);
#2654 = VERTEX_POINT('',#2655);
#2655 = CARTESIAN_POINT('',(-158.55,-3.551475717527E-16,73.));
#2656 = LINE('',#2657,#2658);
#2657 = CARTESIAN_POINT('',(-158.55,-3.551475717527E-16,65.));
#2658 = VECTOR('',#2659,1.);
#2659 = DIRECTION('',(0.,0.,1.));
#2660 = ORIENTED_EDGE('',*,*,#2661,.F.);
#2661 = EDGE_CURVE('',#2654,#2654,#2662,.T.);
#2662 = CIRCLE('',#2663,1.45);
#2663 = AXIS2_PLACEMENT_3D('',#2664,#2665,#2666);
#2664 = CARTESIAN_POINT('',(-160.,0.,73.));
#2665 = DIRECTION('',(0.,0.,1.));
#2666 = DIRECTION('',(1.,0.,0.));
#2667 = ORIENTED_EDGE('',*,*,#2653,.F.);
#2668 = ORIENTED_EDGE('',*,*,#2407,.T.);
#2669 = ORIENTED_EDGE('',*,*,#2339,.T.);
#2670 = ORIENTED_EDGE('',*,*,#2416,.T.);
#2671 = CYLINDRICAL_SURFACE('',#2672,1.45);
#2672 = AXIS2_PLACEMENT_3D('',#2673,#2674,#2675);
#2673 = CARTESIAN_POINT('',(-160.,0.,65.));
#2674 = DIRECTION('',(0.,0.,1.));
#2675 = DIRECTION('',(1.,0.,0.));
#2676 = ADVANCED_FACE('',(#2677),#2718,.F.);
#2677 = FACE_BOUND('',#2678,.F.);
#2678 = EDGE_LOOP('',(#2679,#2680,#2688,#2697,#2706,#2713,#2714,#2715,
    #2716,#2717));
#2679 = ORIENTED_EDGE('',*,*,#2433,.T.);
#2680 = ORIENTED_EDGE('',*,*,#2681,.T.);
#2681 = EDGE_CURVE('',#2425,#2682,#2684,.T.);
#2682 = VERTEX_POINT('',#2683);
#2683 = CARTESIAN_POINT('',(-183.55,-25.,73.));
#2684 = LINE('',#2685,#2686);
#2685 = CARTESIAN_POINT('',(-183.55,-25.,65.));
#2686 = VECTOR('',#2687,1.);
#2687 = DIRECTION('',(0.,0.,1.));
#2688 = ORIENTED_EDGE('',*,*,#2689,.F.);
#2689 = EDGE_CURVE('',#2690,#2682,#2692,.T.);
#2690 = VERTEX_POINT('',#2691);
#2691 = CARTESIAN_POINT('',(-185.,-26.45,73.));
#2692 = CIRCLE('',#2693,1.45);
#2693 = AXIS2_PLACEMENT_3D('',#2694,#2695,#2696);
#2694 = CARTESIAN_POINT('',(-185.,-25.,73.));
#2695 = DIRECTION('',(0.,0.,1.));
#2696 = DIRECTION('',(1.,0.,0.));
#2697 = ORIENTED_EDGE('',*,*,#2698,.F.);
#2698 = EDGE_CURVE('',#2699,#2690,#2701,.T.);
#2699 = VERTEX_POINT('',#2700);
#2700 = CARTESIAN_POINT('',(-185.,-23.55,73.));
#2701 = CIRCLE('',#2702,1.45);
#2702 = AXIS2_PLACEMENT_3D('',#2703,#2704,#2705);
#2703 = CARTESIAN_POINT('',(-185.,-25.,73.));
#2704 = DIRECTION('',(0.,0.,1.));
#2705 = DIRECTION('',(1.,0.,0.));
#2706 = ORIENTED_EDGE('',*,*,#2707,.F.);
#2707 = EDGE_CURVE('',#2682,#2699,#2708,.T.);
#2708 = CIRCLE('',#2709,1.45);
#2709 = AXIS2_PLACEMENT_3D('',#2710,#2711,#2712);
#2710 = CARTESIAN_POINT('',(-185.,-25.,73.));
#2711 = DIRECTION('',(0.,0.,1.));
#2712 = DIRECTION('',(1.,0.,0.));
#2713 = ORIENTED_EDGE('',*,*,#2681,.F.);
#2714 = ORIENTED_EDGE('',*,*,#2424,.T.);
#2715 = ORIENTED_EDGE('',*,*,#2539,.T.);
#2716 = ORIENTED_EDGE('',*,*,#2548,.T.);
#2717 = ORIENTED_EDGE('',*,*,#2489,.T.);
#2718 = CYLINDRICAL_SURFACE('',#2719,1.45);
#2719 = AXIS2_PLACEMENT_3D('',#2720,#2721,#2722);
#2720 = CARTESIAN_POINT('',(-185.,-25.,65.));
#2721 = DIRECTION('',(0.,0.,1.));
#2722 = DIRECTION('',(1.,0.,0.));
#2723 = ADVANCED_FACE('',(#2724),#2765,.F.);
#2724 = FACE_BOUND('',#2725,.F.);
#2725 = EDGE_LOOP('',(#2726,#2727,#2735,#2744,#2753,#2760,#2761,#2762,
    #2763,#2764));
#2726 = ORIENTED_EDGE('',*,*,#2399,.T.);
#2727 = ORIENTED_EDGE('',*,*,#2728,.T.);
#2728 = EDGE_CURVE('',#2391,#2729,#2731,.T.);
#2729 = VERTEX_POINT('',#2730);
#2730 = CARTESIAN_POINT('',(-183.55,25.,73.));
#2731 = LINE('',#2732,#2733);
#2732 = CARTESIAN_POINT('',(-183.55,25.,65.));
#2733 = VECTOR('',#2734,1.);
#2734 = DIRECTION('',(0.,0.,1.));
#2735 = ORIENTED_EDGE('',*,*,#2736,.F.);
#2736 = EDGE_CURVE('',#2737,#2729,#2739,.T.);
#2737 = VERTEX_POINT('',#2738);
#2738 = CARTESIAN_POINT('',(-185.,23.55,73.));
#2739 = CIRCLE('',#2740,1.45);
#2740 = AXIS2_PLACEMENT_3D('',#2741,#2742,#2743);
#2741 = CARTESIAN_POINT('',(-185.,25.,73.));
#2742 = DIRECTION('',(0.,0.,1.));
#2743 = DIRECTION('',(1.,0.,0.));
#2744 = ORIENTED_EDGE('',*,*,#2745,.F.);
#2745 = EDGE_CURVE('',#2746,#2737,#2748,.T.);
#2746 = VERTEX_POINT('',#2747);
#2747 = CARTESIAN_POINT('',(-185.,26.45,73.));
#2748 = CIRCLE('',#2749,1.45);
#2749 = AXIS2_PLACEMENT_3D('',#2750,#2751,#2752);
#2750 = CARTESIAN_POINT('',(-185.,25.,73.));
#2751 = DIRECTION('',(0.,0.,1.));
#2752 = DIRECTION('',(1.,0.,0.));
#2753 = ORIENTED_EDGE('',*,*,#2754,.F.);
#2754 = EDGE_CURVE('',#2729,#2746,#2755,.T.);
#2755 = CIRCLE('',#2756,1.45);
#2756 = AXIS2_PLACEMENT_3D('',#2757,#2758,#2759);
#2757 = CARTESIAN_POINT('',(-185.,25.,73.));
#2758 = DIRECTION('',(0.,0.,1.));
#2759 = DIRECTION('',(1.,0.,0.));
#2760 = ORIENTED_EDGE('',*,*,#2728,.F.);
#2761 = ORIENTED_EDGE('',*,*,#2390,.T.);
#2762 = ORIENTED_EDGE('',*,*,#2473,.T.);
#2763 = ORIENTED_EDGE('',*,*,#2458,.T.);
#2764 = ORIENTED_EDGE('',*,*,#2448,.T.);
#2765 = CYLINDRICAL_SURFACE('',#2766,1.45);
#2766 = AXIS2_PLACEMENT_3D('',#2767,#2768,#2769);
#2767 = CARTESIAN_POINT('',(-185.,25.,65.));
#2768 = DIRECTION('',(0.,0.,1.));
#2769 = DIRECTION('',(1.,0.,0.));
#2770 = ADVANCED_FACE('',(#2771),#2797,.T.);
#2771 = FACE_BOUND('',#2772,.T.);
#2772 = EDGE_LOOP('',(#2773,#2784,#2790,#2791));
#2773 = ORIENTED_EDGE('',*,*,#2774,.F.);
#2774 = EDGE_CURVE('',#2775,#2777,#2779,.T.);
#2775 = VERTEX_POINT('',#2776);
#2776 = CARTESIAN_POINT('',(-149.85,-8.609266998006E-15,73.));
#2777 = VERTEX_POINT('',#2778);
#2778 = CARTESIAN_POINT('',(-185.,35.15,73.));
#2779 = CIRCLE('',#2780,35.15);
#2780 = AXIS2_PLACEMENT_3D('',#2781,#2782,#2783);
#2781 = CARTESIAN_POINT('',(-185.,0.,73.));
#2782 = DIRECTION('',(0.,0.,1.));
#2783 = DIRECTION('',(1.,0.,0.));
#2784 = ORIENTED_EDGE('',*,*,#2785,.F.);
#2785 = EDGE_CURVE('',#2365,#2775,#2786,.T.);
#2786 = LINE('',#2787,#2788);
#2787 = CARTESIAN_POINT('',(-149.85,-8.609266998006E-15,65.));
#2788 = VECTOR('',#2789,1.);
#2789 = DIRECTION('',(0.,0.,1.));
#2790 = ORIENTED_EDGE('',*,*,#2373,.T.);
#2791 = ORIENTED_EDGE('',*,*,#2792,.T.);
#2792 = EDGE_CURVE('',#2374,#2777,#2793,.T.);
#2793 = LINE('',#2794,#2795);
#2794 = CARTESIAN_POINT('',(-185.,35.15,65.));
#2795 = VECTOR('',#2796,1.);
#2796 = DIRECTION('',(0.,0.,1.));
#2797 = CYLINDRICAL_SURFACE('',#2798,35.15);
#2798 = AXIS2_PLACEMENT_3D('',#2799,#2800,#2801);
#2799 = CARTESIAN_POINT('',(-185.,0.,65.));
#2800 = DIRECTION('',(0.,0.,1.));
#2801 = DIRECTION('',(1.,0.,0.));
#2802 = ADVANCED_FACE('',(#2803),#2822,.T.);
#2803 = FACE_BOUND('',#2804,.T.);
#2804 = EDGE_LOOP('',(#2805,#2806,#2815,#2821));
#2805 = ORIENTED_EDGE('',*,*,#2785,.T.);
#2806 = ORIENTED_EDGE('',*,*,#2807,.F.);
#2807 = EDGE_CURVE('',#2808,#2775,#2810,.T.);
#2808 = VERTEX_POINT('',#2809);
#2809 = CARTESIAN_POINT('',(-185.,-35.15,73.));
#2810 = CIRCLE('',#2811,35.15);
#2811 = AXIS2_PLACEMENT_3D('',#2812,#2813,#2814);
#2812 = CARTESIAN_POINT('',(-185.,0.,73.));
#2813 = DIRECTION('',(0.,0.,1.));
#2814 = DIRECTION('',(1.,0.,0.));
#2815 = ORIENTED_EDGE('',*,*,#2816,.F.);
#2816 = EDGE_CURVE('',#2355,#2808,#2817,.T.);
#2817 = LINE('',#2818,#2819);
#2818 = CARTESIAN_POINT('',(-185.,-35.15,65.));
#2819 = VECTOR('',#2820,1.);
#2820 = DIRECTION('',(0.,0.,1.));
#2821 = ORIENTED_EDGE('',*,*,#2364,.T.);
#2822 = CYLINDRICAL_SURFACE('',#2823,35.15);
#2823 = AXIS2_PLACEMENT_3D('',#2824,#2825,#2826);
#2824 = CARTESIAN_POINT('',(-185.,0.,65.));
#2825 = DIRECTION('',(0.,0.,1.));
#2826 = DIRECTION('',(1.,0.,0.));
#2827 = ADVANCED_FACE('',(#2828),#2849,.F.);
#2828 = FACE_BOUND('',#2829,.F.);
#2829 = EDGE_LOOP('',(#2830,#2838,#2845,#2846,#2847,#2848));
#2830 = ORIENTED_EDGE('',*,*,#2831,.T.);
#2831 = EDGE_CURVE('',#2514,#2832,#2834,.T.);
#2832 = VERTEX_POINT('',#2833);
#2833 = CARTESIAN_POINT('',(-208.55,2.706469426116E-15,73.));
#2834 = LINE('',#2835,#2836);
#2835 = CARTESIAN_POINT('',(-208.55,2.706469426116E-15,65.));
#2836 = VECTOR('',#2837,1.);
#2837 = DIRECTION('',(0.,0.,1.));
#2838 = ORIENTED_EDGE('',*,*,#2839,.F.);
#2839 = EDGE_CURVE('',#2832,#2832,#2840,.T.);
#2840 = CIRCLE('',#2841,1.45);
#2841 = AXIS2_PLACEMENT_3D('',#2842,#2843,#2844);
#2842 = CARTESIAN_POINT('',(-210.,3.061616997868E-15,73.));
#2843 = DIRECTION('',(0.,0.,1.));
#2844 = DIRECTION('',(1.,0.,0.));
#2845 = ORIENTED_EDGE('',*,*,#2831,.F.);
#2846 = ORIENTED_EDGE('',*,*,#2513,.T.);
#2847 = ORIENTED_EDGE('',*,*,#2497,.T.);
#2848 = ORIENTED_EDGE('',*,*,#2523,.T.);
#2849 = CYLINDRICAL_SURFACE('',#2850,1.45);
#2850 = AXIS2_PLACEMENT_3D('',#2851,#2852,#2853);
#2851 = CARTESIAN_POINT('',(-210.,3.061616997868E-15,65.));
#2852 = DIRECTION('',(0.,0.,1.));
#2853 = DIRECTION('',(1.,0.,0.));
#2854 = ADVANCED_FACE('',(#2855),#2880,.F.);
#2855 = FACE_BOUND('',#2856,.F.);
#2856 = EDGE_LOOP('',(#2857,#2865,#2873,#2879));
#2857 = ORIENTED_EDGE('',*,*,#2858,.F.);
#2858 = EDGE_CURVE('',#2859,#2374,#2861,.T.);
#2859 = VERTEX_POINT('',#2860);
#2860 = CARTESIAN_POINT('',(-246.65,35.15,65.));
#2861 = LINE('',#2862,#2863);
#2862 = CARTESIAN_POINT('',(-246.65,35.15,65.));
#2863 = VECTOR('',#2864,1.);
#2864 = DIRECTION('',(1.,0.,0.));
#2865 = ORIENTED_EDGE('',*,*,#2866,.F.);
#2866 = EDGE_CURVE('',#2867,#2859,#2869,.T.);
#2867 = VERTEX_POINT('',#2868);
#2868 = CARTESIAN_POINT('',(-246.65,-35.15,65.));
#2869 = LINE('',#2870,#2871);
#2870 = CARTESIAN_POINT('',(-246.65,-35.15,65.));
#2871 = VECTOR('',#2872,1.);
#2872 = DIRECTION('',(0.,1.,0.));
#2873 = ORIENTED_EDGE('',*,*,#2874,.T.);
#2874 = EDGE_CURVE('',#2867,#2355,#2875,.T.);
#2875 = LINE('',#2876,#2877);
#2876 = CARTESIAN_POINT('',(-246.65,-35.15,65.));
#2877 = VECTOR('',#2878,1.);
#2878 = DIRECTION('',(1.,0.,0.));
#2879 = ORIENTED_EDGE('',*,*,#2481,.F.);
#2880 = PLANE('',#2881);
#2881 = AXIS2_PLACEMENT_3D('',#2882,#2883,#2884);
#2882 = CARTESIAN_POINT('',(-246.65,-35.15,65.));
#2883 = DIRECTION('',(0.,0.,1.));
#2884 = DIRECTION('',(1.,0.,0.));
#2885 = ADVANCED_FACE('',(#2886),#2911,.F.);
#2886 = FACE_BOUND('',#2887,.F.);
#2887 = EDGE_LOOP('',(#2888,#2896,#2897,#2905));
#2888 = ORIENTED_EDGE('',*,*,#2889,.F.);
#2889 = EDGE_CURVE('',#2564,#2890,#2892,.T.);
#2890 = VERTEX_POINT('',#2891);
#2891 = CARTESIAN_POINT('',(202.,-18.,16.));
#2892 = LINE('',#2893,#2894);
#2893 = CARTESIAN_POINT('',(202.,-18.,11.));
#2894 = VECTOR('',#2895,1.);
#2895 = DIRECTION('',(0.,0.,1.));
#2896 = ORIENTED_EDGE('',*,*,#2563,.T.);
#2897 = ORIENTED_EDGE('',*,*,#2898,.T.);
#2898 = EDGE_CURVE('',#2566,#2899,#2901,.T.);
#2899 = VERTEX_POINT('',#2900);
#2900 = CARTESIAN_POINT('',(202.,18.,16.));
#2901 = LINE('',#2902,#2903);
#2902 = CARTESIAN_POINT('',(202.,18.,11.));
#2903 = VECTOR('',#2904,1.);
#2904 = DIRECTION('',(0.,0.,1.));
#2905 = ORIENTED_EDGE('',*,*,#2906,.F.);
#2906 = EDGE_CURVE('',#2890,#2899,#2907,.T.);
#2907 = LINE('',#2908,#2909);
#2908 = CARTESIAN_POINT('',(202.,-18.,16.));
#2909 = VECTOR('',#2910,1.);
#2910 = DIRECTION('',(0.,1.,0.));
#2911 = PLANE('',#2912);
#2912 = AXIS2_PLACEMENT_3D('',#2913,#2914,#2915);
#2913 = CARTESIAN_POINT('',(202.,-18.,11.));
#2914 = DIRECTION('',(1.,0.,0.));
#2915 = DIRECTION('',(0.,0.,1.));
#2916 = ADVANCED_FACE('',(#2917),#2935,.T.);
#2917 = FACE_BOUND('',#2918,.T.);
#2918 = EDGE_LOOP('',(#2919,#2920,#2921,#2929));
#2919 = ORIENTED_EDGE('',*,*,#2589,.F.);
#2920 = ORIENTED_EDGE('',*,*,#2898,.T.);
#2921 = ORIENTED_EDGE('',*,*,#2922,.T.);
#2922 = EDGE_CURVE('',#2899,#2923,#2925,.T.);
#2923 = VERTEX_POINT('',#2924);
#2924 = CARTESIAN_POINT('',(238.,18.,16.));
#2925 = LINE('',#2926,#2927);
#2926 = CARTESIAN_POINT('',(202.,18.,16.));
#2927 = VECTOR('',#2928,1.);
#2928 = DIRECTION('',(1.,0.,0.));
#2929 = ORIENTED_EDGE('',*,*,#2930,.F.);
#2930 = EDGE_CURVE('',#2582,#2923,#2931,.T.);
#2931 = LINE('',#2932,#2933);
#2932 = CARTESIAN_POINT('',(238.,18.,11.));
#2933 = VECTOR('',#2934,1.);
#2934 = DIRECTION('',(0.,0.,1.));
#2935 = PLANE('',#2936);
#2936 = AXIS2_PLACEMENT_3D('',#2937,#2938,#2939);
#2937 = CARTESIAN_POINT('',(202.,18.,11.));
#2938 = DIRECTION('',(0.,1.,0.));
#2939 = DIRECTION('',(0.,0.,1.));
#2940 = ADVANCED_FACE('',(#2941),#2959,.F.);
#2941 = FACE_BOUND('',#2942,.F.);
#2942 = EDGE_LOOP('',(#2943,#2944,#2945,#2953));
#2943 = ORIENTED_EDGE('',*,*,#2573,.F.);
#2944 = ORIENTED_EDGE('',*,*,#2889,.T.);
#2945 = ORIENTED_EDGE('',*,*,#2946,.T.);
#2946 = EDGE_CURVE('',#2890,#2947,#2949,.T.);
#2947 = VERTEX_POINT('',#2948);
#2948 = CARTESIAN_POINT('',(238.,-18.,16.));
#2949 = LINE('',#2950,#2951);
#2950 = CARTESIAN_POINT('',(202.,-18.,16.));
#2951 = VECTOR('',#2952,1.);
#2952 = DIRECTION('',(1.,0.,0.));
#2953 = ORIENTED_EDGE('',*,*,#2954,.F.);
#2954 = EDGE_CURVE('',#2574,#2947,#2955,.T.);
#2955 = LINE('',#2956,#2957);
#2956 = CARTESIAN_POINT('',(238.,-18.,11.));
#2957 = VECTOR('',#2958,1.);
#2958 = DIRECTION('',(0.,0.,1.));
#2959 = PLANE('',#2960);
#2960 = AXIS2_PLACEMENT_3D('',#2961,#2962,#2963);
#2961 = CARTESIAN_POINT('',(202.,-18.,11.));
#2962 = DIRECTION('',(0.,1.,0.));
#2963 = DIRECTION('',(0.,0.,1.));
#2964 = ADVANCED_FACE('',(#2965),#2976,.T.);
#2965 = FACE_BOUND('',#2966,.T.);
#2966 = EDGE_LOOP('',(#2967,#2968,#2969,#2970));
#2967 = ORIENTED_EDGE('',*,*,#2954,.F.);
#2968 = ORIENTED_EDGE('',*,*,#2581,.T.);
#2969 = ORIENTED_EDGE('',*,*,#2930,.T.);
#2970 = ORIENTED_EDGE('',*,*,#2971,.F.);
#2971 = EDGE_CURVE('',#2947,#2923,#2972,.T.);
#2972 = LINE('',#2973,#2974);
#2973 = CARTESIAN_POINT('',(238.,-18.,16.));
#2974 = VECTOR('',#2975,1.);
#2975 = DIRECTION('',(0.,1.,0.));
#2976 = PLANE('',#2977);
#2977 = AXIS2_PLACEMENT_3D('',#2978,#2979,#2980);
#2978 = CARTESIAN_POINT('',(238.,-18.,11.));
#2979 = DIRECTION('',(1.,0.,0.));
#2980 = DIRECTION('',(0.,0.,1.));
#2981 = ADVANCED_FACE('',(#2982),#3001,.F.);
#2982 = FACE_BOUND('',#2983,.F.);
#2983 = EDGE_LOOP('',(#2984,#2993,#2999,#3000));
#2984 = ORIENTED_EDGE('',*,*,#2985,.F.);
#2985 = EDGE_CURVE('',#2986,#2986,#2988,.T.);
#2986 = VERTEX_POINT('',#2987);
#2987 = CARTESIAN_POINT('',(209.7,-12.,16.));
#2988 = CIRCLE('',#2989,1.7);
#2989 = AXIS2_PLACEMENT_3D('',#2990,#2991,#2992);
#2990 = CARTESIAN_POINT('',(208.,-12.,16.));
#2991 = DIRECTION('',(0.,0.,1.));
#2992 = DIRECTION('',(1.,0.,0.));
#2993 = ORIENTED_EDGE('',*,*,#2994,.F.);
#2994 = EDGE_CURVE('',#2598,#2986,#2995,.T.);
#2995 = LINE('',#2996,#2997);
#2996 = CARTESIAN_POINT('',(209.7,-12.,11.));
#2997 = VECTOR('',#2998,1.);
#2998 = DIRECTION('',(0.,0.,1.));
#2999 = ORIENTED_EDGE('',*,*,#2597,.T.);
#3000 = ORIENTED_EDGE('',*,*,#2994,.T.);
#3001 = CYLINDRICAL_SURFACE('',#3002,1.7);
#3002 = AXIS2_PLACEMENT_3D('',#3003,#3004,#3005);
#3003 = CARTESIAN_POINT('',(208.,-12.,11.));
#3004 = DIRECTION('',(0.,0.,1.));
#3005 = DIRECTION('',(1.,0.,0.));
#3006 = ADVANCED_FACE('',(#3007),#3026,.F.);
#3007 = FACE_BOUND('',#3008,.F.);
#3008 = EDGE_LOOP('',(#3009,#3018,#3024,#3025));
#3009 = ORIENTED_EDGE('',*,*,#3010,.F.);
#3010 = EDGE_CURVE('',#3011,#3011,#3013,.T.);
#3011 = VERTEX_POINT('',#3012);
#3012 = CARTESIAN_POINT('',(233.7,-12.,16.));
#3013 = CIRCLE('',#3014,1.7);
#3014 = AXIS2_PLACEMENT_3D('',#3015,#3016,#3017);
#3015 = CARTESIAN_POINT('',(232.,-12.,16.));
#3016 = DIRECTION('',(0.,0.,1.));
#3017 = DIRECTION('',(1.,0.,0.));
#3018 = ORIENTED_EDGE('',*,*,#3019,.F.);
#3019 = EDGE_CURVE('',#2609,#3011,#3020,.T.);
#3020 = LINE('',#3021,#3022);
#3021 = CARTESIAN_POINT('',(233.7,-12.,11.));
#3022 = VECTOR('',#3023,1.);
#3023 = DIRECTION('',(0.,0.,1.));
#3024 = ORIENTED_EDGE('',*,*,#2608,.T.);
#3025 = ORIENTED_EDGE('',*,*,#3019,.T.);
#3026 = CYLINDRICAL_SURFACE('',#3027,1.7);
#3027 = AXIS2_PLACEMENT_3D('',#3028,#3029,#3030);
#3028 = CARTESIAN_POINT('',(232.,-12.,11.));
#3029 = DIRECTION('',(0.,0.,1.));
#3030 = DIRECTION('',(1.,0.,0.));
#3031 = ADVANCED_FACE('',(#3032),#3051,.F.);
#3032 = FACE_BOUND('',#3033,.F.);
#3033 = EDGE_LOOP('',(#3034,#3043,#3049,#3050));
#3034 = ORIENTED_EDGE('',*,*,#3035,.F.);
#3035 = EDGE_CURVE('',#3036,#3036,#3038,.T.);
#3036 = VERTEX_POINT('',#3037);
#3037 = CARTESIAN_POINT('',(209.7,12.,16.));
#3038 = CIRCLE('',#3039,1.7);
#3039 = AXIS2_PLACEMENT_3D('',#3040,#3041,#3042);
#3040 = CARTESIAN_POINT('',(208.,12.,16.));
#3041 = DIRECTION('',(0.,0.,1.));
#3042 = DIRECTION('',(1.,0.,0.));
#3043 = ORIENTED_EDGE('',*,*,#3044,.F.);
#3044 = EDGE_CURVE('',#2620,#3036,#3045,.T.);
#3045 = LINE('',#3046,#3047);
#3046 = CARTESIAN_POINT('',(209.7,12.,11.));
#3047 = VECTOR('',#3048,1.);
#3048 = DIRECTION('',(0.,0.,1.));
#3049 = ORIENTED_EDGE('',*,*,#2619,.T.);
#3050 = ORIENTED_EDGE('',*,*,#3044,.T.);
#3051 = CYLINDRICAL_SURFACE('',#3052,1.7);
#3052 = AXIS2_PLACEMENT_3D('',#3053,#3054,#3055);
#3053 = CARTESIAN_POINT('',(208.,12.,11.));
#3054 = DIRECTION('',(0.,0.,1.));
#3055 = DIRECTION('',(1.,0.,0.));
#3056 = ADVANCED_FACE('',(#3057),#3076,.F.);
#3057 = FACE_BOUND('',#3058,.F.);
#3058 = EDGE_LOOP('',(#3059,#3068,#3074,#3075));
#3059 = ORIENTED_EDGE('',*,*,#3060,.F.);
#3060 = EDGE_CURVE('',#3061,#3061,#3063,.T.);
#3061 = VERTEX_POINT('',#3062);
#3062 = CARTESIAN_POINT('',(233.7,12.,16.));
#3063 = CIRCLE('',#3064,1.7);
#3064 = AXIS2_PLACEMENT_3D('',#3065,#3066,#3067);
#3065 = CARTESIAN_POINT('',(232.,12.,16.));
#3066 = DIRECTION('',(0.,0.,1.));
#3067 = DIRECTION('',(1.,0.,0.));
#3068 = ORIENTED_EDGE('',*,*,#3069,.F.);
#3069 = EDGE_CURVE('',#2637,#3061,#3070,.T.);
#3070 = LINE('',#3071,#3072);
#3071 = CARTESIAN_POINT('',(233.7,12.,11.));
#3072 = VECTOR('',#3073,1.);
#3073 = DIRECTION('',(0.,0.,1.));
#3074 = ORIENTED_EDGE('',*,*,#2636,.T.);
#3075 = ORIENTED_EDGE('',*,*,#3069,.T.);
#3076 = CYLINDRICAL_SURFACE('',#3077,1.7);
#3077 = AXIS2_PLACEMENT_3D('',#3078,#3079,#3080);
#3078 = CARTESIAN_POINT('',(232.,12.,11.));
#3079 = DIRECTION('',(0.,0.,1.));
#3080 = DIRECTION('',(1.,0.,0.));
#3081 = ADVANCED_FACE('',(#3082,#3108),#3111,.T.);
#3082 = FACE_BOUND('',#3083,.T.);
#3083 = EDGE_LOOP('',(#3084,#3090,#3091,#3092,#3098,#3099,#3100,#3106,
    #3107));
#3084 = ORIENTED_EDGE('',*,*,#3085,.F.);
#3085 = EDGE_CURVE('',#2808,#2690,#3086,.T.);
#3086 = LINE('',#3087,#3088);
#3087 = CARTESIAN_POINT('',(-185.,-35.15,73.));
#3088 = VECTOR('',#3089,1.);
#3089 = DIRECTION('',(0.,1.,0.));
#3090 = ORIENTED_EDGE('',*,*,#2807,.T.);
#3091 = ORIENTED_EDGE('',*,*,#2774,.T.);
#3092 = ORIENTED_EDGE('',*,*,#3093,.F.);
#3093 = EDGE_CURVE('',#2746,#2777,#3094,.T.);
#3094 = LINE('',#3095,#3096);
#3095 = CARTESIAN_POINT('',(-185.,-35.15,73.));
#3096 = VECTOR('',#3097,1.);
#3097 = DIRECTION('',(0.,1.,0.));
#3098 = ORIENTED_EDGE('',*,*,#2754,.F.);
#3099 = ORIENTED_EDGE('',*,*,#2736,.F.);
#3100 = ORIENTED_EDGE('',*,*,#3101,.F.);
#3101 = EDGE_CURVE('',#2699,#2737,#3102,.T.);
#3102 = LINE('',#3103,#3104);
#3103 = CARTESIAN_POINT('',(-185.,-35.15,73.));
#3104 = VECTOR('',#3105,1.);
#3105 = DIRECTION('',(0.,1.,0.));
#3106 = ORIENTED_EDGE('',*,*,#2707,.F.);
#3107 = ORIENTED_EDGE('',*,*,#2689,.F.);
#3108 = FACE_BOUND('',#3109,.T.);
#3109 = EDGE_LOOP('',(#3110));
#3110 = ORIENTED_EDGE('',*,*,#2661,.F.);
#3111 = PLANE('',#3112);
#3112 = AXIS2_PLACEMENT_3D('',#3113,#3114,#3115);
#3113 = CARTESIAN_POINT('',(-185.,0.,73.));
#3114 = DIRECTION('',(0.,0.,1.));
#3115 = DIRECTION('',(1.,0.,0.));
#3116 = ADVANCED_FACE('',(#3117,#3131),#3134,.T.);
#3117 = FACE_BOUND('',#3118,.T.);
#3118 = EDGE_LOOP('',(#3119,#3120,#3127,#3128,#3129,#3130));
#3119 = ORIENTED_EDGE('',*,*,#3093,.T.);
#3120 = ORIENTED_EDGE('',*,*,#3121,.T.);
#3121 = EDGE_CURVE('',#2777,#2808,#3122,.T.);
#3122 = CIRCLE('',#3123,35.15);
#3123 = AXIS2_PLACEMENT_3D('',#3124,#3125,#3126);
#3124 = CARTESIAN_POINT('',(-185.,0.,73.));
#3125 = DIRECTION('',(0.,0.,1.));
#3126 = DIRECTION('',(1.,0.,0.));
#3127 = ORIENTED_EDGE('',*,*,#3085,.T.);
#3128 = ORIENTED_EDGE('',*,*,#2698,.F.);
#3129 = ORIENTED_EDGE('',*,*,#3101,.T.);
#3130 = ORIENTED_EDGE('',*,*,#2745,.F.);
#3131 = FACE_BOUND('',#3132,.T.);
#3132 = EDGE_LOOP('',(#3133));
#3133 = ORIENTED_EDGE('',*,*,#2839,.F.);
#3134 = PLANE('',#3135);
#3135 = AXIS2_PLACEMENT_3D('',#3136,#3137,#3138);
#3136 = CARTESIAN_POINT('',(-185.,0.,73.));
#3137 = DIRECTION('',(0.,0.,1.));
#3138 = DIRECTION('',(1.,0.,0.));
#3139 = ADVANCED_FACE('',(#3140),#3158,.T.);
#3140 = FACE_BOUND('',#3141,.T.);
#3141 = EDGE_LOOP('',(#3142,#3143,#3151,#3157));
#3142 = ORIENTED_EDGE('',*,*,#2858,.F.);
#3143 = ORIENTED_EDGE('',*,*,#3144,.T.);
#3144 = EDGE_CURVE('',#2859,#3145,#3147,.T.);
#3145 = VERTEX_POINT('',#3146);
#3146 = CARTESIAN_POINT('',(-246.65,35.15,73.));
#3147 = LINE('',#3148,#3149);
#3148 = CARTESIAN_POINT('',(-246.65,35.15,65.));
#3149 = VECTOR('',#3150,1.);
#3150 = DIRECTION('',(0.,0.,1.));
#3151 = ORIENTED_EDGE('',*,*,#3152,.T.);
#3152 = EDGE_CURVE('',#3145,#2777,#3153,.T.);
#3153 = LINE('',#3154,#3155);
#3154 = CARTESIAN_POINT('',(-246.65,35.15,73.));
#3155 = VECTOR('',#3156,1.);
#3156 = DIRECTION('',(1.,0.,0.));
#3157 = ORIENTED_EDGE('',*,*,#2792,.F.);
#3158 = PLANE('',#3159);
#3159 = AXIS2_PLACEMENT_3D('',#3160,#3161,#3162);
#3160 = CARTESIAN_POINT('',(-246.65,35.15,65.));
#3161 = DIRECTION('',(0.,1.,0.));
#3162 = DIRECTION('',(0.,0.,1.));
#3163 = ADVANCED_FACE('',(#3164),#3182,.F.);
#3164 = FACE_BOUND('',#3165,.F.);
#3165 = EDGE_LOOP('',(#3166,#3167,#3175,#3181));
#3166 = ORIENTED_EDGE('',*,*,#2874,.F.);
#3167 = ORIENTED_EDGE('',*,*,#3168,.T.);
#3168 = EDGE_CURVE('',#2867,#3169,#3171,.T.);
#3169 = VERTEX_POINT('',#3170);
#3170 = CARTESIAN_POINT('',(-246.65,-35.15,73.));
#3171 = LINE('',#3172,#3173);
#3172 = CARTESIAN_POINT('',(-246.65,-35.15,65.));
#3173 = VECTOR('',#3174,1.);
#3174 = DIRECTION('',(0.,0.,1.));
#3175 = ORIENTED_EDGE('',*,*,#3176,.T.);
#3176 = EDGE_CURVE('',#3169,#2808,#3177,.T.);
#3177 = LINE('',#3178,#3179);
#3178 = CARTESIAN_POINT('',(-246.65,-35.15,73.));
#3179 = VECTOR('',#3180,1.);
#3180 = DIRECTION('',(1.,0.,0.));
#3181 = ORIENTED_EDGE('',*,*,#2816,.F.);
#3182 = PLANE('',#3183);
#3183 = AXIS2_PLACEMENT_3D('',#3184,#3185,#3186);
#3184 = CARTESIAN_POINT('',(-246.65,-35.15,65.));
#3185 = DIRECTION('',(0.,1.,0.));
#3186 = DIRECTION('',(0.,0.,1.));
#3187 = ADVANCED_FACE('',(#3188),#3199,.F.);
#3188 = FACE_BOUND('',#3189,.F.);
#3189 = EDGE_LOOP('',(#3190,#3191,#3192,#3193));
#3190 = ORIENTED_EDGE('',*,*,#3168,.F.);
#3191 = ORIENTED_EDGE('',*,*,#2866,.T.);
#3192 = ORIENTED_EDGE('',*,*,#3144,.T.);
#3193 = ORIENTED_EDGE('',*,*,#3194,.F.);
#3194 = EDGE_CURVE('',#3169,#3145,#3195,.T.);
#3195 = LINE('',#3196,#3197);
#3196 = CARTESIAN_POINT('',(-246.65,-35.15,73.));
#3197 = VECTOR('',#3198,1.);
#3198 = DIRECTION('',(0.,1.,0.));
#3199 = PLANE('',#3200);
#3200 = AXIS2_PLACEMENT_3D('',#3201,#3202,#3203);
#3201 = CARTESIAN_POINT('',(-246.65,-35.15,65.));
#3202 = DIRECTION('',(1.,0.,0.));
#3203 = DIRECTION('',(0.,0.,1.));
#3204 = ADVANCED_FACE('',(#3205,#3211,#3214,#3217,#3220),#3223,.T.);
#3205 = FACE_BOUND('',#3206,.T.);
#3206 = EDGE_LOOP('',(#3207,#3208,#3209,#3210));
#3207 = ORIENTED_EDGE('',*,*,#2906,.F.);
#3208 = ORIENTED_EDGE('',*,*,#2946,.T.);
#3209 = ORIENTED_EDGE('',*,*,#2971,.T.);
#3210 = ORIENTED_EDGE('',*,*,#2922,.F.);
#3211 = FACE_BOUND('',#3212,.T.);
#3212 = EDGE_LOOP('',(#3213));
#3213 = ORIENTED_EDGE('',*,*,#2985,.F.);
#3214 = FACE_BOUND('',#3215,.T.);
#3215 = EDGE_LOOP('',(#3216));
#3216 = ORIENTED_EDGE('',*,*,#3010,.F.);
#3217 = FACE_BOUND('',#3218,.T.);
#3218 = EDGE_LOOP('',(#3219));
#3219 = ORIENTED_EDGE('',*,*,#3035,.F.);
#3220 = FACE_BOUND('',#3221,.T.);
#3221 = EDGE_LOOP('',(#3222));
#3222 = ORIENTED_EDGE('',*,*,#3060,.F.);
#3223 = PLANE('',#3224);
#3224 = AXIS2_PLACEMENT_3D('',#3225,#3226,#3227);
#3225 = CARTESIAN_POINT('',(202.,-18.,16.));
#3226 = DIRECTION('',(0.,0.,1.));
#3227 = DIRECTION('',(1.,0.,0.));
#3228 = ADVANCED_FACE('',(#3229),#3235,.T.);
#3229 = FACE_BOUND('',#3230,.T.);
#3230 = EDGE_LOOP('',(#3231,#3232,#3233,#3234));
#3231 = ORIENTED_EDGE('',*,*,#3152,.F.);
#3232 = ORIENTED_EDGE('',*,*,#3194,.F.);
#3233 = ORIENTED_EDGE('',*,*,#3176,.T.);
#3234 = ORIENTED_EDGE('',*,*,#3121,.F.);
#3235 = PLANE('',#3236);
#3236 = AXIS2_PLACEMENT_3D('',#3237,#3238,#3239);
#3237 = CARTESIAN_POINT('',(-246.65,-35.15,73.));
#3238 = DIRECTION('',(0.,0.,1.));
#3239 = DIRECTION('',(1.,0.,0.));
#3240 = MANIFOLD_SOLID_BREP('',#3241);
#3241 = CLOSED_SHELL('',(#3242,#3282,#3547,#3579,#3635,#3652,#3669,#3693
    ,#3718,#3750,#3774,#3798,#3830,#3854,#3871,#3902,#3926,#3950,#3967,
    #3998,#4022,#4046,#4063,#4094,#4118,#4142,#4159,#4190,#4214,#4238,
    #4255,#4286,#4310,#4334,#4351,#4375,#4399,#4416,#4481,#4516,#4533,
    #4550));
#3242 = ADVANCED_FACE('',(#3243),#3277,.F.);
#3243 = FACE_BOUND('',#3244,.F.);
#3244 = EDGE_LOOP('',(#3245,#3255,#3263,#3271));
#3245 = ORIENTED_EDGE('',*,*,#3246,.F.);
#3246 = EDGE_CURVE('',#3247,#3249,#3251,.T.);
#3247 = VERTEX_POINT('',#3248);
#3248 = CARTESIAN_POINT('',(-47.5,-33.,33.));
#3249 = VERTEX_POINT('',#3250);
#3250 = CARTESIAN_POINT('',(-47.5,-28.,33.));
#3251 = LINE('',#3252,#3253);
#3252 = CARTESIAN_POINT('',(-47.5,-33.,33.));
#3253 = VECTOR('',#3254,1.);
#3254 = DIRECTION('',(0.,1.,0.));
#3255 = ORIENTED_EDGE('',*,*,#3256,.F.);
#3256 = EDGE_CURVE('',#3257,#3247,#3259,.T.);
#3257 = VERTEX_POINT('',#3258);
#3258 = CARTESIAN_POINT('',(-47.5,-33.,3.));
#3259 = LINE('',#3260,#3261);
#3260 = CARTESIAN_POINT('',(-47.5,-33.,3.));
#3261 = VECTOR('',#3262,1.);
#3262 = DIRECTION('',(0.,0.,1.));
#3263 = ORIENTED_EDGE('',*,*,#3264,.T.);
#3264 = EDGE_CURVE('',#3257,#3265,#3267,.T.);
#3265 = VERTEX_POINT('',#3266);
#3266 = CARTESIAN_POINT('',(-47.5,-28.,3.));
#3267 = LINE('',#3268,#3269);
#3268 = CARTESIAN_POINT('',(-47.5,-33.,3.));
#3269 = VECTOR('',#3270,1.);
#3270 = DIRECTION('',(0.,1.,0.));
#3271 = ORIENTED_EDGE('',*,*,#3272,.T.);
#3272 = EDGE_CURVE('',#3265,#3249,#3273,.T.);
#3273 = LINE('',#3274,#3275);
#3274 = CARTESIAN_POINT('',(-47.5,-28.,3.));
#3275 = VECTOR('',#3276,1.);
#3276 = DIRECTION('',(0.,0.,1.));
#3277 = PLANE('',#3278);
#3278 = AXIS2_PLACEMENT_3D('',#3279,#3280,#3281);
#3279 = CARTESIAN_POINT('',(-47.5,-33.,3.));
#3280 = DIRECTION('',(1.,0.,0.));
#3281 = DIRECTION('',(0.,0.,1.));
#3282 = ADVANCED_FACE('',(#3283,#3372,#3406,#3440,#3474,#3508),#3542,.T.
  );
#3283 = FACE_BOUND('',#3284,.T.);
#3284 = EDGE_LOOP('',(#3285,#3286,#3294,#3302,#3310,#3318,#3326,#3334,
    #3342,#3350,#3358,#3366));
#3285 = ORIENTED_EDGE('',*,*,#3246,.F.);
#3286 = ORIENTED_EDGE('',*,*,#3287,.T.);
#3287 = EDGE_CURVE('',#3247,#3288,#3290,.T.);
#3288 = VERTEX_POINT('',#3289);
#3289 = CARTESIAN_POINT('',(47.5,-33.,33.));
#3290 = LINE('',#3291,#3292);
#3291 = CARTESIAN_POINT('',(-47.5,-33.,33.));
#3292 = VECTOR('',#3293,1.);
#3293 = DIRECTION('',(1.,0.,0.));
#3294 = ORIENTED_EDGE('',*,*,#3295,.T.);
#3295 = EDGE_CURVE('',#3288,#3296,#3298,.T.);
#3296 = VERTEX_POINT('',#3297);
#3297 = CARTESIAN_POINT('',(47.5,-28.,33.));
#3298 = LINE('',#3299,#3300);
#3299 = CARTESIAN_POINT('',(47.5,-33.,33.));
#3300 = VECTOR('',#3301,1.);
#3301 = DIRECTION('',(0.,1.,0.));
#3302 = ORIENTED_EDGE('',*,*,#3303,.F.);
#3303 = EDGE_CURVE('',#3304,#3296,#3306,.T.);
#3304 = VERTEX_POINT('',#3305);
#3305 = CARTESIAN_POINT('',(45.5,-28.,33.));
#3306 = LINE('',#3307,#3308);
#3307 = CARTESIAN_POINT('',(45.5,-28.,33.));
#3308 = VECTOR('',#3309,1.);
#3309 = DIRECTION('',(1.,0.,0.));
#3310 = ORIENTED_EDGE('',*,*,#3311,.T.);
#3311 = EDGE_CURVE('',#3304,#3312,#3314,.T.);
#3312 = VERTEX_POINT('',#3313);
#3313 = CARTESIAN_POINT('',(45.5,28.,33.));
#3314 = LINE('',#3315,#3316);
#3315 = CARTESIAN_POINT('',(45.5,-28.,33.));
#3316 = VECTOR('',#3317,1.);
#3317 = DIRECTION('',(0.,1.,0.));
#3318 = ORIENTED_EDGE('',*,*,#3319,.T.);
#3319 = EDGE_CURVE('',#3312,#3320,#3322,.T.);
#3320 = VERTEX_POINT('',#3321);
#3321 = CARTESIAN_POINT('',(47.5,28.,33.));
#3322 = LINE('',#3323,#3324);
#3323 = CARTESIAN_POINT('',(45.5,28.,33.));
#3324 = VECTOR('',#3325,1.);
#3325 = DIRECTION('',(1.,0.,0.));
#3326 = ORIENTED_EDGE('',*,*,#3327,.T.);
#3327 = EDGE_CURVE('',#3320,#3328,#3330,.T.);
#3328 = VERTEX_POINT('',#3329);
#3329 = CARTESIAN_POINT('',(47.5,64.4,33.));
#3330 = LINE('',#3331,#3332);
#3331 = CARTESIAN_POINT('',(47.5,-33.,33.));
#3332 = VECTOR('',#3333,1.);
#3333 = DIRECTION('',(0.,1.,0.));
#3334 = ORIENTED_EDGE('',*,*,#3335,.F.);
#3335 = EDGE_CURVE('',#3336,#3328,#3338,.T.);
#3336 = VERTEX_POINT('',#3337);
#3337 = CARTESIAN_POINT('',(-47.5,64.4,33.));
#3338 = LINE('',#3339,#3340);
#3339 = CARTESIAN_POINT('',(-47.5,64.4,33.));
#3340 = VECTOR('',#3341,1.);
#3341 = DIRECTION('',(1.,0.,0.));
#3342 = ORIENTED_EDGE('',*,*,#3343,.F.);
#3343 = EDGE_CURVE('',#3344,#3336,#3346,.T.);
#3344 = VERTEX_POINT('',#3345);
#3345 = CARTESIAN_POINT('',(-47.5,28.,33.));
#3346 = LINE('',#3347,#3348);
#3347 = CARTESIAN_POINT('',(-47.5,-33.,33.));
#3348 = VECTOR('',#3349,1.);
#3349 = DIRECTION('',(0.,1.,0.));
#3350 = ORIENTED_EDGE('',*,*,#3351,.T.);
#3351 = EDGE_CURVE('',#3344,#3352,#3354,.T.);
#3352 = VERTEX_POINT('',#3353);
#3353 = CARTESIAN_POINT('',(-45.5,28.,33.));
#3354 = LINE('',#3355,#3356);
#3355 = CARTESIAN_POINT('',(-47.5,28.,33.));
#3356 = VECTOR('',#3357,1.);
#3357 = DIRECTION('',(1.,0.,0.));
#3358 = ORIENTED_EDGE('',*,*,#3359,.F.);
#3359 = EDGE_CURVE('',#3360,#3352,#3362,.T.);
#3360 = VERTEX_POINT('',#3361);
#3361 = CARTESIAN_POINT('',(-45.5,-28.,33.));
#3362 = LINE('',#3363,#3364);
#3363 = CARTESIAN_POINT('',(-45.5,-28.,33.));
#3364 = VECTOR('',#3365,1.);
#3365 = DIRECTION('',(0.,1.,0.));
#3366 = ORIENTED_EDGE('',*,*,#3367,.F.);
#3367 = EDGE_CURVE('',#3249,#3360,#3368,.T.);
#3368 = LINE('',#3369,#3370);
#3369 = CARTESIAN_POINT('',(-47.5,-28.,33.));
#3370 = VECTOR('',#3371,1.);
#3371 = DIRECTION('',(1.,0.,0.));
#3372 = FACE_BOUND('',#3373,.T.);
#3373 = EDGE_LOOP('',(#3374,#3384,#3392,#3400));
#3374 = ORIENTED_EDGE('',*,*,#3375,.F.);
#3375 = EDGE_CURVE('',#3376,#3378,#3380,.T.);
#3376 = VERTEX_POINT('',#3377);
#3377 = CARTESIAN_POINT('',(-15.,-19.5,33.));
#3378 = VERTEX_POINT('',#3379);
#3379 = CARTESIAN_POINT('',(15.,-19.5,33.));
#3380 = LINE('',#3381,#3382);
#3381 = CARTESIAN_POINT('',(-15.,-19.5,33.));
#3382 = VECTOR('',#3383,1.);
#3383 = DIRECTION('',(1.,0.,0.));
#3384 = ORIENTED_EDGE('',*,*,#3385,.T.);
#3385 = EDGE_CURVE('',#3376,#3386,#3388,.T.);
#3386 = VERTEX_POINT('',#3387);
#3387 = CARTESIAN_POINT('',(-15.,-16.5,33.));
#3388 = LINE('',#3389,#3390);
#3389 = CARTESIAN_POINT('',(-15.,-19.5,33.));
#3390 = VECTOR('',#3391,1.);
#3391 = DIRECTION('',(0.,1.,0.));
#3392 = ORIENTED_EDGE('',*,*,#3393,.T.);
#3393 = EDGE_CURVE('',#3386,#3394,#3396,.T.);
#3394 = VERTEX_POINT('',#3395);
#3395 = CARTESIAN_POINT('',(15.,-16.5,33.));
#3396 = LINE('',#3397,#3398);
#3397 = CARTESIAN_POINT('',(-15.,-16.5,33.));
#3398 = VECTOR('',#3399,1.);
#3399 = DIRECTION('',(1.,0.,0.));
#3400 = ORIENTED_EDGE('',*,*,#3401,.F.);
#3401 = EDGE_CURVE('',#3378,#3394,#3402,.T.);
#3402 = LINE('',#3403,#3404);
#3403 = CARTESIAN_POINT('',(15.,-19.5,33.));
#3404 = VECTOR('',#3405,1.);
#3405 = DIRECTION('',(0.,1.,0.));
#3406 = FACE_BOUND('',#3407,.T.);
#3407 = EDGE_LOOP('',(#3408,#3418,#3426,#3434));
#3408 = ORIENTED_EDGE('',*,*,#3409,.F.);
#3409 = EDGE_CURVE('',#3410,#3412,#3414,.T.);
#3410 = VERTEX_POINT('',#3411);
#3411 = CARTESIAN_POINT('',(-15.,-11.5,33.));
#3412 = VERTEX_POINT('',#3413);
#3413 = CARTESIAN_POINT('',(15.,-11.5,33.));
#3414 = LINE('',#3415,#3416);
#3415 = CARTESIAN_POINT('',(-15.,-11.5,33.));
#3416 = VECTOR('',#3417,1.);
#3417 = DIRECTION('',(1.,0.,0.));
#3418 = ORIENTED_EDGE('',*,*,#3419,.T.);
#3419 = EDGE_CURVE('',#3410,#3420,#3422,.T.);
#3420 = VERTEX_POINT('',#3421);
#3421 = CARTESIAN_POINT('',(-15.,-8.5,33.));
#3422 = LINE('',#3423,#3424);
#3423 = CARTESIAN_POINT('',(-15.,-11.5,33.));
#3424 = VECTOR('',#3425,1.);
#3425 = DIRECTION('',(0.,1.,0.));
#3426 = ORIENTED_EDGE('',*,*,#3427,.T.);
#3427 = EDGE_CURVE('',#3420,#3428,#3430,.T.);
#3428 = VERTEX_POINT('',#3429);
#3429 = CARTESIAN_POINT('',(15.,-8.5,33.));
#3430 = LINE('',#3431,#3432);
#3431 = CARTESIAN_POINT('',(-15.,-8.5,33.));
#3432 = VECTOR('',#3433,1.);
#3433 = DIRECTION('',(1.,0.,0.));
#3434 = ORIENTED_EDGE('',*,*,#3435,.F.);
#3435 = EDGE_CURVE('',#3412,#3428,#3436,.T.);
#3436 = LINE('',#3437,#3438);
#3437 = CARTESIAN_POINT('',(15.,-11.5,33.));
#3438 = VECTOR('',#3439,1.);
#3439 = DIRECTION('',(0.,1.,0.));
#3440 = FACE_BOUND('',#3441,.T.);
#3441 = EDGE_LOOP('',(#3442,#3452,#3460,#3468));
#3442 = ORIENTED_EDGE('',*,*,#3443,.F.);
#3443 = EDGE_CURVE('',#3444,#3446,#3448,.T.);
#3444 = VERTEX_POINT('',#3445);
#3445 = CARTESIAN_POINT('',(-15.,-3.5,33.));
#3446 = VERTEX_POINT('',#3447);
#3447 = CARTESIAN_POINT('',(15.,-3.5,33.));
#3448 = LINE('',#3449,#3450);
#3449 = CARTESIAN_POINT('',(-15.,-3.5,33.));
#3450 = VECTOR('',#3451,1.);
#3451 = DIRECTION('',(1.,0.,0.));
#3452 = ORIENTED_EDGE('',*,*,#3453,.T.);
#3453 = EDGE_CURVE('',#3444,#3454,#3456,.T.);
#3454 = VERTEX_POINT('',#3455);
#3455 = CARTESIAN_POINT('',(-15.,-0.5,33.));
#3456 = LINE('',#3457,#3458);
#3457 = CARTESIAN_POINT('',(-15.,-3.5,33.));
#3458 = VECTOR('',#3459,1.);
#3459 = DIRECTION('',(0.,1.,0.));
#3460 = ORIENTED_EDGE('',*,*,#3461,.T.);
#3461 = EDGE_CURVE('',#3454,#3462,#3464,.T.);
#3462 = VERTEX_POINT('',#3463);
#3463 = CARTESIAN_POINT('',(15.,-0.5,33.));
#3464 = LINE('',#3465,#3466);
#3465 = CARTESIAN_POINT('',(-15.,-0.5,33.));
#3466 = VECTOR('',#3467,1.);
#3467 = DIRECTION('',(1.,0.,0.));
#3468 = ORIENTED_EDGE('',*,*,#3469,.F.);
#3469 = EDGE_CURVE('',#3446,#3462,#3470,.T.);
#3470 = LINE('',#3471,#3472);
#3471 = CARTESIAN_POINT('',(15.,-3.5,33.));
#3472 = VECTOR('',#3473,1.);
#3473 = DIRECTION('',(0.,1.,0.));
#3474 = FACE_BOUND('',#3475,.T.);
#3475 = EDGE_LOOP('',(#3476,#3486,#3494,#3502));
#3476 = ORIENTED_EDGE('',*,*,#3477,.F.);
#3477 = EDGE_CURVE('',#3478,#3480,#3482,.T.);
#3478 = VERTEX_POINT('',#3479);
#3479 = CARTESIAN_POINT('',(-15.,4.5,33.));
#3480 = VERTEX_POINT('',#3481);
#3481 = CARTESIAN_POINT('',(15.,4.5,33.));
#3482 = LINE('',#3483,#3484);
#3483 = CARTESIAN_POINT('',(-15.,4.5,33.));
#3484 = VECTOR('',#3485,1.);
#3485 = DIRECTION('',(1.,0.,0.));
#3486 = ORIENTED_EDGE('',*,*,#3487,.T.);
#3487 = EDGE_CURVE('',#3478,#3488,#3490,.T.);
#3488 = VERTEX_POINT('',#3489);
#3489 = CARTESIAN_POINT('',(-15.,7.5,33.));
#3490 = LINE('',#3491,#3492);
#3491 = CARTESIAN_POINT('',(-15.,4.5,33.));
#3492 = VECTOR('',#3493,1.);
#3493 = DIRECTION('',(0.,1.,0.));
#3494 = ORIENTED_EDGE('',*,*,#3495,.T.);
#3495 = EDGE_CURVE('',#3488,#3496,#3498,.T.);
#3496 = VERTEX_POINT('',#3497);
#3497 = CARTESIAN_POINT('',(15.,7.5,33.));
#3498 = LINE('',#3499,#3500);
#3499 = CARTESIAN_POINT('',(-15.,7.5,33.));
#3500 = VECTOR('',#3501,1.);
#3501 = DIRECTION('',(1.,0.,0.));
#3502 = ORIENTED_EDGE('',*,*,#3503,.F.);
#3503 = EDGE_CURVE('',#3480,#3496,#3504,.T.);
#3504 = LINE('',#3505,#3506);
#3505 = CARTESIAN_POINT('',(15.,4.5,33.));
#3506 = VECTOR('',#3507,1.);
#3507 = DIRECTION('',(0.,1.,0.));
#3508 = FACE_BOUND('',#3509,.T.);
#3509 = EDGE_LOOP('',(#3510,#3520,#3528,#3536));
#3510 = ORIENTED_EDGE('',*,*,#3511,.F.);
#3511 = EDGE_CURVE('',#3512,#3514,#3516,.T.);
#3512 = VERTEX_POINT('',#3513);
#3513 = CARTESIAN_POINT('',(-15.,12.5,33.));
#3514 = VERTEX_POINT('',#3515);
#3515 = CARTESIAN_POINT('',(15.,12.5,33.));
#3516 = LINE('',#3517,#3518);
#3517 = CARTESIAN_POINT('',(-15.,12.5,33.));
#3518 = VECTOR('',#3519,1.);
#3519 = DIRECTION('',(1.,0.,0.));
#3520 = ORIENTED_EDGE('',*,*,#3521,.T.);
#3521 = EDGE_CURVE('',#3512,#3522,#3524,.T.);
#3522 = VERTEX_POINT('',#3523);
#3523 = CARTESIAN_POINT('',(-15.,15.5,33.));
#3524 = LINE('',#3525,#3526);
#3525 = CARTESIAN_POINT('',(-15.,12.5,33.));
#3526 = VECTOR('',#3527,1.);
#3527 = DIRECTION('',(0.,1.,0.));
#3528 = ORIENTED_EDGE('',*,*,#3529,.T.);
#3529 = EDGE_CURVE('',#3522,#3530,#3532,.T.);
#3530 = VERTEX_POINT('',#3531);
#3531 = CARTESIAN_POINT('',(15.,15.5,33.));
#3532 = LINE('',#3533,#3534);
#3533 = CARTESIAN_POINT('',(-15.,15.5,33.));
#3534 = VECTOR('',#3535,1.);
#3535 = DIRECTION('',(1.,0.,0.));
#3536 = ORIENTED_EDGE('',*,*,#3537,.F.);
#3537 = EDGE_CURVE('',#3514,#3530,#3538,.T.);
#3538 = LINE('',#3539,#3540);
#3539 = CARTESIAN_POINT('',(15.,12.5,33.));
#3540 = VECTOR('',#3541,1.);
#3541 = DIRECTION('',(0.,1.,0.));
#3542 = PLANE('',#3543);
#3543 = AXIS2_PLACEMENT_3D('',#3544,#3545,#3546);
#3544 = CARTESIAN_POINT('',(-47.5,-33.,33.));
#3545 = DIRECTION('',(0.,0.,1.));
#3546 = DIRECTION('',(1.,0.,0.));
#3547 = ADVANCED_FACE('',(#3548),#3574,.T.);
#3548 = FACE_BOUND('',#3549,.T.);
#3549 = EDGE_LOOP('',(#3550,#3558,#3559,#3560,#3568));
#3550 = ORIENTED_EDGE('',*,*,#3551,.F.);
#3551 = EDGE_CURVE('',#3265,#3552,#3554,.T.);
#3552 = VERTEX_POINT('',#3553);
#3553 = CARTESIAN_POINT('',(-45.5,-28.,3.));
#3554 = LINE('',#3555,#3556);
#3555 = CARTESIAN_POINT('',(-47.5,-28.,3.));
#3556 = VECTOR('',#3557,1.);
#3557 = DIRECTION('',(1.,0.,0.));
#3558 = ORIENTED_EDGE('',*,*,#3272,.T.);
#3559 = ORIENTED_EDGE('',*,*,#3367,.T.);
#3560 = ORIENTED_EDGE('',*,*,#3561,.F.);
#3561 = EDGE_CURVE('',#3562,#3360,#3564,.T.);
#3562 = VERTEX_POINT('',#3563);
#3563 = CARTESIAN_POINT('',(-45.5,-28.,31.));
#3564 = LINE('',#3565,#3566);
#3565 = CARTESIAN_POINT('',(-45.5,-28.,3.));
#3566 = VECTOR('',#3567,1.);
#3567 = DIRECTION('',(0.,0.,1.));
#3568 = ORIENTED_EDGE('',*,*,#3569,.F.);
#3569 = EDGE_CURVE('',#3552,#3562,#3570,.T.);
#3570 = LINE('',#3571,#3572);
#3571 = CARTESIAN_POINT('',(-45.5,-28.,3.));
#3572 = VECTOR('',#3573,1.);
#3573 = DIRECTION('',(0.,0.,1.));
#3574 = PLANE('',#3575);
#3575 = AXIS2_PLACEMENT_3D('',#3576,#3577,#3578);
#3576 = CARTESIAN_POINT('',(-47.5,-28.,3.));
#3577 = DIRECTION('',(0.,1.,0.));
#3578 = DIRECTION('',(0.,0.,1.));
#3579 = ADVANCED_FACE('',(#3580),#3630,.F.);
#3580 = FACE_BOUND('',#3581,.F.);
#3581 = EDGE_LOOP('',(#3582,#3583,#3591,#3599,#3607,#3615,#3623,#3629));
#3582 = ORIENTED_EDGE('',*,*,#3264,.F.);
#3583 = ORIENTED_EDGE('',*,*,#3584,.T.);
#3584 = EDGE_CURVE('',#3257,#3585,#3587,.T.);
#3585 = VERTEX_POINT('',#3586);
#3586 = CARTESIAN_POINT('',(47.5,-33.,3.));
#3587 = LINE('',#3588,#3589);
#3588 = CARTESIAN_POINT('',(-47.5,-33.,3.));
#3589 = VECTOR('',#3590,1.);
#3590 = DIRECTION('',(1.,0.,0.));
#3591 = ORIENTED_EDGE('',*,*,#3592,.T.);
#3592 = EDGE_CURVE('',#3585,#3593,#3595,.T.);
#3593 = VERTEX_POINT('',#3594);
#3594 = CARTESIAN_POINT('',(47.5,-28.,3.));
#3595 = LINE('',#3596,#3597);
#3596 = CARTESIAN_POINT('',(47.5,-33.,3.));
#3597 = VECTOR('',#3598,1.);
#3598 = DIRECTION('',(0.,1.,0.));
#3599 = ORIENTED_EDGE('',*,*,#3600,.F.);
#3600 = EDGE_CURVE('',#3601,#3593,#3603,.T.);
#3601 = VERTEX_POINT('',#3602);
#3602 = CARTESIAN_POINT('',(45.5,-28.,3.));
#3603 = LINE('',#3604,#3605);
#3604 = CARTESIAN_POINT('',(45.5,-28.,3.));
#3605 = VECTOR('',#3606,1.);
#3606 = DIRECTION('',(1.,0.,0.));
#3607 = ORIENTED_EDGE('',*,*,#3608,.F.);
#3608 = EDGE_CURVE('',#3609,#3601,#3611,.T.);
#3609 = VERTEX_POINT('',#3610);
#3610 = CARTESIAN_POINT('',(45.5,-31.,3.));
#3611 = LINE('',#3612,#3613);
#3612 = CARTESIAN_POINT('',(45.5,-31.,3.));
#3613 = VECTOR('',#3614,1.);
#3614 = DIRECTION('',(0.,1.,0.));
#3615 = ORIENTED_EDGE('',*,*,#3616,.F.);
#3616 = EDGE_CURVE('',#3617,#3609,#3619,.T.);
#3617 = VERTEX_POINT('',#3618);
#3618 = CARTESIAN_POINT('',(-45.5,-31.,3.));
#3619 = LINE('',#3620,#3621);
#3620 = CARTESIAN_POINT('',(-45.5,-31.,3.));
#3621 = VECTOR('',#3622,1.);
#3622 = DIRECTION('',(1.,0.,0.));
#3623 = ORIENTED_EDGE('',*,*,#3624,.T.);
#3624 = EDGE_CURVE('',#3617,#3552,#3625,.T.);
#3625 = LINE('',#3626,#3627);
#3626 = CARTESIAN_POINT('',(-45.5,-31.,3.));
#3627 = VECTOR('',#3628,1.);
#3628 = DIRECTION('',(0.,1.,0.));
#3629 = ORIENTED_EDGE('',*,*,#3551,.F.);
#3630 = PLANE('',#3631);
#3631 = AXIS2_PLACEMENT_3D('',#3632,#3633,#3634);
#3632 = CARTESIAN_POINT('',(-47.5,-33.,3.));
#3633 = DIRECTION('',(0.,0.,1.));
#3634 = DIRECTION('',(1.,0.,0.));
#3635 = ADVANCED_FACE('',(#3636),#3647,.F.);
#3636 = FACE_BOUND('',#3637,.F.);
#3637 = EDGE_LOOP('',(#3638,#3639,#3640,#3641));
#3638 = ORIENTED_EDGE('',*,*,#3584,.F.);
#3639 = ORIENTED_EDGE('',*,*,#3256,.T.);
#3640 = ORIENTED_EDGE('',*,*,#3287,.T.);
#3641 = ORIENTED_EDGE('',*,*,#3642,.F.);
#3642 = EDGE_CURVE('',#3585,#3288,#3643,.T.);
#3643 = LINE('',#3644,#3645);
#3644 = CARTESIAN_POINT('',(47.5,-33.,3.));
#3645 = VECTOR('',#3646,1.);
#3646 = DIRECTION('',(0.,0.,1.));
#3647 = PLANE('',#3648);
#3648 = AXIS2_PLACEMENT_3D('',#3649,#3650,#3651);
#3649 = CARTESIAN_POINT('',(-47.5,-33.,3.));
#3650 = DIRECTION('',(0.,1.,0.));
#3651 = DIRECTION('',(0.,0.,1.));
#3652 = ADVANCED_FACE('',(#3653),#3664,.T.);
#3653 = FACE_BOUND('',#3654,.T.);
#3654 = EDGE_LOOP('',(#3655,#3656,#3657,#3658));
#3655 = ORIENTED_EDGE('',*,*,#3295,.F.);
#3656 = ORIENTED_EDGE('',*,*,#3642,.F.);
#3657 = ORIENTED_EDGE('',*,*,#3592,.T.);
#3658 = ORIENTED_EDGE('',*,*,#3659,.T.);
#3659 = EDGE_CURVE('',#3593,#3296,#3660,.T.);
#3660 = LINE('',#3661,#3662);
#3661 = CARTESIAN_POINT('',(47.5,-28.,3.));
#3662 = VECTOR('',#3663,1.);
#3663 = DIRECTION('',(0.,0.,1.));
#3664 = PLANE('',#3665);
#3665 = AXIS2_PLACEMENT_3D('',#3666,#3667,#3668);
#3666 = CARTESIAN_POINT('',(47.5,-33.,3.));
#3667 = DIRECTION('',(1.,0.,0.));
#3668 = DIRECTION('',(0.,0.,1.));
#3669 = ADVANCED_FACE('',(#3670),#3688,.F.);
#3670 = FACE_BOUND('',#3671,.F.);
#3671 = EDGE_LOOP('',(#3672,#3673,#3681,#3687));
#3672 = ORIENTED_EDGE('',*,*,#3561,.F.);
#3673 = ORIENTED_EDGE('',*,*,#3674,.T.);
#3674 = EDGE_CURVE('',#3562,#3675,#3677,.T.);
#3675 = VERTEX_POINT('',#3676);
#3676 = CARTESIAN_POINT('',(-45.5,28.,31.));
#3677 = LINE('',#3678,#3679);
#3678 = CARTESIAN_POINT('',(-45.5,-31.,31.));
#3679 = VECTOR('',#3680,1.);
#3680 = DIRECTION('',(0.,1.,0.));
#3681 = ORIENTED_EDGE('',*,*,#3682,.T.);
#3682 = EDGE_CURVE('',#3675,#3352,#3683,.T.);
#3683 = LINE('',#3684,#3685);
#3684 = CARTESIAN_POINT('',(-45.5,28.,3.));
#3685 = VECTOR('',#3686,1.);
#3686 = DIRECTION('',(0.,0.,1.));
#3687 = ORIENTED_EDGE('',*,*,#3359,.F.);
#3688 = PLANE('',#3689);
#3689 = AXIS2_PLACEMENT_3D('',#3690,#3691,#3692);
#3690 = CARTESIAN_POINT('',(-45.5,-28.,3.));
#3691 = DIRECTION('',(1.,0.,0.));
#3692 = DIRECTION('',(0.,0.,1.));
#3693 = ADVANCED_FACE('',(#3694),#3713,.T.);
#3694 = FACE_BOUND('',#3695,.T.);
#3695 = EDGE_LOOP('',(#3696,#3697,#3705,#3711,#3712));
#3696 = ORIENTED_EDGE('',*,*,#3600,.F.);
#3697 = ORIENTED_EDGE('',*,*,#3698,.T.);
#3698 = EDGE_CURVE('',#3601,#3699,#3701,.T.);
#3699 = VERTEX_POINT('',#3700);
#3700 = CARTESIAN_POINT('',(45.5,-28.,31.));
#3701 = LINE('',#3702,#3703);
#3702 = CARTESIAN_POINT('',(45.5,-28.,3.));
#3703 = VECTOR('',#3704,1.);
#3704 = DIRECTION('',(0.,0.,1.));
#3705 = ORIENTED_EDGE('',*,*,#3706,.T.);
#3706 = EDGE_CURVE('',#3699,#3304,#3707,.T.);
#3707 = LINE('',#3708,#3709);
#3708 = CARTESIAN_POINT('',(45.5,-28.,3.));
#3709 = VECTOR('',#3710,1.);
#3710 = DIRECTION('',(0.,0.,1.));
#3711 = ORIENTED_EDGE('',*,*,#3303,.T.);
#3712 = ORIENTED_EDGE('',*,*,#3659,.F.);
#3713 = PLANE('',#3714);
#3714 = AXIS2_PLACEMENT_3D('',#3715,#3716,#3717);
#3715 = CARTESIAN_POINT('',(45.5,-28.,3.));
#3716 = DIRECTION('',(0.,1.,0.));
#3717 = DIRECTION('',(0.,0.,1.));
#3718 = ADVANCED_FACE('',(#3719),#3745,.F.);
#3719 = FACE_BOUND('',#3720,.F.);
#3720 = EDGE_LOOP('',(#3721,#3731,#3737,#3738,#3739));
#3721 = ORIENTED_EDGE('',*,*,#3722,.F.);
#3722 = EDGE_CURVE('',#3723,#3725,#3727,.T.);
#3723 = VERTEX_POINT('',#3724);
#3724 = CARTESIAN_POINT('',(-47.5,28.,3.));
#3725 = VERTEX_POINT('',#3726);
#3726 = CARTESIAN_POINT('',(-45.5,28.,3.));
#3727 = LINE('',#3728,#3729);
#3728 = CARTESIAN_POINT('',(-47.5,28.,3.));
#3729 = VECTOR('',#3730,1.);
#3730 = DIRECTION('',(1.,0.,0.));
#3731 = ORIENTED_EDGE('',*,*,#3732,.T.);
#3732 = EDGE_CURVE('',#3723,#3344,#3733,.T.);
#3733 = LINE('',#3734,#3735);
#3734 = CARTESIAN_POINT('',(-47.5,28.,3.));
#3735 = VECTOR('',#3736,1.);
#3736 = DIRECTION('',(0.,0.,1.));
#3737 = ORIENTED_EDGE('',*,*,#3351,.T.);
#3738 = ORIENTED_EDGE('',*,*,#3682,.F.);
#3739 = ORIENTED_EDGE('',*,*,#3740,.F.);
#3740 = EDGE_CURVE('',#3725,#3675,#3741,.T.);
#3741 = LINE('',#3742,#3743);
#3742 = CARTESIAN_POINT('',(-45.5,28.,3.));
#3743 = VECTOR('',#3744,1.);
#3744 = DIRECTION('',(0.,0.,1.));
#3745 = PLANE('',#3746);
#3746 = AXIS2_PLACEMENT_3D('',#3747,#3748,#3749);
#3747 = CARTESIAN_POINT('',(-47.5,28.,3.));
#3748 = DIRECTION('',(0.,1.,0.));
#3749 = DIRECTION('',(0.,0.,1.));
#3750 = ADVANCED_FACE('',(#3751),#3769,.T.);
#3751 = FACE_BOUND('',#3752,.T.);
#3752 = EDGE_LOOP('',(#3753,#3754,#3762,#3768));
#3753 = ORIENTED_EDGE('',*,*,#3706,.F.);
#3754 = ORIENTED_EDGE('',*,*,#3755,.T.);
#3755 = EDGE_CURVE('',#3699,#3756,#3758,.T.);
#3756 = VERTEX_POINT('',#3757);
#3757 = CARTESIAN_POINT('',(45.5,28.,31.));
#3758 = LINE('',#3759,#3760);
#3759 = CARTESIAN_POINT('',(45.5,-31.,31.));
#3760 = VECTOR('',#3761,1.);
#3761 = DIRECTION('',(0.,1.,0.));
#3762 = ORIENTED_EDGE('',*,*,#3763,.T.);
#3763 = EDGE_CURVE('',#3756,#3312,#3764,.T.);
#3764 = LINE('',#3765,#3766);
#3765 = CARTESIAN_POINT('',(45.5,28.,3.));
#3766 = VECTOR('',#3767,1.);
#3767 = DIRECTION('',(0.,0.,1.));
#3768 = ORIENTED_EDGE('',*,*,#3311,.F.);
#3769 = PLANE('',#3770);
#3770 = AXIS2_PLACEMENT_3D('',#3771,#3772,#3773);
#3771 = CARTESIAN_POINT('',(45.5,-28.,3.));
#3772 = DIRECTION('',(1.,0.,0.));
#3773 = DIRECTION('',(0.,0.,1.));
#3774 = ADVANCED_FACE('',(#3775),#3793,.F.);
#3775 = FACE_BOUND('',#3776,.F.);
#3776 = EDGE_LOOP('',(#3777,#3778,#3779,#3787));
#3777 = ORIENTED_EDGE('',*,*,#3343,.F.);
#3778 = ORIENTED_EDGE('',*,*,#3732,.F.);
#3779 = ORIENTED_EDGE('',*,*,#3780,.T.);
#3780 = EDGE_CURVE('',#3723,#3781,#3783,.T.);
#3781 = VERTEX_POINT('',#3782);
#3782 = CARTESIAN_POINT('',(-47.5,64.4,3.));
#3783 = LINE('',#3784,#3785);
#3784 = CARTESIAN_POINT('',(-47.5,-33.,3.));
#3785 = VECTOR('',#3786,1.);
#3786 = DIRECTION('',(0.,1.,0.));
#3787 = ORIENTED_EDGE('',*,*,#3788,.T.);
#3788 = EDGE_CURVE('',#3781,#3336,#3789,.T.);
#3789 = LINE('',#3790,#3791);
#3790 = CARTESIAN_POINT('',(-47.5,64.4,3.));
#3791 = VECTOR('',#3792,1.);
#3792 = DIRECTION('',(0.,0.,1.));
#3793 = PLANE('',#3794);
#3794 = AXIS2_PLACEMENT_3D('',#3795,#3796,#3797);
#3795 = CARTESIAN_POINT('',(-47.5,-33.,3.));
#3796 = DIRECTION('',(1.,0.,0.));
#3797 = DIRECTION('',(0.,0.,1.));
#3798 = ADVANCED_FACE('',(#3799),#3825,.F.);
#3799 = FACE_BOUND('',#3800,.F.);
#3800 = EDGE_LOOP('',(#3801,#3811,#3817,#3818,#3819));
#3801 = ORIENTED_EDGE('',*,*,#3802,.F.);
#3802 = EDGE_CURVE('',#3803,#3805,#3807,.T.);
#3803 = VERTEX_POINT('',#3804);
#3804 = CARTESIAN_POINT('',(45.5,28.,3.));
#3805 = VERTEX_POINT('',#3806);
#3806 = CARTESIAN_POINT('',(47.5,28.,3.));
#3807 = LINE('',#3808,#3809);
#3808 = CARTESIAN_POINT('',(45.5,28.,3.));
#3809 = VECTOR('',#3810,1.);
#3810 = DIRECTION('',(1.,0.,0.));
#3811 = ORIENTED_EDGE('',*,*,#3812,.T.);
#3812 = EDGE_CURVE('',#3803,#3756,#3813,.T.);
#3813 = LINE('',#3814,#3815);
#3814 = CARTESIAN_POINT('',(45.5,28.,3.));
#3815 = VECTOR('',#3816,1.);
#3816 = DIRECTION('',(0.,0.,1.));
#3817 = ORIENTED_EDGE('',*,*,#3763,.T.);
#3818 = ORIENTED_EDGE('',*,*,#3319,.T.);
#3819 = ORIENTED_EDGE('',*,*,#3820,.F.);
#3820 = EDGE_CURVE('',#3805,#3320,#3821,.T.);
#3821 = LINE('',#3822,#3823);
#3822 = CARTESIAN_POINT('',(47.5,28.,3.));
#3823 = VECTOR('',#3824,1.);
#3824 = DIRECTION('',(0.,0.,1.));
#3825 = PLANE('',#3826);
#3826 = AXIS2_PLACEMENT_3D('',#3827,#3828,#3829);
#3827 = CARTESIAN_POINT('',(45.5,28.,3.));
#3828 = DIRECTION('',(0.,1.,0.));
#3829 = DIRECTION('',(0.,0.,1.));
#3830 = ADVANCED_FACE('',(#3831),#3849,.T.);
#3831 = FACE_BOUND('',#3832,.T.);
#3832 = EDGE_LOOP('',(#3833,#3841,#3842,#3843));
#3833 = ORIENTED_EDGE('',*,*,#3834,.F.);
#3834 = EDGE_CURVE('',#3781,#3835,#3837,.T.);
#3835 = VERTEX_POINT('',#3836);
#3836 = CARTESIAN_POINT('',(47.5,64.4,3.));
#3837 = LINE('',#3838,#3839);
#3838 = CARTESIAN_POINT('',(-47.5,64.4,3.));
#3839 = VECTOR('',#3840,1.);
#3840 = DIRECTION('',(1.,0.,0.));
#3841 = ORIENTED_EDGE('',*,*,#3788,.T.);
#3842 = ORIENTED_EDGE('',*,*,#3335,.T.);
#3843 = ORIENTED_EDGE('',*,*,#3844,.F.);
#3844 = EDGE_CURVE('',#3835,#3328,#3845,.T.);
#3845 = LINE('',#3846,#3847);
#3846 = CARTESIAN_POINT('',(47.5,64.4,3.));
#3847 = VECTOR('',#3848,1.);
#3848 = DIRECTION('',(0.,0.,1.));
#3849 = PLANE('',#3850);
#3850 = AXIS2_PLACEMENT_3D('',#3851,#3852,#3853);
#3851 = CARTESIAN_POINT('',(-47.5,64.4,3.));
#3852 = DIRECTION('',(0.,1.,0.));
#3853 = DIRECTION('',(0.,0.,1.));
#3854 = ADVANCED_FACE('',(#3855),#3866,.T.);
#3855 = FACE_BOUND('',#3856,.T.);
#3856 = EDGE_LOOP('',(#3857,#3858,#3859,#3865));
#3857 = ORIENTED_EDGE('',*,*,#3327,.F.);
#3858 = ORIENTED_EDGE('',*,*,#3820,.F.);
#3859 = ORIENTED_EDGE('',*,*,#3860,.T.);
#3860 = EDGE_CURVE('',#3805,#3835,#3861,.T.);
#3861 = LINE('',#3862,#3863);
#3862 = CARTESIAN_POINT('',(47.5,-33.,3.));
#3863 = VECTOR('',#3864,1.);
#3864 = DIRECTION('',(0.,1.,0.));
#3865 = ORIENTED_EDGE('',*,*,#3844,.T.);
#3866 = PLANE('',#3867);
#3867 = AXIS2_PLACEMENT_3D('',#3868,#3869,#3870);
#3868 = CARTESIAN_POINT('',(47.5,-33.,3.));
#3869 = DIRECTION('',(1.,0.,0.));
#3870 = DIRECTION('',(0.,0.,1.));
#3871 = ADVANCED_FACE('',(#3872),#3897,.T.);
#3872 = FACE_BOUND('',#3873,.T.);
#3873 = EDGE_LOOP('',(#3874,#3884,#3890,#3891));
#3874 = ORIENTED_EDGE('',*,*,#3875,.F.);
#3875 = EDGE_CURVE('',#3876,#3878,#3880,.T.);
#3876 = VERTEX_POINT('',#3877);
#3877 = CARTESIAN_POINT('',(-15.,-19.5,31.));
#3878 = VERTEX_POINT('',#3879);
#3879 = CARTESIAN_POINT('',(15.,-19.5,31.));
#3880 = LINE('',#3881,#3882);
#3881 = CARTESIAN_POINT('',(-15.,-19.5,31.));
#3882 = VECTOR('',#3883,1.);
#3883 = DIRECTION('',(1.,0.,0.));
#3884 = ORIENTED_EDGE('',*,*,#3885,.T.);
#3885 = EDGE_CURVE('',#3876,#3376,#3886,.T.);
#3886 = LINE('',#3887,#3888);
#3887 = CARTESIAN_POINT('',(-15.,-19.5,31.));
#3888 = VECTOR('',#3889,1.);
#3889 = DIRECTION('',(0.,0.,1.));
#3890 = ORIENTED_EDGE('',*,*,#3375,.T.);
#3891 = ORIENTED_EDGE('',*,*,#3892,.F.);
#3892 = EDGE_CURVE('',#3878,#3378,#3893,.T.);
#3893 = LINE('',#3894,#3895);
#3894 = CARTESIAN_POINT('',(15.,-19.5,31.));
#3895 = VECTOR('',#3896,1.);
#3896 = DIRECTION('',(0.,0.,1.));
#3897 = PLANE('',#3898);
#3898 = AXIS2_PLACEMENT_3D('',#3899,#3900,#3901);
#3899 = CARTESIAN_POINT('',(-15.,-19.5,31.));
#3900 = DIRECTION('',(0.,1.,0.));
#3901 = DIRECTION('',(0.,0.,1.));
#3902 = ADVANCED_FACE('',(#3903),#3921,.T.);
#3903 = FACE_BOUND('',#3904,.T.);
#3904 = EDGE_LOOP('',(#3905,#3906,#3914,#3920));
#3905 = ORIENTED_EDGE('',*,*,#3885,.F.);
#3906 = ORIENTED_EDGE('',*,*,#3907,.T.);
#3907 = EDGE_CURVE('',#3876,#3908,#3910,.T.);
#3908 = VERTEX_POINT('',#3909);
#3909 = CARTESIAN_POINT('',(-15.,-16.5,31.));
#3910 = LINE('',#3911,#3912);
#3911 = CARTESIAN_POINT('',(-15.,-19.5,31.));
#3912 = VECTOR('',#3913,1.);
#3913 = DIRECTION('',(0.,1.,0.));
#3914 = ORIENTED_EDGE('',*,*,#3915,.T.);
#3915 = EDGE_CURVE('',#3908,#3386,#3916,.T.);
#3916 = LINE('',#3917,#3918);
#3917 = CARTESIAN_POINT('',(-15.,-16.5,31.));
#3918 = VECTOR('',#3919,1.);
#3919 = DIRECTION('',(0.,0.,1.));
#3920 = ORIENTED_EDGE('',*,*,#3385,.F.);
#3921 = PLANE('',#3922);
#3922 = AXIS2_PLACEMENT_3D('',#3923,#3924,#3925);
#3923 = CARTESIAN_POINT('',(-15.,-19.5,31.));
#3924 = DIRECTION('',(1.,0.,0.));
#3925 = DIRECTION('',(0.,0.,1.));
#3926 = ADVANCED_FACE('',(#3927),#3945,.F.);
#3927 = FACE_BOUND('',#3928,.F.);
#3928 = EDGE_LOOP('',(#3929,#3930,#3938,#3944));
#3929 = ORIENTED_EDGE('',*,*,#3892,.F.);
#3930 = ORIENTED_EDGE('',*,*,#3931,.T.);
#3931 = EDGE_CURVE('',#3878,#3932,#3934,.T.);
#3932 = VERTEX_POINT('',#3933);
#3933 = CARTESIAN_POINT('',(15.,-16.5,31.));
#3934 = LINE('',#3935,#3936);
#3935 = CARTESIAN_POINT('',(15.,-19.5,31.));
#3936 = VECTOR('',#3937,1.);
#3937 = DIRECTION('',(0.,1.,0.));
#3938 = ORIENTED_EDGE('',*,*,#3939,.T.);
#3939 = EDGE_CURVE('',#3932,#3394,#3940,.T.);
#3940 = LINE('',#3941,#3942);
#3941 = CARTESIAN_POINT('',(15.,-16.5,31.));
#3942 = VECTOR('',#3943,1.);
#3943 = DIRECTION('',(0.,0.,1.));
#3944 = ORIENTED_EDGE('',*,*,#3401,.F.);
#3945 = PLANE('',#3946);
#3946 = AXIS2_PLACEMENT_3D('',#3947,#3948,#3949);
#3947 = CARTESIAN_POINT('',(15.,-19.5,31.));
#3948 = DIRECTION('',(1.,0.,0.));
#3949 = DIRECTION('',(0.,0.,1.));
#3950 = ADVANCED_FACE('',(#3951),#3962,.F.);
#3951 = FACE_BOUND('',#3952,.F.);
#3952 = EDGE_LOOP('',(#3953,#3959,#3960,#3961));
#3953 = ORIENTED_EDGE('',*,*,#3954,.F.);
#3954 = EDGE_CURVE('',#3908,#3932,#3955,.T.);
#3955 = LINE('',#3956,#3957);
#3956 = CARTESIAN_POINT('',(-15.,-16.5,31.));
#3957 = VECTOR('',#3958,1.);
#3958 = DIRECTION('',(1.,0.,0.));
#3959 = ORIENTED_EDGE('',*,*,#3915,.T.);
#3960 = ORIENTED_EDGE('',*,*,#3393,.T.);
#3961 = ORIENTED_EDGE('',*,*,#3939,.F.);
#3962 = PLANE('',#3963);
#3963 = AXIS2_PLACEMENT_3D('',#3964,#3965,#3966);
#3964 = CARTESIAN_POINT('',(-15.,-16.5,31.));
#3965 = DIRECTION('',(0.,1.,0.));
#3966 = DIRECTION('',(0.,0.,1.));
#3967 = ADVANCED_FACE('',(#3968),#3993,.T.);
#3968 = FACE_BOUND('',#3969,.T.);
#3969 = EDGE_LOOP('',(#3970,#3980,#3986,#3987));
#3970 = ORIENTED_EDGE('',*,*,#3971,.F.);
#3971 = EDGE_CURVE('',#3972,#3974,#3976,.T.);
#3972 = VERTEX_POINT('',#3973);
#3973 = CARTESIAN_POINT('',(-15.,-11.5,31.));
#3974 = VERTEX_POINT('',#3975);
#3975 = CARTESIAN_POINT('',(15.,-11.5,31.));
#3976 = LINE('',#3977,#3978);
#3977 = CARTESIAN_POINT('',(-15.,-11.5,31.));
#3978 = VECTOR('',#3979,1.);
#3979 = DIRECTION('',(1.,0.,0.));
#3980 = ORIENTED_EDGE('',*,*,#3981,.T.);
#3981 = EDGE_CURVE('',#3972,#3410,#3982,.T.);
#3982 = LINE('',#3983,#3984);
#3983 = CARTESIAN_POINT('',(-15.,-11.5,31.));
#3984 = VECTOR('',#3985,1.);
#3985 = DIRECTION('',(0.,0.,1.));
#3986 = ORIENTED_EDGE('',*,*,#3409,.T.);
#3987 = ORIENTED_EDGE('',*,*,#3988,.F.);
#3988 = EDGE_CURVE('',#3974,#3412,#3989,.T.);
#3989 = LINE('',#3990,#3991);
#3990 = CARTESIAN_POINT('',(15.,-11.5,31.));
#3991 = VECTOR('',#3992,1.);
#3992 = DIRECTION('',(0.,0.,1.));
#3993 = PLANE('',#3994);
#3994 = AXIS2_PLACEMENT_3D('',#3995,#3996,#3997);
#3995 = CARTESIAN_POINT('',(-15.,-11.5,31.));
#3996 = DIRECTION('',(0.,1.,0.));
#3997 = DIRECTION('',(0.,0.,1.));
#3998 = ADVANCED_FACE('',(#3999),#4017,.T.);
#3999 = FACE_BOUND('',#4000,.T.);
#4000 = EDGE_LOOP('',(#4001,#4002,#4010,#4016));
#4001 = ORIENTED_EDGE('',*,*,#3981,.F.);
#4002 = ORIENTED_EDGE('',*,*,#4003,.T.);
#4003 = EDGE_CURVE('',#3972,#4004,#4006,.T.);
#4004 = VERTEX_POINT('',#4005);
#4005 = CARTESIAN_POINT('',(-15.,-8.5,31.));
#4006 = LINE('',#4007,#4008);
#4007 = CARTESIAN_POINT('',(-15.,-11.5,31.));
#4008 = VECTOR('',#4009,1.);
#4009 = DIRECTION('',(0.,1.,0.));
#4010 = ORIENTED_EDGE('',*,*,#4011,.T.);
#4011 = EDGE_CURVE('',#4004,#3420,#4012,.T.);
#4012 = LINE('',#4013,#4014);
#4013 = CARTESIAN_POINT('',(-15.,-8.5,31.));
#4014 = VECTOR('',#4015,1.);
#4015 = DIRECTION('',(0.,0.,1.));
#4016 = ORIENTED_EDGE('',*,*,#3419,.F.);
#4017 = PLANE('',#4018);
#4018 = AXIS2_PLACEMENT_3D('',#4019,#4020,#4021);
#4019 = CARTESIAN_POINT('',(-15.,-11.5,31.));
#4020 = DIRECTION('',(1.,0.,0.));
#4021 = DIRECTION('',(0.,0.,1.));
#4022 = ADVANCED_FACE('',(#4023),#4041,.F.);
#4023 = FACE_BOUND('',#4024,.F.);
#4024 = EDGE_LOOP('',(#4025,#4026,#4034,#4040));
#4025 = ORIENTED_EDGE('',*,*,#3988,.F.);
#4026 = ORIENTED_EDGE('',*,*,#4027,.T.);
#4027 = EDGE_CURVE('',#3974,#4028,#4030,.T.);
#4028 = VERTEX_POINT('',#4029);
#4029 = CARTESIAN_POINT('',(15.,-8.5,31.));
#4030 = LINE('',#4031,#4032);
#4031 = CARTESIAN_POINT('',(15.,-11.5,31.));
#4032 = VECTOR('',#4033,1.);
#4033 = DIRECTION('',(0.,1.,0.));
#4034 = ORIENTED_EDGE('',*,*,#4035,.T.);
#4035 = EDGE_CURVE('',#4028,#3428,#4036,.T.);
#4036 = LINE('',#4037,#4038);
#4037 = CARTESIAN_POINT('',(15.,-8.5,31.));
#4038 = VECTOR('',#4039,1.);
#4039 = DIRECTION('',(0.,0.,1.));
#4040 = ORIENTED_EDGE('',*,*,#3435,.F.);
#4041 = PLANE('',#4042);
#4042 = AXIS2_PLACEMENT_3D('',#4043,#4044,#4045);
#4043 = CARTESIAN_POINT('',(15.,-11.5,31.));
#4044 = DIRECTION('',(1.,0.,0.));
#4045 = DIRECTION('',(0.,0.,1.));
#4046 = ADVANCED_FACE('',(#4047),#4058,.F.);
#4047 = FACE_BOUND('',#4048,.F.);
#4048 = EDGE_LOOP('',(#4049,#4055,#4056,#4057));
#4049 = ORIENTED_EDGE('',*,*,#4050,.F.);
#4050 = EDGE_CURVE('',#4004,#4028,#4051,.T.);
#4051 = LINE('',#4052,#4053);
#4052 = CARTESIAN_POINT('',(-15.,-8.5,31.));
#4053 = VECTOR('',#4054,1.);
#4054 = DIRECTION('',(1.,0.,0.));
#4055 = ORIENTED_EDGE('',*,*,#4011,.T.);
#4056 = ORIENTED_EDGE('',*,*,#3427,.T.);
#4057 = ORIENTED_EDGE('',*,*,#4035,.F.);
#4058 = PLANE('',#4059);
#4059 = AXIS2_PLACEMENT_3D('',#4060,#4061,#4062);
#4060 = CARTESIAN_POINT('',(-15.,-8.5,31.));
#4061 = DIRECTION('',(0.,1.,0.));
#4062 = DIRECTION('',(0.,0.,1.));
#4063 = ADVANCED_FACE('',(#4064),#4089,.T.);
#4064 = FACE_BOUND('',#4065,.T.);
#4065 = EDGE_LOOP('',(#4066,#4076,#4082,#4083));
#4066 = ORIENTED_EDGE('',*,*,#4067,.F.);
#4067 = EDGE_CURVE('',#4068,#4070,#4072,.T.);
#4068 = VERTEX_POINT('',#4069);
#4069 = CARTESIAN_POINT('',(-15.,-3.5,31.));
#4070 = VERTEX_POINT('',#4071);
#4071 = CARTESIAN_POINT('',(15.,-3.5,31.));
#4072 = LINE('',#4073,#4074);
#4073 = CARTESIAN_POINT('',(-15.,-3.5,31.));
#4074 = VECTOR('',#4075,1.);
#4075 = DIRECTION('',(1.,0.,0.));
#4076 = ORIENTED_EDGE('',*,*,#4077,.T.);
#4077 = EDGE_CURVE('',#4068,#3444,#4078,.T.);
#4078 = LINE('',#4079,#4080);
#4079 = CARTESIAN_POINT('',(-15.,-3.5,31.));
#4080 = VECTOR('',#4081,1.);
#4081 = DIRECTION('',(0.,0.,1.));
#4082 = ORIENTED_EDGE('',*,*,#3443,.T.);
#4083 = ORIENTED_EDGE('',*,*,#4084,.F.);
#4084 = EDGE_CURVE('',#4070,#3446,#4085,.T.);
#4085 = LINE('',#4086,#4087);
#4086 = CARTESIAN_POINT('',(15.,-3.5,31.));
#4087 = VECTOR('',#4088,1.);
#4088 = DIRECTION('',(0.,0.,1.));
#4089 = PLANE('',#4090);
#4090 = AXIS2_PLACEMENT_3D('',#4091,#4092,#4093);
#4091 = CARTESIAN_POINT('',(-15.,-3.5,31.));
#4092 = DIRECTION('',(0.,1.,0.));
#4093 = DIRECTION('',(0.,0.,1.));
#4094 = ADVANCED_FACE('',(#4095),#4113,.T.);
#4095 = FACE_BOUND('',#4096,.T.);
#4096 = EDGE_LOOP('',(#4097,#4098,#4106,#4112));
#4097 = ORIENTED_EDGE('',*,*,#4077,.F.);
#4098 = ORIENTED_EDGE('',*,*,#4099,.T.);
#4099 = EDGE_CURVE('',#4068,#4100,#4102,.T.);
#4100 = VERTEX_POINT('',#4101);
#4101 = CARTESIAN_POINT('',(-15.,-0.5,31.));
#4102 = LINE('',#4103,#4104);
#4103 = CARTESIAN_POINT('',(-15.,-3.5,31.));
#4104 = VECTOR('',#4105,1.);
#4105 = DIRECTION('',(0.,1.,0.));
#4106 = ORIENTED_EDGE('',*,*,#4107,.T.);
#4107 = EDGE_CURVE('',#4100,#3454,#4108,.T.);
#4108 = LINE('',#4109,#4110);
#4109 = CARTESIAN_POINT('',(-15.,-0.5,31.));
#4110 = VECTOR('',#4111,1.);
#4111 = DIRECTION('',(0.,0.,1.));
#4112 = ORIENTED_EDGE('',*,*,#3453,.F.);
#4113 = PLANE('',#4114);
#4114 = AXIS2_PLACEMENT_3D('',#4115,#4116,#4117);
#4115 = CARTESIAN_POINT('',(-15.,-3.5,31.));
#4116 = DIRECTION('',(1.,0.,0.));
#4117 = DIRECTION('',(0.,0.,1.));
#4118 = ADVANCED_FACE('',(#4119),#4137,.F.);
#4119 = FACE_BOUND('',#4120,.F.);
#4120 = EDGE_LOOP('',(#4121,#4122,#4130,#4136));
#4121 = ORIENTED_EDGE('',*,*,#4084,.F.);
#4122 = ORIENTED_EDGE('',*,*,#4123,.T.);
#4123 = EDGE_CURVE('',#4070,#4124,#4126,.T.);
#4124 = VERTEX_POINT('',#4125);
#4125 = CARTESIAN_POINT('',(15.,-0.5,31.));
#4126 = LINE('',#4127,#4128);
#4127 = CARTESIAN_POINT('',(15.,-3.5,31.));
#4128 = VECTOR('',#4129,1.);
#4129 = DIRECTION('',(0.,1.,0.));
#4130 = ORIENTED_EDGE('',*,*,#4131,.T.);
#4131 = EDGE_CURVE('',#4124,#3462,#4132,.T.);
#4132 = LINE('',#4133,#4134);
#4133 = CARTESIAN_POINT('',(15.,-0.5,31.));
#4134 = VECTOR('',#4135,1.);
#4135 = DIRECTION('',(0.,0.,1.));
#4136 = ORIENTED_EDGE('',*,*,#3469,.F.);
#4137 = PLANE('',#4138);
#4138 = AXIS2_PLACEMENT_3D('',#4139,#4140,#4141);
#4139 = CARTESIAN_POINT('',(15.,-3.5,31.));
#4140 = DIRECTION('',(1.,0.,0.));
#4141 = DIRECTION('',(0.,0.,1.));
#4142 = ADVANCED_FACE('',(#4143),#4154,.F.);
#4143 = FACE_BOUND('',#4144,.F.);
#4144 = EDGE_LOOP('',(#4145,#4151,#4152,#4153));
#4145 = ORIENTED_EDGE('',*,*,#4146,.F.);
#4146 = EDGE_CURVE('',#4100,#4124,#4147,.T.);
#4147 = LINE('',#4148,#4149);
#4148 = CARTESIAN_POINT('',(-15.,-0.5,31.));
#4149 = VECTOR('',#4150,1.);
#4150 = DIRECTION('',(1.,0.,0.));
#4151 = ORIENTED_EDGE('',*,*,#4107,.T.);
#4152 = ORIENTED_EDGE('',*,*,#3461,.T.);
#4153 = ORIENTED_EDGE('',*,*,#4131,.F.);
#4154 = PLANE('',#4155);
#4155 = AXIS2_PLACEMENT_3D('',#4156,#4157,#4158);
#4156 = CARTESIAN_POINT('',(-15.,-0.5,31.));
#4157 = DIRECTION('',(0.,1.,0.));
#4158 = DIRECTION('',(0.,0.,1.));
#4159 = ADVANCED_FACE('',(#4160),#4185,.T.);
#4160 = FACE_BOUND('',#4161,.T.);
#4161 = EDGE_LOOP('',(#4162,#4172,#4178,#4179));
#4162 = ORIENTED_EDGE('',*,*,#4163,.F.);
#4163 = EDGE_CURVE('',#4164,#4166,#4168,.T.);
#4164 = VERTEX_POINT('',#4165);
#4165 = CARTESIAN_POINT('',(-15.,4.5,31.));
#4166 = VERTEX_POINT('',#4167);
#4167 = CARTESIAN_POINT('',(15.,4.5,31.));
#4168 = LINE('',#4169,#4170);
#4169 = CARTESIAN_POINT('',(-15.,4.5,31.));
#4170 = VECTOR('',#4171,1.);
#4171 = DIRECTION('',(1.,0.,0.));
#4172 = ORIENTED_EDGE('',*,*,#4173,.T.);
#4173 = EDGE_CURVE('',#4164,#3478,#4174,.T.);
#4174 = LINE('',#4175,#4176);
#4175 = CARTESIAN_POINT('',(-15.,4.5,31.));
#4176 = VECTOR('',#4177,1.);
#4177 = DIRECTION('',(0.,0.,1.));
#4178 = ORIENTED_EDGE('',*,*,#3477,.T.);
#4179 = ORIENTED_EDGE('',*,*,#4180,.F.);
#4180 = EDGE_CURVE('',#4166,#3480,#4181,.T.);
#4181 = LINE('',#4182,#4183);
#4182 = CARTESIAN_POINT('',(15.,4.5,31.));
#4183 = VECTOR('',#4184,1.);
#4184 = DIRECTION('',(0.,0.,1.));
#4185 = PLANE('',#4186);
#4186 = AXIS2_PLACEMENT_3D('',#4187,#4188,#4189);
#4187 = CARTESIAN_POINT('',(-15.,4.5,31.));
#4188 = DIRECTION('',(0.,1.,0.));
#4189 = DIRECTION('',(0.,0.,1.));
#4190 = ADVANCED_FACE('',(#4191),#4209,.T.);
#4191 = FACE_BOUND('',#4192,.T.);
#4192 = EDGE_LOOP('',(#4193,#4194,#4202,#4208));
#4193 = ORIENTED_EDGE('',*,*,#4173,.F.);
#4194 = ORIENTED_EDGE('',*,*,#4195,.T.);
#4195 = EDGE_CURVE('',#4164,#4196,#4198,.T.);
#4196 = VERTEX_POINT('',#4197);
#4197 = CARTESIAN_POINT('',(-15.,7.5,31.));
#4198 = LINE('',#4199,#4200);
#4199 = CARTESIAN_POINT('',(-15.,4.5,31.));
#4200 = VECTOR('',#4201,1.);
#4201 = DIRECTION('',(0.,1.,0.));
#4202 = ORIENTED_EDGE('',*,*,#4203,.T.);
#4203 = EDGE_CURVE('',#4196,#3488,#4204,.T.);
#4204 = LINE('',#4205,#4206);
#4205 = CARTESIAN_POINT('',(-15.,7.5,31.));
#4206 = VECTOR('',#4207,1.);
#4207 = DIRECTION('',(0.,0.,1.));
#4208 = ORIENTED_EDGE('',*,*,#3487,.F.);
#4209 = PLANE('',#4210);
#4210 = AXIS2_PLACEMENT_3D('',#4211,#4212,#4213);
#4211 = CARTESIAN_POINT('',(-15.,4.5,31.));
#4212 = DIRECTION('',(1.,0.,0.));
#4213 = DIRECTION('',(0.,0.,1.));
#4214 = ADVANCED_FACE('',(#4215),#4233,.F.);
#4215 = FACE_BOUND('',#4216,.F.);
#4216 = EDGE_LOOP('',(#4217,#4218,#4226,#4232));
#4217 = ORIENTED_EDGE('',*,*,#4180,.F.);
#4218 = ORIENTED_EDGE('',*,*,#4219,.T.);
#4219 = EDGE_CURVE('',#4166,#4220,#4222,.T.);
#4220 = VERTEX_POINT('',#4221);
#4221 = CARTESIAN_POINT('',(15.,7.5,31.));
#4222 = LINE('',#4223,#4224);
#4223 = CARTESIAN_POINT('',(15.,4.5,31.));
#4224 = VECTOR('',#4225,1.);
#4225 = DIRECTION('',(0.,1.,0.));
#4226 = ORIENTED_EDGE('',*,*,#4227,.T.);
#4227 = EDGE_CURVE('',#4220,#3496,#4228,.T.);
#4228 = LINE('',#4229,#4230);
#4229 = CARTESIAN_POINT('',(15.,7.5,31.));
#4230 = VECTOR('',#4231,1.);
#4231 = DIRECTION('',(0.,0.,1.));
#4232 = ORIENTED_EDGE('',*,*,#3503,.F.);
#4233 = PLANE('',#4234);
#4234 = AXIS2_PLACEMENT_3D('',#4235,#4236,#4237);
#4235 = CARTESIAN_POINT('',(15.,4.5,31.));
#4236 = DIRECTION('',(1.,0.,0.));
#4237 = DIRECTION('',(0.,0.,1.));
#4238 = ADVANCED_FACE('',(#4239),#4250,.F.);
#4239 = FACE_BOUND('',#4240,.F.);
#4240 = EDGE_LOOP('',(#4241,#4247,#4248,#4249));
#4241 = ORIENTED_EDGE('',*,*,#4242,.F.);
#4242 = EDGE_CURVE('',#4196,#4220,#4243,.T.);
#4243 = LINE('',#4244,#4245);
#4244 = CARTESIAN_POINT('',(-15.,7.5,31.));
#4245 = VECTOR('',#4246,1.);
#4246 = DIRECTION('',(1.,0.,0.));
#4247 = ORIENTED_EDGE('',*,*,#4203,.T.);
#4248 = ORIENTED_EDGE('',*,*,#3495,.T.);
#4249 = ORIENTED_EDGE('',*,*,#4227,.F.);
#4250 = PLANE('',#4251);
#4251 = AXIS2_PLACEMENT_3D('',#4252,#4253,#4254);
#4252 = CARTESIAN_POINT('',(-15.,7.5,31.));
#4253 = DIRECTION('',(0.,1.,0.));
#4254 = DIRECTION('',(0.,0.,1.));
#4255 = ADVANCED_FACE('',(#4256),#4281,.T.);
#4256 = FACE_BOUND('',#4257,.T.);
#4257 = EDGE_LOOP('',(#4258,#4268,#4274,#4275));
#4258 = ORIENTED_EDGE('',*,*,#4259,.F.);
#4259 = EDGE_CURVE('',#4260,#4262,#4264,.T.);
#4260 = VERTEX_POINT('',#4261);
#4261 = CARTESIAN_POINT('',(-15.,12.5,31.));
#4262 = VERTEX_POINT('',#4263);
#4263 = CARTESIAN_POINT('',(15.,12.5,31.));
#4264 = LINE('',#4265,#4266);
#4265 = CARTESIAN_POINT('',(-15.,12.5,31.));
#4266 = VECTOR('',#4267,1.);
#4267 = DIRECTION('',(1.,0.,0.));
#4268 = ORIENTED_EDGE('',*,*,#4269,.T.);
#4269 = EDGE_CURVE('',#4260,#3512,#4270,.T.);
#4270 = LINE('',#4271,#4272);
#4271 = CARTESIAN_POINT('',(-15.,12.5,31.));
#4272 = VECTOR('',#4273,1.);
#4273 = DIRECTION('',(0.,0.,1.));
#4274 = ORIENTED_EDGE('',*,*,#3511,.T.);
#4275 = ORIENTED_EDGE('',*,*,#4276,.F.);
#4276 = EDGE_CURVE('',#4262,#3514,#4277,.T.);
#4277 = LINE('',#4278,#4279);
#4278 = CARTESIAN_POINT('',(15.,12.5,31.));
#4279 = VECTOR('',#4280,1.);
#4280 = DIRECTION('',(0.,0.,1.));
#4281 = PLANE('',#4282);
#4282 = AXIS2_PLACEMENT_3D('',#4283,#4284,#4285);
#4283 = CARTESIAN_POINT('',(-15.,12.5,31.));
#4284 = DIRECTION('',(0.,1.,0.));
#4285 = DIRECTION('',(0.,0.,1.));
#4286 = ADVANCED_FACE('',(#4287),#4305,.F.);
#4287 = FACE_BOUND('',#4288,.F.);
#4288 = EDGE_LOOP('',(#4289,#4290,#4298,#4304));
#4289 = ORIENTED_EDGE('',*,*,#4276,.F.);
#4290 = ORIENTED_EDGE('',*,*,#4291,.T.);
#4291 = EDGE_CURVE('',#4262,#4292,#4294,.T.);
#4292 = VERTEX_POINT('',#4293);
#4293 = CARTESIAN_POINT('',(15.,15.5,31.));
#4294 = LINE('',#4295,#4296);
#4295 = CARTESIAN_POINT('',(15.,12.5,31.));
#4296 = VECTOR('',#4297,1.);
#4297 = DIRECTION('',(0.,1.,0.));
#4298 = ORIENTED_EDGE('',*,*,#4299,.T.);
#4299 = EDGE_CURVE('',#4292,#3530,#4300,.T.);
#4300 = LINE('',#4301,#4302);
#4301 = CARTESIAN_POINT('',(15.,15.5,31.));
#4302 = VECTOR('',#4303,1.);
#4303 = DIRECTION('',(0.,0.,1.));
#4304 = ORIENTED_EDGE('',*,*,#3537,.F.);
#4305 = PLANE('',#4306);
#4306 = AXIS2_PLACEMENT_3D('',#4307,#4308,#4309);
#4307 = CARTESIAN_POINT('',(15.,12.5,31.));
#4308 = DIRECTION('',(1.,0.,0.));
#4309 = DIRECTION('',(0.,0.,1.));
#4310 = ADVANCED_FACE('',(#4311),#4329,.F.);
#4311 = FACE_BOUND('',#4312,.F.);
#4312 = EDGE_LOOP('',(#4313,#4321,#4327,#4328));
#4313 = ORIENTED_EDGE('',*,*,#4314,.F.);
#4314 = EDGE_CURVE('',#4315,#4292,#4317,.T.);
#4315 = VERTEX_POINT('',#4316);
#4316 = CARTESIAN_POINT('',(-15.,15.5,31.));
#4317 = LINE('',#4318,#4319);
#4318 = CARTESIAN_POINT('',(-15.,15.5,31.));
#4319 = VECTOR('',#4320,1.);
#4320 = DIRECTION('',(1.,0.,0.));
#4321 = ORIENTED_EDGE('',*,*,#4322,.T.);
#4322 = EDGE_CURVE('',#4315,#3522,#4323,.T.);
#4323 = LINE('',#4324,#4325);
#4324 = CARTESIAN_POINT('',(-15.,15.5,31.));
#4325 = VECTOR('',#4326,1.);
#4326 = DIRECTION('',(0.,0.,1.));
#4327 = ORIENTED_EDGE('',*,*,#3529,.T.);
#4328 = ORIENTED_EDGE('',*,*,#4299,.F.);
#4329 = PLANE('',#4330);
#4330 = AXIS2_PLACEMENT_3D('',#4331,#4332,#4333);
#4331 = CARTESIAN_POINT('',(-15.,15.5,31.));
#4332 = DIRECTION('',(0.,1.,0.));
#4333 = DIRECTION('',(0.,0.,1.));
#4334 = ADVANCED_FACE('',(#4335),#4346,.T.);
#4335 = FACE_BOUND('',#4336,.T.);
#4336 = EDGE_LOOP('',(#4337,#4338,#4344,#4345));
#4337 = ORIENTED_EDGE('',*,*,#4269,.F.);
#4338 = ORIENTED_EDGE('',*,*,#4339,.T.);
#4339 = EDGE_CURVE('',#4260,#4315,#4340,.T.);
#4340 = LINE('',#4341,#4342);
#4341 = CARTESIAN_POINT('',(-15.,12.5,31.));
#4342 = VECTOR('',#4343,1.);
#4343 = DIRECTION('',(0.,1.,0.));
#4344 = ORIENTED_EDGE('',*,*,#4322,.T.);
#4345 = ORIENTED_EDGE('',*,*,#3521,.F.);
#4346 = PLANE('',#4347);
#4347 = AXIS2_PLACEMENT_3D('',#4348,#4349,#4350);
#4348 = CARTESIAN_POINT('',(-15.,12.5,31.));
#4349 = DIRECTION('',(1.,0.,0.));
#4350 = DIRECTION('',(0.,0.,1.));
#4351 = ADVANCED_FACE('',(#4352),#4370,.T.);
#4352 = FACE_BOUND('',#4353,.T.);
#4353 = EDGE_LOOP('',(#4354,#4362,#4363,#4364));
#4354 = ORIENTED_EDGE('',*,*,#4355,.F.);
#4355 = EDGE_CURVE('',#3617,#4356,#4358,.T.);
#4356 = VERTEX_POINT('',#4357);
#4357 = CARTESIAN_POINT('',(-45.5,-31.,31.));
#4358 = LINE('',#4359,#4360);
#4359 = CARTESIAN_POINT('',(-45.5,-31.,3.));
#4360 = VECTOR('',#4361,1.);
#4361 = DIRECTION('',(0.,0.,1.));
#4362 = ORIENTED_EDGE('',*,*,#3624,.T.);
#4363 = ORIENTED_EDGE('',*,*,#3569,.T.);
#4364 = ORIENTED_EDGE('',*,*,#4365,.F.);
#4365 = EDGE_CURVE('',#4356,#3562,#4366,.T.);
#4366 = LINE('',#4367,#4368);
#4367 = CARTESIAN_POINT('',(-45.5,-31.,31.));
#4368 = VECTOR('',#4369,1.);
#4369 = DIRECTION('',(0.,1.,0.));
#4370 = PLANE('',#4371);
#4371 = AXIS2_PLACEMENT_3D('',#4372,#4373,#4374);
#4372 = CARTESIAN_POINT('',(-45.5,-31.,3.));
#4373 = DIRECTION('',(1.,0.,0.));
#4374 = DIRECTION('',(0.,0.,1.));
#4375 = ADVANCED_FACE('',(#4376),#4394,.T.);
#4376 = FACE_BOUND('',#4377,.T.);
#4377 = EDGE_LOOP('',(#4378,#4379,#4380,#4388));
#4378 = ORIENTED_EDGE('',*,*,#3616,.F.);
#4379 = ORIENTED_EDGE('',*,*,#4355,.T.);
#4380 = ORIENTED_EDGE('',*,*,#4381,.T.);
#4381 = EDGE_CURVE('',#4356,#4382,#4384,.T.);
#4382 = VERTEX_POINT('',#4383);
#4383 = CARTESIAN_POINT('',(45.5,-31.,31.));
#4384 = LINE('',#4385,#4386);
#4385 = CARTESIAN_POINT('',(-45.5,-31.,31.));
#4386 = VECTOR('',#4387,1.);
#4387 = DIRECTION('',(1.,0.,0.));
#4388 = ORIENTED_EDGE('',*,*,#4389,.F.);
#4389 = EDGE_CURVE('',#3609,#4382,#4390,.T.);
#4390 = LINE('',#4391,#4392);
#4391 = CARTESIAN_POINT('',(45.5,-31.,3.));
#4392 = VECTOR('',#4393,1.);
#4393 = DIRECTION('',(0.,0.,1.));
#4394 = PLANE('',#4395);
#4395 = AXIS2_PLACEMENT_3D('',#4396,#4397,#4398);
#4396 = CARTESIAN_POINT('',(-45.5,-31.,3.));
#4397 = DIRECTION('',(0.,1.,0.));
#4398 = DIRECTION('',(0.,0.,1.));
#4399 = ADVANCED_FACE('',(#4400),#4411,.F.);
#4400 = FACE_BOUND('',#4401,.F.);
#4401 = EDGE_LOOP('',(#4402,#4403,#4404,#4405));
#4402 = ORIENTED_EDGE('',*,*,#4389,.F.);
#4403 = ORIENTED_EDGE('',*,*,#3608,.T.);
#4404 = ORIENTED_EDGE('',*,*,#3698,.T.);
#4405 = ORIENTED_EDGE('',*,*,#4406,.F.);
#4406 = EDGE_CURVE('',#4382,#3699,#4407,.T.);
#4407 = LINE('',#4408,#4409);
#4408 = CARTESIAN_POINT('',(45.5,-31.,31.));
#4409 = VECTOR('',#4410,1.);
#4410 = DIRECTION('',(0.,1.,0.));
#4411 = PLANE('',#4412);
#4412 = AXIS2_PLACEMENT_3D('',#4413,#4414,#4415);
#4413 = CARTESIAN_POINT('',(45.5,-31.,3.));
#4414 = DIRECTION('',(1.,0.,0.));
#4415 = DIRECTION('',(0.,0.,1.));
#4416 = ADVANCED_FACE('',(#4417,#4446,#4452,#4458,#4464,#4470),#4476,.F.
  );
#4417 = FACE_BOUND('',#4418,.F.);
#4418 = EDGE_LOOP('',(#4419,#4420,#4421,#4422,#4423,#4431,#4439,#4445));
#4419 = ORIENTED_EDGE('',*,*,#4365,.F.);
#4420 = ORIENTED_EDGE('',*,*,#4381,.T.);
#4421 = ORIENTED_EDGE('',*,*,#4406,.T.);
#4422 = ORIENTED_EDGE('',*,*,#3755,.T.);
#4423 = ORIENTED_EDGE('',*,*,#4424,.T.);
#4424 = EDGE_CURVE('',#3756,#4425,#4427,.T.);
#4425 = VERTEX_POINT('',#4426);
#4426 = CARTESIAN_POINT('',(45.5,62.4,31.));
#4427 = LINE('',#4428,#4429);
#4428 = CARTESIAN_POINT('',(45.5,-31.,31.));
#4429 = VECTOR('',#4430,1.);
#4430 = DIRECTION('',(0.,1.,0.));
#4431 = ORIENTED_EDGE('',*,*,#4432,.F.);
#4432 = EDGE_CURVE('',#4433,#4425,#4435,.T.);
#4433 = VERTEX_POINT('',#4434);
#4434 = CARTESIAN_POINT('',(-45.5,62.4,31.));
#4435 = LINE('',#4436,#4437);
#4436 = CARTESIAN_POINT('',(-45.5,62.4,31.));
#4437 = VECTOR('',#4438,1.);
#4438 = DIRECTION('',(1.,0.,0.));
#4439 = ORIENTED_EDGE('',*,*,#4440,.F.);
#4440 = EDGE_CURVE('',#3675,#4433,#4441,.T.);
#4441 = LINE('',#4442,#4443);
#4442 = CARTESIAN_POINT('',(-45.5,-31.,31.));
#4443 = VECTOR('',#4444,1.);
#4444 = DIRECTION('',(0.,1.,0.));
#4445 = ORIENTED_EDGE('',*,*,#3674,.F.);
#4446 = FACE_BOUND('',#4447,.F.);
#4447 = EDGE_LOOP('',(#4448,#4449,#4450,#4451));
#4448 = ORIENTED_EDGE('',*,*,#3875,.F.);
#4449 = ORIENTED_EDGE('',*,*,#3907,.T.);
#4450 = ORIENTED_EDGE('',*,*,#3954,.T.);
#4451 = ORIENTED_EDGE('',*,*,#3931,.F.);
#4452 = FACE_BOUND('',#4453,.F.);
#4453 = EDGE_LOOP('',(#4454,#4455,#4456,#4457));
#4454 = ORIENTED_EDGE('',*,*,#3971,.F.);
#4455 = ORIENTED_EDGE('',*,*,#4003,.T.);
#4456 = ORIENTED_EDGE('',*,*,#4050,.T.);
#4457 = ORIENTED_EDGE('',*,*,#4027,.F.);
#4458 = FACE_BOUND('',#4459,.F.);
#4459 = EDGE_LOOP('',(#4460,#4461,#4462,#4463));
#4460 = ORIENTED_EDGE('',*,*,#4067,.F.);
#4461 = ORIENTED_EDGE('',*,*,#4099,.T.);
#4462 = ORIENTED_EDGE('',*,*,#4146,.T.);
#4463 = ORIENTED_EDGE('',*,*,#4123,.F.);
#4464 = FACE_BOUND('',#4465,.F.);
#4465 = EDGE_LOOP('',(#4466,#4467,#4468,#4469));
#4466 = ORIENTED_EDGE('',*,*,#4163,.F.);
#4467 = ORIENTED_EDGE('',*,*,#4195,.T.);
#4468 = ORIENTED_EDGE('',*,*,#4242,.T.);
#4469 = ORIENTED_EDGE('',*,*,#4219,.F.);
#4470 = FACE_BOUND('',#4471,.F.);
#4471 = EDGE_LOOP('',(#4472,#4473,#4474,#4475));
#4472 = ORIENTED_EDGE('',*,*,#4259,.F.);
#4473 = ORIENTED_EDGE('',*,*,#4339,.T.);
#4474 = ORIENTED_EDGE('',*,*,#4314,.T.);
#4475 = ORIENTED_EDGE('',*,*,#4291,.F.);
#4476 = PLANE('',#4477);
#4477 = AXIS2_PLACEMENT_3D('',#4478,#4479,#4480);
#4478 = CARTESIAN_POINT('',(-45.5,-31.,31.));
#4479 = DIRECTION('',(0.,0.,1.));
#4480 = DIRECTION('',(1.,0.,0.));
#4481 = ADVANCED_FACE('',(#4482),#4511,.F.);
#4482 = FACE_BOUND('',#4483,.F.);
#4483 = EDGE_LOOP('',(#4484,#4485,#4486,#4487,#4488,#4489,#4497,#4505));
#4484 = ORIENTED_EDGE('',*,*,#3802,.T.);
#4485 = ORIENTED_EDGE('',*,*,#3860,.T.);
#4486 = ORIENTED_EDGE('',*,*,#3834,.F.);
#4487 = ORIENTED_EDGE('',*,*,#3780,.F.);
#4488 = ORIENTED_EDGE('',*,*,#3722,.T.);
#4489 = ORIENTED_EDGE('',*,*,#4490,.T.);
#4490 = EDGE_CURVE('',#3725,#4491,#4493,.T.);
#4491 = VERTEX_POINT('',#4492);
#4492 = CARTESIAN_POINT('',(-45.5,62.4,3.));
#4493 = LINE('',#4494,#4495);
#4494 = CARTESIAN_POINT('',(-45.5,-31.,3.));
#4495 = VECTOR('',#4496,1.);
#4496 = DIRECTION('',(0.,1.,0.));
#4497 = ORIENTED_EDGE('',*,*,#4498,.T.);
#4498 = EDGE_CURVE('',#4491,#4499,#4501,.T.);
#4499 = VERTEX_POINT('',#4500);
#4500 = CARTESIAN_POINT('',(45.5,62.4,3.));
#4501 = LINE('',#4502,#4503);
#4502 = CARTESIAN_POINT('',(-45.5,62.4,3.));
#4503 = VECTOR('',#4504,1.);
#4504 = DIRECTION('',(1.,0.,0.));
#4505 = ORIENTED_EDGE('',*,*,#4506,.F.);
#4506 = EDGE_CURVE('',#3803,#4499,#4507,.T.);
#4507 = LINE('',#4508,#4509);
#4508 = CARTESIAN_POINT('',(45.5,-31.,3.));
#4509 = VECTOR('',#4510,1.);
#4510 = DIRECTION('',(0.,1.,0.));
#4511 = PLANE('',#4512);
#4512 = AXIS2_PLACEMENT_3D('',#4513,#4514,#4515);
#4513 = CARTESIAN_POINT('',(-47.5,-33.,3.));
#4514 = DIRECTION('',(0.,0.,1.));
#4515 = DIRECTION('',(1.,0.,0.));
#4516 = ADVANCED_FACE('',(#4517),#4528,.T.);
#4517 = FACE_BOUND('',#4518,.T.);
#4518 = EDGE_LOOP('',(#4519,#4520,#4521,#4527));
#4519 = ORIENTED_EDGE('',*,*,#3740,.F.);
#4520 = ORIENTED_EDGE('',*,*,#4490,.T.);
#4521 = ORIENTED_EDGE('',*,*,#4522,.T.);
#4522 = EDGE_CURVE('',#4491,#4433,#4523,.T.);
#4523 = LINE('',#4524,#4525);
#4524 = CARTESIAN_POINT('',(-45.5,62.4,3.));
#4525 = VECTOR('',#4526,1.);
#4526 = DIRECTION('',(0.,0.,1.));
#4527 = ORIENTED_EDGE('',*,*,#4440,.F.);
#4528 = PLANE('',#4529);
#4529 = AXIS2_PLACEMENT_3D('',#4530,#4531,#4532);
#4530 = CARTESIAN_POINT('',(-45.5,-31.,3.));
#4531 = DIRECTION('',(1.,0.,0.));
#4532 = DIRECTION('',(0.,0.,1.));
#4533 = ADVANCED_FACE('',(#4534),#4545,.F.);
#4534 = FACE_BOUND('',#4535,.F.);
#4535 = EDGE_LOOP('',(#4536,#4537,#4538,#4544));
#4536 = ORIENTED_EDGE('',*,*,#3812,.F.);
#4537 = ORIENTED_EDGE('',*,*,#4506,.T.);
#4538 = ORIENTED_EDGE('',*,*,#4539,.T.);
#4539 = EDGE_CURVE('',#4499,#4425,#4540,.T.);
#4540 = LINE('',#4541,#4542);
#4541 = CARTESIAN_POINT('',(45.5,62.4,3.));
#4542 = VECTOR('',#4543,1.);
#4543 = DIRECTION('',(0.,0.,1.));
#4544 = ORIENTED_EDGE('',*,*,#4424,.F.);
#4545 = PLANE('',#4546);
#4546 = AXIS2_PLACEMENT_3D('',#4547,#4548,#4549);
#4547 = CARTESIAN_POINT('',(45.5,-31.,3.));
#4548 = DIRECTION('',(1.,0.,0.));
#4549 = DIRECTION('',(0.,0.,1.));
#4550 = ADVANCED_FACE('',(#4551),#4557,.F.);
#4551 = FACE_BOUND('',#4552,.F.);
#4552 = EDGE_LOOP('',(#4553,#4554,#4555,#4556));
#4553 = ORIENTED_EDGE('',*,*,#4498,.F.);
#4554 = ORIENTED_EDGE('',*,*,#4522,.T.);
#4555 = ORIENTED_EDGE('',*,*,#4432,.T.);
#4556 = ORIENTED_EDGE('',*,*,#4539,.F.);
#4557 = PLANE('',#4558);
#4558 = AXIS2_PLACEMENT_3D('',#4559,#4560,#4561);
#4559 = CARTESIAN_POINT('',(-45.5,62.4,3.));
#4560 = DIRECTION('',(0.,1.,0.));
#4561 = DIRECTION('',(0.,0.,1.));
#4562 = ( GEOMETRIC_REPRESENTATION_CONTEXT(3) 
GLOBAL_UNCERTAINTY_ASSIGNED_CONTEXT((#4566)) 
GLOBAL_UNIT_ASSIGNED_CONTEXT((#4563,#4564,#4565)) REPRESENTATION_CONTEXT
('Context #1','3D Context with UNIT and UNCERTAINTY') );
#4563 = ( LENGTH_UNIT() NAMED_UNIT(*) SI_UNIT(.MILLI.,.METRE.) );
#4564 = ( NAMED_UNIT(*) PLANE_ANGLE_UNIT() SI_UNIT($,.RADIAN.) );
#4565 = ( NAMED_UNIT(*) SI_UNIT($,.STERADIAN.) SOLID_ANGLE_UNIT() );
#4566 = UNCERTAINTY_MEASURE_WITH_UNIT(LENGTH_MEASURE(1.E-07),#4563,
  'distance_accuracy_value','confusion accuracy');
#4567 = PRODUCT_RELATED_PRODUCT_CATEGORY('part',$,(#7));
ENDSEC;
END-ISO-10303-21;
