solid 
 facet normal -1.000000e+00  0.000000e+00  0.000000e+00
   outer loop
     vertex  0.000000e+00  0.000000e+00  1.905000e+02
     vertex  0.000000e+00  8.000000e+00  0.000000e+00
     vertex  0.000000e+00  0.000000e+00  0.000000e+00
   endloop
 endfacet
 facet normal -1.000000e+00  0.000000e+00  0.000000e+00
   outer loop
     vertex  0.000000e+00  0.000000e+00  1.905000e+02
     vertex  0.000000e+00  8.000000e+00  1.905000e+02
     vertex  0.000000e+00  8.000000e+00  0.000000e+00
   endloop
 endfacet
 facet normal  0.000000e+00 -1.000000e+00 -0.000000e+00
   outer loop
     vertex  1.294180e+01  0.000000e+00  3.896114e+00
     vertex  0.000000e+00  0.000000e+00  0.000000e+00
     vertex  1.297252e+01  0.000000e+00  3.864756e+00
   endloop
 endfacet
 facet normal -0.000000e+00 -1.000000e+00  0.000000e+00
   outer loop
     vertex  1.300408e+01  0.000000e+00  3.834251e+00
     vertex  1.297252e+01  0.000000e+00  3.864756e+00
     vertex  0.000000e+00  0.000000e+00  0.000000e+00
   endloop
 endfacet
 facet normal  0.000000e+00 -1.000000e+00 -0.000000e+00
   outer loop
     vertex  1.291195e+01  0.000000e+00  3.928304e+00
     vertex  0.000000e+00  0.000000e+00  0.000000e+00
     vertex  1.294180e+01  0.000000e+00  3.896114e+00
   endloop
 endfacet
 facet normal -0.000000e+00 -1.000000e+00  0.000000e+00
   outer loop
     vertex  1.303648e+01  0.000000e+00  3.804625e+00
     vertex  1.300408e+01  0.000000e+00  3.834251e+00
     vertex  0.000000e+00  0.000000e+00  0.000000e+00
   endloop
 endfacet
 facet normal  0.000000e+00 -1.000000e+00 -0.000000e+00
   outer loop
     vertex  1.288299e+01  0.000000e+00  3.961300e+00
     vertex  0.000000e+00  0.000000e+00  0.000000e+00
     vertex  1.291195e+01  0.000000e+00  3.928304e+00
   endloop
 endfacet
 facet normal -0.000000e+00 -1.000000e+00  0.000000e+00
   outer loop
     vertex  1.306967e+01  0.000000e+00  3.775898e+00
     vertex  1.303648e+01  0.000000e+00  3.804625e+00
     vertex  0.000000e+00  0.000000e+00  0.000000e+00
   endloop
 endfacet
 facet normal  0.000000e+00 -1.000000e+00 -0.000000e+00
   outer loop
     vertex  1.285496e+01  0.000000e+00  3.995079e+00
     vertex  0.000000e+00  0.000000e+00  0.000000e+00
     vertex  1.288299e+01  0.000000e+00  3.961300e+00
   endloop
 endfacet
 facet normal -0.000000e+00 -1.000000e+00  0.000000e+00
   outer loop
     vertex  1.310364e+01  0.000000e+00  3.748093e+00
     vertex  1.306967e+01  0.000000e+00  3.775898e+00
     vertex  0.000000e+00  0.000000e+00  0.000000e+00
   endloop
 endfacet
 facet normal  0.000000e+00 -1.000000e+00 -0.000000e+00
   outer loop
     vertex  1.282786e+01  0.000000e+00  4.029614e+00
     vertex  0.000000e+00  0.000000e+00  0.000000e+00
     vertex  1.285496e+01  0.000000e+00  3.995079e+00
   endloop
 endfacet
 facet normal -0.000000e+00 -1.000000e+00  0.000000e+00
   outer loop
     vertex  1.313836e+01  0.000000e+00  3.721230e+00
     vertex  1.310364e+01  0.000000e+00  3.748093e+00
     vertex  0.000000e+00  0.000000e+00  0.000000e+00
   endloop
 endfacet
 facet normal  0.000000e+00 -1.000000e+00 -0.000000e+00
   outer loop
     vertex  1.280171e+01  0.000000e+00  4.064879e+00
     vertex  0.000000e+00  0.000000e+00  0.000000e+00
     vertex  1.282786e+01  0.000000e+00  4.029614e+00
   endloop
 endfacet
 facet normal -0.000000e+00 -1.000000e+00  0.000000e+00
   outer loop
     vertex  1.317381e+01  0.000000e+00  3.695329e+00
     vertex  1.313836e+01  0.000000e+00  3.721230e+00
     vertex  0.000000e+00  0.000000e+00  0.000000e+00
   endloop
 endfacet
 facet normal  0.000000e+00 -1.000000e+00 -0.000000e+00
   outer loop
     vertex  1.277655e+01  0.000000e+00  4.100848e+00
     vertex  0.000000e+00  0.000000e+00  0.000000e+00
     vertex  1.280171e+01  0.000000e+00  4.064879e+00
   endloop
 endfacet
 facet normal -0.000000e+00 -1.000000e+00  0.000000e+00
   outer loop
     vertex  1.320995e+01  0.000000e+00  3.670411e+00
     vertex  1.317381e+01  0.000000e+00  3.695329e+00
     vertex  0.000000e+00  0.000000e+00  0.000000e+00
   endloop
 endfacet
 facet normal  0.000000e+00 -1.000000e+00 -0.000000e+00
   outer loop
     vertex  1.275238e+01  0.000000e+00  4.137494e+00
     vertex  0.000000e+00  0.000000e+00  0.000000e+00
     vertex  1.277655e+01  0.000000e+00  4.100848e+00
   endloop
 endfacet
 facet normal -0.000000e+00 -1.000000e+00  0.000000e+00
   outer loop
     vertex  1.324676e+01  0.000000e+00  3.646494e+00
     vertex  1.320995e+01  0.000000e+00  3.670411e+00
     vertex  0.000000e+00  0.000000e+00  0.000000e+00
   endloop
 endfacet
 facet normal  0.000000e+00 -1.000000e+00 -0.000000e+00
   outer loop
     vertex  1.272922e+01  0.000000e+00  4.174790e+00
     vertex  0.000000e+00  0.000000e+00  0.000000e+00
     vertex  1.275238e+01  0.000000e+00  4.137494e+00
   endloop
 endfacet
 facet normal -0.000000e+00 -1.000000e+00  0.000000e+00
   outer loop
     vertex  1.328421e+01  0.000000e+00  3.623596e+00
     vertex  1.324676e+01  0.000000e+00  3.646494e+00
     vertex  0.000000e+00  0.000000e+00  0.000000e+00
   endloop
 endfacet
 facet normal  0.000000e+00 -1.000000e+00 -0.000000e+00
   outer loop
     vertex  1.270710e+01  0.000000e+00  4.212706e+00
     vertex  0.000000e+00  0.000000e+00  0.000000e+00
     vertex  1.272922e+01  0.000000e+00  4.174790e+00
   endloop
 endfacet
 facet normal -0.000000e+00 -1.000000e+00  0.000000e+00
   outer loop
     vertex  1.332228e+01  0.000000e+00  3.601733e+00
     vertex  1.328421e+01  0.000000e+00  3.623596e+00
     vertex  0.000000e+00  0.000000e+00  0.000000e+00
   endloop
 endfacet
 facet normal  0.000000e+00 -1.000000e+00 -0.000000e+00
   outer loop
     vertex  1.268603e+01  0.000000e+00  4.251215e+00
     vertex  0.000000e+00  0.000000e+00  0.000000e+00
     vertex  1.270710e+01  0.000000e+00  4.212706e+00
   endloop
 endfacet
 facet normal -0.000000e+00 -1.000000e+00  0.000000e+00
   outer loop
     vertex  1.336093e+01  0.000000e+00  3.580923e+00
     vertex  1.332228e+01  0.000000e+00  3.601733e+00
     vertex  0.000000e+00  0.000000e+00  0.000000e+00
   endloop
 endfacet
 facet normal  0.000000e+00 -1.000000e+00 -0.000000e+00
   outer loop
     vertex  1.266602e+01  0.000000e+00  4.290288e+00
     vertex  0.000000e+00  0.000000e+00  0.000000e+00
     vertex  1.268603e+01  0.000000e+00  4.251215e+00
   endloop
 endfacet
 facet normal -0.000000e+00 -1.000000e+00  0.000000e+00
   outer loop
     vertex  1.340014e+01  0.000000e+00  3.561182e+00
     vertex  1.336093e+01  0.000000e+00  3.580923e+00
     vertex  0.000000e+00  0.000000e+00  0.000000e+00
   endloop
 endfacet
 facet normal  0.000000e+00 -1.000000e+00 -0.000000e+00
   outer loop
     vertex  1.264709e+01  0.000000e+00  4.329895e+00
     vertex  0.000000e+00  0.000000e+00  0.000000e+00
     vertex  1.266602e+01  0.000000e+00  4.290288e+00
   endloop
 endfacet
 facet normal -0.000000e+00 -1.000000e+00  0.000000e+00
   outer loop
     vertex  1.343988e+01  0.000000e+00  3.542524e+00
     vertex  1.340014e+01  0.000000e+00  3.561182e+00
     vertex  0.000000e+00  0.000000e+00  0.000000e+00
   endloop
 endfacet
 facet normal  0.000000e+00 -1.000000e+00 -0.000000e+00
   outer loop
     vertex  1.262925e+01  0.000000e+00  4.370007e+00
     vertex  0.000000e+00  0.000000e+00  0.000000e+00
     vertex  1.264709e+01  0.000000e+00  4.329895e+00
   endloop
 endfacet
 facet normal -0.000000e+00 -1.000000e+00  0.000000e+00
   outer loop
     vertex  1.348011e+01  0.000000e+00  3.524962e+00
     vertex  1.343988e+01  0.000000e+00  3.542524e+00
     vertex  0.000000e+00  0.000000e+00  0.000000e+00
   endloop
 endfacet
 facet normal  0.000000e+00 -1.000000e+00 -0.000000e+00
   outer loop
     vertex  1.261252e+01  0.000000e+00  4.410593e+00
     vertex  0.000000e+00  0.000000e+00  0.000000e+00
     vertex  1.262925e+01  0.000000e+00  4.370007e+00
   endloop
 endfacet
 facet normal -0.000000e+00 -1.000000e+00  0.000000e+00
   outer loop
     vertex  1.352081e+01  0.000000e+00  3.508511e+00
     vertex  1.348011e+01  0.000000e+00  3.524962e+00
     vertex  0.000000e+00  0.000000e+00  0.000000e+00
   endloop
 endfacet
 facet normal  0.000000e+00 -1.000000e+00 -0.000000e+00
   outer loop
     vertex  1.259691e+01  0.000000e+00  4.451622e+00
     vertex  0.000000e+00  0.000000e+00  0.000000e+00
     vertex  1.261252e+01  0.000000e+00  4.410593e+00
   endloop
 endfacet
 facet normal -0.000000e+00 -1.000000e+00  0.000000e+00
   outer loop
     vertex  1.356195e+01  0.000000e+00  3.493183e+00
     vertex  1.352081e+01  0.000000e+00  3.508511e+00
     vertex  0.000000e+00  0.000000e+00  0.000000e+00
   endloop
 endfacet
 facet normal  0.000000e+00 -1.000000e+00 -0.000000e+00
   outer loop
     vertex  1.258243e+01  0.000000e+00  4.493064e+00
     vertex  0.000000e+00  0.000000e+00  0.000000e+00
     vertex  1.259691e+01  0.000000e+00  4.451622e+00
   endloop
 endfacet
 facet normal -0.000000e+00 -1.000000e+00  0.000000e+00
   outer loop
     vertex  1.360349e+01  0.000000e+00  3.478989e+00
     vertex  1.356195e+01  0.000000e+00  3.493183e+00
     vertex  0.000000e+00  0.000000e+00  0.000000e+00
   endloop
 endfacet
 facet normal  0.000000e+00 -1.000000e+00 -0.000000e+00
   outer loop
     vertex  1.256909e+01  0.000000e+00  4.534888e+00
     vertex  0.000000e+00  0.000000e+00  0.000000e+00
     vertex  1.258243e+01  0.000000e+00  4.493064e+00
   endloop
 endfacet
 facet normal -0.000000e+00 -1.000000e+00  0.000000e+00
   outer loop
     vertex  1.364540e+01  0.000000e+00  3.465940e+00
     vertex  1.360349e+01  0.000000e+00  3.478989e+00
     vertex  0.000000e+00  0.000000e+00  0.000000e+00
   endloop
 endfacet
 facet normal  0.000000e+00 -1.000000e+00 -0.000000e+00
   outer loop
     vertex  1.255691e+01  0.000000e+00  4.577062e+00
     vertex  0.000000e+00  0.000000e+00  0.000000e+00
     vertex  1.256909e+01  0.000000e+00  4.534888e+00
   endloop
 endfacet
 facet normal -0.000000e+00 -1.000000e+00  0.000000e+00
   outer loop
     vertex  1.368766e+01  0.000000e+00  3.454046e+00
     vertex  1.364540e+01  0.000000e+00  3.465940e+00
     vertex  0.000000e+00  0.000000e+00  0.000000e+00
   endloop
 endfacet
 facet normal  0.000000e+00 -1.000000e+00 -0.000000e+00
   outer loop
     vertex  1.254589e+01  0.000000e+00  4.619555e+00
     vertex  0.000000e+00  0.000000e+00  0.000000e+00
     vertex  1.255691e+01  0.000000e+00  4.577062e+00
   endloop
 endfacet
 facet normal -0.000000e+00 -1.000000e+00  0.000000e+00
   outer loop
     vertex  1.373022e+01  0.000000e+00  3.443316e+00
     vertex  1.368766e+01  0.000000e+00  3.454046e+00
     vertex  0.000000e+00  0.000000e+00  0.000000e+00
   endloop
 endfacet
 facet normal  0.000000e+00 -1.000000e+00 -0.000000e+00
   outer loop
     vertex  1.253604e+01  0.000000e+00  4.662333e+00
     vertex  0.000000e+00  0.000000e+00  0.000000e+00
     vertex  1.254589e+01  0.000000e+00  4.619555e+00
   endloop
 endfacet
 facet normal -0.000000e+00 -1.000000e+00  0.000000e+00
   outer loop
     vertex  1.377307e+01  0.000000e+00  3.433757e+00
     vertex  1.373022e+01  0.000000e+00  3.443316e+00
     vertex  0.000000e+00  0.000000e+00  0.000000e+00
   endloop
 endfacet
 facet normal  0.000000e+00 -1.000000e+00 -0.000000e+00
   outer loop
     vertex  1.252736e+01  0.000000e+00  4.705366e+00
     vertex  0.000000e+00  0.000000e+00  0.000000e+00
     vertex  1.253604e+01  0.000000e+00  4.662333e+00
   endloop
 endfacet
 facet normal -0.000000e+00 -1.000000e+00  0.000000e+00
   outer loop
     vertex  1.381616e+01  0.000000e+00  3.425378e+00
     vertex  1.377307e+01  0.000000e+00  3.433757e+00
     vertex  0.000000e+00  0.000000e+00  0.000000e+00
   endloop
 endfacet
 facet normal  0.000000e+00 -1.000000e+00 -0.000000e+00
   outer loop
     vertex  1.251987e+01  0.000000e+00  4.748621e+00
     vertex  0.000000e+00  0.000000e+00  0.000000e+00
     vertex  1.252736e+01  0.000000e+00  4.705366e+00
   endloop
 endfacet
 facet normal -0.000000e+00 -1.000000e+00  0.000000e+00
   outer loop
     vertex  1.385947e+01  0.000000e+00  3.418184e+00
     vertex  1.381616e+01  0.000000e+00  3.425378e+00
     vertex  0.000000e+00  0.000000e+00  0.000000e+00
   endloop
 endfacet
 facet normal  0.000000e+00 -1.000000e+00 -0.000000e+00
   outer loop
     vertex  1.251357e+01  0.000000e+00  4.792065e+00
     vertex  0.000000e+00  0.000000e+00  0.000000e+00
     vertex  1.251987e+01  0.000000e+00  4.748621e+00
   endloop
 endfacet
 facet normal -0.000000e+00 -1.000000e+00  0.000000e+00
   outer loop
     vertex  1.390295e+01  0.000000e+00  3.412180e+00
     vertex  1.385947e+01  0.000000e+00  3.418184e+00
     vertex  0.000000e+00  0.000000e+00  0.000000e+00
   endloop
 endfacet
 facet normal  0.000000e+00 -1.000000e+00 -0.000000e+00
   outer loop
     vertex  1.250846e+01  0.000000e+00  4.835665e+00
     vertex  0.000000e+00  0.000000e+00  0.000000e+00
     vertex  1.251357e+01  0.000000e+00  4.792065e+00
   endloop
 endfacet
 facet normal -0.000000e+00 -1.000000e+00  0.000000e+00
   outer loop
     vertex  1.394659e+01  0.000000e+00  3.407372e+00
     vertex  1.390295e+01  0.000000e+00  3.412180e+00
     vertex  0.000000e+00  0.000000e+00  0.000000e+00
   endloop
 endfacet
 facet normal  0.000000e+00 -1.000000e+00 -0.000000e+00
   outer loop
     vertex  1.250455e+01  0.000000e+00  4.879390e+00
     vertex  0.000000e+00  0.000000e+00  0.000000e+00
     vertex  1.250846e+01  0.000000e+00  4.835665e+00
   endloop
 endfacet
 facet normal -0.000000e+00 -1.000000e+00  0.000000e+00
   outer loop
     vertex  1.399034e+01  0.000000e+00  3.403763e+00
     vertex  1.394659e+01  0.000000e+00  3.407372e+00
     vertex  0.000000e+00  0.000000e+00  0.000000e+00
   endloop
 endfacet
 facet normal  0.000000e+00 -1.000000e+00 -0.000000e+00
   outer loop
     vertex  1.250184e+01  0.000000e+00  4.923205e+00
     vertex  0.000000e+00  0.000000e+00  0.000000e+00
     vertex  1.250455e+01  0.000000e+00  4.879390e+00
   endloop
 endfacet
 facet normal -0.000000e+00 -1.000000e+00  0.000000e+00
   outer loop
     vertex  1.403417e+01  0.000000e+00  3.401355e+00
     vertex  1.399034e+01  0.000000e+00  3.403763e+00
     vertex  0.000000e+00  0.000000e+00  0.000000e+00
   endloop
 endfacet
 facet normal  0.000000e+00 -1.000000e+00 -0.000000e+00
   outer loop
     vertex  1.250034e+01  0.000000e+00  4.967077e+00
     vertex  0.000000e+00  0.000000e+00  0.000000e+00
     vertex  1.250184e+01  0.000000e+00  4.923205e+00
   endloop
 endfacet
 facet normal -0.000000e+00 -1.000000e+00  0.000000e+00
   outer loop
     vertex  1.407805e+01  0.000000e+00  3.400151e+00
     vertex  1.403417e+01  0.000000e+00  3.401355e+00
     vertex  0.000000e+00  0.000000e+00  0.000000e+00
   endloop
 endfacet
 facet normal  0.000000e+00 -1.000000e+00 -0.000000e+00
   outer loop
     vertex  1.250004e+01  0.000000e+00  5.010975e+00
     vertex  0.000000e+00  0.000000e+00  0.000000e+00
     vertex  1.250034e+01  0.000000e+00  4.967077e+00
   endloop
 endfacet
 facet normal -0.000000e+00 -1.000000e+00  0.000000e+00
   outer loop
     vertex  1.412195e+01  0.000000e+00  3.400151e+00
     vertex  1.407805e+01  0.000000e+00  3.400151e+00
     vertex  0.000000e+00  0.000000e+00  0.000000e+00
   endloop
 endfacet
 facet normal  0.000000e+00 -1.000000e+00  0.000000e+00
   outer loop
     vertex  1.250094e+01  0.000000e+00  5.054864e+00
     vertex  0.000000e+00  0.000000e+00  0.000000e+00
     vertex  1.250004e+01  0.000000e+00  5.010975e+00
   endloop
 endfacet
 facet normal  0.000000e+00 -1.000000e+00  0.000000e+00
   outer loop
     vertex  1.250305e+01  0.000000e+00  5.098712e+00
     vertex  0.000000e+00  0.000000e+00  0.000000e+00
     vertex  1.250094e+01  0.000000e+00  5.054864e+00
   endloop
 endfacet
 facet normal  0.000000e+00 -1.000000e+00  0.000000e+00
   outer loop
     vertex  1.250636e+01  0.000000e+00  5.142486e+00
     vertex  0.000000e+00  0.000000e+00  0.000000e+00
     vertex  1.250305e+01  0.000000e+00  5.098712e+00
   endloop
 endfacet
 facet normal  0.000000e+00 -1.000000e+00  0.000000e+00
   outer loop
     vertex  1.251087e+01  0.000000e+00  5.186152e+00
     vertex  0.000000e+00  0.000000e+00  0.000000e+00
     vertex  1.250636e+01  0.000000e+00  5.142486e+00
   endloop
 endfacet
 facet normal  0.000000e+00 -1.000000e+00  0.000000e+00
   outer loop
     vertex  1.251657e+01  0.000000e+00  5.229679e+00
     vertex  0.000000e+00  0.000000e+00  0.000000e+00
     vertex  1.251087e+01  0.000000e+00  5.186152e+00
   endloop
 endfacet
 facet normal  0.000000e+00 -1.000000e+00  0.000000e+00
   outer loop
     vertex  1.252347e+01  0.000000e+00  5.273032e+00
     vertex  0.000000e+00  0.000000e+00  0.000000e+00
     vertex  1.251657e+01  0.000000e+00  5.229679e+00
   endloop
 endfacet
 facet normal  0.000000e+00 -1.000000e+00  0.000000e+00
   outer loop
     vertex  1.253155e+01  0.000000e+00  5.316180e+00
     vertex  0.000000e+00  0.000000e+00  0.000000e+00
     vertex  1.252347e+01  0.000000e+00  5.273032e+00
   endloop
 endfacet
 facet normal  0.000000e+00 -1.000000e+00  0.000000e+00
   outer loop
     vertex  1.254082e+01  0.000000e+00  5.359090e+00
     vertex  0.000000e+00  0.000000e+00  0.000000e+00
     vertex  1.253155e+01  0.000000e+00  5.316180e+00
   endloop
 endfacet
 facet normal  0.000000e+00 -1.000000e+00  0.000000e+00
   outer loop
     vertex  1.255125e+01  0.000000e+00  5.401729e+00
     vertex  0.000000e+00  0.000000e+00  0.000000e+00
     vertex  1.254082e+01  0.000000e+00  5.359090e+00
   endloop
 endfacet
 facet normal  0.000000e+00 -1.000000e+00  0.000000e+00
   outer loop
     vertex  1.256286e+01  0.000000e+00  5.444067e+00
     vertex  0.000000e+00  0.000000e+00  0.000000e+00
     vertex  1.255125e+01  0.000000e+00  5.401729e+00
   endloop
 endfacet
 facet normal  0.000000e+00 -1.000000e+00  0.000000e+00
   outer loop
     vertex  1.257562e+01  0.000000e+00  5.486070e+00
     vertex  0.000000e+00  0.000000e+00  0.000000e+00
     vertex  1.256286e+01  0.000000e+00  5.444067e+00
   endloop
 endfacet
 facet normal  0.000000e+00 -1.000000e+00  0.000000e+00
   outer loop
     vertex  1.258953e+01  0.000000e+00  5.527706e+00
     vertex  0.000000e+00  0.000000e+00  0.000000e+00
     vertex  1.257562e+01  0.000000e+00  5.486070e+00
   endloop
 endfacet
 facet normal  0.000000e+00 -1.000000e+00  0.000000e+00
   outer loop
     vertex  1.260457e+01  0.000000e+00  5.568946e+00
     vertex  0.000000e+00  0.000000e+00  0.000000e+00
     vertex  1.258953e+01  0.000000e+00  5.527706e+00
   endloop
 endfacet
 facet normal  0.000000e+00 -1.000000e+00  0.000000e+00
   outer loop
     vertex  1.262074e+01  0.000000e+00  5.609758e+00
     vertex  0.000000e+00  0.000000e+00  0.000000e+00
     vertex  1.260457e+01  0.000000e+00  5.568946e+00
   endloop
 endfacet
 facet normal  0.000000e+00 -1.000000e+00  0.000000e+00
   outer loop
     vertex  1.263803e+01  0.000000e+00  5.650110e+00
     vertex  0.000000e+00  0.000000e+00  0.000000e+00
     vertex  1.262074e+01  0.000000e+00  5.609758e+00
   endloop
 endfacet
 facet normal  0.000000e+00 -1.000000e+00  0.000000e+00
   outer loop
     vertex  1.265642e+01  0.000000e+00  5.689973e+00
     vertex  0.000000e+00  0.000000e+00  0.000000e+00
     vertex  1.263803e+01  0.000000e+00  5.650110e+00
   endloop
 endfacet
 facet normal  0.000000e+00 -1.000000e+00  0.000000e+00
   outer loop
     vertex  1.267589e+01  0.000000e+00  5.729317e+00
     vertex  0.000000e+00  0.000000e+00  0.000000e+00
     vertex  1.265642e+01  0.000000e+00  5.689973e+00
   endloop
 endfacet
 facet normal  0.000000e+00 -1.000000e+00  0.000000e+00
   outer loop
     vertex  1.269643e+01  0.000000e+00  5.768112e+00
     vertex  0.000000e+00  0.000000e+00  0.000000e+00
     vertex  1.267589e+01  0.000000e+00  5.729317e+00
   endloop
 endfacet
 facet normal  0.000000e+00 -1.000000e+00  0.000000e+00
   outer loop
     vertex  2.820000e+01  0.000000e+00  0.000000e+00
     vertex  1.502619e+01  0.000000e+00  3.695329e+00
     vertex  1.499005e+01  0.000000e+00  3.670411e+00
   endloop
 endfacet
 facet normal  0.000000e+00 -1.000000e+00  0.000000e+00
   outer loop
     vertex  2.820000e+01  0.000000e+00  0.000000e+00
     vertex  1.499005e+01  0.000000e+00  3.670411e+00
     vertex  1.495324e+01  0.000000e+00  3.646494e+00
   endloop
 endfacet
 facet normal  0.000000e+00 -1.000000e+00  0.000000e+00
   outer loop
     vertex  2.820000e+01  0.000000e+00  0.000000e+00
     vertex  1.495324e+01  0.000000e+00  3.646494e+00
     vertex  1.491579e+01  0.000000e+00  3.623596e+00
   endloop
 endfacet
 facet normal  0.000000e+00 -1.000000e+00  0.000000e+00
   outer loop
     vertex  2.820000e+01  0.000000e+00  0.000000e+00
     vertex  1.491579e+01  0.000000e+00  3.623596e+00
     vertex  1.487772e+01  0.000000e+00  3.601733e+00
   endloop
 endfacet
 facet normal  0.000000e+00 -1.000000e+00  0.000000e+00
   outer loop
     vertex  2.820000e+01  0.000000e+00  0.000000e+00
     vertex  1.487772e+01  0.000000e+00  3.601733e+00
     vertex  1.483907e+01  0.000000e+00  3.580923e+00
   endloop
 endfacet
 facet normal  0.000000e+00 -1.000000e+00  0.000000e+00
   outer loop
     vertex  2.820000e+01  0.000000e+00  0.000000e+00
     vertex  1.483907e+01  0.000000e+00  3.580923e+00
     vertex  1.479986e+01  0.000000e+00  3.561182e+00
   endloop
 endfacet
 facet normal  0.000000e+00 -1.000000e+00  0.000000e+00
   outer loop
     vertex  2.820000e+01  0.000000e+00  0.000000e+00
     vertex  1.479986e+01  0.000000e+00  3.561182e+00
     vertex  1.476012e+01  0.000000e+00  3.542524e+00
   endloop
 endfacet
 facet normal  0.000000e+00 -1.000000e+00  0.000000e+00
   outer loop
     vertex  2.820000e+01  0.000000e+00  0.000000e+00
     vertex  1.476012e+01  0.000000e+00  3.542524e+00
     vertex  1.471989e+01  0.000000e+00  3.524962e+00
   endloop
 endfacet
 facet normal  0.000000e+00 -1.000000e+00  0.000000e+00
   outer loop
     vertex  2.820000e+01  0.000000e+00  0.000000e+00
     vertex  1.471989e+01  0.000000e+00  3.524962e+00
     vertex  1.467919e+01  0.000000e+00  3.508511e+00
   endloop
 endfacet
 facet normal  0.000000e+00 -1.000000e+00  0.000000e+00
   outer loop
     vertex  2.820000e+01  0.000000e+00  0.000000e+00
     vertex  1.467919e+01  0.000000e+00  3.508511e+00
     vertex  1.463805e+01  0.000000e+00  3.493183e+00
   endloop
 endfacet
 facet normal  0.000000e+00 -1.000000e+00  0.000000e+00
   outer loop
     vertex  2.820000e+01  0.000000e+00  0.000000e+00
     vertex  1.463805e+01  0.000000e+00  3.493183e+00
     vertex  1.459651e+01  0.000000e+00  3.478989e+00
   endloop
 endfacet
 facet normal  0.000000e+00 -1.000000e+00  0.000000e+00
   outer loop
     vertex  2.820000e+01  0.000000e+00  0.000000e+00
     vertex  1.459651e+01  0.000000e+00  3.478989e+00
     vertex  1.455460e+01  0.000000e+00  3.465940e+00
   endloop
 endfacet
 facet normal  0.000000e+00 -1.000000e+00  0.000000e+00
   outer loop
     vertex  2.820000e+01  0.000000e+00  0.000000e+00
     vertex  1.455460e+01  0.000000e+00  3.465940e+00
     vertex  1.451234e+01  0.000000e+00  3.454046e+00
   endloop
 endfacet
 facet normal  0.000000e+00 -1.000000e+00  0.000000e+00
   outer loop
     vertex  2.820000e+01  0.000000e+00  0.000000e+00
     vertex  1.451234e+01  0.000000e+00  3.454046e+00
     vertex  1.446978e+01  0.000000e+00  3.443316e+00
   endloop
 endfacet
 facet normal  0.000000e+00 -1.000000e+00  0.000000e+00
   outer loop
     vertex  2.820000e+01  0.000000e+00  0.000000e+00
     vertex  1.446978e+01  0.000000e+00  3.443316e+00
     vertex  1.442693e+01  0.000000e+00  3.433757e+00
   endloop
 endfacet
 facet normal  0.000000e+00 -1.000000e+00  0.000000e+00
   outer loop
     vertex  2.820000e+01  0.000000e+00  0.000000e+00
     vertex  1.412195e+01  0.000000e+00  3.400151e+00
     vertex  0.000000e+00  0.000000e+00  0.000000e+00
   endloop
 endfacet
 facet normal  0.000000e+00 -1.000000e+00  0.000000e+00
   outer loop
     vertex  2.820000e+01  0.000000e+00  0.000000e+00
     vertex  1.442693e+01  0.000000e+00  3.433757e+00
     vertex  1.438384e+01  0.000000e+00  3.425378e+00
   endloop
 endfacet
 facet normal  0.000000e+00 -1.000000e+00  0.000000e+00
   outer loop
     vertex  2.820000e+01  0.000000e+00  0.000000e+00
     vertex  1.438384e+01  0.000000e+00  3.425378e+00
     vertex  1.434053e+01  0.000000e+00  3.418184e+00
   endloop
 endfacet
 facet normal  0.000000e+00 -1.000000e+00  0.000000e+00
   outer loop
     vertex  2.820000e+01  0.000000e+00  0.000000e+00
     vertex  1.434053e+01  0.000000e+00  3.418184e+00
     vertex  1.429705e+01  0.000000e+00  3.412180e+00
   endloop
 endfacet
 facet normal  0.000000e+00 -1.000000e+00  0.000000e+00
   outer loop
     vertex  2.820000e+01  0.000000e+00  0.000000e+00
     vertex  1.429705e+01  0.000000e+00  3.412180e+00
     vertex  1.425341e+01  0.000000e+00  3.407372e+00
   endloop
 endfacet
 facet normal  0.000000e+00 -1.000000e+00  0.000000e+00
   outer loop
     vertex  2.820000e+01  0.000000e+00  0.000000e+00
     vertex  1.425341e+01  0.000000e+00  3.407372e+00
     vertex  1.420966e+01  0.000000e+00  3.403763e+00
   endloop
 endfacet
 facet normal  0.000000e+00 -1.000000e+00  0.000000e+00
   outer loop
     vertex  2.820000e+01  0.000000e+00  0.000000e+00
     vertex  1.420966e+01  0.000000e+00  3.403763e+00
     vertex  1.416583e+01  0.000000e+00  3.401355e+00
   endloop
 endfacet
 facet normal  0.000000e+00 -1.000000e+00  0.000000e+00
   outer loop
     vertex  2.820000e+01  0.000000e+00  0.000000e+00
     vertex  1.416583e+01  0.000000e+00  3.401355e+00
     vertex  1.412195e+01  0.000000e+00  3.400151e+00
   endloop
 endfacet
 facet normal  0.000000e+00 -1.000000e+00  0.000000e+00
   outer loop
     vertex  2.820000e+01  0.000000e+00  0.000000e+00
     vertex  1.550357e+01  0.000000e+00  5.768112e+00
     vertex  1.552411e+01  0.000000e+00  5.729317e+00
   endloop
 endfacet
 facet normal  0.000000e+00 -1.000000e+00  0.000000e+00
   outer loop
     vertex  2.820000e+01  0.000000e+00  0.000000e+00
     vertex  1.552411e+01  0.000000e+00  5.729317e+00
     vertex  1.554358e+01  0.000000e+00  5.689973e+00
   endloop
 endfacet
 facet normal  0.000000e+00 -1.000000e+00  0.000000e+00
   outer loop
     vertex  2.820000e+01  0.000000e+00  0.000000e+00
     vertex  1.554358e+01  0.000000e+00  5.689973e+00
     vertex  1.556197e+01  0.000000e+00  5.650110e+00
   endloop
 endfacet
 facet normal  0.000000e+00 -1.000000e+00  0.000000e+00
   outer loop
     vertex  2.820000e+01  0.000000e+00  0.000000e+00
     vertex  1.556197e+01  0.000000e+00  5.650110e+00
     vertex  1.557926e+01  0.000000e+00  5.609758e+00
   endloop
 endfacet
 facet normal  0.000000e+00 -1.000000e+00  0.000000e+00
   outer loop
     vertex  2.820000e+01  0.000000e+00  0.000000e+00
     vertex  1.557926e+01  0.000000e+00  5.609758e+00
     vertex  1.559543e+01  0.000000e+00  5.568946e+00
   endloop
 endfacet
 facet normal  0.000000e+00 -1.000000e+00  0.000000e+00
   outer loop
     vertex  2.820000e+01  0.000000e+00  0.000000e+00
     vertex  1.559543e+01  0.000000e+00  5.568946e+00
     vertex  1.561047e+01  0.000000e+00  5.527706e+00
   endloop
 endfacet
 facet normal  0.000000e+00 -1.000000e+00  0.000000e+00
   outer loop
     vertex  2.820000e+01  0.000000e+00  0.000000e+00
     vertex  1.561047e+01  0.000000e+00  5.527706e+00
     vertex  1.562438e+01  0.000000e+00  5.486070e+00
   endloop
 endfacet
 facet normal  0.000000e+00 -1.000000e+00  0.000000e+00
   outer loop
     vertex  2.820000e+01  0.000000e+00  0.000000e+00
     vertex  1.562438e+01  0.000000e+00  5.486070e+00
     vertex  1.563714e+01  0.000000e+00  5.444067e+00
   endloop
 endfacet
 facet normal  0.000000e+00 -1.000000e+00  0.000000e+00
   outer loop
     vertex  2.820000e+01  0.000000e+00  0.000000e+00
     vertex  1.563714e+01  0.000000e+00  5.444067e+00
     vertex  1.564875e+01  0.000000e+00  5.401729e+00
   endloop
 endfacet
 facet normal  0.000000e+00 -1.000000e+00  0.000000e+00
   outer loop
     vertex  2.820000e+01  0.000000e+00  0.000000e+00
     vertex  1.564875e+01  0.000000e+00  5.401729e+00
     vertex  1.565918e+01  0.000000e+00  5.359090e+00
   endloop
 endfacet
 facet normal  0.000000e+00 -1.000000e+00  0.000000e+00
   outer loop
     vertex  2.820000e+01  0.000000e+00  0.000000e+00
     vertex  1.565918e+01  0.000000e+00  5.359090e+00
     vertex  1.566845e+01  0.000000e+00  5.316180e+00
   endloop
 endfacet
 facet normal  0.000000e+00 -1.000000e+00  0.000000e+00
   outer loop
     vertex  2.820000e+01  0.000000e+00  0.000000e+00
     vertex  1.566845e+01  0.000000e+00  5.316180e+00
     vertex  1.567653e+01  0.000000e+00  5.273032e+00
   endloop
 endfacet
 facet normal  0.000000e+00 -1.000000e+00  0.000000e+00
   outer loop
     vertex  2.820000e+01  0.000000e+00  0.000000e+00
     vertex  1.567653e+01  0.000000e+00  5.273032e+00
     vertex  1.568343e+01  0.000000e+00  5.229679e+00
   endloop
 endfacet
 facet normal  0.000000e+00 -1.000000e+00  0.000000e+00
   outer loop
     vertex  2.820000e+01  0.000000e+00  0.000000e+00
     vertex  1.568343e+01  0.000000e+00  5.229679e+00
     vertex  1.568913e+01  0.000000e+00  5.186152e+00
   endloop
 endfacet
 facet normal  0.000000e+00 -1.000000e+00  0.000000e+00
   outer loop
     vertex  2.820000e+01  0.000000e+00  0.000000e+00
     vertex  1.568913e+01  0.000000e+00  5.186152e+00
     vertex  1.569364e+01  0.000000e+00  5.142486e+00
   endloop
 endfacet
 facet normal  0.000000e+00 -1.000000e+00  0.000000e+00
   outer loop
     vertex  2.820000e+01  0.000000e+00  0.000000e+00
     vertex  1.569364e+01  0.000000e+00  5.142486e+00
     vertex  1.569695e+01  0.000000e+00  5.098712e+00
   endloop
 endfacet
 facet normal  0.000000e+00 -1.000000e+00  0.000000e+00
   outer loop
     vertex  2.820000e+01  0.000000e+00  0.000000e+00
     vertex  1.569695e+01  0.000000e+00  5.098712e+00
     vertex  1.569906e+01  0.000000e+00  5.054864e+00
   endloop
 endfacet
 facet normal  0.000000e+00 -1.000000e+00  0.000000e+00
   outer loop
     vertex  2.820000e+01  0.000000e+00  0.000000e+00
     vertex  1.569906e+01  0.000000e+00  5.054864e+00
     vertex  1.569996e+01  0.000000e+00  5.010975e+00
   endloop
 endfacet
 facet normal  0.000000e+00 -1.000000e+00  0.000000e+00
   outer loop
     vertex  2.820000e+01  0.000000e+00  0.000000e+00
     vertex  1.569996e+01  0.000000e+00  5.010975e+00
     vertex  1.569966e+01  0.000000e+00  4.967077e+00
   endloop
 endfacet
 facet normal  0.000000e+00 -1.000000e+00  0.000000e+00
   outer loop
     vertex  2.820000e+01  0.000000e+00  0.000000e+00
     vertex  1.569966e+01  0.000000e+00  4.967077e+00
     vertex  1.569816e+01  0.000000e+00  4.923205e+00
   endloop
 endfacet
 facet normal  0.000000e+00 -1.000000e+00  0.000000e+00
   outer loop
     vertex  2.820000e+01  0.000000e+00  0.000000e+00
     vertex  1.569816e+01  0.000000e+00  4.923205e+00
     vertex  1.569545e+01  0.000000e+00  4.879390e+00
   endloop
 endfacet
 facet normal  0.000000e+00 -1.000000e+00  0.000000e+00
   outer loop
     vertex  2.820000e+01  0.000000e+00  0.000000e+00
     vertex  1.569545e+01  0.000000e+00  4.879390e+00
     vertex  1.569154e+01  0.000000e+00  4.835665e+00
   endloop
 endfacet
 facet normal  0.000000e+00 -1.000000e+00  0.000000e+00
   outer loop
     vertex  2.820000e+01  0.000000e+00  0.000000e+00
     vertex  1.569154e+01  0.000000e+00  4.835665e+00
     vertex  1.568643e+01  0.000000e+00  4.792065e+00
   endloop
 endfacet
 facet normal  0.000000e+00 -1.000000e+00  0.000000e+00
   outer loop
     vertex  2.820000e+01  0.000000e+00  0.000000e+00
     vertex  1.568643e+01  0.000000e+00  4.792065e+00
     vertex  1.568013e+01  0.000000e+00  4.748621e+00
   endloop
 endfacet
 facet normal  0.000000e+00 -1.000000e+00  0.000000e+00
   outer loop
     vertex  2.820000e+01  0.000000e+00  0.000000e+00
     vertex  1.568013e+01  0.000000e+00  4.748621e+00
     vertex  1.567264e+01  0.000000e+00  4.705366e+00
   endloop
 endfacet
 facet normal  0.000000e+00 -1.000000e+00  0.000000e+00
   outer loop
     vertex  2.820000e+01  0.000000e+00  0.000000e+00
     vertex  1.567264e+01  0.000000e+00  4.705366e+00
     vertex  1.566396e+01  0.000000e+00  4.662333e+00
   endloop
 endfacet
 facet normal  0.000000e+00 -1.000000e+00  0.000000e+00
   outer loop
     vertex  2.820000e+01  0.000000e+00  0.000000e+00
     vertex  1.566396e+01  0.000000e+00  4.662333e+00
     vertex  1.565411e+01  0.000000e+00  4.619555e+00
   endloop
 endfacet
 facet normal  0.000000e+00 -1.000000e+00  0.000000e+00
   outer loop
     vertex  2.820000e+01  0.000000e+00  0.000000e+00
     vertex  1.565411e+01  0.000000e+00  4.619555e+00
     vertex  1.564309e+01  0.000000e+00  4.577062e+00
   endloop
 endfacet
 facet normal  0.000000e+00 -1.000000e+00  0.000000e+00
   outer loop
     vertex  2.820000e+01  0.000000e+00  0.000000e+00
     vertex  1.564309e+01  0.000000e+00  4.577062e+00
     vertex  1.563091e+01  0.000000e+00  4.534888e+00
   endloop
 endfacet
 facet normal  0.000000e+00 -1.000000e+00  0.000000e+00
   outer loop
     vertex  2.820000e+01  0.000000e+00  0.000000e+00
     vertex  1.563091e+01  0.000000e+00  4.534888e+00
     vertex  1.561757e+01  0.000000e+00  4.493064e+00
   endloop
 endfacet
 facet normal  0.000000e+00 -1.000000e+00  0.000000e+00
   outer loop
     vertex  2.820000e+01  0.000000e+00  0.000000e+00
     vertex  1.561757e+01  0.000000e+00  4.493064e+00
     vertex  1.560309e+01  0.000000e+00  4.451622e+00
   endloop
 endfacet
 facet normal  0.000000e+00 -1.000000e+00  0.000000e+00
   outer loop
     vertex  2.820000e+01  0.000000e+00  0.000000e+00
     vertex  1.560309e+01  0.000000e+00  4.451622e+00
     vertex  1.558748e+01  0.000000e+00  4.410593e+00
   endloop
 endfacet
 facet normal  0.000000e+00 -1.000000e+00  0.000000e+00
   outer loop
     vertex  2.820000e+01  0.000000e+00  0.000000e+00
     vertex  1.558748e+01  0.000000e+00  4.410593e+00
     vertex  1.557075e+01  0.000000e+00  4.370007e+00
   endloop
 endfacet
 facet normal  0.000000e+00 -1.000000e+00  0.000000e+00
   outer loop
     vertex  2.820000e+01  0.000000e+00  0.000000e+00
     vertex  1.557075e+01  0.000000e+00  4.370007e+00
     vertex  1.555291e+01  0.000000e+00  4.329895e+00
   endloop
 endfacet
 facet normal  0.000000e+00 -1.000000e+00  0.000000e+00
   outer loop
     vertex  2.820000e+01  0.000000e+00  0.000000e+00
     vertex  1.555291e+01  0.000000e+00  4.329895e+00
     vertex  1.553398e+01  0.000000e+00  4.290288e+00
   endloop
 endfacet
 facet normal  0.000000e+00 -1.000000e+00  0.000000e+00
   outer loop
     vertex  2.820000e+01  0.000000e+00  0.000000e+00
     vertex  1.553398e+01  0.000000e+00  4.290288e+00
     vertex  1.551397e+01  0.000000e+00  4.251215e+00
   endloop
 endfacet
 facet normal  0.000000e+00 -1.000000e+00  0.000000e+00
   outer loop
     vertex  2.820000e+01  0.000000e+00  0.000000e+00
     vertex  1.551397e+01  0.000000e+00  4.251215e+00
     vertex  1.549290e+01  0.000000e+00  4.212706e+00
   endloop
 endfacet
 facet normal  0.000000e+00 -1.000000e+00  0.000000e+00
   outer loop
     vertex  2.820000e+01  0.000000e+00  0.000000e+00
     vertex  1.549290e+01  0.000000e+00  4.212706e+00
     vertex  1.547078e+01  0.000000e+00  4.174790e+00
   endloop
 endfacet
 facet normal  0.000000e+00 -1.000000e+00  0.000000e+00
   outer loop
     vertex  2.820000e+01  0.000000e+00  0.000000e+00
     vertex  1.547078e+01  0.000000e+00  4.174790e+00
     vertex  1.544762e+01  0.000000e+00  4.137494e+00
   endloop
 endfacet
 facet normal  0.000000e+00 -1.000000e+00  0.000000e+00
   outer loop
     vertex  2.820000e+01  0.000000e+00  0.000000e+00
     vertex  1.544762e+01  0.000000e+00  4.137494e+00
     vertex  1.542345e+01  0.000000e+00  4.100848e+00
   endloop
 endfacet
 facet normal  0.000000e+00 -1.000000e+00  0.000000e+00
   outer loop
     vertex  2.820000e+01  0.000000e+00  0.000000e+00
     vertex  1.542345e+01  0.000000e+00  4.100848e+00
     vertex  1.539829e+01  0.000000e+00  4.064879e+00
   endloop
 endfacet
 facet normal  0.000000e+00 -1.000000e+00  0.000000e+00
   outer loop
     vertex  2.820000e+01  0.000000e+00  0.000000e+00
     vertex  1.539829e+01  0.000000e+00  4.064879e+00
     vertex  1.537214e+01  0.000000e+00  4.029614e+00
   endloop
 endfacet
 facet normal  0.000000e+00 -1.000000e+00  0.000000e+00
   outer loop
     vertex  2.820000e+01  0.000000e+00  0.000000e+00
     vertex  1.537214e+01  0.000000e+00  4.029614e+00
     vertex  1.534504e+01  0.000000e+00  3.995079e+00
   endloop
 endfacet
 facet normal  0.000000e+00 -1.000000e+00  0.000000e+00
   outer loop
     vertex  2.820000e+01  0.000000e+00  0.000000e+00
     vertex  1.534504e+01  0.000000e+00  3.995079e+00
     vertex  1.531701e+01  0.000000e+00  3.961300e+00
   endloop
 endfacet
 facet normal  0.000000e+00 -1.000000e+00  0.000000e+00
   outer loop
     vertex  2.820000e+01  0.000000e+00  0.000000e+00
     vertex  1.531701e+01  0.000000e+00  3.961300e+00
     vertex  1.528805e+01  0.000000e+00  3.928304e+00
   endloop
 endfacet
 facet normal  0.000000e+00 -1.000000e+00  0.000000e+00
   outer loop
     vertex  2.820000e+01  0.000000e+00  0.000000e+00
     vertex  1.528805e+01  0.000000e+00  3.928304e+00
     vertex  1.525820e+01  0.000000e+00  3.896114e+00
   endloop
 endfacet
 facet normal  0.000000e+00 -1.000000e+00  0.000000e+00
   outer loop
     vertex  2.820000e+01  0.000000e+00  0.000000e+00
     vertex  1.525820e+01  0.000000e+00  3.896114e+00
     vertex  1.522748e+01  0.000000e+00  3.864756e+00
   endloop
 endfacet
 facet normal  0.000000e+00 -1.000000e+00  0.000000e+00
   outer loop
     vertex  2.820000e+01  0.000000e+00  0.000000e+00
     vertex  1.522748e+01  0.000000e+00  3.864756e+00
     vertex  1.519592e+01  0.000000e+00  3.834251e+00
   endloop
 endfacet
 facet normal  0.000000e+00 -1.000000e+00  0.000000e+00
   outer loop
     vertex  2.820000e+01  0.000000e+00  0.000000e+00
     vertex  1.519592e+01  0.000000e+00  3.834251e+00
     vertex  1.516352e+01  0.000000e+00  3.804625e+00
   endloop
 endfacet
 facet normal  0.000000e+00 -1.000000e+00  0.000000e+00
   outer loop
     vertex  2.820000e+01  0.000000e+00  0.000000e+00
     vertex  1.516352e+01  0.000000e+00  3.804625e+00
     vertex  1.513033e+01  0.000000e+00  3.775898e+00
   endloop
 endfacet
 facet normal  0.000000e+00 -1.000000e+00  0.000000e+00
   outer loop
     vertex  2.820000e+01  0.000000e+00  0.000000e+00
     vertex  1.513033e+01  0.000000e+00  3.775898e+00
     vertex  1.509636e+01  0.000000e+00  3.748093e+00
   endloop
 endfacet
 facet normal  0.000000e+00 -1.000000e+00  0.000000e+00
   outer loop
     vertex  2.820000e+01  0.000000e+00  0.000000e+00
     vertex  1.509636e+01  0.000000e+00  3.748093e+00
     vertex  1.506164e+01  0.000000e+00  3.721230e+00
   endloop
 endfacet
 facet normal  0.000000e+00 -1.000000e+00  0.000000e+00
   outer loop
     vertex  2.820000e+01  0.000000e+00  0.000000e+00
     vertex  1.506164e+01  0.000000e+00  3.721230e+00
     vertex  1.502619e+01  0.000000e+00  3.695329e+00
   endloop
 endfacet
 facet normal  0.000000e+00 -1.000000e+00  0.000000e+00
   outer loop
     vertex  1.198597e+01  0.000000e+00  1.787142e+01
     vertex  1.281466e+01  0.000000e+00  5.952843e+00
     vertex  1.284129e+01  0.000000e+00  5.987747e+00
   endloop
 endfacet
 facet normal  0.000000e+00 -1.000000e+00  0.000000e+00
   outer loop
     vertex  1.192837e+01  0.000000e+00  1.793021e+01
     vertex  1.278901e+01  0.000000e+00  5.917223e+00
     vertex  1.281466e+01  0.000000e+00  5.952843e+00
   endloop
 endfacet
 facet normal  0.000000e+00 -1.000000e+00  0.000000e+00
   outer loop
     vertex  1.192837e+01  0.000000e+00  1.793021e+01
     vertex  1.281466e+01  0.000000e+00  5.952843e+00
     vertex  1.198597e+01  0.000000e+00  1.787142e+01
   endloop
 endfacet
 facet normal  0.000000e+00 -1.000000e+00  0.000000e+00
   outer loop
     vertex  1.204516e+01  0.000000e+00  1.781422e+01
     vertex  1.284129e+01  0.000000e+00  5.987747e+00
     vertex  1.286886e+01  0.000000e+00  6.021907e+00
   endloop
 endfacet
 facet normal -0.000000e+00 -1.000000e+00 -0.000000e+00
   outer loop
     vertex  1.204516e+01  0.000000e+00  1.781422e+01
     vertex  1.198597e+01  0.000000e+00  1.787142e+01
     vertex  1.284129e+01  0.000000e+00  5.987747e+00
   endloop
 endfacet
 facet normal  0.000000e+00 -1.000000e+00  0.000000e+00
   outer loop
     vertex  1.187240e+01  0.000000e+00  1.799057e+01
     vertex  1.276434e+01  0.000000e+00  5.880912e+00
     vertex  1.278901e+01  0.000000e+00  5.917223e+00
   endloop
 endfacet
 facet normal  0.000000e+00 -1.000000e+00  0.000000e+00
   outer loop
     vertex  1.187240e+01  0.000000e+00  1.799057e+01
     vertex  1.278901e+01  0.000000e+00  5.917223e+00
     vertex  1.192837e+01  0.000000e+00  1.793021e+01
   endloop
 endfacet
 facet normal  0.000000e+00 -1.000000e+00  0.000000e+00
   outer loop
     vertex  1.210590e+01  0.000000e+00  1.775867e+01
     vertex  1.286886e+01  0.000000e+00  6.021907e+00
     vertex  1.289736e+01  0.000000e+00  6.055297e+00
   endloop
 endfacet
 facet normal -0.000000e+00 -1.000000e+00 -0.000000e+00
   outer loop
     vertex  1.210590e+01  0.000000e+00  1.775867e+01
     vertex  1.204516e+01  0.000000e+00  1.781422e+01
     vertex  1.286886e+01  0.000000e+00  6.021907e+00
   endloop
 endfacet
 facet normal  0.000000e+00 -1.000000e+00  0.000000e+00
   outer loop
     vertex  1.181811e+01  0.000000e+00  1.805244e+01
     vertex  1.276434e+01  0.000000e+00  5.880912e+00
     vertex  1.187240e+01  0.000000e+00  1.799057e+01
   endloop
 endfacet
 facet normal  0.000000e+00 -1.000000e+00  0.000000e+00
   outer loop
     vertex  1.181811e+01  0.000000e+00  1.805244e+01
     vertex  1.271803e+01  0.000000e+00  5.806328e+00
     vertex  1.274067e+01  0.000000e+00  5.843938e+00
   endloop
 endfacet
 facet normal  0.000000e+00 -1.000000e+00  0.000000e+00
   outer loop
     vertex  1.181811e+01  0.000000e+00  1.805244e+01
     vertex  1.274067e+01  0.000000e+00  5.843938e+00
     vertex  1.276434e+01  0.000000e+00  5.880912e+00
   endloop
 endfacet
 facet normal  0.000000e+00 -1.000000e+00  0.000000e+00
   outer loop
     vertex  1.216814e+01  0.000000e+00  1.770481e+01
     vertex  1.289736e+01  0.000000e+00  6.055297e+00
     vertex  1.292676e+01  0.000000e+00  6.087893e+00
   endloop
 endfacet
 facet normal -0.000000e+00 -1.000000e+00 -0.000000e+00
   outer loop
     vertex  1.216814e+01  0.000000e+00  1.770481e+01
     vertex  1.210590e+01  0.000000e+00  1.775867e+01
     vertex  1.289736e+01  0.000000e+00  6.055297e+00
   endloop
 endfacet
 facet normal  0.000000e+00 -1.000000e+00  0.000000e+00
   outer loop
     vertex  1.176554e+01  0.000000e+00  1.811577e+01
     vertex  1.271803e+01  0.000000e+00  5.806328e+00
     vertex  1.181811e+01  0.000000e+00  1.805244e+01
   endloop
 endfacet
 facet normal  0.000000e+00 -1.000000e+00  0.000000e+00
   outer loop
     vertex  1.176554e+01  0.000000e+00  1.811577e+01
     vertex  1.269643e+01  0.000000e+00  5.768112e+00
     vertex  1.271803e+01  0.000000e+00  5.806328e+00
   endloop
 endfacet
 facet normal  0.000000e+00 -1.000000e+00  0.000000e+00
   outer loop
     vertex  1.223183e+01  0.000000e+00  1.765267e+01
     vertex  1.292676e+01  0.000000e+00  6.087893e+00
     vertex  1.295705e+01  0.000000e+00  6.119670e+00
   endloop
 endfacet
 facet normal  0.000000e+00 -1.000000e+00  0.000000e+00
   outer loop
     vertex  1.223183e+01  0.000000e+00  1.765267e+01
     vertex  1.295705e+01  0.000000e+00  6.119670e+00
     vertex  1.298820e+01  0.000000e+00  6.150605e+00
   endloop
 endfacet
 facet normal -0.000000e+00 -1.000000e+00 -0.000000e+00
   outer loop
     vertex  1.223183e+01  0.000000e+00  1.765267e+01
     vertex  1.216814e+01  0.000000e+00  1.770481e+01
     vertex  1.292676e+01  0.000000e+00  6.087893e+00
   endloop
 endfacet
 facet normal  0.000000e+00 -1.000000e+00  0.000000e+00
   outer loop
     vertex  1.171473e+01  0.000000e+00  1.818053e+01
     vertex  1.269643e+01  0.000000e+00  5.768112e+00
     vertex  1.176554e+01  0.000000e+00  1.811577e+01
   endloop
 endfacet
 facet normal  0.000000e+00 -1.000000e+00 -0.000000e+00
   outer loop
     vertex  1.171473e+01  0.000000e+00  1.818053e+01
     vertex  0.000000e+00  0.000000e+00  0.000000e+00
     vertex  1.269643e+01  0.000000e+00  5.768112e+00
   endloop
 endfacet
 facet normal  0.000000e+00 -1.000000e+00  0.000000e+00
   outer loop
     vertex  1.229693e+01  0.000000e+00  1.760231e+01
     vertex  1.298820e+01  0.000000e+00  6.150605e+00
     vertex  1.302018e+01  0.000000e+00  6.180673e+00
   endloop
 endfacet
 facet normal -0.000000e+00 -1.000000e+00 -0.000000e+00
   outer loop
     vertex  1.229693e+01  0.000000e+00  1.760231e+01
     vertex  1.223183e+01  0.000000e+00  1.765267e+01
     vertex  1.298820e+01  0.000000e+00  6.150605e+00
   endloop
 endfacet
 facet normal  0.000000e+00 -1.000000e+00 -0.000000e+00
   outer loop
     vertex  1.166571e+01  0.000000e+00  1.824665e+01
     vertex  0.000000e+00  0.000000e+00  0.000000e+00
     vertex  1.171473e+01  0.000000e+00  1.818053e+01
   endloop
 endfacet
 facet normal -0.000000e+00 -1.000000e+00 -0.000000e+00
   outer loop
     vertex  1.236339e+01  0.000000e+00  1.755374e+01
     vertex  1.229693e+01  0.000000e+00  1.760231e+01
     vertex  1.302018e+01  0.000000e+00  6.180673e+00
   endloop
 endfacet
 facet normal  0.000000e+00 -1.000000e+00  0.000000e+00
   outer loop
     vertex  1.236339e+01  0.000000e+00  1.755374e+01
     vertex  1.302018e+01  0.000000e+00  6.180673e+00
     vertex  1.305298e+01  0.000000e+00  6.209852e+00
   endloop
 endfacet
 facet normal  0.000000e+00 -1.000000e+00 -0.000000e+00
   outer loop
     vertex  1.161853e+01  0.000000e+00  1.831409e+01
     vertex  0.000000e+00  0.000000e+00  0.000000e+00
     vertex  1.166571e+01  0.000000e+00  1.824665e+01
   endloop
 endfacet
 facet normal  0.000000e+00 -1.000000e+00  0.000000e+00
   outer loop
     vertex  1.243115e+01  0.000000e+00  1.750702e+01
     vertex  1.305298e+01  0.000000e+00  6.209852e+00
     vertex  1.308656e+01  0.000000e+00  6.238121e+00
   endloop
 endfacet
 facet normal -0.000000e+00 -1.000000e+00 -0.000000e+00
   outer loop
     vertex  1.243115e+01  0.000000e+00  1.750702e+01
     vertex  1.236339e+01  0.000000e+00  1.755374e+01
     vertex  1.305298e+01  0.000000e+00  6.209852e+00
   endloop
 endfacet
 facet normal  0.000000e+00 -1.000000e+00 -0.000000e+00
   outer loop
     vertex  1.157321e+01  0.000000e+00  1.838280e+01
     vertex  0.000000e+00  0.000000e+00  0.000000e+00
     vertex  1.161853e+01  0.000000e+00  1.831409e+01
   endloop
 endfacet
 facet normal  0.000000e+00 -1.000000e+00  0.000000e+00
   outer loop
     vertex  1.250017e+01  0.000000e+00  1.746218e+01
     vertex  1.308656e+01  0.000000e+00  6.238121e+00
     vertex  1.312091e+01  0.000000e+00  6.265458e+00
   endloop
 endfacet
 facet normal -0.000000e+00 -1.000000e+00 -0.000000e+00
   outer loop
     vertex  1.250017e+01  0.000000e+00  1.746218e+01
     vertex  1.243115e+01  0.000000e+00  1.750702e+01
     vertex  1.308656e+01  0.000000e+00  6.238121e+00
   endloop
 endfacet
 facet normal  0.000000e+00 -1.000000e+00 -0.000000e+00
   outer loop
     vertex  1.152979e+01  0.000000e+00  1.845273e+01
     vertex  0.000000e+00  0.000000e+00  0.000000e+00
     vertex  1.157321e+01  0.000000e+00  1.838280e+01
   endloop
 endfacet
 facet normal  0.000000e+00 -1.000000e+00  0.000000e+00
   outer loop
     vertex  1.257040e+01  0.000000e+00  1.741924e+01
     vertex  1.312091e+01  0.000000e+00  6.265458e+00
     vertex  1.315600e+01  0.000000e+00  6.291842e+00
   endloop
 endfacet
 facet normal -0.000000e+00 -1.000000e+00 -0.000000e+00
   outer loop
     vertex  1.257040e+01  0.000000e+00  1.741924e+01
     vertex  1.250017e+01  0.000000e+00  1.746218e+01
     vertex  1.312091e+01  0.000000e+00  6.265458e+00
   endloop
 endfacet
 facet normal  0.000000e+00 -1.000000e+00 -0.000000e+00
   outer loop
     vertex  1.148831e+01  0.000000e+00  1.852382e+01
     vertex  0.000000e+00  0.000000e+00  0.000000e+00
     vertex  1.152979e+01  0.000000e+00  1.845273e+01
   endloop
 endfacet
 facet normal  0.000000e+00 -1.000000e+00  0.000000e+00
   outer loop
     vertex  1.264177e+01  0.000000e+00  1.737825e+01
     vertex  1.315600e+01  0.000000e+00  6.291842e+00
     vertex  1.319179e+01  0.000000e+00  6.317254e+00
   endloop
 endfacet
 facet normal -0.000000e+00 -1.000000e+00 -0.000000e+00
   outer loop
     vertex  1.264177e+01  0.000000e+00  1.737825e+01
     vertex  1.257040e+01  0.000000e+00  1.741924e+01
     vertex  1.315600e+01  0.000000e+00  6.291842e+00
   endloop
 endfacet
 facet normal  0.000000e+00 -1.000000e+00 -0.000000e+00
   outer loop
     vertex  1.144880e+01  0.000000e+00  1.859603e+01
     vertex  0.000000e+00  0.000000e+00  0.000000e+00
     vertex  1.148831e+01  0.000000e+00  1.852382e+01
   endloop
 endfacet
 facet normal -0.000000e+00 -1.000000e+00 -0.000000e+00
   outer loop
     vertex  1.271425e+01  0.000000e+00  1.733923e+01
     vertex  1.264177e+01  0.000000e+00  1.737825e+01
     vertex  1.319179e+01  0.000000e+00  6.317254e+00
   endloop
 endfacet
 facet normal  0.000000e+00 -1.000000e+00  0.000000e+00
   outer loop
     vertex  1.271425e+01  0.000000e+00  1.733923e+01
     vertex  1.319179e+01  0.000000e+00  6.317254e+00
     vertex  1.322827e+01  0.000000e+00  6.341674e+00
   endloop
 endfacet
 facet normal  0.000000e+00 -1.000000e+00  0.000000e+00
   outer loop
     vertex  1.271425e+01  0.000000e+00  1.733923e+01
     vertex  1.322827e+01  0.000000e+00  6.341674e+00
     vertex  1.326541e+01  0.000000e+00  6.365084e+00
   endloop
 endfacet
 facet normal  0.000000e+00 -1.000000e+00 -0.000000e+00
   outer loop
     vertex  1.141128e+01  0.000000e+00  1.866929e+01
     vertex  0.000000e+00  0.000000e+00  0.000000e+00
     vertex  1.144880e+01  0.000000e+00  1.859603e+01
   endloop
 endfacet
 facet normal -0.000000e+00 -1.000000e+00 -0.000000e+00
   outer loop
     vertex  1.278776e+01  0.000000e+00  1.730222e+01
     vertex  1.271425e+01  0.000000e+00  1.733923e+01
     vertex  1.326541e+01  0.000000e+00  6.365084e+00
   endloop
 endfacet
 facet normal  0.000000e+00 -1.000000e+00  0.000000e+00
   outer loop
     vertex  1.278776e+01  0.000000e+00  1.730222e+01
     vertex  1.326541e+01  0.000000e+00  6.365084e+00
     vertex  1.330317e+01  0.000000e+00  6.387466e+00
   endloop
 endfacet
 facet normal  0.000000e+00 -1.000000e+00 -0.000000e+00
   outer loop
     vertex  1.137579e+01  0.000000e+00  1.874355e+01
     vertex  0.000000e+00  0.000000e+00  0.000000e+00
     vertex  1.141128e+01  0.000000e+00  1.866929e+01
   endloop
 endfacet
 facet normal  0.000000e+00 -1.000000e+00  0.000000e+00
   outer loop
     vertex  1.286227e+01  0.000000e+00  1.726723e+01
     vertex  1.330317e+01  0.000000e+00  6.387466e+00
     vertex  1.334153e+01  0.000000e+00  6.408804e+00
   endloop
 endfacet
 facet normal -0.000000e+00 -1.000000e+00 -0.000000e+00
   outer loop
     vertex  1.286227e+01  0.000000e+00  1.726723e+01
     vertex  1.278776e+01  0.000000e+00  1.730222e+01
     vertex  1.330317e+01  0.000000e+00  6.387466e+00
   endloop
 endfacet
 facet normal  0.000000e+00 -1.000000e+00 -0.000000e+00
   outer loop
     vertex  1.134234e+01  0.000000e+00  1.881876e+01
     vertex  0.000000e+00  0.000000e+00  0.000000e+00
     vertex  1.137579e+01  0.000000e+00  1.874355e+01
   endloop
 endfacet
 facet normal  0.000000e+00 -1.000000e+00  0.000000e+00
   outer loop
     vertex  1.293771e+01  0.000000e+00  1.723430e+01
     vertex  1.334153e+01  0.000000e+00  6.408804e+00
     vertex  1.338047e+01  0.000000e+00  6.429082e+00
   endloop
 endfacet
 facet normal -0.000000e+00 -1.000000e+00 -0.000000e+00
   outer loop
     vertex  1.293771e+01  0.000000e+00  1.723430e+01
     vertex  1.286227e+01  0.000000e+00  1.726723e+01
     vertex  1.334153e+01  0.000000e+00  6.408804e+00
   endloop
 endfacet
 facet normal  0.000000e+00 -1.000000e+00 -0.000000e+00
   outer loop
     vertex  1.131097e+01  0.000000e+00  1.889486e+01
     vertex  0.000000e+00  0.000000e+00  0.000000e+00
     vertex  1.134234e+01  0.000000e+00  1.881876e+01
   endloop
 endfacet
 facet normal -0.000000e+00 -1.000000e+00 -0.000000e+00
   outer loop
     vertex  1.301402e+01  0.000000e+00  1.720346e+01
     vertex  1.293771e+01  0.000000e+00  1.723430e+01
     vertex  1.338047e+01  0.000000e+00  6.429082e+00
   endloop
 endfacet
 facet normal  0.000000e+00 -1.000000e+00  0.000000e+00
   outer loop
     vertex  1.301402e+01  0.000000e+00  1.720346e+01
     vertex  1.338047e+01  0.000000e+00  6.429082e+00
     vertex  1.341995e+01  0.000000e+00  6.448284e+00
   endloop
 endfacet
 facet normal  0.000000e+00 -1.000000e+00 -0.000000e+00
   outer loop
     vertex  1.128170e+01  0.000000e+00  1.897179e+01
     vertex  0.000000e+00  0.000000e+00  0.000000e+00
     vertex  1.131097e+01  0.000000e+00  1.889486e+01
   endloop
 endfacet
 facet normal -0.000000e+00 -1.000000e+00 -0.000000e+00
   outer loop
     vertex  1.309115e+01  0.000000e+00  1.717472e+01
     vertex  1.301402e+01  0.000000e+00  1.720346e+01
     vertex  1.341995e+01  0.000000e+00  6.448284e+00
   endloop
 endfacet
 facet normal  0.000000e+00 -1.000000e+00  0.000000e+00
   outer loop
     vertex  1.309115e+01  0.000000e+00  1.717472e+01
     vertex  1.341995e+01  0.000000e+00  6.448284e+00
     vertex  1.345993e+01  0.000000e+00  6.466395e+00
   endloop
 endfacet
 facet normal  0.000000e+00 -1.000000e+00  0.000000e+00
   outer loop
     vertex  1.309115e+01  0.000000e+00  1.717472e+01
     vertex  1.345993e+01  0.000000e+00  6.466395e+00
     vertex  1.350040e+01  0.000000e+00  6.483403e+00
   endloop
 endfacet
 facet normal  0.000000e+00 -1.000000e+00 -0.000000e+00
   outer loop
     vertex  1.125456e+01  0.000000e+00  1.904950e+01
     vertex  0.000000e+00  0.000000e+00  0.000000e+00
     vertex  1.128170e+01  0.000000e+00  1.897179e+01
   endloop
 endfacet
 facet normal -0.000000e+00 -1.000000e+00 -0.000000e+00
   outer loop
     vertex  1.316904e+01  0.000000e+00  1.714810e+01
     vertex  1.309115e+01  0.000000e+00  1.717472e+01
     vertex  1.350040e+01  0.000000e+00  6.483403e+00
   endloop
 endfacet
 facet normal  0.000000e+00 -1.000000e+00  0.000000e+00
   outer loop
     vertex  1.316904e+01  0.000000e+00  1.714810e+01
     vertex  1.350040e+01  0.000000e+00  6.483403e+00
     vertex  1.354132e+01  0.000000e+00  6.499294e+00
   endloop
 endfacet
 facet normal  0.000000e+00 -1.000000e+00 -0.000000e+00
   outer loop
     vertex  1.122955e+01  0.000000e+00  1.912792e+01
     vertex  0.000000e+00  0.000000e+00  0.000000e+00
     vertex  1.125456e+01  0.000000e+00  1.904950e+01
   endloop
 endfacet
 facet normal  0.000000e+00 -1.000000e+00  0.000000e+00
   outer loop
     vertex  1.324763e+01  0.000000e+00  1.712364e+01
     vertex  1.354132e+01  0.000000e+00  6.499294e+00
     vertex  1.358267e+01  0.000000e+00  6.514056e+00
   endloop
 endfacet
 facet normal -0.000000e+00 -1.000000e+00 -0.000000e+00
   outer loop
     vertex  1.324763e+01  0.000000e+00  1.712364e+01
     vertex  1.316904e+01  0.000000e+00  1.714810e+01
     vertex  1.354132e+01  0.000000e+00  6.499294e+00
   endloop
 endfacet
 facet normal  0.000000e+00 -1.000000e+00 -0.000000e+00
   outer loop
     vertex  1.120671e+01  0.000000e+00  1.920699e+01
     vertex  0.000000e+00  0.000000e+00  0.000000e+00
     vertex  1.122955e+01  0.000000e+00  1.912792e+01
   endloop
 endfacet
 facet normal -0.000000e+00 -1.000000e+00 -0.000000e+00
   outer loop
     vertex  1.332686e+01  0.000000e+00  1.710134e+01
     vertex  1.324763e+01  0.000000e+00  1.712364e+01
     vertex  1.358267e+01  0.000000e+00  6.514056e+00
   endloop
 endfacet
 facet normal  0.000000e+00 -1.000000e+00  0.000000e+00
   outer loop
     vertex  1.332686e+01  0.000000e+00  1.710134e+01
     vertex  1.358267e+01  0.000000e+00  6.514056e+00
     vertex  1.362440e+01  0.000000e+00  6.527679e+00
   endloop
 endfacet
 facet normal  0.000000e+00 -1.000000e+00 -0.000000e+00
   outer loop
     vertex  1.118604e+01  0.000000e+00  1.928666e+01
     vertex  0.000000e+00  0.000000e+00  0.000000e+00
     vertex  1.120671e+01  0.000000e+00  1.920699e+01
   endloop
 endfacet
 facet normal  0.000000e+00 -1.000000e+00  0.000000e+00
   outer loop
     vertex  1.340667e+01  0.000000e+00  1.708122e+01
     vertex  1.362440e+01  0.000000e+00  6.527679e+00
     vertex  1.366649e+01  0.000000e+00  6.540152e+00
   endloop
 endfacet
 facet normal -0.000000e+00 -1.000000e+00 -0.000000e+00
   outer loop
     vertex  1.340667e+01  0.000000e+00  1.708122e+01
     vertex  1.332686e+01  0.000000e+00  1.710134e+01
     vertex  1.362440e+01  0.000000e+00  6.527679e+00
   endloop
 endfacet
 facet normal  0.000000e+00 -1.000000e+00 -0.000000e+00
   outer loop
     vertex  1.116757e+01  0.000000e+00  1.936687e+01
     vertex  0.000000e+00  0.000000e+00  0.000000e+00
     vertex  1.118604e+01  0.000000e+00  1.928666e+01
   endloop
 endfacet
 facet normal  0.000000e+00 -1.000000e+00  0.000000e+00
   outer loop
     vertex  1.348700e+01  0.000000e+00  1.706330e+01
     vertex  1.366649e+01  0.000000e+00  6.540152e+00
     vertex  1.370890e+01  0.000000e+00  6.551465e+00
   endloop
 endfacet
 facet normal  0.000000e+00 -1.000000e+00  0.000000e+00
   outer loop
     vertex  1.348700e+01  0.000000e+00  1.706330e+01
     vertex  1.370890e+01  0.000000e+00  6.551465e+00
     vertex  1.375161e+01  0.000000e+00  6.561610e+00
   endloop
 endfacet
 facet normal -0.000000e+00 -1.000000e+00 -0.000000e+00
   outer loop
     vertex  1.348700e+01  0.000000e+00  1.706330e+01
     vertex  1.340667e+01  0.000000e+00  1.708122e+01
     vertex  1.366649e+01  0.000000e+00  6.540152e+00
   endloop
 endfacet
 facet normal  0.000000e+00 -1.000000e+00 -0.000000e+00
   outer loop
     vertex  1.115130e+01  0.000000e+00  1.944756e+01
     vertex  0.000000e+00  0.000000e+00  0.000000e+00
     vertex  1.116757e+01  0.000000e+00  1.936687e+01
   endloop
 endfacet
 facet normal  0.000000e+00 -1.000000e+00  0.000000e+00
   outer loop
     vertex  1.356780e+01  0.000000e+00  1.704758e+01
     vertex  1.375161e+01  0.000000e+00  6.561610e+00
     vertex  1.379459e+01  0.000000e+00  6.570580e+00
   endloop
 endfacet
 facet normal -0.000000e+00 -1.000000e+00 -0.000000e+00
   outer loop
     vertex  1.356780e+01  0.000000e+00  1.704758e+01
     vertex  1.348700e+01  0.000000e+00  1.706330e+01
     vertex  1.375161e+01  0.000000e+00  6.561610e+00
   endloop
 endfacet
 facet normal  0.000000e+00 -1.000000e+00 -0.000000e+00
   outer loop
     vertex  1.113726e+01  0.000000e+00  1.952866e+01
     vertex  0.000000e+00  0.000000e+00  0.000000e+00
     vertex  1.115130e+01  0.000000e+00  1.944756e+01
   endloop
 endfacet
 facet normal  0.000000e+00 -1.000000e+00  0.000000e+00
   outer loop
     vertex  1.364900e+01  0.000000e+00  1.703409e+01
     vertex  1.379459e+01  0.000000e+00  6.570580e+00
     vertex  1.383779e+01  0.000000e+00  6.578368e+00
   endloop
 endfacet
 facet normal -0.000000e+00 -1.000000e+00 -0.000000e+00
   outer loop
     vertex  1.364900e+01  0.000000e+00  1.703409e+01
     vertex  1.356780e+01  0.000000e+00  1.704758e+01
     vertex  1.379459e+01  0.000000e+00  6.570580e+00
   endloop
 endfacet
 facet normal  0.000000e+00 -1.000000e+00 -0.000000e+00
   outer loop
     vertex  1.112544e+01  0.000000e+00  1.961012e+01
     vertex  0.000000e+00  0.000000e+00  0.000000e+00
     vertex  1.113726e+01  0.000000e+00  1.952866e+01
   endloop
 endfacet
 facet normal  0.000000e+00 -1.000000e+00  0.000000e+00
   outer loop
     vertex  1.373053e+01  0.000000e+00  1.702284e+01
     vertex  1.383779e+01  0.000000e+00  6.578368e+00
     vertex  1.388119e+01  0.000000e+00  6.584967e+00
   endloop
 endfacet
 facet normal -0.000000e+00 -1.000000e+00 -0.000000e+00
   outer loop
     vertex  1.373053e+01  0.000000e+00  1.702284e+01
     vertex  1.364900e+01  0.000000e+00  1.703409e+01
     vertex  1.383779e+01  0.000000e+00  6.578368e+00
   endloop
 endfacet
 facet normal  0.000000e+00 -1.000000e+00 -0.000000e+00
   outer loop
     vertex  1.111587e+01  0.000000e+00  1.969187e+01
     vertex  0.000000e+00  0.000000e+00  0.000000e+00
     vertex  1.112544e+01  0.000000e+00  1.961012e+01
   endloop
 endfacet
 facet normal  0.000000e+00 -1.000000e+00  0.000000e+00
   outer loop
     vertex  1.381235e+01  0.000000e+00  1.701382e+01
     vertex  1.388119e+01  0.000000e+00  6.584967e+00
     vertex  1.392475e+01  0.000000e+00  6.590374e+00
   endloop
 endfacet
 facet normal -0.000000e+00 -1.000000e+00 -0.000000e+00
   outer loop
     vertex  1.381235e+01  0.000000e+00  1.701382e+01
     vertex  1.373053e+01  0.000000e+00  1.702284e+01
     vertex  1.388119e+01  0.000000e+00  6.584967e+00
   endloop
 endfacet
 facet normal  0.000000e+00 -1.000000e+00 -0.000000e+00
   outer loop
     vertex  1.110854e+01  0.000000e+00  1.977386e+01
     vertex  0.000000e+00  0.000000e+00  0.000000e+00
     vertex  1.111587e+01  0.000000e+00  1.969187e+01
   endloop
 endfacet
 facet normal  0.000000e+00 -1.000000e+00  0.000000e+00
   outer loop
     vertex  1.389438e+01  0.000000e+00  1.700705e+01
     vertex  1.392475e+01  0.000000e+00  6.590374e+00
     vertex  1.396845e+01  0.000000e+00  6.594583e+00
   endloop
 endfacet
 facet normal  0.000000e+00 -1.000000e+00  0.000000e+00
   outer loop
     vertex  1.389438e+01  0.000000e+00  1.700705e+01
     vertex  1.396845e+01  0.000000e+00  6.594583e+00
     vertex  1.401224e+01  0.000000e+00  6.597592e+00
   endloop
 endfacet
 facet normal -0.000000e+00 -1.000000e+00 -0.000000e+00
   outer loop
     vertex  1.389438e+01  0.000000e+00  1.700705e+01
     vertex  1.381235e+01  0.000000e+00  1.701382e+01
     vertex  1.392475e+01  0.000000e+00  6.590374e+00
   endloop
 endfacet
 facet normal  0.000000e+00 -1.000000e+00 -0.000000e+00
   outer loop
     vertex  1.110346e+01  0.000000e+00  1.985601e+01
     vertex  0.000000e+00  0.000000e+00  0.000000e+00
     vertex  1.110854e+01  0.000000e+00  1.977386e+01
   endloop
 endfacet
 facet normal  0.000000e+00 -1.000000e+00  0.000000e+00
   outer loop
     vertex  1.397657e+01  0.000000e+00  1.700254e+01
     vertex  1.401224e+01  0.000000e+00  6.597592e+00
     vertex  1.405611e+01  0.000000e+00  6.599398e+00
   endloop
 endfacet
 facet normal -0.000000e+00 -1.000000e+00 -0.000000e+00
   outer loop
     vertex  1.397657e+01  0.000000e+00  1.700254e+01
     vertex  1.389438e+01  0.000000e+00  1.700705e+01
     vertex  1.401224e+01  0.000000e+00  6.597592e+00
   endloop
 endfacet
 facet normal  0.000000e+00 -1.000000e+00 -0.000000e+00
   outer loop
     vertex  1.110064e+01  0.000000e+00  1.993827e+01
     vertex  0.000000e+00  0.000000e+00  0.000000e+00
     vertex  1.110346e+01  0.000000e+00  1.985601e+01
   endloop
 endfacet
 facet normal -0.000000e+00 -1.000000e+00  0.000000e+00
   outer loop
     vertex  1.405885e+01  0.000000e+00  1.700028e+01
     vertex  1.397657e+01  0.000000e+00  1.700254e+01
     vertex  1.405611e+01  0.000000e+00  6.599398e+00
   endloop
 endfacet
 facet normal  0.000000e+00 -1.000000e+00 -0.000000e+00
   outer loop
     vertex  1.405885e+01  0.000000e+00  1.700028e+01
     vertex  1.405611e+01  0.000000e+00  6.599398e+00
     vertex  1.410000e+01  0.000000e+00  6.600000e+00
   endloop
 endfacet
 facet normal  0.000000e+00 -1.000000e+00 -0.000000e+00
   outer loop
     vertex  1.110007e+01  0.000000e+00  2.002058e+01
     vertex  0.000000e+00  0.000000e+00  0.000000e+00
     vertex  1.110064e+01  0.000000e+00  1.993827e+01
   endloop
 endfacet
 facet normal  0.000000e+00 -1.000000e+00 -0.000000e+00
   outer loop
     vertex  1.414115e+01  0.000000e+00  1.700028e+01
     vertex  1.410000e+01  0.000000e+00  6.600000e+00
     vertex  1.414389e+01  0.000000e+00  6.599398e+00
   endloop
 endfacet
 facet normal -0.000000e+00 -1.000000e+00  0.000000e+00
   outer loop
     vertex  1.414115e+01  0.000000e+00  1.700028e+01
     vertex  1.405885e+01  0.000000e+00  1.700028e+01
     vertex  1.410000e+01  0.000000e+00  6.600000e+00
   endloop
 endfacet
 facet normal  0.000000e+00 -1.000000e+00  0.000000e+00
   outer loop
     vertex  1.110176e+01  0.000000e+00  2.010287e+01
     vertex  0.000000e+00  0.000000e+00  0.000000e+00
     vertex  1.110007e+01  0.000000e+00  2.002058e+01
   endloop
 endfacet
 facet normal  0.000000e+00 -1.000000e+00  0.000000e+00
   outer loop
     vertex  1.422343e+01  0.000000e+00  1.700254e+01
     vertex  1.414389e+01  0.000000e+00  6.599398e+00
     vertex  1.418776e+01  0.000000e+00  6.597592e+00
   endloop
 endfacet
 facet normal  0.000000e+00 -1.000000e+00  0.000000e+00
   outer loop
     vertex  1.422343e+01  0.000000e+00  1.700254e+01
     vertex  1.414115e+01  0.000000e+00  1.700028e+01
     vertex  1.414389e+01  0.000000e+00  6.599398e+00
   endloop
 endfacet
 facet normal  0.000000e+00 -1.000000e+00  0.000000e+00
   outer loop
     vertex  1.110571e+01  0.000000e+00  2.018509e+01
     vertex  0.000000e+00  0.000000e+00  0.000000e+00
     vertex  1.110176e+01  0.000000e+00  2.010287e+01
   endloop
 endfacet
 facet normal  0.000000e+00 -1.000000e+00  0.000000e+00
   outer loop
     vertex  1.430562e+01  0.000000e+00  1.700705e+01
     vertex  1.418776e+01  0.000000e+00  6.597592e+00
     vertex  1.423155e+01  0.000000e+00  6.594583e+00
   endloop
 endfacet
 facet normal  0.000000e+00 -1.000000e+00  0.000000e+00
   outer loop
     vertex  1.430562e+01  0.000000e+00  1.700705e+01
     vertex  1.423155e+01  0.000000e+00  6.594583e+00
     vertex  1.427525e+01  0.000000e+00  6.590374e+00
   endloop
 endfacet
 facet normal  0.000000e+00 -1.000000e+00  0.000000e+00
   outer loop
     vertex  1.430562e+01  0.000000e+00  1.700705e+01
     vertex  1.422343e+01  0.000000e+00  1.700254e+01
     vertex  1.418776e+01  0.000000e+00  6.597592e+00
   endloop
 endfacet
 facet normal  0.000000e+00 -1.000000e+00  0.000000e+00
   outer loop
     vertex  1.111192e+01  0.000000e+00  2.026716e+01
     vertex  0.000000e+00  0.000000e+00  0.000000e+00
     vertex  1.110571e+01  0.000000e+00  2.018509e+01
   endloop
 endfacet
 facet normal  0.000000e+00 -1.000000e+00  0.000000e+00
   outer loop
     vertex  1.438765e+01  0.000000e+00  1.701382e+01
     vertex  1.427525e+01  0.000000e+00  6.590374e+00
     vertex  1.431881e+01  0.000000e+00  6.584967e+00
   endloop
 endfacet
 facet normal  0.000000e+00 -1.000000e+00  0.000000e+00
   outer loop
     vertex  1.438765e+01  0.000000e+00  1.701382e+01
     vertex  1.430562e+01  0.000000e+00  1.700705e+01
     vertex  1.427525e+01  0.000000e+00  6.590374e+00
   endloop
 endfacet
 facet normal  0.000000e+00 -1.000000e+00  0.000000e+00
   outer loop
     vertex  1.112037e+01  0.000000e+00  2.034904e+01
     vertex  0.000000e+00  0.000000e+00  0.000000e+00
     vertex  1.111192e+01  0.000000e+00  2.026716e+01
   endloop
 endfacet
 facet normal  0.000000e+00 -1.000000e+00  0.000000e+00
   outer loop
     vertex  1.446947e+01  0.000000e+00  1.702284e+01
     vertex  1.431881e+01  0.000000e+00  6.584967e+00
     vertex  1.436221e+01  0.000000e+00  6.578368e+00
   endloop
 endfacet
 facet normal  0.000000e+00 -1.000000e+00  0.000000e+00
   outer loop
     vertex  1.446947e+01  0.000000e+00  1.702284e+01
     vertex  1.438765e+01  0.000000e+00  1.701382e+01
     vertex  1.431881e+01  0.000000e+00  6.584967e+00
   endloop
 endfacet
 facet normal  0.000000e+00 -1.000000e+00  0.000000e+00
   outer loop
     vertex  1.113107e+01  0.000000e+00  2.043065e+01
     vertex  0.000000e+00  0.000000e+00  0.000000e+00
     vertex  1.112037e+01  0.000000e+00  2.034904e+01
   endloop
 endfacet
 facet normal  0.000000e+00 -1.000000e+00  0.000000e+00
   outer loop
     vertex  1.455100e+01  0.000000e+00  1.703409e+01
     vertex  1.436221e+01  0.000000e+00  6.578368e+00
     vertex  1.440541e+01  0.000000e+00  6.570580e+00
   endloop
 endfacet
 facet normal  0.000000e+00 -1.000000e+00  0.000000e+00
   outer loop
     vertex  1.455100e+01  0.000000e+00  1.703409e+01
     vertex  1.446947e+01  0.000000e+00  1.702284e+01
     vertex  1.436221e+01  0.000000e+00  6.578368e+00
   endloop
 endfacet
 facet normal  0.000000e+00 -1.000000e+00  0.000000e+00
   outer loop
     vertex  1.114400e+01  0.000000e+00  2.051194e+01
     vertex  0.000000e+00  0.000000e+00  0.000000e+00
     vertex  1.113107e+01  0.000000e+00  2.043065e+01
   endloop
 endfacet
 facet normal  0.000000e+00 -1.000000e+00  0.000000e+00
   outer loop
     vertex  1.463220e+01  0.000000e+00  1.704758e+01
     vertex  1.440541e+01  0.000000e+00  6.570580e+00
     vertex  1.444839e+01  0.000000e+00  6.561610e+00
   endloop
 endfacet
 facet normal  0.000000e+00 -1.000000e+00  0.000000e+00
   outer loop
     vertex  1.463220e+01  0.000000e+00  1.704758e+01
     vertex  1.455100e+01  0.000000e+00  1.703409e+01
     vertex  1.440541e+01  0.000000e+00  6.570580e+00
   endloop
 endfacet
 facet normal  0.000000e+00 -1.000000e+00  0.000000e+00
   outer loop
     vertex  1.115916e+01  0.000000e+00  2.059284e+01
     vertex  0.000000e+00  0.000000e+00  0.000000e+00
     vertex  1.114400e+01  0.000000e+00  2.051194e+01
   endloop
 endfacet
 facet normal  0.000000e+00 -1.000000e+00  0.000000e+00
   outer loop
     vertex  1.471300e+01  0.000000e+00  1.706330e+01
     vertex  1.444839e+01  0.000000e+00  6.561610e+00
     vertex  1.449110e+01  0.000000e+00  6.551465e+00
   endloop
 endfacet
 facet normal  0.000000e+00 -1.000000e+00  0.000000e+00
   outer loop
     vertex  1.471300e+01  0.000000e+00  1.706330e+01
     vertex  1.449110e+01  0.000000e+00  6.551465e+00
     vertex  1.453351e+01  0.000000e+00  6.540152e+00
   endloop
 endfacet
 facet normal  0.000000e+00 -1.000000e+00  0.000000e+00
   outer loop
     vertex  1.471300e+01  0.000000e+00  1.706330e+01
     vertex  1.463220e+01  0.000000e+00  1.704758e+01
     vertex  1.444839e+01  0.000000e+00  6.561610e+00
   endloop
 endfacet
 facet normal  0.000000e+00 -1.000000e+00  0.000000e+00
   outer loop
     vertex  1.117653e+01  0.000000e+00  2.067329e+01
     vertex  0.000000e+00  0.000000e+00  0.000000e+00
     vertex  1.115916e+01  0.000000e+00  2.059284e+01
   endloop
 endfacet
 facet normal  0.000000e+00 -1.000000e+00  0.000000e+00
   outer loop
     vertex  1.479333e+01  0.000000e+00  1.708122e+01
     vertex  1.453351e+01  0.000000e+00  6.540152e+00
     vertex  1.457560e+01  0.000000e+00  6.527679e+00
   endloop
 endfacet
 facet normal  0.000000e+00 -1.000000e+00  0.000000e+00
   outer loop
     vertex  1.479333e+01  0.000000e+00  1.708122e+01
     vertex  1.471300e+01  0.000000e+00  1.706330e+01
     vertex  1.453351e+01  0.000000e+00  6.540152e+00
   endloop
 endfacet
 facet normal  0.000000e+00 -1.000000e+00  0.000000e+00
   outer loop
     vertex  1.487314e+01  0.000000e+00  1.710134e+01
     vertex  1.457560e+01  0.000000e+00  6.527679e+00
     vertex  1.461733e+01  0.000000e+00  6.514056e+00
   endloop
 endfacet
 facet normal  0.000000e+00 -1.000000e+00  0.000000e+00
   outer loop
     vertex  1.487314e+01  0.000000e+00  1.710134e+01
     vertex  1.479333e+01  0.000000e+00  1.708122e+01
     vertex  1.457560e+01  0.000000e+00  6.527679e+00
   endloop
 endfacet
 facet normal  0.000000e+00 -1.000000e+00  0.000000e+00
   outer loop
     vertex  1.495237e+01  0.000000e+00  1.712364e+01
     vertex  1.487314e+01  0.000000e+00  1.710134e+01
     vertex  1.461733e+01  0.000000e+00  6.514056e+00
   endloop
 endfacet
 facet normal  0.000000e+00 -1.000000e+00  0.000000e+00
   outer loop
     vertex  1.495237e+01  0.000000e+00  1.712364e+01
     vertex  1.461733e+01  0.000000e+00  6.514056e+00
     vertex  1.465868e+01  0.000000e+00  6.499294e+00
   endloop
 endfacet
 facet normal  0.000000e+00 -1.000000e+00  0.000000e+00
   outer loop
     vertex  1.503096e+01  0.000000e+00  1.714810e+01
     vertex  1.465868e+01  0.000000e+00  6.499294e+00
     vertex  1.469960e+01  0.000000e+00  6.483403e+00
   endloop
 endfacet
 facet normal  0.000000e+00 -1.000000e+00  0.000000e+00
   outer loop
     vertex  1.503096e+01  0.000000e+00  1.714810e+01
     vertex  1.495237e+01  0.000000e+00  1.712364e+01
     vertex  1.465868e+01  0.000000e+00  6.499294e+00
   endloop
 endfacet
 facet normal  0.000000e+00 -1.000000e+00  0.000000e+00
   outer loop
     vertex  1.510885e+01  0.000000e+00  1.717472e+01
     vertex  1.503096e+01  0.000000e+00  1.714810e+01
     vertex  1.469960e+01  0.000000e+00  6.483403e+00
   endloop
 endfacet
 facet normal  0.000000e+00 -1.000000e+00  0.000000e+00
   outer loop
     vertex  1.510885e+01  0.000000e+00  1.717472e+01
     vertex  1.469960e+01  0.000000e+00  6.483403e+00
     vertex  1.474007e+01  0.000000e+00  6.466395e+00
   endloop
 endfacet
 facet normal  0.000000e+00 -1.000000e+00  0.000000e+00
   outer loop
     vertex  1.510885e+01  0.000000e+00  1.717472e+01
     vertex  1.474007e+01  0.000000e+00  6.466395e+00
     vertex  1.478005e+01  0.000000e+00  6.448284e+00
   endloop
 endfacet
 facet normal  0.000000e+00 -1.000000e+00  0.000000e+00
   outer loop
     vertex  1.518598e+01  0.000000e+00  1.720346e+01
     vertex  1.510885e+01  0.000000e+00  1.717472e+01
     vertex  1.478005e+01  0.000000e+00  6.448284e+00
   endloop
 endfacet
 facet normal  0.000000e+00 -1.000000e+00  0.000000e+00
   outer loop
     vertex  1.518598e+01  0.000000e+00  1.720346e+01
     vertex  1.478005e+01  0.000000e+00  6.448284e+00
     vertex  1.481953e+01  0.000000e+00  6.429082e+00
   endloop
 endfacet
 facet normal  0.000000e+00 -1.000000e+00  0.000000e+00
   outer loop
     vertex  1.526229e+01  0.000000e+00  1.723430e+01
     vertex  1.481953e+01  0.000000e+00  6.429082e+00
     vertex  1.485847e+01  0.000000e+00  6.408804e+00
   endloop
 endfacet
 facet normal  0.000000e+00 -1.000000e+00  0.000000e+00
   outer loop
     vertex  1.526229e+01  0.000000e+00  1.723430e+01
     vertex  1.518598e+01  0.000000e+00  1.720346e+01
     vertex  1.481953e+01  0.000000e+00  6.429082e+00
   endloop
 endfacet
 facet normal  0.000000e+00 -1.000000e+00  0.000000e+00
   outer loop
     vertex  1.533773e+01  0.000000e+00  1.726723e+01
     vertex  1.526229e+01  0.000000e+00  1.723430e+01
     vertex  1.485847e+01  0.000000e+00  6.408804e+00
   endloop
 endfacet
 facet normal  0.000000e+00 -1.000000e+00  0.000000e+00
   outer loop
     vertex  1.533773e+01  0.000000e+00  1.726723e+01
     vertex  1.485847e+01  0.000000e+00  6.408804e+00
     vertex  1.489683e+01  0.000000e+00  6.387466e+00
   endloop
 endfacet
 facet normal  0.000000e+00 -1.000000e+00  0.000000e+00
   outer loop
     vertex  1.541224e+01  0.000000e+00  1.730222e+01
     vertex  1.533773e+01  0.000000e+00  1.726723e+01
     vertex  1.489683e+01  0.000000e+00  6.387466e+00
   endloop
 endfacet
 facet normal  0.000000e+00 -1.000000e+00  0.000000e+00
   outer loop
     vertex  1.541224e+01  0.000000e+00  1.730222e+01
     vertex  1.489683e+01  0.000000e+00  6.387466e+00
     vertex  1.493459e+01  0.000000e+00  6.365084e+00
   endloop
 endfacet
 facet normal  0.000000e+00 -1.000000e+00  0.000000e+00
   outer loop
     vertex  1.548575e+01  0.000000e+00  1.733923e+01
     vertex  1.493459e+01  0.000000e+00  6.365084e+00
     vertex  1.497173e+01  0.000000e+00  6.341674e+00
   endloop
 endfacet
 facet normal  0.000000e+00 -1.000000e+00  0.000000e+00
   outer loop
     vertex  1.548575e+01  0.000000e+00  1.733923e+01
     vertex  1.497173e+01  0.000000e+00  6.341674e+00
     vertex  1.500821e+01  0.000000e+00  6.317254e+00
   endloop
 endfacet
 facet normal  0.000000e+00 -1.000000e+00  0.000000e+00
   outer loop
     vertex  1.548575e+01  0.000000e+00  1.733923e+01
     vertex  1.541224e+01  0.000000e+00  1.730222e+01
     vertex  1.493459e+01  0.000000e+00  6.365084e+00
   endloop
 endfacet
 facet normal  0.000000e+00 -1.000000e+00  0.000000e+00
   outer loop
     vertex  1.555823e+01  0.000000e+00  1.737825e+01
     vertex  1.500821e+01  0.000000e+00  6.317254e+00
     vertex  1.504400e+01  0.000000e+00  6.291842e+00
   endloop
 endfacet
 facet normal  0.000000e+00 -1.000000e+00  0.000000e+00
   outer loop
     vertex  1.555823e+01  0.000000e+00  1.737825e+01
     vertex  1.548575e+01  0.000000e+00  1.733923e+01
     vertex  1.500821e+01  0.000000e+00  6.317254e+00
   endloop
 endfacet
 facet normal  0.000000e+00 -1.000000e+00  0.000000e+00
   outer loop
     vertex  1.562960e+01  0.000000e+00  1.741924e+01
     vertex  1.504400e+01  0.000000e+00  6.291842e+00
     vertex  1.507909e+01  0.000000e+00  6.265458e+00
   endloop
 endfacet
 facet normal  0.000000e+00 -1.000000e+00  0.000000e+00
   outer loop
     vertex  1.562960e+01  0.000000e+00  1.741924e+01
     vertex  1.555823e+01  0.000000e+00  1.737825e+01
     vertex  1.504400e+01  0.000000e+00  6.291842e+00
   endloop
 endfacet
 facet normal  0.000000e+00 -1.000000e+00  0.000000e+00
   outer loop
     vertex  1.569983e+01  0.000000e+00  1.746218e+01
     vertex  1.507909e+01  0.000000e+00  6.265458e+00
     vertex  1.511344e+01  0.000000e+00  6.238121e+00
   endloop
 endfacet
 facet normal  0.000000e+00 -1.000000e+00  0.000000e+00
   outer loop
     vertex  1.569983e+01  0.000000e+00  1.746218e+01
     vertex  1.562960e+01  0.000000e+00  1.741924e+01
     vertex  1.507909e+01  0.000000e+00  6.265458e+00
   endloop
 endfacet
 facet normal  0.000000e+00 -1.000000e+00  0.000000e+00
   outer loop
     vertex  1.576885e+01  0.000000e+00  1.750702e+01
     vertex  1.511344e+01  0.000000e+00  6.238121e+00
     vertex  1.514702e+01  0.000000e+00  6.209852e+00
   endloop
 endfacet
 facet normal  0.000000e+00 -1.000000e+00  0.000000e+00
   outer loop
     vertex  1.576885e+01  0.000000e+00  1.750702e+01
     vertex  1.569983e+01  0.000000e+00  1.746218e+01
     vertex  1.511344e+01  0.000000e+00  6.238121e+00
   endloop
 endfacet
 facet normal  0.000000e+00 -1.000000e+00  0.000000e+00
   outer loop
     vertex  1.583661e+01  0.000000e+00  1.755374e+01
     vertex  1.514702e+01  0.000000e+00  6.209852e+00
     vertex  1.517982e+01  0.000000e+00  6.180673e+00
   endloop
 endfacet
 facet normal  0.000000e+00 -1.000000e+00  0.000000e+00
   outer loop
     vertex  1.583661e+01  0.000000e+00  1.755374e+01
     vertex  1.576885e+01  0.000000e+00  1.750702e+01
     vertex  1.514702e+01  0.000000e+00  6.209852e+00
   endloop
 endfacet
 facet normal  0.000000e+00 -1.000000e+00  0.000000e+00
   outer loop
     vertex  1.590307e+01  0.000000e+00  1.760231e+01
     vertex  1.517982e+01  0.000000e+00  6.180673e+00
     vertex  1.521180e+01  0.000000e+00  6.150605e+00
   endloop
 endfacet
 facet normal  0.000000e+00 -1.000000e+00  0.000000e+00
   outer loop
     vertex  1.590307e+01  0.000000e+00  1.760231e+01
     vertex  1.583661e+01  0.000000e+00  1.755374e+01
     vertex  1.517982e+01  0.000000e+00  6.180673e+00
   endloop
 endfacet
 facet normal  0.000000e+00 -1.000000e+00  0.000000e+00
   outer loop
     vertex  1.596817e+01  0.000000e+00  1.765267e+01
     vertex  1.521180e+01  0.000000e+00  6.150605e+00
     vertex  1.524295e+01  0.000000e+00  6.119670e+00
   endloop
 endfacet
 facet normal  0.000000e+00 -1.000000e+00  0.000000e+00
   outer loop
     vertex  1.596817e+01  0.000000e+00  1.765267e+01
     vertex  1.524295e+01  0.000000e+00  6.119670e+00
     vertex  1.527324e+01  0.000000e+00  6.087893e+00
   endloop
 endfacet
 facet normal  0.000000e+00 -1.000000e+00  0.000000e+00
   outer loop
     vertex  1.596817e+01  0.000000e+00  1.765267e+01
     vertex  1.590307e+01  0.000000e+00  1.760231e+01
     vertex  1.521180e+01  0.000000e+00  6.150605e+00
   endloop
 endfacet
 facet normal  0.000000e+00 -1.000000e+00  0.000000e+00
   outer loop
     vertex  1.603186e+01  0.000000e+00  1.770481e+01
     vertex  1.596817e+01  0.000000e+00  1.765267e+01
     vertex  1.527324e+01  0.000000e+00  6.087893e+00
   endloop
 endfacet
 facet normal  0.000000e+00 -1.000000e+00  0.000000e+00
   outer loop
     vertex  1.603186e+01  0.000000e+00  1.770481e+01
     vertex  1.527324e+01  0.000000e+00  6.087893e+00
     vertex  1.530264e+01  0.000000e+00  6.055297e+00
   endloop
 endfacet
 facet normal  0.000000e+00 -1.000000e+00  0.000000e+00
   outer loop
     vertex  1.609410e+01  0.000000e+00  1.775867e+01
     vertex  1.530264e+01  0.000000e+00  6.055297e+00
     vertex  1.533114e+01  0.000000e+00  6.021907e+00
   endloop
 endfacet
 facet normal  0.000000e+00 -1.000000e+00  0.000000e+00
   outer loop
     vertex  1.609410e+01  0.000000e+00  1.775867e+01
     vertex  1.603186e+01  0.000000e+00  1.770481e+01
     vertex  1.530264e+01  0.000000e+00  6.055297e+00
   endloop
 endfacet
 facet normal  0.000000e+00 -1.000000e+00  0.000000e+00
   outer loop
     vertex  1.615484e+01  0.000000e+00  1.781422e+01
     vertex  1.533114e+01  0.000000e+00  6.021907e+00
     vertex  1.535871e+01  0.000000e+00  5.987747e+00
   endloop
 endfacet
 facet normal  0.000000e+00 -1.000000e+00  0.000000e+00
   outer loop
     vertex  1.615484e+01  0.000000e+00  1.781422e+01
     vertex  1.609410e+01  0.000000e+00  1.775867e+01
     vertex  1.533114e+01  0.000000e+00  6.021907e+00
   endloop
 endfacet
 facet normal  0.000000e+00 -1.000000e+00  0.000000e+00
   outer loop
     vertex  1.621403e+01  0.000000e+00  1.787142e+01
     vertex  1.535871e+01  0.000000e+00  5.987747e+00
     vertex  1.538534e+01  0.000000e+00  5.952843e+00
   endloop
 endfacet
 facet normal  0.000000e+00 -1.000000e+00  0.000000e+00
   outer loop
     vertex  1.621403e+01  0.000000e+00  1.787142e+01
     vertex  1.615484e+01  0.000000e+00  1.781422e+01
     vertex  1.535871e+01  0.000000e+00  5.987747e+00
   endloop
 endfacet
 facet normal  0.000000e+00 -1.000000e+00  0.000000e+00
   outer loop
     vertex  1.627163e+01  0.000000e+00  1.793021e+01
     vertex  1.538534e+01  0.000000e+00  5.952843e+00
     vertex  1.541099e+01  0.000000e+00  5.917223e+00
   endloop
 endfacet
 facet normal  0.000000e+00 -1.000000e+00  0.000000e+00
   outer loop
     vertex  1.627163e+01  0.000000e+00  1.793021e+01
     vertex  1.621403e+01  0.000000e+00  1.787142e+01
     vertex  1.538534e+01  0.000000e+00  5.952843e+00
   endloop
 endfacet
 facet normal  0.000000e+00 -1.000000e+00  0.000000e+00
   outer loop
     vertex  1.632760e+01  0.000000e+00  1.799057e+01
     vertex  1.627163e+01  0.000000e+00  1.793021e+01
     vertex  1.541099e+01  0.000000e+00  5.917223e+00
   endloop
 endfacet
 facet normal  0.000000e+00 -1.000000e+00  0.000000e+00
   outer loop
     vertex  1.632760e+01  0.000000e+00  1.799057e+01
     vertex  1.541099e+01  0.000000e+00  5.917223e+00
     vertex  1.543566e+01  0.000000e+00  5.880912e+00
   endloop
 endfacet
 facet normal  0.000000e+00 -1.000000e+00  0.000000e+00
   outer loop
     vertex  1.638189e+01  0.000000e+00  1.805244e+01
     vertex  1.543566e+01  0.000000e+00  5.880912e+00
     vertex  1.545933e+01  0.000000e+00  5.843938e+00
   endloop
 endfacet
 facet normal  0.000000e+00 -1.000000e+00  0.000000e+00
   outer loop
     vertex  1.638189e+01  0.000000e+00  1.805244e+01
     vertex  1.545933e+01  0.000000e+00  5.843938e+00
     vertex  1.548197e+01  0.000000e+00  5.806328e+00
   endloop
 endfacet
 facet normal  0.000000e+00 -1.000000e+00  0.000000e+00
   outer loop
     vertex  1.638189e+01  0.000000e+00  1.805244e+01
     vertex  1.632760e+01  0.000000e+00  1.799057e+01
     vertex  1.543566e+01  0.000000e+00  5.880912e+00
   endloop
 endfacet
 facet normal  0.000000e+00 -1.000000e+00  0.000000e+00
   outer loop
     vertex  1.643446e+01  0.000000e+00  1.811577e+01
     vertex  1.548197e+01  0.000000e+00  5.806328e+00
     vertex  1.550357e+01  0.000000e+00  5.768112e+00
   endloop
 endfacet
 facet normal  0.000000e+00 -1.000000e+00  0.000000e+00
   outer loop
     vertex  1.643446e+01  0.000000e+00  1.811577e+01
     vertex  1.638189e+01  0.000000e+00  1.805244e+01
     vertex  1.548197e+01  0.000000e+00  5.806328e+00
   endloop
 endfacet
 facet normal  0.000000e+00 -1.000000e+00 -0.000000e+00
   outer loop
     vertex  1.648527e+01  0.000000e+00  1.818053e+01
     vertex  1.550357e+01  0.000000e+00  5.768112e+00
     vertex  2.820000e+01  0.000000e+00  0.000000e+00
   endloop
 endfacet
 facet normal  0.000000e+00 -1.000000e+00  0.000000e+00
   outer loop
     vertex  1.648527e+01  0.000000e+00  1.818053e+01
     vertex  1.643446e+01  0.000000e+00  1.811577e+01
     vertex  1.550357e+01  0.000000e+00  5.768112e+00
   endloop
 endfacet
 facet normal  0.000000e+00 -1.000000e+00 -0.000000e+00
   outer loop
     vertex  1.653429e+01  0.000000e+00  1.824665e+01
     vertex  1.648527e+01  0.000000e+00  1.818053e+01
     vertex  2.820000e+01  0.000000e+00  0.000000e+00
   endloop
 endfacet
 facet normal  0.000000e+00 -1.000000e+00 -0.000000e+00
   outer loop
     vertex  1.658147e+01  0.000000e+00  1.831409e+01
     vertex  1.653429e+01  0.000000e+00  1.824665e+01
     vertex  2.820000e+01  0.000000e+00  0.000000e+00
   endloop
 endfacet
 facet normal  0.000000e+00 -1.000000e+00 -0.000000e+00
   outer loop
     vertex  1.662679e+01  0.000000e+00  1.838280e+01
     vertex  1.658147e+01  0.000000e+00  1.831409e+01
     vertex  2.820000e+01  0.000000e+00  0.000000e+00
   endloop
 endfacet
 facet normal  0.000000e+00 -1.000000e+00 -0.000000e+00
   outer loop
     vertex  1.667021e+01  0.000000e+00  1.845273e+01
     vertex  1.662679e+01  0.000000e+00  1.838280e+01
     vertex  2.820000e+01  0.000000e+00  0.000000e+00
   endloop
 endfacet
 facet normal  0.000000e+00 -1.000000e+00 -0.000000e+00
   outer loop
     vertex  1.671169e+01  0.000000e+00  1.852382e+01
     vertex  1.667021e+01  0.000000e+00  1.845273e+01
     vertex  2.820000e+01  0.000000e+00  0.000000e+00
   endloop
 endfacet
 facet normal  0.000000e+00 -1.000000e+00 -0.000000e+00
   outer loop
     vertex  1.675120e+01  0.000000e+00  1.859603e+01
     vertex  1.671169e+01  0.000000e+00  1.852382e+01
     vertex  2.820000e+01  0.000000e+00  0.000000e+00
   endloop
 endfacet
 facet normal  0.000000e+00 -1.000000e+00 -0.000000e+00
   outer loop
     vertex  1.678872e+01  0.000000e+00  1.866929e+01
     vertex  1.675120e+01  0.000000e+00  1.859603e+01
     vertex  2.820000e+01  0.000000e+00  0.000000e+00
   endloop
 endfacet
 facet normal  0.000000e+00 -1.000000e+00 -0.000000e+00
   outer loop
     vertex  1.682421e+01  0.000000e+00  1.874355e+01
     vertex  1.678872e+01  0.000000e+00  1.866929e+01
     vertex  2.820000e+01  0.000000e+00  0.000000e+00
   endloop
 endfacet
 facet normal  0.000000e+00 -1.000000e+00 -0.000000e+00
   outer loop
     vertex  1.685766e+01  0.000000e+00  1.881876e+01
     vertex  1.682421e+01  0.000000e+00  1.874355e+01
     vertex  2.820000e+01  0.000000e+00  0.000000e+00
   endloop
 endfacet
 facet normal  0.000000e+00 -1.000000e+00 -0.000000e+00
   outer loop
     vertex  1.688903e+01  0.000000e+00  1.889486e+01
     vertex  1.685766e+01  0.000000e+00  1.881876e+01
     vertex  2.820000e+01  0.000000e+00  0.000000e+00
   endloop
 endfacet
 facet normal  0.000000e+00 -1.000000e+00 -0.000000e+00
   outer loop
     vertex  1.691830e+01  0.000000e+00  1.897179e+01
     vertex  1.688903e+01  0.000000e+00  1.889486e+01
     vertex  2.820000e+01  0.000000e+00  0.000000e+00
   endloop
 endfacet
 facet normal  0.000000e+00 -1.000000e+00 -0.000000e+00
   outer loop
     vertex  1.694544e+01  0.000000e+00  1.904950e+01
     vertex  1.691830e+01  0.000000e+00  1.897179e+01
     vertex  2.820000e+01  0.000000e+00  0.000000e+00
   endloop
 endfacet
 facet normal  0.000000e+00 -1.000000e+00 -0.000000e+00
   outer loop
     vertex  1.697045e+01  0.000000e+00  1.912792e+01
     vertex  1.694544e+01  0.000000e+00  1.904950e+01
     vertex  2.820000e+01  0.000000e+00  0.000000e+00
   endloop
 endfacet
 facet normal  0.000000e+00 -1.000000e+00 -0.000000e+00
   outer loop
     vertex  1.699329e+01  0.000000e+00  1.920699e+01
     vertex  1.697045e+01  0.000000e+00  1.912792e+01
     vertex  2.820000e+01  0.000000e+00  0.000000e+00
   endloop
 endfacet
 facet normal  0.000000e+00 -1.000000e+00 -0.000000e+00
   outer loop
     vertex  1.701396e+01  0.000000e+00  1.928666e+01
     vertex  1.699329e+01  0.000000e+00  1.920699e+01
     vertex  2.820000e+01  0.000000e+00  0.000000e+00
   endloop
 endfacet
 facet normal  0.000000e+00 -1.000000e+00 -0.000000e+00
   outer loop
     vertex  1.703243e+01  0.000000e+00  1.936687e+01
     vertex  1.701396e+01  0.000000e+00  1.928666e+01
     vertex  2.820000e+01  0.000000e+00  0.000000e+00
   endloop
 endfacet
 facet normal  0.000000e+00 -1.000000e+00 -0.000000e+00
   outer loop
     vertex  1.704870e+01  0.000000e+00  1.944756e+01
     vertex  1.703243e+01  0.000000e+00  1.936687e+01
     vertex  2.820000e+01  0.000000e+00  0.000000e+00
   endloop
 endfacet
 facet normal  0.000000e+00 -1.000000e+00 -0.000000e+00
   outer loop
     vertex  1.706274e+01  0.000000e+00  1.952866e+01
     vertex  1.704870e+01  0.000000e+00  1.944756e+01
     vertex  2.820000e+01  0.000000e+00  0.000000e+00
   endloop
 endfacet
 facet normal  0.000000e+00 -1.000000e+00 -0.000000e+00
   outer loop
     vertex  1.707456e+01  0.000000e+00  1.961012e+01
     vertex  1.706274e+01  0.000000e+00  1.952866e+01
     vertex  2.820000e+01  0.000000e+00  0.000000e+00
   endloop
 endfacet
 facet normal  0.000000e+00 -1.000000e+00 -0.000000e+00
   outer loop
     vertex  1.708413e+01  0.000000e+00  1.969187e+01
     vertex  1.707456e+01  0.000000e+00  1.961012e+01
     vertex  2.820000e+01  0.000000e+00  0.000000e+00
   endloop
 endfacet
 facet normal  0.000000e+00 -1.000000e+00 -0.000000e+00
   outer loop
     vertex  1.709146e+01  0.000000e+00  1.977386e+01
     vertex  1.708413e+01  0.000000e+00  1.969187e+01
     vertex  2.820000e+01  0.000000e+00  0.000000e+00
   endloop
 endfacet
 facet normal  0.000000e+00 -1.000000e+00 -0.000000e+00
   outer loop
     vertex  1.709654e+01  0.000000e+00  1.985601e+01
     vertex  1.709146e+01  0.000000e+00  1.977386e+01
     vertex  2.820000e+01  0.000000e+00  0.000000e+00
   endloop
 endfacet
 facet normal  0.000000e+00 -1.000000e+00 -0.000000e+00
   outer loop
     vertex  1.709936e+01  0.000000e+00  1.993827e+01
     vertex  1.709654e+01  0.000000e+00  1.985601e+01
     vertex  2.820000e+01  0.000000e+00  0.000000e+00
   endloop
 endfacet
 facet normal  0.000000e+00 -1.000000e+00 -0.000000e+00
   outer loop
     vertex  1.709993e+01  0.000000e+00  2.002058e+01
     vertex  1.709936e+01  0.000000e+00  1.993827e+01
     vertex  2.820000e+01  0.000000e+00  0.000000e+00
   endloop
 endfacet
 facet normal  0.000000e+00 -1.000000e+00  0.000000e+00
   outer loop
     vertex  1.709824e+01  0.000000e+00  2.010287e+01
     vertex  1.709993e+01  0.000000e+00  2.002058e+01
     vertex  2.820000e+01  0.000000e+00  0.000000e+00
   endloop
 endfacet
 facet normal  0.000000e+00 -1.000000e+00  0.000000e+00
   outer loop
     vertex  1.709429e+01  0.000000e+00  2.018509e+01
     vertex  1.709824e+01  0.000000e+00  2.010287e+01
     vertex  2.820000e+01  0.000000e+00  0.000000e+00
   endloop
 endfacet
 facet normal  0.000000e+00 -1.000000e+00  0.000000e+00
   outer loop
     vertex  1.708808e+01  0.000000e+00  2.026716e+01
     vertex  1.709429e+01  0.000000e+00  2.018509e+01
     vertex  2.820000e+01  0.000000e+00  0.000000e+00
   endloop
 endfacet
 facet normal  0.000000e+00 -1.000000e+00  0.000000e+00
   outer loop
     vertex  1.707963e+01  0.000000e+00  2.034904e+01
     vertex  1.708808e+01  0.000000e+00  2.026716e+01
     vertex  2.820000e+01  0.000000e+00  0.000000e+00
   endloop
 endfacet
 facet normal  0.000000e+00 -1.000000e+00  0.000000e+00
   outer loop
     vertex  1.706893e+01  0.000000e+00  2.043065e+01
     vertex  1.707963e+01  0.000000e+00  2.034904e+01
     vertex  2.820000e+01  0.000000e+00  0.000000e+00
   endloop
 endfacet
 facet normal  0.000000e+00 -1.000000e+00  0.000000e+00
   outer loop
     vertex  1.705600e+01  0.000000e+00  2.051194e+01
     vertex  1.706893e+01  0.000000e+00  2.043065e+01
     vertex  2.820000e+01  0.000000e+00  0.000000e+00
   endloop
 endfacet
 facet normal  0.000000e+00 -1.000000e+00  0.000000e+00
   outer loop
     vertex  1.704084e+01  0.000000e+00  2.059284e+01
     vertex  1.705600e+01  0.000000e+00  2.051194e+01
     vertex  2.820000e+01  0.000000e+00  0.000000e+00
   endloop
 endfacet
 facet normal  0.000000e+00 -1.000000e+00  0.000000e+00
   outer loop
     vertex  1.702347e+01  0.000000e+00  2.067329e+01
     vertex  1.704084e+01  0.000000e+00  2.059284e+01
     vertex  2.820000e+01  0.000000e+00  0.000000e+00
   endloop
 endfacet
 facet normal  0.000000e+00 -1.000000e+00 -0.000000e+00
   outer loop
     vertex  1.294180e+01  0.000000e+00  3.389611e+01
     vertex  1.226421e+01  0.000000e+00  2.237273e+01
     vertex  1.297252e+01  0.000000e+00  3.386476e+01
   endloop
 endfacet
 facet normal  0.000000e+00 -1.000000e+00  0.000000e+00
   outer loop
     vertex  1.294180e+01  0.000000e+00  3.389611e+01
     vertex  1.219980e+01  0.000000e+00  2.232148e+01
     vertex  1.226421e+01  0.000000e+00  2.237273e+01
   endloop
 endfacet
 facet normal -0.000000e+00 -1.000000e+00  0.000000e+00
   outer loop
     vertex  1.300408e+01  0.000000e+00  3.383425e+01
     vertex  1.297252e+01  0.000000e+00  3.386476e+01
     vertex  1.226421e+01  0.000000e+00  2.237273e+01
   endloop
 endfacet
 facet normal  0.000000e+00 -1.000000e+00  0.000000e+00
   outer loop
     vertex  1.300408e+01  0.000000e+00  3.383425e+01
     vertex  1.226421e+01  0.000000e+00  2.237273e+01
     vertex  1.232999e+01  0.000000e+00  2.242220e+01
   endloop
 endfacet
 facet normal  0.000000e+00 -1.000000e+00 -0.000000e+00
   outer loop
     vertex  1.291195e+01  0.000000e+00  3.392830e+01
     vertex  1.219980e+01  0.000000e+00  2.232148e+01
     vertex  1.294180e+01  0.000000e+00  3.389611e+01
   endloop
 endfacet
 facet normal  0.000000e+00 -1.000000e+00  0.000000e+00
   outer loop
     vertex  1.291195e+01  0.000000e+00  3.392830e+01
     vertex  1.213683e+01  0.000000e+00  2.226847e+01
     vertex  1.219980e+01  0.000000e+00  2.232148e+01
   endloop
 endfacet
 facet normal -0.000000e+00 -1.000000e+00  0.000000e+00
   outer loop
     vertex  1.303648e+01  0.000000e+00  3.380462e+01
     vertex  1.300408e+01  0.000000e+00  3.383425e+01
     vertex  1.232999e+01  0.000000e+00  2.242220e+01
   endloop
 endfacet
 facet normal  0.000000e+00 -1.000000e+00  0.000000e+00
   outer loop
     vertex  1.303648e+01  0.000000e+00  3.380462e+01
     vertex  1.232999e+01  0.000000e+00  2.242220e+01
     vertex  1.239711e+01  0.000000e+00  2.246985e+01
   endloop
 endfacet
 facet normal  0.000000e+00 -1.000000e+00  0.000000e+00
   outer loop
     vertex  1.288299e+01  0.000000e+00  3.396130e+01
     vertex  1.207534e+01  0.000000e+00  2.221376e+01
     vertex  1.213683e+01  0.000000e+00  2.226847e+01
   endloop
 endfacet
 facet normal  0.000000e+00 -1.000000e+00 -0.000000e+00
   outer loop
     vertex  1.288299e+01  0.000000e+00  3.396130e+01
     vertex  1.213683e+01  0.000000e+00  2.226847e+01
     vertex  1.291195e+01  0.000000e+00  3.392830e+01
   endloop
 endfacet
 facet normal  0.000000e+00 -1.000000e+00  0.000000e+00
   outer loop
     vertex  1.306967e+01  0.000000e+00  3.377590e+01
     vertex  1.239711e+01  0.000000e+00  2.246985e+01
     vertex  1.246551e+01  0.000000e+00  2.251564e+01
   endloop
 endfacet
 facet normal -0.000000e+00 -1.000000e+00  0.000000e+00
   outer loop
     vertex  1.306967e+01  0.000000e+00  3.377590e+01
     vertex  1.303648e+01  0.000000e+00  3.380462e+01
     vertex  1.239711e+01  0.000000e+00  2.246985e+01
   endloop
 endfacet
 facet normal  0.000000e+00 -1.000000e+00  0.000000e+00
   outer loop
     vertex  1.285496e+01  0.000000e+00  3.399508e+01
     vertex  1.201537e+01  0.000000e+00  2.215738e+01
     vertex  1.207534e+01  0.000000e+00  2.221376e+01
   endloop
 endfacet
 facet normal  0.000000e+00 -1.000000e+00 -0.000000e+00
   outer loop
     vertex  1.285496e+01  0.000000e+00  3.399508e+01
     vertex  1.207534e+01  0.000000e+00  2.221376e+01
     vertex  1.288299e+01  0.000000e+00  3.396130e+01
   endloop
 endfacet
 facet normal  0.000000e+00 -1.000000e+00  0.000000e+00
   outer loop
     vertex  1.310364e+01  0.000000e+00  3.374809e+01
     vertex  1.246551e+01  0.000000e+00  2.251564e+01
     vertex  1.253514e+01  0.000000e+00  2.255953e+01
   endloop
 endfacet
 facet normal -0.000000e+00 -1.000000e+00  0.000000e+00
   outer loop
     vertex  1.310364e+01  0.000000e+00  3.374809e+01
     vertex  1.306967e+01  0.000000e+00  3.377590e+01
     vertex  1.246551e+01  0.000000e+00  2.251564e+01
   endloop
 endfacet
 facet normal  0.000000e+00 -1.000000e+00  0.000000e+00
   outer loop
     vertex  1.282786e+01  0.000000e+00  3.402961e+01
     vertex  1.195697e+01  0.000000e+00  2.209938e+01
     vertex  1.201537e+01  0.000000e+00  2.215738e+01
   endloop
 endfacet
 facet normal  0.000000e+00 -1.000000e+00 -0.000000e+00
   outer loop
     vertex  1.282786e+01  0.000000e+00  3.402961e+01
     vertex  1.201537e+01  0.000000e+00  2.215738e+01
     vertex  1.285496e+01  0.000000e+00  3.399508e+01
   endloop
 endfacet
 facet normal  0.000000e+00 -1.000000e+00  0.000000e+00
   outer loop
     vertex  1.313836e+01  0.000000e+00  3.372123e+01
     vertex  1.253514e+01  0.000000e+00  2.255953e+01
     vertex  1.260594e+01  0.000000e+00  2.260150e+01
   endloop
 endfacet
 facet normal -0.000000e+00 -1.000000e+00  0.000000e+00
   outer loop
     vertex  1.313836e+01  0.000000e+00  3.372123e+01
     vertex  1.310364e+01  0.000000e+00  3.374809e+01
     vertex  1.253514e+01  0.000000e+00  2.255953e+01
   endloop
 endfacet
 facet normal  0.000000e+00 -1.000000e+00  0.000000e+00
   outer loop
     vertex  1.280171e+01  0.000000e+00  3.406488e+01
     vertex  1.190018e+01  0.000000e+00  2.203980e+01
     vertex  1.195697e+01  0.000000e+00  2.209938e+01
   endloop
 endfacet
 facet normal  0.000000e+00 -1.000000e+00 -0.000000e+00
   outer loop
     vertex  1.280171e+01  0.000000e+00  3.406488e+01
     vertex  1.195697e+01  0.000000e+00  2.209938e+01
     vertex  1.282786e+01  0.000000e+00  3.402961e+01
   endloop
 endfacet
 facet normal -0.000000e+00 -1.000000e+00  0.000000e+00
   outer loop
     vertex  1.317381e+01  0.000000e+00  3.369533e+01
     vertex  1.313836e+01  0.000000e+00  3.372123e+01
     vertex  1.260594e+01  0.000000e+00  2.260150e+01
   endloop
 endfacet
 facet normal  0.000000e+00 -1.000000e+00  0.000000e+00
   outer loop
     vertex  1.317381e+01  0.000000e+00  3.369533e+01
     vertex  1.260594e+01  0.000000e+00  2.260150e+01
     vertex  1.267788e+01  0.000000e+00  2.264151e+01
   endloop
 endfacet
 facet normal  0.000000e+00 -1.000000e+00 -0.000000e+00
   outer loop
     vertex  1.277655e+01  0.000000e+00  3.410085e+01
     vertex  1.190018e+01  0.000000e+00  2.203980e+01
     vertex  1.280171e+01  0.000000e+00  3.406488e+01
   endloop
 endfacet
 facet normal  0.000000e+00 -1.000000e+00  0.000000e+00
   outer loop
     vertex  1.277655e+01  0.000000e+00  3.410085e+01
     vertex  1.184505e+01  0.000000e+00  2.197868e+01
     vertex  1.190018e+01  0.000000e+00  2.203980e+01
   endloop
 endfacet
 facet normal -0.000000e+00 -1.000000e+00  0.000000e+00
   outer loop
     vertex  1.320995e+01  0.000000e+00  3.367041e+01
     vertex  1.317381e+01  0.000000e+00  3.369533e+01
     vertex  1.267788e+01  0.000000e+00  2.264151e+01
   endloop
 endfacet
 facet normal  0.000000e+00 -1.000000e+00  0.000000e+00
   outer loop
     vertex  1.275238e+01  0.000000e+00  3.413749e+01
     vertex  1.179161e+01  0.000000e+00  2.191607e+01
     vertex  1.184505e+01  0.000000e+00  2.197868e+01
   endloop
 endfacet
 facet normal  0.000000e+00 -1.000000e+00 -0.000000e+00
   outer loop
     vertex  1.275238e+01  0.000000e+00  3.413749e+01
     vertex  1.184505e+01  0.000000e+00  2.197868e+01
     vertex  1.277655e+01  0.000000e+00  3.410085e+01
   endloop
 endfacet
 facet normal  0.000000e+00 -1.000000e+00  0.000000e+00
   outer loop
     vertex  1.324676e+01  0.000000e+00  3.364649e+01
     vertex  1.267788e+01  0.000000e+00  2.264151e+01
     vertex  1.275088e+01  0.000000e+00  2.267953e+01
   endloop
 endfacet
 facet normal -0.000000e+00 -1.000000e+00  0.000000e+00
   outer loop
     vertex  1.324676e+01  0.000000e+00  3.364649e+01
     vertex  1.320995e+01  0.000000e+00  3.367041e+01
     vertex  1.267788e+01  0.000000e+00  2.264151e+01
   endloop
 endfacet
 facet normal  0.000000e+00 -1.000000e+00 -0.000000e+00
   outer loop
     vertex  1.272922e+01  0.000000e+00  3.417479e+01
     vertex  1.179161e+01  0.000000e+00  2.191607e+01
     vertex  1.275238e+01  0.000000e+00  3.413749e+01
   endloop
 endfacet
 facet normal -0.000000e+00 -1.000000e+00  0.000000e+00
   outer loop
     vertex  1.328421e+01  0.000000e+00  3.362360e+01
     vertex  1.324676e+01  0.000000e+00  3.364649e+01
     vertex  1.275088e+01  0.000000e+00  2.267953e+01
   endloop
 endfacet
 facet normal  0.000000e+00 -1.000000e+00  0.000000e+00
   outer loop
     vertex  1.328421e+01  0.000000e+00  3.362360e+01
     vertex  1.275088e+01  0.000000e+00  2.267953e+01
     vertex  1.282490e+01  0.000000e+00  2.271553e+01
   endloop
 endfacet
 facet normal  0.000000e+00 -1.000000e+00  0.000000e+00
   outer loop
     vertex  1.270710e+01  0.000000e+00  3.421271e+01
     vertex  1.173991e+01  0.000000e+00  2.185203e+01
     vertex  1.179161e+01  0.000000e+00  2.191607e+01
   endloop
 endfacet
 facet normal  0.000000e+00 -1.000000e+00 -0.000000e+00
   outer loop
     vertex  1.270710e+01  0.000000e+00  3.421271e+01
     vertex  1.179161e+01  0.000000e+00  2.191607e+01
     vertex  1.272922e+01  0.000000e+00  3.417479e+01
   endloop
 endfacet
 facet normal -0.000000e+00 -1.000000e+00  0.000000e+00
   outer loop
     vertex  1.332228e+01  0.000000e+00  3.360173e+01
     vertex  1.328421e+01  0.000000e+00  3.362360e+01
     vertex  1.282490e+01  0.000000e+00  2.271553e+01
   endloop
 endfacet
 facet normal  0.000000e+00 -1.000000e+00  0.000000e+00
   outer loop
     vertex  1.332228e+01  0.000000e+00  3.360173e+01
     vertex  1.282490e+01  0.000000e+00  2.271553e+01
     vertex  1.289987e+01  0.000000e+00  2.274949e+01
   endloop
 endfacet
 facet normal  0.000000e+00 -1.000000e+00 -0.000000e+00
   outer loop
     vertex  1.268603e+01  0.000000e+00  3.425122e+01
     vertex  1.173991e+01  0.000000e+00  2.185203e+01
     vertex  1.270710e+01  0.000000e+00  3.421271e+01
   endloop
 endfacet
 facet normal  0.000000e+00 -1.000000e+00  0.000000e+00
   outer loop
     vertex  1.268603e+01  0.000000e+00  3.425122e+01
     vertex  1.168999e+01  0.000000e+00  2.178658e+01
     vertex  1.173991e+01  0.000000e+00  2.185203e+01
   endloop
 endfacet
 facet normal -0.000000e+00 -1.000000e+00  0.000000e+00
   outer loop
     vertex  1.336093e+01  0.000000e+00  3.358092e+01
     vertex  1.332228e+01  0.000000e+00  3.360173e+01
     vertex  1.289987e+01  0.000000e+00  2.274949e+01
   endloop
 endfacet
 facet normal  0.000000e+00 -1.000000e+00  0.000000e+00
   outer loop
     vertex  1.336093e+01  0.000000e+00  3.358092e+01
     vertex  1.289987e+01  0.000000e+00  2.274949e+01
     vertex  1.297576e+01  0.000000e+00  2.278138e+01
   endloop
 endfacet
 facet normal  0.000000e+00 -1.000000e+00 -0.000000e+00
   outer loop
     vertex  1.266602e+01  0.000000e+00  3.429029e+01
     vertex  1.168999e+01  0.000000e+00  2.178658e+01
     vertex  1.268603e+01  0.000000e+00  3.425122e+01
   endloop
 endfacet
 facet normal  0.000000e+00 -1.000000e+00  0.000000e+00
   outer loop
     vertex  1.266602e+01  0.000000e+00  3.429029e+01
     vertex  1.164189e+01  0.000000e+00  2.171979e+01
     vertex  1.168999e+01  0.000000e+00  2.178658e+01
   endloop
 endfacet
 facet normal  0.000000e+00 -1.000000e+00  0.000000e+00
   outer loop
     vertex  1.340014e+01  0.000000e+00  3.356118e+01
     vertex  1.297576e+01  0.000000e+00  2.278138e+01
     vertex  1.305248e+01  0.000000e+00  2.281118e+01
   endloop
 endfacet
 facet normal -0.000000e+00 -1.000000e+00  0.000000e+00
   outer loop
     vertex  1.340014e+01  0.000000e+00  3.356118e+01
     vertex  1.336093e+01  0.000000e+00  3.358092e+01
     vertex  1.297576e+01  0.000000e+00  2.278138e+01
   endloop
 endfacet
 facet normal  0.000000e+00 -1.000000e+00  0.000000e+00
   outer loop
     vertex  1.264709e+01  0.000000e+00  3.432990e+01
     vertex  1.159563e+01  0.000000e+00  2.165171e+01
     vertex  1.164189e+01  0.000000e+00  2.171979e+01
   endloop
 endfacet
 facet normal  0.000000e+00 -1.000000e+00 -0.000000e+00
   outer loop
     vertex  1.264709e+01  0.000000e+00  3.432990e+01
     vertex  1.164189e+01  0.000000e+00  2.171979e+01
     vertex  1.266602e+01  0.000000e+00  3.429029e+01
   endloop
 endfacet
 facet normal -0.000000e+00 -1.000000e+00  0.000000e+00
   outer loop
     vertex  1.343988e+01  0.000000e+00  3.354252e+01
     vertex  1.340014e+01  0.000000e+00  3.356118e+01
     vertex  1.305248e+01  0.000000e+00  2.281118e+01
   endloop
 endfacet
 facet normal  0.000000e+00 -1.000000e+00  0.000000e+00
   outer loop
     vertex  1.343988e+01  0.000000e+00  3.354252e+01
     vertex  1.305248e+01  0.000000e+00  2.281118e+01
     vertex  1.313000e+01  0.000000e+00  2.283886e+01
   endloop
 endfacet
 facet normal  0.000000e+00 -1.000000e+00  0.000000e+00
   outer loop
     vertex  1.262925e+01  0.000000e+00  3.437001e+01
     vertex  1.155126e+01  0.000000e+00  2.158238e+01
     vertex  1.159563e+01  0.000000e+00  2.165171e+01
   endloop
 endfacet
 facet normal  0.000000e+00 -1.000000e+00 -0.000000e+00
   outer loop
     vertex  1.262925e+01  0.000000e+00  3.437001e+01
     vertex  1.159563e+01  0.000000e+00  2.165171e+01
     vertex  1.264709e+01  0.000000e+00  3.432990e+01
   endloop
 endfacet
 facet normal -0.000000e+00 -1.000000e+00  0.000000e+00
   outer loop
     vertex  1.348011e+01  0.000000e+00  3.352496e+01
     vertex  1.343988e+01  0.000000e+00  3.354252e+01
     vertex  1.313000e+01  0.000000e+00  2.283886e+01
   endloop
 endfacet
 facet normal  0.000000e+00 -1.000000e+00  0.000000e+00
   outer loop
     vertex  1.261252e+01  0.000000e+00  3.441059e+01
     vertex  1.150881e+01  0.000000e+00  2.151187e+01
     vertex  1.155126e+01  0.000000e+00  2.158238e+01
   endloop
 endfacet
 facet normal  0.000000e+00 -1.000000e+00 -0.000000e+00
   outer loop
     vertex  1.261252e+01  0.000000e+00  3.441059e+01
     vertex  1.155126e+01  0.000000e+00  2.158238e+01
     vertex  1.262925e+01  0.000000e+00  3.437001e+01
   endloop
 endfacet
 facet normal -0.000000e+00 -1.000000e+00  0.000000e+00
   outer loop
     vertex  1.352081e+01  0.000000e+00  3.350851e+01
     vertex  1.348011e+01  0.000000e+00  3.352496e+01
     vertex  1.313000e+01  0.000000e+00  2.283886e+01
   endloop
 endfacet
 facet normal  0.000000e+00 -1.000000e+00  0.000000e+00
   outer loop
     vertex  1.352081e+01  0.000000e+00  3.350851e+01
     vertex  1.313000e+01  0.000000e+00  2.283886e+01
     vertex  1.320825e+01  0.000000e+00  2.286440e+01
   endloop
 endfacet
 facet normal  0.000000e+00 -1.000000e+00  0.000000e+00
   outer loop
     vertex  1.259691e+01  0.000000e+00  3.445162e+01
     vertex  1.146831e+01  0.000000e+00  2.144021e+01
     vertex  1.150881e+01  0.000000e+00  2.151187e+01
   endloop
 endfacet
 facet normal  0.000000e+00 -1.000000e+00 -0.000000e+00
   outer loop
     vertex  1.259691e+01  0.000000e+00  3.445162e+01
     vertex  1.150881e+01  0.000000e+00  2.151187e+01
     vertex  1.261252e+01  0.000000e+00  3.441059e+01
   endloop
 endfacet
 facet normal -0.000000e+00 -1.000000e+00  0.000000e+00
   outer loop
     vertex  1.356195e+01  0.000000e+00  3.349318e+01
     vertex  1.352081e+01  0.000000e+00  3.350851e+01
     vertex  1.320825e+01  0.000000e+00  2.286440e+01
   endloop
 endfacet
 facet normal  0.000000e+00 -1.000000e+00  0.000000e+00
   outer loop
     vertex  1.356195e+01  0.000000e+00  3.349318e+01
     vertex  1.320825e+01  0.000000e+00  2.286440e+01
     vertex  1.328716e+01  0.000000e+00  2.288778e+01
   endloop
 endfacet
 facet normal  0.000000e+00 -1.000000e+00  0.000000e+00
   outer loop
     vertex  1.258243e+01  0.000000e+00  3.449306e+01
     vertex  1.142979e+01  0.000000e+00  2.136747e+01
     vertex  1.146831e+01  0.000000e+00  2.144021e+01
   endloop
 endfacet
 facet normal  0.000000e+00 -1.000000e+00 -0.000000e+00
   outer loop
     vertex  1.258243e+01  0.000000e+00  3.449306e+01
     vertex  1.146831e+01  0.000000e+00  2.144021e+01
     vertex  1.259691e+01  0.000000e+00  3.445162e+01
   endloop
 endfacet
 facet normal  0.000000e+00 -1.000000e+00  0.000000e+00
   outer loop
     vertex  1.360349e+01  0.000000e+00  3.347899e+01
     vertex  1.328716e+01  0.000000e+00  2.288778e+01
     vertex  1.336669e+01  0.000000e+00  2.290900e+01
   endloop
 endfacet
 facet normal -0.000000e+00 -1.000000e+00  0.000000e+00
   outer loop
     vertex  1.360349e+01  0.000000e+00  3.347899e+01
     vertex  1.356195e+01  0.000000e+00  3.349318e+01
     vertex  1.328716e+01  0.000000e+00  2.288778e+01
   endloop
 endfacet
 facet normal  0.000000e+00 -1.000000e+00  0.000000e+00
   outer loop
     vertex  1.256909e+01  0.000000e+00  3.453489e+01
     vertex  1.139328e+01  0.000000e+00  2.129370e+01
     vertex  1.142979e+01  0.000000e+00  2.136747e+01
   endloop
 endfacet
 facet normal  0.000000e+00 -1.000000e+00 -0.000000e+00
   outer loop
     vertex  1.256909e+01  0.000000e+00  3.453489e+01
     vertex  1.142979e+01  0.000000e+00  2.136747e+01
     vertex  1.258243e+01  0.000000e+00  3.449306e+01
   endloop
 endfacet
 facet normal  0.000000e+00 -1.000000e+00  0.000000e+00
   outer loop
     vertex  1.364540e+01  0.000000e+00  3.346594e+01
     vertex  1.336669e+01  0.000000e+00  2.290900e+01
     vertex  1.344678e+01  0.000000e+00  2.292802e+01
   endloop
 endfacet
 facet normal -0.000000e+00 -1.000000e+00  0.000000e+00
   outer loop
     vertex  1.364540e+01  0.000000e+00  3.346594e+01
     vertex  1.360349e+01  0.000000e+00  3.347899e+01
     vertex  1.336669e+01  0.000000e+00  2.290900e+01
   endloop
 endfacet
 facet normal  0.000000e+00 -1.000000e+00  0.000000e+00
   outer loop
     vertex  1.255691e+01  0.000000e+00  3.457706e+01
     vertex  1.135881e+01  0.000000e+00  2.121896e+01
     vertex  1.139328e+01  0.000000e+00  2.129370e+01
   endloop
 endfacet
 facet normal  0.000000e+00 -1.000000e+00 -0.000000e+00
   outer loop
     vertex  1.255691e+01  0.000000e+00  3.457706e+01
     vertex  1.139328e+01  0.000000e+00  2.129370e+01
     vertex  1.256909e+01  0.000000e+00  3.453489e+01
   endloop
 endfacet
 facet normal  0.000000e+00 -1.000000e+00  0.000000e+00
   outer loop
     vertex  1.368766e+01  0.000000e+00  3.345405e+01
     vertex  1.344678e+01  0.000000e+00  2.292802e+01
     vertex  1.352735e+01  0.000000e+00  2.294484e+01
   endloop
 endfacet
 facet normal -0.000000e+00 -1.000000e+00  0.000000e+00
   outer loop
     vertex  1.368766e+01  0.000000e+00  3.345405e+01
     vertex  1.364540e+01  0.000000e+00  3.346594e+01
     vertex  1.344678e+01  0.000000e+00  2.292802e+01
   endloop
 endfacet
 facet normal  0.000000e+00 -1.000000e+00  0.000000e+00
   outer loop
     vertex  1.254589e+01  0.000000e+00  3.461955e+01
     vertex  1.132640e+01  0.000000e+00  2.114330e+01
     vertex  1.135881e+01  0.000000e+00  2.121896e+01
   endloop
 endfacet
 facet normal  0.000000e+00 -1.000000e+00 -0.000000e+00
   outer loop
     vertex  1.254589e+01  0.000000e+00  3.461955e+01
     vertex  1.135881e+01  0.000000e+00  2.121896e+01
     vertex  1.255691e+01  0.000000e+00  3.457706e+01
   endloop
 endfacet
 facet normal -0.000000e+00 -1.000000e+00  0.000000e+00
   outer loop
     vertex  1.373022e+01  0.000000e+00  3.344332e+01
     vertex  1.368766e+01  0.000000e+00  3.345405e+01
     vertex  1.352735e+01  0.000000e+00  2.294484e+01
   endloop
 endfacet
 facet normal  0.000000e+00 -1.000000e+00 -0.000000e+00
   outer loop
     vertex  1.253604e+01  0.000000e+00  3.466233e+01
     vertex  1.132640e+01  0.000000e+00  2.114330e+01
     vertex  1.254589e+01  0.000000e+00  3.461955e+01
   endloop
 endfacet
 facet normal  0.000000e+00 -1.000000e+00  0.000000e+00
   outer loop
     vertex  1.377307e+01  0.000000e+00  3.343376e+01
     vertex  1.352735e+01  0.000000e+00  2.294484e+01
     vertex  1.360835e+01  0.000000e+00  2.295944e+01
   endloop
 endfacet
 facet normal -0.000000e+00 -1.000000e+00  0.000000e+00
   outer loop
     vertex  1.377307e+01  0.000000e+00  3.343376e+01
     vertex  1.373022e+01  0.000000e+00  3.344332e+01
     vertex  1.352735e+01  0.000000e+00  2.294484e+01
   endloop
 endfacet
 facet normal  0.000000e+00 -1.000000e+00  0.000000e+00
   outer loop
     vertex  1.252736e+01  0.000000e+00  3.470537e+01
     vertex  1.129608e+01  0.000000e+00  2.106677e+01
     vertex  1.132640e+01  0.000000e+00  2.114330e+01
   endloop
 endfacet
 facet normal  0.000000e+00 -1.000000e+00 -0.000000e+00
   outer loop
     vertex  1.252736e+01  0.000000e+00  3.470537e+01
     vertex  1.132640e+01  0.000000e+00  2.114330e+01
     vertex  1.253604e+01  0.000000e+00  3.466233e+01
   endloop
 endfacet
 facet normal  0.000000e+00 -1.000000e+00  0.000000e+00
   outer loop
     vertex  1.381616e+01  0.000000e+00  3.342538e+01
     vertex  1.360835e+01  0.000000e+00  2.295944e+01
     vertex  1.368973e+01  0.000000e+00  2.297181e+01
   endloop
 endfacet
 facet normal -0.000000e+00 -1.000000e+00  0.000000e+00
   outer loop
     vertex  1.381616e+01  0.000000e+00  3.342538e+01
     vertex  1.377307e+01  0.000000e+00  3.343376e+01
     vertex  1.360835e+01  0.000000e+00  2.295944e+01
   endloop
 endfacet
 facet normal  0.000000e+00 -1.000000e+00 -0.000000e+00
   outer loop
     vertex  1.251987e+01  0.000000e+00  3.474862e+01
     vertex  1.129608e+01  0.000000e+00  2.106677e+01
     vertex  1.252736e+01  0.000000e+00  3.470537e+01
   endloop
 endfacet
 facet normal  0.000000e+00 -1.000000e+00  0.000000e+00
   outer loop
     vertex  1.251987e+01  0.000000e+00  3.474862e+01
     vertex  1.126786e+01  0.000000e+00  2.098945e+01
     vertex  1.129608e+01  0.000000e+00  2.106677e+01
   endloop
 endfacet
 facet normal  0.000000e+00 -1.000000e+00  0.000000e+00
   outer loop
     vertex  1.385947e+01  0.000000e+00  3.341818e+01
     vertex  1.368973e+01  0.000000e+00  2.297181e+01
     vertex  1.377141e+01  0.000000e+00  2.298195e+01
   endloop
 endfacet
 facet normal -0.000000e+00 -1.000000e+00  0.000000e+00
   outer loop
     vertex  1.385947e+01  0.000000e+00  3.341818e+01
     vertex  1.381616e+01  0.000000e+00  3.342538e+01
     vertex  1.368973e+01  0.000000e+00  2.297181e+01
   endloop
 endfacet
 facet normal  0.000000e+00 -1.000000e+00  0.000000e+00
   outer loop
     vertex  1.251357e+01  0.000000e+00  3.479206e+01
     vertex  1.124179e+01  0.000000e+00  2.091138e+01
     vertex  1.126786e+01  0.000000e+00  2.098945e+01
   endloop
 endfacet
 facet normal  0.000000e+00 -1.000000e+00 -0.000000e+00
   outer loop
     vertex  1.251357e+01  0.000000e+00  3.479206e+01
     vertex  1.126786e+01  0.000000e+00  2.098945e+01
     vertex  1.251987e+01  0.000000e+00  3.474862e+01
   endloop
 endfacet
 facet normal  0.000000e+00 -1.000000e+00  0.000000e+00
   outer loop
     vertex  1.390295e+01  0.000000e+00  3.341218e+01
     vertex  1.377141e+01  0.000000e+00  2.298195e+01
     vertex  1.385334e+01  0.000000e+00  2.298984e+01
   endloop
 endfacet
 facet normal -0.000000e+00 -1.000000e+00  0.000000e+00
   outer loop
     vertex  1.390295e+01  0.000000e+00  3.341218e+01
     vertex  1.385947e+01  0.000000e+00  3.341818e+01
     vertex  1.377141e+01  0.000000e+00  2.298195e+01
   endloop
 endfacet
 facet normal  0.000000e+00 -1.000000e+00  0.000000e+00
   outer loop
     vertex  1.250846e+01  0.000000e+00  3.483567e+01
     vertex  1.121786e+01  0.000000e+00  2.083262e+01
     vertex  1.124179e+01  0.000000e+00  2.091138e+01
   endloop
 endfacet
 facet normal  0.000000e+00 -1.000000e+00 -0.000000e+00
   outer loop
     vertex  1.250846e+01  0.000000e+00  3.483567e+01
     vertex  1.124179e+01  0.000000e+00  2.091138e+01
     vertex  1.251357e+01  0.000000e+00  3.479206e+01
   endloop
 endfacet
 facet normal  0.000000e+00 -1.000000e+00  0.000000e+00
   outer loop
     vertex  1.394659e+01  0.000000e+00  3.340737e+01
     vertex  1.385334e+01  0.000000e+00  2.298984e+01
     vertex  1.393546e+01  0.000000e+00  2.299548e+01
   endloop
 endfacet
 facet normal -0.000000e+00 -1.000000e+00  0.000000e+00
   outer loop
     vertex  1.394659e+01  0.000000e+00  3.340737e+01
     vertex  1.390295e+01  0.000000e+00  3.341218e+01
     vertex  1.385334e+01  0.000000e+00  2.298984e+01
   endloop
 endfacet
 facet normal -0.000000e+00 -1.000000e+00  0.000000e+00
   outer loop
     vertex  1.399034e+01  0.000000e+00  3.340376e+01
     vertex  1.394659e+01  0.000000e+00  3.340737e+01
     vertex  1.393546e+01  0.000000e+00  2.299548e+01
   endloop
 endfacet
 facet normal  0.000000e+00 -1.000000e+00  0.000000e+00
   outer loop
     vertex  1.403417e+01  0.000000e+00  3.340135e+01
     vertex  1.393546e+01  0.000000e+00  2.299548e+01
     vertex  1.401770e+01  0.000000e+00  2.299887e+01
   endloop
 endfacet
 facet normal -0.000000e+00 -1.000000e+00  0.000000e+00
   outer loop
     vertex  1.403417e+01  0.000000e+00  3.340135e+01
     vertex  1.399034e+01  0.000000e+00  3.340376e+01
     vertex  1.393546e+01  0.000000e+00  2.299548e+01
   endloop
 endfacet
 facet normal  0.000000e+00 -1.000000e+00 -0.000000e+00
   outer loop
     vertex  1.407805e+01  0.000000e+00  3.340015e+01
     vertex  1.401770e+01  0.000000e+00  2.299887e+01
     vertex  1.410000e+01  0.000000e+00  2.300000e+01
   endloop
 endfacet
 facet normal -0.000000e+00 -1.000000e+00  0.000000e+00
   outer loop
     vertex  1.407805e+01  0.000000e+00  3.340015e+01
     vertex  1.403417e+01  0.000000e+00  3.340135e+01
     vertex  1.401770e+01  0.000000e+00  2.299887e+01
   endloop
 endfacet
 facet normal  0.000000e+00 -1.000000e+00 -0.000000e+00
   outer loop
     vertex  1.412195e+01  0.000000e+00  3.340015e+01
     vertex  1.410000e+01  0.000000e+00  2.300000e+01
     vertex  1.418230e+01  0.000000e+00  2.299887e+01
   endloop
 endfacet
 facet normal -0.000000e+00 -1.000000e+00  0.000000e+00
   outer loop
     vertex  1.412195e+01  0.000000e+00  3.340015e+01
     vertex  1.407805e+01  0.000000e+00  3.340015e+01
     vertex  1.410000e+01  0.000000e+00  2.300000e+01
   endloop
 endfacet
 facet normal  0.000000e+00 -1.000000e+00 -0.000000e+00
   outer loop
     vertex  1.416583e+01  0.000000e+00  3.340135e+01
     vertex  1.412195e+01  0.000000e+00  3.340015e+01
     vertex  1.418230e+01  0.000000e+00  2.299887e+01
   endloop
 endfacet
 facet normal  0.000000e+00 -1.000000e+00  0.000000e+00
   outer loop
     vertex  1.416583e+01  0.000000e+00  3.340135e+01
     vertex  1.418230e+01  0.000000e+00  2.299887e+01
     vertex  1.426454e+01  0.000000e+00  2.299548e+01
   endloop
 endfacet
 facet normal  0.000000e+00 -1.000000e+00 -0.000000e+00
   outer loop
     vertex  1.420966e+01  0.000000e+00  3.340376e+01
     vertex  1.416583e+01  0.000000e+00  3.340135e+01
     vertex  1.426454e+01  0.000000e+00  2.299548e+01
   endloop
 endfacet
 facet normal  0.000000e+00 -1.000000e+00 -0.000000e+00
   outer loop
     vertex  1.425341e+01  0.000000e+00  3.340737e+01
     vertex  1.420966e+01  0.000000e+00  3.340376e+01
     vertex  1.426454e+01  0.000000e+00  2.299548e+01
   endloop
 endfacet
 facet normal  0.000000e+00 -1.000000e+00  0.000000e+00
   outer loop
     vertex  1.425341e+01  0.000000e+00  3.340737e+01
     vertex  1.426454e+01  0.000000e+00  2.299548e+01
     vertex  1.434666e+01  0.000000e+00  2.298984e+01
   endloop
 endfacet
 facet normal  0.000000e+00 -1.000000e+00 -0.000000e+00
   outer loop
     vertex  1.429705e+01  0.000000e+00  3.341218e+01
     vertex  1.425341e+01  0.000000e+00  3.340737e+01
     vertex  1.434666e+01  0.000000e+00  2.298984e+01
   endloop
 endfacet
 facet normal  0.000000e+00 -1.000000e+00  0.000000e+00
   outer loop
     vertex  1.429705e+01  0.000000e+00  3.341218e+01
     vertex  1.434666e+01  0.000000e+00  2.298984e+01
     vertex  1.442859e+01  0.000000e+00  2.298195e+01
   endloop
 endfacet
 facet normal  0.000000e+00 -1.000000e+00  0.000000e+00
   outer loop
     vertex  1.434053e+01  0.000000e+00  3.341818e+01
     vertex  1.442859e+01  0.000000e+00  2.298195e+01
     vertex  1.451027e+01  0.000000e+00  2.297181e+01
   endloop
 endfacet
 facet normal  0.000000e+00 -1.000000e+00 -0.000000e+00
   outer loop
     vertex  1.434053e+01  0.000000e+00  3.341818e+01
     vertex  1.429705e+01  0.000000e+00  3.341218e+01
     vertex  1.442859e+01  0.000000e+00  2.298195e+01
   endloop
 endfacet
 facet normal  0.000000e+00 -1.000000e+00 -0.000000e+00
   outer loop
     vertex  1.438384e+01  0.000000e+00  3.342538e+01
     vertex  1.434053e+01  0.000000e+00  3.341818e+01
     vertex  1.451027e+01  0.000000e+00  2.297181e+01
   endloop
 endfacet
 facet normal  0.000000e+00 -1.000000e+00  0.000000e+00
   outer loop
     vertex  1.438384e+01  0.000000e+00  3.342538e+01
     vertex  1.451027e+01  0.000000e+00  2.297181e+01
     vertex  1.459165e+01  0.000000e+00  2.295944e+01
   endloop
 endfacet
 facet normal  0.000000e+00 -1.000000e+00  0.000000e+00
   outer loop
     vertex  1.442693e+01  0.000000e+00  3.343376e+01
     vertex  1.459165e+01  0.000000e+00  2.295944e+01
     vertex  1.467265e+01  0.000000e+00  2.294484e+01
   endloop
 endfacet
 facet normal  0.000000e+00 -1.000000e+00 -0.000000e+00
   outer loop
     vertex  1.442693e+01  0.000000e+00  3.343376e+01
     vertex  1.438384e+01  0.000000e+00  3.342538e+01
     vertex  1.459165e+01  0.000000e+00  2.295944e+01
   endloop
 endfacet
 facet normal  0.000000e+00 -1.000000e+00 -0.000000e+00
   outer loop
     vertex  1.446978e+01  0.000000e+00  3.344332e+01
     vertex  1.442693e+01  0.000000e+00  3.343376e+01
     vertex  1.467265e+01  0.000000e+00  2.294484e+01
   endloop
 endfacet
 facet normal  0.000000e+00 -1.000000e+00 -0.000000e+00
   outer loop
     vertex  1.451234e+01  0.000000e+00  3.345405e+01
     vertex  1.446978e+01  0.000000e+00  3.344332e+01
     vertex  1.467265e+01  0.000000e+00  2.294484e+01
   endloop
 endfacet
 facet normal  0.000000e+00 -1.000000e+00  0.000000e+00
   outer loop
     vertex  1.451234e+01  0.000000e+00  3.345405e+01
     vertex  1.467265e+01  0.000000e+00  2.294484e+01
     vertex  1.475322e+01  0.000000e+00  2.292802e+01
   endloop
 endfacet
 facet normal  0.000000e+00 -1.000000e+00  0.000000e+00
   outer loop
     vertex  1.455460e+01  0.000000e+00  3.346594e+01
     vertex  1.475322e+01  0.000000e+00  2.292802e+01
     vertex  1.483331e+01  0.000000e+00  2.290900e+01
   endloop
 endfacet
 facet normal  0.000000e+00 -1.000000e+00 -0.000000e+00
   outer loop
     vertex  1.455460e+01  0.000000e+00  3.346594e+01
     vertex  1.451234e+01  0.000000e+00  3.345405e+01
     vertex  1.475322e+01  0.000000e+00  2.292802e+01
   endloop
 endfacet
 facet normal  0.000000e+00 -1.000000e+00  0.000000e+00
   outer loop
     vertex  1.459651e+01  0.000000e+00  3.347899e+01
     vertex  1.483331e+01  0.000000e+00  2.290900e+01
     vertex  1.491284e+01  0.000000e+00  2.288778e+01
   endloop
 endfacet
 facet normal  0.000000e+00 -1.000000e+00 -0.000000e+00
   outer loop
     vertex  1.459651e+01  0.000000e+00  3.347899e+01
     vertex  1.455460e+01  0.000000e+00  3.346594e+01
     vertex  1.483331e+01  0.000000e+00  2.290900e+01
   endloop
 endfacet
 facet normal  0.000000e+00 -1.000000e+00 -0.000000e+00
   outer loop
     vertex  1.463805e+01  0.000000e+00  3.349318e+01
     vertex  1.459651e+01  0.000000e+00  3.347899e+01
     vertex  1.491284e+01  0.000000e+00  2.288778e+01
   endloop
 endfacet
 facet normal  0.000000e+00 -1.000000e+00  0.000000e+00
   outer loop
     vertex  1.463805e+01  0.000000e+00  3.349318e+01
     vertex  1.491284e+01  0.000000e+00  2.288778e+01
     vertex  1.499175e+01  0.000000e+00  2.286440e+01
   endloop
 endfacet
 facet normal  0.000000e+00 -1.000000e+00  0.000000e+00
   outer loop
     vertex  1.467919e+01  0.000000e+00  3.350851e+01
     vertex  1.499175e+01  0.000000e+00  2.286440e+01
     vertex  1.507000e+01  0.000000e+00  2.283886e+01
   endloop
 endfacet
 facet normal  0.000000e+00 -1.000000e+00 -0.000000e+00
   outer loop
     vertex  1.467919e+01  0.000000e+00  3.350851e+01
     vertex  1.463805e+01  0.000000e+00  3.349318e+01
     vertex  1.499175e+01  0.000000e+00  2.286440e+01
   endloop
 endfacet
 facet normal  0.000000e+00 -1.000000e+00 -0.000000e+00
   outer loop
     vertex  1.471989e+01  0.000000e+00  3.352496e+01
     vertex  1.467919e+01  0.000000e+00  3.350851e+01
     vertex  1.507000e+01  0.000000e+00  2.283886e+01
   endloop
 endfacet
 facet normal  0.000000e+00 -1.000000e+00  0.000000e+00
   outer loop
     vertex  1.476012e+01  0.000000e+00  3.354252e+01
     vertex  1.507000e+01  0.000000e+00  2.283886e+01
     vertex  1.514752e+01  0.000000e+00  2.281118e+01
   endloop
 endfacet
 facet normal  0.000000e+00 -1.000000e+00 -0.000000e+00
   outer loop
     vertex  1.476012e+01  0.000000e+00  3.354252e+01
     vertex  1.471989e+01  0.000000e+00  3.352496e+01
     vertex  1.507000e+01  0.000000e+00  2.283886e+01
   endloop
 endfacet
 facet normal  0.000000e+00 -1.000000e+00  0.000000e+00
   outer loop
     vertex  1.479986e+01  0.000000e+00  3.356118e+01
     vertex  1.514752e+01  0.000000e+00  2.281118e+01
     vertex  1.522424e+01  0.000000e+00  2.278138e+01
   endloop
 endfacet
 facet normal  0.000000e+00 -1.000000e+00 -0.000000e+00
   outer loop
     vertex  1.479986e+01  0.000000e+00  3.356118e+01
     vertex  1.476012e+01  0.000000e+00  3.354252e+01
     vertex  1.514752e+01  0.000000e+00  2.281118e+01
   endloop
 endfacet
 facet normal  0.000000e+00 -1.000000e+00  0.000000e+00
   outer loop
     vertex  1.483907e+01  0.000000e+00  3.358092e+01
     vertex  1.522424e+01  0.000000e+00  2.278138e+01
     vertex  1.530013e+01  0.000000e+00  2.274949e+01
   endloop
 endfacet
 facet normal  0.000000e+00 -1.000000e+00 -0.000000e+00
   outer loop
     vertex  1.483907e+01  0.000000e+00  3.358092e+01
     vertex  1.479986e+01  0.000000e+00  3.356118e+01
     vertex  1.522424e+01  0.000000e+00  2.278138e+01
   endloop
 endfacet
 facet normal  0.000000e+00 -1.000000e+00  0.000000e+00
   outer loop
     vertex  1.487772e+01  0.000000e+00  3.360173e+01
     vertex  1.530013e+01  0.000000e+00  2.274949e+01
     vertex  1.537510e+01  0.000000e+00  2.271553e+01
   endloop
 endfacet
 facet normal  0.000000e+00 -1.000000e+00 -0.000000e+00
   outer loop
     vertex  1.487772e+01  0.000000e+00  3.360173e+01
     vertex  1.483907e+01  0.000000e+00  3.358092e+01
     vertex  1.530013e+01  0.000000e+00  2.274949e+01
   endloop
 endfacet
 facet normal  0.000000e+00 -1.000000e+00  0.000000e+00
   outer loop
     vertex  1.491579e+01  0.000000e+00  3.362360e+01
     vertex  1.537510e+01  0.000000e+00  2.271553e+01
     vertex  1.544912e+01  0.000000e+00  2.267953e+01
   endloop
 endfacet
 facet normal  0.000000e+00 -1.000000e+00 -0.000000e+00
   outer loop
     vertex  1.491579e+01  0.000000e+00  3.362360e+01
     vertex  1.487772e+01  0.000000e+00  3.360173e+01
     vertex  1.537510e+01  0.000000e+00  2.271553e+01
   endloop
 endfacet
 facet normal  0.000000e+00 -1.000000e+00 -0.000000e+00
   outer loop
     vertex  1.495324e+01  0.000000e+00  3.364649e+01
     vertex  1.491579e+01  0.000000e+00  3.362360e+01
     vertex  1.544912e+01  0.000000e+00  2.267953e+01
   endloop
 endfacet
 facet normal  0.000000e+00 -1.000000e+00  0.000000e+00
   outer loop
     vertex  1.495324e+01  0.000000e+00  3.364649e+01
     vertex  1.544912e+01  0.000000e+00  2.267953e+01
     vertex  1.552212e+01  0.000000e+00  2.264151e+01
   endloop
 endfacet
 facet normal  0.000000e+00 -1.000000e+00 -0.000000e+00
   outer loop
     vertex  1.499005e+01  0.000000e+00  3.367041e+01
     vertex  1.495324e+01  0.000000e+00  3.364649e+01
     vertex  1.552212e+01  0.000000e+00  2.264151e+01
   endloop
 endfacet
 facet normal  0.000000e+00 -1.000000e+00  0.000000e+00
   outer loop
     vertex  1.502619e+01  0.000000e+00  3.369533e+01
     vertex  1.552212e+01  0.000000e+00  2.264151e+01
     vertex  1.559406e+01  0.000000e+00  2.260150e+01
   endloop
 endfacet
 facet normal  0.000000e+00 -1.000000e+00 -0.000000e+00
   outer loop
     vertex  1.502619e+01  0.000000e+00  3.369533e+01
     vertex  1.499005e+01  0.000000e+00  3.367041e+01
     vertex  1.552212e+01  0.000000e+00  2.264151e+01
   endloop
 endfacet
 facet normal  0.000000e+00 -1.000000e+00 -0.000000e+00
   outer loop
     vertex  1.506164e+01  0.000000e+00  3.372123e+01
     vertex  1.502619e+01  0.000000e+00  3.369533e+01
     vertex  1.559406e+01  0.000000e+00  2.260150e+01
   endloop
 endfacet
 facet normal  0.000000e+00 -1.000000e+00  0.000000e+00
   outer loop
     vertex  1.506164e+01  0.000000e+00  3.372123e+01
     vertex  1.559406e+01  0.000000e+00  2.260150e+01
     vertex  1.566486e+01  0.000000e+00  2.255953e+01
   endloop
 endfacet
 facet normal  0.000000e+00 -1.000000e+00 -0.000000e+00
   outer loop
     vertex  1.509636e+01  0.000000e+00  3.374809e+01
     vertex  1.506164e+01  0.000000e+00  3.372123e+01
     vertex  1.566486e+01  0.000000e+00  2.255953e+01
   endloop
 endfacet
 facet normal  0.000000e+00 -1.000000e+00  0.000000e+00
   outer loop
     vertex  1.509636e+01  0.000000e+00  3.374809e+01
     vertex  1.566486e+01  0.000000e+00  2.255953e+01
     vertex  1.573449e+01  0.000000e+00  2.251564e+01
   endloop
 endfacet
 facet normal  0.000000e+00 -1.000000e+00  0.000000e+00
   outer loop
     vertex  1.513033e+01  0.000000e+00  3.377590e+01
     vertex  1.573449e+01  0.000000e+00  2.251564e+01
     vertex  1.580289e+01  0.000000e+00  2.246985e+01
   endloop
 endfacet
 facet normal  0.000000e+00 -1.000000e+00 -0.000000e+00
   outer loop
     vertex  1.513033e+01  0.000000e+00  3.377590e+01
     vertex  1.509636e+01  0.000000e+00  3.374809e+01
     vertex  1.573449e+01  0.000000e+00  2.251564e+01
   endloop
 endfacet
 facet normal  0.000000e+00 -1.000000e+00 -0.000000e+00
   outer loop
     vertex  1.516352e+01  0.000000e+00  3.380462e+01
     vertex  1.513033e+01  0.000000e+00  3.377590e+01
     vertex  1.580289e+01  0.000000e+00  2.246985e+01
   endloop
 endfacet
 facet normal  0.000000e+00 -1.000000e+00  0.000000e+00
   outer loop
     vertex  1.516352e+01  0.000000e+00  3.380462e+01
     vertex  1.580289e+01  0.000000e+00  2.246985e+01
     vertex  1.587001e+01  0.000000e+00  2.242220e+01
   endloop
 endfacet
 facet normal  0.000000e+00 -1.000000e+00  0.000000e+00
   outer loop
     vertex  1.519592e+01  0.000000e+00  3.383425e+01
     vertex  1.587001e+01  0.000000e+00  2.242220e+01
     vertex  1.593579e+01  0.000000e+00  2.237273e+01
   endloop
 endfacet
 facet normal  0.000000e+00 -1.000000e+00 -0.000000e+00
   outer loop
     vertex  1.519592e+01  0.000000e+00  3.383425e+01
     vertex  1.516352e+01  0.000000e+00  3.380462e+01
     vertex  1.587001e+01  0.000000e+00  2.242220e+01
   endloop
 endfacet
 facet normal  0.000000e+00 -1.000000e+00 -0.000000e+00
   outer loop
     vertex  1.522748e+01  0.000000e+00  3.386476e+01
     vertex  1.519592e+01  0.000000e+00  3.383425e+01
     vertex  1.593579e+01  0.000000e+00  2.237273e+01
   endloop
 endfacet
 facet normal  0.000000e+00 -1.000000e+00 -0.000000e+00
   outer loop
     vertex  1.525820e+01  0.000000e+00  3.389611e+01
     vertex  1.522748e+01  0.000000e+00  3.386476e+01
     vertex  1.593579e+01  0.000000e+00  2.237273e+01
   endloop
 endfacet
 facet normal  0.000000e+00 -1.000000e+00  0.000000e+00
   outer loop
     vertex  1.525820e+01  0.000000e+00  3.389611e+01
     vertex  1.593579e+01  0.000000e+00  2.237273e+01
     vertex  1.600020e+01  0.000000e+00  2.232148e+01
   endloop
 endfacet
 facet normal  0.000000e+00 -1.000000e+00 -0.000000e+00
   outer loop
     vertex  1.528805e+01  0.000000e+00  3.392830e+01
     vertex  1.525820e+01  0.000000e+00  3.389611e+01
     vertex  1.600020e+01  0.000000e+00  2.232148e+01
   endloop
 endfacet
 facet normal  0.000000e+00 -1.000000e+00  0.000000e+00
   outer loop
     vertex  1.528805e+01  0.000000e+00  3.392830e+01
     vertex  1.600020e+01  0.000000e+00  2.232148e+01
     vertex  1.606317e+01  0.000000e+00  2.226847e+01
   endloop
 endfacet
 facet normal  0.000000e+00 -1.000000e+00 -0.000000e+00
   outer loop
     vertex  1.531701e+01  0.000000e+00  3.396130e+01
     vertex  1.528805e+01  0.000000e+00  3.392830e+01
     vertex  1.606317e+01  0.000000e+00  2.226847e+01
   endloop
 endfacet
 facet normal  0.000000e+00 -1.000000e+00  0.000000e+00
   outer loop
     vertex  1.531701e+01  0.000000e+00  3.396130e+01
     vertex  1.606317e+01  0.000000e+00  2.226847e+01
     vertex  1.612466e+01  0.000000e+00  2.221376e+01
   endloop
 endfacet
 facet normal  0.000000e+00 -1.000000e+00 -0.000000e+00
   outer loop
     vertex  1.534504e+01  0.000000e+00  3.399508e+01
     vertex  1.531701e+01  0.000000e+00  3.396130e+01
     vertex  1.612466e+01  0.000000e+00  2.221376e+01
   endloop
 endfacet
 facet normal  0.000000e+00 -1.000000e+00  0.000000e+00
   outer loop
     vertex  1.534504e+01  0.000000e+00  3.399508e+01
     vertex  1.612466e+01  0.000000e+00  2.221376e+01
     vertex  1.618463e+01  0.000000e+00  2.215738e+01
   endloop
 endfacet
 facet normal  0.000000e+00 -1.000000e+00  0.000000e+00
   outer loop
     vertex  1.537214e+01  0.000000e+00  3.402961e+01
     vertex  1.618463e+01  0.000000e+00  2.215738e+01
     vertex  1.624303e+01  0.000000e+00  2.209938e+01
   endloop
 endfacet
 facet normal  0.000000e+00 -1.000000e+00 -0.000000e+00
   outer loop
     vertex  1.537214e+01  0.000000e+00  3.402961e+01
     vertex  1.534504e+01  0.000000e+00  3.399508e+01
     vertex  1.618463e+01  0.000000e+00  2.215738e+01
   endloop
 endfacet
 facet normal  0.000000e+00 -1.000000e+00 -0.000000e+00
   outer loop
     vertex  1.539829e+01  0.000000e+00  3.406488e+01
     vertex  1.537214e+01  0.000000e+00  3.402961e+01
     vertex  1.624303e+01  0.000000e+00  2.209938e+01
   endloop
 endfacet
 facet normal  0.000000e+00 -1.000000e+00  0.000000e+00
   outer loop
     vertex  1.539829e+01  0.000000e+00  3.406488e+01
     vertex  1.624303e+01  0.000000e+00  2.209938e+01
     vertex  1.629982e+01  0.000000e+00  2.203980e+01
   endloop
 endfacet
 facet normal  0.000000e+00 -1.000000e+00 -0.000000e+00
   outer loop
     vertex  1.542345e+01  0.000000e+00  3.410085e+01
     vertex  1.539829e+01  0.000000e+00  3.406488e+01
     vertex  1.629982e+01  0.000000e+00  2.203980e+01
   endloop
 endfacet
 facet normal  0.000000e+00 -1.000000e+00  0.000000e+00
   outer loop
     vertex  1.542345e+01  0.000000e+00  3.410085e+01
     vertex  1.629982e+01  0.000000e+00  2.203980e+01
     vertex  1.635495e+01  0.000000e+00  2.197868e+01
   endloop
 endfacet
 facet normal  0.000000e+00 -1.000000e+00 -0.000000e+00
   outer loop
     vertex  1.544762e+01  0.000000e+00  3.413749e+01
     vertex  1.542345e+01  0.000000e+00  3.410085e+01
     vertex  1.635495e+01  0.000000e+00  2.197868e+01
   endloop
 endfacet
 facet normal  0.000000e+00 -1.000000e+00  0.000000e+00
   outer loop
     vertex  1.544762e+01  0.000000e+00  3.413749e+01
     vertex  1.635495e+01  0.000000e+00  2.197868e+01
     vertex  1.640839e+01  0.000000e+00  2.191607e+01
   endloop
 endfacet
 facet normal  0.000000e+00 -1.000000e+00 -0.000000e+00
   outer loop
     vertex  1.547078e+01  0.000000e+00  3.417479e+01
     vertex  1.544762e+01  0.000000e+00  3.413749e+01
     vertex  1.640839e+01  0.000000e+00  2.191607e+01
   endloop
 endfacet
 facet normal  0.000000e+00 -1.000000e+00 -0.000000e+00
   outer loop
     vertex  1.549290e+01  0.000000e+00  3.421271e+01
     vertex  1.547078e+01  0.000000e+00  3.417479e+01
     vertex  1.640839e+01  0.000000e+00  2.191607e+01
   endloop
 endfacet
 facet normal  0.000000e+00 -1.000000e+00  0.000000e+00
   outer loop
     vertex  1.549290e+01  0.000000e+00  3.421271e+01
     vertex  1.640839e+01  0.000000e+00  2.191607e+01
     vertex  1.646009e+01  0.000000e+00  2.185203e+01
   endloop
 endfacet
 facet normal  0.000000e+00 -1.000000e+00  0.000000e+00
   outer loop
     vertex  1.551397e+01  0.000000e+00  3.425122e+01
     vertex  1.646009e+01  0.000000e+00  2.185203e+01
     vertex  1.651001e+01  0.000000e+00  2.178658e+01
   endloop
 endfacet
 facet normal  0.000000e+00 -1.000000e+00 -0.000000e+00
   outer loop
     vertex  1.551397e+01  0.000000e+00  3.425122e+01
     vertex  1.549290e+01  0.000000e+00  3.421271e+01
     vertex  1.646009e+01  0.000000e+00  2.185203e+01
   endloop
 endfacet
 facet normal  0.000000e+00 -1.000000e+00  0.000000e+00
   outer loop
     vertex  1.553398e+01  0.000000e+00  3.429029e+01
     vertex  1.651001e+01  0.000000e+00  2.178658e+01
     vertex  1.655811e+01  0.000000e+00  2.171979e+01
   endloop
 endfacet
 facet normal  0.000000e+00 -1.000000e+00 -0.000000e+00
   outer loop
     vertex  1.553398e+01  0.000000e+00  3.429029e+01
     vertex  1.551397e+01  0.000000e+00  3.425122e+01
     vertex  1.651001e+01  0.000000e+00  2.178658e+01
   endloop
 endfacet
 facet normal  0.000000e+00 -1.000000e+00 -0.000000e+00
   outer loop
     vertex  1.555291e+01  0.000000e+00  3.432990e+01
     vertex  1.553398e+01  0.000000e+00  3.429029e+01
     vertex  1.655811e+01  0.000000e+00  2.171979e+01
   endloop
 endfacet
 facet normal  0.000000e+00 -1.000000e+00  0.000000e+00
   outer loop
     vertex  1.555291e+01  0.000000e+00  3.432990e+01
     vertex  1.655811e+01  0.000000e+00  2.171979e+01
     vertex  1.660437e+01  0.000000e+00  2.165171e+01
   endloop
 endfacet
 facet normal  0.000000e+00 -1.000000e+00  0.000000e+00
   outer loop
     vertex  1.557075e+01  0.000000e+00  3.437001e+01
     vertex  1.660437e+01  0.000000e+00  2.165171e+01
     vertex  1.664874e+01  0.000000e+00  2.158238e+01
   endloop
 endfacet
 facet normal  0.000000e+00 -1.000000e+00 -0.000000e+00
   outer loop
     vertex  1.557075e+01  0.000000e+00  3.437001e+01
     vertex  1.555291e+01  0.000000e+00  3.432990e+01
     vertex  1.660437e+01  0.000000e+00  2.165171e+01
   endloop
 endfacet
 facet normal  0.000000e+00 -1.000000e+00  0.000000e+00
   outer loop
     vertex  1.558748e+01  0.000000e+00  3.441059e+01
     vertex  1.664874e+01  0.000000e+00  2.158238e+01
     vertex  1.669119e+01  0.000000e+00  2.151187e+01
   endloop
 endfacet
 facet normal  0.000000e+00 -1.000000e+00 -0.000000e+00
   outer loop
     vertex  1.558748e+01  0.000000e+00  3.441059e+01
     vertex  1.557075e+01  0.000000e+00  3.437001e+01
     vertex  1.664874e+01  0.000000e+00  2.158238e+01
   endloop
 endfacet
 facet normal  0.000000e+00 -1.000000e+00  0.000000e+00
   outer loop
     vertex  1.560309e+01  0.000000e+00  3.445162e+01
     vertex  1.669119e+01  0.000000e+00  2.151187e+01
     vertex  1.673169e+01  0.000000e+00  2.144021e+01
   endloop
 endfacet
 facet normal  0.000000e+00 -1.000000e+00 -0.000000e+00
   outer loop
     vertex  1.560309e+01  0.000000e+00  3.445162e+01
     vertex  1.558748e+01  0.000000e+00  3.441059e+01
     vertex  1.669119e+01  0.000000e+00  2.151187e+01
   endloop
 endfacet
 facet normal  0.000000e+00 -1.000000e+00  0.000000e+00
   outer loop
     vertex  1.561757e+01  0.000000e+00  3.449306e+01
     vertex  1.673169e+01  0.000000e+00  2.144021e+01
     vertex  1.677021e+01  0.000000e+00  2.136747e+01
   endloop
 endfacet
 facet normal  0.000000e+00 -1.000000e+00 -0.000000e+00
   outer loop
     vertex  1.561757e+01  0.000000e+00  3.449306e+01
     vertex  1.560309e+01  0.000000e+00  3.445162e+01
     vertex  1.673169e+01  0.000000e+00  2.144021e+01
   endloop
 endfacet
 facet normal  0.000000e+00 -1.000000e+00 -0.000000e+00
   outer loop
     vertex  1.563091e+01  0.000000e+00  3.453489e+01
     vertex  1.561757e+01  0.000000e+00  3.449306e+01
     vertex  1.677021e+01  0.000000e+00  2.136747e+01
   endloop
 endfacet
 facet normal  0.000000e+00 -1.000000e+00  0.000000e+00
   outer loop
     vertex  1.563091e+01  0.000000e+00  3.453489e+01
     vertex  1.677021e+01  0.000000e+00  2.136747e+01
     vertex  1.680672e+01  0.000000e+00  2.129370e+01
   endloop
 endfacet
 facet normal  0.000000e+00 -1.000000e+00 -0.000000e+00
   outer loop
     vertex  1.564309e+01  0.000000e+00  3.457706e+01
     vertex  1.563091e+01  0.000000e+00  3.453489e+01
     vertex  1.680672e+01  0.000000e+00  2.129370e+01
   endloop
 endfacet
 facet normal  0.000000e+00 -1.000000e+00  0.000000e+00
   outer loop
     vertex  1.564309e+01  0.000000e+00  3.457706e+01
     vertex  1.680672e+01  0.000000e+00  2.129370e+01
     vertex  1.684119e+01  0.000000e+00  2.121896e+01
   endloop
 endfacet
 facet normal  0.000000e+00 -1.000000e+00 -0.000000e+00
   outer loop
     vertex  1.565411e+01  0.000000e+00  3.461955e+01
     vertex  1.564309e+01  0.000000e+00  3.457706e+01
     vertex  1.684119e+01  0.000000e+00  2.121896e+01
   endloop
 endfacet
 facet normal  0.000000e+00 -1.000000e+00  0.000000e+00
   outer loop
     vertex  1.565411e+01  0.000000e+00  3.461955e+01
     vertex  1.684119e+01  0.000000e+00  2.121896e+01
     vertex  1.687360e+01  0.000000e+00  2.114330e+01
   endloop
 endfacet
 facet normal  0.000000e+00 -1.000000e+00 -0.000000e+00
   outer loop
     vertex  1.566396e+01  0.000000e+00  3.466233e+01
     vertex  1.565411e+01  0.000000e+00  3.461955e+01
     vertex  1.687360e+01  0.000000e+00  2.114330e+01
   endloop
 endfacet
 facet normal  0.000000e+00 -1.000000e+00 -0.000000e+00
   outer loop
     vertex  1.567264e+01  0.000000e+00  3.470537e+01
     vertex  1.566396e+01  0.000000e+00  3.466233e+01
     vertex  1.687360e+01  0.000000e+00  2.114330e+01
   endloop
 endfacet
 facet normal  0.000000e+00 -1.000000e+00  0.000000e+00
   outer loop
     vertex  1.567264e+01  0.000000e+00  3.470537e+01
     vertex  1.687360e+01  0.000000e+00  2.114330e+01
     vertex  1.690392e+01  0.000000e+00  2.106677e+01
   endloop
 endfacet
 facet normal  0.000000e+00 -1.000000e+00 -0.000000e+00
   outer loop
     vertex  1.568013e+01  0.000000e+00  3.474862e+01
     vertex  1.567264e+01  0.000000e+00  3.470537e+01
     vertex  1.690392e+01  0.000000e+00  2.106677e+01
   endloop
 endfacet
 facet normal  0.000000e+00 -1.000000e+00  0.000000e+00
   outer loop
     vertex  1.568013e+01  0.000000e+00  3.474862e+01
     vertex  1.690392e+01  0.000000e+00  2.106677e+01
     vertex  1.693214e+01  0.000000e+00  2.098945e+01
   endloop
 endfacet
 facet normal  0.000000e+00 -1.000000e+00  0.000000e+00
   outer loop
     vertex  1.568643e+01  0.000000e+00  3.479206e+01
     vertex  1.693214e+01  0.000000e+00  2.098945e+01
     vertex  1.695821e+01  0.000000e+00  2.091138e+01
   endloop
 endfacet
 facet normal  0.000000e+00 -1.000000e+00 -0.000000e+00
   outer loop
     vertex  1.568643e+01  0.000000e+00  3.479206e+01
     vertex  1.568013e+01  0.000000e+00  3.474862e+01
     vertex  1.693214e+01  0.000000e+00  2.098945e+01
   endloop
 endfacet
 facet normal  0.000000e+00 -1.000000e+00 -0.000000e+00
   outer loop
     vertex  1.569154e+01  0.000000e+00  3.483567e+01
     vertex  1.568643e+01  0.000000e+00  3.479206e+01
     vertex  1.695821e+01  0.000000e+00  2.091138e+01
   endloop
 endfacet
 facet normal  0.000000e+00 -1.000000e+00  0.000000e+00
   outer loop
     vertex  1.569154e+01  0.000000e+00  3.483567e+01
     vertex  1.695821e+01  0.000000e+00  2.091138e+01
     vertex  1.698214e+01  0.000000e+00  2.083262e+01
   endloop
 endfacet
 facet normal  0.000000e+00 -1.000000e+00 -0.000000e+00
   outer loop
     vertex  1.160000e+01  0.000000e+00  4.000000e+01
     vertex  1.121786e+01  0.000000e+00  2.083262e+01
     vertex  1.250846e+01  0.000000e+00  3.483567e+01
   endloop
 endfacet
 facet normal  0.000000e+00 -1.000000e+00  0.000000e+00
   outer loop
     vertex  1.160000e+01  0.000000e+00  4.000000e+01
     vertex  1.117653e+01  0.000000e+00  2.067329e+01
     vertex  1.119610e+01  0.000000e+00  2.075324e+01
   endloop
 endfacet
 facet normal  0.000000e+00 -1.000000e+00  0.000000e+00
   outer loop
     vertex  1.160000e+01  0.000000e+00  4.000000e+01
     vertex  1.119610e+01  0.000000e+00  2.075324e+01
     vertex  1.121786e+01  0.000000e+00  2.083262e+01
   endloop
 endfacet
 facet normal  0.000000e+00 -1.000000e+00  0.000000e+00
   outer loop
     vertex  1.160000e+01  0.000000e+00  4.000000e+01
     vertex  1.250846e+01  0.000000e+00  3.483567e+01
     vertex  1.250455e+01  0.000000e+00  3.487939e+01
   endloop
 endfacet
 facet normal  0.000000e+00 -1.000000e+00  0.000000e+00
   outer loop
     vertex  1.160000e+01  0.000000e+00  4.000000e+01
     vertex  1.250455e+01  0.000000e+00  3.487939e+01
     vertex  1.250184e+01  0.000000e+00  3.492320e+01
   endloop
 endfacet
 facet normal  0.000000e+00 -1.000000e+00  0.000000e+00
   outer loop
     vertex  1.160000e+01  0.000000e+00  4.000000e+01
     vertex  1.250184e+01  0.000000e+00  3.492320e+01
     vertex  1.250034e+01  0.000000e+00  3.496708e+01
   endloop
 endfacet
 facet normal  0.000000e+00 -1.000000e+00  0.000000e+00
   outer loop
     vertex  1.160000e+01  0.000000e+00  4.000000e+01
     vertex  1.250034e+01  0.000000e+00  3.496708e+01
     vertex  1.250004e+01  0.000000e+00  3.501097e+01
   endloop
 endfacet
 facet normal  0.000000e+00 -1.000000e+00  0.000000e+00
   outer loop
     vertex  1.160000e+01  0.000000e+00  4.000000e+01
     vertex  1.250004e+01  0.000000e+00  3.501097e+01
     vertex  1.250094e+01  0.000000e+00  3.505486e+01
   endloop
 endfacet
 facet normal  0.000000e+00 -1.000000e+00  0.000000e+00
   outer loop
     vertex  1.160000e+01  0.000000e+00  4.000000e+01
     vertex  1.250094e+01  0.000000e+00  3.505486e+01
     vertex  1.250305e+01  0.000000e+00  3.509871e+01
   endloop
 endfacet
 facet normal  0.000000e+00 -1.000000e+00  0.000000e+00
   outer loop
     vertex  1.160000e+01  0.000000e+00  4.000000e+01
     vertex  1.250305e+01  0.000000e+00  3.509871e+01
     vertex  1.250636e+01  0.000000e+00  3.514249e+01
   endloop
 endfacet
 facet normal  0.000000e+00 -1.000000e+00  0.000000e+00
   outer loop
     vertex  1.160000e+01  0.000000e+00  4.000000e+01
     vertex  1.250636e+01  0.000000e+00  3.514249e+01
     vertex  1.251087e+01  0.000000e+00  3.518615e+01
   endloop
 endfacet
 facet normal  0.000000e+00 -1.000000e+00  0.000000e+00
   outer loop
     vertex  1.160000e+01  0.000000e+00  4.000000e+01
     vertex  1.251087e+01  0.000000e+00  3.518615e+01
     vertex  1.251657e+01  0.000000e+00  3.522968e+01
   endloop
 endfacet
 facet normal  0.000000e+00 -1.000000e+00  0.000000e+00
   outer loop
     vertex  1.160000e+01  0.000000e+00  4.000000e+01
     vertex  1.251657e+01  0.000000e+00  3.522968e+01
     vertex  1.252347e+01  0.000000e+00  3.527303e+01
   endloop
 endfacet
 facet normal  0.000000e+00 -1.000000e+00  0.000000e+00
   outer loop
     vertex  1.160000e+01  0.000000e+00  4.000000e+01
     vertex  1.252347e+01  0.000000e+00  3.527303e+01
     vertex  1.253155e+01  0.000000e+00  3.531618e+01
   endloop
 endfacet
 facet normal  0.000000e+00 -1.000000e+00  0.000000e+00
   outer loop
     vertex  1.160000e+01  0.000000e+00  4.000000e+01
     vertex  1.253155e+01  0.000000e+00  3.531618e+01
     vertex  1.254082e+01  0.000000e+00  3.535909e+01
   endloop
 endfacet
 facet normal  0.000000e+00 -1.000000e+00  0.000000e+00
   outer loop
     vertex  1.160000e+01  0.000000e+00  4.000000e+01
     vertex  1.254082e+01  0.000000e+00  3.535909e+01
     vertex  1.255125e+01  0.000000e+00  3.540173e+01
   endloop
 endfacet
 facet normal  0.000000e+00 -1.000000e+00  0.000000e+00
   outer loop
     vertex  1.160000e+01  0.000000e+00  4.000000e+01
     vertex  1.255125e+01  0.000000e+00  3.540173e+01
     vertex  1.256286e+01  0.000000e+00  3.544407e+01
   endloop
 endfacet
 facet normal  0.000000e+00 -1.000000e+00  0.000000e+00
   outer loop
     vertex  1.160000e+01  0.000000e+00  4.000000e+01
     vertex  1.256286e+01  0.000000e+00  3.544407e+01
     vertex  1.257562e+01  0.000000e+00  3.548607e+01
   endloop
 endfacet
 facet normal  0.000000e+00 -1.000000e+00  0.000000e+00
   outer loop
     vertex  1.160000e+01  0.000000e+00  4.000000e+01
     vertex  1.257562e+01  0.000000e+00  3.548607e+01
     vertex  1.258953e+01  0.000000e+00  3.552771e+01
   endloop
 endfacet
 facet normal  0.000000e+00 -1.000000e+00  0.000000e+00
   outer loop
     vertex  1.160000e+01  0.000000e+00  4.000000e+01
     vertex  1.258953e+01  0.000000e+00  3.552771e+01
     vertex  1.260457e+01  0.000000e+00  3.556895e+01
   endloop
 endfacet
 facet normal  0.000000e+00 -1.000000e+00  0.000000e+00
   outer loop
     vertex  1.160000e+01  0.000000e+00  4.000000e+01
     vertex  1.260457e+01  0.000000e+00  3.556895e+01
     vertex  1.262074e+01  0.000000e+00  3.560976e+01
   endloop
 endfacet
 facet normal  0.000000e+00 -1.000000e+00  0.000000e+00
   outer loop
     vertex  1.160000e+01  0.000000e+00  4.000000e+01
     vertex  1.262074e+01  0.000000e+00  3.560976e+01
     vertex  1.263803e+01  0.000000e+00  3.565011e+01
   endloop
 endfacet
 facet normal  0.000000e+00 -1.000000e+00  0.000000e+00
   outer loop
     vertex  1.160000e+01  0.000000e+00  4.000000e+01
     vertex  1.263803e+01  0.000000e+00  3.565011e+01
     vertex  1.265642e+01  0.000000e+00  3.568997e+01
   endloop
 endfacet
 facet normal  0.000000e+00 -1.000000e+00  0.000000e+00
   outer loop
     vertex  1.160000e+01  0.000000e+00  4.000000e+01
     vertex  1.265642e+01  0.000000e+00  3.568997e+01
     vertex  1.267589e+01  0.000000e+00  3.572932e+01
   endloop
 endfacet
 facet normal  0.000000e+00 -1.000000e+00  0.000000e+00
   outer loop
     vertex  1.160000e+01  0.000000e+00  4.000000e+01
     vertex  1.267589e+01  0.000000e+00  3.572932e+01
     vertex  1.269643e+01  0.000000e+00  3.576811e+01
   endloop
 endfacet
 facet normal  0.000000e+00 -1.000000e+00  0.000000e+00
   outer loop
     vertex  1.160000e+01  0.000000e+00  4.000000e+01
     vertex  1.269643e+01  0.000000e+00  3.576811e+01
     vertex  1.271803e+01  0.000000e+00  3.580633e+01
   endloop
 endfacet
 facet normal  0.000000e+00 -1.000000e+00  0.000000e+00
   outer loop
     vertex  1.160000e+01  0.000000e+00  4.000000e+01
     vertex  1.271803e+01  0.000000e+00  3.580633e+01
     vertex  1.274067e+01  0.000000e+00  3.584394e+01
   endloop
 endfacet
 facet normal  0.000000e+00 -1.000000e+00  0.000000e+00
   outer loop
     vertex  1.160000e+01  0.000000e+00  4.000000e+01
     vertex  1.274067e+01  0.000000e+00  3.584394e+01
     vertex  1.276434e+01  0.000000e+00  3.588091e+01
   endloop
 endfacet
 facet normal  0.000000e+00 -1.000000e+00  0.000000e+00
   outer loop
     vertex  1.160000e+01  0.000000e+00  4.000000e+01
     vertex  1.276434e+01  0.000000e+00  3.588091e+01
     vertex  1.278901e+01  0.000000e+00  3.591722e+01
   endloop
 endfacet
 facet normal  0.000000e+00 -1.000000e+00  0.000000e+00
   outer loop
     vertex  1.160000e+01  0.000000e+00  4.000000e+01
     vertex  1.278901e+01  0.000000e+00  3.591722e+01
     vertex  1.281466e+01  0.000000e+00  3.595284e+01
   endloop
 endfacet
 facet normal  0.000000e+00 -1.000000e+00  0.000000e+00
   outer loop
     vertex  1.160000e+01  0.000000e+00  4.000000e+01
     vertex  1.281466e+01  0.000000e+00  3.595284e+01
     vertex  1.284129e+01  0.000000e+00  3.598775e+01
   endloop
 endfacet
 facet normal  0.000000e+00 -1.000000e+00  0.000000e+00
   outer loop
     vertex  1.160000e+01  0.000000e+00  4.000000e+01
     vertex  1.284129e+01  0.000000e+00  3.598775e+01
     vertex  1.286886e+01  0.000000e+00  3.602191e+01
   endloop
 endfacet
 facet normal  0.000000e+00 -1.000000e+00  0.000000e+00
   outer loop
     vertex  1.160000e+01  0.000000e+00  4.000000e+01
     vertex  1.286886e+01  0.000000e+00  3.602191e+01
     vertex  1.289736e+01  0.000000e+00  3.605530e+01
   endloop
 endfacet
 facet normal  0.000000e+00 -1.000000e+00  0.000000e+00
   outer loop
     vertex  1.160000e+01  0.000000e+00  4.000000e+01
     vertex  1.289736e+01  0.000000e+00  3.605530e+01
     vertex  1.292676e+01  0.000000e+00  3.608789e+01
   endloop
 endfacet
 facet normal  0.000000e+00 -1.000000e+00  0.000000e+00
   outer loop
     vertex  1.160000e+01  0.000000e+00  4.000000e+01
     vertex  1.292676e+01  0.000000e+00  3.608789e+01
     vertex  1.295705e+01  0.000000e+00  3.611967e+01
   endloop
 endfacet
 facet normal  0.000000e+00 -1.000000e+00  0.000000e+00
   outer loop
     vertex  1.160000e+01  0.000000e+00  4.000000e+01
     vertex  1.295705e+01  0.000000e+00  3.611967e+01
     vertex  1.298820e+01  0.000000e+00  3.615060e+01
   endloop
 endfacet
 facet normal  0.000000e+00 -1.000000e+00  0.000000e+00
   outer loop
     vertex  1.160000e+01  0.000000e+00  4.000000e+01
     vertex  1.298820e+01  0.000000e+00  3.615060e+01
     vertex  1.302018e+01  0.000000e+00  3.618067e+01
   endloop
 endfacet
 facet normal  0.000000e+00 -1.000000e+00  0.000000e+00
   outer loop
     vertex  1.160000e+01  0.000000e+00  4.000000e+01
     vertex  1.302018e+01  0.000000e+00  3.618067e+01
     vertex  1.305298e+01  0.000000e+00  3.620985e+01
   endloop
 endfacet
 facet normal  0.000000e+00 -1.000000e+00  0.000000e+00
   outer loop
     vertex  1.160000e+01  0.000000e+00  4.000000e+01
     vertex  1.305298e+01  0.000000e+00  3.620985e+01
     vertex  1.308656e+01  0.000000e+00  3.623812e+01
   endloop
 endfacet
 facet normal  0.000000e+00 -1.000000e+00  0.000000e+00
   outer loop
     vertex  1.160000e+01  0.000000e+00  4.000000e+01
     vertex  1.308656e+01  0.000000e+00  3.623812e+01
     vertex  1.312091e+01  0.000000e+00  3.626546e+01
   endloop
 endfacet
 facet normal  0.000000e+00 -1.000000e+00  0.000000e+00
   outer loop
     vertex  1.160000e+01  0.000000e+00  4.000000e+01
     vertex  1.312091e+01  0.000000e+00  3.626546e+01
     vertex  1.315600e+01  0.000000e+00  3.629184e+01
   endloop
 endfacet
 facet normal  0.000000e+00 -1.000000e+00  0.000000e+00
   outer loop
     vertex  1.160000e+01  0.000000e+00  4.000000e+01
     vertex  1.315600e+01  0.000000e+00  3.629184e+01
     vertex  1.319179e+01  0.000000e+00  3.631725e+01
   endloop
 endfacet
 facet normal  0.000000e+00 -1.000000e+00  0.000000e+00
   outer loop
     vertex  1.160000e+01  0.000000e+00  4.000000e+01
     vertex  1.319179e+01  0.000000e+00  3.631725e+01
     vertex  1.322827e+01  0.000000e+00  3.634167e+01
   endloop
 endfacet
 facet normal  0.000000e+00 -1.000000e+00  0.000000e+00
   outer loop
     vertex  1.160000e+01  0.000000e+00  4.000000e+01
     vertex  1.322827e+01  0.000000e+00  3.634167e+01
     vertex  1.326541e+01  0.000000e+00  3.636508e+01
   endloop
 endfacet
 facet normal  0.000000e+00 -1.000000e+00  0.000000e+00
   outer loop
     vertex  1.160000e+01  0.000000e+00  4.000000e+01
     vertex  1.326541e+01  0.000000e+00  3.636508e+01
     vertex  1.330317e+01  0.000000e+00  3.638747e+01
   endloop
 endfacet
 facet normal  0.000000e+00 -1.000000e+00  0.000000e+00
   outer loop
     vertex  1.160000e+01  0.000000e+00  4.000000e+01
     vertex  1.330317e+01  0.000000e+00  3.638747e+01
     vertex  1.334153e+01  0.000000e+00  3.640880e+01
   endloop
 endfacet
 facet normal  0.000000e+00 -1.000000e+00  0.000000e+00
   outer loop
     vertex  1.160000e+01  0.000000e+00  4.000000e+01
     vertex  1.334153e+01  0.000000e+00  3.640880e+01
     vertex  1.338047e+01  0.000000e+00  3.642908e+01
   endloop
 endfacet
 facet normal  0.000000e+00 -1.000000e+00  0.000000e+00
   outer loop
     vertex  1.160000e+01  0.000000e+00  4.000000e+01
     vertex  1.338047e+01  0.000000e+00  3.642908e+01
     vertex  1.341995e+01  0.000000e+00  3.644828e+01
   endloop
 endfacet
 facet normal  0.000000e+00 -1.000000e+00  0.000000e+00
   outer loop
     vertex  1.160000e+01  0.000000e+00  4.000000e+01
     vertex  1.341995e+01  0.000000e+00  3.644828e+01
     vertex  1.345993e+01  0.000000e+00  3.646640e+01
   endloop
 endfacet
 facet normal  0.000000e+00 -1.000000e+00  0.000000e+00
   outer loop
     vertex  1.160000e+01  0.000000e+00  4.000000e+01
     vertex  1.345993e+01  0.000000e+00  3.646640e+01
     vertex  1.350040e+01  0.000000e+00  3.648340e+01
   endloop
 endfacet
 facet normal  0.000000e+00 -1.000000e+00  0.000000e+00
   outer loop
     vertex  1.160000e+01  0.000000e+00  4.000000e+01
     vertex  1.350040e+01  0.000000e+00  3.648340e+01
     vertex  1.354132e+01  0.000000e+00  3.649929e+01
   endloop
 endfacet
 facet normal  0.000000e+00 -1.000000e+00  0.000000e+00
   outer loop
     vertex  1.160000e+01  0.000000e+00  4.000000e+01
     vertex  1.354132e+01  0.000000e+00  3.649929e+01
     vertex  1.358267e+01  0.000000e+00  3.651406e+01
   endloop
 endfacet
 facet normal  0.000000e+00 -1.000000e+00  0.000000e+00
   outer loop
     vertex  1.160000e+01  0.000000e+00  4.000000e+01
     vertex  1.358267e+01  0.000000e+00  3.651406e+01
     vertex  1.362440e+01  0.000000e+00  3.652768e+01
   endloop
 endfacet
 facet normal  0.000000e+00 -1.000000e+00  0.000000e+00
   outer loop
     vertex  1.160000e+01  0.000000e+00  4.000000e+01
     vertex  1.362440e+01  0.000000e+00  3.652768e+01
     vertex  1.366649e+01  0.000000e+00  3.654015e+01
   endloop
 endfacet
 facet normal  0.000000e+00 -1.000000e+00  0.000000e+00
   outer loop
     vertex  1.160000e+01  0.000000e+00  4.000000e+01
     vertex  1.366649e+01  0.000000e+00  3.654015e+01
     vertex  1.370890e+01  0.000000e+00  3.655146e+01
   endloop
 endfacet
 facet normal  0.000000e+00 -1.000000e+00  0.000000e+00
   outer loop
     vertex  1.160000e+01  0.000000e+00  4.000000e+01
     vertex  1.370890e+01  0.000000e+00  3.655146e+01
     vertex  1.375161e+01  0.000000e+00  3.656161e+01
   endloop
 endfacet
 facet normal  0.000000e+00 -1.000000e+00  0.000000e+00
   outer loop
     vertex  1.160000e+01  0.000000e+00  4.000000e+01
     vertex  1.375161e+01  0.000000e+00  3.656161e+01
     vertex  1.379459e+01  0.000000e+00  3.657058e+01
   endloop
 endfacet
 facet normal  0.000000e+00 -1.000000e+00  0.000000e+00
   outer loop
     vertex  1.160000e+01  0.000000e+00  4.000000e+01
     vertex  1.379459e+01  0.000000e+00  3.657058e+01
     vertex  1.383779e+01  0.000000e+00  3.657837e+01
   endloop
 endfacet
 facet normal  0.000000e+00 -1.000000e+00  0.000000e+00
   outer loop
     vertex  1.160000e+01  0.000000e+00  4.000000e+01
     vertex  1.383779e+01  0.000000e+00  3.657837e+01
     vertex  1.388119e+01  0.000000e+00  3.658497e+01
   endloop
 endfacet
 facet normal  0.000000e+00 -1.000000e+00  0.000000e+00
   outer loop
     vertex  1.160000e+01  0.000000e+00  4.000000e+01
     vertex  1.388119e+01  0.000000e+00  3.658497e+01
     vertex  1.392475e+01  0.000000e+00  3.659037e+01
   endloop
 endfacet
 facet normal  0.000000e+00 -1.000000e+00  0.000000e+00
   outer loop
     vertex  1.160000e+01  0.000000e+00  4.000000e+01
     vertex  1.392475e+01  0.000000e+00  3.659037e+01
     vertex  1.396845e+01  0.000000e+00  3.659458e+01
   endloop
 endfacet
 facet normal  0.000000e+00 -1.000000e+00  0.000000e+00
   outer loop
     vertex  1.160000e+01  0.000000e+00  4.000000e+01
     vertex  1.396845e+01  0.000000e+00  3.659458e+01
     vertex  1.401224e+01  0.000000e+00  3.659759e+01
   endloop
 endfacet
 facet normal  0.000000e+00 -1.000000e+00  0.000000e+00
   outer loop
     vertex  1.160000e+01  0.000000e+00  4.000000e+01
     vertex  1.401224e+01  0.000000e+00  3.659759e+01
     vertex  1.405611e+01  0.000000e+00  3.659940e+01
   endloop
 endfacet
 facet normal  0.000000e+00 -1.000000e+00  0.000000e+00
   outer loop
     vertex  1.160000e+01  0.000000e+00  4.000000e+01
     vertex  1.405611e+01  0.000000e+00  3.659940e+01
     vertex  1.410000e+01  0.000000e+00  3.660000e+01
   endloop
 endfacet
 facet normal  0.000000e+00 -1.000000e+00  0.000000e+00
   outer loop
     vertex  1.160000e+01  0.000000e+00  4.000000e+01
     vertex  0.000000e+00  0.000000e+00  0.000000e+00
     vertex  1.117653e+01  0.000000e+00  2.067329e+01
   endloop
 endfacet
 facet normal  0.000000e+00 -1.000000e+00  0.000000e+00
   outer loop
     vertex  1.660000e+01  0.000000e+00  4.000000e+01
     vertex  1.548197e+01  0.000000e+00  3.580633e+01
     vertex  1.550357e+01  0.000000e+00  3.576811e+01
   endloop
 endfacet
 facet normal  0.000000e+00 -1.000000e+00  0.000000e+00
   outer loop
     vertex  1.660000e+01  0.000000e+00  4.000000e+01
     vertex  1.550357e+01  0.000000e+00  3.576811e+01
     vertex  1.552411e+01  0.000000e+00  3.572932e+01
   endloop
 endfacet
 facet normal  0.000000e+00 -1.000000e+00  0.000000e+00
   outer loop
     vertex  1.660000e+01  0.000000e+00  4.000000e+01
     vertex  1.552411e+01  0.000000e+00  3.572932e+01
     vertex  1.554358e+01  0.000000e+00  3.568997e+01
   endloop
 endfacet
 facet normal  0.000000e+00 -1.000000e+00  0.000000e+00
   outer loop
     vertex  1.660000e+01  0.000000e+00  4.000000e+01
     vertex  1.554358e+01  0.000000e+00  3.568997e+01
     vertex  1.556197e+01  0.000000e+00  3.565011e+01
   endloop
 endfacet
 facet normal  0.000000e+00 -1.000000e+00  0.000000e+00
   outer loop
     vertex  1.660000e+01  0.000000e+00  4.000000e+01
     vertex  1.556197e+01  0.000000e+00  3.565011e+01
     vertex  1.557926e+01  0.000000e+00  3.560976e+01
   endloop
 endfacet
 facet normal  0.000000e+00 -1.000000e+00  0.000000e+00
   outer loop
     vertex  1.660000e+01  0.000000e+00  4.000000e+01
     vertex  1.557926e+01  0.000000e+00  3.560976e+01
     vertex  1.559543e+01  0.000000e+00  3.556895e+01
   endloop
 endfacet
 facet normal  0.000000e+00 -1.000000e+00  0.000000e+00
   outer loop
     vertex  1.660000e+01  0.000000e+00  4.000000e+01
     vertex  1.559543e+01  0.000000e+00  3.556895e+01
     vertex  1.561047e+01  0.000000e+00  3.552771e+01
   endloop
 endfacet
 facet normal  0.000000e+00 -1.000000e+00  0.000000e+00
   outer loop
     vertex  1.660000e+01  0.000000e+00  4.000000e+01
     vertex  1.561047e+01  0.000000e+00  3.552771e+01
     vertex  1.562438e+01  0.000000e+00  3.548607e+01
   endloop
 endfacet
 facet normal  0.000000e+00 -1.000000e+00  0.000000e+00
   outer loop
     vertex  1.660000e+01  0.000000e+00  4.000000e+01
     vertex  1.562438e+01  0.000000e+00  3.548607e+01
     vertex  1.563714e+01  0.000000e+00  3.544407e+01
   endloop
 endfacet
 facet normal  0.000000e+00 -1.000000e+00  0.000000e+00
   outer loop
     vertex  1.660000e+01  0.000000e+00  4.000000e+01
     vertex  1.563714e+01  0.000000e+00  3.544407e+01
     vertex  1.564875e+01  0.000000e+00  3.540173e+01
   endloop
 endfacet
 facet normal  0.000000e+00 -1.000000e+00  0.000000e+00
   outer loop
     vertex  1.660000e+01  0.000000e+00  4.000000e+01
     vertex  1.564875e+01  0.000000e+00  3.540173e+01
     vertex  1.565918e+01  0.000000e+00  3.535909e+01
   endloop
 endfacet
 facet normal  0.000000e+00 -1.000000e+00  0.000000e+00
   outer loop
     vertex  1.660000e+01  0.000000e+00  4.000000e+01
     vertex  1.565918e+01  0.000000e+00  3.535909e+01
     vertex  1.566845e+01  0.000000e+00  3.531618e+01
   endloop
 endfacet
 facet normal  0.000000e+00 -1.000000e+00  0.000000e+00
   outer loop
     vertex  1.660000e+01  0.000000e+00  4.000000e+01
     vertex  1.566845e+01  0.000000e+00  3.531618e+01
     vertex  1.567653e+01  0.000000e+00  3.527303e+01
   endloop
 endfacet
 facet normal  0.000000e+00 -1.000000e+00  0.000000e+00
   outer loop
     vertex  1.660000e+01  0.000000e+00  4.000000e+01
     vertex  1.567653e+01  0.000000e+00  3.527303e+01
     vertex  1.568343e+01  0.000000e+00  3.522968e+01
   endloop
 endfacet
 facet normal  0.000000e+00 -1.000000e+00  0.000000e+00
   outer loop
     vertex  1.660000e+01  0.000000e+00  4.000000e+01
     vertex  1.568343e+01  0.000000e+00  3.522968e+01
     vertex  1.568913e+01  0.000000e+00  3.518615e+01
   endloop
 endfacet
 facet normal  0.000000e+00 -1.000000e+00  0.000000e+00
   outer loop
     vertex  1.660000e+01  0.000000e+00  4.000000e+01
     vertex  1.568913e+01  0.000000e+00  3.518615e+01
     vertex  1.569364e+01  0.000000e+00  3.514249e+01
   endloop
 endfacet
 facet normal  0.000000e+00 -1.000000e+00  0.000000e+00
   outer loop
     vertex  1.660000e+01  0.000000e+00  4.000000e+01
     vertex  1.569364e+01  0.000000e+00  3.514249e+01
     vertex  1.569695e+01  0.000000e+00  3.509871e+01
   endloop
 endfacet
 facet normal  0.000000e+00 -1.000000e+00  0.000000e+00
   outer loop
     vertex  1.660000e+01  0.000000e+00  4.000000e+01
     vertex  1.569695e+01  0.000000e+00  3.509871e+01
     vertex  1.569906e+01  0.000000e+00  3.505486e+01
   endloop
 endfacet
 facet normal  0.000000e+00 -1.000000e+00  0.000000e+00
   outer loop
     vertex  1.660000e+01  0.000000e+00  4.000000e+01
     vertex  1.569906e+01  0.000000e+00  3.505486e+01
     vertex  1.569996e+01  0.000000e+00  3.501097e+01
   endloop
 endfacet
 facet normal  0.000000e+00 -1.000000e+00  0.000000e+00
   outer loop
     vertex  1.660000e+01  0.000000e+00  4.000000e+01
     vertex  1.569996e+01  0.000000e+00  3.501097e+01
     vertex  1.569966e+01  0.000000e+00  3.496708e+01
   endloop
 endfacet
 facet normal  0.000000e+00 -1.000000e+00  0.000000e+00
   outer loop
     vertex  1.660000e+01  0.000000e+00  4.000000e+01
     vertex  1.569966e+01  0.000000e+00  3.496708e+01
     vertex  1.569816e+01  0.000000e+00  3.492320e+01
   endloop
 endfacet
 facet normal  0.000000e+00 -1.000000e+00  0.000000e+00
   outer loop
     vertex  1.660000e+01  0.000000e+00  4.000000e+01
     vertex  1.569816e+01  0.000000e+00  3.492320e+01
     vertex  1.569545e+01  0.000000e+00  3.487939e+01
   endloop
 endfacet
 facet normal  0.000000e+00 -1.000000e+00  0.000000e+00
   outer loop
     vertex  1.660000e+01  0.000000e+00  4.000000e+01
     vertex  1.702347e+01  0.000000e+00  2.067329e+01
     vertex  2.820000e+01  0.000000e+00  0.000000e+00
   endloop
 endfacet
 facet normal  0.000000e+00 -1.000000e+00  0.000000e+00
   outer loop
     vertex  1.660000e+01  0.000000e+00  4.000000e+01
     vertex  1.569545e+01  0.000000e+00  3.487939e+01
     vertex  1.569154e+01  0.000000e+00  3.483567e+01
   endloop
 endfacet
 facet normal -0.000000e+00 -1.000000e+00  0.000000e+00
   outer loop
     vertex  1.660000e+01  0.000000e+00  4.000000e+01
     vertex  1.160000e+01  0.000000e+00  4.000000e+01
     vertex  1.410000e+01  0.000000e+00  3.660000e+01
   endloop
 endfacet
 facet normal  0.000000e+00 -1.000000e+00 -0.000000e+00
   outer loop
     vertex  1.660000e+01  0.000000e+00  4.000000e+01
     vertex  1.569154e+01  0.000000e+00  3.483567e+01
     vertex  1.698214e+01  0.000000e+00  2.083262e+01
   endloop
 endfacet
 facet normal  0.000000e+00 -1.000000e+00  0.000000e+00
   outer loop
     vertex  1.660000e+01  0.000000e+00  4.000000e+01
     vertex  1.410000e+01  0.000000e+00  3.660000e+01
     vertex  1.414389e+01  0.000000e+00  3.659940e+01
   endloop
 endfacet
 facet normal  0.000000e+00 -1.000000e+00  0.000000e+00
   outer loop
     vertex  1.660000e+01  0.000000e+00  4.000000e+01
     vertex  1.414389e+01  0.000000e+00  3.659940e+01
     vertex  1.418776e+01  0.000000e+00  3.659759e+01
   endloop
 endfacet
 facet normal  0.000000e+00 -1.000000e+00  0.000000e+00
   outer loop
     vertex  1.660000e+01  0.000000e+00  4.000000e+01
     vertex  1.418776e+01  0.000000e+00  3.659759e+01
     vertex  1.423155e+01  0.000000e+00  3.659458e+01
   endloop
 endfacet
 facet normal  0.000000e+00 -1.000000e+00  0.000000e+00
   outer loop
     vertex  1.660000e+01  0.000000e+00  4.000000e+01
     vertex  1.423155e+01  0.000000e+00  3.659458e+01
     vertex  1.427525e+01  0.000000e+00  3.659037e+01
   endloop
 endfacet
 facet normal  0.000000e+00 -1.000000e+00  0.000000e+00
   outer loop
     vertex  1.660000e+01  0.000000e+00  4.000000e+01
     vertex  1.427525e+01  0.000000e+00  3.659037e+01
     vertex  1.431881e+01  0.000000e+00  3.658497e+01
   endloop
 endfacet
 facet normal  0.000000e+00 -1.000000e+00  0.000000e+00
   outer loop
     vertex  1.660000e+01  0.000000e+00  4.000000e+01
     vertex  1.431881e+01  0.000000e+00  3.658497e+01
     vertex  1.436221e+01  0.000000e+00  3.657837e+01
   endloop
 endfacet
 facet normal  0.000000e+00 -1.000000e+00  0.000000e+00
   outer loop
     vertex  1.660000e+01  0.000000e+00  4.000000e+01
     vertex  1.436221e+01  0.000000e+00  3.657837e+01
     vertex  1.440541e+01  0.000000e+00  3.657058e+01
   endloop
 endfacet
 facet normal  0.000000e+00 -1.000000e+00  0.000000e+00
   outer loop
     vertex  1.660000e+01  0.000000e+00  4.000000e+01
     vertex  1.440541e+01  0.000000e+00  3.657058e+01
     vertex  1.444839e+01  0.000000e+00  3.656161e+01
   endloop
 endfacet
 facet normal  0.000000e+00 -1.000000e+00  0.000000e+00
   outer loop
     vertex  1.660000e+01  0.000000e+00  4.000000e+01
     vertex  1.444839e+01  0.000000e+00  3.656161e+01
     vertex  1.449110e+01  0.000000e+00  3.655146e+01
   endloop
 endfacet
 facet normal  0.000000e+00 -1.000000e+00  0.000000e+00
   outer loop
     vertex  1.660000e+01  0.000000e+00  4.000000e+01
     vertex  1.449110e+01  0.000000e+00  3.655146e+01
     vertex  1.453351e+01  0.000000e+00  3.654015e+01
   endloop
 endfacet
 facet normal  0.000000e+00 -1.000000e+00  0.000000e+00
   outer loop
     vertex  1.660000e+01  0.000000e+00  4.000000e+01
     vertex  1.453351e+01  0.000000e+00  3.654015e+01
     vertex  1.457560e+01  0.000000e+00  3.652768e+01
   endloop
 endfacet
 facet normal  0.000000e+00 -1.000000e+00  0.000000e+00
   outer loop
     vertex  1.660000e+01  0.000000e+00  4.000000e+01
     vertex  1.457560e+01  0.000000e+00  3.652768e+01
     vertex  1.461733e+01  0.000000e+00  3.651406e+01
   endloop
 endfacet
 facet normal  0.000000e+00 -1.000000e+00  0.000000e+00
   outer loop
     vertex  1.660000e+01  0.000000e+00  4.000000e+01
     vertex  1.461733e+01  0.000000e+00  3.651406e+01
     vertex  1.465868e+01  0.000000e+00  3.649929e+01
   endloop
 endfacet
 facet normal  0.000000e+00 -1.000000e+00  0.000000e+00
   outer loop
     vertex  1.660000e+01  0.000000e+00  4.000000e+01
     vertex  1.465868e+01  0.000000e+00  3.649929e+01
     vertex  1.469960e+01  0.000000e+00  3.648340e+01
   endloop
 endfacet
 facet normal  0.000000e+00 -1.000000e+00  0.000000e+00
   outer loop
     vertex  1.660000e+01  0.000000e+00  4.000000e+01
     vertex  1.469960e+01  0.000000e+00  3.648340e+01
     vertex  1.474007e+01  0.000000e+00  3.646640e+01
   endloop
 endfacet
 facet normal  0.000000e+00 -1.000000e+00  0.000000e+00
   outer loop
     vertex  1.660000e+01  0.000000e+00  4.000000e+01
     vertex  1.474007e+01  0.000000e+00  3.646640e+01
     vertex  1.478005e+01  0.000000e+00  3.644828e+01
   endloop
 endfacet
 facet normal  0.000000e+00 -1.000000e+00  0.000000e+00
   outer loop
     vertex  1.660000e+01  0.000000e+00  4.000000e+01
     vertex  1.478005e+01  0.000000e+00  3.644828e+01
     vertex  1.481953e+01  0.000000e+00  3.642908e+01
   endloop
 endfacet
 facet normal  0.000000e+00 -1.000000e+00  0.000000e+00
   outer loop
     vertex  1.660000e+01  0.000000e+00  4.000000e+01
     vertex  1.481953e+01  0.000000e+00  3.642908e+01
     vertex  1.485847e+01  0.000000e+00  3.640880e+01
   endloop
 endfacet
 facet normal  0.000000e+00 -1.000000e+00  0.000000e+00
   outer loop
     vertex  1.660000e+01  0.000000e+00  4.000000e+01
     vertex  1.485847e+01  0.000000e+00  3.640880e+01
     vertex  1.489683e+01  0.000000e+00  3.638747e+01
   endloop
 endfacet
 facet normal  0.000000e+00 -1.000000e+00  0.000000e+00
   outer loop
     vertex  1.660000e+01  0.000000e+00  4.000000e+01
     vertex  1.489683e+01  0.000000e+00  3.638747e+01
     vertex  1.493459e+01  0.000000e+00  3.636508e+01
   endloop
 endfacet
 facet normal  0.000000e+00 -1.000000e+00  0.000000e+00
   outer loop
     vertex  1.660000e+01  0.000000e+00  4.000000e+01
     vertex  1.698214e+01  0.000000e+00  2.083262e+01
     vertex  1.700390e+01  0.000000e+00  2.075324e+01
   endloop
 endfacet
 facet normal  0.000000e+00 -1.000000e+00  0.000000e+00
   outer loop
     vertex  1.660000e+01  0.000000e+00  4.000000e+01
     vertex  1.493459e+01  0.000000e+00  3.636508e+01
     vertex  1.497173e+01  0.000000e+00  3.634167e+01
   endloop
 endfacet
 facet normal  0.000000e+00 -1.000000e+00  0.000000e+00
   outer loop
     vertex  1.660000e+01  0.000000e+00  4.000000e+01
     vertex  1.700390e+01  0.000000e+00  2.075324e+01
     vertex  1.702347e+01  0.000000e+00  2.067329e+01
   endloop
 endfacet
 facet normal  0.000000e+00 -1.000000e+00  0.000000e+00
   outer loop
     vertex  1.660000e+01  0.000000e+00  4.000000e+01
     vertex  1.497173e+01  0.000000e+00  3.634167e+01
     vertex  1.500821e+01  0.000000e+00  3.631725e+01
   endloop
 endfacet
 facet normal  0.000000e+00 -1.000000e+00  0.000000e+00
   outer loop
     vertex  1.660000e+01  0.000000e+00  4.000000e+01
     vertex  1.500821e+01  0.000000e+00  3.631725e+01
     vertex  1.504400e+01  0.000000e+00  3.629184e+01
   endloop
 endfacet
 facet normal  0.000000e+00 -1.000000e+00  0.000000e+00
   outer loop
     vertex  1.660000e+01  0.000000e+00  4.000000e+01
     vertex  1.504400e+01  0.000000e+00  3.629184e+01
     vertex  1.507909e+01  0.000000e+00  3.626546e+01
   endloop
 endfacet
 facet normal  0.000000e+00 -1.000000e+00  0.000000e+00
   outer loop
     vertex  1.660000e+01  0.000000e+00  4.000000e+01
     vertex  1.507909e+01  0.000000e+00  3.626546e+01
     vertex  1.511344e+01  0.000000e+00  3.623812e+01
   endloop
 endfacet
 facet normal  0.000000e+00 -1.000000e+00  0.000000e+00
   outer loop
     vertex  1.660000e+01  0.000000e+00  4.000000e+01
     vertex  1.511344e+01  0.000000e+00  3.623812e+01
     vertex  1.514702e+01  0.000000e+00  3.620985e+01
   endloop
 endfacet
 facet normal  0.000000e+00 -1.000000e+00  0.000000e+00
   outer loop
     vertex  1.660000e+01  0.000000e+00  4.000000e+01
     vertex  1.514702e+01  0.000000e+00  3.620985e+01
     vertex  1.517982e+01  0.000000e+00  3.618067e+01
   endloop
 endfacet
 facet normal  0.000000e+00 -1.000000e+00  0.000000e+00
   outer loop
     vertex  1.660000e+01  0.000000e+00  4.000000e+01
     vertex  1.517982e+01  0.000000e+00  3.618067e+01
     vertex  1.521180e+01  0.000000e+00  3.615060e+01
   endloop
 endfacet
 facet normal  0.000000e+00 -1.000000e+00  0.000000e+00
   outer loop
     vertex  1.660000e+01  0.000000e+00  4.000000e+01
     vertex  1.521180e+01  0.000000e+00  3.615060e+01
     vertex  1.524295e+01  0.000000e+00  3.611967e+01
   endloop
 endfacet
 facet normal  0.000000e+00 -1.000000e+00  0.000000e+00
   outer loop
     vertex  1.660000e+01  0.000000e+00  4.000000e+01
     vertex  1.524295e+01  0.000000e+00  3.611967e+01
     vertex  1.527324e+01  0.000000e+00  3.608789e+01
   endloop
 endfacet
 facet normal  0.000000e+00 -1.000000e+00  0.000000e+00
   outer loop
     vertex  1.660000e+01  0.000000e+00  4.000000e+01
     vertex  1.527324e+01  0.000000e+00  3.608789e+01
     vertex  1.530264e+01  0.000000e+00  3.605530e+01
   endloop
 endfacet
 facet normal  0.000000e+00 -1.000000e+00  0.000000e+00
   outer loop
     vertex  1.660000e+01  0.000000e+00  4.000000e+01
     vertex  1.530264e+01  0.000000e+00  3.605530e+01
     vertex  1.533114e+01  0.000000e+00  3.602191e+01
   endloop
 endfacet
 facet normal  0.000000e+00 -1.000000e+00  0.000000e+00
   outer loop
     vertex  1.660000e+01  0.000000e+00  4.000000e+01
     vertex  1.533114e+01  0.000000e+00  3.602191e+01
     vertex  1.535871e+01  0.000000e+00  3.598775e+01
   endloop
 endfacet
 facet normal  0.000000e+00 -1.000000e+00  0.000000e+00
   outer loop
     vertex  1.660000e+01  0.000000e+00  4.000000e+01
     vertex  1.535871e+01  0.000000e+00  3.598775e+01
     vertex  1.538534e+01  0.000000e+00  3.595284e+01
   endloop
 endfacet
 facet normal  0.000000e+00 -1.000000e+00  0.000000e+00
   outer loop
     vertex  1.660000e+01  0.000000e+00  4.000000e+01
     vertex  1.538534e+01  0.000000e+00  3.595284e+01
     vertex  1.541099e+01  0.000000e+00  3.591722e+01
   endloop
 endfacet
 facet normal  0.000000e+00 -1.000000e+00  0.000000e+00
   outer loop
     vertex  1.660000e+01  0.000000e+00  4.000000e+01
     vertex  1.541099e+01  0.000000e+00  3.591722e+01
     vertex  1.543566e+01  0.000000e+00  3.588091e+01
   endloop
 endfacet
 facet normal  0.000000e+00 -1.000000e+00  0.000000e+00
   outer loop
     vertex  1.660000e+01  0.000000e+00  4.000000e+01
     vertex  1.543566e+01  0.000000e+00  3.588091e+01
     vertex  1.545933e+01  0.000000e+00  3.584394e+01
   endloop
 endfacet
 facet normal  0.000000e+00 -1.000000e+00  0.000000e+00
   outer loop
     vertex  1.660000e+01  0.000000e+00  4.000000e+01
     vertex  1.545933e+01  0.000000e+00  3.584394e+01
     vertex  1.548197e+01  0.000000e+00  3.580633e+01
   endloop
 endfacet
 facet normal  0.000000e+00 -1.000000e+00 -0.000000e+00
   outer loop
     vertex  4.000000e+00  0.000000e+00  1.525000e+02
     vertex  0.000000e+00  0.000000e+00  0.000000e+00
     vertex  1.160000e+01  0.000000e+00  4.000000e+01
   endloop
 endfacet
 facet normal -0.000000e+00 -1.000000e+00 -0.000000e+00
   outer loop
     vertex  1.160000e+01  0.000000e+00  1.475000e+02
     vertex  4.000000e+00  0.000000e+00  1.525000e+02
     vertex  1.160000e+01  0.000000e+00  4.000000e+01
   endloop
 endfacet
 facet normal  0.000000e+00 -1.000000e+00  0.000000e+00
   outer loop
     vertex  1.660000e+01  0.000000e+00  1.475000e+02
     vertex  4.000000e+00  0.000000e+00  1.525000e+02
     vertex  1.160000e+01  0.000000e+00  1.475000e+02
   endloop
 endfacet
 facet normal -0.000000e+00 -1.000000e+00  0.000000e+00
   outer loop
     vertex  2.420000e+01  0.000000e+00  1.525000e+02
     vertex  4.000000e+00  0.000000e+00  1.525000e+02
     vertex  1.660000e+01  0.000000e+00  1.475000e+02
   endloop
 endfacet
 facet normal  0.000000e+00 -1.000000e+00  0.000000e+00
   outer loop
     vertex  2.420000e+01  0.000000e+00  1.525000e+02
     vertex  1.660000e+01  0.000000e+00  1.475000e+02
     vertex  1.660000e+01  0.000000e+00  4.000000e+01
   endloop
 endfacet
 facet normal  0.000000e+00 -1.000000e+00  0.000000e+00
   outer loop
     vertex  0.000000e+00  0.000000e+00  1.905000e+02
     vertex  0.000000e+00  0.000000e+00  0.000000e+00
     vertex  4.000000e+00  0.000000e+00  1.525000e+02
   endloop
 endfacet
 facet normal -0.000000e+00 -1.000000e+00 -0.000000e+00
   outer loop
     vertex  4.000000e+00  0.000000e+00  1.905000e+02
     vertex  0.000000e+00  0.000000e+00  1.905000e+02
     vertex  4.000000e+00  0.000000e+00  1.525000e+02
   endloop
 endfacet
 facet normal -0.000000e+00 -1.000000e+00  0.000000e+00
   outer loop
     vertex  2.820000e+01  0.000000e+00  1.905000e+02
     vertex  2.420000e+01  0.000000e+00  1.905000e+02
     vertex  2.420000e+01  0.000000e+00  1.525000e+02
   endloop
 endfacet
 facet normal  0.000000e+00 -1.000000e+00 -0.000000e+00
   outer loop
     vertex  2.820000e+01  0.000000e+00  1.905000e+02
     vertex  2.420000e+01  0.000000e+00  1.525000e+02
     vertex  2.820000e+01  0.000000e+00  0.000000e+00
   endloop
 endfacet
 facet normal  0.000000e+00 -1.000000e+00 -0.000000e+00
   outer loop
     vertex  2.420000e+01  0.000000e+00  1.525000e+02
     vertex  1.660000e+01  0.000000e+00  4.000000e+01
     vertex  2.820000e+01  0.000000e+00  0.000000e+00
   endloop
 endfacet
 facet normal  0.000000e+00  0.000000e+00  1.000000e+00
   outer loop
     vertex  4.000000e+00  8.000000e+00  1.905000e+02
     vertex  0.000000e+00  8.000000e+00  1.905000e+02
     vertex  0.000000e+00  0.000000e+00  1.905000e+02
   endloop
 endfacet
 facet normal  0.000000e+00  0.000000e+00  1.000000e+00
   outer loop
     vertex  4.000000e+00  8.000000e+00  1.905000e+02
     vertex  0.000000e+00  0.000000e+00  1.905000e+02
     vertex  4.000000e+00  0.000000e+00  1.905000e+02
   endloop
 endfacet
 facet normal  0.000000e+00  1.000000e+00  0.000000e+00
   outer loop
     vertex  1.294180e+01  8.000000e+00  3.896114e+00
     vertex  1.297252e+01  8.000000e+00  3.864756e+00
     vertex  0.000000e+00  8.000000e+00  0.000000e+00
   endloop
 endfacet
 facet normal  0.000000e+00  1.000000e+00  0.000000e+00
   outer loop
     vertex  1.300408e+01  8.000000e+00  3.834251e+00
     vertex  0.000000e+00  8.000000e+00  0.000000e+00
     vertex  1.297252e+01  8.000000e+00  3.864756e+00
   endloop
 endfacet
 facet normal  0.000000e+00  1.000000e+00  0.000000e+00
   outer loop
     vertex  1.291195e+01  8.000000e+00  3.928304e+00
     vertex  1.294180e+01  8.000000e+00  3.896114e+00
     vertex  0.000000e+00  8.000000e+00  0.000000e+00
   endloop
 endfacet
 facet normal  0.000000e+00  1.000000e+00  0.000000e+00
   outer loop
     vertex  1.303648e+01  8.000000e+00  3.804625e+00
     vertex  0.000000e+00  8.000000e+00  0.000000e+00
     vertex  1.300408e+01  8.000000e+00  3.834251e+00
   endloop
 endfacet
 facet normal  0.000000e+00  1.000000e+00  0.000000e+00
   outer loop
     vertex  1.288299e+01  8.000000e+00  3.961300e+00
     vertex  1.291195e+01  8.000000e+00  3.928304e+00
     vertex  0.000000e+00  8.000000e+00  0.000000e+00
   endloop
 endfacet
 facet normal  0.000000e+00  1.000000e+00  0.000000e+00
   outer loop
     vertex  1.306967e+01  8.000000e+00  3.775898e+00
     vertex  0.000000e+00  8.000000e+00  0.000000e+00
     vertex  1.303648e+01  8.000000e+00  3.804625e+00
   endloop
 endfacet
 facet normal  0.000000e+00  1.000000e+00  0.000000e+00
   outer loop
     vertex  1.285496e+01  8.000000e+00  3.995079e+00
     vertex  1.288299e+01  8.000000e+00  3.961300e+00
     vertex  0.000000e+00  8.000000e+00  0.000000e+00
   endloop
 endfacet
 facet normal  0.000000e+00  1.000000e+00  0.000000e+00
   outer loop
     vertex  1.310364e+01  8.000000e+00  3.748093e+00
     vertex  0.000000e+00  8.000000e+00  0.000000e+00
     vertex  1.306967e+01  8.000000e+00  3.775898e+00
   endloop
 endfacet
 facet normal  0.000000e+00  1.000000e+00  0.000000e+00
   outer loop
     vertex  1.282786e+01  8.000000e+00  4.029614e+00
     vertex  1.285496e+01  8.000000e+00  3.995079e+00
     vertex  0.000000e+00  8.000000e+00  0.000000e+00
   endloop
 endfacet
 facet normal  0.000000e+00  1.000000e+00  0.000000e+00
   outer loop
     vertex  1.313836e+01  8.000000e+00  3.721230e+00
     vertex  0.000000e+00  8.000000e+00  0.000000e+00
     vertex  1.310364e+01  8.000000e+00  3.748093e+00
   endloop
 endfacet
 facet normal  0.000000e+00  1.000000e+00  0.000000e+00
   outer loop
     vertex  1.280171e+01  8.000000e+00  4.064879e+00
     vertex  1.282786e+01  8.000000e+00  4.029614e+00
     vertex  0.000000e+00  8.000000e+00  0.000000e+00
   endloop
 endfacet
 facet normal  0.000000e+00  1.000000e+00  0.000000e+00
   outer loop
     vertex  1.317381e+01  8.000000e+00  3.695329e+00
     vertex  0.000000e+00  8.000000e+00  0.000000e+00
     vertex  1.313836e+01  8.000000e+00  3.721230e+00
   endloop
 endfacet
 facet normal  0.000000e+00  1.000000e+00  0.000000e+00
   outer loop
     vertex  1.277655e+01  8.000000e+00  4.100848e+00
     vertex  1.280171e+01  8.000000e+00  4.064879e+00
     vertex  0.000000e+00  8.000000e+00  0.000000e+00
   endloop
 endfacet
 facet normal  0.000000e+00  1.000000e+00  0.000000e+00
   outer loop
     vertex  1.320995e+01  8.000000e+00  3.670411e+00
     vertex  0.000000e+00  8.000000e+00  0.000000e+00
     vertex  1.317381e+01  8.000000e+00  3.695329e+00
   endloop
 endfacet
 facet normal  0.000000e+00  1.000000e+00  0.000000e+00
   outer loop
     vertex  1.275238e+01  8.000000e+00  4.137494e+00
     vertex  1.277655e+01  8.000000e+00  4.100848e+00
     vertex  0.000000e+00  8.000000e+00  0.000000e+00
   endloop
 endfacet
 facet normal  0.000000e+00  1.000000e+00  0.000000e+00
   outer loop
     vertex  1.324676e+01  8.000000e+00  3.646494e+00
     vertex  0.000000e+00  8.000000e+00  0.000000e+00
     vertex  1.320995e+01  8.000000e+00  3.670411e+00
   endloop
 endfacet
 facet normal  0.000000e+00  1.000000e+00  0.000000e+00
   outer loop
     vertex  1.272922e+01  8.000000e+00  4.174790e+00
     vertex  1.275238e+01  8.000000e+00  4.137494e+00
     vertex  0.000000e+00  8.000000e+00  0.000000e+00
   endloop
 endfacet
 facet normal  0.000000e+00  1.000000e+00  0.000000e+00
   outer loop
     vertex  1.328421e+01  8.000000e+00  3.623596e+00
     vertex  0.000000e+00  8.000000e+00  0.000000e+00
     vertex  1.324676e+01  8.000000e+00  3.646494e+00
   endloop
 endfacet
 facet normal  0.000000e+00  1.000000e+00  0.000000e+00
   outer loop
     vertex  1.270710e+01  8.000000e+00  4.212706e+00
     vertex  1.272922e+01  8.000000e+00  4.174790e+00
     vertex  0.000000e+00  8.000000e+00  0.000000e+00
   endloop
 endfacet
 facet normal  0.000000e+00  1.000000e+00  0.000000e+00
   outer loop
     vertex  1.332228e+01  8.000000e+00  3.601733e+00
     vertex  0.000000e+00  8.000000e+00  0.000000e+00
     vertex  1.328421e+01  8.000000e+00  3.623596e+00
   endloop
 endfacet
 facet normal  0.000000e+00  1.000000e+00  0.000000e+00
   outer loop
     vertex  1.268603e+01  8.000000e+00  4.251215e+00
     vertex  1.270710e+01  8.000000e+00  4.212706e+00
     vertex  0.000000e+00  8.000000e+00  0.000000e+00
   endloop
 endfacet
 facet normal  0.000000e+00  1.000000e+00  0.000000e+00
   outer loop
     vertex  1.336093e+01  8.000000e+00  3.580923e+00
     vertex  0.000000e+00  8.000000e+00  0.000000e+00
     vertex  1.332228e+01  8.000000e+00  3.601733e+00
   endloop
 endfacet
 facet normal  0.000000e+00  1.000000e+00  0.000000e+00
   outer loop
     vertex  1.266602e+01  8.000000e+00  4.290288e+00
     vertex  1.268603e+01  8.000000e+00  4.251215e+00
     vertex  0.000000e+00  8.000000e+00  0.000000e+00
   endloop
 endfacet
 facet normal  0.000000e+00  1.000000e+00  0.000000e+00
   outer loop
     vertex  1.340014e+01  8.000000e+00  3.561182e+00
     vertex  0.000000e+00  8.000000e+00  0.000000e+00
     vertex  1.336093e+01  8.000000e+00  3.580923e+00
   endloop
 endfacet
 facet normal  0.000000e+00  1.000000e+00  0.000000e+00
   outer loop
     vertex  1.264709e+01  8.000000e+00  4.329895e+00
     vertex  1.266602e+01  8.000000e+00  4.290288e+00
     vertex  0.000000e+00  8.000000e+00  0.000000e+00
   endloop
 endfacet
 facet normal  0.000000e+00  1.000000e+00  0.000000e+00
   outer loop
     vertex  1.343988e+01  8.000000e+00  3.542524e+00
     vertex  0.000000e+00  8.000000e+00  0.000000e+00
     vertex  1.340014e+01  8.000000e+00  3.561182e+00
   endloop
 endfacet
 facet normal  0.000000e+00  1.000000e+00  0.000000e+00
   outer loop
     vertex  1.262925e+01  8.000000e+00  4.370007e+00
     vertex  1.264709e+01  8.000000e+00  4.329895e+00
     vertex  0.000000e+00  8.000000e+00  0.000000e+00
   endloop
 endfacet
 facet normal  0.000000e+00  1.000000e+00  0.000000e+00
   outer loop
     vertex  1.348011e+01  8.000000e+00  3.524962e+00
     vertex  0.000000e+00  8.000000e+00  0.000000e+00
     vertex  1.343988e+01  8.000000e+00  3.542524e+00
   endloop
 endfacet
 facet normal  0.000000e+00  1.000000e+00  0.000000e+00
   outer loop
     vertex  1.261252e+01  8.000000e+00  4.410593e+00
     vertex  1.262925e+01  8.000000e+00  4.370007e+00
     vertex  0.000000e+00  8.000000e+00  0.000000e+00
   endloop
 endfacet
 facet normal  0.000000e+00  1.000000e+00  0.000000e+00
   outer loop
     vertex  1.352081e+01  8.000000e+00  3.508511e+00
     vertex  0.000000e+00  8.000000e+00  0.000000e+00
     vertex  1.348011e+01  8.000000e+00  3.524962e+00
   endloop
 endfacet
 facet normal  0.000000e+00  1.000000e+00  0.000000e+00
   outer loop
     vertex  1.259691e+01  8.000000e+00  4.451622e+00
     vertex  1.261252e+01  8.000000e+00  4.410593e+00
     vertex  0.000000e+00  8.000000e+00  0.000000e+00
   endloop
 endfacet
 facet normal  0.000000e+00  1.000000e+00  0.000000e+00
   outer loop
     vertex  1.356195e+01  8.000000e+00  3.493183e+00
     vertex  0.000000e+00  8.000000e+00  0.000000e+00
     vertex  1.352081e+01  8.000000e+00  3.508511e+00
   endloop
 endfacet
 facet normal  0.000000e+00  1.000000e+00  0.000000e+00
   outer loop
     vertex  1.258243e+01  8.000000e+00  4.493064e+00
     vertex  1.259691e+01  8.000000e+00  4.451622e+00
     vertex  0.000000e+00  8.000000e+00  0.000000e+00
   endloop
 endfacet
 facet normal  0.000000e+00  1.000000e+00  0.000000e+00
   outer loop
     vertex  1.360349e+01  8.000000e+00  3.478989e+00
     vertex  0.000000e+00  8.000000e+00  0.000000e+00
     vertex  1.356195e+01  8.000000e+00  3.493183e+00
   endloop
 endfacet
 facet normal  0.000000e+00  1.000000e+00  0.000000e+00
   outer loop
     vertex  1.256909e+01  8.000000e+00  4.534888e+00
     vertex  1.258243e+01  8.000000e+00  4.493064e+00
     vertex  0.000000e+00  8.000000e+00  0.000000e+00
   endloop
 endfacet
 facet normal  0.000000e+00  1.000000e+00  0.000000e+00
   outer loop
     vertex  1.364540e+01  8.000000e+00  3.465940e+00
     vertex  0.000000e+00  8.000000e+00  0.000000e+00
     vertex  1.360349e+01  8.000000e+00  3.478989e+00
   endloop
 endfacet
 facet normal  0.000000e+00  1.000000e+00  0.000000e+00
   outer loop
     vertex  1.255691e+01  8.000000e+00  4.577062e+00
     vertex  1.256909e+01  8.000000e+00  4.534888e+00
     vertex  0.000000e+00  8.000000e+00  0.000000e+00
   endloop
 endfacet
 facet normal  0.000000e+00  1.000000e+00  0.000000e+00
   outer loop
     vertex  1.368766e+01  8.000000e+00  3.454046e+00
     vertex  0.000000e+00  8.000000e+00  0.000000e+00
     vertex  1.364540e+01  8.000000e+00  3.465940e+00
   endloop
 endfacet
 facet normal  0.000000e+00  1.000000e+00  0.000000e+00
   outer loop
     vertex  1.254589e+01  8.000000e+00  4.619555e+00
     vertex  1.255691e+01  8.000000e+00  4.577062e+00
     vertex  0.000000e+00  8.000000e+00  0.000000e+00
   endloop
 endfacet
 facet normal  0.000000e+00  1.000000e+00  0.000000e+00
   outer loop
     vertex  1.373022e+01  8.000000e+00  3.443316e+00
     vertex  0.000000e+00  8.000000e+00  0.000000e+00
     vertex  1.368766e+01  8.000000e+00  3.454046e+00
   endloop
 endfacet
 facet normal  0.000000e+00  1.000000e+00  0.000000e+00
   outer loop
     vertex  1.253604e+01  8.000000e+00  4.662333e+00
     vertex  1.254589e+01  8.000000e+00  4.619555e+00
     vertex  0.000000e+00  8.000000e+00  0.000000e+00
   endloop
 endfacet
 facet normal  0.000000e+00  1.000000e+00  0.000000e+00
   outer loop
     vertex  1.377307e+01  8.000000e+00  3.433757e+00
     vertex  0.000000e+00  8.000000e+00  0.000000e+00
     vertex  1.373022e+01  8.000000e+00  3.443316e+00
   endloop
 endfacet
 facet normal  0.000000e+00  1.000000e+00  0.000000e+00
   outer loop
     vertex  1.252736e+01  8.000000e+00  4.705366e+00
     vertex  1.253604e+01  8.000000e+00  4.662333e+00
     vertex  0.000000e+00  8.000000e+00  0.000000e+00
   endloop
 endfacet
 facet normal  0.000000e+00  1.000000e+00  0.000000e+00
   outer loop
     vertex  1.381616e+01  8.000000e+00  3.425378e+00
     vertex  0.000000e+00  8.000000e+00  0.000000e+00
     vertex  1.377307e+01  8.000000e+00  3.433757e+00
   endloop
 endfacet
 facet normal  0.000000e+00  1.000000e+00  0.000000e+00
   outer loop
     vertex  1.251987e+01  8.000000e+00  4.748621e+00
     vertex  1.252736e+01  8.000000e+00  4.705366e+00
     vertex  0.000000e+00  8.000000e+00  0.000000e+00
   endloop
 endfacet
 facet normal  0.000000e+00  1.000000e+00  0.000000e+00
   outer loop
     vertex  1.385947e+01  8.000000e+00  3.418184e+00
     vertex  0.000000e+00  8.000000e+00  0.000000e+00
     vertex  1.381616e+01  8.000000e+00  3.425378e+00
   endloop
 endfacet
 facet normal  0.000000e+00  1.000000e+00  0.000000e+00
   outer loop
     vertex  1.251357e+01  8.000000e+00  4.792065e+00
     vertex  1.251987e+01  8.000000e+00  4.748621e+00
     vertex  0.000000e+00  8.000000e+00  0.000000e+00
   endloop
 endfacet
 facet normal  0.000000e+00  1.000000e+00  0.000000e+00
   outer loop
     vertex  1.390295e+01  8.000000e+00  3.412180e+00
     vertex  0.000000e+00  8.000000e+00  0.000000e+00
     vertex  1.385947e+01  8.000000e+00  3.418184e+00
   endloop
 endfacet
 facet normal  0.000000e+00  1.000000e+00  0.000000e+00
   outer loop
     vertex  1.250846e+01  8.000000e+00  4.835665e+00
     vertex  1.251357e+01  8.000000e+00  4.792065e+00
     vertex  0.000000e+00  8.000000e+00  0.000000e+00
   endloop
 endfacet
 facet normal  0.000000e+00  1.000000e+00  0.000000e+00
   outer loop
     vertex  1.394659e+01  8.000000e+00  3.407372e+00
     vertex  0.000000e+00  8.000000e+00  0.000000e+00
     vertex  1.390295e+01  8.000000e+00  3.412180e+00
   endloop
 endfacet
 facet normal  0.000000e+00  1.000000e+00  0.000000e+00
   outer loop
     vertex  1.250455e+01  8.000000e+00  4.879390e+00
     vertex  1.250846e+01  8.000000e+00  4.835665e+00
     vertex  0.000000e+00  8.000000e+00  0.000000e+00
   endloop
 endfacet
 facet normal  0.000000e+00  1.000000e+00  0.000000e+00
   outer loop
     vertex  1.399034e+01  8.000000e+00  3.403763e+00
     vertex  0.000000e+00  8.000000e+00  0.000000e+00
     vertex  1.394659e+01  8.000000e+00  3.407372e+00
   endloop
 endfacet
 facet normal  0.000000e+00  1.000000e+00  0.000000e+00
   outer loop
     vertex  1.250184e+01  8.000000e+00  4.923205e+00
     vertex  1.250455e+01  8.000000e+00  4.879390e+00
     vertex  0.000000e+00  8.000000e+00  0.000000e+00
   endloop
 endfacet
 facet normal  0.000000e+00  1.000000e+00  0.000000e+00
   outer loop
     vertex  1.403417e+01  8.000000e+00  3.401355e+00
     vertex  0.000000e+00  8.000000e+00  0.000000e+00
     vertex  1.399034e+01  8.000000e+00  3.403763e+00
   endloop
 endfacet
 facet normal  0.000000e+00  1.000000e+00  0.000000e+00
   outer loop
     vertex  1.250034e+01  8.000000e+00  4.967077e+00
     vertex  1.250184e+01  8.000000e+00  4.923205e+00
     vertex  0.000000e+00  8.000000e+00  0.000000e+00
   endloop
 endfacet
 facet normal  0.000000e+00  1.000000e+00  0.000000e+00
   outer loop
     vertex  1.407805e+01  8.000000e+00  3.400151e+00
     vertex  0.000000e+00  8.000000e+00  0.000000e+00
     vertex  1.403417e+01  8.000000e+00  3.401355e+00
   endloop
 endfacet
 facet normal  0.000000e+00  1.000000e+00  0.000000e+00
   outer loop
     vertex  1.250004e+01  8.000000e+00  5.010975e+00
     vertex  1.250034e+01  8.000000e+00  4.967077e+00
     vertex  0.000000e+00  8.000000e+00  0.000000e+00
   endloop
 endfacet
 facet normal  0.000000e+00  1.000000e+00  0.000000e+00
   outer loop
     vertex  1.412195e+01  8.000000e+00  3.400151e+00
     vertex  0.000000e+00  8.000000e+00  0.000000e+00
     vertex  1.407805e+01  8.000000e+00  3.400151e+00
   endloop
 endfacet
 facet normal  0.000000e+00  1.000000e+00  0.000000e+00
   outer loop
     vertex  1.250094e+01  8.000000e+00  5.054864e+00
     vertex  1.250004e+01  8.000000e+00  5.010975e+00
     vertex  0.000000e+00  8.000000e+00  0.000000e+00
   endloop
 endfacet
 facet normal  0.000000e+00  1.000000e+00  0.000000e+00
   outer loop
     vertex  1.250305e+01  8.000000e+00  5.098712e+00
     vertex  1.250094e+01  8.000000e+00  5.054864e+00
     vertex  0.000000e+00  8.000000e+00  0.000000e+00
   endloop
 endfacet
 facet normal  0.000000e+00  1.000000e+00  0.000000e+00
   outer loop
     vertex  1.250636e+01  8.000000e+00  5.142486e+00
     vertex  1.250305e+01  8.000000e+00  5.098712e+00
     vertex  0.000000e+00  8.000000e+00  0.000000e+00
   endloop
 endfacet
 facet normal  0.000000e+00  1.000000e+00  0.000000e+00
   outer loop
     vertex  1.251087e+01  8.000000e+00  5.186152e+00
     vertex  1.250636e+01  8.000000e+00  5.142486e+00
     vertex  0.000000e+00  8.000000e+00  0.000000e+00
   endloop
 endfacet
 facet normal  0.000000e+00  1.000000e+00  0.000000e+00
   outer loop
     vertex  1.251657e+01  8.000000e+00  5.229679e+00
     vertex  1.251087e+01  8.000000e+00  5.186152e+00
     vertex  0.000000e+00  8.000000e+00  0.000000e+00
   endloop
 endfacet
 facet normal  0.000000e+00  1.000000e+00  0.000000e+00
   outer loop
     vertex  1.252347e+01  8.000000e+00  5.273032e+00
     vertex  1.251657e+01  8.000000e+00  5.229679e+00
     vertex  0.000000e+00  8.000000e+00  0.000000e+00
   endloop
 endfacet
 facet normal  0.000000e+00  1.000000e+00  0.000000e+00
   outer loop
     vertex  1.253155e+01  8.000000e+00  5.316180e+00
     vertex  1.252347e+01  8.000000e+00  5.273032e+00
     vertex  0.000000e+00  8.000000e+00  0.000000e+00
   endloop
 endfacet
 facet normal  0.000000e+00  1.000000e+00  0.000000e+00
   outer loop
     vertex  1.254082e+01  8.000000e+00  5.359090e+00
     vertex  1.253155e+01  8.000000e+00  5.316180e+00
     vertex  0.000000e+00  8.000000e+00  0.000000e+00
   endloop
 endfacet
 facet normal  0.000000e+00  1.000000e+00  0.000000e+00
   outer loop
     vertex  1.255125e+01  8.000000e+00  5.401729e+00
     vertex  1.254082e+01  8.000000e+00  5.359090e+00
     vertex  0.000000e+00  8.000000e+00  0.000000e+00
   endloop
 endfacet
 facet normal  0.000000e+00  1.000000e+00  0.000000e+00
   outer loop
     vertex  1.256286e+01  8.000000e+00  5.444067e+00
     vertex  1.255125e+01  8.000000e+00  5.401729e+00
     vertex  0.000000e+00  8.000000e+00  0.000000e+00
   endloop
 endfacet
 facet normal  0.000000e+00  1.000000e+00  0.000000e+00
   outer loop
     vertex  1.257562e+01  8.000000e+00  5.486070e+00
     vertex  1.256286e+01  8.000000e+00  5.444067e+00
     vertex  0.000000e+00  8.000000e+00  0.000000e+00
   endloop
 endfacet
 facet normal  0.000000e+00  1.000000e+00  0.000000e+00
   outer loop
     vertex  1.258953e+01  8.000000e+00  5.527706e+00
     vertex  1.257562e+01  8.000000e+00  5.486070e+00
     vertex  0.000000e+00  8.000000e+00  0.000000e+00
   endloop
 endfacet
 facet normal  0.000000e+00  1.000000e+00  0.000000e+00
   outer loop
     vertex  1.260457e+01  8.000000e+00  5.568946e+00
     vertex  1.258953e+01  8.000000e+00  5.527706e+00
     vertex  0.000000e+00  8.000000e+00  0.000000e+00
   endloop
 endfacet
 facet normal  0.000000e+00  1.000000e+00  0.000000e+00
   outer loop
     vertex  1.262074e+01  8.000000e+00  5.609758e+00
     vertex  1.260457e+01  8.000000e+00  5.568946e+00
     vertex  0.000000e+00  8.000000e+00  0.000000e+00
   endloop
 endfacet
 facet normal  0.000000e+00  1.000000e+00  0.000000e+00
   outer loop
     vertex  1.263803e+01  8.000000e+00  5.650110e+00
     vertex  1.262074e+01  8.000000e+00  5.609758e+00
     vertex  0.000000e+00  8.000000e+00  0.000000e+00
   endloop
 endfacet
 facet normal  0.000000e+00  1.000000e+00  0.000000e+00
   outer loop
     vertex  1.265642e+01  8.000000e+00  5.689973e+00
     vertex  1.263803e+01  8.000000e+00  5.650110e+00
     vertex  0.000000e+00  8.000000e+00  0.000000e+00
   endloop
 endfacet
 facet normal  0.000000e+00  1.000000e+00  0.000000e+00
   outer loop
     vertex  1.267589e+01  8.000000e+00  5.729317e+00
     vertex  1.265642e+01  8.000000e+00  5.689973e+00
     vertex  0.000000e+00  8.000000e+00  0.000000e+00
   endloop
 endfacet
 facet normal  0.000000e+00  1.000000e+00  0.000000e+00
   outer loop
     vertex  1.269643e+01  8.000000e+00  5.768112e+00
     vertex  1.267589e+01  8.000000e+00  5.729317e+00
     vertex  0.000000e+00  8.000000e+00  0.000000e+00
   endloop
 endfacet
 facet normal  0.000000e+00  1.000000e+00  0.000000e+00
   outer loop
     vertex  2.820000e+01  8.000000e+00  0.000000e+00
     vertex  1.499005e+01  8.000000e+00  3.670411e+00
     vertex  1.502619e+01  8.000000e+00  3.695329e+00
   endloop
 endfacet
 facet normal  0.000000e+00  1.000000e+00  0.000000e+00
   outer loop
     vertex  2.820000e+01  8.000000e+00  0.000000e+00
     vertex  1.495324e+01  8.000000e+00  3.646494e+00
     vertex  1.499005e+01  8.000000e+00  3.670411e+00
   endloop
 endfacet
 facet normal  0.000000e+00  1.000000e+00  0.000000e+00
   outer loop
     vertex  2.820000e+01  8.000000e+00  0.000000e+00
     vertex  1.491579e+01  8.000000e+00  3.623596e+00
     vertex  1.495324e+01  8.000000e+00  3.646494e+00
   endloop
 endfacet
 facet normal  0.000000e+00  1.000000e+00  0.000000e+00
   outer loop
     vertex  2.820000e+01  8.000000e+00  0.000000e+00
     vertex  1.487772e+01  8.000000e+00  3.601733e+00
     vertex  1.491579e+01  8.000000e+00  3.623596e+00
   endloop
 endfacet
 facet normal  0.000000e+00  1.000000e+00  0.000000e+00
   outer loop
     vertex  2.820000e+01  8.000000e+00  0.000000e+00
     vertex  1.483907e+01  8.000000e+00  3.580923e+00
     vertex  1.487772e+01  8.000000e+00  3.601733e+00
   endloop
 endfacet
 facet normal  0.000000e+00  1.000000e+00  0.000000e+00
   outer loop
     vertex  2.820000e+01  8.000000e+00  0.000000e+00
     vertex  1.479986e+01  8.000000e+00  3.561182e+00
     vertex  1.483907e+01  8.000000e+00  3.580923e+00
   endloop
 endfacet
 facet normal  0.000000e+00  1.000000e+00  0.000000e+00
   outer loop
     vertex  2.820000e+01  8.000000e+00  0.000000e+00
     vertex  1.476012e+01  8.000000e+00  3.542524e+00
     vertex  1.479986e+01  8.000000e+00  3.561182e+00
   endloop
 endfacet
 facet normal  0.000000e+00  1.000000e+00  0.000000e+00
   outer loop
     vertex  2.820000e+01  8.000000e+00  0.000000e+00
     vertex  1.471989e+01  8.000000e+00  3.524962e+00
     vertex  1.476012e+01  8.000000e+00  3.542524e+00
   endloop
 endfacet
 facet normal  0.000000e+00  1.000000e+00  0.000000e+00
   outer loop
     vertex  2.820000e+01  8.000000e+00  0.000000e+00
     vertex  1.467919e+01  8.000000e+00  3.508511e+00
     vertex  1.471989e+01  8.000000e+00  3.524962e+00
   endloop
 endfacet
 facet normal  0.000000e+00  1.000000e+00  0.000000e+00
   outer loop
     vertex  2.820000e+01  8.000000e+00  0.000000e+00
     vertex  1.463805e+01  8.000000e+00  3.493183e+00
     vertex  1.467919e+01  8.000000e+00  3.508511e+00
   endloop
 endfacet
 facet normal  0.000000e+00  1.000000e+00  0.000000e+00
   outer loop
     vertex  2.820000e+01  8.000000e+00  0.000000e+00
     vertex  1.459651e+01  8.000000e+00  3.478989e+00
     vertex  1.463805e+01  8.000000e+00  3.493183e+00
   endloop
 endfacet
 facet normal  0.000000e+00  1.000000e+00  0.000000e+00
   outer loop
     vertex  2.820000e+01  8.000000e+00  0.000000e+00
     vertex  1.455460e+01  8.000000e+00  3.465940e+00
     vertex  1.459651e+01  8.000000e+00  3.478989e+00
   endloop
 endfacet
 facet normal  0.000000e+00  1.000000e+00  0.000000e+00
   outer loop
     vertex  2.820000e+01  8.000000e+00  0.000000e+00
     vertex  0.000000e+00  8.000000e+00  0.000000e+00
     vertex  1.412195e+01  8.000000e+00  3.400151e+00
   endloop
 endfacet
 facet normal  0.000000e+00  1.000000e+00  0.000000e+00
   outer loop
     vertex  2.820000e+01  8.000000e+00  0.000000e+00
     vertex  1.451234e+01  8.000000e+00  3.454046e+00
     vertex  1.455460e+01  8.000000e+00  3.465940e+00
   endloop
 endfacet
 facet normal  0.000000e+00  1.000000e+00  0.000000e+00
   outer loop
     vertex  2.820000e+01  8.000000e+00  0.000000e+00
     vertex  1.446978e+01  8.000000e+00  3.443316e+00
     vertex  1.451234e+01  8.000000e+00  3.454046e+00
   endloop
 endfacet
 facet normal  0.000000e+00  1.000000e+00  0.000000e+00
   outer loop
     vertex  2.820000e+01  8.000000e+00  0.000000e+00
     vertex  1.442693e+01  8.000000e+00  3.433757e+00
     vertex  1.446978e+01  8.000000e+00  3.443316e+00
   endloop
 endfacet
 facet normal  0.000000e+00  1.000000e+00  0.000000e+00
   outer loop
     vertex  2.820000e+01  8.000000e+00  0.000000e+00
     vertex  1.438384e+01  8.000000e+00  3.425378e+00
     vertex  1.442693e+01  8.000000e+00  3.433757e+00
   endloop
 endfacet
 facet normal  0.000000e+00  1.000000e+00  0.000000e+00
   outer loop
     vertex  2.820000e+01  8.000000e+00  0.000000e+00
     vertex  1.434053e+01  8.000000e+00  3.418184e+00
     vertex  1.438384e+01  8.000000e+00  3.425378e+00
   endloop
 endfacet
 facet normal  0.000000e+00  1.000000e+00  0.000000e+00
   outer loop
     vertex  2.820000e+01  8.000000e+00  0.000000e+00
     vertex  1.429705e+01  8.000000e+00  3.412180e+00
     vertex  1.434053e+01  8.000000e+00  3.418184e+00
   endloop
 endfacet
 facet normal  0.000000e+00  1.000000e+00  0.000000e+00
   outer loop
     vertex  2.820000e+01  8.000000e+00  0.000000e+00
     vertex  1.425341e+01  8.000000e+00  3.407372e+00
     vertex  1.429705e+01  8.000000e+00  3.412180e+00
   endloop
 endfacet
 facet normal  0.000000e+00  1.000000e+00  0.000000e+00
   outer loop
     vertex  2.820000e+01  8.000000e+00  0.000000e+00
     vertex  1.420966e+01  8.000000e+00  3.403763e+00
     vertex  1.425341e+01  8.000000e+00  3.407372e+00
   endloop
 endfacet
 facet normal  0.000000e+00  1.000000e+00  0.000000e+00
   outer loop
     vertex  2.820000e+01  8.000000e+00  0.000000e+00
     vertex  1.416583e+01  8.000000e+00  3.401355e+00
     vertex  1.420966e+01  8.000000e+00  3.403763e+00
   endloop
 endfacet
 facet normal  0.000000e+00  1.000000e+00  0.000000e+00
   outer loop
     vertex  2.820000e+01  8.000000e+00  0.000000e+00
     vertex  1.412195e+01  8.000000e+00  3.400151e+00
     vertex  1.416583e+01  8.000000e+00  3.401355e+00
   endloop
 endfacet
 facet normal  0.000000e+00  1.000000e+00  0.000000e+00
   outer loop
     vertex  2.820000e+01  8.000000e+00  0.000000e+00
     vertex  1.552411e+01  8.000000e+00  5.729317e+00
     vertex  1.550357e+01  8.000000e+00  5.768112e+00
   endloop
 endfacet
 facet normal  0.000000e+00  1.000000e+00  0.000000e+00
   outer loop
     vertex  2.820000e+01  8.000000e+00  0.000000e+00
     vertex  1.554358e+01  8.000000e+00  5.689973e+00
     vertex  1.552411e+01  8.000000e+00  5.729317e+00
   endloop
 endfacet
 facet normal  0.000000e+00  1.000000e+00  0.000000e+00
   outer loop
     vertex  2.820000e+01  8.000000e+00  0.000000e+00
     vertex  1.556197e+01  8.000000e+00  5.650110e+00
     vertex  1.554358e+01  8.000000e+00  5.689973e+00
   endloop
 endfacet
 facet normal  0.000000e+00  1.000000e+00  0.000000e+00
   outer loop
     vertex  2.820000e+01  8.000000e+00  0.000000e+00
     vertex  1.557926e+01  8.000000e+00  5.609758e+00
     vertex  1.556197e+01  8.000000e+00  5.650110e+00
   endloop
 endfacet
 facet normal  0.000000e+00  1.000000e+00  0.000000e+00
   outer loop
     vertex  2.820000e+01  8.000000e+00  0.000000e+00
     vertex  1.559543e+01  8.000000e+00  5.568946e+00
     vertex  1.557926e+01  8.000000e+00  5.609758e+00
   endloop
 endfacet
 facet normal  0.000000e+00  1.000000e+00  0.000000e+00
   outer loop
     vertex  2.820000e+01  8.000000e+00  0.000000e+00
     vertex  1.561047e+01  8.000000e+00  5.527706e+00
     vertex  1.559543e+01  8.000000e+00  5.568946e+00
   endloop
 endfacet
 facet normal  0.000000e+00  1.000000e+00  0.000000e+00
   outer loop
     vertex  2.820000e+01  8.000000e+00  0.000000e+00
     vertex  1.562438e+01  8.000000e+00  5.486070e+00
     vertex  1.561047e+01  8.000000e+00  5.527706e+00
   endloop
 endfacet
 facet normal  0.000000e+00  1.000000e+00  0.000000e+00
   outer loop
     vertex  2.820000e+01  8.000000e+00  0.000000e+00
     vertex  1.563714e+01  8.000000e+00  5.444067e+00
     vertex  1.562438e+01  8.000000e+00  5.486070e+00
   endloop
 endfacet
 facet normal  0.000000e+00  1.000000e+00  0.000000e+00
   outer loop
     vertex  2.820000e+01  8.000000e+00  0.000000e+00
     vertex  1.564875e+01  8.000000e+00  5.401729e+00
     vertex  1.563714e+01  8.000000e+00  5.444067e+00
   endloop
 endfacet
 facet normal  0.000000e+00  1.000000e+00  0.000000e+00
   outer loop
     vertex  2.820000e+01  8.000000e+00  0.000000e+00
     vertex  1.565918e+01  8.000000e+00  5.359090e+00
     vertex  1.564875e+01  8.000000e+00  5.401729e+00
   endloop
 endfacet
 facet normal  0.000000e+00  1.000000e+00  0.000000e+00
   outer loop
     vertex  2.820000e+01  8.000000e+00  0.000000e+00
     vertex  1.566845e+01  8.000000e+00  5.316180e+00
     vertex  1.565918e+01  8.000000e+00  5.359090e+00
   endloop
 endfacet
 facet normal  0.000000e+00  1.000000e+00  0.000000e+00
   outer loop
     vertex  2.820000e+01  8.000000e+00  0.000000e+00
     vertex  1.567653e+01  8.000000e+00  5.273032e+00
     vertex  1.566845e+01  8.000000e+00  5.316180e+00
   endloop
 endfacet
 facet normal  0.000000e+00  1.000000e+00  0.000000e+00
   outer loop
     vertex  2.820000e+01  8.000000e+00  0.000000e+00
     vertex  1.568343e+01  8.000000e+00  5.229679e+00
     vertex  1.567653e+01  8.000000e+00  5.273032e+00
   endloop
 endfacet
 facet normal  0.000000e+00  1.000000e+00  0.000000e+00
   outer loop
     vertex  2.820000e+01  8.000000e+00  0.000000e+00
     vertex  1.568913e+01  8.000000e+00  5.186152e+00
     vertex  1.568343e+01  8.000000e+00  5.229679e+00
   endloop
 endfacet
 facet normal  0.000000e+00  1.000000e+00  0.000000e+00
   outer loop
     vertex  2.820000e+01  8.000000e+00  0.000000e+00
     vertex  1.569364e+01  8.000000e+00  5.142486e+00
     vertex  1.568913e+01  8.000000e+00  5.186152e+00
   endloop
 endfacet
 facet normal  0.000000e+00  1.000000e+00  0.000000e+00
   outer loop
     vertex  2.820000e+01  8.000000e+00  0.000000e+00
     vertex  1.569695e+01  8.000000e+00  5.098712e+00
     vertex  1.569364e+01  8.000000e+00  5.142486e+00
   endloop
 endfacet
 facet normal  0.000000e+00  1.000000e+00  0.000000e+00
   outer loop
     vertex  2.820000e+01  8.000000e+00  0.000000e+00
     vertex  1.569906e+01  8.000000e+00  5.054864e+00
     vertex  1.569695e+01  8.000000e+00  5.098712e+00
   endloop
 endfacet
 facet normal  0.000000e+00  1.000000e+00  0.000000e+00
   outer loop
     vertex  2.820000e+01  8.000000e+00  0.000000e+00
     vertex  1.569996e+01  8.000000e+00  5.010975e+00
     vertex  1.569906e+01  8.000000e+00  5.054864e+00
   endloop
 endfacet
 facet normal  0.000000e+00  1.000000e+00  0.000000e+00
   outer loop
     vertex  2.820000e+01  8.000000e+00  0.000000e+00
     vertex  1.569966e+01  8.000000e+00  4.967077e+00
     vertex  1.569996e+01  8.000000e+00  5.010975e+00
   endloop
 endfacet
 facet normal  0.000000e+00  1.000000e+00  0.000000e+00
   outer loop
     vertex  2.820000e+01  8.000000e+00  0.000000e+00
     vertex  1.569816e+01  8.000000e+00  4.923205e+00
     vertex  1.569966e+01  8.000000e+00  4.967077e+00
   endloop
 endfacet
 facet normal  0.000000e+00  1.000000e+00  0.000000e+00
   outer loop
     vertex  2.820000e+01  8.000000e+00  0.000000e+00
     vertex  1.569545e+01  8.000000e+00  4.879390e+00
     vertex  1.569816e+01  8.000000e+00  4.923205e+00
   endloop
 endfacet
 facet normal  0.000000e+00  1.000000e+00  0.000000e+00
   outer loop
     vertex  2.820000e+01  8.000000e+00  0.000000e+00
     vertex  1.569154e+01  8.000000e+00  4.835665e+00
     vertex  1.569545e+01  8.000000e+00  4.879390e+00
   endloop
 endfacet
 facet normal  0.000000e+00  1.000000e+00  0.000000e+00
   outer loop
     vertex  2.820000e+01  8.000000e+00  0.000000e+00
     vertex  1.568643e+01  8.000000e+00  4.792065e+00
     vertex  1.569154e+01  8.000000e+00  4.835665e+00
   endloop
 endfacet
 facet normal  0.000000e+00  1.000000e+00  0.000000e+00
   outer loop
     vertex  2.820000e+01  8.000000e+00  0.000000e+00
     vertex  1.568013e+01  8.000000e+00  4.748621e+00
     vertex  1.568643e+01  8.000000e+00  4.792065e+00
   endloop
 endfacet
 facet normal  0.000000e+00  1.000000e+00  0.000000e+00
   outer loop
     vertex  2.820000e+01  8.000000e+00  0.000000e+00
     vertex  1.567264e+01  8.000000e+00  4.705366e+00
     vertex  1.568013e+01  8.000000e+00  4.748621e+00
   endloop
 endfacet
 facet normal  0.000000e+00  1.000000e+00  0.000000e+00
   outer loop
     vertex  2.820000e+01  8.000000e+00  0.000000e+00
     vertex  1.566396e+01  8.000000e+00  4.662333e+00
     vertex  1.567264e+01  8.000000e+00  4.705366e+00
   endloop
 endfacet
 facet normal  0.000000e+00  1.000000e+00  0.000000e+00
   outer loop
     vertex  2.820000e+01  8.000000e+00  0.000000e+00
     vertex  1.565411e+01  8.000000e+00  4.619555e+00
     vertex  1.566396e+01  8.000000e+00  4.662333e+00
   endloop
 endfacet
 facet normal  0.000000e+00  1.000000e+00  0.000000e+00
   outer loop
     vertex  2.820000e+01  8.000000e+00  0.000000e+00
     vertex  1.564309e+01  8.000000e+00  4.577062e+00
     vertex  1.565411e+01  8.000000e+00  4.619555e+00
   endloop
 endfacet
 facet normal  0.000000e+00  1.000000e+00  0.000000e+00
   outer loop
     vertex  2.820000e+01  8.000000e+00  0.000000e+00
     vertex  1.563091e+01  8.000000e+00  4.534888e+00
     vertex  1.564309e+01  8.000000e+00  4.577062e+00
   endloop
 endfacet
 facet normal  0.000000e+00  1.000000e+00  0.000000e+00
   outer loop
     vertex  2.820000e+01  8.000000e+00  0.000000e+00
     vertex  1.561757e+01  8.000000e+00  4.493064e+00
     vertex  1.563091e+01  8.000000e+00  4.534888e+00
   endloop
 endfacet
 facet normal  0.000000e+00  1.000000e+00  0.000000e+00
   outer loop
     vertex  2.820000e+01  8.000000e+00  0.000000e+00
     vertex  1.560309e+01  8.000000e+00  4.451622e+00
     vertex  1.561757e+01  8.000000e+00  4.493064e+00
   endloop
 endfacet
 facet normal  0.000000e+00  1.000000e+00  0.000000e+00
   outer loop
     vertex  2.820000e+01  8.000000e+00  0.000000e+00
     vertex  1.558748e+01  8.000000e+00  4.410593e+00
     vertex  1.560309e+01  8.000000e+00  4.451622e+00
   endloop
 endfacet
 facet normal  0.000000e+00  1.000000e+00  0.000000e+00
   outer loop
     vertex  2.820000e+01  8.000000e+00  0.000000e+00
     vertex  1.557075e+01  8.000000e+00  4.370007e+00
     vertex  1.558748e+01  8.000000e+00  4.410593e+00
   endloop
 endfacet
 facet normal  0.000000e+00  1.000000e+00  0.000000e+00
   outer loop
     vertex  2.820000e+01  8.000000e+00  0.000000e+00
     vertex  1.555291e+01  8.000000e+00  4.329895e+00
     vertex  1.557075e+01  8.000000e+00  4.370007e+00
   endloop
 endfacet
 facet normal  0.000000e+00  1.000000e+00  0.000000e+00
   outer loop
     vertex  2.820000e+01  8.000000e+00  0.000000e+00
     vertex  1.553398e+01  8.000000e+00  4.290288e+00
     vertex  1.555291e+01  8.000000e+00  4.329895e+00
   endloop
 endfacet
 facet normal  0.000000e+00  1.000000e+00  0.000000e+00
   outer loop
     vertex  2.820000e+01  8.000000e+00  0.000000e+00
     vertex  1.551397e+01  8.000000e+00  4.251215e+00
     vertex  1.553398e+01  8.000000e+00  4.290288e+00
   endloop
 endfacet
 facet normal  0.000000e+00  1.000000e+00  0.000000e+00
   outer loop
     vertex  2.820000e+01  8.000000e+00  0.000000e+00
     vertex  1.549290e+01  8.000000e+00  4.212706e+00
     vertex  1.551397e+01  8.000000e+00  4.251215e+00
   endloop
 endfacet
 facet normal  0.000000e+00  1.000000e+00  0.000000e+00
   outer loop
     vertex  2.820000e+01  8.000000e+00  0.000000e+00
     vertex  1.547078e+01  8.000000e+00  4.174790e+00
     vertex  1.549290e+01  8.000000e+00  4.212706e+00
   endloop
 endfacet
 facet normal  0.000000e+00  1.000000e+00  0.000000e+00
   outer loop
     vertex  2.820000e+01  8.000000e+00  0.000000e+00
     vertex  1.544762e+01  8.000000e+00  4.137494e+00
     vertex  1.547078e+01  8.000000e+00  4.174790e+00
   endloop
 endfacet
 facet normal  0.000000e+00  1.000000e+00  0.000000e+00
   outer loop
     vertex  2.820000e+01  8.000000e+00  0.000000e+00
     vertex  1.542345e+01  8.000000e+00  4.100848e+00
     vertex  1.544762e+01  8.000000e+00  4.137494e+00
   endloop
 endfacet
 facet normal  0.000000e+00  1.000000e+00  0.000000e+00
   outer loop
     vertex  2.820000e+01  8.000000e+00  0.000000e+00
     vertex  1.539829e+01  8.000000e+00  4.064879e+00
     vertex  1.542345e+01  8.000000e+00  4.100848e+00
   endloop
 endfacet
 facet normal  0.000000e+00  1.000000e+00  0.000000e+00
   outer loop
     vertex  2.820000e+01  8.000000e+00  0.000000e+00
     vertex  1.537214e+01  8.000000e+00  4.029614e+00
     vertex  1.539829e+01  8.000000e+00  4.064879e+00
   endloop
 endfacet
 facet normal  0.000000e+00  1.000000e+00  0.000000e+00
   outer loop
     vertex  2.820000e+01  8.000000e+00  0.000000e+00
     vertex  1.534504e+01  8.000000e+00  3.995079e+00
     vertex  1.537214e+01  8.000000e+00  4.029614e+00
   endloop
 endfacet
 facet normal  0.000000e+00  1.000000e+00  0.000000e+00
   outer loop
     vertex  2.820000e+01  8.000000e+00  0.000000e+00
     vertex  1.531701e+01  8.000000e+00  3.961300e+00
     vertex  1.534504e+01  8.000000e+00  3.995079e+00
   endloop
 endfacet
 facet normal  0.000000e+00  1.000000e+00  0.000000e+00
   outer loop
     vertex  2.820000e+01  8.000000e+00  0.000000e+00
     vertex  1.528805e+01  8.000000e+00  3.928304e+00
     vertex  1.531701e+01  8.000000e+00  3.961300e+00
   endloop
 endfacet
 facet normal  0.000000e+00  1.000000e+00  0.000000e+00
   outer loop
     vertex  2.820000e+01  8.000000e+00  0.000000e+00
     vertex  1.525820e+01  8.000000e+00  3.896114e+00
     vertex  1.528805e+01  8.000000e+00  3.928304e+00
   endloop
 endfacet
 facet normal  0.000000e+00  1.000000e+00  0.000000e+00
   outer loop
     vertex  2.820000e+01  8.000000e+00  0.000000e+00
     vertex  1.522748e+01  8.000000e+00  3.864756e+00
     vertex  1.525820e+01  8.000000e+00  3.896114e+00
   endloop
 endfacet
 facet normal  0.000000e+00  1.000000e+00  0.000000e+00
   outer loop
     vertex  2.820000e+01  8.000000e+00  0.000000e+00
     vertex  1.519592e+01  8.000000e+00  3.834251e+00
     vertex  1.522748e+01  8.000000e+00  3.864756e+00
   endloop
 endfacet
 facet normal  0.000000e+00  1.000000e+00  0.000000e+00
   outer loop
     vertex  2.820000e+01  8.000000e+00  0.000000e+00
     vertex  1.516352e+01  8.000000e+00  3.804625e+00
     vertex  1.519592e+01  8.000000e+00  3.834251e+00
   endloop
 endfacet
 facet normal  0.000000e+00  1.000000e+00  0.000000e+00
   outer loop
     vertex  2.820000e+01  8.000000e+00  0.000000e+00
     vertex  1.513033e+01  8.000000e+00  3.775898e+00
     vertex  1.516352e+01  8.000000e+00  3.804625e+00
   endloop
 endfacet
 facet normal  0.000000e+00  1.000000e+00  0.000000e+00
   outer loop
     vertex  2.820000e+01  8.000000e+00  0.000000e+00
     vertex  1.509636e+01  8.000000e+00  3.748093e+00
     vertex  1.513033e+01  8.000000e+00  3.775898e+00
   endloop
 endfacet
 facet normal  0.000000e+00  1.000000e+00  0.000000e+00
   outer loop
     vertex  2.820000e+01  8.000000e+00  0.000000e+00
     vertex  1.506164e+01  8.000000e+00  3.721230e+00
     vertex  1.509636e+01  8.000000e+00  3.748093e+00
   endloop
 endfacet
 facet normal  0.000000e+00  1.000000e+00  0.000000e+00
   outer loop
     vertex  2.820000e+01  8.000000e+00  0.000000e+00
     vertex  1.502619e+01  8.000000e+00  3.695329e+00
     vertex  1.506164e+01  8.000000e+00  3.721230e+00
   endloop
 endfacet
 facet normal  0.000000e+00  1.000000e+00  0.000000e+00
   outer loop
     vertex  1.198597e+01  8.000000e+00  1.787142e+01
     vertex  1.284129e+01  8.000000e+00  5.987747e+00
     vertex  1.281466e+01  8.000000e+00  5.952843e+00
   endloop
 endfacet
 facet normal  0.000000e+00  1.000000e+00  0.000000e+00
   outer loop
     vertex  1.192837e+01  8.000000e+00  1.793021e+01
     vertex  1.281466e+01  8.000000e+00  5.952843e+00
     vertex  1.278901e+01  8.000000e+00  5.917223e+00
   endloop
 endfacet
 facet normal  0.000000e+00  1.000000e+00  0.000000e+00
   outer loop
     vertex  1.192837e+01  8.000000e+00  1.793021e+01
     vertex  1.198597e+01  8.000000e+00  1.787142e+01
     vertex  1.281466e+01  8.000000e+00  5.952843e+00
   endloop
 endfacet
 facet normal  0.000000e+00  1.000000e+00  0.000000e+00
   outer loop
     vertex  1.204516e+01  8.000000e+00  1.781422e+01
     vertex  1.286886e+01  8.000000e+00  6.021907e+00
     vertex  1.284129e+01  8.000000e+00  5.987747e+00
   endloop
 endfacet
 facet normal  0.000000e+00  1.000000e+00  0.000000e+00
   outer loop
     vertex  1.204516e+01  8.000000e+00  1.781422e+01
     vertex  1.284129e+01  8.000000e+00  5.987747e+00
     vertex  1.198597e+01  8.000000e+00  1.787142e+01
   endloop
 endfacet
 facet normal  0.000000e+00  1.000000e+00  0.000000e+00
   outer loop
     vertex  1.187240e+01  8.000000e+00  1.799057e+01
     vertex  1.278901e+01  8.000000e+00  5.917223e+00
     vertex  1.276434e+01  8.000000e+00  5.880912e+00
   endloop
 endfacet
 facet normal  0.000000e+00  1.000000e+00  0.000000e+00
   outer loop
     vertex  1.187240e+01  8.000000e+00  1.799057e+01
     vertex  1.192837e+01  8.000000e+00  1.793021e+01
     vertex  1.278901e+01  8.000000e+00  5.917223e+00
   endloop
 endfacet
 facet normal  0.000000e+00  1.000000e+00  0.000000e+00
   outer loop
     vertex  1.210590e+01  8.000000e+00  1.775867e+01
     vertex  1.289736e+01  8.000000e+00  6.055297e+00
     vertex  1.286886e+01  8.000000e+00  6.021907e+00
   endloop
 endfacet
 facet normal  0.000000e+00  1.000000e+00  0.000000e+00
   outer loop
     vertex  1.210590e+01  8.000000e+00  1.775867e+01
     vertex  1.286886e+01  8.000000e+00  6.021907e+00
     vertex  1.204516e+01  8.000000e+00  1.781422e+01
   endloop
 endfacet
 facet normal  0.000000e+00  1.000000e+00  0.000000e+00
   outer loop
     vertex  1.181811e+01  8.000000e+00  1.805244e+01
     vertex  1.187240e+01  8.000000e+00  1.799057e+01
     vertex  1.276434e+01  8.000000e+00  5.880912e+00
   endloop
 endfacet
 facet normal  0.000000e+00  1.000000e+00  0.000000e+00
   outer loop
     vertex  1.181811e+01  8.000000e+00  1.805244e+01
     vertex  1.274067e+01  8.000000e+00  5.843938e+00
     vertex  1.271803e+01  8.000000e+00  5.806328e+00
   endloop
 endfacet
 facet normal  0.000000e+00  1.000000e+00  0.000000e+00
   outer loop
     vertex  1.181811e+01  8.000000e+00  1.805244e+01
     vertex  1.276434e+01  8.000000e+00  5.880912e+00
     vertex  1.274067e+01  8.000000e+00  5.843938e+00
   endloop
 endfacet
 facet normal  0.000000e+00  1.000000e+00  0.000000e+00
   outer loop
     vertex  1.216814e+01  8.000000e+00  1.770481e+01
     vertex  1.292676e+01  8.000000e+00  6.087893e+00
     vertex  1.289736e+01  8.000000e+00  6.055297e+00
   endloop
 endfacet
 facet normal  0.000000e+00  1.000000e+00  0.000000e+00
   outer loop
     vertex  1.216814e+01  8.000000e+00  1.770481e+01
     vertex  1.289736e+01  8.000000e+00  6.055297e+00
     vertex  1.210590e+01  8.000000e+00  1.775867e+01
   endloop
 endfacet
 facet normal  0.000000e+00  1.000000e+00  0.000000e+00
   outer loop
     vertex  1.176554e+01  8.000000e+00  1.811577e+01
     vertex  1.181811e+01  8.000000e+00  1.805244e+01
     vertex  1.271803e+01  8.000000e+00  5.806328e+00
   endloop
 endfacet
 facet normal  0.000000e+00  1.000000e+00  0.000000e+00
   outer loop
     vertex  1.176554e+01  8.000000e+00  1.811577e+01
     vertex  1.271803e+01  8.000000e+00  5.806328e+00
     vertex  1.269643e+01  8.000000e+00  5.768112e+00
   endloop
 endfacet
 facet normal  0.000000e+00  1.000000e+00  0.000000e+00
   outer loop
     vertex  1.223183e+01  8.000000e+00  1.765267e+01
     vertex  1.295705e+01  8.000000e+00  6.119670e+00
     vertex  1.292676e+01  8.000000e+00  6.087893e+00
   endloop
 endfacet
 facet normal  0.000000e+00  1.000000e+00  0.000000e+00
   outer loop
     vertex  1.223183e+01  8.000000e+00  1.765267e+01
     vertex  1.298820e+01  8.000000e+00  6.150605e+00
     vertex  1.295705e+01  8.000000e+00  6.119670e+00
   endloop
 endfacet
 facet normal  0.000000e+00  1.000000e+00  0.000000e+00
   outer loop
     vertex  1.223183e+01  8.000000e+00  1.765267e+01
     vertex  1.292676e+01  8.000000e+00  6.087893e+00
     vertex  1.216814e+01  8.000000e+00  1.770481e+01
   endloop
 endfacet
 facet normal  0.000000e+00  1.000000e+00  0.000000e+00
   outer loop
     vertex  1.171473e+01  8.000000e+00  1.818053e+01
     vertex  1.176554e+01  8.000000e+00  1.811577e+01
     vertex  1.269643e+01  8.000000e+00  5.768112e+00
   endloop
 endfacet
 facet normal  0.000000e+00  1.000000e+00  0.000000e+00
   outer loop
     vertex  1.171473e+01  8.000000e+00  1.818053e+01
     vertex  1.269643e+01  8.000000e+00  5.768112e+00
     vertex  0.000000e+00  8.000000e+00  0.000000e+00
   endloop
 endfacet
 facet normal  0.000000e+00  1.000000e+00  0.000000e+00
   outer loop
     vertex  1.229693e+01  8.000000e+00  1.760231e+01
     vertex  1.302018e+01  8.000000e+00  6.180673e+00
     vertex  1.298820e+01  8.000000e+00  6.150605e+00
   endloop
 endfacet
 facet normal  0.000000e+00  1.000000e+00  0.000000e+00
   outer loop
     vertex  1.229693e+01  8.000000e+00  1.760231e+01
     vertex  1.298820e+01  8.000000e+00  6.150605e+00
     vertex  1.223183e+01  8.000000e+00  1.765267e+01
   endloop
 endfacet
 facet normal  0.000000e+00  1.000000e+00  0.000000e+00
   outer loop
     vertex  1.166571e+01  8.000000e+00  1.824665e+01
     vertex  1.171473e+01  8.000000e+00  1.818053e+01
     vertex  0.000000e+00  8.000000e+00  0.000000e+00
   endloop
 endfacet
 facet normal  0.000000e+00  1.000000e+00  0.000000e+00
   outer loop
     vertex  1.236339e+01  8.000000e+00  1.755374e+01
     vertex  1.302018e+01  8.000000e+00  6.180673e+00
     vertex  1.229693e+01  8.000000e+00  1.760231e+01
   endloop
 endfacet
 facet normal  0.000000e+00  1.000000e+00  0.000000e+00
   outer loop
     vertex  1.236339e+01  8.000000e+00  1.755374e+01
     vertex  1.305298e+01  8.000000e+00  6.209852e+00
     vertex  1.302018e+01  8.000000e+00  6.180673e+00
   endloop
 endfacet
 facet normal  0.000000e+00  1.000000e+00  0.000000e+00
   outer loop
     vertex  1.161853e+01  8.000000e+00  1.831409e+01
     vertex  1.166571e+01  8.000000e+00  1.824665e+01
     vertex  0.000000e+00  8.000000e+00  0.000000e+00
   endloop
 endfacet
 facet normal  0.000000e+00  1.000000e+00  0.000000e+00
   outer loop
     vertex  1.243115e+01  8.000000e+00  1.750702e+01
     vertex  1.308656e+01  8.000000e+00  6.238121e+00
     vertex  1.305298e+01  8.000000e+00  6.209852e+00
   endloop
 endfacet
 facet normal  0.000000e+00  1.000000e+00  0.000000e+00
   outer loop
     vertex  1.243115e+01  8.000000e+00  1.750702e+01
     vertex  1.305298e+01  8.000000e+00  6.209852e+00
     vertex  1.236339e+01  8.000000e+00  1.755374e+01
   endloop
 endfacet
 facet normal  0.000000e+00  1.000000e+00  0.000000e+00
   outer loop
     vertex  1.157321e+01  8.000000e+00  1.838280e+01
     vertex  1.161853e+01  8.000000e+00  1.831409e+01
     vertex  0.000000e+00  8.000000e+00  0.000000e+00
   endloop
 endfacet
 facet normal  0.000000e+00  1.000000e+00  0.000000e+00
   outer loop
     vertex  1.250017e+01  8.000000e+00  1.746218e+01
     vertex  1.312091e+01  8.000000e+00  6.265458e+00
     vertex  1.308656e+01  8.000000e+00  6.238121e+00
   endloop
 endfacet
 facet normal  0.000000e+00  1.000000e+00  0.000000e+00
   outer loop
     vertex  1.250017e+01  8.000000e+00  1.746218e+01
     vertex  1.308656e+01  8.000000e+00  6.238121e+00
     vertex  1.243115e+01  8.000000e+00  1.750702e+01
   endloop
 endfacet
 facet normal  0.000000e+00  1.000000e+00  0.000000e+00
   outer loop
     vertex  1.152979e+01  8.000000e+00  1.845273e+01
     vertex  1.157321e+01  8.000000e+00  1.838280e+01
     vertex  0.000000e+00  8.000000e+00  0.000000e+00
   endloop
 endfacet
 facet normal  0.000000e+00  1.000000e+00  0.000000e+00
   outer loop
     vertex  1.257040e+01  8.000000e+00  1.741924e+01
     vertex  1.315600e+01  8.000000e+00  6.291842e+00
     vertex  1.312091e+01  8.000000e+00  6.265458e+00
   endloop
 endfacet
 facet normal  0.000000e+00  1.000000e+00  0.000000e+00
   outer loop
     vertex  1.257040e+01  8.000000e+00  1.741924e+01
     vertex  1.312091e+01  8.000000e+00  6.265458e+00
     vertex  1.250017e+01  8.000000e+00  1.746218e+01
   endloop
 endfacet
 facet normal  0.000000e+00  1.000000e+00  0.000000e+00
   outer loop
     vertex  1.148831e+01  8.000000e+00  1.852382e+01
     vertex  1.152979e+01  8.000000e+00  1.845273e+01
     vertex  0.000000e+00  8.000000e+00  0.000000e+00
   endloop
 endfacet
 facet normal  0.000000e+00  1.000000e+00  0.000000e+00
   outer loop
     vertex  1.264177e+01  8.000000e+00  1.737825e+01
     vertex  1.315600e+01  8.000000e+00  6.291842e+00
     vertex  1.257040e+01  8.000000e+00  1.741924e+01
   endloop
 endfacet
 facet normal  0.000000e+00  1.000000e+00  0.000000e+00
   outer loop
     vertex  1.264177e+01  8.000000e+00  1.737825e+01
     vertex  1.319179e+01  8.000000e+00  6.317254e+00
     vertex  1.315600e+01  8.000000e+00  6.291842e+00
   endloop
 endfacet
 facet normal  0.000000e+00  1.000000e+00  0.000000e+00
   outer loop
     vertex  1.144880e+01  8.000000e+00  1.859603e+01
     vertex  1.148831e+01  8.000000e+00  1.852382e+01
     vertex  0.000000e+00  8.000000e+00  0.000000e+00
   endloop
 endfacet
 facet normal  0.000000e+00  1.000000e+00  0.000000e+00
   outer loop
     vertex  1.271425e+01  8.000000e+00  1.733923e+01
     vertex  1.322827e+01  8.000000e+00  6.341674e+00
     vertex  1.319179e+01  8.000000e+00  6.317254e+00
   endloop
 endfacet
 facet normal  0.000000e+00  1.000000e+00  0.000000e+00
   outer loop
     vertex  1.271425e+01  8.000000e+00  1.733923e+01
     vertex  1.326541e+01  8.000000e+00  6.365084e+00
     vertex  1.322827e+01  8.000000e+00  6.341674e+00
   endloop
 endfacet
 facet normal  0.000000e+00  1.000000e+00  0.000000e+00
   outer loop
     vertex  1.271425e+01  8.000000e+00  1.733923e+01
     vertex  1.319179e+01  8.000000e+00  6.317254e+00
     vertex  1.264177e+01  8.000000e+00  1.737825e+01
   endloop
 endfacet
 facet normal  0.000000e+00  1.000000e+00  0.000000e+00
   outer loop
     vertex  1.141128e+01  8.000000e+00  1.866929e+01
     vertex  1.144880e+01  8.000000e+00  1.859603e+01
     vertex  0.000000e+00  8.000000e+00  0.000000e+00
   endloop
 endfacet
 facet normal  0.000000e+00  1.000000e+00  0.000000e+00
   outer loop
     vertex  1.278776e+01  8.000000e+00  1.730222e+01
     vertex  1.330317e+01  8.000000e+00  6.387466e+00
     vertex  1.326541e+01  8.000000e+00  6.365084e+00
   endloop
 endfacet
 facet normal  0.000000e+00  1.000000e+00  0.000000e+00
   outer loop
     vertex  1.278776e+01  8.000000e+00  1.730222e+01
     vertex  1.326541e+01  8.000000e+00  6.365084e+00
     vertex  1.271425e+01  8.000000e+00  1.733923e+01
   endloop
 endfacet
 facet normal  0.000000e+00  1.000000e+00  0.000000e+00
   outer loop
     vertex  1.137579e+01  8.000000e+00  1.874355e+01
     vertex  1.141128e+01  8.000000e+00  1.866929e+01
     vertex  0.000000e+00  8.000000e+00  0.000000e+00
   endloop
 endfacet
 facet normal  0.000000e+00  1.000000e+00  0.000000e+00
   outer loop
     vertex  1.286227e+01  8.000000e+00  1.726723e+01
     vertex  1.334153e+01  8.000000e+00  6.408804e+00
     vertex  1.330317e+01  8.000000e+00  6.387466e+00
   endloop
 endfacet
 facet normal  0.000000e+00  1.000000e+00  0.000000e+00
   outer loop
     vertex  1.286227e+01  8.000000e+00  1.726723e+01
     vertex  1.330317e+01  8.000000e+00  6.387466e+00
     vertex  1.278776e+01  8.000000e+00  1.730222e+01
   endloop
 endfacet
 facet normal  0.000000e+00  1.000000e+00  0.000000e+00
   outer loop
     vertex  1.134234e+01  8.000000e+00  1.881876e+01
     vertex  1.137579e+01  8.000000e+00  1.874355e+01
     vertex  0.000000e+00  8.000000e+00  0.000000e+00
   endloop
 endfacet
 facet normal  0.000000e+00  1.000000e+00  0.000000e+00
   outer loop
     vertex  1.293771e+01  8.000000e+00  1.723430e+01
     vertex  1.338047e+01  8.000000e+00  6.429082e+00
     vertex  1.334153e+01  8.000000e+00  6.408804e+00
   endloop
 endfacet
 facet normal  0.000000e+00  1.000000e+00  0.000000e+00
   outer loop
     vertex  1.293771e+01  8.000000e+00  1.723430e+01
     vertex  1.334153e+01  8.000000e+00  6.408804e+00
     vertex  1.286227e+01  8.000000e+00  1.726723e+01
   endloop
 endfacet
 facet normal  0.000000e+00  1.000000e+00  0.000000e+00
   outer loop
     vertex  1.131097e+01  8.000000e+00  1.889486e+01
     vertex  1.134234e+01  8.000000e+00  1.881876e+01
     vertex  0.000000e+00  8.000000e+00  0.000000e+00
   endloop
 endfacet
 facet normal  0.000000e+00  1.000000e+00  0.000000e+00
   outer loop
     vertex  1.301402e+01  8.000000e+00  1.720346e+01
     vertex  1.341995e+01  8.000000e+00  6.448284e+00
     vertex  1.338047e+01  8.000000e+00  6.429082e+00
   endloop
 endfacet
 facet normal  0.000000e+00  1.000000e+00  0.000000e+00
   outer loop
     vertex  1.301402e+01  8.000000e+00  1.720346e+01
     vertex  1.338047e+01  8.000000e+00  6.429082e+00
     vertex  1.293771e+01  8.000000e+00  1.723430e+01
   endloop
 endfacet
 facet normal  0.000000e+00  1.000000e+00  0.000000e+00
   outer loop
     vertex  1.128170e+01  8.000000e+00  1.897179e+01
     vertex  1.131097e+01  8.000000e+00  1.889486e+01
     vertex  0.000000e+00  8.000000e+00  0.000000e+00
   endloop
 endfacet
 facet normal  0.000000e+00  1.000000e+00  0.000000e+00
   outer loop
     vertex  1.309115e+01  8.000000e+00  1.717472e+01
     vertex  1.345993e+01  8.000000e+00  6.466395e+00
     vertex  1.341995e+01  8.000000e+00  6.448284e+00
   endloop
 endfacet
 facet normal  0.000000e+00  1.000000e+00  0.000000e+00
   outer loop
     vertex  1.309115e+01  8.000000e+00  1.717472e+01
     vertex  1.350040e+01  8.000000e+00  6.483403e+00
     vertex  1.345993e+01  8.000000e+00  6.466395e+00
   endloop
 endfacet
 facet normal  0.000000e+00  1.000000e+00  0.000000e+00
   outer loop
     vertex  1.309115e+01  8.000000e+00  1.717472e+01
     vertex  1.341995e+01  8.000000e+00  6.448284e+00
     vertex  1.301402e+01  8.000000e+00  1.720346e+01
   endloop
 endfacet
 facet normal  0.000000e+00  1.000000e+00  0.000000e+00
   outer loop
     vertex  1.125456e+01  8.000000e+00  1.904950e+01
     vertex  1.128170e+01  8.000000e+00  1.897179e+01
     vertex  0.000000e+00  8.000000e+00  0.000000e+00
   endloop
 endfacet
 facet normal  0.000000e+00  1.000000e+00  0.000000e+00
   outer loop
     vertex  1.316904e+01  8.000000e+00  1.714810e+01
     vertex  1.350040e+01  8.000000e+00  6.483403e+00
     vertex  1.309115e+01  8.000000e+00  1.717472e+01
   endloop
 endfacet
 facet normal  0.000000e+00  1.000000e+00  0.000000e+00
   outer loop
     vertex  1.316904e+01  8.000000e+00  1.714810e+01
     vertex  1.354132e+01  8.000000e+00  6.499294e+00
     vertex  1.350040e+01  8.000000e+00  6.483403e+00
   endloop
 endfacet
 facet normal  0.000000e+00  1.000000e+00  0.000000e+00
   outer loop
     vertex  1.122955e+01  8.000000e+00  1.912792e+01
     vertex  1.125456e+01  8.000000e+00  1.904950e+01
     vertex  0.000000e+00  8.000000e+00  0.000000e+00
   endloop
 endfacet
 facet normal  0.000000e+00  1.000000e+00  0.000000e+00
   outer loop
     vertex  1.324763e+01  8.000000e+00  1.712364e+01
     vertex  1.358267e+01  8.000000e+00  6.514056e+00
     vertex  1.354132e+01  8.000000e+00  6.499294e+00
   endloop
 endfacet
 facet normal  0.000000e+00  1.000000e+00  0.000000e+00
   outer loop
     vertex  1.324763e+01  8.000000e+00  1.712364e+01
     vertex  1.354132e+01  8.000000e+00  6.499294e+00
     vertex  1.316904e+01  8.000000e+00  1.714810e+01
   endloop
 endfacet
 facet normal  0.000000e+00  1.000000e+00  0.000000e+00
   outer loop
     vertex  1.120671e+01  8.000000e+00  1.920699e+01
     vertex  1.122955e+01  8.000000e+00  1.912792e+01
     vertex  0.000000e+00  8.000000e+00  0.000000e+00
   endloop
 endfacet
 facet normal  0.000000e+00  1.000000e+00  0.000000e+00
   outer loop
     vertex  1.332686e+01  8.000000e+00  1.710134e+01
     vertex  1.362440e+01  8.000000e+00  6.527679e+00
     vertex  1.358267e+01  8.000000e+00  6.514056e+00
   endloop
 endfacet
 facet normal  0.000000e+00  1.000000e+00  0.000000e+00
   outer loop
     vertex  1.332686e+01  8.000000e+00  1.710134e+01
     vertex  1.358267e+01  8.000000e+00  6.514056e+00
     vertex  1.324763e+01  8.000000e+00  1.712364e+01
   endloop
 endfacet
 facet normal  0.000000e+00  1.000000e+00  0.000000e+00
   outer loop
     vertex  1.118604e+01  8.000000e+00  1.928666e+01
     vertex  1.120671e+01  8.000000e+00  1.920699e+01
     vertex  0.000000e+00  8.000000e+00  0.000000e+00
   endloop
 endfacet
 facet normal  0.000000e+00  1.000000e+00  0.000000e+00
   outer loop
     vertex  1.340667e+01  8.000000e+00  1.708122e+01
     vertex  1.362440e+01  8.000000e+00  6.527679e+00
     vertex  1.332686e+01  8.000000e+00  1.710134e+01
   endloop
 endfacet
 facet normal  0.000000e+00  1.000000e+00  0.000000e+00
   outer loop
     vertex  1.340667e+01  8.000000e+00  1.708122e+01
     vertex  1.366649e+01  8.000000e+00  6.540152e+00
     vertex  1.362440e+01  8.000000e+00  6.527679e+00
   endloop
 endfacet
 facet normal  0.000000e+00  1.000000e+00  0.000000e+00
   outer loop
     vertex  1.116757e+01  8.000000e+00  1.936687e+01
     vertex  1.118604e+01  8.000000e+00  1.928666e+01
     vertex  0.000000e+00  8.000000e+00  0.000000e+00
   endloop
 endfacet
 facet normal  0.000000e+00  1.000000e+00  0.000000e+00
   outer loop
     vertex  1.348700e+01  8.000000e+00  1.706330e+01
     vertex  1.370890e+01  8.000000e+00  6.551465e+00
     vertex  1.366649e+01  8.000000e+00  6.540152e+00
   endloop
 endfacet
 facet normal  0.000000e+00  1.000000e+00  0.000000e+00
   outer loop
     vertex  1.348700e+01  8.000000e+00  1.706330e+01
     vertex  1.375161e+01  8.000000e+00  6.561610e+00
     vertex  1.370890e+01  8.000000e+00  6.551465e+00
   endloop
 endfacet
 facet normal  0.000000e+00  1.000000e+00  0.000000e+00
   outer loop
     vertex  1.348700e+01  8.000000e+00  1.706330e+01
     vertex  1.366649e+01  8.000000e+00  6.540152e+00
     vertex  1.340667e+01  8.000000e+00  1.708122e+01
   endloop
 endfacet
 facet normal  0.000000e+00  1.000000e+00  0.000000e+00
   outer loop
     vertex  1.115130e+01  8.000000e+00  1.944756e+01
     vertex  1.116757e+01  8.000000e+00  1.936687e+01
     vertex  0.000000e+00  8.000000e+00  0.000000e+00
   endloop
 endfacet
 facet normal  0.000000e+00  1.000000e+00  0.000000e+00
   outer loop
     vertex  1.356780e+01  8.000000e+00  1.704758e+01
     vertex  1.379459e+01  8.000000e+00  6.570580e+00
     vertex  1.375161e+01  8.000000e+00  6.561610e+00
   endloop
 endfacet
 facet normal  0.000000e+00  1.000000e+00  0.000000e+00
   outer loop
     vertex  1.356780e+01  8.000000e+00  1.704758e+01
     vertex  1.375161e+01  8.000000e+00  6.561610e+00
     vertex  1.348700e+01  8.000000e+00  1.706330e+01
   endloop
 endfacet
 facet normal  0.000000e+00  1.000000e+00  0.000000e+00
   outer loop
     vertex  1.113726e+01  8.000000e+00  1.952866e+01
     vertex  1.115130e+01  8.000000e+00  1.944756e+01
     vertex  0.000000e+00  8.000000e+00  0.000000e+00
   endloop
 endfacet
 facet normal  0.000000e+00  1.000000e+00  0.000000e+00
   outer loop
     vertex  1.364900e+01  8.000000e+00  1.703409e+01
     vertex  1.383779e+01  8.000000e+00  6.578368e+00
     vertex  1.379459e+01  8.000000e+00  6.570580e+00
   endloop
 endfacet
 facet normal  0.000000e+00  1.000000e+00  0.000000e+00
   outer loop
     vertex  1.364900e+01  8.000000e+00  1.703409e+01
     vertex  1.379459e+01  8.000000e+00  6.570580e+00
     vertex  1.356780e+01  8.000000e+00  1.704758e+01
   endloop
 endfacet
 facet normal  0.000000e+00  1.000000e+00  0.000000e+00
   outer loop
     vertex  1.112544e+01  8.000000e+00  1.961012e+01
     vertex  1.113726e+01  8.000000e+00  1.952866e+01
     vertex  0.000000e+00  8.000000e+00  0.000000e+00
   endloop
 endfacet
 facet normal  0.000000e+00  1.000000e+00  0.000000e+00
   outer loop
     vertex  1.373053e+01  8.000000e+00  1.702284e+01
     vertex  1.388119e+01  8.000000e+00  6.584967e+00
     vertex  1.383779e+01  8.000000e+00  6.578368e+00
   endloop
 endfacet
 facet normal  0.000000e+00  1.000000e+00  0.000000e+00
   outer loop
     vertex  1.373053e+01  8.000000e+00  1.702284e+01
     vertex  1.383779e+01  8.000000e+00  6.578368e+00
     vertex  1.364900e+01  8.000000e+00  1.703409e+01
   endloop
 endfacet
 facet normal  0.000000e+00  1.000000e+00  0.000000e+00
   outer loop
     vertex  1.111587e+01  8.000000e+00  1.969187e+01
     vertex  1.112544e+01  8.000000e+00  1.961012e+01
     vertex  0.000000e+00  8.000000e+00  0.000000e+00
   endloop
 endfacet
 facet normal  0.000000e+00  1.000000e+00  0.000000e+00
   outer loop
     vertex  1.381235e+01  8.000000e+00  1.701382e+01
     vertex  1.392475e+01  8.000000e+00  6.590374e+00
     vertex  1.388119e+01  8.000000e+00  6.584967e+00
   endloop
 endfacet
 facet normal  0.000000e+00  1.000000e+00  0.000000e+00
   outer loop
     vertex  1.381235e+01  8.000000e+00  1.701382e+01
     vertex  1.388119e+01  8.000000e+00  6.584967e+00
     vertex  1.373053e+01  8.000000e+00  1.702284e+01
   endloop
 endfacet
 facet normal  0.000000e+00  1.000000e+00  0.000000e+00
   outer loop
     vertex  1.110854e+01  8.000000e+00  1.977386e+01
     vertex  1.111587e+01  8.000000e+00  1.969187e+01
     vertex  0.000000e+00  8.000000e+00  0.000000e+00
   endloop
 endfacet
 facet normal  0.000000e+00  1.000000e+00  0.000000e+00
   outer loop
     vertex  1.389438e+01  8.000000e+00  1.700705e+01
     vertex  1.396845e+01  8.000000e+00  6.594583e+00
     vertex  1.392475e+01  8.000000e+00  6.590374e+00
   endloop
 endfacet
 facet normal  0.000000e+00  1.000000e+00  0.000000e+00
   outer loop
     vertex  1.389438e+01  8.000000e+00  1.700705e+01
     vertex  1.401224e+01  8.000000e+00  6.597592e+00
     vertex  1.396845e+01  8.000000e+00  6.594583e+00
   endloop
 endfacet
 facet normal  0.000000e+00  1.000000e+00  0.000000e+00
   outer loop
     vertex  1.389438e+01  8.000000e+00  1.700705e+01
     vertex  1.392475e+01  8.000000e+00  6.590374e+00
     vertex  1.381235e+01  8.000000e+00  1.701382e+01
   endloop
 endfacet
 facet normal  0.000000e+00  1.000000e+00  0.000000e+00
   outer loop
     vertex  1.110346e+01  8.000000e+00  1.985601e+01
     vertex  1.110854e+01  8.000000e+00  1.977386e+01
     vertex  0.000000e+00  8.000000e+00  0.000000e+00
   endloop
 endfacet
 facet normal  0.000000e+00  1.000000e+00  0.000000e+00
   outer loop
     vertex  1.397657e+01  8.000000e+00  1.700254e+01
     vertex  1.405611e+01  8.000000e+00  6.599398e+00
     vertex  1.401224e+01  8.000000e+00  6.597592e+00
   endloop
 endfacet
 facet normal  0.000000e+00  1.000000e+00  0.000000e+00
   outer loop
     vertex  1.397657e+01  8.000000e+00  1.700254e+01
     vertex  1.401224e+01  8.000000e+00  6.597592e+00
     vertex  1.389438e+01  8.000000e+00  1.700705e+01
   endloop
 endfacet
 facet normal  0.000000e+00  1.000000e+00  0.000000e+00
   outer loop
     vertex  1.110064e+01  8.000000e+00  1.993827e+01
     vertex  1.110346e+01  8.000000e+00  1.985601e+01
     vertex  0.000000e+00  8.000000e+00  0.000000e+00
   endloop
 endfacet
 facet normal  0.000000e+00  1.000000e+00  0.000000e+00
   outer loop
     vertex  1.405885e+01  8.000000e+00  1.700028e+01
     vertex  1.405611e+01  8.000000e+00  6.599398e+00
     vertex  1.397657e+01  8.000000e+00  1.700254e+01
   endloop
 endfacet
 facet normal  0.000000e+00  1.000000e+00  0.000000e+00
   outer loop
     vertex  1.405885e+01  8.000000e+00  1.700028e+01
     vertex  1.410000e+01  8.000000e+00  6.600000e+00
     vertex  1.405611e+01  8.000000e+00  6.599398e+00
   endloop
 endfacet
 facet normal  0.000000e+00  1.000000e+00  0.000000e+00
   outer loop
     vertex  1.110007e+01  8.000000e+00  2.002058e+01
     vertex  1.110064e+01  8.000000e+00  1.993827e+01
     vertex  0.000000e+00  8.000000e+00  0.000000e+00
   endloop
 endfacet
 facet normal  0.000000e+00  1.000000e+00  0.000000e+00
   outer loop
     vertex  1.414115e+01  8.000000e+00  1.700028e+01
     vertex  1.414389e+01  8.000000e+00  6.599398e+00
     vertex  1.410000e+01  8.000000e+00  6.600000e+00
   endloop
 endfacet
 facet normal  0.000000e+00  1.000000e+00  0.000000e+00
   outer loop
     vertex  1.414115e+01  8.000000e+00  1.700028e+01
     vertex  1.410000e+01  8.000000e+00  6.600000e+00
     vertex  1.405885e+01  8.000000e+00  1.700028e+01
   endloop
 endfacet
 facet normal  0.000000e+00  1.000000e+00  0.000000e+00
   outer loop
     vertex  1.110176e+01  8.000000e+00  2.010287e+01
     vertex  1.110007e+01  8.000000e+00  2.002058e+01
     vertex  0.000000e+00  8.000000e+00  0.000000e+00
   endloop
 endfacet
 facet normal  0.000000e+00  1.000000e+00  0.000000e+00
   outer loop
     vertex  1.422343e+01  8.000000e+00  1.700254e+01
     vertex  1.418776e+01  8.000000e+00  6.597592e+00
     vertex  1.414389e+01  8.000000e+00  6.599398e+00
   endloop
 endfacet
 facet normal  0.000000e+00  1.000000e+00  0.000000e+00
   outer loop
     vertex  1.422343e+01  8.000000e+00  1.700254e+01
     vertex  1.414389e+01  8.000000e+00  6.599398e+00
     vertex  1.414115e+01  8.000000e+00  1.700028e+01
   endloop
 endfacet
 facet normal  0.000000e+00  1.000000e+00  0.000000e+00
   outer loop
     vertex  1.110571e+01  8.000000e+00  2.018509e+01
     vertex  1.110176e+01  8.000000e+00  2.010287e+01
     vertex  0.000000e+00  8.000000e+00  0.000000e+00
   endloop
 endfacet
 facet normal  0.000000e+00  1.000000e+00  0.000000e+00
   outer loop
     vertex  1.430562e+01  8.000000e+00  1.700705e+01
     vertex  1.423155e+01  8.000000e+00  6.594583e+00
     vertex  1.418776e+01  8.000000e+00  6.597592e+00
   endloop
 endfacet
 facet normal  0.000000e+00  1.000000e+00  0.000000e+00
   outer loop
     vertex  1.430562e+01  8.000000e+00  1.700705e+01
     vertex  1.427525e+01  8.000000e+00  6.590374e+00
     vertex  1.423155e+01  8.000000e+00  6.594583e+00
   endloop
 endfacet
 facet normal  0.000000e+00  1.000000e+00  0.000000e+00
   outer loop
     vertex  1.430562e+01  8.000000e+00  1.700705e+01
     vertex  1.418776e+01  8.000000e+00  6.597592e+00
     vertex  1.422343e+01  8.000000e+00  1.700254e+01
   endloop
 endfacet
 facet normal  0.000000e+00  1.000000e+00  0.000000e+00
   outer loop
     vertex  1.111192e+01  8.000000e+00  2.026716e+01
     vertex  1.110571e+01  8.000000e+00  2.018509e+01
     vertex  0.000000e+00  8.000000e+00  0.000000e+00
   endloop
 endfacet
 facet normal  0.000000e+00  1.000000e+00  0.000000e+00
   outer loop
     vertex  1.438765e+01  8.000000e+00  1.701382e+01
     vertex  1.431881e+01  8.000000e+00  6.584967e+00
     vertex  1.427525e+01  8.000000e+00  6.590374e+00
   endloop
 endfacet
 facet normal  0.000000e+00  1.000000e+00  0.000000e+00
   outer loop
     vertex  1.438765e+01  8.000000e+00  1.701382e+01
     vertex  1.427525e+01  8.000000e+00  6.590374e+00
     vertex  1.430562e+01  8.000000e+00  1.700705e+01
   endloop
 endfacet
 facet normal  0.000000e+00  1.000000e+00  0.000000e+00
   outer loop
     vertex  1.112037e+01  8.000000e+00  2.034904e+01
     vertex  1.111192e+01  8.000000e+00  2.026716e+01
     vertex  0.000000e+00  8.000000e+00  0.000000e+00
   endloop
 endfacet
 facet normal  0.000000e+00  1.000000e+00  0.000000e+00
   outer loop
     vertex  1.446947e+01  8.000000e+00  1.702284e+01
     vertex  1.436221e+01  8.000000e+00  6.578368e+00
     vertex  1.431881e+01  8.000000e+00  6.584967e+00
   endloop
 endfacet
 facet normal  0.000000e+00  1.000000e+00  0.000000e+00
   outer loop
     vertex  1.446947e+01  8.000000e+00  1.702284e+01
     vertex  1.431881e+01  8.000000e+00  6.584967e+00
     vertex  1.438765e+01  8.000000e+00  1.701382e+01
   endloop
 endfacet
 facet normal  0.000000e+00  1.000000e+00  0.000000e+00
   outer loop
     vertex  1.113107e+01  8.000000e+00  2.043065e+01
     vertex  1.112037e+01  8.000000e+00  2.034904e+01
     vertex  0.000000e+00  8.000000e+00  0.000000e+00
   endloop
 endfacet
 facet normal  0.000000e+00  1.000000e+00  0.000000e+00
   outer loop
     vertex  1.455100e+01  8.000000e+00  1.703409e+01
     vertex  1.440541e+01  8.000000e+00  6.570580e+00
     vertex  1.436221e+01  8.000000e+00  6.578368e+00
   endloop
 endfacet
 facet normal  0.000000e+00  1.000000e+00  0.000000e+00
   outer loop
     vertex  1.455100e+01  8.000000e+00  1.703409e+01
     vertex  1.436221e+01  8.000000e+00  6.578368e+00
     vertex  1.446947e+01  8.000000e+00  1.702284e+01
   endloop
 endfacet
 facet normal  0.000000e+00  1.000000e+00  0.000000e+00
   outer loop
     vertex  1.114400e+01  8.000000e+00  2.051194e+01
     vertex  1.113107e+01  8.000000e+00  2.043065e+01
     vertex  0.000000e+00  8.000000e+00  0.000000e+00
   endloop
 endfacet
 facet normal  0.000000e+00  1.000000e+00  0.000000e+00
   outer loop
     vertex  1.463220e+01  8.000000e+00  1.704758e+01
     vertex  1.444839e+01  8.000000e+00  6.561610e+00
     vertex  1.440541e+01  8.000000e+00  6.570580e+00
   endloop
 endfacet
 facet normal  0.000000e+00  1.000000e+00  0.000000e+00
   outer loop
     vertex  1.463220e+01  8.000000e+00  1.704758e+01
     vertex  1.440541e+01  8.000000e+00  6.570580e+00
     vertex  1.455100e+01  8.000000e+00  1.703409e+01
   endloop
 endfacet
 facet normal  0.000000e+00  1.000000e+00  0.000000e+00
   outer loop
     vertex  1.115916e+01  8.000000e+00  2.059284e+01
     vertex  1.114400e+01  8.000000e+00  2.051194e+01
     vertex  0.000000e+00  8.000000e+00  0.000000e+00
   endloop
 endfacet
 facet normal  0.000000e+00  1.000000e+00  0.000000e+00
   outer loop
     vertex  1.471300e+01  8.000000e+00  1.706330e+01
     vertex  1.449110e+01  8.000000e+00  6.551465e+00
     vertex  1.444839e+01  8.000000e+00  6.561610e+00
   endloop
 endfacet
 facet normal  0.000000e+00  1.000000e+00  0.000000e+00
   outer loop
     vertex  1.471300e+01  8.000000e+00  1.706330e+01
     vertex  1.453351e+01  8.000000e+00  6.540152e+00
     vertex  1.449110e+01  8.000000e+00  6.551465e+00
   endloop
 endfacet
 facet normal  0.000000e+00  1.000000e+00  0.000000e+00
   outer loop
     vertex  1.471300e+01  8.000000e+00  1.706330e+01
     vertex  1.444839e+01  8.000000e+00  6.561610e+00
     vertex  1.463220e+01  8.000000e+00  1.704758e+01
   endloop
 endfacet
 facet normal  0.000000e+00  1.000000e+00  0.000000e+00
   outer loop
     vertex  1.117653e+01  8.000000e+00  2.067329e+01
     vertex  1.115916e+01  8.000000e+00  2.059284e+01
     vertex  0.000000e+00  8.000000e+00  0.000000e+00
   endloop
 endfacet
 facet normal  0.000000e+00  1.000000e+00  0.000000e+00
   outer loop
     vertex  1.479333e+01  8.000000e+00  1.708122e+01
     vertex  1.457560e+01  8.000000e+00  6.527679e+00
     vertex  1.453351e+01  8.000000e+00  6.540152e+00
   endloop
 endfacet
 facet normal  0.000000e+00  1.000000e+00  0.000000e+00
   outer loop
     vertex  1.479333e+01  8.000000e+00  1.708122e+01
     vertex  1.453351e+01  8.000000e+00  6.540152e+00
     vertex  1.471300e+01  8.000000e+00  1.706330e+01
   endloop
 endfacet
 facet normal  0.000000e+00  1.000000e+00  0.000000e+00
   outer loop
     vertex  1.119610e+01  8.000000e+00  2.075324e+01
     vertex  1.117653e+01  8.000000e+00  2.067329e+01
     vertex  0.000000e+00  8.000000e+00  0.000000e+00
   endloop
 endfacet
 facet normal  0.000000e+00  1.000000e+00  0.000000e+00
   outer loop
     vertex  1.487314e+01  8.000000e+00  1.710134e+01
     vertex  1.461733e+01  8.000000e+00  6.514056e+00
     vertex  1.457560e+01  8.000000e+00  6.527679e+00
   endloop
 endfacet
 facet normal  0.000000e+00  1.000000e+00  0.000000e+00
   outer loop
     vertex  1.487314e+01  8.000000e+00  1.710134e+01
     vertex  1.457560e+01  8.000000e+00  6.527679e+00
     vertex  1.479333e+01  8.000000e+00  1.708122e+01
   endloop
 endfacet
 facet normal  0.000000e+00  1.000000e+00  0.000000e+00
   outer loop
     vertex  1.495237e+01  8.000000e+00  1.712364e+01
     vertex  1.461733e+01  8.000000e+00  6.514056e+00
     vertex  1.487314e+01  8.000000e+00  1.710134e+01
   endloop
 endfacet
 facet normal  0.000000e+00  1.000000e+00  0.000000e+00
   outer loop
     vertex  1.495237e+01  8.000000e+00  1.712364e+01
     vertex  1.465868e+01  8.000000e+00  6.499294e+00
     vertex  1.461733e+01  8.000000e+00  6.514056e+00
   endloop
 endfacet
 facet normal  0.000000e+00  1.000000e+00  0.000000e+00
   outer loop
     vertex  1.503096e+01  8.000000e+00  1.714810e+01
     vertex  1.469960e+01  8.000000e+00  6.483403e+00
     vertex  1.465868e+01  8.000000e+00  6.499294e+00
   endloop
 endfacet
 facet normal  0.000000e+00  1.000000e+00  0.000000e+00
   outer loop
     vertex  1.503096e+01  8.000000e+00  1.714810e+01
     vertex  1.465868e+01  8.000000e+00  6.499294e+00
     vertex  1.495237e+01  8.000000e+00  1.712364e+01
   endloop
 endfacet
 facet normal  0.000000e+00  1.000000e+00  0.000000e+00
   outer loop
     vertex  1.510885e+01  8.000000e+00  1.717472e+01
     vertex  1.474007e+01  8.000000e+00  6.466395e+00
     vertex  1.469960e+01  8.000000e+00  6.483403e+00
   endloop
 endfacet
 facet normal  0.000000e+00  1.000000e+00  0.000000e+00
   outer loop
     vertex  1.510885e+01  8.000000e+00  1.717472e+01
     vertex  1.478005e+01  8.000000e+00  6.448284e+00
     vertex  1.474007e+01  8.000000e+00  6.466395e+00
   endloop
 endfacet
 facet normal  0.000000e+00  1.000000e+00  0.000000e+00
   outer loop
     vertex  1.510885e+01  8.000000e+00  1.717472e+01
     vertex  1.469960e+01  8.000000e+00  6.483403e+00
     vertex  1.503096e+01  8.000000e+00  1.714810e+01
   endloop
 endfacet
 facet normal  0.000000e+00  1.000000e+00  0.000000e+00
   outer loop
     vertex  1.518598e+01  8.000000e+00  1.720346e+01
     vertex  1.481953e+01  8.000000e+00  6.429082e+00
     vertex  1.478005e+01  8.000000e+00  6.448284e+00
   endloop
 endfacet
 facet normal  0.000000e+00  1.000000e+00  0.000000e+00
   outer loop
     vertex  1.518598e+01  8.000000e+00  1.720346e+01
     vertex  1.478005e+01  8.000000e+00  6.448284e+00
     vertex  1.510885e+01  8.000000e+00  1.717472e+01
   endloop
 endfacet
 facet normal  0.000000e+00  1.000000e+00  0.000000e+00
   outer loop
     vertex  1.526229e+01  8.000000e+00  1.723430e+01
     vertex  1.481953e+01  8.000000e+00  6.429082e+00
     vertex  1.518598e+01  8.000000e+00  1.720346e+01
   endloop
 endfacet
 facet normal  0.000000e+00  1.000000e+00  0.000000e+00
   outer loop
     vertex  1.526229e+01  8.000000e+00  1.723430e+01
     vertex  1.485847e+01  8.000000e+00  6.408804e+00
     vertex  1.481953e+01  8.000000e+00  6.429082e+00
   endloop
 endfacet
 facet normal  0.000000e+00  1.000000e+00  0.000000e+00
   outer loop
     vertex  1.533773e+01  8.000000e+00  1.726723e+01
     vertex  1.489683e+01  8.000000e+00  6.387466e+00
     vertex  1.485847e+01  8.000000e+00  6.408804e+00
   endloop
 endfacet
 facet normal  0.000000e+00  1.000000e+00  0.000000e+00
   outer loop
     vertex  1.533773e+01  8.000000e+00  1.726723e+01
     vertex  1.485847e+01  8.000000e+00  6.408804e+00
     vertex  1.526229e+01  8.000000e+00  1.723430e+01
   endloop
 endfacet
 facet normal  0.000000e+00  1.000000e+00  0.000000e+00
   outer loop
     vertex  1.541224e+01  8.000000e+00  1.730222e+01
     vertex  1.489683e+01  8.000000e+00  6.387466e+00
     vertex  1.533773e+01  8.000000e+00  1.726723e+01
   endloop
 endfacet
 facet normal  0.000000e+00  1.000000e+00  0.000000e+00
   outer loop
     vertex  1.541224e+01  8.000000e+00  1.730222e+01
     vertex  1.493459e+01  8.000000e+00  6.365084e+00
     vertex  1.489683e+01  8.000000e+00  6.387466e+00
   endloop
 endfacet
 facet normal  0.000000e+00  1.000000e+00  0.000000e+00
   outer loop
     vertex  1.548575e+01  8.000000e+00  1.733923e+01
     vertex  1.493459e+01  8.000000e+00  6.365084e+00
     vertex  1.541224e+01  8.000000e+00  1.730222e+01
   endloop
 endfacet
 facet normal  0.000000e+00  1.000000e+00  0.000000e+00
   outer loop
     vertex  1.548575e+01  8.000000e+00  1.733923e+01
     vertex  1.497173e+01  8.000000e+00  6.341674e+00
     vertex  1.493459e+01  8.000000e+00  6.365084e+00
   endloop
 endfacet
 facet normal  0.000000e+00  1.000000e+00  0.000000e+00
   outer loop
     vertex  1.548575e+01  8.000000e+00  1.733923e+01
     vertex  1.500821e+01  8.000000e+00  6.317254e+00
     vertex  1.497173e+01  8.000000e+00  6.341674e+00
   endloop
 endfacet
 facet normal  0.000000e+00  1.000000e+00  0.000000e+00
   outer loop
     vertex  1.555823e+01  8.000000e+00  1.737825e+01
     vertex  1.500821e+01  8.000000e+00  6.317254e+00
     vertex  1.548575e+01  8.000000e+00  1.733923e+01
   endloop
 endfacet
 facet normal  0.000000e+00  1.000000e+00  0.000000e+00
   outer loop
     vertex  1.555823e+01  8.000000e+00  1.737825e+01
     vertex  1.504400e+01  8.000000e+00  6.291842e+00
     vertex  1.500821e+01  8.000000e+00  6.317254e+00
   endloop
 endfacet
 facet normal  0.000000e+00  1.000000e+00  0.000000e+00
   outer loop
     vertex  1.562960e+01  8.000000e+00  1.741924e+01
     vertex  1.507909e+01  8.000000e+00  6.265458e+00
     vertex  1.504400e+01  8.000000e+00  6.291842e+00
   endloop
 endfacet
 facet normal  0.000000e+00  1.000000e+00  0.000000e+00
   outer loop
     vertex  1.562960e+01  8.000000e+00  1.741924e+01
     vertex  1.504400e+01  8.000000e+00  6.291842e+00
     vertex  1.555823e+01  8.000000e+00  1.737825e+01
   endloop
 endfacet
 facet normal  0.000000e+00  1.000000e+00  0.000000e+00
   outer loop
     vertex  1.569983e+01  8.000000e+00  1.746218e+01
     vertex  1.511344e+01  8.000000e+00  6.238121e+00
     vertex  1.507909e+01  8.000000e+00  6.265458e+00
   endloop
 endfacet
 facet normal  0.000000e+00  1.000000e+00  0.000000e+00
   outer loop
     vertex  1.569983e+01  8.000000e+00  1.746218e+01
     vertex  1.507909e+01  8.000000e+00  6.265458e+00
     vertex  1.562960e+01  8.000000e+00  1.741924e+01
   endloop
 endfacet
 facet normal  0.000000e+00  1.000000e+00  0.000000e+00
   outer loop
     vertex  1.576885e+01  8.000000e+00  1.750702e+01
     vertex  1.514702e+01  8.000000e+00  6.209852e+00
     vertex  1.511344e+01  8.000000e+00  6.238121e+00
   endloop
 endfacet
 facet normal  0.000000e+00  1.000000e+00  0.000000e+00
   outer loop
     vertex  1.576885e+01  8.000000e+00  1.750702e+01
     vertex  1.511344e+01  8.000000e+00  6.238121e+00
     vertex  1.569983e+01  8.000000e+00  1.746218e+01
   endloop
 endfacet
 facet normal  0.000000e+00  1.000000e+00  0.000000e+00
   outer loop
     vertex  1.583661e+01  8.000000e+00  1.755374e+01
     vertex  1.517982e+01  8.000000e+00  6.180673e+00
     vertex  1.514702e+01  8.000000e+00  6.209852e+00
   endloop
 endfacet
 facet normal  0.000000e+00  1.000000e+00  0.000000e+00
   outer loop
     vertex  1.583661e+01  8.000000e+00  1.755374e+01
     vertex  1.514702e+01  8.000000e+00  6.209852e+00
     vertex  1.576885e+01  8.000000e+00  1.750702e+01
   endloop
 endfacet
 facet normal  0.000000e+00  1.000000e+00  0.000000e+00
   outer loop
     vertex  1.590307e+01  8.000000e+00  1.760231e+01
     vertex  1.521180e+01  8.000000e+00  6.150605e+00
     vertex  1.517982e+01  8.000000e+00  6.180673e+00
   endloop
 endfacet
 facet normal  0.000000e+00  1.000000e+00  0.000000e+00
   outer loop
     vertex  1.590307e+01  8.000000e+00  1.760231e+01
     vertex  1.517982e+01  8.000000e+00  6.180673e+00
     vertex  1.583661e+01  8.000000e+00  1.755374e+01
   endloop
 endfacet
 facet normal  0.000000e+00  1.000000e+00  0.000000e+00
   outer loop
     vertex  1.596817e+01  8.000000e+00  1.765267e+01
     vertex  1.524295e+01  8.000000e+00  6.119670e+00
     vertex  1.521180e+01  8.000000e+00  6.150605e+00
   endloop
 endfacet
 facet normal  0.000000e+00  1.000000e+00  0.000000e+00
   outer loop
     vertex  1.596817e+01  8.000000e+00  1.765267e+01
     vertex  1.527324e+01  8.000000e+00  6.087893e+00
     vertex  1.524295e+01  8.000000e+00  6.119670e+00
   endloop
 endfacet
 facet normal  0.000000e+00  1.000000e+00  0.000000e+00
   outer loop
     vertex  1.596817e+01  8.000000e+00  1.765267e+01
     vertex  1.521180e+01  8.000000e+00  6.150605e+00
     vertex  1.590307e+01  8.000000e+00  1.760231e+01
   endloop
 endfacet
 facet normal  0.000000e+00  1.000000e+00  0.000000e+00
   outer loop
     vertex  1.603186e+01  8.000000e+00  1.770481e+01
     vertex  1.530264e+01  8.000000e+00  6.055297e+00
     vertex  1.527324e+01  8.000000e+00  6.087893e+00
   endloop
 endfacet
 facet normal  0.000000e+00  1.000000e+00  0.000000e+00
   outer loop
     vertex  1.603186e+01  8.000000e+00  1.770481e+01
     vertex  1.527324e+01  8.000000e+00  6.087893e+00
     vertex  1.596817e+01  8.000000e+00  1.765267e+01
   endloop
 endfacet
 facet normal  0.000000e+00  1.000000e+00  0.000000e+00
   outer loop
     vertex  1.609410e+01  8.000000e+00  1.775867e+01
     vertex  1.533114e+01  8.000000e+00  6.021907e+00
     vertex  1.530264e+01  8.000000e+00  6.055297e+00
   endloop
 endfacet
 facet normal  0.000000e+00  1.000000e+00  0.000000e+00
   outer loop
     vertex  1.609410e+01  8.000000e+00  1.775867e+01
     vertex  1.530264e+01  8.000000e+00  6.055297e+00
     vertex  1.603186e+01  8.000000e+00  1.770481e+01
   endloop
 endfacet
 facet normal  0.000000e+00  1.000000e+00  0.000000e+00
   outer loop
     vertex  1.615484e+01  8.000000e+00  1.781422e+01
     vertex  1.533114e+01  8.000000e+00  6.021907e+00
     vertex  1.609410e+01  8.000000e+00  1.775867e+01
   endloop
 endfacet
 facet normal  0.000000e+00  1.000000e+00  0.000000e+00
   outer loop
     vertex  1.615484e+01  8.000000e+00  1.781422e+01
     vertex  1.535871e+01  8.000000e+00  5.987747e+00
     vertex  1.533114e+01  8.000000e+00  6.021907e+00
   endloop
 endfacet
 facet normal  0.000000e+00  1.000000e+00  0.000000e+00
   outer loop
     vertex  1.621403e+01  8.000000e+00  1.787142e+01
     vertex  1.538534e+01  8.000000e+00  5.952843e+00
     vertex  1.535871e+01  8.000000e+00  5.987747e+00
   endloop
 endfacet
 facet normal  0.000000e+00  1.000000e+00  0.000000e+00
   outer loop
     vertex  1.621403e+01  8.000000e+00  1.787142e+01
     vertex  1.535871e+01  8.000000e+00  5.987747e+00
     vertex  1.615484e+01  8.000000e+00  1.781422e+01
   endloop
 endfacet
 facet normal  0.000000e+00  1.000000e+00  0.000000e+00
   outer loop
     vertex  1.627163e+01  8.000000e+00  1.793021e+01
     vertex  1.541099e+01  8.000000e+00  5.917223e+00
     vertex  1.538534e+01  8.000000e+00  5.952843e+00
   endloop
 endfacet
 facet normal  0.000000e+00  1.000000e+00  0.000000e+00
   outer loop
     vertex  1.627163e+01  8.000000e+00  1.793021e+01
     vertex  1.538534e+01  8.000000e+00  5.952843e+00
     vertex  1.621403e+01  8.000000e+00  1.787142e+01
   endloop
 endfacet
 facet normal  0.000000e+00  1.000000e+00  0.000000e+00
   outer loop
     vertex  1.632760e+01  8.000000e+00  1.799057e+01
     vertex  1.543566e+01  8.000000e+00  5.880912e+00
     vertex  1.541099e+01  8.000000e+00  5.917223e+00
   endloop
 endfacet
 facet normal  0.000000e+00  1.000000e+00  0.000000e+00
   outer loop
     vertex  1.632760e+01  8.000000e+00  1.799057e+01
     vertex  1.541099e+01  8.000000e+00  5.917223e+00
     vertex  1.627163e+01  8.000000e+00  1.793021e+01
   endloop
 endfacet
 facet normal  0.000000e+00  1.000000e+00  0.000000e+00
   outer loop
     vertex  1.638189e+01  8.000000e+00  1.805244e+01
     vertex  1.545933e+01  8.000000e+00  5.843938e+00
     vertex  1.543566e+01  8.000000e+00  5.880912e+00
   endloop
 endfacet
 facet normal  0.000000e+00  1.000000e+00  0.000000e+00
   outer loop
     vertex  1.638189e+01  8.000000e+00  1.805244e+01
     vertex  1.548197e+01  8.000000e+00  5.806328e+00
     vertex  1.545933e+01  8.000000e+00  5.843938e+00
   endloop
 endfacet
 facet normal  0.000000e+00  1.000000e+00  0.000000e+00
   outer loop
     vertex  1.638189e+01  8.000000e+00  1.805244e+01
     vertex  1.543566e+01  8.000000e+00  5.880912e+00
     vertex  1.632760e+01  8.000000e+00  1.799057e+01
   endloop
 endfacet
 facet normal  0.000000e+00  1.000000e+00  0.000000e+00
   outer loop
     vertex  1.643446e+01  8.000000e+00  1.811577e+01
     vertex  1.548197e+01  8.000000e+00  5.806328e+00
     vertex  1.638189e+01  8.000000e+00  1.805244e+01
   endloop
 endfacet
 facet normal  0.000000e+00  1.000000e+00  0.000000e+00
   outer loop
     vertex  1.643446e+01  8.000000e+00  1.811577e+01
     vertex  1.550357e+01  8.000000e+00  5.768112e+00
     vertex  1.548197e+01  8.000000e+00  5.806328e+00
   endloop
 endfacet
 facet normal  0.000000e+00  1.000000e+00  0.000000e+00
   outer loop
     vertex  1.648527e+01  8.000000e+00  1.818053e+01
     vertex  2.820000e+01  8.000000e+00  0.000000e+00
     vertex  1.550357e+01  8.000000e+00  5.768112e+00
   endloop
 endfacet
 facet normal  0.000000e+00  1.000000e+00  0.000000e+00
   outer loop
     vertex  1.648527e+01  8.000000e+00  1.818053e+01
     vertex  1.550357e+01  8.000000e+00  5.768112e+00
     vertex  1.643446e+01  8.000000e+00  1.811577e+01
   endloop
 endfacet
 facet normal  0.000000e+00  1.000000e+00  0.000000e+00
   outer loop
     vertex  1.653429e+01  8.000000e+00  1.824665e+01
     vertex  2.820000e+01  8.000000e+00  0.000000e+00
     vertex  1.648527e+01  8.000000e+00  1.818053e+01
   endloop
 endfacet
 facet normal  0.000000e+00  1.000000e+00  0.000000e+00
   outer loop
     vertex  1.658147e+01  8.000000e+00  1.831409e+01
     vertex  2.820000e+01  8.000000e+00  0.000000e+00
     vertex  1.653429e+01  8.000000e+00  1.824665e+01
   endloop
 endfacet
 facet normal  0.000000e+00  1.000000e+00  0.000000e+00
   outer loop
     vertex  1.662679e+01  8.000000e+00  1.838280e+01
     vertex  2.820000e+01  8.000000e+00  0.000000e+00
     vertex  1.658147e+01  8.000000e+00  1.831409e+01
   endloop
 endfacet
 facet normal  0.000000e+00  1.000000e+00  0.000000e+00
   outer loop
     vertex  1.667021e+01  8.000000e+00  1.845273e+01
     vertex  2.820000e+01  8.000000e+00  0.000000e+00
     vertex  1.662679e+01  8.000000e+00  1.838280e+01
   endloop
 endfacet
 facet normal  0.000000e+00  1.000000e+00  0.000000e+00
   outer loop
     vertex  1.671169e+01  8.000000e+00  1.852382e+01
     vertex  2.820000e+01  8.000000e+00  0.000000e+00
     vertex  1.667021e+01  8.000000e+00  1.845273e+01
   endloop
 endfacet
 facet normal  0.000000e+00  1.000000e+00  0.000000e+00
   outer loop
     vertex  1.675120e+01  8.000000e+00  1.859603e+01
     vertex  2.820000e+01  8.000000e+00  0.000000e+00
     vertex  1.671169e+01  8.000000e+00  1.852382e+01
   endloop
 endfacet
 facet normal  0.000000e+00  1.000000e+00  0.000000e+00
   outer loop
     vertex  1.678872e+01  8.000000e+00  1.866929e+01
     vertex  2.820000e+01  8.000000e+00  0.000000e+00
     vertex  1.675120e+01  8.000000e+00  1.859603e+01
   endloop
 endfacet
 facet normal  0.000000e+00  1.000000e+00  0.000000e+00
   outer loop
     vertex  1.682421e+01  8.000000e+00  1.874355e+01
     vertex  2.820000e+01  8.000000e+00  0.000000e+00
     vertex  1.678872e+01  8.000000e+00  1.866929e+01
   endloop
 endfacet
 facet normal  0.000000e+00  1.000000e+00  0.000000e+00
   outer loop
     vertex  1.685766e+01  8.000000e+00  1.881876e+01
     vertex  2.820000e+01  8.000000e+00  0.000000e+00
     vertex  1.682421e+01  8.000000e+00  1.874355e+01
   endloop
 endfacet
 facet normal  0.000000e+00  1.000000e+00  0.000000e+00
   outer loop
     vertex  1.688903e+01  8.000000e+00  1.889486e+01
     vertex  2.820000e+01  8.000000e+00  0.000000e+00
     vertex  1.685766e+01  8.000000e+00  1.881876e+01
   endloop
 endfacet
 facet normal  0.000000e+00  1.000000e+00  0.000000e+00
   outer loop
     vertex  1.691830e+01  8.000000e+00  1.897179e+01
     vertex  2.820000e+01  8.000000e+00  0.000000e+00
     vertex  1.688903e+01  8.000000e+00  1.889486e+01
   endloop
 endfacet
 facet normal  0.000000e+00  1.000000e+00  0.000000e+00
   outer loop
     vertex  1.694544e+01  8.000000e+00  1.904950e+01
     vertex  2.820000e+01  8.000000e+00  0.000000e+00
     vertex  1.691830e+01  8.000000e+00  1.897179e+01
   endloop
 endfacet
 facet normal  0.000000e+00  1.000000e+00  0.000000e+00
   outer loop
     vertex  1.697045e+01  8.000000e+00  1.912792e+01
     vertex  2.820000e+01  8.000000e+00  0.000000e+00
     vertex  1.694544e+01  8.000000e+00  1.904950e+01
   endloop
 endfacet
 facet normal  0.000000e+00  1.000000e+00  0.000000e+00
   outer loop
     vertex  1.699329e+01  8.000000e+00  1.920699e+01
     vertex  2.820000e+01  8.000000e+00  0.000000e+00
     vertex  1.697045e+01  8.000000e+00  1.912792e+01
   endloop
 endfacet
 facet normal  0.000000e+00  1.000000e+00  0.000000e+00
   outer loop
     vertex  1.701396e+01  8.000000e+00  1.928666e+01
     vertex  2.820000e+01  8.000000e+00  0.000000e+00
     vertex  1.699329e+01  8.000000e+00  1.920699e+01
   endloop
 endfacet
 facet normal  0.000000e+00  1.000000e+00  0.000000e+00
   outer loop
     vertex  1.703243e+01  8.000000e+00  1.936687e+01
     vertex  2.820000e+01  8.000000e+00  0.000000e+00
     vertex  1.701396e+01  8.000000e+00  1.928666e+01
   endloop
 endfacet
 facet normal  0.000000e+00  1.000000e+00  0.000000e+00
   outer loop
     vertex  1.704870e+01  8.000000e+00  1.944756e+01
     vertex  2.820000e+01  8.000000e+00  0.000000e+00
     vertex  1.703243e+01  8.000000e+00  1.936687e+01
   endloop
 endfacet
 facet normal  0.000000e+00  1.000000e+00  0.000000e+00
   outer loop
     vertex  1.706274e+01  8.000000e+00  1.952866e+01
     vertex  2.820000e+01  8.000000e+00  0.000000e+00
     vertex  1.704870e+01  8.000000e+00  1.944756e+01
   endloop
 endfacet
 facet normal  0.000000e+00  1.000000e+00  0.000000e+00
   outer loop
     vertex  1.707456e+01  8.000000e+00  1.961012e+01
     vertex  2.820000e+01  8.000000e+00  0.000000e+00
     vertex  1.706274e+01  8.000000e+00  1.952866e+01
   endloop
 endfacet
 facet normal  0.000000e+00  1.000000e+00  0.000000e+00
   outer loop
     vertex  1.708413e+01  8.000000e+00  1.969187e+01
     vertex  2.820000e+01  8.000000e+00  0.000000e+00
     vertex  1.707456e+01  8.000000e+00  1.961012e+01
   endloop
 endfacet
 facet normal  0.000000e+00  1.000000e+00  0.000000e+00
   outer loop
     vertex  1.709146e+01  8.000000e+00  1.977386e+01
     vertex  2.820000e+01  8.000000e+00  0.000000e+00
     vertex  1.708413e+01  8.000000e+00  1.969187e+01
   endloop
 endfacet
 facet normal  0.000000e+00  1.000000e+00  0.000000e+00
   outer loop
     vertex  1.709654e+01  8.000000e+00  1.985601e+01
     vertex  2.820000e+01  8.000000e+00  0.000000e+00
     vertex  1.709146e+01  8.000000e+00  1.977386e+01
   endloop
 endfacet
 facet normal  0.000000e+00  1.000000e+00  0.000000e+00
   outer loop
     vertex  1.709936e+01  8.000000e+00  1.993827e+01
     vertex  2.820000e+01  8.000000e+00  0.000000e+00
     vertex  1.709654e+01  8.000000e+00  1.985601e+01
   endloop
 endfacet
 facet normal  0.000000e+00  1.000000e+00  0.000000e+00
   outer loop
     vertex  1.709993e+01  8.000000e+00  2.002058e+01
     vertex  2.820000e+01  8.000000e+00  0.000000e+00
     vertex  1.709936e+01  8.000000e+00  1.993827e+01
   endloop
 endfacet
 facet normal  0.000000e+00  1.000000e+00  0.000000e+00
   outer loop
     vertex  1.709824e+01  8.000000e+00  2.010287e+01
     vertex  2.820000e+01  8.000000e+00  0.000000e+00
     vertex  1.709993e+01  8.000000e+00  2.002058e+01
   endloop
 endfacet
 facet normal  0.000000e+00  1.000000e+00  0.000000e+00
   outer loop
     vertex  1.709429e+01  8.000000e+00  2.018509e+01
     vertex  2.820000e+01  8.000000e+00  0.000000e+00
     vertex  1.709824e+01  8.000000e+00  2.010287e+01
   endloop
 endfacet
 facet normal  0.000000e+00  1.000000e+00  0.000000e+00
   outer loop
     vertex  1.708808e+01  8.000000e+00  2.026716e+01
     vertex  2.820000e+01  8.000000e+00  0.000000e+00
     vertex  1.709429e+01  8.000000e+00  2.018509e+01
   endloop
 endfacet
 facet normal  0.000000e+00  1.000000e+00  0.000000e+00
   outer loop
     vertex  1.707963e+01  8.000000e+00  2.034904e+01
     vertex  2.820000e+01  8.000000e+00  0.000000e+00
     vertex  1.708808e+01  8.000000e+00  2.026716e+01
   endloop
 endfacet
 facet normal  0.000000e+00  1.000000e+00  0.000000e+00
   outer loop
     vertex  1.706893e+01  8.000000e+00  2.043065e+01
     vertex  2.820000e+01  8.000000e+00  0.000000e+00
     vertex  1.707963e+01  8.000000e+00  2.034904e+01
   endloop
 endfacet
 facet normal  0.000000e+00  1.000000e+00  0.000000e+00
   outer loop
     vertex  1.705600e+01  8.000000e+00  2.051194e+01
     vertex  2.820000e+01  8.000000e+00  0.000000e+00
     vertex  1.706893e+01  8.000000e+00  2.043065e+01
   endloop
 endfacet
 facet normal  0.000000e+00  1.000000e+00  0.000000e+00
   outer loop
     vertex  1.704084e+01  8.000000e+00  2.059284e+01
     vertex  2.820000e+01  8.000000e+00  0.000000e+00
     vertex  1.705600e+01  8.000000e+00  2.051194e+01
   endloop
 endfacet
 facet normal  0.000000e+00  1.000000e+00  0.000000e+00
   outer loop
     vertex  1.702347e+01  8.000000e+00  2.067329e+01
     vertex  2.820000e+01  8.000000e+00  0.000000e+00
     vertex  1.704084e+01  8.000000e+00  2.059284e+01
   endloop
 endfacet
 facet normal  0.000000e+00  1.000000e+00  0.000000e+00
   outer loop
     vertex  1.700390e+01  8.000000e+00  2.075324e+01
     vertex  2.820000e+01  8.000000e+00  0.000000e+00
     vertex  1.702347e+01  8.000000e+00  2.067329e+01
   endloop
 endfacet
 facet normal  0.000000e+00  1.000000e+00  0.000000e+00
   outer loop
     vertex  1.294180e+01  8.000000e+00  3.389611e+01
     vertex  1.226421e+01  8.000000e+00  2.237273e+01
     vertex  1.219980e+01  8.000000e+00  2.232148e+01
   endloop
 endfacet
 facet normal  0.000000e+00  1.000000e+00  0.000000e+00
   outer loop
     vertex  1.294180e+01  8.000000e+00  3.389611e+01
     vertex  1.297252e+01  8.000000e+00  3.386476e+01
     vertex  1.226421e+01  8.000000e+00  2.237273e+01
   endloop
 endfacet
 facet normal  0.000000e+00  1.000000e+00  0.000000e+00
   outer loop
     vertex  1.300408e+01  8.000000e+00  3.383425e+01
     vertex  1.232999e+01  8.000000e+00  2.242220e+01
     vertex  1.226421e+01  8.000000e+00  2.237273e+01
   endloop
 endfacet
 facet normal  0.000000e+00  1.000000e+00  0.000000e+00
   outer loop
     vertex  1.300408e+01  8.000000e+00  3.383425e+01
     vertex  1.226421e+01  8.000000e+00  2.237273e+01
     vertex  1.297252e+01  8.000000e+00  3.386476e+01
   endloop
 endfacet
 facet normal  0.000000e+00  1.000000e+00  0.000000e+00
   outer loop
     vertex  1.291195e+01  8.000000e+00  3.392830e+01
     vertex  1.219980e+01  8.000000e+00  2.232148e+01
     vertex  1.213683e+01  8.000000e+00  2.226847e+01
   endloop
 endfacet
 facet normal  0.000000e+00  1.000000e+00  0.000000e+00
   outer loop
     vertex  1.291195e+01  8.000000e+00  3.392830e+01
     vertex  1.294180e+01  8.000000e+00  3.389611e+01
     vertex  1.219980e+01  8.000000e+00  2.232148e+01
   endloop
 endfacet
 facet normal  0.000000e+00  1.000000e+00  0.000000e+00
   outer loop
     vertex  1.303648e+01  8.000000e+00  3.380462e+01
     vertex  1.232999e+01  8.000000e+00  2.242220e+01
     vertex  1.300408e+01  8.000000e+00  3.383425e+01
   endloop
 endfacet
 facet normal  0.000000e+00  1.000000e+00  0.000000e+00
   outer loop
     vertex  1.303648e+01  8.000000e+00  3.380462e+01
     vertex  1.239711e+01  8.000000e+00  2.246985e+01
     vertex  1.232999e+01  8.000000e+00  2.242220e+01
   endloop
 endfacet
 facet normal  0.000000e+00  1.000000e+00  0.000000e+00
   outer loop
     vertex  1.288299e+01  8.000000e+00  3.396130e+01
     vertex  1.213683e+01  8.000000e+00  2.226847e+01
     vertex  1.207534e+01  8.000000e+00  2.221376e+01
   endloop
 endfacet
 facet normal  0.000000e+00  1.000000e+00  0.000000e+00
   outer loop
     vertex  1.288299e+01  8.000000e+00  3.396130e+01
     vertex  1.291195e+01  8.000000e+00  3.392830e+01
     vertex  1.213683e+01  8.000000e+00  2.226847e+01
   endloop
 endfacet
 facet normal  0.000000e+00  1.000000e+00  0.000000e+00
   outer loop
     vertex  1.306967e+01  8.000000e+00  3.377590e+01
     vertex  1.246551e+01  8.000000e+00  2.251564e+01
     vertex  1.239711e+01  8.000000e+00  2.246985e+01
   endloop
 endfacet
 facet normal  0.000000e+00  1.000000e+00  0.000000e+00
   outer loop
     vertex  1.306967e+01  8.000000e+00  3.377590e+01
     vertex  1.239711e+01  8.000000e+00  2.246985e+01
     vertex  1.303648e+01  8.000000e+00  3.380462e+01
   endloop
 endfacet
 facet normal  0.000000e+00  1.000000e+00  0.000000e+00
   outer loop
     vertex  1.285496e+01  8.000000e+00  3.399508e+01
     vertex  1.207534e+01  8.000000e+00  2.221376e+01
     vertex  1.201537e+01  8.000000e+00  2.215738e+01
   endloop
 endfacet
 facet normal  0.000000e+00  1.000000e+00  0.000000e+00
   outer loop
     vertex  1.285496e+01  8.000000e+00  3.399508e+01
     vertex  1.288299e+01  8.000000e+00  3.396130e+01
     vertex  1.207534e+01  8.000000e+00  2.221376e+01
   endloop
 endfacet
 facet normal  0.000000e+00  1.000000e+00  0.000000e+00
   outer loop
     vertex  1.310364e+01  8.000000e+00  3.374809e+01
     vertex  1.253514e+01  8.000000e+00  2.255953e+01
     vertex  1.246551e+01  8.000000e+00  2.251564e+01
   endloop
 endfacet
 facet normal  0.000000e+00  1.000000e+00  0.000000e+00
   outer loop
     vertex  1.310364e+01  8.000000e+00  3.374809e+01
     vertex  1.246551e+01  8.000000e+00  2.251564e+01
     vertex  1.306967e+01  8.000000e+00  3.377590e+01
   endloop
 endfacet
 facet normal  0.000000e+00  1.000000e+00  0.000000e+00
   outer loop
     vertex  1.282786e+01  8.000000e+00  3.402961e+01
     vertex  1.201537e+01  8.000000e+00  2.215738e+01
     vertex  1.195697e+01  8.000000e+00  2.209938e+01
   endloop
 endfacet
 facet normal  0.000000e+00  1.000000e+00  0.000000e+00
   outer loop
     vertex  1.282786e+01  8.000000e+00  3.402961e+01
     vertex  1.285496e+01  8.000000e+00  3.399508e+01
     vertex  1.201537e+01  8.000000e+00  2.215738e+01
   endloop
 endfacet
 facet normal  0.000000e+00  1.000000e+00  0.000000e+00
   outer loop
     vertex  1.313836e+01  8.000000e+00  3.372123e+01
     vertex  1.260594e+01  8.000000e+00  2.260150e+01
     vertex  1.253514e+01  8.000000e+00  2.255953e+01
   endloop
 endfacet
 facet normal  0.000000e+00  1.000000e+00  0.000000e+00
   outer loop
     vertex  1.313836e+01  8.000000e+00  3.372123e+01
     vertex  1.253514e+01  8.000000e+00  2.255953e+01
     vertex  1.310364e+01  8.000000e+00  3.374809e+01
   endloop
 endfacet
 facet normal  0.000000e+00  1.000000e+00  0.000000e+00
   outer loop
     vertex  1.280171e+01  8.000000e+00  3.406488e+01
     vertex  1.195697e+01  8.000000e+00  2.209938e+01
     vertex  1.190018e+01  8.000000e+00  2.203980e+01
   endloop
 endfacet
 facet normal  0.000000e+00  1.000000e+00  0.000000e+00
   outer loop
     vertex  1.280171e+01  8.000000e+00  3.406488e+01
     vertex  1.282786e+01  8.000000e+00  3.402961e+01
     vertex  1.195697e+01  8.000000e+00  2.209938e+01
   endloop
 endfacet
 facet normal  0.000000e+00  1.000000e+00  0.000000e+00
   outer loop
     vertex  1.317381e+01  8.000000e+00  3.369533e+01
     vertex  1.267788e+01  8.000000e+00  2.264151e+01
     vertex  1.260594e+01  8.000000e+00  2.260150e+01
   endloop
 endfacet
 facet normal  0.000000e+00  1.000000e+00  0.000000e+00
   outer loop
     vertex  1.317381e+01  8.000000e+00  3.369533e+01
     vertex  1.260594e+01  8.000000e+00  2.260150e+01
     vertex  1.313836e+01  8.000000e+00  3.372123e+01
   endloop
 endfacet
 facet normal  0.000000e+00  1.000000e+00  0.000000e+00
   outer loop
     vertex  1.277655e+01  8.000000e+00  3.410085e+01
     vertex  1.280171e+01  8.000000e+00  3.406488e+01
     vertex  1.190018e+01  8.000000e+00  2.203980e+01
   endloop
 endfacet
 facet normal  0.000000e+00  1.000000e+00  0.000000e+00
   outer loop
     vertex  1.277655e+01  8.000000e+00  3.410085e+01
     vertex  1.190018e+01  8.000000e+00  2.203980e+01
     vertex  1.184505e+01  8.000000e+00  2.197868e+01
   endloop
 endfacet
 facet normal  0.000000e+00  1.000000e+00  0.000000e+00
   outer loop
     vertex  1.320995e+01  8.000000e+00  3.367041e+01
     vertex  1.267788e+01  8.000000e+00  2.264151e+01
     vertex  1.317381e+01  8.000000e+00  3.369533e+01
   endloop
 endfacet
 facet normal  0.000000e+00  1.000000e+00  0.000000e+00
   outer loop
     vertex  1.275238e+01  8.000000e+00  3.413749e+01
     vertex  1.277655e+01  8.000000e+00  3.410085e+01
     vertex  1.184505e+01  8.000000e+00  2.197868e+01
   endloop
 endfacet
 facet normal  0.000000e+00  1.000000e+00  0.000000e+00
   outer loop
     vertex  1.275238e+01  8.000000e+00  3.413749e+01
     vertex  1.184505e+01  8.000000e+00  2.197868e+01
     vertex  1.179161e+01  8.000000e+00  2.191607e+01
   endloop
 endfacet
 facet normal  0.000000e+00  1.000000e+00  0.000000e+00
   outer loop
     vertex  1.324676e+01  8.000000e+00  3.364649e+01
     vertex  1.275088e+01  8.000000e+00  2.267953e+01
     vertex  1.267788e+01  8.000000e+00  2.264151e+01
   endloop
 endfacet
 facet normal  0.000000e+00  1.000000e+00  0.000000e+00
   outer loop
     vertex  1.324676e+01  8.000000e+00  3.364649e+01
     vertex  1.267788e+01  8.000000e+00  2.264151e+01
     vertex  1.320995e+01  8.000000e+00  3.367041e+01
   endloop
 endfacet
 facet normal  0.000000e+00  1.000000e+00  0.000000e+00
   outer loop
     vertex  1.272922e+01  8.000000e+00  3.417479e+01
     vertex  1.275238e+01  8.000000e+00  3.413749e+01
     vertex  1.179161e+01  8.000000e+00  2.191607e+01
   endloop
 endfacet
 facet normal  0.000000e+00  1.000000e+00  0.000000e+00
   outer loop
     vertex  1.328421e+01  8.000000e+00  3.362360e+01
     vertex  1.275088e+01  8.000000e+00  2.267953e+01
     vertex  1.324676e+01  8.000000e+00  3.364649e+01
   endloop
 endfacet
 facet normal  0.000000e+00  1.000000e+00  0.000000e+00
   outer loop
     vertex  1.328421e+01  8.000000e+00  3.362360e+01
     vertex  1.282490e+01  8.000000e+00  2.271553e+01
     vertex  1.275088e+01  8.000000e+00  2.267953e+01
   endloop
 endfacet
 facet normal  0.000000e+00  1.000000e+00  0.000000e+00
   outer loop
     vertex  1.270710e+01  8.000000e+00  3.421271e+01
     vertex  1.179161e+01  8.000000e+00  2.191607e+01
     vertex  1.173991e+01  8.000000e+00  2.185203e+01
   endloop
 endfacet
 facet normal  0.000000e+00  1.000000e+00  0.000000e+00
   outer loop
     vertex  1.270710e+01  8.000000e+00  3.421271e+01
     vertex  1.272922e+01  8.000000e+00  3.417479e+01
     vertex  1.179161e+01  8.000000e+00  2.191607e+01
   endloop
 endfacet
 facet normal  0.000000e+00  1.000000e+00  0.000000e+00
   outer loop
     vertex  1.332228e+01  8.000000e+00  3.360173e+01
     vertex  1.289987e+01  8.000000e+00  2.274949e+01
     vertex  1.282490e+01  8.000000e+00  2.271553e+01
   endloop
 endfacet
 facet normal  0.000000e+00  1.000000e+00  0.000000e+00
   outer loop
     vertex  1.332228e+01  8.000000e+00  3.360173e+01
     vertex  1.282490e+01  8.000000e+00  2.271553e+01
     vertex  1.328421e+01  8.000000e+00  3.362360e+01
   endloop
 endfacet
 facet normal  0.000000e+00  1.000000e+00  0.000000e+00
   outer loop
     vertex  1.268603e+01  8.000000e+00  3.425122e+01
     vertex  1.173991e+01  8.000000e+00  2.185203e+01
     vertex  1.168999e+01  8.000000e+00  2.178658e+01
   endloop
 endfacet
 facet normal  0.000000e+00  1.000000e+00  0.000000e+00
   outer loop
     vertex  1.268603e+01  8.000000e+00  3.425122e+01
     vertex  1.270710e+01  8.000000e+00  3.421271e+01
     vertex  1.173991e+01  8.000000e+00  2.185203e+01
   endloop
 endfacet
 facet normal  0.000000e+00  1.000000e+00  0.000000e+00
   outer loop
     vertex  1.336093e+01  8.000000e+00  3.358092e+01
     vertex  1.297576e+01  8.000000e+00  2.278138e+01
     vertex  1.289987e+01  8.000000e+00  2.274949e+01
   endloop
 endfacet
 facet normal  0.000000e+00  1.000000e+00  0.000000e+00
   outer loop
     vertex  1.336093e+01  8.000000e+00  3.358092e+01
     vertex  1.289987e+01  8.000000e+00  2.274949e+01
     vertex  1.332228e+01  8.000000e+00  3.360173e+01
   endloop
 endfacet
 facet normal  0.000000e+00  1.000000e+00  0.000000e+00
   outer loop
     vertex  1.266602e+01  8.000000e+00  3.429029e+01
     vertex  1.268603e+01  8.000000e+00  3.425122e+01
     vertex  1.168999e+01  8.000000e+00  2.178658e+01
   endloop
 endfacet
 facet normal  0.000000e+00  1.000000e+00  0.000000e+00
   outer loop
     vertex  1.266602e+01  8.000000e+00  3.429029e+01
     vertex  1.168999e+01  8.000000e+00  2.178658e+01
     vertex  1.164189e+01  8.000000e+00  2.171979e+01
   endloop
 endfacet
 facet normal  0.000000e+00  1.000000e+00  0.000000e+00
   outer loop
     vertex  1.340014e+01  8.000000e+00  3.356118e+01
     vertex  1.297576e+01  8.000000e+00  2.278138e+01
     vertex  1.336093e+01  8.000000e+00  3.358092e+01
   endloop
 endfacet
 facet normal  0.000000e+00  1.000000e+00  0.000000e+00
   outer loop
     vertex  1.340014e+01  8.000000e+00  3.356118e+01
     vertex  1.305248e+01  8.000000e+00  2.281118e+01
     vertex  1.297576e+01  8.000000e+00  2.278138e+01
   endloop
 endfacet
 facet normal  0.000000e+00  1.000000e+00  0.000000e+00
   outer loop
     vertex  1.264709e+01  8.000000e+00  3.432990e+01
     vertex  1.164189e+01  8.000000e+00  2.171979e+01
     vertex  1.159563e+01  8.000000e+00  2.165171e+01
   endloop
 endfacet
 facet normal  0.000000e+00  1.000000e+00  0.000000e+00
   outer loop
     vertex  1.264709e+01  8.000000e+00  3.432990e+01
     vertex  1.266602e+01  8.000000e+00  3.429029e+01
     vertex  1.164189e+01  8.000000e+00  2.171979e+01
   endloop
 endfacet
 facet normal  0.000000e+00  1.000000e+00  0.000000e+00
   outer loop
     vertex  1.343988e+01  8.000000e+00  3.354252e+01
     vertex  1.305248e+01  8.000000e+00  2.281118e+01
     vertex  1.340014e+01  8.000000e+00  3.356118e+01
   endloop
 endfacet
 facet normal  0.000000e+00  1.000000e+00  0.000000e+00
   outer loop
     vertex  1.343988e+01  8.000000e+00  3.354252e+01
     vertex  1.313000e+01  8.000000e+00  2.283886e+01
     vertex  1.305248e+01  8.000000e+00  2.281118e+01
   endloop
 endfacet
 facet normal  0.000000e+00  1.000000e+00  0.000000e+00
   outer loop
     vertex  1.262925e+01  8.000000e+00  3.437001e+01
     vertex  1.159563e+01  8.000000e+00  2.165171e+01
     vertex  1.155126e+01  8.000000e+00  2.158238e+01
   endloop
 endfacet
 facet normal  0.000000e+00  1.000000e+00  0.000000e+00
   outer loop
     vertex  1.262925e+01  8.000000e+00  3.437001e+01
     vertex  1.264709e+01  8.000000e+00  3.432990e+01
     vertex  1.159563e+01  8.000000e+00  2.165171e+01
   endloop
 endfacet
 facet normal  0.000000e+00  1.000000e+00  0.000000e+00
   outer loop
     vertex  1.348011e+01  8.000000e+00  3.352496e+01
     vertex  1.313000e+01  8.000000e+00  2.283886e+01
     vertex  1.343988e+01  8.000000e+00  3.354252e+01
   endloop
 endfacet
 facet normal  0.000000e+00  1.000000e+00  0.000000e+00
   outer loop
     vertex  1.261252e+01  8.000000e+00  3.441059e+01
     vertex  1.155126e+01  8.000000e+00  2.158238e+01
     vertex  1.150881e+01  8.000000e+00  2.151187e+01
   endloop
 endfacet
 facet normal  0.000000e+00  1.000000e+00  0.000000e+00
   outer loop
     vertex  1.261252e+01  8.000000e+00  3.441059e+01
     vertex  1.262925e+01  8.000000e+00  3.437001e+01
     vertex  1.155126e+01  8.000000e+00  2.158238e+01
   endloop
 endfacet
 facet normal  0.000000e+00  1.000000e+00  0.000000e+00
   outer loop
     vertex  1.352081e+01  8.000000e+00  3.350851e+01
     vertex  1.320825e+01  8.000000e+00  2.286440e+01
     vertex  1.313000e+01  8.000000e+00  2.283886e+01
   endloop
 endfacet
 facet normal  0.000000e+00  1.000000e+00  0.000000e+00
   outer loop
     vertex  1.352081e+01  8.000000e+00  3.350851e+01
     vertex  1.313000e+01  8.000000e+00  2.283886e+01
     vertex  1.348011e+01  8.000000e+00  3.352496e+01
   endloop
 endfacet
 facet normal  0.000000e+00  1.000000e+00  0.000000e+00
   outer loop
     vertex  1.259691e+01  8.000000e+00  3.445162e+01
     vertex  1.150881e+01  8.000000e+00  2.151187e+01
     vertex  1.146831e+01  8.000000e+00  2.144021e+01
   endloop
 endfacet
 facet normal  0.000000e+00  1.000000e+00  0.000000e+00
   outer loop
     vertex  1.259691e+01  8.000000e+00  3.445162e+01
     vertex  1.261252e+01  8.000000e+00  3.441059e+01
     vertex  1.150881e+01  8.000000e+00  2.151187e+01
   endloop
 endfacet
 facet normal  0.000000e+00  1.000000e+00  0.000000e+00
   outer loop
     vertex  1.356195e+01  8.000000e+00  3.349318e+01
     vertex  1.320825e+01  8.000000e+00  2.286440e+01
     vertex  1.352081e+01  8.000000e+00  3.350851e+01
   endloop
 endfacet
 facet normal  0.000000e+00  1.000000e+00  0.000000e+00
   outer loop
     vertex  1.356195e+01  8.000000e+00  3.349318e+01
     vertex  1.328716e+01  8.000000e+00  2.288778e+01
     vertex  1.320825e+01  8.000000e+00  2.286440e+01
   endloop
 endfacet
 facet normal  0.000000e+00  1.000000e+00  0.000000e+00
   outer loop
     vertex  1.258243e+01  8.000000e+00  3.449306e+01
     vertex  1.259691e+01  8.000000e+00  3.445162e+01
     vertex  1.146831e+01  8.000000e+00  2.144021e+01
   endloop
 endfacet
 facet normal  0.000000e+00  1.000000e+00  0.000000e+00
   outer loop
     vertex  1.258243e+01  8.000000e+00  3.449306e+01
     vertex  1.146831e+01  8.000000e+00  2.144021e+01
     vertex  1.142979e+01  8.000000e+00  2.136747e+01
   endloop
 endfacet
 facet normal  0.000000e+00  1.000000e+00  0.000000e+00
   outer loop
     vertex  1.360349e+01  8.000000e+00  3.347899e+01
     vertex  1.328716e+01  8.000000e+00  2.288778e+01
     vertex  1.356195e+01  8.000000e+00  3.349318e+01
   endloop
 endfacet
 facet normal  0.000000e+00  1.000000e+00  0.000000e+00
   outer loop
     vertex  1.360349e+01  8.000000e+00  3.347899e+01
     vertex  1.336669e+01  8.000000e+00  2.290900e+01
     vertex  1.328716e+01  8.000000e+00  2.288778e+01
   endloop
 endfacet
 facet normal  0.000000e+00  1.000000e+00  0.000000e+00
   outer loop
     vertex  1.256909e+01  8.000000e+00  3.453489e+01
     vertex  1.142979e+01  8.000000e+00  2.136747e+01
     vertex  1.139328e+01  8.000000e+00  2.129370e+01
   endloop
 endfacet
 facet normal  0.000000e+00  1.000000e+00  0.000000e+00
   outer loop
     vertex  1.256909e+01  8.000000e+00  3.453489e+01
     vertex  1.258243e+01  8.000000e+00  3.449306e+01
     vertex  1.142979e+01  8.000000e+00  2.136747e+01
   endloop
 endfacet
 facet normal  0.000000e+00  1.000000e+00  0.000000e+00
   outer loop
     vertex  1.364540e+01  8.000000e+00  3.346594e+01
     vertex  1.344678e+01  8.000000e+00  2.292802e+01
     vertex  1.336669e+01  8.000000e+00  2.290900e+01
   endloop
 endfacet
 facet normal  0.000000e+00  1.000000e+00  0.000000e+00
   outer loop
     vertex  1.364540e+01  8.000000e+00  3.346594e+01
     vertex  1.336669e+01  8.000000e+00  2.290900e+01
     vertex  1.360349e+01  8.000000e+00  3.347899e+01
   endloop
 endfacet
 facet normal  0.000000e+00  1.000000e+00  0.000000e+00
   outer loop
     vertex  1.255691e+01  8.000000e+00  3.457706e+01
     vertex  1.139328e+01  8.000000e+00  2.129370e+01
     vertex  1.135881e+01  8.000000e+00  2.121896e+01
   endloop
 endfacet
 facet normal  0.000000e+00  1.000000e+00  0.000000e+00
   outer loop
     vertex  1.255691e+01  8.000000e+00  3.457706e+01
     vertex  1.256909e+01  8.000000e+00  3.453489e+01
     vertex  1.139328e+01  8.000000e+00  2.129370e+01
   endloop
 endfacet
 facet normal  0.000000e+00  1.000000e+00  0.000000e+00
   outer loop
     vertex  1.368766e+01  8.000000e+00  3.345405e+01
     vertex  1.352735e+01  8.000000e+00  2.294484e+01
     vertex  1.344678e+01  8.000000e+00  2.292802e+01
   endloop
 endfacet
 facet normal  0.000000e+00  1.000000e+00  0.000000e+00
   outer loop
     vertex  1.368766e+01  8.000000e+00  3.345405e+01
     vertex  1.344678e+01  8.000000e+00  2.292802e+01
     vertex  1.364540e+01  8.000000e+00  3.346594e+01
   endloop
 endfacet
 facet normal  0.000000e+00  1.000000e+00  0.000000e+00
   outer loop
     vertex  1.254589e+01  8.000000e+00  3.461955e+01
     vertex  1.135881e+01  8.000000e+00  2.121896e+01
     vertex  1.132640e+01  8.000000e+00  2.114330e+01
   endloop
 endfacet
 facet normal  0.000000e+00  1.000000e+00  0.000000e+00
   outer loop
     vertex  1.254589e+01  8.000000e+00  3.461955e+01
     vertex  1.255691e+01  8.000000e+00  3.457706e+01
     vertex  1.135881e+01  8.000000e+00  2.121896e+01
   endloop
 endfacet
 facet normal  0.000000e+00  1.000000e+00  0.000000e+00
   outer loop
     vertex  1.373022e+01  8.000000e+00  3.344332e+01
     vertex  1.352735e+01  8.000000e+00  2.294484e+01
     vertex  1.368766e+01  8.000000e+00  3.345405e+01
   endloop
 endfacet
 facet normal  0.000000e+00  1.000000e+00  0.000000e+00
   outer loop
     vertex  1.253604e+01  8.000000e+00  3.466233e+01
     vertex  1.254589e+01  8.000000e+00  3.461955e+01
     vertex  1.132640e+01  8.000000e+00  2.114330e+01
   endloop
 endfacet
 facet normal  0.000000e+00  1.000000e+00  0.000000e+00
   outer loop
     vertex  1.377307e+01  8.000000e+00  3.343376e+01
     vertex  1.352735e+01  8.000000e+00  2.294484e+01
     vertex  1.373022e+01  8.000000e+00  3.344332e+01
   endloop
 endfacet
 facet normal  0.000000e+00  1.000000e+00  0.000000e+00
   outer loop
     vertex  1.377307e+01  8.000000e+00  3.343376e+01
     vertex  1.360835e+01  8.000000e+00  2.295944e+01
     vertex  1.352735e+01  8.000000e+00  2.294484e+01
   endloop
 endfacet
 facet normal  0.000000e+00  1.000000e+00  0.000000e+00
   outer loop
     vertex  1.252736e+01  8.000000e+00  3.470537e+01
     vertex  1.132640e+01  8.000000e+00  2.114330e+01
     vertex  1.129608e+01  8.000000e+00  2.106677e+01
   endloop
 endfacet
 facet normal  0.000000e+00  1.000000e+00  0.000000e+00
   outer loop
     vertex  1.252736e+01  8.000000e+00  3.470537e+01
     vertex  1.253604e+01  8.000000e+00  3.466233e+01
     vertex  1.132640e+01  8.000000e+00  2.114330e+01
   endloop
 endfacet
 facet normal  0.000000e+00  1.000000e+00  0.000000e+00
   outer loop
     vertex  1.381616e+01  8.000000e+00  3.342538e+01
     vertex  1.368973e+01  8.000000e+00  2.297181e+01
     vertex  1.360835e+01  8.000000e+00  2.295944e+01
   endloop
 endfacet
 facet normal  0.000000e+00  1.000000e+00  0.000000e+00
   outer loop
     vertex  1.381616e+01  8.000000e+00  3.342538e+01
     vertex  1.360835e+01  8.000000e+00  2.295944e+01
     vertex  1.377307e+01  8.000000e+00  3.343376e+01
   endloop
 endfacet
 facet normal  0.000000e+00  1.000000e+00  0.000000e+00
   outer loop
     vertex  1.251987e+01  8.000000e+00  3.474862e+01
     vertex  1.129608e+01  8.000000e+00  2.106677e+01
     vertex  1.126786e+01  8.000000e+00  2.098945e+01
   endloop
 endfacet
 facet normal  0.000000e+00  1.000000e+00  0.000000e+00
   outer loop
     vertex  1.251987e+01  8.000000e+00  3.474862e+01
     vertex  1.252736e+01  8.000000e+00  3.470537e+01
     vertex  1.129608e+01  8.000000e+00  2.106677e+01
   endloop
 endfacet
 facet normal  0.000000e+00  1.000000e+00  0.000000e+00
   outer loop
     vertex  1.385947e+01  8.000000e+00  3.341818e+01
     vertex  1.368973e+01  8.000000e+00  2.297181e+01
     vertex  1.381616e+01  8.000000e+00  3.342538e+01
   endloop
 endfacet
 facet normal  0.000000e+00  1.000000e+00  0.000000e+00
   outer loop
     vertex  1.385947e+01  8.000000e+00  3.341818e+01
     vertex  1.377141e+01  8.000000e+00  2.298195e+01
     vertex  1.368973e+01  8.000000e+00  2.297181e+01
   endloop
 endfacet
 facet normal  0.000000e+00  1.000000e+00  0.000000e+00
   outer loop
     vertex  1.251357e+01  8.000000e+00  3.479206e+01
     vertex  1.126786e+01  8.000000e+00  2.098945e+01
     vertex  1.124179e+01  8.000000e+00  2.091138e+01
   endloop
 endfacet
 facet normal  0.000000e+00  1.000000e+00  0.000000e+00
   outer loop
     vertex  1.251357e+01  8.000000e+00  3.479206e+01
     vertex  1.251987e+01  8.000000e+00  3.474862e+01
     vertex  1.126786e+01  8.000000e+00  2.098945e+01
   endloop
 endfacet
 facet normal  0.000000e+00  1.000000e+00  0.000000e+00
   outer loop
     vertex  1.390295e+01  8.000000e+00  3.341218e+01
     vertex  1.385334e+01  8.000000e+00  2.298984e+01
     vertex  1.377141e+01  8.000000e+00  2.298195e+01
   endloop
 endfacet
 facet normal  0.000000e+00  1.000000e+00  0.000000e+00
   outer loop
     vertex  1.390295e+01  8.000000e+00  3.341218e+01
     vertex  1.377141e+01  8.000000e+00  2.298195e+01
     vertex  1.385947e+01  8.000000e+00  3.341818e+01
   endloop
 endfacet
 facet normal  0.000000e+00  1.000000e+00  0.000000e+00
   outer loop
     vertex  1.250846e+01  8.000000e+00  3.483567e+01
     vertex  1.124179e+01  8.000000e+00  2.091138e+01
     vertex  1.121786e+01  8.000000e+00  2.083262e+01
   endloop
 endfacet
 facet normal  0.000000e+00  1.000000e+00  0.000000e+00
   outer loop
     vertex  1.250846e+01  8.000000e+00  3.483567e+01
     vertex  1.251357e+01  8.000000e+00  3.479206e+01
     vertex  1.124179e+01  8.000000e+00  2.091138e+01
   endloop
 endfacet
 facet normal  0.000000e+00  1.000000e+00  0.000000e+00
   outer loop
     vertex  1.394659e+01  8.000000e+00  3.340737e+01
     vertex  1.385334e+01  8.000000e+00  2.298984e+01
     vertex  1.390295e+01  8.000000e+00  3.341218e+01
   endloop
 endfacet
 facet normal  0.000000e+00  1.000000e+00  0.000000e+00
   outer loop
     vertex  1.394659e+01  8.000000e+00  3.340737e+01
     vertex  1.393546e+01  8.000000e+00  2.299548e+01
     vertex  1.385334e+01  8.000000e+00  2.298984e+01
   endloop
 endfacet
 facet normal  0.000000e+00  1.000000e+00  0.000000e+00
   outer loop
     vertex  1.250455e+01  8.000000e+00  3.487939e+01
     vertex  1.121786e+01  8.000000e+00  2.083262e+01
     vertex  1.119610e+01  8.000000e+00  2.075324e+01
   endloop
 endfacet
 facet normal  0.000000e+00  1.000000e+00  0.000000e+00
   outer loop
     vertex  1.250455e+01  8.000000e+00  3.487939e+01
     vertex  1.250846e+01  8.000000e+00  3.483567e+01
     vertex  1.121786e+01  8.000000e+00  2.083262e+01
   endloop
 endfacet
 facet normal  0.000000e+00  1.000000e+00  0.000000e+00
   outer loop
     vertex  1.399034e+01  8.000000e+00  3.340376e+01
     vertex  1.393546e+01  8.000000e+00  2.299548e+01
     vertex  1.394659e+01  8.000000e+00  3.340737e+01
   endloop
 endfacet
 facet normal  0.000000e+00  1.000000e+00  0.000000e+00
   outer loop
     vertex  1.250184e+01  8.000000e+00  3.492320e+01
     vertex  1.250455e+01  8.000000e+00  3.487939e+01
     vertex  1.119610e+01  8.000000e+00  2.075324e+01
   endloop
 endfacet
 facet normal  0.000000e+00  1.000000e+00  0.000000e+00
   outer loop
     vertex  1.250184e+01  8.000000e+00  3.492320e+01
     vertex  1.119610e+01  8.000000e+00  2.075324e+01
     vertex  0.000000e+00  8.000000e+00  0.000000e+00
   endloop
 endfacet
 facet normal  0.000000e+00  1.000000e+00  0.000000e+00
   outer loop
     vertex  1.403417e+01  8.000000e+00  3.340135e+01
     vertex  1.393546e+01  8.000000e+00  2.299548e+01
     vertex  1.399034e+01  8.000000e+00  3.340376e+01
   endloop
 endfacet
 facet normal  0.000000e+00  1.000000e+00  0.000000e+00
   outer loop
     vertex  1.403417e+01  8.000000e+00  3.340135e+01
     vertex  1.401770e+01  8.000000e+00  2.299887e+01
     vertex  1.393546e+01  8.000000e+00  2.299548e+01
   endloop
 endfacet
 facet normal  0.000000e+00  1.000000e+00  0.000000e+00
   outer loop
     vertex  1.250034e+01  8.000000e+00  3.496708e+01
     vertex  1.250184e+01  8.000000e+00  3.492320e+01
     vertex  0.000000e+00  8.000000e+00  0.000000e+00
   endloop
 endfacet
 facet normal  0.000000e+00  1.000000e+00  0.000000e+00
   outer loop
     vertex  1.407805e+01  8.000000e+00  3.340015e+01
     vertex  1.401770e+01  8.000000e+00  2.299887e+01
     vertex  1.403417e+01  8.000000e+00  3.340135e+01
   endloop
 endfacet
 facet normal  0.000000e+00  1.000000e+00  0.000000e+00
   outer loop
     vertex  1.407805e+01  8.000000e+00  3.340015e+01
     vertex  1.410000e+01  8.000000e+00  2.300000e+01
     vertex  1.401770e+01  8.000000e+00  2.299887e+01
   endloop
 endfacet
 facet normal  0.000000e+00  1.000000e+00  0.000000e+00
   outer loop
     vertex  1.250004e+01  8.000000e+00  3.501097e+01
     vertex  1.250034e+01  8.000000e+00  3.496708e+01
     vertex  0.000000e+00  8.000000e+00  0.000000e+00
   endloop
 endfacet
 facet normal  0.000000e+00  1.000000e+00  0.000000e+00
   outer loop
     vertex  1.412195e+01  8.000000e+00  3.340015e+01
     vertex  1.410000e+01  8.000000e+00  2.300000e+01
     vertex  1.407805e+01  8.000000e+00  3.340015e+01
   endloop
 endfacet
 facet normal  0.000000e+00  1.000000e+00  0.000000e+00
   outer loop
     vertex  1.412195e+01  8.000000e+00  3.340015e+01
     vertex  1.418230e+01  8.000000e+00  2.299887e+01
     vertex  1.410000e+01  8.000000e+00  2.300000e+01
   endloop
 endfacet
 facet normal  0.000000e+00  1.000000e+00  0.000000e+00
   outer loop
     vertex  1.250094e+01  8.000000e+00  3.505486e+01
     vertex  1.250004e+01  8.000000e+00  3.501097e+01
     vertex  0.000000e+00  8.000000e+00  0.000000e+00
   endloop
 endfacet
 facet normal  0.000000e+00  1.000000e+00  0.000000e+00
   outer loop
     vertex  1.416583e+01  8.000000e+00  3.340135e+01
     vertex  1.418230e+01  8.000000e+00  2.299887e+01
     vertex  1.412195e+01  8.000000e+00  3.340015e+01
   endloop
 endfacet
 facet normal  0.000000e+00  1.000000e+00  0.000000e+00
   outer loop
     vertex  1.416583e+01  8.000000e+00  3.340135e+01
     vertex  1.426454e+01  8.000000e+00  2.299548e+01
     vertex  1.418230e+01  8.000000e+00  2.299887e+01
   endloop
 endfacet
 facet normal  0.000000e+00  1.000000e+00  0.000000e+00
   outer loop
     vertex  1.250305e+01  8.000000e+00  3.509871e+01
     vertex  1.250094e+01  8.000000e+00  3.505486e+01
     vertex  0.000000e+00  8.000000e+00  0.000000e+00
   endloop
 endfacet
 facet normal  0.000000e+00  1.000000e+00  0.000000e+00
   outer loop
     vertex  1.420966e+01  8.000000e+00  3.340376e+01
     vertex  1.426454e+01  8.000000e+00  2.299548e+01
     vertex  1.416583e+01  8.000000e+00  3.340135e+01
   endloop
 endfacet
 facet normal  0.000000e+00  1.000000e+00  0.000000e+00
   outer loop
     vertex  1.250636e+01  8.000000e+00  3.514249e+01
     vertex  1.250305e+01  8.000000e+00  3.509871e+01
     vertex  0.000000e+00  8.000000e+00  0.000000e+00
   endloop
 endfacet
 facet normal  0.000000e+00  1.000000e+00  0.000000e+00
   outer loop
     vertex  1.425341e+01  8.000000e+00  3.340737e+01
     vertex  1.434666e+01  8.000000e+00  2.298984e+01
     vertex  1.426454e+01  8.000000e+00  2.299548e+01
   endloop
 endfacet
 facet normal  0.000000e+00  1.000000e+00  0.000000e+00
   outer loop
     vertex  1.425341e+01  8.000000e+00  3.340737e+01
     vertex  1.426454e+01  8.000000e+00  2.299548e+01
     vertex  1.420966e+01  8.000000e+00  3.340376e+01
   endloop
 endfacet
 facet normal  0.000000e+00  1.000000e+00  0.000000e+00
   outer loop
     vertex  1.251087e+01  8.000000e+00  3.518615e+01
     vertex  1.250636e+01  8.000000e+00  3.514249e+01
     vertex  0.000000e+00  8.000000e+00  0.000000e+00
   endloop
 endfacet
 facet normal  0.000000e+00  1.000000e+00  0.000000e+00
   outer loop
     vertex  1.429705e+01  8.000000e+00  3.341218e+01
     vertex  1.434666e+01  8.000000e+00  2.298984e+01
     vertex  1.425341e+01  8.000000e+00  3.340737e+01
   endloop
 endfacet
 facet normal  0.000000e+00  1.000000e+00  0.000000e+00
   outer loop
     vertex  1.429705e+01  8.000000e+00  3.341218e+01
     vertex  1.442859e+01  8.000000e+00  2.298195e+01
     vertex  1.434666e+01  8.000000e+00  2.298984e+01
   endloop
 endfacet
 facet normal  0.000000e+00  1.000000e+00  0.000000e+00
   outer loop
     vertex  1.251657e+01  8.000000e+00  3.522968e+01
     vertex  1.251087e+01  8.000000e+00  3.518615e+01
     vertex  0.000000e+00  8.000000e+00  0.000000e+00
   endloop
 endfacet
 facet normal  0.000000e+00  1.000000e+00  0.000000e+00
   outer loop
     vertex  1.434053e+01  8.000000e+00  3.341818e+01
     vertex  1.442859e+01  8.000000e+00  2.298195e+01
     vertex  1.429705e+01  8.000000e+00  3.341218e+01
   endloop
 endfacet
 facet normal  0.000000e+00  1.000000e+00  0.000000e+00
   outer loop
     vertex  1.434053e+01  8.000000e+00  3.341818e+01
     vertex  1.451027e+01  8.000000e+00  2.297181e+01
     vertex  1.442859e+01  8.000000e+00  2.298195e+01
   endloop
 endfacet
 facet normal  0.000000e+00  1.000000e+00  0.000000e+00
   outer loop
     vertex  1.252347e+01  8.000000e+00  3.527303e+01
     vertex  1.251657e+01  8.000000e+00  3.522968e+01
     vertex  0.000000e+00  8.000000e+00  0.000000e+00
   endloop
 endfacet
 facet normal  0.000000e+00  1.000000e+00  0.000000e+00
   outer loop
     vertex  1.438384e+01  8.000000e+00  3.342538e+01
     vertex  1.451027e+01  8.000000e+00  2.297181e+01
     vertex  1.434053e+01  8.000000e+00  3.341818e+01
   endloop
 endfacet
 facet normal  0.000000e+00  1.000000e+00  0.000000e+00
   outer loop
     vertex  1.438384e+01  8.000000e+00  3.342538e+01
     vertex  1.459165e+01  8.000000e+00  2.295944e+01
     vertex  1.451027e+01  8.000000e+00  2.297181e+01
   endloop
 endfacet
 facet normal  0.000000e+00  1.000000e+00  0.000000e+00
   outer loop
     vertex  1.253155e+01  8.000000e+00  3.531618e+01
     vertex  1.252347e+01  8.000000e+00  3.527303e+01
     vertex  0.000000e+00  8.000000e+00  0.000000e+00
   endloop
 endfacet
 facet normal  0.000000e+00  1.000000e+00  0.000000e+00
   outer loop
     vertex  1.442693e+01  8.000000e+00  3.343376e+01
     vertex  1.467265e+01  8.000000e+00  2.294484e+01
     vertex  1.459165e+01  8.000000e+00  2.295944e+01
   endloop
 endfacet
 facet normal  0.000000e+00  1.000000e+00  0.000000e+00
   outer loop
     vertex  1.442693e+01  8.000000e+00  3.343376e+01
     vertex  1.459165e+01  8.000000e+00  2.295944e+01
     vertex  1.438384e+01  8.000000e+00  3.342538e+01
   endloop
 endfacet
 facet normal  0.000000e+00  1.000000e+00  0.000000e+00
   outer loop
     vertex  1.254082e+01  8.000000e+00  3.535909e+01
     vertex  1.253155e+01  8.000000e+00  3.531618e+01
     vertex  0.000000e+00  8.000000e+00  0.000000e+00
   endloop
 endfacet
 facet normal  0.000000e+00  1.000000e+00  0.000000e+00
   outer loop
     vertex  1.446978e+01  8.000000e+00  3.344332e+01
     vertex  1.467265e+01  8.000000e+00  2.294484e+01
     vertex  1.442693e+01  8.000000e+00  3.343376e+01
   endloop
 endfacet
 facet normal  0.000000e+00  1.000000e+00  0.000000e+00
   outer loop
     vertex  1.255125e+01  8.000000e+00  3.540173e+01
     vertex  1.254082e+01  8.000000e+00  3.535909e+01
     vertex  0.000000e+00  8.000000e+00  0.000000e+00
   endloop
 endfacet
 facet normal  0.000000e+00  1.000000e+00  0.000000e+00
   outer loop
     vertex  1.451234e+01  8.000000e+00  3.345405e+01
     vertex  1.467265e+01  8.000000e+00  2.294484e+01
     vertex  1.446978e+01  8.000000e+00  3.344332e+01
   endloop
 endfacet
 facet normal  0.000000e+00  1.000000e+00  0.000000e+00
   outer loop
     vertex  1.451234e+01  8.000000e+00  3.345405e+01
     vertex  1.475322e+01  8.000000e+00  2.292802e+01
     vertex  1.467265e+01  8.000000e+00  2.294484e+01
   endloop
 endfacet
 facet normal  0.000000e+00  1.000000e+00  0.000000e+00
   outer loop
     vertex  1.455460e+01  8.000000e+00  3.346594e+01
     vertex  1.483331e+01  8.000000e+00  2.290900e+01
     vertex  1.475322e+01  8.000000e+00  2.292802e+01
   endloop
 endfacet
 facet normal  0.000000e+00  1.000000e+00  0.000000e+00
   outer loop
     vertex  1.455460e+01  8.000000e+00  3.346594e+01
     vertex  1.475322e+01  8.000000e+00  2.292802e+01
     vertex  1.451234e+01  8.000000e+00  3.345405e+01
   endloop
 endfacet
 facet normal  0.000000e+00  1.000000e+00  0.000000e+00
   outer loop
     vertex  1.459651e+01  8.000000e+00  3.347899e+01
     vertex  1.491284e+01  8.000000e+00  2.288778e+01
     vertex  1.483331e+01  8.000000e+00  2.290900e+01
   endloop
 endfacet
 facet normal  0.000000e+00  1.000000e+00  0.000000e+00
   outer loop
     vertex  1.459651e+01  8.000000e+00  3.347899e+01
     vertex  1.483331e+01  8.000000e+00  2.290900e+01
     vertex  1.455460e+01  8.000000e+00  3.346594e+01
   endloop
 endfacet
 facet normal  0.000000e+00  1.000000e+00  0.000000e+00
   outer loop
     vertex  1.463805e+01  8.000000e+00  3.349318e+01
     vertex  1.491284e+01  8.000000e+00  2.288778e+01
     vertex  1.459651e+01  8.000000e+00  3.347899e+01
   endloop
 endfacet
 facet normal  0.000000e+00  1.000000e+00  0.000000e+00
   outer loop
     vertex  1.463805e+01  8.000000e+00  3.349318e+01
     vertex  1.499175e+01  8.000000e+00  2.286440e+01
     vertex  1.491284e+01  8.000000e+00  2.288778e+01
   endloop
 endfacet
 facet normal  0.000000e+00  1.000000e+00  0.000000e+00
   outer loop
     vertex  1.467919e+01  8.000000e+00  3.350851e+01
     vertex  1.507000e+01  8.000000e+00  2.283886e+01
     vertex  1.499175e+01  8.000000e+00  2.286440e+01
   endloop
 endfacet
 facet normal  0.000000e+00  1.000000e+00  0.000000e+00
   outer loop
     vertex  1.467919e+01  8.000000e+00  3.350851e+01
     vertex  1.499175e+01  8.000000e+00  2.286440e+01
     vertex  1.463805e+01  8.000000e+00  3.349318e+01
   endloop
 endfacet
 facet normal  0.000000e+00  1.000000e+00  0.000000e+00
   outer loop
     vertex  1.471989e+01  8.000000e+00  3.352496e+01
     vertex  1.507000e+01  8.000000e+00  2.283886e+01
     vertex  1.467919e+01  8.000000e+00  3.350851e+01
   endloop
 endfacet
 facet normal  0.000000e+00  1.000000e+00  0.000000e+00
   outer loop
     vertex  1.476012e+01  8.000000e+00  3.354252e+01
     vertex  1.514752e+01  8.000000e+00  2.281118e+01
     vertex  1.507000e+01  8.000000e+00  2.283886e+01
   endloop
 endfacet
 facet normal  0.000000e+00  1.000000e+00  0.000000e+00
   outer loop
     vertex  1.476012e+01  8.000000e+00  3.354252e+01
     vertex  1.507000e+01  8.000000e+00  2.283886e+01
     vertex  1.471989e+01  8.000000e+00  3.352496e+01
   endloop
 endfacet
 facet normal  0.000000e+00  1.000000e+00  0.000000e+00
   outer loop
     vertex  1.479986e+01  8.000000e+00  3.356118e+01
     vertex  1.522424e+01  8.000000e+00  2.278138e+01
     vertex  1.514752e+01  8.000000e+00  2.281118e+01
   endloop
 endfacet
 facet normal  0.000000e+00  1.000000e+00  0.000000e+00
   outer loop
     vertex  1.479986e+01  8.000000e+00  3.356118e+01
     vertex  1.514752e+01  8.000000e+00  2.281118e+01
     vertex  1.476012e+01  8.000000e+00  3.354252e+01
   endloop
 endfacet
 facet normal  0.000000e+00  1.000000e+00  0.000000e+00
   outer loop
     vertex  1.483907e+01  8.000000e+00  3.358092e+01
     vertex  1.530013e+01  8.000000e+00  2.274949e+01
     vertex  1.522424e+01  8.000000e+00  2.278138e+01
   endloop
 endfacet
 facet normal  0.000000e+00  1.000000e+00  0.000000e+00
   outer loop
     vertex  1.483907e+01  8.000000e+00  3.358092e+01
     vertex  1.522424e+01  8.000000e+00  2.278138e+01
     vertex  1.479986e+01  8.000000e+00  3.356118e+01
   endloop
 endfacet
 facet normal  0.000000e+00  1.000000e+00  0.000000e+00
   outer loop
     vertex  1.487772e+01  8.000000e+00  3.360173e+01
     vertex  1.537510e+01  8.000000e+00  2.271553e+01
     vertex  1.530013e+01  8.000000e+00  2.274949e+01
   endloop
 endfacet
 facet normal  0.000000e+00  1.000000e+00  0.000000e+00
   outer loop
     vertex  1.487772e+01  8.000000e+00  3.360173e+01
     vertex  1.530013e+01  8.000000e+00  2.274949e+01
     vertex  1.483907e+01  8.000000e+00  3.358092e+01
   endloop
 endfacet
 facet normal  0.000000e+00  1.000000e+00  0.000000e+00
   outer loop
     vertex  1.491579e+01  8.000000e+00  3.362360e+01
     vertex  1.544912e+01  8.000000e+00  2.267953e+01
     vertex  1.537510e+01  8.000000e+00  2.271553e+01
   endloop
 endfacet
 facet normal  0.000000e+00  1.000000e+00  0.000000e+00
   outer loop
     vertex  1.491579e+01  8.000000e+00  3.362360e+01
     vertex  1.537510e+01  8.000000e+00  2.271553e+01
     vertex  1.487772e+01  8.000000e+00  3.360173e+01
   endloop
 endfacet
 facet normal  0.000000e+00  1.000000e+00  0.000000e+00
   outer loop
     vertex  1.495324e+01  8.000000e+00  3.364649e+01
     vertex  1.552212e+01  8.000000e+00  2.264151e+01
     vertex  1.544912e+01  8.000000e+00  2.267953e+01
   endloop
 endfacet
 facet normal  0.000000e+00  1.000000e+00  0.000000e+00
   outer loop
     vertex  1.495324e+01  8.000000e+00  3.364649e+01
     vertex  1.544912e+01  8.000000e+00  2.267953e+01
     vertex  1.491579e+01  8.000000e+00  3.362360e+01
   endloop
 endfacet
 facet normal  0.000000e+00  1.000000e+00  0.000000e+00
   outer loop
     vertex  1.499005e+01  8.000000e+00  3.367041e+01
     vertex  1.552212e+01  8.000000e+00  2.264151e+01
     vertex  1.495324e+01  8.000000e+00  3.364649e+01
   endloop
 endfacet
 facet normal  0.000000e+00  1.000000e+00  0.000000e+00
   outer loop
     vertex  1.502619e+01  8.000000e+00  3.369533e+01
     vertex  1.559406e+01  8.000000e+00  2.260150e+01
     vertex  1.552212e+01  8.000000e+00  2.264151e+01
   endloop
 endfacet
 facet normal  0.000000e+00  1.000000e+00  0.000000e+00
   outer loop
     vertex  1.502619e+01  8.000000e+00  3.369533e+01
     vertex  1.552212e+01  8.000000e+00  2.264151e+01
     vertex  1.499005e+01  8.000000e+00  3.367041e+01
   endloop
 endfacet
 facet normal  0.000000e+00  1.000000e+00  0.000000e+00
   outer loop
     vertex  1.506164e+01  8.000000e+00  3.372123e+01
     vertex  1.559406e+01  8.000000e+00  2.260150e+01
     vertex  1.502619e+01  8.000000e+00  3.369533e+01
   endloop
 endfacet
 facet normal  0.000000e+00  1.000000e+00  0.000000e+00
   outer loop
     vertex  1.506164e+01  8.000000e+00  3.372123e+01
     vertex  1.566486e+01  8.000000e+00  2.255953e+01
     vertex  1.559406e+01  8.000000e+00  2.260150e+01
   endloop
 endfacet
 facet normal  0.000000e+00  1.000000e+00  0.000000e+00
   outer loop
     vertex  1.509636e+01  8.000000e+00  3.374809e+01
     vertex  1.566486e+01  8.000000e+00  2.255953e+01
     vertex  1.506164e+01  8.000000e+00  3.372123e+01
   endloop
 endfacet
 facet normal  0.000000e+00  1.000000e+00  0.000000e+00
   outer loop
     vertex  1.509636e+01  8.000000e+00  3.374809e+01
     vertex  1.573449e+01  8.000000e+00  2.251564e+01
     vertex  1.566486e+01  8.000000e+00  2.255953e+01
   endloop
 endfacet
 facet normal  0.000000e+00  1.000000e+00  0.000000e+00
   outer loop
     vertex  1.513033e+01  8.000000e+00  3.377590e+01
     vertex  1.580289e+01  8.000000e+00  2.246985e+01
     vertex  1.573449e+01  8.000000e+00  2.251564e+01
   endloop
 endfacet
 facet normal  0.000000e+00  1.000000e+00  0.000000e+00
   outer loop
     vertex  1.513033e+01  8.000000e+00  3.377590e+01
     vertex  1.573449e+01  8.000000e+00  2.251564e+01
     vertex  1.509636e+01  8.000000e+00  3.374809e+01
   endloop
 endfacet
 facet normal  0.000000e+00  1.000000e+00  0.000000e+00
   outer loop
     vertex  1.516352e+01  8.000000e+00  3.380462e+01
     vertex  1.580289e+01  8.000000e+00  2.246985e+01
     vertex  1.513033e+01  8.000000e+00  3.377590e+01
   endloop
 endfacet
 facet normal  0.000000e+00  1.000000e+00  0.000000e+00
   outer loop
     vertex  1.516352e+01  8.000000e+00  3.380462e+01
     vertex  1.587001e+01  8.000000e+00  2.242220e+01
     vertex  1.580289e+01  8.000000e+00  2.246985e+01
   endloop
 endfacet
 facet normal  0.000000e+00  1.000000e+00  0.000000e+00
   outer loop
     vertex  1.519592e+01  8.000000e+00  3.383425e+01
     vertex  1.587001e+01  8.000000e+00  2.242220e+01
     vertex  1.516352e+01  8.000000e+00  3.380462e+01
   endloop
 endfacet
 facet normal  0.000000e+00  1.000000e+00  0.000000e+00
   outer loop
     vertex  1.519592e+01  8.000000e+00  3.383425e+01
     vertex  1.593579e+01  8.000000e+00  2.237273e+01
     vertex  1.587001e+01  8.000000e+00  2.242220e+01
   endloop
 endfacet
 facet normal  0.000000e+00  1.000000e+00  0.000000e+00
   outer loop
     vertex  1.522748e+01  8.000000e+00  3.386476e+01
     vertex  1.593579e+01  8.000000e+00  2.237273e+01
     vertex  1.519592e+01  8.000000e+00  3.383425e+01
   endloop
 endfacet
 facet normal  0.000000e+00  1.000000e+00  0.000000e+00
   outer loop
     vertex  1.525820e+01  8.000000e+00  3.389611e+01
     vertex  1.593579e+01  8.000000e+00  2.237273e+01
     vertex  1.522748e+01  8.000000e+00  3.386476e+01
   endloop
 endfacet
 facet normal  0.000000e+00  1.000000e+00  0.000000e+00
   outer loop
     vertex  1.525820e+01  8.000000e+00  3.389611e+01
     vertex  1.600020e+01  8.000000e+00  2.232148e+01
     vertex  1.593579e+01  8.000000e+00  2.237273e+01
   endloop
 endfacet
 facet normal  0.000000e+00  1.000000e+00  0.000000e+00
   outer loop
     vertex  1.528805e+01  8.000000e+00  3.392830e+01
     vertex  1.600020e+01  8.000000e+00  2.232148e+01
     vertex  1.525820e+01  8.000000e+00  3.389611e+01
   endloop
 endfacet
 facet normal  0.000000e+00  1.000000e+00  0.000000e+00
   outer loop
     vertex  1.528805e+01  8.000000e+00  3.392830e+01
     vertex  1.606317e+01  8.000000e+00  2.226847e+01
     vertex  1.600020e+01  8.000000e+00  2.232148e+01
   endloop
 endfacet
 facet normal  0.000000e+00  1.000000e+00  0.000000e+00
   outer loop
     vertex  1.531701e+01  8.000000e+00  3.396130e+01
     vertex  1.606317e+01  8.000000e+00  2.226847e+01
     vertex  1.528805e+01  8.000000e+00  3.392830e+01
   endloop
 endfacet
 facet normal  0.000000e+00  1.000000e+00  0.000000e+00
   outer loop
     vertex  1.531701e+01  8.000000e+00  3.396130e+01
     vertex  1.612466e+01  8.000000e+00  2.221376e+01
     vertex  1.606317e+01  8.000000e+00  2.226847e+01
   endloop
 endfacet
 facet normal  0.000000e+00  1.000000e+00  0.000000e+00
   outer loop
     vertex  1.534504e+01  8.000000e+00  3.399508e+01
     vertex  1.618463e+01  8.000000e+00  2.215738e+01
     vertex  1.612466e+01  8.000000e+00  2.221376e+01
   endloop
 endfacet
 facet normal  0.000000e+00  1.000000e+00  0.000000e+00
   outer loop
     vertex  1.534504e+01  8.000000e+00  3.399508e+01
     vertex  1.612466e+01  8.000000e+00  2.221376e+01
     vertex  1.531701e+01  8.000000e+00  3.396130e+01
   endloop
 endfacet
 facet normal  0.000000e+00  1.000000e+00  0.000000e+00
   outer loop
     vertex  1.537214e+01  8.000000e+00  3.402961e+01
     vertex  1.624303e+01  8.000000e+00  2.209938e+01
     vertex  1.618463e+01  8.000000e+00  2.215738e+01
   endloop
 endfacet
 facet normal  0.000000e+00  1.000000e+00  0.000000e+00
   outer loop
     vertex  1.537214e+01  8.000000e+00  3.402961e+01
     vertex  1.618463e+01  8.000000e+00  2.215738e+01
     vertex  1.534504e+01  8.000000e+00  3.399508e+01
   endloop
 endfacet
 facet normal  0.000000e+00  1.000000e+00  0.000000e+00
   outer loop
     vertex  1.539829e+01  8.000000e+00  3.406488e+01
     vertex  1.624303e+01  8.000000e+00  2.209938e+01
     vertex  1.537214e+01  8.000000e+00  3.402961e+01
   endloop
 endfacet
 facet normal  0.000000e+00  1.000000e+00  0.000000e+00
   outer loop
     vertex  1.539829e+01  8.000000e+00  3.406488e+01
     vertex  1.629982e+01  8.000000e+00  2.203980e+01
     vertex  1.624303e+01  8.000000e+00  2.209938e+01
   endloop
 endfacet
 facet normal  0.000000e+00  1.000000e+00  0.000000e+00
   outer loop
     vertex  1.542345e+01  8.000000e+00  3.410085e+01
     vertex  1.629982e+01  8.000000e+00  2.203980e+01
     vertex  1.539829e+01  8.000000e+00  3.406488e+01
   endloop
 endfacet
 facet normal  0.000000e+00  1.000000e+00  0.000000e+00
   outer loop
     vertex  1.542345e+01  8.000000e+00  3.410085e+01
     vertex  1.635495e+01  8.000000e+00  2.197868e+01
     vertex  1.629982e+01  8.000000e+00  2.203980e+01
   endloop
 endfacet
 facet normal  0.000000e+00  1.000000e+00  0.000000e+00
   outer loop
     vertex  1.544762e+01  8.000000e+00  3.413749e+01
     vertex  1.635495e+01  8.000000e+00  2.197868e+01
     vertex  1.542345e+01  8.000000e+00  3.410085e+01
   endloop
 endfacet
 facet normal  0.000000e+00  1.000000e+00  0.000000e+00
   outer loop
     vertex  1.544762e+01  8.000000e+00  3.413749e+01
     vertex  1.640839e+01  8.000000e+00  2.191607e+01
     vertex  1.635495e+01  8.000000e+00  2.197868e+01
   endloop
 endfacet
 facet normal  0.000000e+00  1.000000e+00  0.000000e+00
   outer loop
     vertex  1.547078e+01  8.000000e+00  3.417479e+01
     vertex  1.640839e+01  8.000000e+00  2.191607e+01
     vertex  1.544762e+01  8.000000e+00  3.413749e+01
   endloop
 endfacet
 facet normal  0.000000e+00  1.000000e+00  0.000000e+00
   outer loop
     vertex  1.549290e+01  8.000000e+00  3.421271e+01
     vertex  1.640839e+01  8.000000e+00  2.191607e+01
     vertex  1.547078e+01  8.000000e+00  3.417479e+01
   endloop
 endfacet
 facet normal  0.000000e+00  1.000000e+00  0.000000e+00
   outer loop
     vertex  1.549290e+01  8.000000e+00  3.421271e+01
     vertex  1.646009e+01  8.000000e+00  2.185203e+01
     vertex  1.640839e+01  8.000000e+00  2.191607e+01
   endloop
 endfacet
 facet normal  0.000000e+00  1.000000e+00  0.000000e+00
   outer loop
     vertex  1.551397e+01  8.000000e+00  3.425122e+01
     vertex  1.651001e+01  8.000000e+00  2.178658e+01
     vertex  1.646009e+01  8.000000e+00  2.185203e+01
   endloop
 endfacet
 facet normal  0.000000e+00  1.000000e+00  0.000000e+00
   outer loop
     vertex  1.551397e+01  8.000000e+00  3.425122e+01
     vertex  1.646009e+01  8.000000e+00  2.185203e+01
     vertex  1.549290e+01  8.000000e+00  3.421271e+01
   endloop
 endfacet
 facet normal  0.000000e+00  1.000000e+00  0.000000e+00
   outer loop
     vertex  1.553398e+01  8.000000e+00  3.429029e+01
     vertex  1.655811e+01  8.000000e+00  2.171979e+01
     vertex  1.651001e+01  8.000000e+00  2.178658e+01
   endloop
 endfacet
 facet normal  0.000000e+00  1.000000e+00  0.000000e+00
   outer loop
     vertex  1.553398e+01  8.000000e+00  3.429029e+01
     vertex  1.651001e+01  8.000000e+00  2.178658e+01
     vertex  1.551397e+01  8.000000e+00  3.425122e+01
   endloop
 endfacet
 facet normal  0.000000e+00  1.000000e+00  0.000000e+00
   outer loop
     vertex  1.555291e+01  8.000000e+00  3.432990e+01
     vertex  1.655811e+01  8.000000e+00  2.171979e+01
     vertex  1.553398e+01  8.000000e+00  3.429029e+01
   endloop
 endfacet
 facet normal  0.000000e+00  1.000000e+00  0.000000e+00
   outer loop
     vertex  1.555291e+01  8.000000e+00  3.432990e+01
     vertex  1.660437e+01  8.000000e+00  2.165171e+01
     vertex  1.655811e+01  8.000000e+00  2.171979e+01
   endloop
 endfacet
 facet normal  0.000000e+00  1.000000e+00  0.000000e+00
   outer loop
     vertex  1.557075e+01  8.000000e+00  3.437001e+01
     vertex  1.660437e+01  8.000000e+00  2.165171e+01
     vertex  1.555291e+01  8.000000e+00  3.432990e+01
   endloop
 endfacet
 facet normal  0.000000e+00  1.000000e+00  0.000000e+00
   outer loop
     vertex  1.557075e+01  8.000000e+00  3.437001e+01
     vertex  1.664874e+01  8.000000e+00  2.158238e+01
     vertex  1.660437e+01  8.000000e+00  2.165171e+01
   endloop
 endfacet
 facet normal  0.000000e+00  1.000000e+00  0.000000e+00
   outer loop
     vertex  1.558748e+01  8.000000e+00  3.441059e+01
     vertex  1.669119e+01  8.000000e+00  2.151187e+01
     vertex  1.664874e+01  8.000000e+00  2.158238e+01
   endloop
 endfacet
 facet normal  0.000000e+00  1.000000e+00  0.000000e+00
   outer loop
     vertex  1.558748e+01  8.000000e+00  3.441059e+01
     vertex  1.664874e+01  8.000000e+00  2.158238e+01
     vertex  1.557075e+01  8.000000e+00  3.437001e+01
   endloop
 endfacet
 facet normal  0.000000e+00  1.000000e+00  0.000000e+00
   outer loop
     vertex  1.560309e+01  8.000000e+00  3.445162e+01
     vertex  1.673169e+01  8.000000e+00  2.144021e+01
     vertex  1.669119e+01  8.000000e+00  2.151187e+01
   endloop
 endfacet
 facet normal  0.000000e+00  1.000000e+00  0.000000e+00
   outer loop
     vertex  1.560309e+01  8.000000e+00  3.445162e+01
     vertex  1.669119e+01  8.000000e+00  2.151187e+01
     vertex  1.558748e+01  8.000000e+00  3.441059e+01
   endloop
 endfacet
 facet normal  0.000000e+00  1.000000e+00  0.000000e+00
   outer loop
     vertex  1.561757e+01  8.000000e+00  3.449306e+01
     vertex  1.677021e+01  8.000000e+00  2.136747e+01
     vertex  1.673169e+01  8.000000e+00  2.144021e+01
   endloop
 endfacet
 facet normal  0.000000e+00  1.000000e+00  0.000000e+00
   outer loop
     vertex  1.561757e+01  8.000000e+00  3.449306e+01
     vertex  1.673169e+01  8.000000e+00  2.144021e+01
     vertex  1.560309e+01  8.000000e+00  3.445162e+01
   endloop
 endfacet
 facet normal  0.000000e+00  1.000000e+00  0.000000e+00
   outer loop
     vertex  1.563091e+01  8.000000e+00  3.453489e+01
     vertex  1.680672e+01  8.000000e+00  2.129370e+01
     vertex  1.677021e+01  8.000000e+00  2.136747e+01
   endloop
 endfacet
 facet normal  0.000000e+00  1.000000e+00  0.000000e+00
   outer loop
     vertex  1.563091e+01  8.000000e+00  3.453489e+01
     vertex  1.677021e+01  8.000000e+00  2.136747e+01
     vertex  1.561757e+01  8.000000e+00  3.449306e+01
   endloop
 endfacet
 facet normal  0.000000e+00  1.000000e+00  0.000000e+00
   outer loop
     vertex  1.564309e+01  8.000000e+00  3.457706e+01
     vertex  1.684119e+01  8.000000e+00  2.121896e+01
     vertex  1.680672e+01  8.000000e+00  2.129370e+01
   endloop
 endfacet
 facet normal  0.000000e+00  1.000000e+00  0.000000e+00
   outer loop
     vertex  1.564309e+01  8.000000e+00  3.457706e+01
     vertex  1.680672e+01  8.000000e+00  2.129370e+01
     vertex  1.563091e+01  8.000000e+00  3.453489e+01
   endloop
 endfacet
 facet normal  0.000000e+00  1.000000e+00  0.000000e+00
   outer loop
     vertex  1.565411e+01  8.000000e+00  3.461955e+01
     vertex  1.684119e+01  8.000000e+00  2.121896e+01
     vertex  1.564309e+01  8.000000e+00  3.457706e+01
   endloop
 endfacet
 facet normal  0.000000e+00  1.000000e+00  0.000000e+00
   outer loop
     vertex  1.565411e+01  8.000000e+00  3.461955e+01
     vertex  1.687360e+01  8.000000e+00  2.114330e+01
     vertex  1.684119e+01  8.000000e+00  2.121896e+01
   endloop
 endfacet
 facet normal  0.000000e+00  1.000000e+00  0.000000e+00
   outer loop
     vertex  1.566396e+01  8.000000e+00  3.466233e+01
     vertex  1.687360e+01  8.000000e+00  2.114330e+01
     vertex  1.565411e+01  8.000000e+00  3.461955e+01
   endloop
 endfacet
 facet normal  0.000000e+00  1.000000e+00  0.000000e+00
   outer loop
     vertex  1.567264e+01  8.000000e+00  3.470537e+01
     vertex  1.687360e+01  8.000000e+00  2.114330e+01
     vertex  1.566396e+01  8.000000e+00  3.466233e+01
   endloop
 endfacet
 facet normal  0.000000e+00  1.000000e+00  0.000000e+00
   outer loop
     vertex  1.567264e+01  8.000000e+00  3.470537e+01
     vertex  1.690392e+01  8.000000e+00  2.106677e+01
     vertex  1.687360e+01  8.000000e+00  2.114330e+01
   endloop
 endfacet
 facet normal  0.000000e+00  1.000000e+00  0.000000e+00
   outer loop
     vertex  1.568013e+01  8.000000e+00  3.474862e+01
     vertex  1.693214e+01  8.000000e+00  2.098945e+01
     vertex  1.690392e+01  8.000000e+00  2.106677e+01
   endloop
 endfacet
 facet normal  0.000000e+00  1.000000e+00  0.000000e+00
   outer loop
     vertex  1.568013e+01  8.000000e+00  3.474862e+01
     vertex  1.690392e+01  8.000000e+00  2.106677e+01
     vertex  1.567264e+01  8.000000e+00  3.470537e+01
   endloop
 endfacet
 facet normal  0.000000e+00  1.000000e+00  0.000000e+00
   outer loop
     vertex  1.568643e+01  8.000000e+00  3.479206e+01
     vertex  1.693214e+01  8.000000e+00  2.098945e+01
     vertex  1.568013e+01  8.000000e+00  3.474862e+01
   endloop
 endfacet
 facet normal  0.000000e+00  1.000000e+00  0.000000e+00
   outer loop
     vertex  1.568643e+01  8.000000e+00  3.479206e+01
     vertex  1.695821e+01  8.000000e+00  2.091138e+01
     vertex  1.693214e+01  8.000000e+00  2.098945e+01
   endloop
 endfacet
 facet normal  0.000000e+00  1.000000e+00  0.000000e+00
   outer loop
     vertex  1.569154e+01  8.000000e+00  3.483567e+01
     vertex  1.695821e+01  8.000000e+00  2.091138e+01
     vertex  1.568643e+01  8.000000e+00  3.479206e+01
   endloop
 endfacet
 facet normal  0.000000e+00  1.000000e+00  0.000000e+00
   outer loop
     vertex  1.569154e+01  8.000000e+00  3.483567e+01
     vertex  1.698214e+01  8.000000e+00  2.083262e+01
     vertex  1.695821e+01  8.000000e+00  2.091138e+01
   endloop
 endfacet
 facet normal  0.000000e+00  1.000000e+00  0.000000e+00
   outer loop
     vertex  1.569545e+01  8.000000e+00  3.487939e+01
     vertex  1.698214e+01  8.000000e+00  2.083262e+01
     vertex  1.569154e+01  8.000000e+00  3.483567e+01
   endloop
 endfacet
 facet normal  0.000000e+00  1.000000e+00  0.000000e+00
   outer loop
     vertex  1.569545e+01  8.000000e+00  3.487939e+01
     vertex  1.700390e+01  8.000000e+00  2.075324e+01
     vertex  1.698214e+01  8.000000e+00  2.083262e+01
   endloop
 endfacet
 facet normal  0.000000e+00  1.000000e+00  0.000000e+00
   outer loop
     vertex  1.569816e+01  8.000000e+00  3.492320e+01
     vertex  1.700390e+01  8.000000e+00  2.075324e+01
     vertex  1.569545e+01  8.000000e+00  3.487939e+01
   endloop
 endfacet
 facet normal  0.000000e+00  1.000000e+00  0.000000e+00
   outer loop
     vertex  1.569816e+01  8.000000e+00  3.492320e+01
     vertex  2.820000e+01  8.000000e+00  0.000000e+00
     vertex  1.700390e+01  8.000000e+00  2.075324e+01
   endloop
 endfacet
 facet normal  0.000000e+00  1.000000e+00  0.000000e+00
   outer loop
     vertex  1.569966e+01  8.000000e+00  3.496708e+01
     vertex  2.820000e+01  8.000000e+00  0.000000e+00
     vertex  1.569816e+01  8.000000e+00  3.492320e+01
   endloop
 endfacet
 facet normal  0.000000e+00  1.000000e+00  0.000000e+00
   outer loop
     vertex  1.569996e+01  8.000000e+00  3.501097e+01
     vertex  2.820000e+01  8.000000e+00  0.000000e+00
     vertex  1.569966e+01  8.000000e+00  3.496708e+01
   endloop
 endfacet
 facet normal  0.000000e+00  1.000000e+00  0.000000e+00
   outer loop
     vertex  1.569906e+01  8.000000e+00  3.505486e+01
     vertex  2.820000e+01  8.000000e+00  0.000000e+00
     vertex  1.569996e+01  8.000000e+00  3.501097e+01
   endloop
 endfacet
 facet normal  0.000000e+00  1.000000e+00  0.000000e+00
   outer loop
     vertex  1.569695e+01  8.000000e+00  3.509871e+01
     vertex  2.820000e+01  8.000000e+00  0.000000e+00
     vertex  1.569906e+01  8.000000e+00  3.505486e+01
   endloop
 endfacet
 facet normal  0.000000e+00  1.000000e+00  0.000000e+00
   outer loop
     vertex  1.569364e+01  8.000000e+00  3.514249e+01
     vertex  2.820000e+01  8.000000e+00  0.000000e+00
     vertex  1.569695e+01  8.000000e+00  3.509871e+01
   endloop
 endfacet
 facet normal  0.000000e+00  1.000000e+00  0.000000e+00
   outer loop
     vertex  1.568913e+01  8.000000e+00  3.518615e+01
     vertex  2.820000e+01  8.000000e+00  0.000000e+00
     vertex  1.569364e+01  8.000000e+00  3.514249e+01
   endloop
 endfacet
 facet normal  0.000000e+00  1.000000e+00  0.000000e+00
   outer loop
     vertex  1.568343e+01  8.000000e+00  3.522968e+01
     vertex  2.820000e+01  8.000000e+00  0.000000e+00
     vertex  1.568913e+01  8.000000e+00  3.518615e+01
   endloop
 endfacet
 facet normal  0.000000e+00  1.000000e+00  0.000000e+00
   outer loop
     vertex  1.567653e+01  8.000000e+00  3.527303e+01
     vertex  2.820000e+01  8.000000e+00  0.000000e+00
     vertex  1.568343e+01  8.000000e+00  3.522968e+01
   endloop
 endfacet
 facet normal  0.000000e+00  1.000000e+00  0.000000e+00
   outer loop
     vertex  4.000000e+00  8.000000e+00  1.525000e+02
     vertex  1.256286e+01  8.000000e+00  3.544407e+01
     vertex  1.255125e+01  8.000000e+00  3.540173e+01
   endloop
 endfacet
 facet normal  0.000000e+00  1.000000e+00  0.000000e+00
   outer loop
     vertex  4.000000e+00  8.000000e+00  1.525000e+02
     vertex  1.257562e+01  8.000000e+00  3.548607e+01
     vertex  1.256286e+01  8.000000e+00  3.544407e+01
   endloop
 endfacet
 facet normal  0.000000e+00  1.000000e+00  0.000000e+00
   outer loop
     vertex  4.000000e+00  8.000000e+00  1.525000e+02
     vertex  1.258953e+01  8.000000e+00  3.552771e+01
     vertex  1.257562e+01  8.000000e+00  3.548607e+01
   endloop
 endfacet
 facet normal  0.000000e+00  1.000000e+00  0.000000e+00
   outer loop
     vertex  4.000000e+00  8.000000e+00  1.525000e+02
     vertex  1.260457e+01  8.000000e+00  3.556895e+01
     vertex  1.258953e+01  8.000000e+00  3.552771e+01
   endloop
 endfacet
 facet normal  0.000000e+00  1.000000e+00  0.000000e+00
   outer loop
     vertex  4.000000e+00  8.000000e+00  1.525000e+02
     vertex  1.262074e+01  8.000000e+00  3.560976e+01
     vertex  1.260457e+01  8.000000e+00  3.556895e+01
   endloop
 endfacet
 facet normal  0.000000e+00  1.000000e+00  0.000000e+00
   outer loop
     vertex  4.000000e+00  8.000000e+00  1.525000e+02
     vertex  1.263803e+01  8.000000e+00  3.565011e+01
     vertex  1.262074e+01  8.000000e+00  3.560976e+01
   endloop
 endfacet
 facet normal  0.000000e+00  1.000000e+00  0.000000e+00
   outer loop
     vertex  4.000000e+00  8.000000e+00  1.525000e+02
     vertex  1.265642e+01  8.000000e+00  3.568997e+01
     vertex  1.263803e+01  8.000000e+00  3.565011e+01
   endloop
 endfacet
 facet normal  0.000000e+00  1.000000e+00  0.000000e+00
   outer loop
     vertex  4.000000e+00  8.000000e+00  1.525000e+02
     vertex  1.267589e+01  8.000000e+00  3.572932e+01
     vertex  1.265642e+01  8.000000e+00  3.568997e+01
   endloop
 endfacet
 facet normal  0.000000e+00  1.000000e+00  0.000000e+00
   outer loop
     vertex  4.000000e+00  8.000000e+00  1.525000e+02
     vertex  1.269643e+01  8.000000e+00  3.576811e+01
     vertex  1.267589e+01  8.000000e+00  3.572932e+01
   endloop
 endfacet
 facet normal  0.000000e+00  1.000000e+00  0.000000e+00
   outer loop
     vertex  4.000000e+00  8.000000e+00  1.525000e+02
     vertex  1.255125e+01  8.000000e+00  3.540173e+01
     vertex  0.000000e+00  8.000000e+00  0.000000e+00
   endloop
 endfacet
 facet normal  0.000000e+00  1.000000e+00  0.000000e+00
   outer loop
     vertex  4.000000e+00  8.000000e+00  1.525000e+02
     vertex  1.271803e+01  8.000000e+00  3.580633e+01
     vertex  1.269643e+01  8.000000e+00  3.576811e+01
   endloop
 endfacet
 facet normal  0.000000e+00  1.000000e+00  0.000000e+00
   outer loop
     vertex  4.000000e+00  8.000000e+00  1.525000e+02
     vertex  1.274067e+01  8.000000e+00  3.584394e+01
     vertex  1.271803e+01  8.000000e+00  3.580633e+01
   endloop
 endfacet
 facet normal  0.000000e+00  1.000000e+00  0.000000e+00
   outer loop
     vertex  4.000000e+00  8.000000e+00  1.525000e+02
     vertex  1.276434e+01  8.000000e+00  3.588091e+01
     vertex  1.274067e+01  8.000000e+00  3.584394e+01
   endloop
 endfacet
 facet normal  0.000000e+00  1.000000e+00  0.000000e+00
   outer loop
     vertex  4.000000e+00  8.000000e+00  1.525000e+02
     vertex  1.278901e+01  8.000000e+00  3.591722e+01
     vertex  1.276434e+01  8.000000e+00  3.588091e+01
   endloop
 endfacet
 facet normal  0.000000e+00  1.000000e+00  0.000000e+00
   outer loop
     vertex  4.000000e+00  8.000000e+00  1.525000e+02
     vertex  1.281466e+01  8.000000e+00  3.595284e+01
     vertex  1.278901e+01  8.000000e+00  3.591722e+01
   endloop
 endfacet
 facet normal  0.000000e+00  1.000000e+00  0.000000e+00
   outer loop
     vertex  4.000000e+00  8.000000e+00  1.525000e+02
     vertex  1.284129e+01  8.000000e+00  3.598775e+01
     vertex  1.281466e+01  8.000000e+00  3.595284e+01
   endloop
 endfacet
 facet normal  0.000000e+00  1.000000e+00  0.000000e+00
   outer loop
     vertex  4.000000e+00  8.000000e+00  1.525000e+02
     vertex  1.286886e+01  8.000000e+00  3.602191e+01
     vertex  1.284129e+01  8.000000e+00  3.598775e+01
   endloop
 endfacet
 facet normal  0.000000e+00  1.000000e+00  0.000000e+00
   outer loop
     vertex  4.000000e+00  8.000000e+00  1.525000e+02
     vertex  1.289736e+01  8.000000e+00  3.605530e+01
     vertex  1.286886e+01  8.000000e+00  3.602191e+01
   endloop
 endfacet
 facet normal  0.000000e+00  1.000000e+00  0.000000e+00
   outer loop
     vertex  4.000000e+00  8.000000e+00  1.525000e+02
     vertex  1.292676e+01  8.000000e+00  3.608789e+01
     vertex  1.289736e+01  8.000000e+00  3.605530e+01
   endloop
 endfacet
 facet normal  0.000000e+00  1.000000e+00  0.000000e+00
   outer loop
     vertex  4.000000e+00  8.000000e+00  1.525000e+02
     vertex  1.295705e+01  8.000000e+00  3.611967e+01
     vertex  1.292676e+01  8.000000e+00  3.608789e+01
   endloop
 endfacet
 facet normal  0.000000e+00  1.000000e+00  0.000000e+00
   outer loop
     vertex  4.000000e+00  8.000000e+00  1.525000e+02
     vertex  1.298820e+01  8.000000e+00  3.615060e+01
     vertex  1.295705e+01  8.000000e+00  3.611967e+01
   endloop
 endfacet
 facet normal  0.000000e+00  1.000000e+00  0.000000e+00
   outer loop
     vertex  4.000000e+00  8.000000e+00  1.525000e+02
     vertex  1.302018e+01  8.000000e+00  3.618067e+01
     vertex  1.298820e+01  8.000000e+00  3.615060e+01
   endloop
 endfacet
 facet normal  0.000000e+00  1.000000e+00  0.000000e+00
   outer loop
     vertex  4.000000e+00  8.000000e+00  1.525000e+02
     vertex  1.305298e+01  8.000000e+00  3.620985e+01
     vertex  1.302018e+01  8.000000e+00  3.618067e+01
   endloop
 endfacet
 facet normal  0.000000e+00  1.000000e+00  0.000000e+00
   outer loop
     vertex  4.000000e+00  8.000000e+00  1.525000e+02
     vertex  1.308656e+01  8.000000e+00  3.623812e+01
     vertex  1.305298e+01  8.000000e+00  3.620985e+01
   endloop
 endfacet
 facet normal  0.000000e+00  1.000000e+00  0.000000e+00
   outer loop
     vertex  4.000000e+00  8.000000e+00  1.525000e+02
     vertex  1.312091e+01  8.000000e+00  3.626546e+01
     vertex  1.308656e+01  8.000000e+00  3.623812e+01
   endloop
 endfacet
 facet normal  0.000000e+00  1.000000e+00  0.000000e+00
   outer loop
     vertex  4.000000e+00  8.000000e+00  1.525000e+02
     vertex  1.315600e+01  8.000000e+00  3.629184e+01
     vertex  1.312091e+01  8.000000e+00  3.626546e+01
   endloop
 endfacet
 facet normal  0.000000e+00  1.000000e+00  0.000000e+00
   outer loop
     vertex  4.000000e+00  8.000000e+00  1.525000e+02
     vertex  1.319179e+01  8.000000e+00  3.631725e+01
     vertex  1.315600e+01  8.000000e+00  3.629184e+01
   endloop
 endfacet
 facet normal  0.000000e+00  1.000000e+00  0.000000e+00
   outer loop
     vertex  4.000000e+00  8.000000e+00  1.525000e+02
     vertex  1.322827e+01  8.000000e+00  3.634167e+01
     vertex  1.319179e+01  8.000000e+00  3.631725e+01
   endloop
 endfacet
 facet normal  0.000000e+00  1.000000e+00  0.000000e+00
   outer loop
     vertex  4.000000e+00  8.000000e+00  1.525000e+02
     vertex  1.326541e+01  8.000000e+00  3.636508e+01
     vertex  1.322827e+01  8.000000e+00  3.634167e+01
   endloop
 endfacet
 facet normal  0.000000e+00  1.000000e+00  0.000000e+00
   outer loop
     vertex  4.000000e+00  8.000000e+00  1.525000e+02
     vertex  1.330317e+01  8.000000e+00  3.638747e+01
     vertex  1.326541e+01  8.000000e+00  3.636508e+01
   endloop
 endfacet
 facet normal  0.000000e+00  1.000000e+00  0.000000e+00
   outer loop
     vertex  4.000000e+00  8.000000e+00  1.525000e+02
     vertex  1.334153e+01  8.000000e+00  3.640880e+01
     vertex  1.330317e+01  8.000000e+00  3.638747e+01
   endloop
 endfacet
 facet normal  0.000000e+00  1.000000e+00  0.000000e+00
   outer loop
     vertex  4.000000e+00  8.000000e+00  1.525000e+02
     vertex  1.338047e+01  8.000000e+00  3.642908e+01
     vertex  1.334153e+01  8.000000e+00  3.640880e+01
   endloop
 endfacet
 facet normal  0.000000e+00  1.000000e+00  0.000000e+00
   outer loop
     vertex  4.000000e+00  8.000000e+00  1.525000e+02
     vertex  1.341995e+01  8.000000e+00  3.644828e+01
     vertex  1.338047e+01  8.000000e+00  3.642908e+01
   endloop
 endfacet
 facet normal  0.000000e+00  1.000000e+00  0.000000e+00
   outer loop
     vertex  4.000000e+00  8.000000e+00  1.525000e+02
     vertex  1.345993e+01  8.000000e+00  3.646640e+01
     vertex  1.341995e+01  8.000000e+00  3.644828e+01
   endloop
 endfacet
 facet normal  0.000000e+00  1.000000e+00  0.000000e+00
   outer loop
     vertex  4.000000e+00  8.000000e+00  1.525000e+02
     vertex  1.350040e+01  8.000000e+00  3.648340e+01
     vertex  1.345993e+01  8.000000e+00  3.646640e+01
   endloop
 endfacet
 facet normal  0.000000e+00  1.000000e+00  0.000000e+00
   outer loop
     vertex  4.000000e+00  8.000000e+00  1.525000e+02
     vertex  1.354132e+01  8.000000e+00  3.649929e+01
     vertex  1.350040e+01  8.000000e+00  3.648340e+01
   endloop
 endfacet
 facet normal  0.000000e+00  1.000000e+00  0.000000e+00
   outer loop
     vertex  4.000000e+00  8.000000e+00  1.525000e+02
     vertex  1.358267e+01  8.000000e+00  3.651406e+01
     vertex  1.354132e+01  8.000000e+00  3.649929e+01
   endloop
 endfacet
 facet normal  0.000000e+00  1.000000e+00  0.000000e+00
   outer loop
     vertex  4.000000e+00  8.000000e+00  1.525000e+02
     vertex  1.362440e+01  8.000000e+00  3.652768e+01
     vertex  1.358267e+01  8.000000e+00  3.651406e+01
   endloop
 endfacet
 facet normal  0.000000e+00  1.000000e+00  0.000000e+00
   outer loop
     vertex  4.000000e+00  8.000000e+00  1.525000e+02
     vertex  1.366649e+01  8.000000e+00  3.654015e+01
     vertex  1.362440e+01  8.000000e+00  3.652768e+01
   endloop
 endfacet
 facet normal  0.000000e+00  1.000000e+00  0.000000e+00
   outer loop
     vertex  4.000000e+00  8.000000e+00  1.525000e+02
     vertex  1.370890e+01  8.000000e+00  3.655146e+01
     vertex  1.366649e+01  8.000000e+00  3.654015e+01
   endloop
 endfacet
 facet normal  0.000000e+00  1.000000e+00  0.000000e+00
   outer loop
     vertex  4.000000e+00  8.000000e+00  1.525000e+02
     vertex  1.375161e+01  8.000000e+00  3.656161e+01
     vertex  1.370890e+01  8.000000e+00  3.655146e+01
   endloop
 endfacet
 facet normal  0.000000e+00  1.000000e+00  0.000000e+00
   outer loop
     vertex  4.000000e+00  8.000000e+00  1.525000e+02
     vertex  1.379459e+01  8.000000e+00  3.657058e+01
     vertex  1.375161e+01  8.000000e+00  3.656161e+01
   endloop
 endfacet
 facet normal  0.000000e+00  1.000000e+00  0.000000e+00
   outer loop
     vertex  4.000000e+00  8.000000e+00  1.525000e+02
     vertex  1.383779e+01  8.000000e+00  3.657837e+01
     vertex  1.379459e+01  8.000000e+00  3.657058e+01
   endloop
 endfacet
 facet normal  0.000000e+00  1.000000e+00  0.000000e+00
   outer loop
     vertex  4.000000e+00  8.000000e+00  1.525000e+02
     vertex  1.388119e+01  8.000000e+00  3.658497e+01
     vertex  1.383779e+01  8.000000e+00  3.657837e+01
   endloop
 endfacet
 facet normal  0.000000e+00  1.000000e+00  0.000000e+00
   outer loop
     vertex  4.000000e+00  8.000000e+00  1.525000e+02
     vertex  1.392475e+01  8.000000e+00  3.659037e+01
     vertex  1.388119e+01  8.000000e+00  3.658497e+01
   endloop
 endfacet
 facet normal  0.000000e+00  1.000000e+00  0.000000e+00
   outer loop
     vertex  4.000000e+00  8.000000e+00  1.525000e+02
     vertex  1.396845e+01  8.000000e+00  3.659458e+01
     vertex  1.392475e+01  8.000000e+00  3.659037e+01
   endloop
 endfacet
 facet normal  0.000000e+00  1.000000e+00  0.000000e+00
   outer loop
     vertex  4.000000e+00  8.000000e+00  1.525000e+02
     vertex  1.401224e+01  8.000000e+00  3.659759e+01
     vertex  1.396845e+01  8.000000e+00  3.659458e+01
   endloop
 endfacet
 facet normal  0.000000e+00  1.000000e+00  0.000000e+00
   outer loop
     vertex  4.000000e+00  8.000000e+00  1.525000e+02
     vertex  1.405611e+01  8.000000e+00  3.659940e+01
     vertex  1.401224e+01  8.000000e+00  3.659759e+01
   endloop
 endfacet
 facet normal  0.000000e+00  1.000000e+00  0.000000e+00
   outer loop
     vertex  4.000000e+00  8.000000e+00  1.525000e+02
     vertex  1.410000e+01  8.000000e+00  3.660000e+01
     vertex  1.405611e+01  8.000000e+00  3.659940e+01
   endloop
 endfacet
 facet normal  0.000000e+00  1.000000e+00  0.000000e+00
   outer loop
     vertex  2.420000e+01  8.000000e+00  1.525000e+02
     vertex  1.550357e+01  8.000000e+00  3.576811e+01
     vertex  1.548197e+01  8.000000e+00  3.580633e+01
   endloop
 endfacet
 facet normal  0.000000e+00  1.000000e+00  0.000000e+00
   outer loop
     vertex  2.420000e+01  8.000000e+00  1.525000e+02
     vertex  1.414389e+01  8.000000e+00  3.659940e+01
     vertex  1.410000e+01  8.000000e+00  3.660000e+01
   endloop
 endfacet
 facet normal  0.000000e+00  1.000000e+00  0.000000e+00
   outer loop
     vertex  2.420000e+01  8.000000e+00  1.525000e+02
     vertex  1.418776e+01  8.000000e+00  3.659759e+01
     vertex  1.414389e+01  8.000000e+00  3.659940e+01
   endloop
 endfacet
 facet normal  0.000000e+00  1.000000e+00  0.000000e+00
   outer loop
     vertex  2.420000e+01  8.000000e+00  1.525000e+02
     vertex  1.423155e+01  8.000000e+00  3.659458e+01
     vertex  1.418776e+01  8.000000e+00  3.659759e+01
   endloop
 endfacet
 facet normal  0.000000e+00  1.000000e+00  0.000000e+00
   outer loop
     vertex  2.420000e+01  8.000000e+00  1.525000e+02
     vertex  1.427525e+01  8.000000e+00  3.659037e+01
     vertex  1.423155e+01  8.000000e+00  3.659458e+01
   endloop
 endfacet
 facet normal  0.000000e+00  1.000000e+00  0.000000e+00
   outer loop
     vertex  2.420000e+01  8.000000e+00  1.525000e+02
     vertex  1.431881e+01  8.000000e+00  3.658497e+01
     vertex  1.427525e+01  8.000000e+00  3.659037e+01
   endloop
 endfacet
 facet normal  0.000000e+00  1.000000e+00  0.000000e+00
   outer loop
     vertex  2.420000e+01  8.000000e+00  1.525000e+02
     vertex  1.436221e+01  8.000000e+00  3.657837e+01
     vertex  1.431881e+01  8.000000e+00  3.658497e+01
   endloop
 endfacet
 facet normal  0.000000e+00  1.000000e+00  0.000000e+00
   outer loop
     vertex  2.420000e+01  8.000000e+00  1.525000e+02
     vertex  1.440541e+01  8.000000e+00  3.657058e+01
     vertex  1.436221e+01  8.000000e+00  3.657837e+01
   endloop
 endfacet
 facet normal  0.000000e+00  1.000000e+00  0.000000e+00
   outer loop
     vertex  2.420000e+01  8.000000e+00  1.525000e+02
     vertex  1.444839e+01  8.000000e+00  3.656161e+01
     vertex  1.440541e+01  8.000000e+00  3.657058e+01
   endloop
 endfacet
 facet normal  0.000000e+00  1.000000e+00  0.000000e+00
   outer loop
     vertex  2.420000e+01  8.000000e+00  1.525000e+02
     vertex  1.449110e+01  8.000000e+00  3.655146e+01
     vertex  1.444839e+01  8.000000e+00  3.656161e+01
   endloop
 endfacet
 facet normal  0.000000e+00  1.000000e+00  0.000000e+00
   outer loop
     vertex  2.420000e+01  8.000000e+00  1.525000e+02
     vertex  1.410000e+01  8.000000e+00  3.660000e+01
     vertex  4.000000e+00  8.000000e+00  1.525000e+02
   endloop
 endfacet
 facet normal  0.000000e+00  1.000000e+00  0.000000e+00
   outer loop
     vertex  2.420000e+01  8.000000e+00  1.525000e+02
     vertex  1.453351e+01  8.000000e+00  3.654015e+01
     vertex  1.449110e+01  8.000000e+00  3.655146e+01
   endloop
 endfacet
 facet normal  0.000000e+00  1.000000e+00  0.000000e+00
   outer loop
     vertex  2.420000e+01  8.000000e+00  1.525000e+02
     vertex  1.457560e+01  8.000000e+00  3.652768e+01
     vertex  1.453351e+01  8.000000e+00  3.654015e+01
   endloop
 endfacet
 facet normal  0.000000e+00  1.000000e+00  0.000000e+00
   outer loop
     vertex  2.420000e+01  8.000000e+00  1.525000e+02
     vertex  1.461733e+01  8.000000e+00  3.651406e+01
     vertex  1.457560e+01  8.000000e+00  3.652768e+01
   endloop
 endfacet
 facet normal  0.000000e+00  1.000000e+00  0.000000e+00
   outer loop
     vertex  2.420000e+01  8.000000e+00  1.525000e+02
     vertex  1.465868e+01  8.000000e+00  3.649929e+01
     vertex  1.461733e+01  8.000000e+00  3.651406e+01
   endloop
 endfacet
 facet normal  0.000000e+00  1.000000e+00  0.000000e+00
   outer loop
     vertex  2.420000e+01  8.000000e+00  1.525000e+02
     vertex  1.469960e+01  8.000000e+00  3.648340e+01
     vertex  1.465868e+01  8.000000e+00  3.649929e+01
   endloop
 endfacet
 facet normal  0.000000e+00  1.000000e+00  0.000000e+00
   outer loop
     vertex  2.420000e+01  8.000000e+00  1.525000e+02
     vertex  1.474007e+01  8.000000e+00  3.646640e+01
     vertex  1.469960e+01  8.000000e+00  3.648340e+01
   endloop
 endfacet
 facet normal  0.000000e+00  1.000000e+00  0.000000e+00
   outer loop
     vertex  2.420000e+01  8.000000e+00  1.525000e+02
     vertex  1.478005e+01  8.000000e+00  3.644828e+01
     vertex  1.474007e+01  8.000000e+00  3.646640e+01
   endloop
 endfacet
 facet normal  0.000000e+00  1.000000e+00  0.000000e+00
   outer loop
     vertex  2.420000e+01  8.000000e+00  1.525000e+02
     vertex  1.481953e+01  8.000000e+00  3.642908e+01
     vertex  1.478005e+01  8.000000e+00  3.644828e+01
   endloop
 endfacet
 facet normal  0.000000e+00  1.000000e+00  0.000000e+00
   outer loop
     vertex  2.420000e+01  8.000000e+00  1.525000e+02
     vertex  1.485847e+01  8.000000e+00  3.640880e+01
     vertex  1.481953e+01  8.000000e+00  3.642908e+01
   endloop
 endfacet
 facet normal  0.000000e+00  1.000000e+00  0.000000e+00
   outer loop
     vertex  2.420000e+01  8.000000e+00  1.525000e+02
     vertex  1.489683e+01  8.000000e+00  3.638747e+01
     vertex  1.485847e+01  8.000000e+00  3.640880e+01
   endloop
 endfacet
 facet normal  0.000000e+00  1.000000e+00  0.000000e+00
   outer loop
     vertex  2.420000e+01  8.000000e+00  1.525000e+02
     vertex  1.493459e+01  8.000000e+00  3.636508e+01
     vertex  1.489683e+01  8.000000e+00  3.638747e+01
   endloop
 endfacet
 facet normal  0.000000e+00  1.000000e+00  0.000000e+00
   outer loop
     vertex  2.420000e+01  8.000000e+00  1.525000e+02
     vertex  1.497173e+01  8.000000e+00  3.634167e+01
     vertex  1.493459e+01  8.000000e+00  3.636508e+01
   endloop
 endfacet
 facet normal  0.000000e+00  1.000000e+00  0.000000e+00
   outer loop
     vertex  2.420000e+01  8.000000e+00  1.525000e+02
     vertex  1.500821e+01  8.000000e+00  3.631725e+01
     vertex  1.497173e+01  8.000000e+00  3.634167e+01
   endloop
 endfacet
 facet normal  0.000000e+00  1.000000e+00  0.000000e+00
   outer loop
     vertex  2.420000e+01  8.000000e+00  1.525000e+02
     vertex  1.504400e+01  8.000000e+00  3.629184e+01
     vertex  1.500821e+01  8.000000e+00  3.631725e+01
   endloop
 endfacet
 facet normal  0.000000e+00  1.000000e+00  0.000000e+00
   outer loop
     vertex  2.420000e+01  8.000000e+00  1.525000e+02
     vertex  1.507909e+01  8.000000e+00  3.626546e+01
     vertex  1.504400e+01  8.000000e+00  3.629184e+01
   endloop
 endfacet
 facet normal  0.000000e+00  1.000000e+00  0.000000e+00
   outer loop
     vertex  2.420000e+01  8.000000e+00  1.525000e+02
     vertex  1.511344e+01  8.000000e+00  3.623812e+01
     vertex  1.507909e+01  8.000000e+00  3.626546e+01
   endloop
 endfacet
 facet normal  0.000000e+00  1.000000e+00  0.000000e+00
   outer loop
     vertex  2.420000e+01  8.000000e+00  1.525000e+02
     vertex  1.514702e+01  8.000000e+00  3.620985e+01
     vertex  1.511344e+01  8.000000e+00  3.623812e+01
   endloop
 endfacet
 facet normal  0.000000e+00  1.000000e+00  0.000000e+00
   outer loop
     vertex  2.420000e+01  8.000000e+00  1.525000e+02
     vertex  1.517982e+01  8.000000e+00  3.618067e+01
     vertex  1.514702e+01  8.000000e+00  3.620985e+01
   endloop
 endfacet
 facet normal  0.000000e+00  1.000000e+00  0.000000e+00
   outer loop
     vertex  2.420000e+01  8.000000e+00  1.525000e+02
     vertex  1.521180e+01  8.000000e+00  3.615060e+01
     vertex  1.517982e+01  8.000000e+00  3.618067e+01
   endloop
 endfacet
 facet normal  0.000000e+00  1.000000e+00  0.000000e+00
   outer loop
     vertex  2.420000e+01  8.000000e+00  1.525000e+02
     vertex  1.524295e+01  8.000000e+00  3.611967e+01
     vertex  1.521180e+01  8.000000e+00  3.615060e+01
   endloop
 endfacet
 facet normal  0.000000e+00  1.000000e+00  0.000000e+00
   outer loop
     vertex  2.420000e+01  8.000000e+00  1.525000e+02
     vertex  1.527324e+01  8.000000e+00  3.608789e+01
     vertex  1.524295e+01  8.000000e+00  3.611967e+01
   endloop
 endfacet
 facet normal  0.000000e+00  1.000000e+00  0.000000e+00
   outer loop
     vertex  2.420000e+01  8.000000e+00  1.525000e+02
     vertex  1.530264e+01  8.000000e+00  3.605530e+01
     vertex  1.527324e+01  8.000000e+00  3.608789e+01
   endloop
 endfacet
 facet normal  0.000000e+00  1.000000e+00  0.000000e+00
   outer loop
     vertex  2.420000e+01  8.000000e+00  1.525000e+02
     vertex  1.533114e+01  8.000000e+00  3.602191e+01
     vertex  1.530264e+01  8.000000e+00  3.605530e+01
   endloop
 endfacet
 facet normal  0.000000e+00  1.000000e+00  0.000000e+00
   outer loop
     vertex  2.420000e+01  8.000000e+00  1.525000e+02
     vertex  1.535871e+01  8.000000e+00  3.598775e+01
     vertex  1.533114e+01  8.000000e+00  3.602191e+01
   endloop
 endfacet
 facet normal  0.000000e+00  1.000000e+00  0.000000e+00
   outer loop
     vertex  2.420000e+01  8.000000e+00  1.525000e+02
     vertex  1.538534e+01  8.000000e+00  3.595284e+01
     vertex  1.535871e+01  8.000000e+00  3.598775e+01
   endloop
 endfacet
 facet normal  0.000000e+00  1.000000e+00  0.000000e+00
   outer loop
     vertex  2.420000e+01  8.000000e+00  1.525000e+02
     vertex  1.541099e+01  8.000000e+00  3.591722e+01
     vertex  1.538534e+01  8.000000e+00  3.595284e+01
   endloop
 endfacet
 facet normal  0.000000e+00  1.000000e+00  0.000000e+00
   outer loop
     vertex  2.420000e+01  8.000000e+00  1.525000e+02
     vertex  1.543566e+01  8.000000e+00  3.588091e+01
     vertex  1.541099e+01  8.000000e+00  3.591722e+01
   endloop
 endfacet
 facet normal  0.000000e+00  1.000000e+00  0.000000e+00
   outer loop
     vertex  2.420000e+01  8.000000e+00  1.525000e+02
     vertex  1.545933e+01  8.000000e+00  3.584394e+01
     vertex  1.543566e+01  8.000000e+00  3.588091e+01
   endloop
 endfacet
 facet normal  0.000000e+00  1.000000e+00  0.000000e+00
   outer loop
     vertex  2.420000e+01  8.000000e+00  1.525000e+02
     vertex  1.548197e+01  8.000000e+00  3.580633e+01
     vertex  1.545933e+01  8.000000e+00  3.584394e+01
   endloop
 endfacet
 facet normal  0.000000e+00  1.000000e+00  0.000000e+00
   outer loop
     vertex  0.000000e+00  8.000000e+00  1.905000e+02
     vertex  4.000000e+00  8.000000e+00  1.525000e+02
     vertex  0.000000e+00  8.000000e+00  0.000000e+00
   endloop
 endfacet
 facet normal  0.000000e+00  1.000000e+00  0.000000e+00
   outer loop
     vertex  4.000000e+00  8.000000e+00  1.905000e+02
     vertex  4.000000e+00  8.000000e+00  1.525000e+02
     vertex  0.000000e+00  8.000000e+00  1.905000e+02
   endloop
 endfacet
 facet normal  0.000000e+00  1.000000e+00  0.000000e+00
   outer loop
     vertex  2.820000e+01  8.000000e+00  1.905000e+02
     vertex  2.420000e+01  8.000000e+00  1.525000e+02
     vertex  2.420000e+01  8.000000e+00  1.905000e+02
   endloop
 endfacet
 facet normal  0.000000e+00  1.000000e+00  0.000000e+00
   outer loop
     vertex  2.820000e+01  8.000000e+00  1.905000e+02
     vertex  2.820000e+01  8.000000e+00  0.000000e+00
     vertex  2.420000e+01  8.000000e+00  1.525000e+02
   endloop
 endfacet
 facet normal  0.000000e+00  1.000000e+00  0.000000e+00
   outer loop
     vertex  2.420000e+01  8.000000e+00  1.525000e+02
     vertex  2.820000e+01  8.000000e+00  0.000000e+00
     vertex  1.567653e+01  8.000000e+00  3.527303e+01
   endloop
 endfacet
 facet normal  0.000000e+00  1.000000e+00  0.000000e+00
   outer loop
     vertex  2.420000e+01  8.000000e+00  1.525000e+02
     vertex  1.567653e+01  8.000000e+00  3.527303e+01
     vertex  1.566845e+01  8.000000e+00  3.531618e+01
   endloop
 endfacet
 facet normal  0.000000e+00  1.000000e+00  0.000000e+00
   outer loop
     vertex  2.420000e+01  8.000000e+00  1.525000e+02
     vertex  1.566845e+01  8.000000e+00  3.531618e+01
     vertex  1.565918e+01  8.000000e+00  3.535909e+01
   endloop
 endfacet
 facet normal  0.000000e+00  1.000000e+00  0.000000e+00
   outer loop
     vertex  2.420000e+01  8.000000e+00  1.525000e+02
     vertex  1.565918e+01  8.000000e+00  3.535909e+01
     vertex  1.564875e+01  8.000000e+00  3.540173e+01
   endloop
 endfacet
 facet normal  0.000000e+00  1.000000e+00  0.000000e+00
   outer loop
     vertex  2.420000e+01  8.000000e+00  1.525000e+02
     vertex  1.564875e+01  8.000000e+00  3.540173e+01
     vertex  1.563714e+01  8.000000e+00  3.544407e+01
   endloop
 endfacet
 facet normal  0.000000e+00  1.000000e+00  0.000000e+00
   outer loop
     vertex  2.420000e+01  8.000000e+00  1.525000e+02
     vertex  1.563714e+01  8.000000e+00  3.544407e+01
     vertex  1.562438e+01  8.000000e+00  3.548607e+01
   endloop
 endfacet
 facet normal  0.000000e+00  1.000000e+00  0.000000e+00
   outer loop
     vertex  2.420000e+01  8.000000e+00  1.525000e+02
     vertex  1.562438e+01  8.000000e+00  3.548607e+01
     vertex  1.561047e+01  8.000000e+00  3.552771e+01
   endloop
 endfacet
 facet normal  0.000000e+00  1.000000e+00  0.000000e+00
   outer loop
     vertex  2.420000e+01  8.000000e+00  1.525000e+02
     vertex  1.561047e+01  8.000000e+00  3.552771e+01
     vertex  1.559543e+01  8.000000e+00  3.556895e+01
   endloop
 endfacet
 facet normal  0.000000e+00  1.000000e+00  0.000000e+00
   outer loop
     vertex  2.420000e+01  8.000000e+00  1.525000e+02
     vertex  1.559543e+01  8.000000e+00  3.556895e+01
     vertex  1.557926e+01  8.000000e+00  3.560976e+01
   endloop
 endfacet
 facet normal  0.000000e+00  1.000000e+00  0.000000e+00
   outer loop
     vertex  2.420000e+01  8.000000e+00  1.525000e+02
     vertex  1.557926e+01  8.000000e+00  3.560976e+01
     vertex  1.556197e+01  8.000000e+00  3.565011e+01
   endloop
 endfacet
 facet normal  0.000000e+00  1.000000e+00  0.000000e+00
   outer loop
     vertex  2.420000e+01  8.000000e+00  1.525000e+02
     vertex  1.556197e+01  8.000000e+00  3.565011e+01
     vertex  1.554358e+01  8.000000e+00  3.568997e+01
   endloop
 endfacet
 facet normal  0.000000e+00  1.000000e+00  0.000000e+00
   outer loop
     vertex  2.420000e+01  8.000000e+00  1.525000e+02
     vertex  1.554358e+01  8.000000e+00  3.568997e+01
     vertex  1.552411e+01  8.000000e+00  3.572932e+01
   endloop
 endfacet
 facet normal  0.000000e+00  1.000000e+00  0.000000e+00
   outer loop
     vertex  2.420000e+01  8.000000e+00  1.525000e+02
     vertex  1.552411e+01  8.000000e+00  3.572932e+01
     vertex  1.550357e+01  8.000000e+00  3.576811e+01
   endloop
 endfacet
 facet normal -0.000000e+00  0.000000e+00 -1.000000e+00
   outer loop
     vertex  2.820000e+01  8.000000e+00  0.000000e+00
     vertex  0.000000e+00  0.000000e+00  0.000000e+00
     vertex  0.000000e+00  8.000000e+00  0.000000e+00
   endloop
 endfacet
 facet normal  0.000000e+00 -0.000000e+00 -1.000000e+00
   outer loop
     vertex  2.820000e+01  8.000000e+00  0.000000e+00
     vertex  2.820000e+01  0.000000e+00  0.000000e+00
     vertex  0.000000e+00  0.000000e+00  0.000000e+00
   endloop
 endfacet
 facet normal  1.000000e+00  0.000000e+00  0.000000e+00
   outer loop
     vertex  2.820000e+01  0.000000e+00  1.905000e+02
     vertex  2.820000e+01  0.000000e+00  0.000000e+00
     vertex  2.820000e+01  8.000000e+00  0.000000e+00
   endloop
 endfacet
 facet normal  1.000000e+00 -0.000000e+00  0.000000e+00
   outer loop
     vertex  2.820000e+01  0.000000e+00  1.905000e+02
     vertex  2.820000e+01  8.000000e+00  0.000000e+00
     vertex  2.820000e+01  8.000000e+00  1.905000e+02
   endloop
 endfacet
 facet normal  0.000000e+00  0.000000e+00  1.000000e+00
   outer loop
     vertex  2.820000e+01  8.000000e+00  1.905000e+02
     vertex  2.420000e+01  8.000000e+00  1.905000e+02
     vertex  2.420000e+01  0.000000e+00  1.905000e+02
   endloop
 endfacet
 facet normal  0.000000e+00  0.000000e+00  1.000000e+00
   outer loop
     vertex  2.820000e+01  8.000000e+00  1.905000e+02
     vertex  2.420000e+01  0.000000e+00  1.905000e+02
     vertex  2.820000e+01  0.000000e+00  1.905000e+02
   endloop
 endfacet
 facet normal -1.000000e+00  0.000000e+00  0.000000e+00
   outer loop
     vertex  2.420000e+01  0.000000e+00  1.905000e+02
     vertex  2.420000e+01  8.000000e+00  1.525000e+02
     vertex  2.420000e+01  0.000000e+00  1.525000e+02
   endloop
 endfacet
 facet normal -1.000000e+00  0.000000e+00  0.000000e+00
   outer loop
     vertex  2.420000e+01  0.000000e+00  1.905000e+02
     vertex  2.420000e+01  8.000000e+00  1.905000e+02
     vertex  2.420000e+01  8.000000e+00  1.525000e+02
   endloop
 endfacet
 facet normal  0.000000e+00  0.000000e+00  1.000000e+00
   outer loop
     vertex  2.420000e+01  8.000000e+00  1.525000e+02
     vertex  4.000000e+00  8.000000e+00  1.525000e+02
     vertex  4.000000e+00  0.000000e+00  1.525000e+02
   endloop
 endfacet
 facet normal  0.000000e+00  0.000000e+00  1.000000e+00
   outer loop
     vertex  2.420000e+01  8.000000e+00  1.525000e+02
     vertex  4.000000e+00  0.000000e+00  1.525000e+02
     vertex  2.420000e+01  0.000000e+00  1.525000e+02
   endloop
 endfacet
 facet normal  1.000000e+00  0.000000e+00  0.000000e+00
   outer loop
     vertex  4.000000e+00  0.000000e+00  1.905000e+02
     vertex  4.000000e+00  0.000000e+00  1.525000e+02
     vertex  4.000000e+00  8.000000e+00  1.525000e+02
   endloop
 endfacet
 facet normal  1.000000e+00 -0.000000e+00  0.000000e+00
   outer loop
     vertex  4.000000e+00  0.000000e+00  1.905000e+02
     vertex  4.000000e+00  8.000000e+00  1.525000e+02
     vertex  4.000000e+00  8.000000e+00  1.905000e+02
   endloop
 endfacet
 facet normal -1.371831e-02  0.000000e+00 -9.999059e-01
   outer loop
     vertex  1.414389e+01  8.000000e+00  6.599398e+00
     vertex  1.410000e+01  0.000000e+00  6.600000e+00
     vertex  1.410000e+01  8.000000e+00  6.600000e+00
   endloop
 endfacet
 facet normal -1.371831e-02 -0.000000e+00 -9.999059e-01
   outer loop
     vertex  1.414389e+01  8.000000e+00  6.599398e+00
     vertex  1.414389e+01  0.000000e+00  6.599398e+00
     vertex  1.410000e+01  0.000000e+00  6.600000e+00
   endloop
 endfacet
 facet normal -4.114462e-02 -0.000000e+00 -9.991532e-01
   outer loop
     vertex  1.418776e+01  8.000000e+00  6.597592e+00
     vertex  1.418776e+01  0.000000e+00  6.597592e+00
     vertex  1.414389e+01  0.000000e+00  6.599398e+00
   endloop
 endfacet
 facet normal -4.114462e-02  0.000000e+00 -9.991532e-01
   outer loop
     vertex  1.418776e+01  8.000000e+00  6.597592e+00
     vertex  1.414389e+01  0.000000e+00  6.599398e+00
     vertex  1.414389e+01  8.000000e+00  6.599398e+00
   endloop
 endfacet
 facet normal -6.853995e-02 -0.000000e+00 -9.976484e-01
   outer loop
     vertex  1.423155e+01  8.000000e+00  6.594583e+00
     vertex  1.423155e+01  0.000000e+00  6.594583e+00
     vertex  1.418776e+01  0.000000e+00  6.597592e+00
   endloop
 endfacet
 facet normal -6.853995e-02  0.000000e+00 -9.976484e-01
   outer loop
     vertex  1.423155e+01  8.000000e+00  6.594583e+00
     vertex  1.418776e+01  0.000000e+00  6.597592e+00
     vertex  1.418776e+01  8.000000e+00  6.597592e+00
   endloop
 endfacet
 facet normal -9.588368e-02 -0.000000e+00 -9.953925e-01
   outer loop
     vertex  1.427525e+01  8.000000e+00  6.590374e+00
     vertex  1.427525e+01  0.000000e+00  6.590374e+00
     vertex  1.423155e+01  0.000000e+00  6.594583e+00
   endloop
 endfacet
 facet normal -9.588368e-02  0.000000e+00 -9.953925e-01
   outer loop
     vertex  1.427525e+01  8.000000e+00  6.590374e+00
     vertex  1.423155e+01  0.000000e+00  6.594583e+00
     vertex  1.423155e+01  8.000000e+00  6.594583e+00
   endloop
 endfacet
 facet normal -1.231552e-01 -0.000000e+00 -9.923874e-01
   outer loop
     vertex  1.431881e+01  8.000000e+00  6.584967e+00
     vertex  1.431881e+01  0.000000e+00  6.584967e+00
     vertex  1.427525e+01  0.000000e+00  6.590374e+00
   endloop
 endfacet
 facet normal -1.231552e-01  0.000000e+00 -9.923874e-01
   outer loop
     vertex  1.431881e+01  8.000000e+00  6.584967e+00
     vertex  1.427525e+01  0.000000e+00  6.590374e+00
     vertex  1.427525e+01  8.000000e+00  6.590374e+00
   endloop
 endfacet
 facet normal -1.503341e-01 -0.000000e+00 -9.886353e-01
   outer loop
     vertex  1.436221e+01  8.000000e+00  6.578368e+00
     vertex  1.436221e+01  0.000000e+00  6.578368e+00
     vertex  1.431881e+01  0.000000e+00  6.584967e+00
   endloop
 endfacet
 facet normal -1.503341e-01  0.000000e+00 -9.886353e-01
   outer loop
     vertex  1.436221e+01  8.000000e+00  6.578368e+00
     vertex  1.431881e+01  0.000000e+00  6.584967e+00
     vertex  1.431881e+01  8.000000e+00  6.584967e+00
   endloop
 endfacet
 facet normal -1.773998e-01 -0.000000e+00 -9.841389e-01
   outer loop
     vertex  1.440541e+01  8.000000e+00  6.570580e+00
     vertex  1.440541e+01  0.000000e+00  6.570580e+00
     vertex  1.436221e+01  0.000000e+00  6.578368e+00
   endloop
 endfacet
 facet normal -1.773998e-01  0.000000e+00 -9.841389e-01
   outer loop
     vertex  1.440541e+01  8.000000e+00  6.570580e+00
     vertex  1.436221e+01  0.000000e+00  6.578368e+00
     vertex  1.436221e+01  8.000000e+00  6.578368e+00
   endloop
 endfacet
 facet normal -2.043319e-01 -0.000000e+00 -9.789017e-01
   outer loop
     vertex  1.444839e+01  8.000000e+00  6.561610e+00
     vertex  1.444839e+01  0.000000e+00  6.561610e+00
     vertex  1.440541e+01  0.000000e+00  6.570580e+00
   endloop
 endfacet
 facet normal -2.043319e-01  0.000000e+00 -9.789017e-01
   outer loop
     vertex  1.444839e+01  8.000000e+00  6.561610e+00
     vertex  1.440541e+01  0.000000e+00  6.570580e+00
     vertex  1.440541e+01  8.000000e+00  6.570580e+00
   endloop
 endfacet
 facet normal -2.311102e-01 -0.000000e+00 -9.729276e-01
   outer loop
     vertex  1.449110e+01  8.000000e+00  6.551465e+00
     vertex  1.449110e+01  0.000000e+00  6.551465e+00
     vertex  1.444839e+01  0.000000e+00  6.561610e+00
   endloop
 endfacet
 facet normal -2.311102e-01  0.000000e+00 -9.729276e-01
   outer loop
     vertex  1.449110e+01  8.000000e+00  6.551465e+00
     vertex  1.444839e+01  0.000000e+00  6.561610e+00
     vertex  1.444839e+01  8.000000e+00  6.561610e+00
   endloop
 endfacet
 facet normal -2.577146e-01  0.000000e+00 -9.662211e-01
   outer loop
     vertex  1.453351e+01  8.000000e+00  6.540152e+00
     vertex  1.449110e+01  0.000000e+00  6.551465e+00
     vertex  1.449110e+01  8.000000e+00  6.551465e+00
   endloop
 endfacet
 facet normal -2.577146e-01 -0.000000e+00 -9.662211e-01
   outer loop
     vertex  1.453351e+01  8.000000e+00  6.540152e+00
     vertex  1.453351e+01  0.000000e+00  6.540152e+00
     vertex  1.449110e+01  0.000000e+00  6.551465e+00
   endloop
 endfacet
 facet normal -2.841250e-01  0.000000e+00 -9.587873e-01
   outer loop
     vertex  1.457560e+01  8.000000e+00  6.527679e+00
     vertex  1.453351e+01  0.000000e+00  6.540152e+00
     vertex  1.453351e+01  8.000000e+00  6.540152e+00
   endloop
 endfacet
 facet normal -2.841250e-01 -0.000000e+00 -9.587873e-01
   outer loop
     vertex  1.457560e+01  8.000000e+00  6.527679e+00
     vertex  1.457560e+01  0.000000e+00  6.527679e+00
     vertex  1.453351e+01  0.000000e+00  6.540152e+00
   endloop
 endfacet
 facet normal -3.103214e-01  0.000000e+00 -9.506317e-01
   outer loop
     vertex  1.461733e+01  8.000000e+00  6.514056e+00
     vertex  1.457560e+01  0.000000e+00  6.527679e+00
     vertex  1.457560e+01  8.000000e+00  6.527679e+00
   endloop
 endfacet
 facet normal -3.103214e-01 -0.000000e+00 -9.506317e-01
   outer loop
     vertex  1.461733e+01  8.000000e+00  6.514056e+00
     vertex  1.461733e+01  0.000000e+00  6.514056e+00
     vertex  1.457560e+01  0.000000e+00  6.527679e+00
   endloop
 endfacet
 facet normal -3.362843e-01 -0.000000e+00 -9.417605e-01
   outer loop
     vertex  1.461733e+01  8.000000e+00  6.514056e+00
     vertex  1.465868e+01  0.000000e+00  6.499294e+00
     vertex  1.461733e+01  0.000000e+00  6.514056e+00
   endloop
 endfacet
 facet normal -3.362843e-01 -0.000000e+00 -9.417605e-01
   outer loop
     vertex  1.465868e+01  8.000000e+00  6.499294e+00
     vertex  1.465868e+01  0.000000e+00  6.499294e+00
     vertex  1.461733e+01  8.000000e+00  6.514056e+00
   endloop
 endfacet
 facet normal -3.619940e-01  0.000000e+00 -9.321804e-01
   outer loop
     vertex  1.469960e+01  8.000000e+00  6.483403e+00
     vertex  1.465868e+01  0.000000e+00  6.499294e+00
     vertex  1.465868e+01  8.000000e+00  6.499294e+00
   endloop
 endfacet
 facet normal -3.619940e-01 -0.000000e+00 -9.321804e-01
   outer loop
     vertex  1.469960e+01  8.000000e+00  6.483403e+00
     vertex  1.469960e+01  0.000000e+00  6.483403e+00
     vertex  1.465868e+01  0.000000e+00  6.499294e+00
   endloop
 endfacet
 facet normal -3.874313e-01 -0.000000e+00 -9.218986e-01
   outer loop
     vertex  1.469960e+01  8.000000e+00  6.483403e+00
     vertex  1.474007e+01  0.000000e+00  6.466395e+00
     vertex  1.469960e+01  0.000000e+00  6.483403e+00
   endloop
 endfacet
 facet normal -3.874313e-01 -0.000000e+00 -9.218986e-01
   outer loop
     vertex  1.474007e+01  8.000000e+00  6.466395e+00
     vertex  1.474007e+01  0.000000e+00  6.466395e+00
     vertex  1.469960e+01  8.000000e+00  6.483403e+00
   endloop
 endfacet
 facet normal -4.125769e-01  0.000000e+00 -9.109228e-01
   outer loop
     vertex  1.478005e+01  8.000000e+00  6.448284e+00
     vertex  1.474007e+01  0.000000e+00  6.466395e+00
     vertex  1.474007e+01  8.000000e+00  6.466395e+00
   endloop
 endfacet
 facet normal -4.125769e-01 -0.000000e+00 -9.109228e-01
   outer loop
     vertex  1.478005e+01  8.000000e+00  6.448284e+00
     vertex  1.478005e+01  0.000000e+00  6.448284e+00
     vertex  1.474007e+01  0.000000e+00  6.466395e+00
   endloop
 endfacet
 facet normal -4.374119e-01  0.000000e+00 -8.992613e-01
   outer loop
     vertex  1.481953e+01  8.000000e+00  6.429082e+00
     vertex  1.478005e+01  0.000000e+00  6.448284e+00
     vertex  1.478005e+01  8.000000e+00  6.448284e+00
   endloop
 endfacet
 facet normal -4.374119e-01 -0.000000e+00 -8.992613e-01
   outer loop
     vertex  1.481953e+01  8.000000e+00  6.429082e+00
     vertex  1.481953e+01  0.000000e+00  6.429082e+00
     vertex  1.478005e+01  0.000000e+00  6.448284e+00
   endloop
 endfacet
 facet normal -4.619176e-01 -0.000000e+00 -8.869228e-01
   outer loop
     vertex  1.481953e+01  8.000000e+00  6.429082e+00
     vertex  1.485847e+01  0.000000e+00  6.408804e+00
     vertex  1.481953e+01  0.000000e+00  6.429082e+00
   endloop
 endfacet
 facet normal -4.619176e-01 -0.000000e+00 -8.869228e-01
   outer loop
     vertex  1.485847e+01  8.000000e+00  6.408804e+00
     vertex  1.485847e+01  0.000000e+00  6.408804e+00
     vertex  1.481953e+01  8.000000e+00  6.429082e+00
   endloop
 endfacet
 facet normal -4.860756e-01  0.000000e+00 -8.739167e-01
   outer loop
     vertex  1.489683e+01  8.000000e+00  6.387466e+00
     vertex  1.485847e+01  0.000000e+00  6.408804e+00
     vertex  1.485847e+01  8.000000e+00  6.408804e+00
   endloop
 endfacet
 facet normal -4.860756e-01 -0.000000e+00 -8.739167e-01
   outer loop
     vertex  1.489683e+01  8.000000e+00  6.387466e+00
     vertex  1.489683e+01  0.000000e+00  6.387466e+00
     vertex  1.485847e+01  0.000000e+00  6.408804e+00
   endloop
 endfacet
 facet normal -5.098678e-01  0.000000e+00 -8.602528e-01
   outer loop
     vertex  1.493459e+01  8.000000e+00  6.365084e+00
     vertex  1.489683e+01  0.000000e+00  6.387466e+00
     vertex  1.489683e+01  8.000000e+00  6.387466e+00
   endloop
 endfacet
 facet normal -5.098678e-01 -0.000000e+00 -8.602528e-01
   outer loop
     vertex  1.493459e+01  8.000000e+00  6.365084e+00
     vertex  1.493459e+01  0.000000e+00  6.365084e+00
     vertex  1.489683e+01  0.000000e+00  6.387466e+00
   endloop
 endfacet
 facet normal -5.332761e-01  0.000000e+00 -8.459413e-01
   outer loop
     vertex  1.497173e+01  8.000000e+00  6.341674e+00
     vertex  1.493459e+01  0.000000e+00  6.365084e+00
     vertex  1.493459e+01  8.000000e+00  6.365084e+00
   endloop
 endfacet
 facet normal -5.332761e-01 -0.000000e+00 -8.459413e-01
   outer loop
     vertex  1.497173e+01  8.000000e+00  6.341674e+00
     vertex  1.497173e+01  0.000000e+00  6.341674e+00
     vertex  1.493459e+01  0.000000e+00  6.365084e+00
   endloop
 endfacet
 facet normal -5.562829e-01 -0.000000e+00 -8.309929e-01
   outer loop
     vertex  1.500821e+01  8.000000e+00  6.317254e+00
     vertex  1.500821e+01  0.000000e+00  6.317254e+00
     vertex  1.497173e+01  0.000000e+00  6.341674e+00
   endloop
 endfacet
 facet normal -5.562829e-01  0.000000e+00 -8.309929e-01
   outer loop
     vertex  1.500821e+01  8.000000e+00  6.317254e+00
     vertex  1.497173e+01  0.000000e+00  6.341674e+00
     vertex  1.497173e+01  8.000000e+00  6.341674e+00
   endloop
 endfacet
 facet normal -5.788711e-01 -0.000000e+00 -8.154191e-01
   outer loop
     vertex  1.504400e+01  8.000000e+00  6.291842e+00
     vertex  1.504400e+01  0.000000e+00  6.291842e+00
     vertex  1.500821e+01  0.000000e+00  6.317254e+00
   endloop
 endfacet
 facet normal -5.788711e-01  0.000000e+00 -8.154191e-01
   outer loop
     vertex  1.504400e+01  8.000000e+00  6.291842e+00
     vertex  1.500821e+01  0.000000e+00  6.317254e+00
     vertex  1.500821e+01  8.000000e+00  6.317254e+00
   endloop
 endfacet
 facet normal -6.010234e-01 -0.000000e+00 -7.992314e-01
   outer loop
     vertex  1.507909e+01  8.000000e+00  6.265458e+00
     vertex  1.507909e+01  0.000000e+00  6.265458e+00
     vertex  1.504400e+01  0.000000e+00  6.291842e+00
   endloop
 endfacet
 facet normal -6.010234e-01  0.000000e+00 -7.992314e-01
   outer loop
     vertex  1.507909e+01  8.000000e+00  6.265458e+00
     vertex  1.504400e+01  0.000000e+00  6.291842e+00
     vertex  1.504400e+01  8.000000e+00  6.291842e+00
   endloop
 endfacet
 facet normal -6.227234e-01 -0.000000e+00 -7.824421e-01
   outer loop
     vertex  1.511344e+01  8.000000e+00  6.238121e+00
     vertex  1.511344e+01  0.000000e+00  6.238121e+00
     vertex  1.507909e+01  0.000000e+00  6.265458e+00
   endloop
 endfacet
 facet normal -6.227234e-01  0.000000e+00 -7.824421e-01
   outer loop
     vertex  1.511344e+01  8.000000e+00  6.238121e+00
     vertex  1.507909e+01  0.000000e+00  6.265458e+00
     vertex  1.507909e+01  8.000000e+00  6.265458e+00
   endloop
 endfacet
 facet normal -6.439545e-01 -0.000000e+00 -7.650637e-01
   outer loop
     vertex  1.514702e+01  8.000000e+00  6.209852e+00
     vertex  1.514702e+01  0.000000e+00  6.209852e+00
     vertex  1.511344e+01  0.000000e+00  6.238121e+00
   endloop
 endfacet
 facet normal -6.439545e-01  0.000000e+00 -7.650637e-01
   outer loop
     vertex  1.514702e+01  8.000000e+00  6.209852e+00
     vertex  1.511344e+01  0.000000e+00  6.238121e+00
     vertex  1.511344e+01  8.000000e+00  6.238121e+00
   endloop
 endfacet
 facet normal -6.647010e-01 -0.000000e+00 -7.471095e-01
   outer loop
     vertex  1.517982e+01  8.000000e+00  6.180673e+00
     vertex  1.517982e+01  0.000000e+00  6.180673e+00
     vertex  1.514702e+01  0.000000e+00  6.209852e+00
   endloop
 endfacet
 facet normal -6.647010e-01  0.000000e+00 -7.471095e-01
   outer loop
     vertex  1.517982e+01  8.000000e+00  6.180673e+00
     vertex  1.514702e+01  0.000000e+00  6.209852e+00
     vertex  1.514702e+01  8.000000e+00  6.209852e+00
   endloop
 endfacet
 facet normal -6.849470e-01 -0.000000e+00 -7.285929e-01
   outer loop
     vertex  1.521180e+01  8.000000e+00  6.150605e+00
     vertex  1.521180e+01  0.000000e+00  6.150605e+00
     vertex  1.517982e+01  0.000000e+00  6.180673e+00
   endloop
 endfacet
 facet normal -6.849470e-01  0.000000e+00 -7.285929e-01
   outer loop
     vertex  1.521180e+01  8.000000e+00  6.150605e+00
     vertex  1.517982e+01  0.000000e+00  6.180673e+00
     vertex  1.517982e+01  8.000000e+00  6.180673e+00
   endloop
 endfacet
 facet normal -7.046775e-01 -0.000000e+00 -7.095278e-01
   outer loop
     vertex  1.524295e+01  8.000000e+00  6.119670e+00
     vertex  1.524295e+01  0.000000e+00  6.119670e+00
     vertex  1.521180e+01  0.000000e+00  6.150605e+00
   endloop
 endfacet
 facet normal -7.046775e-01  0.000000e+00 -7.095278e-01
   outer loop
     vertex  1.524295e+01  8.000000e+00  6.119670e+00
     vertex  1.521180e+01  0.000000e+00  6.150605e+00
     vertex  1.521180e+01  8.000000e+00  6.150605e+00
   endloop
 endfacet
 facet normal -7.238775e-01 -0.000000e+00 -6.899286e-01
   outer loop
     vertex  1.527324e+01  8.000000e+00  6.087893e+00
     vertex  1.527324e+01  0.000000e+00  6.087893e+00
     vertex  1.524295e+01  0.000000e+00  6.119670e+00
   endloop
 endfacet
 facet normal -7.238775e-01  0.000000e+00 -6.899286e-01
   outer loop
     vertex  1.527324e+01  8.000000e+00  6.087893e+00
     vertex  1.524295e+01  0.000000e+00  6.119670e+00
     vertex  1.524295e+01  8.000000e+00  6.119670e+00
   endloop
 endfacet
 facet normal -7.425325e-01 -0.000000e+00 -6.698100e-01
   outer loop
     vertex  1.530264e+01  8.000000e+00  6.055297e+00
     vertex  1.530264e+01  0.000000e+00  6.055297e+00
     vertex  1.527324e+01  0.000000e+00  6.087893e+00
   endloop
 endfacet
 facet normal -7.425325e-01  0.000000e+00 -6.698100e-01
   outer loop
     vertex  1.530264e+01  8.000000e+00  6.055297e+00
     vertex  1.527324e+01  0.000000e+00  6.087893e+00
     vertex  1.527324e+01  8.000000e+00  6.087893e+00
   endloop
 endfacet
 facet normal -7.606287e-01 -0.000000e+00 -6.491872e-01
   outer loop
     vertex  1.533114e+01  8.000000e+00  6.021907e+00
     vertex  1.533114e+01  0.000000e+00  6.021907e+00
     vertex  1.530264e+01  0.000000e+00  6.055297e+00
   endloop
 endfacet
 facet normal -7.606287e-01  0.000000e+00 -6.491872e-01
   outer loop
     vertex  1.533114e+01  8.000000e+00  6.021907e+00
     vertex  1.530264e+01  0.000000e+00  6.055297e+00
     vertex  1.530264e+01  8.000000e+00  6.055297e+00
   endloop
 endfacet
 facet normal -7.781522e-01 -0.000000e+00 -6.280757e-01
   outer loop
     vertex  1.535871e+01  8.000000e+00  5.987747e+00
     vertex  1.535871e+01  0.000000e+00  5.987747e+00
     vertex  1.533114e+01  0.000000e+00  6.021907e+00
   endloop
 endfacet
 facet normal -7.950900e-01 -0.000000e+00 -6.064915e-01
   outer loop
     vertex  1.535871e+01  8.000000e+00  5.987747e+00
     vertex  1.538534e+01  0.000000e+00  5.952843e+00
     vertex  1.535871e+01  0.000000e+00  5.987747e+00
   endloop
 endfacet
 facet normal -7.781522e-01  0.000000e+00 -6.280757e-01
   outer loop
     vertex  1.535871e+01  8.000000e+00  5.987747e+00
     vertex  1.533114e+01  0.000000e+00  6.021907e+00
     vertex  1.533114e+01  8.000000e+00  6.021907e+00
   endloop
 endfacet
 facet normal -7.950900e-01 -0.000000e+00 -6.064915e-01
   outer loop
     vertex  1.538534e+01  8.000000e+00  5.952843e+00
     vertex  1.538534e+01  0.000000e+00  5.952843e+00
     vertex  1.535871e+01  8.000000e+00  5.987747e+00
   endloop
 endfacet
 facet normal -8.114292e-01  0.000000e+00 -5.844507e-01
   outer loop
     vertex  1.541099e+01  8.000000e+00  5.917223e+00
     vertex  1.538534e+01  0.000000e+00  5.952843e+00
     vertex  1.538534e+01  8.000000e+00  5.952843e+00
   endloop
 endfacet
 facet normal -8.114292e-01 -0.000000e+00 -5.844507e-01
   outer loop
     vertex  1.541099e+01  8.000000e+00  5.917223e+00
     vertex  1.541099e+01  0.000000e+00  5.917223e+00
     vertex  1.538534e+01  0.000000e+00  5.952843e+00
   endloop
 endfacet
 facet normal -8.271577e-01 -0.000000e+00 -5.619699e-01
   outer loop
     vertex  1.541099e+01  8.000000e+00  5.917223e+00
     vertex  1.543566e+01  0.000000e+00  5.880912e+00
     vertex  1.541099e+01  0.000000e+00  5.917223e+00
   endloop
 endfacet
 facet normal -8.271577e-01 -0.000000e+00 -5.619699e-01
   outer loop
     vertex  1.543566e+01  8.000000e+00  5.880912e+00
     vertex  1.543566e+01  0.000000e+00  5.880912e+00
     vertex  1.541099e+01  8.000000e+00  5.917223e+00
   endloop
 endfacet
 facet normal -8.422635e-01  0.000000e+00 -5.390661e-01
   outer loop
     vertex  1.545933e+01  8.000000e+00  5.843938e+00
     vertex  1.543566e+01  0.000000e+00  5.880912e+00
     vertex  1.543566e+01  8.000000e+00  5.880912e+00
   endloop
 endfacet
 facet normal -8.422635e-01 -0.000000e+00 -5.390661e-01
   outer loop
     vertex  1.545933e+01  8.000000e+00  5.843938e+00
     vertex  1.545933e+01  0.000000e+00  5.843938e+00
     vertex  1.543566e+01  0.000000e+00  5.880912e+00
   endloop
 endfacet
 facet normal -8.567352e-01  0.000000e+00 -5.157565e-01
   outer loop
     vertex  1.548197e+01  8.000000e+00  5.806328e+00
     vertex  1.545933e+01  0.000000e+00  5.843938e+00
     vertex  1.545933e+01  8.000000e+00  5.843938e+00
   endloop
 endfacet
 facet normal -8.567352e-01 -0.000000e+00 -5.157565e-01
   outer loop
     vertex  1.548197e+01  8.000000e+00  5.806328e+00
     vertex  1.548197e+01  0.000000e+00  5.806328e+00
     vertex  1.545933e+01  0.000000e+00  5.843938e+00
   endloop
 endfacet
 facet normal -8.705620e-01  0.000000e+00 -4.920587e-01
   outer loop
     vertex  1.550357e+01  8.000000e+00  5.768112e+00
     vertex  1.548197e+01  0.000000e+00  5.806328e+00
     vertex  1.548197e+01  8.000000e+00  5.806328e+00
   endloop
 endfacet
 facet normal -8.705620e-01 -0.000000e+00 -4.920587e-01
   outer loop
     vertex  1.550357e+01  8.000000e+00  5.768112e+00
     vertex  1.550357e+01  0.000000e+00  5.768112e+00
     vertex  1.548197e+01  0.000000e+00  5.806328e+00
   endloop
 endfacet
 facet normal -8.837335e-01 -0.000000e+00 -4.679904e-01
   outer loop
     vertex  1.550357e+01  8.000000e+00  5.768112e+00
     vertex  1.552411e+01  0.000000e+00  5.729317e+00
     vertex  1.550357e+01  0.000000e+00  5.768112e+00
   endloop
 endfacet
 facet normal -8.837335e-01 -0.000000e+00 -4.679904e-01
   outer loop
     vertex  1.552411e+01  8.000000e+00  5.729317e+00
     vertex  1.552411e+01  0.000000e+00  5.729317e+00
     vertex  1.550357e+01  8.000000e+00  5.768112e+00
   endloop
 endfacet
 facet normal -8.962398e-01  0.000000e+00 -4.435699e-01
   outer loop
     vertex  1.554358e+01  8.000000e+00  5.689973e+00
     vertex  1.552411e+01  0.000000e+00  5.729317e+00
     vertex  1.552411e+01  8.000000e+00  5.729317e+00
   endloop
 endfacet
 facet normal -8.962398e-01 -0.000000e+00 -4.435699e-01
   outer loop
     vertex  1.554358e+01  8.000000e+00  5.689973e+00
     vertex  1.554358e+01  0.000000e+00  5.689973e+00
     vertex  1.552411e+01  0.000000e+00  5.729317e+00
   endloop
 endfacet
 facet normal -9.080714e-01  0.000000e+00 -4.188155e-01
   outer loop
     vertex  1.556197e+01  8.000000e+00  5.650110e+00
     vertex  1.554358e+01  0.000000e+00  5.689973e+00
     vertex  1.554358e+01  8.000000e+00  5.689973e+00
   endloop
 endfacet
 facet normal -9.080714e-01 -0.000000e+00 -4.188155e-01
   outer loop
     vertex  1.556197e+01  8.000000e+00  5.650110e+00
     vertex  1.556197e+01  0.000000e+00  5.650110e+00
     vertex  1.554358e+01  0.000000e+00  5.689973e+00
   endloop
 endfacet
 facet normal -9.192194e-01  0.000000e+00 -3.937458e-01
   outer loop
     vertex  1.557926e+01  8.000000e+00  5.609758e+00
     vertex  1.556197e+01  0.000000e+00  5.650110e+00
     vertex  1.556197e+01  8.000000e+00  5.650110e+00
   endloop
 endfacet
 facet normal -9.192194e-01 -0.000000e+00 -3.937458e-01
   outer loop
     vertex  1.557926e+01  8.000000e+00  5.609758e+00
     vertex  1.557926e+01  0.000000e+00  5.609758e+00
     vertex  1.556197e+01  0.000000e+00  5.650110e+00
   endloop
 endfacet
 facet normal -9.296754e-01  0.000000e+00 -3.683796e-01
   outer loop
     vertex  1.559543e+01  8.000000e+00  5.568946e+00
     vertex  1.557926e+01  0.000000e+00  5.609758e+00
     vertex  1.557926e+01  8.000000e+00  5.609758e+00
   endloop
 endfacet
 facet normal -9.296754e-01 -0.000000e+00 -3.683796e-01
   outer loop
     vertex  1.559543e+01  8.000000e+00  5.568946e+00
     vertex  1.559543e+01  0.000000e+00  5.568946e+00
     vertex  1.557926e+01  0.000000e+00  5.609758e+00
   endloop
 endfacet
 facet normal -9.394317e-01  0.000000e+00 -3.427362e-01
   outer loop
     vertex  1.561047e+01  8.000000e+00  5.527706e+00
     vertex  1.559543e+01  0.000000e+00  5.568946e+00
     vertex  1.559543e+01  8.000000e+00  5.568946e+00
   endloop
 endfacet
 facet normal -9.394317e-01 -0.000000e+00 -3.427362e-01
   outer loop
     vertex  1.561047e+01  8.000000e+00  5.527706e+00
     vertex  1.561047e+01  0.000000e+00  5.527706e+00
     vertex  1.559543e+01  0.000000e+00  5.568946e+00
   endloop
 endfacet
 facet normal -9.484807e-01  0.000000e+00 -3.168348e-01
   outer loop
     vertex  1.562438e+01  8.000000e+00  5.486070e+00
     vertex  1.561047e+01  0.000000e+00  5.527706e+00
     vertex  1.561047e+01  8.000000e+00  5.527706e+00
   endloop
 endfacet
 facet normal -9.484807e-01 -0.000000e+00 -3.168348e-01
   outer loop
     vertex  1.562438e+01  8.000000e+00  5.486070e+00
     vertex  1.562438e+01  0.000000e+00  5.486070e+00
     vertex  1.561047e+01  0.000000e+00  5.527706e+00
   endloop
 endfacet
 facet normal -9.568158e-01  0.000000e+00 -2.906949e-01
   outer loop
     vertex  1.563714e+01  8.000000e+00  5.444067e+00
     vertex  1.562438e+01  0.000000e+00  5.486070e+00
     vertex  1.562438e+01  8.000000e+00  5.486070e+00
   endloop
 endfacet
 facet normal -9.568158e-01 -0.000000e+00 -2.906949e-01
   outer loop
     vertex  1.563714e+01  8.000000e+00  5.444067e+00
     vertex  1.563714e+01  0.000000e+00  5.444067e+00
     vertex  1.562438e+01  0.000000e+00  5.486070e+00
   endloop
 endfacet
 facet normal -9.644306e-01 -0.000000e+00 -2.643362e-01
   outer loop
     vertex  1.563714e+01  8.000000e+00  5.444067e+00
     vertex  1.564875e+01  0.000000e+00  5.401729e+00
     vertex  1.563714e+01  0.000000e+00  5.444067e+00
   endloop
 endfacet
 facet normal -9.644306e-01 -0.000000e+00 -2.643362e-01
   outer loop
     vertex  1.564875e+01  8.000000e+00  5.401729e+00
     vertex  1.564875e+01  0.000000e+00  5.401729e+00
     vertex  1.563714e+01  8.000000e+00  5.444067e+00
   endloop
 endfacet
 facet normal -9.713194e-01  0.000000e+00 -2.377784e-01
   outer loop
     vertex  1.565918e+01  8.000000e+00  5.359090e+00
     vertex  1.564875e+01  0.000000e+00  5.401729e+00
     vertex  1.564875e+01  8.000000e+00  5.401729e+00
   endloop
 endfacet
 facet normal -9.713194e-01 -0.000000e+00 -2.377784e-01
   outer loop
     vertex  1.565918e+01  8.000000e+00  5.359090e+00
     vertex  1.565918e+01  0.000000e+00  5.359090e+00
     vertex  1.564875e+01  0.000000e+00  5.401729e+00
   endloop
 endfacet
 facet normal -9.774771e-01  0.000000e+00 -2.110417e-01
   outer loop
     vertex  1.566845e+01  8.000000e+00  5.316180e+00
     vertex  1.565918e+01  0.000000e+00  5.359090e+00
     vertex  1.565918e+01  8.000000e+00  5.359090e+00
   endloop
 endfacet
 facet normal -9.774771e-01 -0.000000e+00 -2.110417e-01
   outer loop
     vertex  1.566845e+01  8.000000e+00  5.316180e+00
     vertex  1.566845e+01  0.000000e+00  5.316180e+00
     vertex  1.565918e+01  0.000000e+00  5.359090e+00
   endloop
 endfacet
 facet normal -9.828989e-01  0.000000e+00 -1.841461e-01
   outer loop
     vertex  1.567653e+01  8.000000e+00  5.273032e+00
     vertex  1.566845e+01  0.000000e+00  5.316180e+00
     vertex  1.566845e+01  8.000000e+00  5.316180e+00
   endloop
 endfacet
 facet normal -9.828989e-01 -0.000000e+00 -1.841461e-01
   outer loop
     vertex  1.567653e+01  8.000000e+00  5.273032e+00
     vertex  1.567653e+01  0.000000e+00  5.273032e+00
     vertex  1.566845e+01  0.000000e+00  5.316180e+00
   endloop
 endfacet
 facet normal -9.875808e-01 -0.000000e+00 -1.571119e-01
   outer loop
     vertex  1.567653e+01  8.000000e+00  5.273032e+00
     vertex  1.568343e+01  0.000000e+00  5.229679e+00
     vertex  1.567653e+01  0.000000e+00  5.273032e+00
   endloop
 endfacet
 facet normal -9.875808e-01 -0.000000e+00 -1.571119e-01
   outer loop
     vertex  1.568343e+01  8.000000e+00  5.229679e+00
     vertex  1.568343e+01  0.000000e+00  5.229679e+00
     vertex  1.567653e+01  8.000000e+00  5.273032e+00
   endloop
 endfacet
 facet normal -9.915193e-01  0.000000e+00 -1.299594e-01
   outer loop
     vertex  1.568913e+01  8.000000e+00  5.186152e+00
     vertex  1.568343e+01  0.000000e+00  5.229679e+00
     vertex  1.568343e+01  8.000000e+00  5.229679e+00
   endloop
 endfacet
 facet normal -9.915193e-01 -0.000000e+00 -1.299594e-01
   outer loop
     vertex  1.568913e+01  8.000000e+00  5.186152e+00
     vertex  1.568913e+01  0.000000e+00  5.186152e+00
     vertex  1.568343e+01  0.000000e+00  5.229679e+00
   endloop
 endfacet
 facet normal -9.947114e-01  0.000000e+00 -1.027091e-01
   outer loop
     vertex  1.569364e+01  8.000000e+00  5.142486e+00
     vertex  1.568913e+01  0.000000e+00  5.186152e+00
     vertex  1.568913e+01  8.000000e+00  5.186152e+00
   endloop
 endfacet
 facet normal -9.947114e-01 -0.000000e+00 -1.027091e-01
   outer loop
     vertex  1.569364e+01  8.000000e+00  5.142486e+00
     vertex  1.569364e+01  0.000000e+00  5.142486e+00
     vertex  1.568913e+01  0.000000e+00  5.186152e+00
   endloop
 endfacet
 facet normal -9.971548e-01  0.000000e+00 -7.538152e-02
   outer loop
     vertex  1.569695e+01  8.000000e+00  5.098712e+00
     vertex  1.569364e+01  0.000000e+00  5.142486e+00
     vertex  1.569364e+01  8.000000e+00  5.142486e+00
   endloop
 endfacet
 facet normal -9.971548e-01 -0.000000e+00 -7.538152e-02
   outer loop
     vertex  1.569695e+01  8.000000e+00  5.098712e+00
     vertex  1.569695e+01  0.000000e+00  5.098712e+00
     vertex  1.569364e+01  0.000000e+00  5.142486e+00
   endloop
 endfacet
 facet normal -9.988475e-01  0.000000e+00 -4.799716e-02
   outer loop
     vertex  1.569906e+01  8.000000e+00  5.054864e+00
     vertex  1.569695e+01  0.000000e+00  5.098712e+00
     vertex  1.569695e+01  8.000000e+00  5.098712e+00
   endloop
 endfacet
 facet normal -9.988475e-01 -0.000000e+00 -4.799716e-02
   outer loop
     vertex  1.569906e+01  8.000000e+00  5.054864e+00
     vertex  1.569906e+01  0.000000e+00  5.054864e+00
     vertex  1.569695e+01  0.000000e+00  5.098712e+00
   endloop
 endfacet
 facet normal -9.997883e-01 -0.000000e+00 -2.057667e-02
   outer loop
     vertex  1.569996e+01  8.000000e+00  5.010975e+00
     vertex  1.569996e+01  0.000000e+00  5.010975e+00
     vertex  1.569906e+01  0.000000e+00  5.054864e+00
   endloop
 endfacet
 facet normal -9.997883e-01  0.000000e+00 -2.057667e-02
   outer loop
     vertex  1.569996e+01  8.000000e+00  5.010975e+00
     vertex  1.569906e+01  0.000000e+00  5.054864e+00
     vertex  1.569906e+01  8.000000e+00  5.054864e+00
   endloop
 endfacet
 facet normal -9.999765e-01  0.000000e+00  6.859319e-03
   outer loop
     vertex  1.569966e+01  8.000000e+00  4.967077e+00
     vertex  1.569966e+01  0.000000e+00  4.967077e+00
     vertex  1.569996e+01  0.000000e+00  5.010975e+00
   endloop
 endfacet
 facet normal -9.999765e-01  0.000000e+00  6.859319e-03
   outer loop
     vertex  1.569966e+01  8.000000e+00  4.967077e+00
     vertex  1.569996e+01  0.000000e+00  5.010975e+00
     vertex  1.569996e+01  8.000000e+00  5.010975e+00
   endloop
 endfacet
 facet normal -9.994119e-01  0.000000e+00  3.429014e-02
   outer loop
     vertex  1.569816e+01  8.000000e+00  4.923205e+00
     vertex  1.569816e+01  0.000000e+00  4.923205e+00
     vertex  1.569966e+01  0.000000e+00  4.967077e+00
   endloop
 endfacet
 facet normal -9.994119e-01  0.000000e+00  3.429014e-02
   outer loop
     vertex  1.569816e+01  8.000000e+00  4.923205e+00
     vertex  1.569966e+01  0.000000e+00  4.967077e+00
     vertex  1.569966e+01  8.000000e+00  4.967077e+00
   endloop
 endfacet
 facet normal -9.980950e-01  0.000000e+00  6.169515e-02
   outer loop
     vertex  1.569545e+01  8.000000e+00  4.879390e+00
     vertex  1.569545e+01  0.000000e+00  4.879390e+00
     vertex  1.569816e+01  0.000000e+00  4.923205e+00
   endloop
 endfacet
 facet normal -9.960268e-01  0.000000e+00  8.905371e-02
   outer loop
     vertex  1.569545e+01  8.000000e+00  4.879390e+00
     vertex  1.569154e+01  0.000000e+00  4.835665e+00
     vertex  1.569545e+01  0.000000e+00  4.879390e+00
   endloop
 endfacet
 facet normal -9.980950e-01  0.000000e+00  6.169515e-02
   outer loop
     vertex  1.569545e+01  8.000000e+00  4.879390e+00
     vertex  1.569816e+01  0.000000e+00  4.923205e+00
     vertex  1.569816e+01  8.000000e+00  4.923205e+00
   endloop
 endfacet
 facet normal -9.960268e-01  0.000000e+00  8.905371e-02
   outer loop
     vertex  1.569154e+01  8.000000e+00  4.835665e+00
     vertex  1.569154e+01  0.000000e+00  4.835665e+00
     vertex  1.569545e+01  8.000000e+00  4.879390e+00
   endloop
 endfacet
 facet normal -9.932088e-01  0.000000e+00  1.163452e-01
   outer loop
     vertex  1.569154e+01  8.000000e+00  4.835665e+00
     vertex  1.568643e+01  0.000000e+00  4.792065e+00
     vertex  1.569154e+01  0.000000e+00  4.835665e+00
   endloop
 endfacet
 facet normal -9.932088e-01  0.000000e+00  1.163452e-01
   outer loop
     vertex  1.568643e+01  8.000000e+00  4.792065e+00
     vertex  1.568643e+01  0.000000e+00  4.792065e+00
     vertex  1.569154e+01  8.000000e+00  4.835665e+00
   endloop
 endfacet
 facet normal -9.896432e-01  0.000000e+00  1.435492e-01
   outer loop
     vertex  1.568013e+01  8.000000e+00  4.748621e+00
     vertex  1.568643e+01  0.000000e+00  4.792065e+00
     vertex  1.568643e+01  8.000000e+00  4.792065e+00
   endloop
 endfacet
 facet normal -9.896432e-01  0.000000e+00  1.435492e-01
   outer loop
     vertex  1.568013e+01  8.000000e+00  4.748621e+00
     vertex  1.568013e+01  0.000000e+00  4.748621e+00
     vertex  1.568643e+01  0.000000e+00  4.792065e+00
   endloop
 endfacet
 facet normal -9.853326e-01  0.000000e+00  1.706451e-01
   outer loop
     vertex  1.567264e+01  8.000000e+00  4.705366e+00
     vertex  1.568013e+01  0.000000e+00  4.748621e+00
     vertex  1.568013e+01  8.000000e+00  4.748621e+00
   endloop
 endfacet
 facet normal -9.853326e-01  0.000000e+00  1.706451e-01
   outer loop
     vertex  1.567264e+01  8.000000e+00  4.705366e+00
     vertex  1.567264e+01  0.000000e+00  4.705366e+00
     vertex  1.568013e+01  0.000000e+00  4.748621e+00
   endloop
 endfacet
 facet normal -9.802802e-01  0.000000e+00  1.976125e-01
   outer loop
     vertex  1.567264e+01  8.000000e+00  4.705366e+00
     vertex  1.566396e+01  0.000000e+00  4.662333e+00
     vertex  1.567264e+01  0.000000e+00  4.705366e+00
   endloop
 endfacet
 facet normal -9.802802e-01  0.000000e+00  1.976125e-01
   outer loop
     vertex  1.566396e+01  8.000000e+00  4.662333e+00
     vertex  1.566396e+01  0.000000e+00  4.662333e+00
     vertex  1.567264e+01  8.000000e+00  4.705366e+00
   endloop
 endfacet
 facet normal -9.744899e-01  0.000000e+00  2.244312e-01
   outer loop
     vertex  1.565411e+01  8.000000e+00  4.619555e+00
     vertex  1.566396e+01  0.000000e+00  4.662333e+00
     vertex  1.566396e+01  8.000000e+00  4.662333e+00
   endloop
 endfacet
 facet normal -9.744899e-01  0.000000e+00  2.244312e-01
   outer loop
     vertex  1.565411e+01  8.000000e+00  4.619555e+00
     vertex  1.565411e+01  0.000000e+00  4.619555e+00
     vertex  1.566396e+01  0.000000e+00  4.662333e+00
   endloop
 endfacet
 facet normal -9.679661e-01  0.000000e+00  2.510809e-01
   outer loop
     vertex  1.564309e+01  8.000000e+00  4.577062e+00
     vertex  1.565411e+01  0.000000e+00  4.619555e+00
     vertex  1.565411e+01  8.000000e+00  4.619555e+00
   endloop
 endfacet
 facet normal -9.679661e-01  0.000000e+00  2.510809e-01
   outer loop
     vertex  1.564309e+01  8.000000e+00  4.577062e+00
     vertex  1.564309e+01  0.000000e+00  4.577062e+00
     vertex  1.565411e+01  0.000000e+00  4.619555e+00
   endloop
 endfacet
 facet normal -9.607136e-01  0.000000e+00  2.775416e-01
   outer loop
     vertex  1.564309e+01  8.000000e+00  4.577062e+00
     vertex  1.563091e+01  0.000000e+00  4.534888e+00
     vertex  1.564309e+01  0.000000e+00  4.577062e+00
   endloop
 endfacet
 facet normal -9.607136e-01  0.000000e+00  2.775416e-01
   outer loop
     vertex  1.563091e+01  8.000000e+00  4.534888e+00
     vertex  1.563091e+01  0.000000e+00  4.534888e+00
     vertex  1.564309e+01  8.000000e+00  4.577062e+00
   endloop
 endfacet
 facet normal -9.527379e-01  0.000000e+00  3.037934e-01
   outer loop
     vertex  1.561757e+01  8.000000e+00  4.493064e+00
     vertex  1.563091e+01  0.000000e+00  4.534888e+00
     vertex  1.563091e+01  8.000000e+00  4.534888e+00
   endloop
 endfacet
 facet normal -9.527379e-01  0.000000e+00  3.037934e-01
   outer loop
     vertex  1.561757e+01  8.000000e+00  4.493064e+00
     vertex  1.561757e+01  0.000000e+00  4.493064e+00
     vertex  1.563091e+01  0.000000e+00  4.534888e+00
   endloop
 endfacet
 facet normal -9.440450e-01  0.000000e+00  3.298166e-01
   outer loop
     vertex  1.560309e+01  8.000000e+00  4.451622e+00
     vertex  1.561757e+01  0.000000e+00  4.493064e+00
     vertex  1.561757e+01  8.000000e+00  4.493064e+00
   endloop
 endfacet
 facet normal -9.440450e-01  0.000000e+00  3.298166e-01
   outer loop
     vertex  1.560309e+01  8.000000e+00  4.451622e+00
     vertex  1.560309e+01  0.000000e+00  4.451622e+00
     vertex  1.561757e+01  0.000000e+00  4.493064e+00
   endloop
 endfacet
 facet normal -9.346415e-01  0.000000e+00  3.555914e-01
   outer loop
     vertex  1.558748e+01  8.000000e+00  4.410593e+00
     vertex  1.560309e+01  0.000000e+00  4.451622e+00
     vertex  1.560309e+01  8.000000e+00  4.451622e+00
   endloop
 endfacet
 facet normal -9.346415e-01  0.000000e+00  3.555914e-01
   outer loop
     vertex  1.558748e+01  8.000000e+00  4.410593e+00
     vertex  1.558748e+01  0.000000e+00  4.410593e+00
     vertex  1.560309e+01  0.000000e+00  4.451622e+00
   endloop
 endfacet
 facet normal -9.245344e-01  0.000000e+00  3.810986e-01
   outer loop
     vertex  1.558748e+01  8.000000e+00  4.410593e+00
     vertex  1.557075e+01  0.000000e+00  4.370007e+00
     vertex  1.558748e+01  0.000000e+00  4.410593e+00
   endloop
 endfacet
 facet normal -9.245344e-01  0.000000e+00  3.810986e-01
   outer loop
     vertex  1.557075e+01  8.000000e+00  4.370007e+00
     vertex  1.557075e+01  0.000000e+00  4.370007e+00
     vertex  1.558748e+01  8.000000e+00  4.410593e+00
   endloop
 endfacet
 facet normal -9.137314e-01  0.000000e+00  4.063188e-01
   outer loop
     vertex  1.555291e+01  8.000000e+00  4.329895e+00
     vertex  1.555291e+01  0.000000e+00  4.329895e+00
     vertex  1.557075e+01  0.000000e+00  4.370007e+00
   endloop
 endfacet
 facet normal -9.137314e-01  0.000000e+00  4.063188e-01
   outer loop
     vertex  1.555291e+01  8.000000e+00  4.329895e+00
     vertex  1.557075e+01  0.000000e+00  4.370007e+00
     vertex  1.557075e+01  8.000000e+00  4.370007e+00
   endloop
 endfacet
 facet normal -9.022405e-01  0.000000e+00  4.312333e-01
   outer loop
     vertex  1.553398e+01  8.000000e+00  4.290288e+00
     vertex  1.553398e+01  0.000000e+00  4.290288e+00
     vertex  1.555291e+01  0.000000e+00  4.329895e+00
   endloop
 endfacet
 facet normal -9.022405e-01  0.000000e+00  4.312333e-01
   outer loop
     vertex  1.553398e+01  8.000000e+00  4.290288e+00
     vertex  1.555291e+01  0.000000e+00  4.329895e+00
     vertex  1.555291e+01  8.000000e+00  4.329895e+00
   endloop
 endfacet
 facet normal -8.900704e-01  0.000000e+00  4.558231e-01
   outer loop
     vertex  1.551397e+01  8.000000e+00  4.251215e+00
     vertex  1.551397e+01  0.000000e+00  4.251215e+00
     vertex  1.553398e+01  0.000000e+00  4.290288e+00
   endloop
 endfacet
 facet normal -8.772303e-01  0.000000e+00  4.800697e-01
   outer loop
     vertex  1.551397e+01  8.000000e+00  4.251215e+00
     vertex  1.549290e+01  0.000000e+00  4.212706e+00
     vertex  1.551397e+01  0.000000e+00  4.251215e+00
   endloop
 endfacet
 facet normal -8.900704e-01  0.000000e+00  4.558231e-01
   outer loop
     vertex  1.551397e+01  8.000000e+00  4.251215e+00
     vertex  1.553398e+01  0.000000e+00  4.290288e+00
     vertex  1.553398e+01  8.000000e+00  4.290288e+00
   endloop
 endfacet
 facet normal -8.637299e-01  0.000000e+00  5.039550e-01
   outer loop
     vertex  1.549290e+01  8.000000e+00  4.212706e+00
     vertex  1.547078e+01  0.000000e+00  4.174790e+00
     vertex  1.549290e+01  0.000000e+00  4.212706e+00
   endloop
 endfacet
 facet normal -8.772303e-01  0.000000e+00  4.800697e-01
   outer loop
     vertex  1.549290e+01  8.000000e+00  4.212706e+00
     vertex  1.549290e+01  0.000000e+00  4.212706e+00
     vertex  1.551397e+01  8.000000e+00  4.251215e+00
   endloop
 endfacet
 facet normal -8.637299e-01  0.000000e+00  5.039550e-01
   outer loop
     vertex  1.547078e+01  8.000000e+00  4.174790e+00
     vertex  1.547078e+01  0.000000e+00  4.174790e+00
     vertex  1.549290e+01  8.000000e+00  4.212706e+00
   endloop
 endfacet
 facet normal -8.495793e-01  0.000000e+00  5.274609e-01
   outer loop
     vertex  1.544762e+01  8.000000e+00  4.137494e+00
     vertex  1.544762e+01  0.000000e+00  4.137494e+00
     vertex  1.547078e+01  0.000000e+00  4.174790e+00
   endloop
 endfacet
 facet normal -8.347891e-01  0.000000e+00  5.505698e-01
   outer loop
     vertex  1.544762e+01  8.000000e+00  4.137494e+00
     vertex  1.542345e+01  0.000000e+00  4.100848e+00
     vertex  1.544762e+01  0.000000e+00  4.137494e+00
   endloop
 endfacet
 facet normal -8.495793e-01  0.000000e+00  5.274609e-01
   outer loop
     vertex  1.544762e+01  8.000000e+00  4.137494e+00
     vertex  1.547078e+01  0.000000e+00  4.174790e+00
     vertex  1.547078e+01  8.000000e+00  4.174790e+00
   endloop
 endfacet
 facet normal -8.347891e-01  0.000000e+00  5.505698e-01
   outer loop
     vertex  1.542345e+01  8.000000e+00  4.100848e+00
     vertex  1.542345e+01  0.000000e+00  4.100848e+00
     vertex  1.544762e+01  8.000000e+00  4.137494e+00
   endloop
 endfacet
 facet normal -8.193706e-01  0.000000e+00  5.732642e-01
   outer loop
     vertex  1.539829e+01  8.000000e+00  4.064879e+00
     vertex  1.539829e+01  0.000000e+00  4.064879e+00
     vertex  1.542345e+01  0.000000e+00  4.100848e+00
   endloop
 endfacet
 facet normal -8.193706e-01  0.000000e+00  5.732642e-01
   outer loop
     vertex  1.539829e+01  8.000000e+00  4.064879e+00
     vertex  1.542345e+01  0.000000e+00  4.100848e+00
     vertex  1.542345e+01  8.000000e+00  4.100848e+00
   endloop
 endfacet
 facet normal -8.033352e-01  0.000000e+00  5.955271e-01
   outer loop
     vertex  1.537214e+01  8.000000e+00  4.029614e+00
     vertex  1.537214e+01  0.000000e+00  4.029614e+00
     vertex  1.539829e+01  0.000000e+00  4.064879e+00
   endloop
 endfacet
 facet normal -8.033352e-01  0.000000e+00  5.955271e-01
   outer loop
     vertex  1.537214e+01  8.000000e+00  4.029614e+00
     vertex  1.539829e+01  0.000000e+00  4.064879e+00
     vertex  1.539829e+01  8.000000e+00  4.064879e+00
   endloop
 endfacet
 facet normal -7.866951e-01  0.000000e+00  6.173417e-01
   outer loop
     vertex  1.534504e+01  8.000000e+00  3.995079e+00
     vertex  1.534504e+01  0.000000e+00  3.995079e+00
     vertex  1.537214e+01  0.000000e+00  4.029614e+00
   endloop
 endfacet
 facet normal -7.694628e-01  0.000000e+00  6.386916e-01
   outer loop
     vertex  1.534504e+01  8.000000e+00  3.995079e+00
     vertex  1.531701e+01  0.000000e+00  3.961300e+00
     vertex  1.534504e+01  0.000000e+00  3.995079e+00
   endloop
 endfacet
 facet normal -7.866951e-01  0.000000e+00  6.173417e-01
   outer loop
     vertex  1.534504e+01  8.000000e+00  3.995079e+00
     vertex  1.537214e+01  0.000000e+00  4.029614e+00
     vertex  1.537214e+01  8.000000e+00  4.029614e+00
   endloop
 endfacet
 facet normal -7.516513e-01  0.000000e+00  6.595607e-01
   outer loop
     vertex  1.531701e+01  8.000000e+00  3.961300e+00
     vertex  1.528805e+01  0.000000e+00  3.928304e+00
     vertex  1.531701e+01  0.000000e+00  3.961300e+00
   endloop
 endfacet
 facet normal -7.694628e-01  0.000000e+00  6.386916e-01
   outer loop
     vertex  1.531701e+01  8.000000e+00  3.961300e+00
     vertex  1.531701e+01  0.000000e+00  3.961300e+00
     vertex  1.534504e+01  8.000000e+00  3.995079e+00
   endloop
 endfacet
 facet normal -7.332740e-01  0.000000e+00  6.799333e-01
   outer loop
     vertex  1.528805e+01  8.000000e+00  3.928304e+00
     vertex  1.525820e+01  0.000000e+00  3.896114e+00
     vertex  1.528805e+01  0.000000e+00  3.928304e+00
   endloop
 endfacet
 facet normal -7.516513e-01  0.000000e+00  6.595607e-01
   outer loop
     vertex  1.528805e+01  8.000000e+00  3.928304e+00
     vertex  1.528805e+01  0.000000e+00  3.928304e+00
     vertex  1.531701e+01  8.000000e+00  3.961300e+00
   endloop
 endfacet
 facet normal -7.332740e-01  0.000000e+00  6.799333e-01
   outer loop
     vertex  1.525820e+01  8.000000e+00  3.896114e+00
     vertex  1.525820e+01  0.000000e+00  3.896114e+00
     vertex  1.528805e+01  8.000000e+00  3.928304e+00
   endloop
 endfacet
 facet normal -7.143447e-01  0.000000e+00  6.997940e-01
   outer loop
     vertex  1.522748e+01  8.000000e+00  3.864756e+00
     vertex  1.522748e+01  0.000000e+00  3.864756e+00
     vertex  1.525820e+01  0.000000e+00  3.896114e+00
   endloop
 endfacet
 facet normal -6.948776e-01  0.000000e+00  7.191280e-01
   outer loop
     vertex  1.522748e+01  8.000000e+00  3.864756e+00
     vertex  1.519592e+01  0.000000e+00  3.834251e+00
     vertex  1.522748e+01  0.000000e+00  3.864756e+00
   endloop
 endfacet
 facet normal -7.143447e-01  0.000000e+00  6.997940e-01
   outer loop
     vertex  1.522748e+01  8.000000e+00  3.864756e+00
     vertex  1.525820e+01  0.000000e+00  3.896114e+00
     vertex  1.525820e+01  8.000000e+00  3.896114e+00
   endloop
 endfacet
 facet normal -6.948776e-01  0.000000e+00  7.191280e-01
   outer loop
     vertex  1.519592e+01  8.000000e+00  3.834251e+00
     vertex  1.519592e+01  0.000000e+00  3.834251e+00
     vertex  1.522748e+01  8.000000e+00  3.864756e+00
   endloop
 endfacet
 facet normal -6.748875e-01  0.000000e+00  7.379206e-01
   outer loop
     vertex  1.516352e+01  8.000000e+00  3.804625e+00
     vertex  1.519592e+01  0.000000e+00  3.834251e+00
     vertex  1.519592e+01  8.000000e+00  3.834251e+00
   endloop
 endfacet
 facet normal -6.748875e-01  0.000000e+00  7.379206e-01
   outer loop
     vertex  1.516352e+01  8.000000e+00  3.804625e+00
     vertex  1.516352e+01  0.000000e+00  3.804625e+00
     vertex  1.519592e+01  0.000000e+00  3.834251e+00
   endloop
 endfacet
 facet normal -6.543893e-01  0.000000e+00  7.561578e-01
   outer loop
     vertex  1.516352e+01  8.000000e+00  3.804625e+00
     vertex  1.513033e+01  0.000000e+00  3.775898e+00
     vertex  1.516352e+01  0.000000e+00  3.804625e+00
   endloop
 endfacet
 facet normal -6.543893e-01  0.000000e+00  7.561578e-01
   outer loop
     vertex  1.513033e+01  8.000000e+00  3.775898e+00
     vertex  1.513033e+01  0.000000e+00  3.775898e+00
     vertex  1.516352e+01  8.000000e+00  3.804625e+00
   endloop
 endfacet
 facet normal -6.333986e-01  0.000000e+00  7.738257e-01
   outer loop
     vertex  1.509636e+01  8.000000e+00  3.748093e+00
     vertex  1.509636e+01  0.000000e+00  3.748093e+00
     vertex  1.513033e+01  0.000000e+00  3.775898e+00
   endloop
 endfacet
 facet normal -6.119310e-01  0.000000e+00  7.909112e-01
   outer loop
     vertex  1.509636e+01  8.000000e+00  3.748093e+00
     vertex  1.506164e+01  0.000000e+00  3.721230e+00
     vertex  1.509636e+01  0.000000e+00  3.748093e+00
   endloop
 endfacet
 facet normal -6.333986e-01  0.000000e+00  7.738257e-01
   outer loop
     vertex  1.509636e+01  8.000000e+00  3.748093e+00
     vertex  1.513033e+01  0.000000e+00  3.775898e+00
     vertex  1.513033e+01  8.000000e+00  3.775898e+00
   endloop
 endfacet
 facet normal -6.119310e-01  0.000000e+00  7.909112e-01
   outer loop
     vertex  1.506164e+01  8.000000e+00  3.721230e+00
     vertex  1.506164e+01  0.000000e+00  3.721230e+00
     vertex  1.509636e+01  8.000000e+00  3.748093e+00
   endloop
 endfacet
 facet normal -5.900028e-01  0.000000e+00  8.074012e-01
   outer loop
     vertex  1.502619e+01  8.000000e+00  3.695329e+00
     vertex  1.502619e+01  0.000000e+00  3.695329e+00
     vertex  1.506164e+01  0.000000e+00  3.721230e+00
   endloop
 endfacet
 facet normal -5.676304e-01  0.000000e+00  8.232835e-01
   outer loop
     vertex  1.502619e+01  8.000000e+00  3.695329e+00
     vertex  1.499005e+01  0.000000e+00  3.670411e+00
     vertex  1.502619e+01  0.000000e+00  3.695329e+00
   endloop
 endfacet
 facet normal -5.900028e-01  0.000000e+00  8.074012e-01
   outer loop
     vertex  1.502619e+01  8.000000e+00  3.695329e+00
     vertex  1.506164e+01  0.000000e+00  3.721230e+00
     vertex  1.506164e+01  8.000000e+00  3.721230e+00
   endloop
 endfacet
 facet normal -5.676304e-01  0.000000e+00  8.232835e-01
   outer loop
     vertex  1.499005e+01  8.000000e+00  3.670411e+00
     vertex  1.499005e+01  0.000000e+00  3.670411e+00
     vertex  1.502619e+01  8.000000e+00  3.695329e+00
   endloop
 endfacet
 facet normal -5.448308e-01  0.000000e+00  8.385460e-01
   outer loop
     vertex  1.495324e+01  8.000000e+00  3.646494e+00
     vertex  1.495324e+01  0.000000e+00  3.646494e+00
     vertex  1.499005e+01  0.000000e+00  3.670411e+00
   endloop
 endfacet
 facet normal -5.448308e-01  0.000000e+00  8.385460e-01
   outer loop
     vertex  1.495324e+01  8.000000e+00  3.646494e+00
     vertex  1.499005e+01  0.000000e+00  3.670411e+00
     vertex  1.499005e+01  8.000000e+00  3.670411e+00
   endloop
 endfacet
 facet normal -5.216210e-01  0.000000e+00  8.531773e-01
   outer loop
     vertex  1.491579e+01  8.000000e+00  3.623596e+00
     vertex  1.491579e+01  0.000000e+00  3.623596e+00
     vertex  1.495324e+01  0.000000e+00  3.646494e+00
   endloop
 endfacet
 facet normal -5.216210e-01  0.000000e+00  8.531773e-01
   outer loop
     vertex  1.491579e+01  8.000000e+00  3.623596e+00
     vertex  1.495324e+01  0.000000e+00  3.646494e+00
     vertex  1.495324e+01  8.000000e+00  3.646494e+00
   endloop
 endfacet
 facet normal -4.980186e-01  0.000000e+00  8.671664e-01
   outer loop
     vertex  1.487772e+01  8.000000e+00  3.601733e+00
     vertex  1.487772e+01  0.000000e+00  3.601733e+00
     vertex  1.491579e+01  0.000000e+00  3.623596e+00
   endloop
 endfacet
 facet normal -4.740412e-01  0.000000e+00  8.805026e-01
   outer loop
     vertex  1.487772e+01  8.000000e+00  3.601733e+00
     vertex  1.483907e+01  0.000000e+00  3.580923e+00
     vertex  1.487772e+01  0.000000e+00  3.601733e+00
   endloop
 endfacet
 facet normal -4.980186e-01  0.000000e+00  8.671664e-01
   outer loop
     vertex  1.487772e+01  8.000000e+00  3.601733e+00
     vertex  1.491579e+01  0.000000e+00  3.623596e+00
     vertex  1.491579e+01  8.000000e+00  3.623596e+00
   endloop
 endfacet
 facet normal -4.497071e-01  0.000000e+00  8.931761e-01
   outer loop
     vertex  1.483907e+01  8.000000e+00  3.580923e+00
     vertex  1.479986e+01  0.000000e+00  3.561182e+00
     vertex  1.483907e+01  0.000000e+00  3.580923e+00
   endloop
 endfacet
 facet normal -4.740412e-01  0.000000e+00  8.805026e-01
   outer loop
     vertex  1.483907e+01  8.000000e+00  3.580923e+00
     vertex  1.483907e+01  0.000000e+00  3.580923e+00
     vertex  1.487772e+01  8.000000e+00  3.601733e+00
   endloop
 endfacet
 facet normal -4.497071e-01  0.000000e+00  8.931761e-01
   outer loop
     vertex  1.479986e+01  8.000000e+00  3.561182e+00
     vertex  1.479986e+01  0.000000e+00  3.561182e+00
     vertex  1.483907e+01  8.000000e+00  3.580923e+00
   endloop
 endfacet
 facet normal -4.250344e-01  0.000000e+00  9.051772e-01
   outer loop
     vertex  1.476012e+01  8.000000e+00  3.542524e+00
     vertex  1.476012e+01  0.000000e+00  3.542524e+00
     vertex  1.479986e+01  0.000000e+00  3.561182e+00
   endloop
 endfacet
 facet normal -4.250344e-01  0.000000e+00  9.051772e-01
   outer loop
     vertex  1.476012e+01  8.000000e+00  3.542524e+00
     vertex  1.479986e+01  0.000000e+00  3.561182e+00
     vertex  1.479986e+01  8.000000e+00  3.561182e+00
   endloop
 endfacet
 facet normal -4.000417e-01  0.000000e+00  9.164969e-01
   outer loop
     vertex  1.471989e+01  8.000000e+00  3.524962e+00
     vertex  1.471989e+01  0.000000e+00  3.524962e+00
     vertex  1.476012e+01  0.000000e+00  3.542524e+00
   endloop
 endfacet
 facet normal -4.000417e-01  0.000000e+00  9.164969e-01
   outer loop
     vertex  1.471989e+01  8.000000e+00  3.524962e+00
     vertex  1.476012e+01  0.000000e+00  3.542524e+00
     vertex  1.476012e+01  8.000000e+00  3.542524e+00
   endloop
 endfacet
 facet normal -3.747479e-01  0.000000e+00  9.271267e-01
   outer loop
     vertex  1.467919e+01  8.000000e+00  3.508511e+00
     vertex  1.467919e+01  0.000000e+00  3.508511e+00
     vertex  1.471989e+01  0.000000e+00  3.524962e+00
   endloop
 endfacet
 facet normal -3.491720e-01  0.000000e+00  9.370586e-01
   outer loop
     vertex  1.467919e+01  8.000000e+00  3.508511e+00
     vertex  1.463805e+01  0.000000e+00  3.493183e+00
     vertex  1.467919e+01  0.000000e+00  3.508511e+00
   endloop
 endfacet
 facet normal -3.747479e-01  0.000000e+00  9.271267e-01
   outer loop
     vertex  1.467919e+01  8.000000e+00  3.508511e+00
     vertex  1.471989e+01  0.000000e+00  3.524962e+00
     vertex  1.471989e+01  8.000000e+00  3.524962e+00
   endloop
 endfacet
 facet normal -3.491720e-01  0.000000e+00  9.370586e-01
   outer loop
     vertex  1.463805e+01  8.000000e+00  3.493183e+00
     vertex  1.463805e+01  0.000000e+00  3.493183e+00
     vertex  1.467919e+01  8.000000e+00  3.508511e+00
   endloop
 endfacet
 facet normal -3.233333e-01  0.000000e+00  9.462851e-01
   outer loop
     vertex  1.459651e+01  8.000000e+00  3.478989e+00
     vertex  1.459651e+01  0.000000e+00  3.478989e+00
     vertex  1.463805e+01  0.000000e+00  3.493183e+00
   endloop
 endfacet
 facet normal -3.233333e-01  0.000000e+00  9.462851e-01
   outer loop
     vertex  1.459651e+01  8.000000e+00  3.478989e+00
     vertex  1.463805e+01  0.000000e+00  3.493183e+00
     vertex  1.463805e+01  8.000000e+00  3.493183e+00
   endloop
 endfacet
 facet normal -2.972512e-01  0.000000e+00  9.547993e-01
   outer loop
     vertex  1.455460e+01  8.000000e+00  3.465940e+00
     vertex  1.455460e+01  0.000000e+00  3.465940e+00
     vertex  1.459651e+01  0.000000e+00  3.478989e+00
   endloop
 endfacet
 facet normal -2.972512e-01  0.000000e+00  9.547993e-01
   outer loop
     vertex  1.455460e+01  8.000000e+00  3.465940e+00
     vertex  1.459651e+01  0.000000e+00  3.478989e+00
     vertex  1.459651e+01  8.000000e+00  3.478989e+00
   endloop
 endfacet
 facet normal -2.709453e-01  0.000000e+00  9.625948e-01
   outer loop
     vertex  1.451234e+01  8.000000e+00  3.454046e+00
     vertex  1.451234e+01  0.000000e+00  3.454046e+00
     vertex  1.455460e+01  0.000000e+00  3.465940e+00
   endloop
 endfacet
 facet normal -2.709453e-01  0.000000e+00  9.625948e-01
   outer loop
     vertex  1.451234e+01  8.000000e+00  3.454046e+00
     vertex  1.455460e+01  0.000000e+00  3.465940e+00
     vertex  1.455460e+01  8.000000e+00  3.465940e+00
   endloop
 endfacet
 facet normal -2.444354e-01  0.000000e+00  9.696656e-01
   outer loop
     vertex  1.446978e+01  8.000000e+00  3.443316e+00
     vertex  1.446978e+01  0.000000e+00  3.443316e+00
     vertex  1.451234e+01  0.000000e+00  3.454046e+00
   endloop
 endfacet
 facet normal -2.177416e-01  0.000000e+00  9.760065e-01
   outer loop
     vertex  1.446978e+01  8.000000e+00  3.443316e+00
     vertex  1.442693e+01  0.000000e+00  3.433757e+00
     vertex  1.446978e+01  0.000000e+00  3.443316e+00
   endloop
 endfacet
 facet normal -2.444354e-01  0.000000e+00  9.696656e-01
   outer loop
     vertex  1.446978e+01  8.000000e+00  3.443316e+00
     vertex  1.451234e+01  0.000000e+00  3.454046e+00
     vertex  1.451234e+01  8.000000e+00  3.454046e+00
   endloop
 endfacet
 facet normal -1.908838e-01  0.000000e+00  9.816126e-01
   outer loop
     vertex  1.442693e+01  8.000000e+00  3.433757e+00
     vertex  1.438384e+01  0.000000e+00  3.425378e+00
     vertex  1.442693e+01  0.000000e+00  3.433757e+00
   endloop
 endfacet
 facet normal -2.177416e-01  0.000000e+00  9.760065e-01
   outer loop
     vertex  1.442693e+01  8.000000e+00  3.433757e+00
     vertex  1.442693e+01  0.000000e+00  3.433757e+00
     vertex  1.446978e+01  8.000000e+00  3.443316e+00
   endloop
 endfacet
 facet normal -1.638824e-01  0.000000e+00  9.864799e-01
   outer loop
     vertex  1.438384e+01  8.000000e+00  3.425378e+00
     vertex  1.434053e+01  0.000000e+00  3.418184e+00
     vertex  1.438384e+01  0.000000e+00  3.425378e+00
   endloop
 endfacet
 facet normal -1.908838e-01  0.000000e+00  9.816126e-01
   outer loop
     vertex  1.438384e+01  8.000000e+00  3.425378e+00
     vertex  1.438384e+01  0.000000e+00  3.425378e+00
     vertex  1.442693e+01  8.000000e+00  3.433757e+00
   endloop
 endfacet
 facet normal -1.367575e-01  0.000000e+00  9.906046e-01
   outer loop
     vertex  1.434053e+01  8.000000e+00  3.418184e+00
     vertex  1.429705e+01  0.000000e+00  3.412180e+00
     vertex  1.434053e+01  0.000000e+00  3.418184e+00
   endloop
 endfacet
 facet normal -1.638824e-01  0.000000e+00  9.864799e-01
   outer loop
     vertex  1.434053e+01  8.000000e+00  3.418184e+00
     vertex  1.434053e+01  0.000000e+00  3.418184e+00
     vertex  1.438384e+01  8.000000e+00  3.425378e+00
   endloop
 endfacet
 facet normal -1.095298e-01  0.000000e+00  9.939835e-01
   outer loop
     vertex  1.429705e+01  8.000000e+00  3.412180e+00
     vertex  1.425341e+01  0.000000e+00  3.407372e+00
     vertex  1.429705e+01  0.000000e+00  3.412180e+00
   endloop
 endfacet
 facet normal -1.367575e-01  0.000000e+00  9.906046e-01
   outer loop
     vertex  1.429705e+01  8.000000e+00  3.412180e+00
     vertex  1.429705e+01  0.000000e+00  3.412180e+00
     vertex  1.434053e+01  8.000000e+00  3.418184e+00
   endloop
 endfacet
 facet normal -1.095298e-01  0.000000e+00  9.939835e-01
   outer loop
     vertex  1.425341e+01  8.000000e+00  3.407372e+00
     vertex  1.425341e+01  0.000000e+00  3.407372e+00
     vertex  1.429705e+01  8.000000e+00  3.412180e+00
   endloop
 endfacet
 facet normal -8.221955e-02  0.000000e+00  9.966142e-01
   outer loop
     vertex  1.420966e+01  8.000000e+00  3.403763e+00
     vertex  1.425341e+01  0.000000e+00  3.407372e+00
     vertex  1.425341e+01  8.000000e+00  3.407372e+00
   endloop
 endfacet
 facet normal -8.221955e-02  0.000000e+00  9.966142e-01
   outer loop
     vertex  1.420966e+01  8.000000e+00  3.403763e+00
     vertex  1.420966e+01  0.000000e+00  3.403763e+00
     vertex  1.425341e+01  0.000000e+00  3.407372e+00
   endloop
 endfacet
 facet normal -5.484744e-02  0.000000e+00  9.984947e-01
   outer loop
     vertex  1.420966e+01  8.000000e+00  3.403763e+00
     vertex  1.416583e+01  0.000000e+00  3.401355e+00
     vertex  1.420966e+01  0.000000e+00  3.403763e+00
   endloop
 endfacet
 facet normal -5.484744e-02  0.000000e+00  9.984947e-01
   outer loop
     vertex  1.416583e+01  8.000000e+00  3.401355e+00
     vertex  1.416583e+01  0.000000e+00  3.401355e+00
     vertex  1.420966e+01  8.000000e+00  3.403763e+00
   endloop
 endfacet
 facet normal -2.743405e-02  0.000000e+00  9.996236e-01
   outer loop
     vertex  1.416583e+01  8.000000e+00  3.401355e+00
     vertex  1.412195e+01  0.000000e+00  3.400151e+00
     vertex  1.416583e+01  0.000000e+00  3.401355e+00
   endloop
 endfacet
 facet normal -2.743405e-02  0.000000e+00  9.996236e-01
   outer loop
     vertex  1.412195e+01  8.000000e+00  3.400151e+00
     vertex  1.412195e+01  0.000000e+00  3.400151e+00
     vertex  1.416583e+01  8.000000e+00  3.401355e+00
   endloop
 endfacet
 facet normal  1.011625e-14  0.000000e+00  1.000000e+00
   outer loop
     vertex  1.407805e+01  8.000000e+00  3.400151e+00
     vertex  1.412195e+01  0.000000e+00  3.400151e+00
     vertex  1.412195e+01  8.000000e+00  3.400151e+00
   endloop
 endfacet
 facet normal  1.011625e-14  0.000000e+00  1.000000e+00
   outer loop
     vertex  1.407805e+01  8.000000e+00  3.400151e+00
     vertex  1.407805e+01  0.000000e+00  3.400151e+00
     vertex  1.412195e+01  0.000000e+00  3.400151e+00
   endloop
 endfacet
 facet normal  2.743405e-02  0.000000e+00  9.996236e-01
   outer loop
     vertex  1.407805e+01  8.000000e+00  3.400151e+00
     vertex  1.403417e+01  0.000000e+00  3.401355e+00
     vertex  1.407805e+01  0.000000e+00  3.400151e+00
   endloop
 endfacet
 facet normal  2.743405e-02  0.000000e+00  9.996236e-01
   outer loop
     vertex  1.403417e+01  8.000000e+00  3.401355e+00
     vertex  1.403417e+01  0.000000e+00  3.401355e+00
     vertex  1.407805e+01  8.000000e+00  3.400151e+00
   endloop
 endfacet
 facet normal  5.484744e-02  0.000000e+00  9.984947e-01
   outer loop
     vertex  1.399034e+01  8.000000e+00  3.403763e+00
     vertex  1.403417e+01  0.000000e+00  3.401355e+00
     vertex  1.403417e+01  8.000000e+00  3.401355e+00
   endloop
 endfacet
 facet normal  5.484744e-02  0.000000e+00  9.984947e-01
   outer loop
     vertex  1.399034e+01  8.000000e+00  3.403763e+00
     vertex  1.399034e+01  0.000000e+00  3.403763e+00
     vertex  1.403417e+01  0.000000e+00  3.401355e+00
   endloop
 endfacet
 facet normal  8.221955e-02  0.000000e+00  9.966142e-01
   outer loop
     vertex  1.399034e+01  8.000000e+00  3.403763e+00
     vertex  1.394659e+01  0.000000e+00  3.407372e+00
     vertex  1.399034e+01  0.000000e+00  3.403763e+00
   endloop
 endfacet
 facet normal  8.221955e-02  0.000000e+00  9.966142e-01
   outer loop
     vertex  1.394659e+01  8.000000e+00  3.407372e+00
     vertex  1.394659e+01  0.000000e+00  3.407372e+00
     vertex  1.399034e+01  8.000000e+00  3.403763e+00
   endloop
 endfacet
 facet normal  1.095298e-01  0.000000e+00  9.939835e-01
   outer loop
     vertex  1.390295e+01  8.000000e+00  3.412180e+00
     vertex  1.394659e+01  0.000000e+00  3.407372e+00
     vertex  1.394659e+01  8.000000e+00  3.407372e+00
   endloop
 endfacet
 facet normal  1.095298e-01  0.000000e+00  9.939835e-01
   outer loop
     vertex  1.390295e+01  8.000000e+00  3.412180e+00
     vertex  1.390295e+01  0.000000e+00  3.412180e+00
     vertex  1.394659e+01  0.000000e+00  3.407372e+00
   endloop
 endfacet
 facet normal  1.367575e-01  0.000000e+00  9.906046e-01
   outer loop
     vertex  1.390295e+01  8.000000e+00  3.412180e+00
     vertex  1.385947e+01  0.000000e+00  3.418184e+00
     vertex  1.390295e+01  0.000000e+00  3.412180e+00
   endloop
 endfacet
 facet normal  1.367575e-01  0.000000e+00  9.906046e-01
   outer loop
     vertex  1.385947e+01  8.000000e+00  3.418184e+00
     vertex  1.385947e+01  0.000000e+00  3.418184e+00
     vertex  1.390295e+01  8.000000e+00  3.412180e+00
   endloop
 endfacet
 facet normal  1.638824e-01  0.000000e+00  9.864799e-01
   outer loop
     vertex  1.381616e+01  8.000000e+00  3.425378e+00
     vertex  1.385947e+01  0.000000e+00  3.418184e+00
     vertex  1.385947e+01  8.000000e+00  3.418184e+00
   endloop
 endfacet
 facet normal  1.638824e-01  0.000000e+00  9.864799e-01
   outer loop
     vertex  1.381616e+01  8.000000e+00  3.425378e+00
     vertex  1.381616e+01  0.000000e+00  3.425378e+00
     vertex  1.385947e+01  0.000000e+00  3.418184e+00
   endloop
 endfacet
 facet normal  1.908838e-01  0.000000e+00  9.816126e-01
   outer loop
     vertex  1.377307e+01  8.000000e+00  3.433757e+00
     vertex  1.381616e+01  0.000000e+00  3.425378e+00
     vertex  1.381616e+01  8.000000e+00  3.425378e+00
   endloop
 endfacet
 facet normal  1.908838e-01  0.000000e+00  9.816126e-01
   outer loop
     vertex  1.377307e+01  8.000000e+00  3.433757e+00
     vertex  1.377307e+01  0.000000e+00  3.433757e+00
     vertex  1.381616e+01  0.000000e+00  3.425378e+00
   endloop
 endfacet
 facet normal  2.177416e-01  0.000000e+00  9.760065e-01
   outer loop
     vertex  1.373022e+01  8.000000e+00  3.443316e+00
     vertex  1.373022e+01  0.000000e+00  3.443316e+00
     vertex  1.377307e+01  0.000000e+00  3.433757e+00
   endloop
 endfacet
 facet normal  2.177416e-01  0.000000e+00  9.760065e-01
   outer loop
     vertex  1.373022e+01  8.000000e+00  3.443316e+00
     vertex  1.377307e+01  0.000000e+00  3.433757e+00
     vertex  1.377307e+01  8.000000e+00  3.433757e+00
   endloop
 endfacet
 facet normal  2.444354e-01  0.000000e+00  9.696656e-01
   outer loop
     vertex  1.373022e+01  8.000000e+00  3.443316e+00
     vertex  1.368766e+01  0.000000e+00  3.454046e+00
     vertex  1.373022e+01  0.000000e+00  3.443316e+00
   endloop
 endfacet
 facet normal  2.444354e-01  0.000000e+00  9.696656e-01
   outer loop
     vertex  1.368766e+01  8.000000e+00  3.454046e+00
     vertex  1.368766e+01  0.000000e+00  3.454046e+00
     vertex  1.373022e+01  8.000000e+00  3.443316e+00
   endloop
 endfacet
 facet normal  2.709453e-01  0.000000e+00  9.625948e-01
   outer loop
     vertex  1.364540e+01  8.000000e+00  3.465940e+00
     vertex  1.364540e+01  0.000000e+00  3.465940e+00
     vertex  1.368766e+01  0.000000e+00  3.454046e+00
   endloop
 endfacet
 facet normal  2.709453e-01  0.000000e+00  9.625948e-01
   outer loop
     vertex  1.364540e+01  8.000000e+00  3.465940e+00
     vertex  1.368766e+01  0.000000e+00  3.454046e+00
     vertex  1.368766e+01  8.000000e+00  3.454046e+00
   endloop
 endfacet
 facet normal  2.972512e-01  0.000000e+00  9.547993e-01
   outer loop
     vertex  1.360349e+01  8.000000e+00  3.478989e+00
     vertex  1.360349e+01  0.000000e+00  3.478989e+00
     vertex  1.364540e+01  0.000000e+00  3.465940e+00
   endloop
 endfacet
 facet normal  2.972512e-01  0.000000e+00  9.547993e-01
   outer loop
     vertex  1.360349e+01  8.000000e+00  3.478989e+00
     vertex  1.364540e+01  0.000000e+00  3.465940e+00
     vertex  1.364540e+01  8.000000e+00  3.465940e+00
   endloop
 endfacet
 facet normal  3.233333e-01  0.000000e+00  9.462851e-01
   outer loop
     vertex  1.356195e+01  8.000000e+00  3.493183e+00
     vertex  1.356195e+01  0.000000e+00  3.493183e+00
     vertex  1.360349e+01  0.000000e+00  3.478989e+00
   endloop
 endfacet
 facet normal  3.233333e-01  0.000000e+00  9.462851e-01
   outer loop
     vertex  1.356195e+01  8.000000e+00  3.493183e+00
     vertex  1.360349e+01  0.000000e+00  3.478989e+00
     vertex  1.360349e+01  8.000000e+00  3.478989e+00
   endloop
 endfacet
 facet normal  3.491720e-01  0.000000e+00  9.370586e-01
   outer loop
     vertex  1.352081e+01  8.000000e+00  3.508511e+00
     vertex  1.352081e+01  0.000000e+00  3.508511e+00
     vertex  1.356195e+01  0.000000e+00  3.493183e+00
   endloop
 endfacet
 facet normal  3.747479e-01  0.000000e+00  9.271267e-01
   outer loop
     vertex  1.352081e+01  8.000000e+00  3.508511e+00
     vertex  1.348011e+01  0.000000e+00  3.524962e+00
     vertex  1.352081e+01  0.000000e+00  3.508511e+00
   endloop
 endfacet
 facet normal  3.491720e-01  0.000000e+00  9.370586e-01
   outer loop
     vertex  1.352081e+01  8.000000e+00  3.508511e+00
     vertex  1.356195e+01  0.000000e+00  3.493183e+00
     vertex  1.356195e+01  8.000000e+00  3.493183e+00
   endloop
 endfacet
 facet normal  4.000417e-01  0.000000e+00  9.164969e-01
   outer loop
     vertex  1.348011e+01  8.000000e+00  3.524962e+00
     vertex  1.343988e+01  0.000000e+00  3.542524e+00
     vertex  1.348011e+01  0.000000e+00  3.524962e+00
   endloop
 endfacet
 facet normal  3.747479e-01  0.000000e+00  9.271267e-01
   outer loop
     vertex  1.348011e+01  8.000000e+00  3.524962e+00
     vertex  1.348011e+01  0.000000e+00  3.524962e+00
     vertex  1.352081e+01  8.000000e+00  3.508511e+00
   endloop
 endfacet
 facet normal  4.000417e-01  0.000000e+00  9.164969e-01
   outer loop
     vertex  1.343988e+01  8.000000e+00  3.542524e+00
     vertex  1.343988e+01  0.000000e+00  3.542524e+00
     vertex  1.348011e+01  8.000000e+00  3.524962e+00
   endloop
 endfacet
 facet normal  4.250344e-01  0.000000e+00  9.051772e-01
   outer loop
     vertex  1.340014e+01  8.000000e+00  3.561182e+00
     vertex  1.340014e+01  0.000000e+00  3.561182e+00
     vertex  1.343988e+01  0.000000e+00  3.542524e+00
   endloop
 endfacet
 facet normal  4.250344e-01  0.000000e+00  9.051772e-01
   outer loop
     vertex  1.340014e+01  8.000000e+00  3.561182e+00
     vertex  1.343988e+01  0.000000e+00  3.542524e+00
     vertex  1.343988e+01  8.000000e+00  3.542524e+00
   endloop
 endfacet
 facet normal  4.497071e-01  0.000000e+00  8.931761e-01
   outer loop
     vertex  1.336093e+01  8.000000e+00  3.580923e+00
     vertex  1.336093e+01  0.000000e+00  3.580923e+00
     vertex  1.340014e+01  0.000000e+00  3.561182e+00
   endloop
 endfacet
 facet normal  4.497071e-01  0.000000e+00  8.931761e-01
   outer loop
     vertex  1.336093e+01  8.000000e+00  3.580923e+00
     vertex  1.340014e+01  0.000000e+00  3.561182e+00
     vertex  1.340014e+01  8.000000e+00  3.561182e+00
   endloop
 endfacet
 facet normal  4.740412e-01  0.000000e+00  8.805026e-01
   outer loop
     vertex  1.332228e+01  8.000000e+00  3.601733e+00
     vertex  1.332228e+01  0.000000e+00  3.601733e+00
     vertex  1.336093e+01  0.000000e+00  3.580923e+00
   endloop
 endfacet
 facet normal  4.740412e-01  0.000000e+00  8.805026e-01
   outer loop
     vertex  1.332228e+01  8.000000e+00  3.601733e+00
     vertex  1.336093e+01  0.000000e+00  3.580923e+00
     vertex  1.336093e+01  8.000000e+00  3.580923e+00
   endloop
 endfacet
 facet normal  4.980186e-01  0.000000e+00  8.671664e-01
   outer loop
     vertex  1.328421e+01  8.000000e+00  3.623596e+00
     vertex  1.328421e+01  0.000000e+00  3.623596e+00
     vertex  1.332228e+01  0.000000e+00  3.601733e+00
   endloop
 endfacet
 facet normal  5.216210e-01  0.000000e+00  8.531773e-01
   outer loop
     vertex  1.328421e+01  8.000000e+00  3.623596e+00
     vertex  1.324676e+01  0.000000e+00  3.646494e+00
     vertex  1.328421e+01  0.000000e+00  3.623596e+00
   endloop
 endfacet
 facet normal  4.980186e-01  0.000000e+00  8.671664e-01
   outer loop
     vertex  1.328421e+01  8.000000e+00  3.623596e+00
     vertex  1.332228e+01  0.000000e+00  3.601733e+00
     vertex  1.332228e+01  8.000000e+00  3.601733e+00
   endloop
 endfacet
 facet normal  5.448308e-01  0.000000e+00  8.385460e-01
   outer loop
     vertex  1.324676e+01  8.000000e+00  3.646494e+00
     vertex  1.320995e+01  0.000000e+00  3.670411e+00
     vertex  1.324676e+01  0.000000e+00  3.646494e+00
   endloop
 endfacet
 facet normal  5.216210e-01  0.000000e+00  8.531773e-01
   outer loop
     vertex  1.324676e+01  8.000000e+00  3.646494e+00
     vertex  1.324676e+01  0.000000e+00  3.646494e+00
     vertex  1.328421e+01  8.000000e+00  3.623596e+00
   endloop
 endfacet
 facet normal  5.448308e-01  0.000000e+00  8.385460e-01
   outer loop
     vertex  1.320995e+01  8.000000e+00  3.670411e+00
     vertex  1.320995e+01  0.000000e+00  3.670411e+00
     vertex  1.324676e+01  8.000000e+00  3.646494e+00
   endloop
 endfacet
 facet normal  5.676304e-01  0.000000e+00  8.232835e-01
   outer loop
     vertex  1.317381e+01  8.000000e+00  3.695329e+00
     vertex  1.320995e+01  0.000000e+00  3.670411e+00
     vertex  1.320995e+01  8.000000e+00  3.670411e+00
   endloop
 endfacet
 facet normal  5.676304e-01  0.000000e+00  8.232835e-01
   outer loop
     vertex  1.317381e+01  8.000000e+00  3.695329e+00
     vertex  1.317381e+01  0.000000e+00  3.695329e+00
     vertex  1.320995e+01  0.000000e+00  3.670411e+00
   endloop
 endfacet
 facet normal  5.900028e-01  0.000000e+00  8.074012e-01
   outer loop
     vertex  1.317381e+01  8.000000e+00  3.695329e+00
     vertex  1.313836e+01  0.000000e+00  3.721230e+00
     vertex  1.317381e+01  0.000000e+00  3.695329e+00
   endloop
 endfacet
 facet normal  5.900028e-01  0.000000e+00  8.074012e-01
   outer loop
     vertex  1.313836e+01  8.000000e+00  3.721230e+00
     vertex  1.313836e+01  0.000000e+00  3.721230e+00
     vertex  1.317381e+01  8.000000e+00  3.695329e+00
   endloop
 endfacet
 facet normal  6.119310e-01  0.000000e+00  7.909112e-01
   outer loop
     vertex  1.310364e+01  8.000000e+00  3.748093e+00
     vertex  1.313836e+01  0.000000e+00  3.721230e+00
     vertex  1.313836e+01  8.000000e+00  3.721230e+00
   endloop
 endfacet
 facet normal  6.119310e-01  0.000000e+00  7.909112e-01
   outer loop
     vertex  1.310364e+01  8.000000e+00  3.748093e+00
     vertex  1.310364e+01  0.000000e+00  3.748093e+00
     vertex  1.313836e+01  0.000000e+00  3.721230e+00
   endloop
 endfacet
 facet normal  6.333986e-01  0.000000e+00  7.738257e-01
   outer loop
     vertex  1.310364e+01  8.000000e+00  3.748093e+00
     vertex  1.306967e+01  0.000000e+00  3.775898e+00
     vertex  1.310364e+01  0.000000e+00  3.748093e+00
   endloop
 endfacet
 facet normal  6.333986e-01  0.000000e+00  7.738257e-01
   outer loop
     vertex  1.306967e+01  8.000000e+00  3.775898e+00
     vertex  1.306967e+01  0.000000e+00  3.775898e+00
     vertex  1.310364e+01  8.000000e+00  3.748093e+00
   endloop
 endfacet
 facet normal  6.543893e-01  0.000000e+00  7.561578e-01
   outer loop
     vertex  1.303648e+01  8.000000e+00  3.804625e+00
     vertex  1.306967e+01  0.000000e+00  3.775898e+00
     vertex  1.306967e+01  8.000000e+00  3.775898e+00
   endloop
 endfacet
 facet normal  6.543893e-01  0.000000e+00  7.561578e-01
   outer loop
     vertex  1.303648e+01  8.000000e+00  3.804625e+00
     vertex  1.303648e+01  0.000000e+00  3.804625e+00
     vertex  1.306967e+01  0.000000e+00  3.775898e+00
   endloop
 endfacet
 facet normal  6.748875e-01  0.000000e+00  7.379206e-01
   outer loop
     vertex  1.300408e+01  8.000000e+00  3.834251e+00
     vertex  1.303648e+01  0.000000e+00  3.804625e+00
     vertex  1.303648e+01  8.000000e+00  3.804625e+00
   endloop
 endfacet
 facet normal  6.748875e-01  0.000000e+00  7.379206e-01
   outer loop
     vertex  1.300408e+01  8.000000e+00  3.834251e+00
     vertex  1.300408e+01  0.000000e+00  3.834251e+00
     vertex  1.303648e+01  0.000000e+00  3.804625e+00
   endloop
 endfacet
 facet normal  6.948776e-01  0.000000e+00  7.191280e-01
   outer loop
     vertex  1.297252e+01  8.000000e+00  3.864756e+00
     vertex  1.300408e+01  0.000000e+00  3.834251e+00
     vertex  1.300408e+01  8.000000e+00  3.834251e+00
   endloop
 endfacet
 facet normal  6.948776e-01  0.000000e+00  7.191280e-01
   outer loop
     vertex  1.297252e+01  8.000000e+00  3.864756e+00
     vertex  1.297252e+01  0.000000e+00  3.864756e+00
     vertex  1.300408e+01  0.000000e+00  3.834251e+00
   endloop
 endfacet
 facet normal  7.143447e-01  0.000000e+00  6.997940e-01
   outer loop
     vertex  1.294180e+01  8.000000e+00  3.896114e+00
     vertex  1.297252e+01  0.000000e+00  3.864756e+00
     vertex  1.297252e+01  8.000000e+00  3.864756e+00
   endloop
 endfacet
 facet normal  7.143447e-01  0.000000e+00  6.997940e-01
   outer loop
     vertex  1.294180e+01  8.000000e+00  3.896114e+00
     vertex  1.294180e+01  0.000000e+00  3.896114e+00
     vertex  1.297252e+01  0.000000e+00  3.864756e+00
   endloop
 endfacet
 facet normal  7.332740e-01  0.000000e+00  6.799333e-01
   outer loop
     vertex  1.291195e+01  8.000000e+00  3.928304e+00
     vertex  1.294180e+01  0.000000e+00  3.896114e+00
     vertex  1.294180e+01  8.000000e+00  3.896114e+00
   endloop
 endfacet
 facet normal  7.332740e-01  0.000000e+00  6.799333e-01
   outer loop
     vertex  1.291195e+01  8.000000e+00  3.928304e+00
     vertex  1.291195e+01  0.000000e+00  3.928304e+00
     vertex  1.294180e+01  0.000000e+00  3.896114e+00
   endloop
 endfacet
 facet normal  7.516513e-01  0.000000e+00  6.595607e-01
   outer loop
     vertex  1.291195e+01  8.000000e+00  3.928304e+00
     vertex  1.288299e+01  0.000000e+00  3.961300e+00
     vertex  1.291195e+01  0.000000e+00  3.928304e+00
   endloop
 endfacet
 facet normal  7.516513e-01  0.000000e+00  6.595607e-01
   outer loop
     vertex  1.288299e+01  8.000000e+00  3.961300e+00
     vertex  1.288299e+01  0.000000e+00  3.961300e+00
     vertex  1.291195e+01  8.000000e+00  3.928304e+00
   endloop
 endfacet
 facet normal  7.694628e-01  0.000000e+00  6.386916e-01
   outer loop
     vertex  1.285496e+01  8.000000e+00  3.995079e+00
     vertex  1.288299e+01  0.000000e+00  3.961300e+00
     vertex  1.288299e+01  8.000000e+00  3.961300e+00
   endloop
 endfacet
 facet normal  7.694628e-01  0.000000e+00  6.386916e-01
   outer loop
     vertex  1.285496e+01  8.000000e+00  3.995079e+00
     vertex  1.285496e+01  0.000000e+00  3.995079e+00
     vertex  1.288299e+01  0.000000e+00  3.961300e+00
   endloop
 endfacet
 facet normal  7.866951e-01  0.000000e+00  6.173417e-01
   outer loop
     vertex  1.282786e+01  8.000000e+00  4.029614e+00
     vertex  1.285496e+01  0.000000e+00  3.995079e+00
     vertex  1.285496e+01  8.000000e+00  3.995079e+00
   endloop
 endfacet
 facet normal  7.866951e-01  0.000000e+00  6.173417e-01
   outer loop
     vertex  1.282786e+01  8.000000e+00  4.029614e+00
     vertex  1.282786e+01  0.000000e+00  4.029614e+00
     vertex  1.285496e+01  0.000000e+00  3.995079e+00
   endloop
 endfacet
 facet normal  8.033352e-01  0.000000e+00  5.955271e-01
   outer loop
     vertex  1.280171e+01  8.000000e+00  4.064879e+00
     vertex  1.282786e+01  0.000000e+00  4.029614e+00
     vertex  1.282786e+01  8.000000e+00  4.029614e+00
   endloop
 endfacet
 facet normal  8.033352e-01  0.000000e+00  5.955271e-01
   outer loop
     vertex  1.280171e+01  8.000000e+00  4.064879e+00
     vertex  1.280171e+01  0.000000e+00  4.064879e+00
     vertex  1.282786e+01  0.000000e+00  4.029614e+00
   endloop
 endfacet
 facet normal  8.193706e-01  0.000000e+00  5.732642e-01
   outer loop
     vertex  1.277655e+01  8.000000e+00  4.100848e+00
     vertex  1.280171e+01  0.000000e+00  4.064879e+00
     vertex  1.280171e+01  8.000000e+00  4.064879e+00
   endloop
 endfacet
 facet normal  8.193706e-01  0.000000e+00  5.732642e-01
   outer loop
     vertex  1.277655e+01  8.000000e+00  4.100848e+00
     vertex  1.277655e+01  0.000000e+00  4.100848e+00
     vertex  1.280171e+01  0.000000e+00  4.064879e+00
   endloop
 endfacet
 facet normal  8.347891e-01  0.000000e+00  5.505698e-01
   outer loop
     vertex  1.275238e+01  8.000000e+00  4.137494e+00
     vertex  1.277655e+01  0.000000e+00  4.100848e+00
     vertex  1.277655e+01  8.000000e+00  4.100848e+00
   endloop
 endfacet
 facet normal  8.347891e-01  0.000000e+00  5.505698e-01
   outer loop
     vertex  1.275238e+01  8.000000e+00  4.137494e+00
     vertex  1.275238e+01  0.000000e+00  4.137494e+00
     vertex  1.277655e+01  0.000000e+00  4.100848e+00
   endloop
 endfacet
 facet normal  8.495793e-01  0.000000e+00  5.274609e-01
   outer loop
     vertex  1.275238e+01  8.000000e+00  4.137494e+00
     vertex  1.272922e+01  0.000000e+00  4.174790e+00
     vertex  1.275238e+01  0.000000e+00  4.137494e+00
   endloop
 endfacet
 facet normal  8.495793e-01  0.000000e+00  5.274609e-01
   outer loop
     vertex  1.272922e+01  8.000000e+00  4.174790e+00
     vertex  1.272922e+01  0.000000e+00  4.174790e+00
     vertex  1.275238e+01  8.000000e+00  4.137494e+00
   endloop
 endfacet
 facet normal  8.637299e-01  0.000000e+00  5.039550e-01
   outer loop
     vertex  1.270710e+01  8.000000e+00  4.212706e+00
     vertex  1.272922e+01  0.000000e+00  4.174790e+00
     vertex  1.272922e+01  8.000000e+00  4.174790e+00
   endloop
 endfacet
 facet normal  8.637299e-01  0.000000e+00  5.039550e-01
   outer loop
     vertex  1.270710e+01  8.000000e+00  4.212706e+00
     vertex  1.270710e+01  0.000000e+00  4.212706e+00
     vertex  1.272922e+01  0.000000e+00  4.174790e+00
   endloop
 endfacet
 facet normal  8.772303e-01  0.000000e+00  4.800697e-01
   outer loop
     vertex  1.270710e+01  8.000000e+00  4.212706e+00
     vertex  1.268603e+01  0.000000e+00  4.251215e+00
     vertex  1.270710e+01  0.000000e+00  4.212706e+00
   endloop
 endfacet
 facet normal  8.772303e-01  0.000000e+00  4.800697e-01
   outer loop
     vertex  1.268603e+01  8.000000e+00  4.251215e+00
     vertex  1.268603e+01  0.000000e+00  4.251215e+00
     vertex  1.270710e+01  8.000000e+00  4.212706e+00
   endloop
 endfacet
 facet normal  8.900704e-01  0.000000e+00  4.558231e-01
   outer loop
     vertex  1.266602e+01  8.000000e+00  4.290288e+00
     vertex  1.268603e+01  0.000000e+00  4.251215e+00
     vertex  1.268603e+01  8.000000e+00  4.251215e+00
   endloop
 endfacet
 facet normal  8.900704e-01  0.000000e+00  4.558231e-01
   outer loop
     vertex  1.266602e+01  8.000000e+00  4.290288e+00
     vertex  1.266602e+01  0.000000e+00  4.290288e+00
     vertex  1.268603e+01  0.000000e+00  4.251215e+00
   endloop
 endfacet
 facet normal  9.022405e-01  0.000000e+00  4.312333e-01
   outer loop
     vertex  1.264709e+01  8.000000e+00  4.329895e+00
     vertex  1.266602e+01  0.000000e+00  4.290288e+00
     vertex  1.266602e+01  8.000000e+00  4.290288e+00
   endloop
 endfacet
 facet normal  9.022405e-01  0.000000e+00  4.312333e-01
   outer loop
     vertex  1.264709e+01  8.000000e+00  4.329895e+00
     vertex  1.264709e+01  0.000000e+00  4.329895e+00
     vertex  1.266602e+01  0.000000e+00  4.290288e+00
   endloop
 endfacet
 facet normal  9.137314e-01  0.000000e+00  4.063188e-01
   outer loop
     vertex  1.264709e+01  8.000000e+00  4.329895e+00
     vertex  1.262925e+01  0.000000e+00  4.370007e+00
     vertex  1.264709e+01  0.000000e+00  4.329895e+00
   endloop
 endfacet
 facet normal  9.137314e-01  0.000000e+00  4.063188e-01
   outer loop
     vertex  1.262925e+01  8.000000e+00  4.370007e+00
     vertex  1.262925e+01  0.000000e+00  4.370007e+00
     vertex  1.264709e+01  8.000000e+00  4.329895e+00
   endloop
 endfacet
 facet normal  9.245344e-01  0.000000e+00  3.810986e-01
   outer loop
     vertex  1.261252e+01  8.000000e+00  4.410593e+00
     vertex  1.261252e+01  0.000000e+00  4.410593e+00
     vertex  1.262925e+01  0.000000e+00  4.370007e+00
   endloop
 endfacet
 facet normal  9.245344e-01  0.000000e+00  3.810986e-01
   outer loop
     vertex  1.261252e+01  8.000000e+00  4.410593e+00
     vertex  1.262925e+01  0.000000e+00  4.370007e+00
     vertex  1.262925e+01  8.000000e+00  4.370007e+00
   endloop
 endfacet
 facet normal  9.346415e-01  0.000000e+00  3.555914e-01
   outer loop
     vertex  1.259691e+01  8.000000e+00  4.451622e+00
     vertex  1.259691e+01  0.000000e+00  4.451622e+00
     vertex  1.261252e+01  0.000000e+00  4.410593e+00
   endloop
 endfacet
 facet normal  9.346415e-01  0.000000e+00  3.555914e-01
   outer loop
     vertex  1.259691e+01  8.000000e+00  4.451622e+00
     vertex  1.261252e+01  0.000000e+00  4.410593e+00
     vertex  1.261252e+01  8.000000e+00  4.410593e+00
   endloop
 endfacet
 facet normal  9.440450e-01  0.000000e+00  3.298166e-01
   outer loop
     vertex  1.258243e+01  8.000000e+00  4.493064e+00
     vertex  1.258243e+01  0.000000e+00  4.493064e+00
     vertex  1.259691e+01  0.000000e+00  4.451622e+00
   endloop
 endfacet
 facet normal  9.440450e-01  0.000000e+00  3.298166e-01
   outer loop
     vertex  1.258243e+01  8.000000e+00  4.493064e+00
     vertex  1.259691e+01  0.000000e+00  4.451622e+00
     vertex  1.259691e+01  8.000000e+00  4.451622e+00
   endloop
 endfacet
 facet normal  9.527379e-01  0.000000e+00  3.037934e-01
   outer loop
     vertex  1.256909e+01  8.000000e+00  4.534888e+00
     vertex  1.256909e+01  0.000000e+00  4.534888e+00
     vertex  1.258243e+01  0.000000e+00  4.493064e+00
   endloop
 endfacet
 facet normal  9.607136e-01  0.000000e+00  2.775416e-01
   outer loop
     vertex  1.256909e+01  8.000000e+00  4.534888e+00
     vertex  1.255691e+01  0.000000e+00  4.577062e+00
     vertex  1.256909e+01  0.000000e+00  4.534888e+00
   endloop
 endfacet
 facet normal  9.527379e-01  0.000000e+00  3.037934e-01
   outer loop
     vertex  1.256909e+01  8.000000e+00  4.534888e+00
     vertex  1.258243e+01  0.000000e+00  4.493064e+00
     vertex  1.258243e+01  8.000000e+00  4.493064e+00
   endloop
 endfacet
 facet normal  9.607136e-01  0.000000e+00  2.775416e-01
   outer loop
     vertex  1.255691e+01  8.000000e+00  4.577062e+00
     vertex  1.255691e+01  0.000000e+00  4.577062e+00
     vertex  1.256909e+01  8.000000e+00  4.534888e+00
   endloop
 endfacet
 facet normal  9.679661e-01  0.000000e+00  2.510809e-01
   outer loop
     vertex  1.254589e+01  8.000000e+00  4.619555e+00
     vertex  1.255691e+01  0.000000e+00  4.577062e+00
     vertex  1.255691e+01  8.000000e+00  4.577062e+00
   endloop
 endfacet
 facet normal  9.679661e-01  0.000000e+00  2.510809e-01
   outer loop
     vertex  1.254589e+01  8.000000e+00  4.619555e+00
     vertex  1.254589e+01  0.000000e+00  4.619555e+00
     vertex  1.255691e+01  0.000000e+00  4.577062e+00
   endloop
 endfacet
 facet normal  9.744899e-01  0.000000e+00  2.244312e-01
   outer loop
     vertex  1.254589e+01  8.000000e+00  4.619555e+00
     vertex  1.253604e+01  0.000000e+00  4.662333e+00
     vertex  1.254589e+01  0.000000e+00  4.619555e+00
   endloop
 endfacet
 facet normal  9.744899e-01  0.000000e+00  2.244312e-01
   outer loop
     vertex  1.253604e+01  8.000000e+00  4.662333e+00
     vertex  1.253604e+01  0.000000e+00  4.662333e+00
     vertex  1.254589e+01  8.000000e+00  4.619555e+00
   endloop
 endfacet
 facet normal  9.802802e-01  0.000000e+00  1.976125e-01
   outer loop
     vertex  1.252736e+01  8.000000e+00  4.705366e+00
     vertex  1.253604e+01  0.000000e+00  4.662333e+00
     vertex  1.253604e+01  8.000000e+00  4.662333e+00
   endloop
 endfacet
 facet normal  9.802802e-01  0.000000e+00  1.976125e-01
   outer loop
     vertex  1.252736e+01  8.000000e+00  4.705366e+00
     vertex  1.252736e+01  0.000000e+00  4.705366e+00
     vertex  1.253604e+01  0.000000e+00  4.662333e+00
   endloop
 endfacet
 facet normal  9.853326e-01  0.000000e+00  1.706451e-01
   outer loop
     vertex  1.252736e+01  8.000000e+00  4.705366e+00
     vertex  1.251987e+01  0.000000e+00  4.748621e+00
     vertex  1.252736e+01  0.000000e+00  4.705366e+00
   endloop
 endfacet
 facet normal  9.853326e-01  0.000000e+00  1.706451e-01
   outer loop
     vertex  1.251987e+01  8.000000e+00  4.748621e+00
     vertex  1.251987e+01  0.000000e+00  4.748621e+00
     vertex  1.252736e+01  8.000000e+00  4.705366e+00
   endloop
 endfacet
 facet normal  9.896432e-01  0.000000e+00  1.435492e-01
   outer loop
     vertex  1.251357e+01  8.000000e+00  4.792065e+00
     vertex  1.251987e+01  0.000000e+00  4.748621e+00
     vertex  1.251987e+01  8.000000e+00  4.748621e+00
   endloop
 endfacet
 facet normal  9.896432e-01  0.000000e+00  1.435492e-01
   outer loop
     vertex  1.251357e+01  8.000000e+00  4.792065e+00
     vertex  1.251357e+01  0.000000e+00  4.792065e+00
     vertex  1.251987e+01  0.000000e+00  4.748621e+00
   endloop
 endfacet
 facet normal  9.932088e-01  0.000000e+00  1.163452e-01
   outer loop
     vertex  1.250846e+01  8.000000e+00  4.835665e+00
     vertex  1.251357e+01  0.000000e+00  4.792065e+00
     vertex  1.251357e+01  8.000000e+00  4.792065e+00
   endloop
 endfacet
 facet normal  9.932088e-01  0.000000e+00  1.163452e-01
   outer loop
     vertex  1.250846e+01  8.000000e+00  4.835665e+00
     vertex  1.250846e+01  0.000000e+00  4.835665e+00
     vertex  1.251357e+01  0.000000e+00  4.792065e+00
   endloop
 endfacet
 facet normal  9.960268e-01  0.000000e+00  8.905371e-02
   outer loop
     vertex  1.250455e+01  8.000000e+00  4.879390e+00
     vertex  1.250846e+01  0.000000e+00  4.835665e+00
     vertex  1.250846e+01  8.000000e+00  4.835665e+00
   endloop
 endfacet
 facet normal  9.960268e-01  0.000000e+00  8.905371e-02
   outer loop
     vertex  1.250455e+01  8.000000e+00  4.879390e+00
     vertex  1.250455e+01  0.000000e+00  4.879390e+00
     vertex  1.250846e+01  0.000000e+00  4.835665e+00
   endloop
 endfacet
 facet normal  9.980950e-01  0.000000e+00  6.169515e-02
   outer loop
     vertex  1.250184e+01  8.000000e+00  4.923205e+00
     vertex  1.250455e+01  0.000000e+00  4.879390e+00
     vertex  1.250455e+01  8.000000e+00  4.879390e+00
   endloop
 endfacet
 facet normal  9.980950e-01  0.000000e+00  6.169515e-02
   outer loop
     vertex  1.250184e+01  8.000000e+00  4.923205e+00
     vertex  1.250184e+01  0.000000e+00  4.923205e+00
     vertex  1.250455e+01  0.000000e+00  4.879390e+00
   endloop
 endfacet
 facet normal  9.994119e-01  0.000000e+00  3.429014e-02
   outer loop
     vertex  1.250034e+01  8.000000e+00  4.967077e+00
     vertex  1.250184e+01  0.000000e+00  4.923205e+00
     vertex  1.250184e+01  8.000000e+00  4.923205e+00
   endloop
 endfacet
 facet normal  9.994119e-01  0.000000e+00  3.429014e-02
   outer loop
     vertex  1.250034e+01  8.000000e+00  4.967077e+00
     vertex  1.250034e+01  0.000000e+00  4.967077e+00
     vertex  1.250184e+01  0.000000e+00  4.923205e+00
   endloop
 endfacet
 facet normal  9.999765e-01  0.000000e+00  6.859319e-03
   outer loop
     vertex  1.250034e+01  8.000000e+00  4.967077e+00
     vertex  1.250004e+01  0.000000e+00  5.010975e+00
     vertex  1.250034e+01  0.000000e+00  4.967077e+00
   endloop
 endfacet
 facet normal  9.999765e-01  0.000000e+00  6.859319e-03
   outer loop
     vertex  1.250004e+01  8.000000e+00  5.010975e+00
     vertex  1.250004e+01  0.000000e+00  5.010975e+00
     vertex  1.250034e+01  8.000000e+00  4.967077e+00
   endloop
 endfacet
 facet normal  9.997883e-01  0.000000e+00 -2.057667e-02
   outer loop
     vertex  1.250094e+01  8.000000e+00  5.054864e+00
     vertex  1.250004e+01  0.000000e+00  5.010975e+00
     vertex  1.250004e+01  8.000000e+00  5.010975e+00
   endloop
 endfacet
 facet normal  9.997883e-01  0.000000e+00 -2.057667e-02
   outer loop
     vertex  1.250094e+01  8.000000e+00  5.054864e+00
     vertex  1.250094e+01  0.000000e+00  5.054864e+00
     vertex  1.250004e+01  0.000000e+00  5.010975e+00
   endloop
 endfacet
 facet normal  9.988475e-01  0.000000e+00 -4.799716e-02
   outer loop
     vertex  1.250305e+01  8.000000e+00  5.098712e+00
     vertex  1.250305e+01  0.000000e+00  5.098712e+00
     vertex  1.250094e+01  0.000000e+00  5.054864e+00
   endloop
 endfacet
 facet normal  9.971548e-01  0.000000e+00 -7.538152e-02
   outer loop
     vertex  1.250305e+01  8.000000e+00  5.098712e+00
     vertex  1.250636e+01  0.000000e+00  5.142486e+00
     vertex  1.250305e+01  0.000000e+00  5.098712e+00
   endloop
 endfacet
 facet normal  9.988475e-01  0.000000e+00 -4.799716e-02
   outer loop
     vertex  1.250305e+01  8.000000e+00  5.098712e+00
     vertex  1.250094e+01  0.000000e+00  5.054864e+00
     vertex  1.250094e+01  8.000000e+00  5.054864e+00
   endloop
 endfacet
 facet normal  9.971548e-01  0.000000e+00 -7.538152e-02
   outer loop
     vertex  1.250636e+01  8.000000e+00  5.142486e+00
     vertex  1.250636e+01  0.000000e+00  5.142486e+00
     vertex  1.250305e+01  8.000000e+00  5.098712e+00
   endloop
 endfacet
 facet normal  9.947114e-01  0.000000e+00 -1.027091e-01
   outer loop
     vertex  1.251087e+01  8.000000e+00  5.186152e+00
     vertex  1.251087e+01  0.000000e+00  5.186152e+00
     vertex  1.250636e+01  0.000000e+00  5.142486e+00
   endloop
 endfacet
 facet normal  9.947114e-01  0.000000e+00 -1.027091e-01
   outer loop
     vertex  1.251087e+01  8.000000e+00  5.186152e+00
     vertex  1.250636e+01  0.000000e+00  5.142486e+00
     vertex  1.250636e+01  8.000000e+00  5.142486e+00
   endloop
 endfacet
 facet normal  9.915193e-01  0.000000e+00 -1.299594e-01
   outer loop
     vertex  1.251657e+01  8.000000e+00  5.229679e+00
     vertex  1.251657e+01  0.000000e+00  5.229679e+00
     vertex  1.251087e+01  0.000000e+00  5.186152e+00
   endloop
 endfacet
 facet normal  9.915193e-01  0.000000e+00 -1.299594e-01
   outer loop
     vertex  1.251657e+01  8.000000e+00  5.229679e+00
     vertex  1.251087e+01  0.000000e+00  5.186152e+00
     vertex  1.251087e+01  8.000000e+00  5.186152e+00
   endloop
 endfacet
 facet normal  9.875808e-01  0.000000e+00 -1.571119e-01
   outer loop
     vertex  1.252347e+01  8.000000e+00  5.273032e+00
     vertex  1.252347e+01  0.000000e+00  5.273032e+00
     vertex  1.251657e+01  0.000000e+00  5.229679e+00
   endloop
 endfacet
 facet normal  9.828989e-01  0.000000e+00 -1.841461e-01
   outer loop
     vertex  1.252347e+01  8.000000e+00  5.273032e+00
     vertex  1.253155e+01  0.000000e+00  5.316180e+00
     vertex  1.252347e+01  0.000000e+00  5.273032e+00
   endloop
 endfacet
 facet normal  9.875808e-01  0.000000e+00 -1.571119e-01
   outer loop
     vertex  1.252347e+01  8.000000e+00  5.273032e+00
     vertex  1.251657e+01  0.000000e+00  5.229679e+00
     vertex  1.251657e+01  8.000000e+00  5.229679e+00
   endloop
 endfacet
 facet normal  9.828989e-01  0.000000e+00 -1.841461e-01
   outer loop
     vertex  1.253155e+01  8.000000e+00  5.316180e+00
     vertex  1.253155e+01  0.000000e+00  5.316180e+00
     vertex  1.252347e+01  8.000000e+00  5.273032e+00
   endloop
 endfacet
 facet normal  9.774771e-01  0.000000e+00 -2.110417e-01
   outer loop
     vertex  1.254082e+01  8.000000e+00  5.359090e+00
     vertex  1.254082e+01  0.000000e+00  5.359090e+00
     vertex  1.253155e+01  0.000000e+00  5.316180e+00
   endloop
 endfacet
 facet normal  9.774771e-01  0.000000e+00 -2.110417e-01
   outer loop
     vertex  1.254082e+01  8.000000e+00  5.359090e+00
     vertex  1.253155e+01  0.000000e+00  5.316180e+00
     vertex  1.253155e+01  8.000000e+00  5.316180e+00
   endloop
 endfacet
 facet normal  9.713194e-01  0.000000e+00 -2.377784e-01
   outer loop
     vertex  1.255125e+01  8.000000e+00  5.401729e+00
     vertex  1.255125e+01  0.000000e+00  5.401729e+00
     vertex  1.254082e+01  0.000000e+00  5.359090e+00
   endloop
 endfacet
 facet normal  9.713194e-01  0.000000e+00 -2.377784e-01
   outer loop
     vertex  1.255125e+01  8.000000e+00  5.401729e+00
     vertex  1.254082e+01  0.000000e+00  5.359090e+00
     vertex  1.254082e+01  8.000000e+00  5.359090e+00
   endloop
 endfacet
 facet normal  9.644306e-01  0.000000e+00 -2.643362e-01
   outer loop
     vertex  1.256286e+01  8.000000e+00  5.444067e+00
     vertex  1.256286e+01  0.000000e+00  5.444067e+00
     vertex  1.255125e+01  0.000000e+00  5.401729e+00
   endloop
 endfacet
 facet normal  9.644306e-01  0.000000e+00 -2.643362e-01
   outer loop
     vertex  1.256286e+01  8.000000e+00  5.444067e+00
     vertex  1.255125e+01  0.000000e+00  5.401729e+00
     vertex  1.255125e+01  8.000000e+00  5.401729e+00
   endloop
 endfacet
 facet normal  9.568158e-01  0.000000e+00 -2.906949e-01
   outer loop
     vertex  1.257562e+01  8.000000e+00  5.486070e+00
     vertex  1.257562e+01  0.000000e+00  5.486070e+00
     vertex  1.256286e+01  0.000000e+00  5.444067e+00
   endloop
 endfacet
 facet normal  9.568158e-01  0.000000e+00 -2.906949e-01
   outer loop
     vertex  1.257562e+01  8.000000e+00  5.486070e+00
     vertex  1.256286e+01  0.000000e+00  5.444067e+00
     vertex  1.256286e+01  8.000000e+00  5.444067e+00
   endloop
 endfacet
 facet normal  9.484807e-01  0.000000e+00 -3.168348e-01
   outer loop
     vertex  1.258953e+01  8.000000e+00  5.527706e+00
     vertex  1.258953e+01  0.000000e+00  5.527706e+00
     vertex  1.257562e+01  0.000000e+00  5.486070e+00
   endloop
 endfacet
 facet normal  9.484807e-01  0.000000e+00 -3.168348e-01
   outer loop
     vertex  1.258953e+01  8.000000e+00  5.527706e+00
     vertex  1.257562e+01  0.000000e+00  5.486070e+00
     vertex  1.257562e+01  8.000000e+00  5.486070e+00
   endloop
 endfacet
 facet normal  9.394317e-01  0.000000e+00 -3.427362e-01
   outer loop
     vertex  1.260457e+01  8.000000e+00  5.568946e+00
     vertex  1.260457e+01  0.000000e+00  5.568946e+00
     vertex  1.258953e+01  0.000000e+00  5.527706e+00
   endloop
 endfacet
 facet normal  9.394317e-01  0.000000e+00 -3.427362e-01
   outer loop
     vertex  1.260457e+01  8.000000e+00  5.568946e+00
     vertex  1.258953e+01  0.000000e+00  5.527706e+00
     vertex  1.258953e+01  8.000000e+00  5.527706e+00
   endloop
 endfacet
 facet normal  9.296754e-01  0.000000e+00 -3.683796e-01
   outer loop
     vertex  1.262074e+01  8.000000e+00  5.609758e+00
     vertex  1.262074e+01  0.000000e+00  5.609758e+00
     vertex  1.260457e+01  0.000000e+00  5.568946e+00
   endloop
 endfacet
 facet normal  9.192194e-01  0.000000e+00 -3.937458e-01
   outer loop
     vertex  1.262074e+01  8.000000e+00  5.609758e+00
     vertex  1.263803e+01  0.000000e+00  5.650110e+00
     vertex  1.262074e+01  0.000000e+00  5.609758e+00
   endloop
 endfacet
 facet normal  9.296754e-01  0.000000e+00 -3.683796e-01
   outer loop
     vertex  1.262074e+01  8.000000e+00  5.609758e+00
     vertex  1.260457e+01  0.000000e+00  5.568946e+00
     vertex  1.260457e+01  8.000000e+00  5.568946e+00
   endloop
 endfacet
 facet normal  9.192194e-01  0.000000e+00 -3.937458e-01
   outer loop
     vertex  1.263803e+01  8.000000e+00  5.650110e+00
     vertex  1.263803e+01  0.000000e+00  5.650110e+00
     vertex  1.262074e+01  8.000000e+00  5.609758e+00
   endloop
 endfacet
 facet normal  9.080714e-01  0.000000e+00 -4.188155e-01
   outer loop
     vertex  1.265642e+01  8.000000e+00  5.689973e+00
     vertex  1.263803e+01  0.000000e+00  5.650110e+00
     vertex  1.263803e+01  8.000000e+00  5.650110e+00
   endloop
 endfacet
 facet normal  9.080714e-01  0.000000e+00 -4.188155e-01
   outer loop
     vertex  1.265642e+01  8.000000e+00  5.689973e+00
     vertex  1.265642e+01  0.000000e+00  5.689973e+00
     vertex  1.263803e+01  0.000000e+00  5.650110e+00
   endloop
 endfacet
 facet normal  8.962398e-01  0.000000e+00 -4.435699e-01
   outer loop
     vertex  1.267589e+01  8.000000e+00  5.729317e+00
     vertex  1.265642e+01  0.000000e+00  5.689973e+00
     vertex  1.265642e+01  8.000000e+00  5.689973e+00
   endloop
 endfacet
 facet normal  8.962398e-01  0.000000e+00 -4.435699e-01
   outer loop
     vertex  1.267589e+01  8.000000e+00  5.729317e+00
     vertex  1.267589e+01  0.000000e+00  5.729317e+00
     vertex  1.265642e+01  0.000000e+00  5.689973e+00
   endloop
 endfacet
 facet normal  8.837335e-01  0.000000e+00 -4.679904e-01
   outer loop
     vertex  1.269643e+01  8.000000e+00  5.768112e+00
     vertex  1.267589e+01  0.000000e+00  5.729317e+00
     vertex  1.267589e+01  8.000000e+00  5.729317e+00
   endloop
 endfacet
 facet normal  8.837335e-01  0.000000e+00 -4.679904e-01
   outer loop
     vertex  1.269643e+01  8.000000e+00  5.768112e+00
     vertex  1.269643e+01  0.000000e+00  5.768112e+00
     vertex  1.267589e+01  0.000000e+00  5.729317e+00
   endloop
 endfacet
 facet normal  8.705620e-01  0.000000e+00 -4.920587e-01
   outer loop
     vertex  1.271803e+01  8.000000e+00  5.806328e+00
     vertex  1.271803e+01  0.000000e+00  5.806328e+00
     vertex  1.269643e+01  0.000000e+00  5.768112e+00
   endloop
 endfacet
 facet normal  8.705620e-01  0.000000e+00 -4.920587e-01
   outer loop
     vertex  1.271803e+01  8.000000e+00  5.806328e+00
     vertex  1.269643e+01  0.000000e+00  5.768112e+00
     vertex  1.269643e+01  8.000000e+00  5.768112e+00
   endloop
 endfacet
 facet normal  8.567352e-01  0.000000e+00 -5.157565e-01
   outer loop
     vertex  1.274067e+01  8.000000e+00  5.843938e+00
     vertex  1.271803e+01  0.000000e+00  5.806328e+00
     vertex  1.271803e+01  8.000000e+00  5.806328e+00
   endloop
 endfacet
 facet normal  8.567352e-01  0.000000e+00 -5.157565e-01
   outer loop
     vertex  1.274067e+01  8.000000e+00  5.843938e+00
     vertex  1.274067e+01  0.000000e+00  5.843938e+00
     vertex  1.271803e+01  0.000000e+00  5.806328e+00
   endloop
 endfacet
 facet normal  8.422635e-01  0.000000e+00 -5.390661e-01
   outer loop
     vertex  1.276434e+01  8.000000e+00  5.880912e+00
     vertex  1.276434e+01  0.000000e+00  5.880912e+00
     vertex  1.274067e+01  0.000000e+00  5.843938e+00
   endloop
 endfacet
 facet normal  8.422635e-01  0.000000e+00 -5.390661e-01
   outer loop
     vertex  1.276434e+01  8.000000e+00  5.880912e+00
     vertex  1.274067e+01  0.000000e+00  5.843938e+00
     vertex  1.274067e+01  8.000000e+00  5.843938e+00
   endloop
 endfacet
 facet normal  8.271577e-01  0.000000e+00 -5.619699e-01
   outer loop
     vertex  1.278901e+01  8.000000e+00  5.917223e+00
     vertex  1.278901e+01  0.000000e+00  5.917223e+00
     vertex  1.276434e+01  0.000000e+00  5.880912e+00
   endloop
 endfacet
 facet normal  8.271577e-01  0.000000e+00 -5.619699e-01
   outer loop
     vertex  1.278901e+01  8.000000e+00  5.917223e+00
     vertex  1.276434e+01  0.000000e+00  5.880912e+00
     vertex  1.276434e+01  8.000000e+00  5.880912e+00
   endloop
 endfacet
 facet normal  8.114292e-01  0.000000e+00 -5.844507e-01
   outer loop
     vertex  1.281466e+01  8.000000e+00  5.952843e+00
     vertex  1.281466e+01  0.000000e+00  5.952843e+00
     vertex  1.278901e+01  0.000000e+00  5.917223e+00
   endloop
 endfacet
 facet normal  8.114292e-01  0.000000e+00 -5.844507e-01
   outer loop
     vertex  1.281466e+01  8.000000e+00  5.952843e+00
     vertex  1.278901e+01  0.000000e+00  5.917223e+00
     vertex  1.278901e+01  8.000000e+00  5.917223e+00
   endloop
 endfacet
 facet normal  7.950900e-01  0.000000e+00 -6.064915e-01
   outer loop
     vertex  1.284129e+01  8.000000e+00  5.987747e+00
     vertex  1.284129e+01  0.000000e+00  5.987747e+00
     vertex  1.281466e+01  0.000000e+00  5.952843e+00
   endloop
 endfacet
 facet normal  7.950900e-01  0.000000e+00 -6.064915e-01
   outer loop
     vertex  1.284129e+01  8.000000e+00  5.987747e+00
     vertex  1.281466e+01  0.000000e+00  5.952843e+00
     vertex  1.281466e+01  8.000000e+00  5.952843e+00
   endloop
 endfacet
 facet normal  7.781522e-01  0.000000e+00 -6.280757e-01
   outer loop
     vertex  1.286886e+01  8.000000e+00  6.021907e+00
     vertex  1.286886e+01  0.000000e+00  6.021907e+00
     vertex  1.284129e+01  0.000000e+00  5.987747e+00
   endloop
 endfacet
 facet normal  7.781522e-01  0.000000e+00 -6.280757e-01
   outer loop
     vertex  1.286886e+01  8.000000e+00  6.021907e+00
     vertex  1.284129e+01  0.000000e+00  5.987747e+00
     vertex  1.284129e+01  8.000000e+00  5.987747e+00
   endloop
 endfacet
 facet normal  7.606287e-01  0.000000e+00 -6.491872e-01
   outer loop
     vertex  1.289736e+01  8.000000e+00  6.055297e+00
     vertex  1.289736e+01  0.000000e+00  6.055297e+00
     vertex  1.286886e+01  0.000000e+00  6.021907e+00
   endloop
 endfacet
 facet normal  7.606287e-01  0.000000e+00 -6.491872e-01
   outer loop
     vertex  1.289736e+01  8.000000e+00  6.055297e+00
     vertex  1.286886e+01  0.000000e+00  6.021907e+00
     vertex  1.286886e+01  8.000000e+00  6.021907e+00
   endloop
 endfacet
 facet normal  7.425325e-01  0.000000e+00 -6.698100e-01
   outer loop
     vertex  1.292676e+01  8.000000e+00  6.087893e+00
     vertex  1.292676e+01  0.000000e+00  6.087893e+00
     vertex  1.289736e+01  0.000000e+00  6.055297e+00
   endloop
 endfacet
 facet normal  7.238775e-01  0.000000e+00 -6.899286e-01
   outer loop
     vertex  1.292676e+01  8.000000e+00  6.087893e+00
     vertex  1.295705e+01  0.000000e+00  6.119670e+00
     vertex  1.292676e+01  0.000000e+00  6.087893e+00
   endloop
 endfacet
 facet normal  7.425325e-01  0.000000e+00 -6.698100e-01
   outer loop
     vertex  1.292676e+01  8.000000e+00  6.087893e+00
     vertex  1.289736e+01  0.000000e+00  6.055297e+00
     vertex  1.289736e+01  8.000000e+00  6.055297e+00
   endloop
 endfacet
 facet normal  7.238775e-01  0.000000e+00 -6.899286e-01
   outer loop
     vertex  1.295705e+01  8.000000e+00  6.119670e+00
     vertex  1.295705e+01  0.000000e+00  6.119670e+00
     vertex  1.292676e+01  8.000000e+00  6.087893e+00
   endloop
 endfacet
 facet normal  7.046775e-01  0.000000e+00 -7.095278e-01
   outer loop
     vertex  1.298820e+01  8.000000e+00  6.150605e+00
     vertex  1.298820e+01  0.000000e+00  6.150605e+00
     vertex  1.295705e+01  0.000000e+00  6.119670e+00
   endloop
 endfacet
 facet normal  7.046775e-01  0.000000e+00 -7.095278e-01
   outer loop
     vertex  1.298820e+01  8.000000e+00  6.150605e+00
     vertex  1.295705e+01  0.000000e+00  6.119670e+00
     vertex  1.295705e+01  8.000000e+00  6.119670e+00
   endloop
 endfacet
 facet normal  6.849470e-01  0.000000e+00 -7.285929e-01
   outer loop
     vertex  1.302018e+01  8.000000e+00  6.180673e+00
     vertex  1.302018e+01  0.000000e+00  6.180673e+00
     vertex  1.298820e+01  0.000000e+00  6.150605e+00
   endloop
 endfacet
 facet normal  6.849470e-01  0.000000e+00 -7.285929e-01
   outer loop
     vertex  1.302018e+01  8.000000e+00  6.180673e+00
     vertex  1.298820e+01  0.000000e+00  6.150605e+00
     vertex  1.298820e+01  8.000000e+00  6.150605e+00
   endloop
 endfacet
 facet normal  6.647010e-01  0.000000e+00 -7.471095e-01
   outer loop
     vertex  1.305298e+01  8.000000e+00  6.209852e+00
     vertex  1.305298e+01  0.000000e+00  6.209852e+00
     vertex  1.302018e+01  0.000000e+00  6.180673e+00
   endloop
 endfacet
 facet normal  6.647010e-01  0.000000e+00 -7.471095e-01
   outer loop
     vertex  1.305298e+01  8.000000e+00  6.209852e+00
     vertex  1.302018e+01  0.000000e+00  6.180673e+00
     vertex  1.302018e+01  8.000000e+00  6.180673e+00
   endloop
 endfacet
 facet normal  6.439545e-01  0.000000e+00 -7.650637e-01
   outer loop
     vertex  1.308656e+01  8.000000e+00  6.238121e+00
     vertex  1.308656e+01  0.000000e+00  6.238121e+00
     vertex  1.305298e+01  0.000000e+00  6.209852e+00
   endloop
 endfacet
 facet normal  6.439545e-01  0.000000e+00 -7.650637e-01
   outer loop
     vertex  1.308656e+01  8.000000e+00  6.238121e+00
     vertex  1.305298e+01  0.000000e+00  6.209852e+00
     vertex  1.305298e+01  8.000000e+00  6.209852e+00
   endloop
 endfacet
 facet normal  6.227234e-01  0.000000e+00 -7.824421e-01
   outer loop
     vertex  1.312091e+01  8.000000e+00  6.265458e+00
     vertex  1.312091e+01  0.000000e+00  6.265458e+00
     vertex  1.308656e+01  0.000000e+00  6.238121e+00
   endloop
 endfacet
 facet normal  6.227234e-01  0.000000e+00 -7.824421e-01
   outer loop
     vertex  1.312091e+01  8.000000e+00  6.265458e+00
     vertex  1.308656e+01  0.000000e+00  6.238121e+00
     vertex  1.308656e+01  8.000000e+00  6.238121e+00
   endloop
 endfacet
 facet normal  6.010234e-01  0.000000e+00 -7.992314e-01
   outer loop
     vertex  1.315600e+01  8.000000e+00  6.291842e+00
     vertex  1.315600e+01  0.000000e+00  6.291842e+00
     vertex  1.312091e+01  0.000000e+00  6.265458e+00
   endloop
 endfacet
 facet normal  6.010234e-01  0.000000e+00 -7.992314e-01
   outer loop
     vertex  1.315600e+01  8.000000e+00  6.291842e+00
     vertex  1.312091e+01  0.000000e+00  6.265458e+00
     vertex  1.312091e+01  8.000000e+00  6.265458e+00
   endloop
 endfacet
 facet normal  5.788711e-01  0.000000e+00 -8.154191e-01
   outer loop
     vertex  1.319179e+01  8.000000e+00  6.317254e+00
     vertex  1.319179e+01  0.000000e+00  6.317254e+00
     vertex  1.315600e+01  0.000000e+00  6.291842e+00
   endloop
 endfacet
 facet normal  5.788711e-01  0.000000e+00 -8.154191e-01
   outer loop
     vertex  1.319179e+01  8.000000e+00  6.317254e+00
     vertex  1.315600e+01  0.000000e+00  6.291842e+00
     vertex  1.315600e+01  8.000000e+00  6.291842e+00
   endloop
 endfacet
 facet normal  5.562829e-01  0.000000e+00 -8.309929e-01
   outer loop
     vertex  1.322827e+01  8.000000e+00  6.341674e+00
     vertex  1.322827e+01  0.000000e+00  6.341674e+00
     vertex  1.319179e+01  0.000000e+00  6.317254e+00
   endloop
 endfacet
 facet normal  5.562829e-01  0.000000e+00 -8.309929e-01
   outer loop
     vertex  1.322827e+01  8.000000e+00  6.341674e+00
     vertex  1.319179e+01  0.000000e+00  6.317254e+00
     vertex  1.319179e+01  8.000000e+00  6.317254e+00
   endloop
 endfacet
 facet normal  5.332761e-01  0.000000e+00 -8.459413e-01
   outer loop
     vertex  1.326541e+01  8.000000e+00  6.365084e+00
     vertex  1.326541e+01  0.000000e+00  6.365084e+00
     vertex  1.322827e+01  0.000000e+00  6.341674e+00
   endloop
 endfacet
 facet normal  5.332761e-01  0.000000e+00 -8.459413e-01
   outer loop
     vertex  1.326541e+01  8.000000e+00  6.365084e+00
     vertex  1.322827e+01  0.000000e+00  6.341674e+00
     vertex  1.322827e+01  8.000000e+00  6.341674e+00
   endloop
 endfacet
 facet normal  5.098678e-01  0.000000e+00 -8.602528e-01
   outer loop
     vertex  1.330317e+01  8.000000e+00  6.387466e+00
     vertex  1.330317e+01  0.000000e+00  6.387466e+00
     vertex  1.326541e+01  0.000000e+00  6.365084e+00
   endloop
 endfacet
 facet normal  5.098678e-01  0.000000e+00 -8.602528e-01
   outer loop
     vertex  1.330317e+01  8.000000e+00  6.387466e+00
     vertex  1.326541e+01  0.000000e+00  6.365084e+00
     vertex  1.326541e+01  8.000000e+00  6.365084e+00
   endloop
 endfacet
 facet normal  4.860756e-01  0.000000e+00 -8.739167e-01
   outer loop
     vertex  1.334153e+01  8.000000e+00  6.408804e+00
     vertex  1.334153e+01  0.000000e+00  6.408804e+00
     vertex  1.330317e+01  0.000000e+00  6.387466e+00
   endloop
 endfacet
 facet normal  4.619176e-01  0.000000e+00 -8.869228e-01
   outer loop
     vertex  1.334153e+01  8.000000e+00  6.408804e+00
     vertex  1.338047e+01  0.000000e+00  6.429082e+00
     vertex  1.334153e+01  0.000000e+00  6.408804e+00
   endloop
 endfacet
 facet normal  4.860756e-01  0.000000e+00 -8.739167e-01
   outer loop
     vertex  1.334153e+01  8.000000e+00  6.408804e+00
     vertex  1.330317e+01  0.000000e+00  6.387466e+00
     vertex  1.330317e+01  8.000000e+00  6.387466e+00
   endloop
 endfacet
 facet normal  4.619176e-01  0.000000e+00 -8.869228e-01
   outer loop
     vertex  1.338047e+01  8.000000e+00  6.429082e+00
     vertex  1.338047e+01  0.000000e+00  6.429082e+00
     vertex  1.334153e+01  8.000000e+00  6.408804e+00
   endloop
 endfacet
 facet normal  4.374119e-01  0.000000e+00 -8.992613e-01
   outer loop
     vertex  1.338047e+01  8.000000e+00  6.429082e+00
     vertex  1.341995e+01  0.000000e+00  6.448284e+00
     vertex  1.338047e+01  0.000000e+00  6.429082e+00
   endloop
 endfacet
 facet normal  4.374119e-01  0.000000e+00 -8.992613e-01
   outer loop
     vertex  1.341995e+01  8.000000e+00  6.448284e+00
     vertex  1.341995e+01  0.000000e+00  6.448284e+00
     vertex  1.338047e+01  8.000000e+00  6.429082e+00
   endloop
 endfacet
 facet normal  4.125769e-01  0.000000e+00 -9.109228e-01
   outer loop
     vertex  1.345993e+01  8.000000e+00  6.466395e+00
     vertex  1.341995e+01  0.000000e+00  6.448284e+00
     vertex  1.341995e+01  8.000000e+00  6.448284e+00
   endloop
 endfacet
 facet normal  4.125769e-01  0.000000e+00 -9.109228e-01
   outer loop
     vertex  1.345993e+01  8.000000e+00  6.466395e+00
     vertex  1.345993e+01  0.000000e+00  6.466395e+00
     vertex  1.341995e+01  0.000000e+00  6.448284e+00
   endloop
 endfacet
 facet normal  3.874313e-01  0.000000e+00 -9.218986e-01
   outer loop
     vertex  1.350040e+01  8.000000e+00  6.483403e+00
     vertex  1.345993e+01  0.000000e+00  6.466395e+00
     vertex  1.345993e+01  8.000000e+00  6.466395e+00
   endloop
 endfacet
 facet normal  3.874313e-01  0.000000e+00 -9.218986e-01
   outer loop
     vertex  1.350040e+01  8.000000e+00  6.483403e+00
     vertex  1.350040e+01  0.000000e+00  6.483403e+00
     vertex  1.345993e+01  0.000000e+00  6.466395e+00
   endloop
 endfacet
 facet normal  3.619940e-01  0.000000e+00 -9.321804e-01
   outer loop
     vertex  1.354132e+01  8.000000e+00  6.499294e+00
     vertex  1.350040e+01  0.000000e+00  6.483403e+00
     vertex  1.350040e+01  8.000000e+00  6.483403e+00
   endloop
 endfacet
 facet normal  3.619940e-01  0.000000e+00 -9.321804e-01
   outer loop
     vertex  1.354132e+01  8.000000e+00  6.499294e+00
     vertex  1.354132e+01  0.000000e+00  6.499294e+00
     vertex  1.350040e+01  0.000000e+00  6.483403e+00
   endloop
 endfacet
 facet normal  3.362843e-01  0.000000e+00 -9.417605e-01
   outer loop
     vertex  1.358267e+01  8.000000e+00  6.514056e+00
     vertex  1.354132e+01  0.000000e+00  6.499294e+00
     vertex  1.354132e+01  8.000000e+00  6.499294e+00
   endloop
 endfacet
 facet normal  3.362843e-01  0.000000e+00 -9.417605e-01
   outer loop
     vertex  1.358267e+01  8.000000e+00  6.514056e+00
     vertex  1.358267e+01  0.000000e+00  6.514056e+00
     vertex  1.354132e+01  0.000000e+00  6.499294e+00
   endloop
 endfacet
 facet normal  3.103214e-01  0.000000e+00 -9.506317e-01
   outer loop
     vertex  1.362440e+01  8.000000e+00  6.527679e+00
     vertex  1.358267e+01  0.000000e+00  6.514056e+00
     vertex  1.358267e+01  8.000000e+00  6.514056e+00
   endloop
 endfacet
 facet normal  3.103214e-01  0.000000e+00 -9.506317e-01
   outer loop
     vertex  1.362440e+01  8.000000e+00  6.527679e+00
     vertex  1.362440e+01  0.000000e+00  6.527679e+00
     vertex  1.358267e+01  0.000000e+00  6.514056e+00
   endloop
 endfacet
 facet normal  2.841250e-01  0.000000e+00 -9.587873e-01
   outer loop
     vertex  1.366649e+01  8.000000e+00  6.540152e+00
     vertex  1.362440e+01  0.000000e+00  6.527679e+00
     vertex  1.362440e+01  8.000000e+00  6.527679e+00
   endloop
 endfacet
 facet normal  2.841250e-01  0.000000e+00 -9.587873e-01
   outer loop
     vertex  1.366649e+01  8.000000e+00  6.540152e+00
     vertex  1.366649e+01  0.000000e+00  6.540152e+00
     vertex  1.362440e+01  0.000000e+00  6.527679e+00
   endloop
 endfacet
 facet normal  2.577146e-01  0.000000e+00 -9.662211e-01
   outer loop
     vertex  1.370890e+01  8.000000e+00  6.551465e+00
     vertex  1.366649e+01  0.000000e+00  6.540152e+00
     vertex  1.366649e+01  8.000000e+00  6.540152e+00
   endloop
 endfacet
 facet normal  2.577146e-01  0.000000e+00 -9.662211e-01
   outer loop
     vertex  1.370890e+01  8.000000e+00  6.551465e+00
     vertex  1.370890e+01  0.000000e+00  6.551465e+00
     vertex  1.366649e+01  0.000000e+00  6.540152e+00
   endloop
 endfacet
 facet normal  2.311102e-01  0.000000e+00 -9.729276e-01
   outer loop
     vertex  1.375161e+01  8.000000e+00  6.561610e+00
     vertex  1.370890e+01  0.000000e+00  6.551465e+00
     vertex  1.370890e+01  8.000000e+00  6.551465e+00
   endloop
 endfacet
 facet normal  2.311102e-01  0.000000e+00 -9.729276e-01
   outer loop
     vertex  1.375161e+01  8.000000e+00  6.561610e+00
     vertex  1.375161e+01  0.000000e+00  6.561610e+00
     vertex  1.370890e+01  0.000000e+00  6.551465e+00
   endloop
 endfacet
 facet normal  2.043319e-01  0.000000e+00 -9.789017e-01
   outer loop
     vertex  1.379459e+01  8.000000e+00  6.570580e+00
     vertex  1.375161e+01  0.000000e+00  6.561610e+00
     vertex  1.375161e+01  8.000000e+00  6.561610e+00
   endloop
 endfacet
 facet normal  2.043319e-01  0.000000e+00 -9.789017e-01
   outer loop
     vertex  1.379459e+01  8.000000e+00  6.570580e+00
     vertex  1.379459e+01  0.000000e+00  6.570580e+00
     vertex  1.375161e+01  0.000000e+00  6.561610e+00
   endloop
 endfacet
 facet normal  1.773998e-01  0.000000e+00 -9.841389e-01
   outer loop
     vertex  1.383779e+01  8.000000e+00  6.578368e+00
     vertex  1.379459e+01  0.000000e+00  6.570580e+00
     vertex  1.379459e+01  8.000000e+00  6.570580e+00
   endloop
 endfacet
 facet normal  1.773998e-01  0.000000e+00 -9.841389e-01
   outer loop
     vertex  1.383779e+01  8.000000e+00  6.578368e+00
     vertex  1.383779e+01  0.000000e+00  6.578368e+00
     vertex  1.379459e+01  0.000000e+00  6.570580e+00
   endloop
 endfacet
 facet normal  1.503341e-01  0.000000e+00 -9.886353e-01
   outer loop
     vertex  1.383779e+01  8.000000e+00  6.578368e+00
     vertex  1.388119e+01  0.000000e+00  6.584967e+00
     vertex  1.383779e+01  0.000000e+00  6.578368e+00
   endloop
 endfacet
 facet normal  1.503341e-01  0.000000e+00 -9.886353e-01
   outer loop
     vertex  1.388119e+01  8.000000e+00  6.584967e+00
     vertex  1.388119e+01  0.000000e+00  6.584967e+00
     vertex  1.383779e+01  8.000000e+00  6.578368e+00
   endloop
 endfacet
 facet normal  1.231552e-01  0.000000e+00 -9.923874e-01
   outer loop
     vertex  1.392475e+01  8.000000e+00  6.590374e+00
     vertex  1.392475e+01  0.000000e+00  6.590374e+00
     vertex  1.388119e+01  0.000000e+00  6.584967e+00
   endloop
 endfacet
 facet normal  1.231552e-01  0.000000e+00 -9.923874e-01
   outer loop
     vertex  1.392475e+01  8.000000e+00  6.590374e+00
     vertex  1.388119e+01  0.000000e+00  6.584967e+00
     vertex  1.388119e+01  8.000000e+00  6.584967e+00
   endloop
 endfacet
 facet normal  9.588368e-02  0.000000e+00 -9.953925e-01
   outer loop
     vertex  1.396845e+01  8.000000e+00  6.594583e+00
     vertex  1.396845e+01  0.000000e+00  6.594583e+00
     vertex  1.392475e+01  0.000000e+00  6.590374e+00
   endloop
 endfacet
 facet normal  9.588368e-02  0.000000e+00 -9.953925e-01
   outer loop
     vertex  1.396845e+01  8.000000e+00  6.594583e+00
     vertex  1.392475e+01  0.000000e+00  6.590374e+00
     vertex  1.392475e+01  8.000000e+00  6.590374e+00
   endloop
 endfacet
 facet normal  6.853995e-02  0.000000e+00 -9.976484e-01
   outer loop
     vertex  1.401224e+01  8.000000e+00  6.597592e+00
     vertex  1.401224e+01  0.000000e+00  6.597592e+00
     vertex  1.396845e+01  0.000000e+00  6.594583e+00
   endloop
 endfacet
 facet normal  6.853995e-02  0.000000e+00 -9.976484e-01
   outer loop
     vertex  1.401224e+01  8.000000e+00  6.597592e+00
     vertex  1.396845e+01  0.000000e+00  6.594583e+00
     vertex  1.396845e+01  8.000000e+00  6.594583e+00
   endloop
 endfacet
 facet normal  4.114462e-02  0.000000e+00 -9.991532e-01
   outer loop
     vertex  1.405611e+01  8.000000e+00  6.599398e+00
     vertex  1.405611e+01  0.000000e+00  6.599398e+00
     vertex  1.401224e+01  0.000000e+00  6.597592e+00
   endloop
 endfacet
 facet normal  4.114462e-02  0.000000e+00 -9.991532e-01
   outer loop
     vertex  1.405611e+01  8.000000e+00  6.599398e+00
     vertex  1.401224e+01  0.000000e+00  6.597592e+00
     vertex  1.401224e+01  8.000000e+00  6.597592e+00
   endloop
 endfacet
 facet normal  1.371831e-02  0.000000e+00 -9.999059e-01
   outer loop
     vertex  1.410000e+01  8.000000e+00  6.600000e+00
     vertex  1.410000e+01  0.000000e+00  6.600000e+00
     vertex  1.405611e+01  0.000000e+00  6.599398e+00
   endloop
 endfacet
 facet normal  1.371831e-02  0.000000e+00 -9.999059e-01
   outer loop
     vertex  1.410000e+01  8.000000e+00  6.600000e+00
     vertex  1.405611e+01  0.000000e+00  6.599398e+00
     vertex  1.405611e+01  8.000000e+00  6.599398e+00
   endloop
 endfacet
 facet normal -1.371831e-02  0.000000e+00 -9.999059e-01
   outer loop
     vertex  1.418230e+01  8.000000e+00  2.299887e+01
     vertex  1.410000e+01  0.000000e+00  2.300000e+01
     vertex  1.410000e+01  8.000000e+00  2.300000e+01
   endloop
 endfacet
 facet normal -1.371831e-02 -0.000000e+00 -9.999059e-01
   outer loop
     vertex  1.418230e+01  8.000000e+00  2.299887e+01
     vertex  1.418230e+01  0.000000e+00  2.299887e+01
     vertex  1.410000e+01  0.000000e+00  2.300000e+01
   endloop
 endfacet
 facet normal -4.114462e-02 -0.000000e+00 -9.991532e-01
   outer loop
     vertex  1.426454e+01  8.000000e+00  2.299548e+01
     vertex  1.426454e+01  0.000000e+00  2.299548e+01
     vertex  1.418230e+01  0.000000e+00  2.299887e+01
   endloop
 endfacet
 facet normal -4.114462e-02  0.000000e+00 -9.991532e-01
   outer loop
     vertex  1.426454e+01  8.000000e+00  2.299548e+01
     vertex  1.418230e+01  0.000000e+00  2.299887e+01
     vertex  1.418230e+01  8.000000e+00  2.299887e+01
   endloop
 endfacet
 facet normal -6.853995e-02 -0.000000e+00 -9.976484e-01
   outer loop
     vertex  1.434666e+01  8.000000e+00  2.298984e+01
     vertex  1.434666e+01  0.000000e+00  2.298984e+01
     vertex  1.426454e+01  0.000000e+00  2.299548e+01
   endloop
 endfacet
 facet normal -6.853995e-02  0.000000e+00 -9.976484e-01
   outer loop
     vertex  1.434666e+01  8.000000e+00  2.298984e+01
     vertex  1.426454e+01  0.000000e+00  2.299548e+01
     vertex  1.426454e+01  8.000000e+00  2.299548e+01
   endloop
 endfacet
 facet normal -9.588368e-02 -0.000000e+00 -9.953925e-01
   outer loop
     vertex  1.442859e+01  8.000000e+00  2.298195e+01
     vertex  1.442859e+01  0.000000e+00  2.298195e+01
     vertex  1.434666e+01  0.000000e+00  2.298984e+01
   endloop
 endfacet
 facet normal -9.588368e-02  0.000000e+00 -9.953925e-01
   outer loop
     vertex  1.442859e+01  8.000000e+00  2.298195e+01
     vertex  1.434666e+01  0.000000e+00  2.298984e+01
     vertex  1.434666e+01  8.000000e+00  2.298984e+01
   endloop
 endfacet
 facet normal -1.231552e-01 -0.000000e+00 -9.923874e-01
   outer loop
     vertex  1.451027e+01  8.000000e+00  2.297181e+01
     vertex  1.451027e+01  0.000000e+00  2.297181e+01
     vertex  1.442859e+01  0.000000e+00  2.298195e+01
   endloop
 endfacet
 facet normal -1.231552e-01  0.000000e+00 -9.923874e-01
   outer loop
     vertex  1.451027e+01  8.000000e+00  2.297181e+01
     vertex  1.442859e+01  0.000000e+00  2.298195e+01
     vertex  1.442859e+01  8.000000e+00  2.298195e+01
   endloop
 endfacet
 facet normal -1.503341e-01 -0.000000e+00 -9.886353e-01
   outer loop
     vertex  1.459165e+01  8.000000e+00  2.295944e+01
     vertex  1.459165e+01  0.000000e+00  2.295944e+01
     vertex  1.451027e+01  0.000000e+00  2.297181e+01
   endloop
 endfacet
 facet normal -1.503341e-01  0.000000e+00 -9.886353e-01
   outer loop
     vertex  1.459165e+01  8.000000e+00  2.295944e+01
     vertex  1.451027e+01  0.000000e+00  2.297181e+01
     vertex  1.451027e+01  8.000000e+00  2.297181e+01
   endloop
 endfacet
 facet normal -1.773998e-01 -0.000000e+00 -9.841389e-01
   outer loop
     vertex  1.467265e+01  8.000000e+00  2.294484e+01
     vertex  1.467265e+01  0.000000e+00  2.294484e+01
     vertex  1.459165e+01  0.000000e+00  2.295944e+01
   endloop
 endfacet
 facet normal -1.773998e-01  0.000000e+00 -9.841389e-01
   outer loop
     vertex  1.467265e+01  8.000000e+00  2.294484e+01
     vertex  1.459165e+01  0.000000e+00  2.295944e+01
     vertex  1.459165e+01  8.000000e+00  2.295944e+01
   endloop
 endfacet
 facet normal -2.043319e-01 -0.000000e+00 -9.789017e-01
   outer loop
     vertex  1.475322e+01  8.000000e+00  2.292802e+01
     vertex  1.475322e+01  0.000000e+00  2.292802e+01
     vertex  1.467265e+01  0.000000e+00  2.294484e+01
   endloop
 endfacet
 facet normal -2.043319e-01  0.000000e+00 -9.789017e-01
   outer loop
     vertex  1.475322e+01  8.000000e+00  2.292802e+01
     vertex  1.467265e+01  0.000000e+00  2.294484e+01
     vertex  1.467265e+01  8.000000e+00  2.294484e+01
   endloop
 endfacet
 facet normal -2.311102e-01 -0.000000e+00 -9.729276e-01
   outer loop
     vertex  1.483331e+01  8.000000e+00  2.290900e+01
     vertex  1.483331e+01  0.000000e+00  2.290900e+01
     vertex  1.475322e+01  0.000000e+00  2.292802e+01
   endloop
 endfacet
 facet normal -2.311102e-01  0.000000e+00 -9.729276e-01
   outer loop
     vertex  1.483331e+01  8.000000e+00  2.290900e+01
     vertex  1.475322e+01  0.000000e+00  2.292802e+01
     vertex  1.475322e+01  8.000000e+00  2.292802e+01
   endloop
 endfacet
 facet normal -2.577146e-01  0.000000e+00 -9.662211e-01
   outer loop
     vertex  1.491284e+01  8.000000e+00  2.288778e+01
     vertex  1.483331e+01  0.000000e+00  2.290900e+01
     vertex  1.483331e+01  8.000000e+00  2.290900e+01
   endloop
 endfacet
 facet normal -2.577146e-01 -0.000000e+00 -9.662211e-01
   outer loop
     vertex  1.491284e+01  8.000000e+00  2.288778e+01
     vertex  1.491284e+01  0.000000e+00  2.288778e+01
     vertex  1.483331e+01  0.000000e+00  2.290900e+01
   endloop
 endfacet
 facet normal -2.841250e-01  0.000000e+00 -9.587873e-01
   outer loop
     vertex  1.499175e+01  8.000000e+00  2.286440e+01
     vertex  1.491284e+01  0.000000e+00  2.288778e+01
     vertex  1.491284e+01  8.000000e+00  2.288778e+01
   endloop
 endfacet
 facet normal -2.841250e-01 -0.000000e+00 -9.587873e-01
   outer loop
     vertex  1.499175e+01  8.000000e+00  2.286440e+01
     vertex  1.499175e+01  0.000000e+00  2.286440e+01
     vertex  1.491284e+01  0.000000e+00  2.288778e+01
   endloop
 endfacet
 facet normal -3.103214e-01  0.000000e+00 -9.506317e-01
   outer loop
     vertex  1.507000e+01  8.000000e+00  2.283886e+01
     vertex  1.499175e+01  0.000000e+00  2.286440e+01
     vertex  1.499175e+01  8.000000e+00  2.286440e+01
   endloop
 endfacet
 facet normal -3.103214e-01 -0.000000e+00 -9.506317e-01
   outer loop
     vertex  1.507000e+01  8.000000e+00  2.283886e+01
     vertex  1.507000e+01  0.000000e+00  2.283886e+01
     vertex  1.499175e+01  0.000000e+00  2.286440e+01
   endloop
 endfacet
 facet normal -3.362843e-01 -0.000000e+00 -9.417605e-01
   outer loop
     vertex  1.507000e+01  8.000000e+00  2.283886e+01
     vertex  1.514752e+01  0.000000e+00  2.281118e+01
     vertex  1.507000e+01  0.000000e+00  2.283886e+01
   endloop
 endfacet
 facet normal -3.362843e-01 -0.000000e+00 -9.417605e-01
   outer loop
     vertex  1.514752e+01  8.000000e+00  2.281118e+01
     vertex  1.514752e+01  0.000000e+00  2.281118e+01
     vertex  1.507000e+01  8.000000e+00  2.283886e+01
   endloop
 endfacet
 facet normal -3.619940e-01  0.000000e+00 -9.321804e-01
   outer loop
     vertex  1.522424e+01  8.000000e+00  2.278138e+01
     vertex  1.514752e+01  0.000000e+00  2.281118e+01
     vertex  1.514752e+01  8.000000e+00  2.281118e+01
   endloop
 endfacet
 facet normal -3.619940e-01 -0.000000e+00 -9.321804e-01
   outer loop
     vertex  1.522424e+01  8.000000e+00  2.278138e+01
     vertex  1.522424e+01  0.000000e+00  2.278138e+01
     vertex  1.514752e+01  0.000000e+00  2.281118e+01
   endloop
 endfacet
 facet normal -3.874313e-01 -0.000000e+00 -9.218986e-01
   outer loop
     vertex  1.522424e+01  8.000000e+00  2.278138e+01
     vertex  1.530013e+01  0.000000e+00  2.274949e+01
     vertex  1.522424e+01  0.000000e+00  2.278138e+01
   endloop
 endfacet
 facet normal -3.874313e-01 -0.000000e+00 -9.218986e-01
   outer loop
     vertex  1.530013e+01  8.000000e+00  2.274949e+01
     vertex  1.530013e+01  0.000000e+00  2.274949e+01
     vertex  1.522424e+01  8.000000e+00  2.278138e+01
   endloop
 endfacet
 facet normal -4.125769e-01  0.000000e+00 -9.109228e-01
   outer loop
     vertex  1.537510e+01  8.000000e+00  2.271553e+01
     vertex  1.530013e+01  0.000000e+00  2.274949e+01
     vertex  1.530013e+01  8.000000e+00  2.274949e+01
   endloop
 endfacet
 facet normal -4.125769e-01 -0.000000e+00 -9.109228e-01
   outer loop
     vertex  1.537510e+01  8.000000e+00  2.271553e+01
     vertex  1.537510e+01  0.000000e+00  2.271553e+01
     vertex  1.530013e+01  0.000000e+00  2.274949e+01
   endloop
 endfacet
 facet normal -4.374119e-01  0.000000e+00 -8.992613e-01
   outer loop
     vertex  1.544912e+01  8.000000e+00  2.267953e+01
     vertex  1.537510e+01  0.000000e+00  2.271553e+01
     vertex  1.537510e+01  8.000000e+00  2.271553e+01
   endloop
 endfacet
 facet normal -4.374119e-01 -0.000000e+00 -8.992613e-01
   outer loop
     vertex  1.544912e+01  8.000000e+00  2.267953e+01
     vertex  1.544912e+01  0.000000e+00  2.267953e+01
     vertex  1.537510e+01  0.000000e+00  2.271553e+01
   endloop
 endfacet
 facet normal -4.619176e-01 -0.000000e+00 -8.869228e-01
   outer loop
     vertex  1.544912e+01  8.000000e+00  2.267953e+01
     vertex  1.552212e+01  0.000000e+00  2.264151e+01
     vertex  1.544912e+01  0.000000e+00  2.267953e+01
   endloop
 endfacet
 facet normal -4.619176e-01 -0.000000e+00 -8.869228e-01
   outer loop
     vertex  1.552212e+01  8.000000e+00  2.264151e+01
     vertex  1.552212e+01  0.000000e+00  2.264151e+01
     vertex  1.544912e+01  8.000000e+00  2.267953e+01
   endloop
 endfacet
 facet normal -4.860756e-01  0.000000e+00 -8.739167e-01
   outer loop
     vertex  1.559406e+01  8.000000e+00  2.260150e+01
     vertex  1.552212e+01  0.000000e+00  2.264151e+01
     vertex  1.552212e+01  8.000000e+00  2.264151e+01
   endloop
 endfacet
 facet normal -4.860756e-01 -0.000000e+00 -8.739167e-01
   outer loop
     vertex  1.559406e+01  8.000000e+00  2.260150e+01
     vertex  1.559406e+01  0.000000e+00  2.260150e+01
     vertex  1.552212e+01  0.000000e+00  2.264151e+01
   endloop
 endfacet
 facet normal -5.098678e-01  0.000000e+00 -8.602528e-01
   outer loop
     vertex  1.566486e+01  8.000000e+00  2.255953e+01
     vertex  1.559406e+01  0.000000e+00  2.260150e+01
     vertex  1.559406e+01  8.000000e+00  2.260150e+01
   endloop
 endfacet
 facet normal -5.098678e-01 -0.000000e+00 -8.602528e-01
   outer loop
     vertex  1.566486e+01  8.000000e+00  2.255953e+01
     vertex  1.566486e+01  0.000000e+00  2.255953e+01
     vertex  1.559406e+01  0.000000e+00  2.260150e+01
   endloop
 endfacet
 facet normal -5.332761e-01  0.000000e+00 -8.459413e-01
   outer loop
     vertex  1.573449e+01  8.000000e+00  2.251564e+01
     vertex  1.566486e+01  0.000000e+00  2.255953e+01
     vertex  1.566486e+01  8.000000e+00  2.255953e+01
   endloop
 endfacet
 facet normal -5.332761e-01 -0.000000e+00 -8.459413e-01
   outer loop
     vertex  1.573449e+01  8.000000e+00  2.251564e+01
     vertex  1.573449e+01  0.000000e+00  2.251564e+01
     vertex  1.566486e+01  0.000000e+00  2.255953e+01
   endloop
 endfacet
 facet normal -5.562829e-01 -0.000000e+00 -8.309929e-01
   outer loop
     vertex  1.580289e+01  8.000000e+00  2.246985e+01
     vertex  1.580289e+01  0.000000e+00  2.246985e+01
     vertex  1.573449e+01  0.000000e+00  2.251564e+01
   endloop
 endfacet
 facet normal -5.562829e-01  0.000000e+00 -8.309929e-01
   outer loop
     vertex  1.580289e+01  8.000000e+00  2.246985e+01
     vertex  1.573449e+01  0.000000e+00  2.251564e+01
     vertex  1.573449e+01  8.000000e+00  2.251564e+01
   endloop
 endfacet
 facet normal -5.788711e-01 -0.000000e+00 -8.154191e-01
   outer loop
     vertex  1.587001e+01  8.000000e+00  2.242220e+01
     vertex  1.587001e+01  0.000000e+00  2.242220e+01
     vertex  1.580289e+01  0.000000e+00  2.246985e+01
   endloop
 endfacet
 facet normal -5.788711e-01  0.000000e+00 -8.154191e-01
   outer loop
     vertex  1.587001e+01  8.000000e+00  2.242220e+01
     vertex  1.580289e+01  0.000000e+00  2.246985e+01
     vertex  1.580289e+01  8.000000e+00  2.246985e+01
   endloop
 endfacet
 facet normal -6.010234e-01 -0.000000e+00 -7.992314e-01
   outer loop
     vertex  1.593579e+01  8.000000e+00  2.237273e+01
     vertex  1.593579e+01  0.000000e+00  2.237273e+01
     vertex  1.587001e+01  0.000000e+00  2.242220e+01
   endloop
 endfacet
 facet normal -6.010234e-01  0.000000e+00 -7.992314e-01
   outer loop
     vertex  1.593579e+01  8.000000e+00  2.237273e+01
     vertex  1.587001e+01  0.000000e+00  2.242220e+01
     vertex  1.587001e+01  8.000000e+00  2.242220e+01
   endloop
 endfacet
 facet normal -6.227234e-01 -0.000000e+00 -7.824421e-01
   outer loop
     vertex  1.600020e+01  8.000000e+00  2.232148e+01
     vertex  1.600020e+01  0.000000e+00  2.232148e+01
     vertex  1.593579e+01  0.000000e+00  2.237273e+01
   endloop
 endfacet
 facet normal -6.227234e-01  0.000000e+00 -7.824421e-01
   outer loop
     vertex  1.600020e+01  8.000000e+00  2.232148e+01
     vertex  1.593579e+01  0.000000e+00  2.237273e+01
     vertex  1.593579e+01  8.000000e+00  2.237273e+01
   endloop
 endfacet
 facet normal -6.439545e-01 -0.000000e+00 -7.650637e-01
   outer loop
     vertex  1.606317e+01  8.000000e+00  2.226847e+01
     vertex  1.606317e+01  0.000000e+00  2.226847e+01
     vertex  1.600020e+01  0.000000e+00  2.232148e+01
   endloop
 endfacet
 facet normal -6.439545e-01  0.000000e+00 -7.650637e-01
   outer loop
     vertex  1.606317e+01  8.000000e+00  2.226847e+01
     vertex  1.600020e+01  0.000000e+00  2.232148e+01
     vertex  1.600020e+01  8.000000e+00  2.232148e+01
   endloop
 endfacet
 facet normal -6.647010e-01 -0.000000e+00 -7.471095e-01
   outer loop
     vertex  1.612466e+01  8.000000e+00  2.221376e+01
     vertex  1.612466e+01  0.000000e+00  2.221376e+01
     vertex  1.606317e+01  0.000000e+00  2.226847e+01
   endloop
 endfacet
 facet normal -6.647010e-01  0.000000e+00 -7.471095e-01
   outer loop
     vertex  1.612466e+01  8.000000e+00  2.221376e+01
     vertex  1.606317e+01  0.000000e+00  2.226847e+01
     vertex  1.606317e+01  8.000000e+00  2.226847e+01
   endloop
 endfacet
 facet normal -6.849470e-01 -0.000000e+00 -7.285929e-01
   outer loop
     vertex  1.618463e+01  8.000000e+00  2.215738e+01
     vertex  1.618463e+01  0.000000e+00  2.215738e+01
     vertex  1.612466e+01  0.000000e+00  2.221376e+01
   endloop
 endfacet
 facet normal -6.849470e-01  0.000000e+00 -7.285929e-01
   outer loop
     vertex  1.618463e+01  8.000000e+00  2.215738e+01
     vertex  1.612466e+01  0.000000e+00  2.221376e+01
     vertex  1.612466e+01  8.000000e+00  2.221376e+01
   endloop
 endfacet
 facet normal -7.046775e-01 -0.000000e+00 -7.095278e-01
   outer loop
     vertex  1.624303e+01  8.000000e+00  2.209938e+01
     vertex  1.624303e+01  0.000000e+00  2.209938e+01
     vertex  1.618463e+01  0.000000e+00  2.215738e+01
   endloop
 endfacet
 facet normal -7.046775e-01  0.000000e+00 -7.095278e-01
   outer loop
     vertex  1.624303e+01  8.000000e+00  2.209938e+01
     vertex  1.618463e+01  0.000000e+00  2.215738e+01
     vertex  1.618463e+01  8.000000e+00  2.215738e+01
   endloop
 endfacet
 facet normal -7.238775e-01 -0.000000e+00 -6.899286e-01
   outer loop
     vertex  1.629982e+01  8.000000e+00  2.203980e+01
     vertex  1.629982e+01  0.000000e+00  2.203980e+01
     vertex  1.624303e+01  0.000000e+00  2.209938e+01
   endloop
 endfacet
 facet normal -7.238775e-01  0.000000e+00 -6.899286e-01
   outer loop
     vertex  1.629982e+01  8.000000e+00  2.203980e+01
     vertex  1.624303e+01  0.000000e+00  2.209938e+01
     vertex  1.624303e+01  8.000000e+00  2.209938e+01
   endloop
 endfacet
 facet normal -7.425325e-01 -0.000000e+00 -6.698100e-01
   outer loop
     vertex  1.635495e+01  8.000000e+00  2.197868e+01
     vertex  1.635495e+01  0.000000e+00  2.197868e+01
     vertex  1.629982e+01  0.000000e+00  2.203980e+01
   endloop
 endfacet
 facet normal -7.425325e-01  0.000000e+00 -6.698100e-01
   outer loop
     vertex  1.635495e+01  8.000000e+00  2.197868e+01
     vertex  1.629982e+01  0.000000e+00  2.203980e+01
     vertex  1.629982e+01  8.000000e+00  2.203980e+01
   endloop
 endfacet
 facet normal -7.606287e-01 -0.000000e+00 -6.491872e-01
   outer loop
     vertex  1.640839e+01  8.000000e+00  2.191607e+01
     vertex  1.640839e+01  0.000000e+00  2.191607e+01
     vertex  1.635495e+01  0.000000e+00  2.197868e+01
   endloop
 endfacet
 facet normal -7.606287e-01  0.000000e+00 -6.491872e-01
   outer loop
     vertex  1.640839e+01  8.000000e+00  2.191607e+01
     vertex  1.635495e+01  0.000000e+00  2.197868e+01
     vertex  1.635495e+01  8.000000e+00  2.197868e+01
   endloop
 endfacet
 facet normal -7.781522e-01 -0.000000e+00 -6.280757e-01
   outer loop
     vertex  1.646009e+01  8.000000e+00  2.185203e+01
     vertex  1.646009e+01  0.000000e+00  2.185203e+01
     vertex  1.640839e+01  0.000000e+00  2.191607e+01
   endloop
 endfacet
 facet normal -7.950900e-01 -0.000000e+00 -6.064915e-01
   outer loop
     vertex  1.646009e+01  8.000000e+00  2.185203e+01
     vertex  1.651001e+01  0.000000e+00  2.178658e+01
     vertex  1.646009e+01  0.000000e+00  2.185203e+01
   endloop
 endfacet
 facet normal -7.781522e-01  0.000000e+00 -6.280757e-01
   outer loop
     vertex  1.646009e+01  8.000000e+00  2.185203e+01
     vertex  1.640839e+01  0.000000e+00  2.191607e+01
     vertex  1.640839e+01  8.000000e+00  2.191607e+01
   endloop
 endfacet
 facet normal -7.950900e-01 -0.000000e+00 -6.064915e-01
   outer loop
     vertex  1.651001e+01  8.000000e+00  2.178658e+01
     vertex  1.651001e+01  0.000000e+00  2.178658e+01
     vertex  1.646009e+01  8.000000e+00  2.185203e+01
   endloop
 endfacet
 facet normal -8.114292e-01  0.000000e+00 -5.844507e-01
   outer loop
     vertex  1.655811e+01  8.000000e+00  2.171979e+01
     vertex  1.651001e+01  0.000000e+00  2.178658e+01
     vertex  1.651001e+01  8.000000e+00  2.178658e+01
   endloop
 endfacet
 facet normal -8.114292e-01 -0.000000e+00 -5.844507e-01
   outer loop
     vertex  1.655811e+01  8.000000e+00  2.171979e+01
     vertex  1.655811e+01  0.000000e+00  2.171979e+01
     vertex  1.651001e+01  0.000000e+00  2.178658e+01
   endloop
 endfacet
 facet normal -8.271577e-01 -0.000000e+00 -5.619699e-01
   outer loop
     vertex  1.655811e+01  8.000000e+00  2.171979e+01
     vertex  1.660437e+01  0.000000e+00  2.165171e+01
     vertex  1.655811e+01  0.000000e+00  2.171979e+01
   endloop
 endfacet
 facet normal -8.271577e-01 -0.000000e+00 -5.619699e-01
   outer loop
     vertex  1.660437e+01  8.000000e+00  2.165171e+01
     vertex  1.660437e+01  0.000000e+00  2.165171e+01
     vertex  1.655811e+01  8.000000e+00  2.171979e+01
   endloop
 endfacet
 facet normal -8.422635e-01  0.000000e+00 -5.390661e-01
   outer loop
     vertex  1.664874e+01  8.000000e+00  2.158238e+01
     vertex  1.660437e+01  0.000000e+00  2.165171e+01
     vertex  1.660437e+01  8.000000e+00  2.165171e+01
   endloop
 endfacet
 facet normal -8.422635e-01 -0.000000e+00 -5.390661e-01
   outer loop
     vertex  1.664874e+01  8.000000e+00  2.158238e+01
     vertex  1.664874e+01  0.000000e+00  2.158238e+01
     vertex  1.660437e+01  0.000000e+00  2.165171e+01
   endloop
 endfacet
 facet normal -8.567352e-01  0.000000e+00 -5.157565e-01
   outer loop
     vertex  1.669119e+01  8.000000e+00  2.151187e+01
     vertex  1.664874e+01  0.000000e+00  2.158238e+01
     vertex  1.664874e+01  8.000000e+00  2.158238e+01
   endloop
 endfacet
 facet normal -8.567352e-01 -0.000000e+00 -5.157565e-01
   outer loop
     vertex  1.669119e+01  8.000000e+00  2.151187e+01
     vertex  1.669119e+01  0.000000e+00  2.151187e+01
     vertex  1.664874e+01  0.000000e+00  2.158238e+01
   endloop
 endfacet
 facet normal -8.705620e-01  0.000000e+00 -4.920587e-01
   outer loop
     vertex  1.673169e+01  8.000000e+00  2.144021e+01
     vertex  1.669119e+01  0.000000e+00  2.151187e+01
     vertex  1.669119e+01  8.000000e+00  2.151187e+01
   endloop
 endfacet
 facet normal -8.705620e-01 -0.000000e+00 -4.920587e-01
   outer loop
     vertex  1.673169e+01  8.000000e+00  2.144021e+01
     vertex  1.673169e+01  0.000000e+00  2.144021e+01
     vertex  1.669119e+01  0.000000e+00  2.151187e+01
   endloop
 endfacet
 facet normal -8.837335e-01 -0.000000e+00 -4.679904e-01
   outer loop
     vertex  1.673169e+01  8.000000e+00  2.144021e+01
     vertex  1.677021e+01  0.000000e+00  2.136747e+01
     vertex  1.673169e+01  0.000000e+00  2.144021e+01
   endloop
 endfacet
 facet normal -8.837335e-01 -0.000000e+00 -4.679904e-01
   outer loop
     vertex  1.677021e+01  8.000000e+00  2.136747e+01
     vertex  1.677021e+01  0.000000e+00  2.136747e+01
     vertex  1.673169e+01  8.000000e+00  2.144021e+01
   endloop
 endfacet
 facet normal -8.962398e-01  0.000000e+00 -4.435699e-01
   outer loop
     vertex  1.680672e+01  8.000000e+00  2.129370e+01
     vertex  1.677021e+01  0.000000e+00  2.136747e+01
     vertex  1.677021e+01  8.000000e+00  2.136747e+01
   endloop
 endfacet
 facet normal -8.962398e-01 -0.000000e+00 -4.435699e-01
   outer loop
     vertex  1.680672e+01  8.000000e+00  2.129370e+01
     vertex  1.680672e+01  0.000000e+00  2.129370e+01
     vertex  1.677021e+01  0.000000e+00  2.136747e+01
   endloop
 endfacet
 facet normal -9.080714e-01  0.000000e+00 -4.188155e-01
   outer loop
     vertex  1.684119e+01  8.000000e+00  2.121896e+01
     vertex  1.680672e+01  0.000000e+00  2.129370e+01
     vertex  1.680672e+01  8.000000e+00  2.129370e+01
   endloop
 endfacet
 facet normal -9.080714e-01 -0.000000e+00 -4.188155e-01
   outer loop
     vertex  1.684119e+01  8.000000e+00  2.121896e+01
     vertex  1.684119e+01  0.000000e+00  2.121896e+01
     vertex  1.680672e+01  0.000000e+00  2.129370e+01
   endloop
 endfacet
 facet normal -9.192194e-01  0.000000e+00 -3.937458e-01
   outer loop
     vertex  1.687360e+01  8.000000e+00  2.114330e+01
     vertex  1.684119e+01  0.000000e+00  2.121896e+01
     vertex  1.684119e+01  8.000000e+00  2.121896e+01
   endloop
 endfacet
 facet normal -9.192194e-01 -0.000000e+00 -3.937458e-01
   outer loop
     vertex  1.687360e+01  8.000000e+00  2.114330e+01
     vertex  1.687360e+01  0.000000e+00  2.114330e+01
     vertex  1.684119e+01  0.000000e+00  2.121896e+01
   endloop
 endfacet
 facet normal -9.296754e-01  0.000000e+00 -3.683796e-01
   outer loop
     vertex  1.690392e+01  8.000000e+00  2.106677e+01
     vertex  1.687360e+01  0.000000e+00  2.114330e+01
     vertex  1.687360e+01  8.000000e+00  2.114330e+01
   endloop
 endfacet
 facet normal -9.296754e-01 -0.000000e+00 -3.683796e-01
   outer loop
     vertex  1.690392e+01  8.000000e+00  2.106677e+01
     vertex  1.690392e+01  0.000000e+00  2.106677e+01
     vertex  1.687360e+01  0.000000e+00  2.114330e+01
   endloop
 endfacet
 facet normal -9.394317e-01  0.000000e+00 -3.427362e-01
   outer loop
     vertex  1.693214e+01  8.000000e+00  2.098945e+01
     vertex  1.690392e+01  0.000000e+00  2.106677e+01
     vertex  1.690392e+01  8.000000e+00  2.106677e+01
   endloop
 endfacet
 facet normal -9.394317e-01 -0.000000e+00 -3.427362e-01
   outer loop
     vertex  1.693214e+01  8.000000e+00  2.098945e+01
     vertex  1.693214e+01  0.000000e+00  2.098945e+01
     vertex  1.690392e+01  0.000000e+00  2.106677e+01
   endloop
 endfacet
 facet normal -9.484807e-01  0.000000e+00 -3.168348e-01
   outer loop
     vertex  1.695821e+01  8.000000e+00  2.091138e+01
     vertex  1.693214e+01  0.000000e+00  2.098945e+01
     vertex  1.693214e+01  8.000000e+00  2.098945e+01
   endloop
 endfacet
 facet normal -9.484807e-01 -0.000000e+00 -3.168348e-01
   outer loop
     vertex  1.695821e+01  8.000000e+00  2.091138e+01
     vertex  1.695821e+01  0.000000e+00  2.091138e+01
     vertex  1.693214e+01  0.000000e+00  2.098945e+01
   endloop
 endfacet
 facet normal -9.568158e-01  0.000000e+00 -2.906949e-01
   outer loop
     vertex  1.698214e+01  8.000000e+00  2.083262e+01
     vertex  1.695821e+01  0.000000e+00  2.091138e+01
     vertex  1.695821e+01  8.000000e+00  2.091138e+01
   endloop
 endfacet
 facet normal -9.568158e-01 -0.000000e+00 -2.906949e-01
   outer loop
     vertex  1.698214e+01  8.000000e+00  2.083262e+01
     vertex  1.698214e+01  0.000000e+00  2.083262e+01
     vertex  1.695821e+01  0.000000e+00  2.091138e+01
   endloop
 endfacet
 facet normal -9.644306e-01 -0.000000e+00 -2.643362e-01
   outer loop
     vertex  1.698214e+01  8.000000e+00  2.083262e+01
     vertex  1.700390e+01  0.000000e+00  2.075324e+01
     vertex  1.698214e+01  0.000000e+00  2.083262e+01
   endloop
 endfacet
 facet normal -9.644306e-01 -0.000000e+00 -2.643362e-01
   outer loop
     vertex  1.700390e+01  8.000000e+00  2.075324e+01
     vertex  1.700390e+01  0.000000e+00  2.075324e+01
     vertex  1.698214e+01  8.000000e+00  2.083262e+01
   endloop
 endfacet
 facet normal -9.713194e-01  0.000000e+00 -2.377784e-01
   outer loop
     vertex  1.702347e+01  8.000000e+00  2.067329e+01
     vertex  1.700390e+01  0.000000e+00  2.075324e+01
     vertex  1.700390e+01  8.000000e+00  2.075324e+01
   endloop
 endfacet
 facet normal -9.713194e-01 -0.000000e+00 -2.377784e-01
   outer loop
     vertex  1.702347e+01  8.000000e+00  2.067329e+01
     vertex  1.702347e+01  0.000000e+00  2.067329e+01
     vertex  1.700390e+01  0.000000e+00  2.075324e+01
   endloop
 endfacet
 facet normal -9.774771e-01  0.000000e+00 -2.110417e-01
   outer loop
     vertex  1.704084e+01  8.000000e+00  2.059284e+01
     vertex  1.702347e+01  0.000000e+00  2.067329e+01
     vertex  1.702347e+01  8.000000e+00  2.067329e+01
   endloop
 endfacet
 facet normal -9.774771e-01 -0.000000e+00 -2.110417e-01
   outer loop
     vertex  1.704084e+01  8.000000e+00  2.059284e+01
     vertex  1.704084e+01  0.000000e+00  2.059284e+01
     vertex  1.702347e+01  0.000000e+00  2.067329e+01
   endloop
 endfacet
 facet normal -9.828989e-01  0.000000e+00 -1.841461e-01
   outer loop
     vertex  1.705600e+01  8.000000e+00  2.051194e+01
     vertex  1.704084e+01  0.000000e+00  2.059284e+01
     vertex  1.704084e+01  8.000000e+00  2.059284e+01
   endloop
 endfacet
 facet normal -9.828989e-01 -0.000000e+00 -1.841461e-01
   outer loop
     vertex  1.705600e+01  8.000000e+00  2.051194e+01
     vertex  1.705600e+01  0.000000e+00  2.051194e+01
     vertex  1.704084e+01  0.000000e+00  2.059284e+01
   endloop
 endfacet
 facet normal -9.875808e-01 -0.000000e+00 -1.571119e-01
   outer loop
     vertex  1.705600e+01  8.000000e+00  2.051194e+01
     vertex  1.706893e+01  0.000000e+00  2.043065e+01
     vertex  1.705600e+01  0.000000e+00  2.051194e+01
   endloop
 endfacet
 facet normal -9.875808e-01 -0.000000e+00 -1.571119e-01
   outer loop
     vertex  1.706893e+01  8.000000e+00  2.043065e+01
     vertex  1.706893e+01  0.000000e+00  2.043065e+01
     vertex  1.705600e+01  8.000000e+00  2.051194e+01
   endloop
 endfacet
 facet normal -9.915193e-01  0.000000e+00 -1.299594e-01
   outer loop
     vertex  1.707963e+01  8.000000e+00  2.034904e+01
     vertex  1.706893e+01  0.000000e+00  2.043065e+01
     vertex  1.706893e+01  8.000000e+00  2.043065e+01
   endloop
 endfacet
 facet normal -9.915193e-01 -0.000000e+00 -1.299594e-01
   outer loop
     vertex  1.707963e+01  8.000000e+00  2.034904e+01
     vertex  1.707963e+01  0.000000e+00  2.034904e+01
     vertex  1.706893e+01  0.000000e+00  2.043065e+01
   endloop
 endfacet
 facet normal -9.947114e-01  0.000000e+00 -1.027091e-01
   outer loop
     vertex  1.708808e+01  8.000000e+00  2.026716e+01
     vertex  1.707963e+01  0.000000e+00  2.034904e+01
     vertex  1.707963e+01  8.000000e+00  2.034904e+01
   endloop
 endfacet
 facet normal -9.947114e-01 -0.000000e+00 -1.027091e-01
   outer loop
     vertex  1.708808e+01  8.000000e+00  2.026716e+01
     vertex  1.708808e+01  0.000000e+00  2.026716e+01
     vertex  1.707963e+01  0.000000e+00  2.034904e+01
   endloop
 endfacet
 facet normal -9.971548e-01  0.000000e+00 -7.538152e-02
   outer loop
     vertex  1.709429e+01  8.000000e+00  2.018509e+01
     vertex  1.708808e+01  0.000000e+00  2.026716e+01
     vertex  1.708808e+01  8.000000e+00  2.026716e+01
   endloop
 endfacet
 facet normal -9.971548e-01 -0.000000e+00 -7.538152e-02
   outer loop
     vertex  1.709429e+01  8.000000e+00  2.018509e+01
     vertex  1.709429e+01  0.000000e+00  2.018509e+01
     vertex  1.708808e+01  0.000000e+00  2.026716e+01
   endloop
 endfacet
 facet normal -9.988475e-01  0.000000e+00 -4.799716e-02
   outer loop
     vertex  1.709824e+01  8.000000e+00  2.010287e+01
     vertex  1.709429e+01  0.000000e+00  2.018509e+01
     vertex  1.709429e+01  8.000000e+00  2.018509e+01
   endloop
 endfacet
 facet normal -9.988475e-01 -0.000000e+00 -4.799716e-02
   outer loop
     vertex  1.709824e+01  8.000000e+00  2.010287e+01
     vertex  1.709824e+01  0.000000e+00  2.010287e+01
     vertex  1.709429e+01  0.000000e+00  2.018509e+01
   endloop
 endfacet
 facet normal -9.997883e-01 -0.000000e+00 -2.057667e-02
   outer loop
     vertex  1.709993e+01  8.000000e+00  2.002058e+01
     vertex  1.709993e+01  0.000000e+00  2.002058e+01
     vertex  1.709824e+01  0.000000e+00  2.010287e+01
   endloop
 endfacet
 facet normal -9.997883e-01  0.000000e+00 -2.057667e-02
   outer loop
     vertex  1.709993e+01  8.000000e+00  2.002058e+01
     vertex  1.709824e+01  0.000000e+00  2.010287e+01
     vertex  1.709824e+01  8.000000e+00  2.010287e+01
   endloop
 endfacet
 facet normal -9.999765e-01  0.000000e+00  6.859319e-03
   outer loop
     vertex  1.709936e+01  8.000000e+00  1.993827e+01
     vertex  1.709936e+01  0.000000e+00  1.993827e+01
     vertex  1.709993e+01  0.000000e+00  2.002058e+01
   endloop
 endfacet
 facet normal -9.999765e-01  0.000000e+00  6.859319e-03
   outer loop
     vertex  1.709936e+01  8.000000e+00  1.993827e+01
     vertex  1.709993e+01  0.000000e+00  2.002058e+01
     vertex  1.709993e+01  8.000000e+00  2.002058e+01
   endloop
 endfacet
 facet normal -9.994119e-01  0.000000e+00  3.429014e-02
   outer loop
     vertex  1.709654e+01  8.000000e+00  1.985601e+01
     vertex  1.709654e+01  0.000000e+00  1.985601e+01
     vertex  1.709936e+01  0.000000e+00  1.993827e+01
   endloop
 endfacet
 facet normal -9.994119e-01  0.000000e+00  3.429014e-02
   outer loop
     vertex  1.709654e+01  8.000000e+00  1.985601e+01
     vertex  1.709936e+01  0.000000e+00  1.993827e+01
     vertex  1.709936e+01  8.000000e+00  1.993827e+01
   endloop
 endfacet
 facet normal -9.980950e-01  0.000000e+00  6.169515e-02
   outer loop
     vertex  1.709146e+01  8.000000e+00  1.977386e+01
     vertex  1.709146e+01  0.000000e+00  1.977386e+01
     vertex  1.709654e+01  0.000000e+00  1.985601e+01
   endloop
 endfacet
 facet normal -9.960268e-01  0.000000e+00  8.905371e-02
   outer loop
     vertex  1.709146e+01  8.000000e+00  1.977386e+01
     vertex  1.708413e+01  0.000000e+00  1.969187e+01
     vertex  1.709146e+01  0.000000e+00  1.977386e+01
   endloop
 endfacet
 facet normal -9.980950e-01  0.000000e+00  6.169515e-02
   outer loop
     vertex  1.709146e+01  8.000000e+00  1.977386e+01
     vertex  1.709654e+01  0.000000e+00  1.985601e+01
     vertex  1.709654e+01  8.000000e+00  1.985601e+01
   endloop
 endfacet
 facet normal -9.960268e-01  0.000000e+00  8.905371e-02
   outer loop
     vertex  1.708413e+01  8.000000e+00  1.969187e+01
     vertex  1.708413e+01  0.000000e+00  1.969187e+01
     vertex  1.709146e+01  8.000000e+00  1.977386e+01
   endloop
 endfacet
 facet normal -9.932088e-01  0.000000e+00  1.163452e-01
   outer loop
     vertex  1.708413e+01  8.000000e+00  1.969187e+01
     vertex  1.707456e+01  0.000000e+00  1.961012e+01
     vertex  1.708413e+01  0.000000e+00  1.969187e+01
   endloop
 endfacet
 facet normal -9.932088e-01  0.000000e+00  1.163452e-01
   outer loop
     vertex  1.707456e+01  8.000000e+00  1.961012e+01
     vertex  1.707456e+01  0.000000e+00  1.961012e+01
     vertex  1.708413e+01  8.000000e+00  1.969187e+01
   endloop
 endfacet
 facet normal -9.896432e-01  0.000000e+00  1.435492e-01
   outer loop
     vertex  1.706274e+01  8.000000e+00  1.952866e+01
     vertex  1.707456e+01  0.000000e+00  1.961012e+01
     vertex  1.707456e+01  8.000000e+00  1.961012e+01
   endloop
 endfacet
 facet normal -9.896432e-01  0.000000e+00  1.435492e-01
   outer loop
     vertex  1.706274e+01  8.000000e+00  1.952866e+01
     vertex  1.706274e+01  0.000000e+00  1.952866e+01
     vertex  1.707456e+01  0.000000e+00  1.961012e+01
   endloop
 endfacet
 facet normal -9.853326e-01  0.000000e+00  1.706451e-01
   outer loop
     vertex  1.704870e+01  8.000000e+00  1.944756e+01
     vertex  1.706274e+01  0.000000e+00  1.952866e+01
     vertex  1.706274e+01  8.000000e+00  1.952866e+01
   endloop
 endfacet
 facet normal -9.853326e-01  0.000000e+00  1.706451e-01
   outer loop
     vertex  1.704870e+01  8.000000e+00  1.944756e+01
     vertex  1.704870e+01  0.000000e+00  1.944756e+01
     vertex  1.706274e+01  0.000000e+00  1.952866e+01
   endloop
 endfacet
 facet normal -9.802802e-01  0.000000e+00  1.976125e-01
   outer loop
     vertex  1.704870e+01  8.000000e+00  1.944756e+01
     vertex  1.703243e+01  0.000000e+00  1.936687e+01
     vertex  1.704870e+01  0.000000e+00  1.944756e+01
   endloop
 endfacet
 facet normal -9.802802e-01  0.000000e+00  1.976125e-01
   outer loop
     vertex  1.703243e+01  8.000000e+00  1.936687e+01
     vertex  1.703243e+01  0.000000e+00  1.936687e+01
     vertex  1.704870e+01  8.000000e+00  1.944756e+01
   endloop
 endfacet
 facet normal -9.744899e-01  0.000000e+00  2.244312e-01
   outer loop
     vertex  1.701396e+01  8.000000e+00  1.928666e+01
     vertex  1.703243e+01  0.000000e+00  1.936687e+01
     vertex  1.703243e+01  8.000000e+00  1.936687e+01
   endloop
 endfacet
 facet normal -9.744899e-01  0.000000e+00  2.244312e-01
   outer loop
     vertex  1.701396e+01  8.000000e+00  1.928666e+01
     vertex  1.701396e+01  0.000000e+00  1.928666e+01
     vertex  1.703243e+01  0.000000e+00  1.936687e+01
   endloop
 endfacet
 facet normal -9.679661e-01  0.000000e+00  2.510809e-01
   outer loop
     vertex  1.699329e+01  8.000000e+00  1.920699e+01
     vertex  1.701396e+01  0.000000e+00  1.928666e+01
     vertex  1.701396e+01  8.000000e+00  1.928666e+01
   endloop
 endfacet
 facet normal -9.679661e-01  0.000000e+00  2.510809e-01
   outer loop
     vertex  1.699329e+01  8.000000e+00  1.920699e+01
     vertex  1.699329e+01  0.000000e+00  1.920699e+01
     vertex  1.701396e+01  0.000000e+00  1.928666e+01
   endloop
 endfacet
 facet normal -9.607136e-01  0.000000e+00  2.775416e-01
   outer loop
     vertex  1.699329e+01  8.000000e+00  1.920699e+01
     vertex  1.697045e+01  0.000000e+00  1.912792e+01
     vertex  1.699329e+01  0.000000e+00  1.920699e+01
   endloop
 endfacet
 facet normal -9.607136e-01  0.000000e+00  2.775416e-01
   outer loop
     vertex  1.697045e+01  8.000000e+00  1.912792e+01
     vertex  1.697045e+01  0.000000e+00  1.912792e+01
     vertex  1.699329e+01  8.000000e+00  1.920699e+01
   endloop
 endfacet
 facet normal -9.527379e-01  0.000000e+00  3.037934e-01
   outer loop
     vertex  1.694544e+01  8.000000e+00  1.904950e+01
     vertex  1.697045e+01  0.000000e+00  1.912792e+01
     vertex  1.697045e+01  8.000000e+00  1.912792e+01
   endloop
 endfacet
 facet normal -9.527379e-01  0.000000e+00  3.037934e-01
   outer loop
     vertex  1.694544e+01  8.000000e+00  1.904950e+01
     vertex  1.694544e+01  0.000000e+00  1.904950e+01
     vertex  1.697045e+01  0.000000e+00  1.912792e+01
   endloop
 endfacet
 facet normal -9.440450e-01  0.000000e+00  3.298166e-01
   outer loop
     vertex  1.691830e+01  8.000000e+00  1.897179e+01
     vertex  1.694544e+01  0.000000e+00  1.904950e+01
     vertex  1.694544e+01  8.000000e+00  1.904950e+01
   endloop
 endfacet
 facet normal -9.440450e-01  0.000000e+00  3.298166e-01
   outer loop
     vertex  1.691830e+01  8.000000e+00  1.897179e+01
     vertex  1.691830e+01  0.000000e+00  1.897179e+01
     vertex  1.694544e+01  0.000000e+00  1.904950e+01
   endloop
 endfacet
 facet normal -9.346415e-01  0.000000e+00  3.555914e-01
   outer loop
     vertex  1.688903e+01  8.000000e+00  1.889486e+01
     vertex  1.691830e+01  0.000000e+00  1.897179e+01
     vertex  1.691830e+01  8.000000e+00  1.897179e+01
   endloop
 endfacet
 facet normal -9.346415e-01  0.000000e+00  3.555914e-01
   outer loop
     vertex  1.688903e+01  8.000000e+00  1.889486e+01
     vertex  1.688903e+01  0.000000e+00  1.889486e+01
     vertex  1.691830e+01  0.000000e+00  1.897179e+01
   endloop
 endfacet
 facet normal -9.245344e-01  0.000000e+00  3.810986e-01
   outer loop
     vertex  1.688903e+01  8.000000e+00  1.889486e+01
     vertex  1.685766e+01  0.000000e+00  1.881876e+01
     vertex  1.688903e+01  0.000000e+00  1.889486e+01
   endloop
 endfacet
 facet normal -9.245344e-01  0.000000e+00  3.810986e-01
   outer loop
     vertex  1.685766e+01  8.000000e+00  1.881876e+01
     vertex  1.685766e+01  0.000000e+00  1.881876e+01
     vertex  1.688903e+01  8.000000e+00  1.889486e+01
   endloop
 endfacet
 facet normal -9.137314e-01  0.000000e+00  4.063188e-01
   outer loop
     vertex  1.682421e+01  8.000000e+00  1.874355e+01
     vertex  1.682421e+01  0.000000e+00  1.874355e+01
     vertex  1.685766e+01  0.000000e+00  1.881876e+01
   endloop
 endfacet
 facet normal -9.137314e-01  0.000000e+00  4.063188e-01
   outer loop
     vertex  1.682421e+01  8.000000e+00  1.874355e+01
     vertex  1.685766e+01  0.000000e+00  1.881876e+01
     vertex  1.685766e+01  8.000000e+00  1.881876e+01
   endloop
 endfacet
 facet normal -9.022405e-01  0.000000e+00  4.312333e-01
   outer loop
     vertex  1.678872e+01  8.000000e+00  1.866929e+01
     vertex  1.678872e+01  0.000000e+00  1.866929e+01
     vertex  1.682421e+01  0.000000e+00  1.874355e+01
   endloop
 endfacet
 facet normal -9.022405e-01  0.000000e+00  4.312333e-01
   outer loop
     vertex  1.678872e+01  8.000000e+00  1.866929e+01
     vertex  1.682421e+01  0.000000e+00  1.874355e+01
     vertex  1.682421e+01  8.000000e+00  1.874355e+01
   endloop
 endfacet
 facet normal -8.900704e-01  0.000000e+00  4.558231e-01
   outer loop
     vertex  1.675120e+01  8.000000e+00  1.859603e+01
     vertex  1.675120e+01  0.000000e+00  1.859603e+01
     vertex  1.678872e+01  0.000000e+00  1.866929e+01
   endloop
 endfacet
 facet normal -8.772303e-01  0.000000e+00  4.800697e-01
   outer loop
     vertex  1.675120e+01  8.000000e+00  1.859603e+01
     vertex  1.671169e+01  0.000000e+00  1.852382e+01
     vertex  1.675120e+01  0.000000e+00  1.859603e+01
   endloop
 endfacet
 facet normal -8.900704e-01  0.000000e+00  4.558231e-01
   outer loop
     vertex  1.675120e+01  8.000000e+00  1.859603e+01
     vertex  1.678872e+01  0.000000e+00  1.866929e+01
     vertex  1.678872e+01  8.000000e+00  1.866929e+01
   endloop
 endfacet
 facet normal -8.637299e-01  0.000000e+00  5.039550e-01
   outer loop
     vertex  1.671169e+01  8.000000e+00  1.852382e+01
     vertex  1.667021e+01  0.000000e+00  1.845273e+01
     vertex  1.671169e+01  0.000000e+00  1.852382e+01
   endloop
 endfacet
 facet normal -8.772303e-01  0.000000e+00  4.800697e-01
   outer loop
     vertex  1.671169e+01  8.000000e+00  1.852382e+01
     vertex  1.671169e+01  0.000000e+00  1.852382e+01
     vertex  1.675120e+01  8.000000e+00  1.859603e+01
   endloop
 endfacet
 facet normal -8.637299e-01  0.000000e+00  5.039550e-01
   outer loop
     vertex  1.667021e+01  8.000000e+00  1.845273e+01
     vertex  1.667021e+01  0.000000e+00  1.845273e+01
     vertex  1.671169e+01  8.000000e+00  1.852382e+01
   endloop
 endfacet
 facet normal -8.495793e-01  0.000000e+00  5.274609e-01
   outer loop
     vertex  1.662679e+01  8.000000e+00  1.838280e+01
     vertex  1.662679e+01  0.000000e+00  1.838280e+01
     vertex  1.667021e+01  0.000000e+00  1.845273e+01
   endloop
 endfacet
 facet normal -8.347891e-01  0.000000e+00  5.505698e-01
   outer loop
     vertex  1.662679e+01  8.000000e+00  1.838280e+01
     vertex  1.658147e+01  0.000000e+00  1.831409e+01
     vertex  1.662679e+01  0.000000e+00  1.838280e+01
   endloop
 endfacet
 facet normal -8.495793e-01  0.000000e+00  5.274609e-01
   outer loop
     vertex  1.662679e+01  8.000000e+00  1.838280e+01
     vertex  1.667021e+01  0.000000e+00  1.845273e+01
     vertex  1.667021e+01  8.000000e+00  1.845273e+01
   endloop
 endfacet
 facet normal -8.347891e-01  0.000000e+00  5.505698e-01
   outer loop
     vertex  1.658147e+01  8.000000e+00  1.831409e+01
     vertex  1.658147e+01  0.000000e+00  1.831409e+01
     vertex  1.662679e+01  8.000000e+00  1.838280e+01
   endloop
 endfacet
 facet normal -8.193706e-01  0.000000e+00  5.732642e-01
   outer loop
     vertex  1.653429e+01  8.000000e+00  1.824665e+01
     vertex  1.653429e+01  0.000000e+00  1.824665e+01
     vertex  1.658147e+01  0.000000e+00  1.831409e+01
   endloop
 endfacet
 facet normal -8.193706e-01  0.000000e+00  5.732642e-01
   outer loop
     vertex  1.653429e+01  8.000000e+00  1.824665e+01
     vertex  1.658147e+01  0.000000e+00  1.831409e+01
     vertex  1.658147e+01  8.000000e+00  1.831409e+01
   endloop
 endfacet
 facet normal -8.033352e-01  0.000000e+00  5.955271e-01
   outer loop
     vertex  1.648527e+01  8.000000e+00  1.818053e+01
     vertex  1.648527e+01  0.000000e+00  1.818053e+01
     vertex  1.653429e+01  0.000000e+00  1.824665e+01
   endloop
 endfacet
 facet normal -8.033352e-01  0.000000e+00  5.955271e-01
   outer loop
     vertex  1.648527e+01  8.000000e+00  1.818053e+01
     vertex  1.653429e+01  0.000000e+00  1.824665e+01
     vertex  1.653429e+01  8.000000e+00  1.824665e+01
   endloop
 endfacet
 facet normal -7.866951e-01  0.000000e+00  6.173417e-01
   outer loop
     vertex  1.643446e+01  8.000000e+00  1.811577e+01
     vertex  1.643446e+01  0.000000e+00  1.811577e+01
     vertex  1.648527e+01  0.000000e+00  1.818053e+01
   endloop
 endfacet
 facet normal -7.694628e-01  0.000000e+00  6.386916e-01
   outer loop
     vertex  1.643446e+01  8.000000e+00  1.811577e+01
     vertex  1.638189e+01  0.000000e+00  1.805244e+01
     vertex  1.643446e+01  0.000000e+00  1.811577e+01
   endloop
 endfacet
 facet normal -7.866951e-01  0.000000e+00  6.173417e-01
   outer loop
     vertex  1.643446e+01  8.000000e+00  1.811577e+01
     vertex  1.648527e+01  0.000000e+00  1.818053e+01
     vertex  1.648527e+01  8.000000e+00  1.818053e+01
   endloop
 endfacet
 facet normal -7.516513e-01  0.000000e+00  6.595607e-01
   outer loop
     vertex  1.638189e+01  8.000000e+00  1.805244e+01
     vertex  1.632760e+01  0.000000e+00  1.799057e+01
     vertex  1.638189e+01  0.000000e+00  1.805244e+01
   endloop
 endfacet
 facet normal -7.694628e-01  0.000000e+00  6.386916e-01
   outer loop
     vertex  1.638189e+01  8.000000e+00  1.805244e+01
     vertex  1.638189e+01  0.000000e+00  1.805244e+01
     vertex  1.643446e+01  8.000000e+00  1.811577e+01
   endloop
 endfacet
 facet normal -7.332740e-01  0.000000e+00  6.799333e-01
   outer loop
     vertex  1.632760e+01  8.000000e+00  1.799057e+01
     vertex  1.627163e+01  0.000000e+00  1.793021e+01
     vertex  1.632760e+01  0.000000e+00  1.799057e+01
   endloop
 endfacet
 facet normal -7.516513e-01  0.000000e+00  6.595607e-01
   outer loop
     vertex  1.632760e+01  8.000000e+00  1.799057e+01
     vertex  1.632760e+01  0.000000e+00  1.799057e+01
     vertex  1.638189e+01  8.000000e+00  1.805244e+01
   endloop
 endfacet
 facet normal -7.332740e-01  0.000000e+00  6.799333e-01
   outer loop
     vertex  1.627163e+01  8.000000e+00  1.793021e+01
     vertex  1.627163e+01  0.000000e+00  1.793021e+01
     vertex  1.632760e+01  8.000000e+00  1.799057e+01
   endloop
 endfacet
 facet normal -7.143447e-01  0.000000e+00  6.997940e-01
   outer loop
     vertex  1.621403e+01  8.000000e+00  1.787142e+01
     vertex  1.621403e+01  0.000000e+00  1.787142e+01
     vertex  1.627163e+01  0.000000e+00  1.793021e+01
   endloop
 endfacet
 facet normal -6.948776e-01  0.000000e+00  7.191280e-01
   outer loop
     vertex  1.621403e+01  8.000000e+00  1.787142e+01
     vertex  1.615484e+01  0.000000e+00  1.781422e+01
     vertex  1.621403e+01  0.000000e+00  1.787142e+01
   endloop
 endfacet
 facet normal -7.143447e-01  0.000000e+00  6.997940e-01
   outer loop
     vertex  1.621403e+01  8.000000e+00  1.787142e+01
     vertex  1.627163e+01  0.000000e+00  1.793021e+01
     vertex  1.627163e+01  8.000000e+00  1.793021e+01
   endloop
 endfacet
 facet normal -6.948776e-01  0.000000e+00  7.191280e-01
   outer loop
     vertex  1.615484e+01  8.000000e+00  1.781422e+01
     vertex  1.615484e+01  0.000000e+00  1.781422e+01
     vertex  1.621403e+01  8.000000e+00  1.787142e+01
   endloop
 endfacet
 facet normal -6.748875e-01  0.000000e+00  7.379206e-01
   outer loop
     vertex  1.609410e+01  8.000000e+00  1.775867e+01
     vertex  1.615484e+01  0.000000e+00  1.781422e+01
     vertex  1.615484e+01  8.000000e+00  1.781422e+01
   endloop
 endfacet
 facet normal -6.748875e-01  0.000000e+00  7.379206e-01
   outer loop
     vertex  1.609410e+01  8.000000e+00  1.775867e+01
     vertex  1.609410e+01  0.000000e+00  1.775867e+01
     vertex  1.615484e+01  0.000000e+00  1.781422e+01
   endloop
 endfacet
 facet normal -6.543893e-01  0.000000e+00  7.561578e-01
   outer loop
     vertex  1.609410e+01  8.000000e+00  1.775867e+01
     vertex  1.603186e+01  0.000000e+00  1.770481e+01
     vertex  1.609410e+01  0.000000e+00  1.775867e+01
   endloop
 endfacet
 facet normal -6.543893e-01  0.000000e+00  7.561578e-01
   outer loop
     vertex  1.603186e+01  8.000000e+00  1.770481e+01
     vertex  1.603186e+01  0.000000e+00  1.770481e+01
     vertex  1.609410e+01  8.000000e+00  1.775867e+01
   endloop
 endfacet
 facet normal -6.333986e-01  0.000000e+00  7.738257e-01
   outer loop
     vertex  1.596817e+01  8.000000e+00  1.765267e+01
     vertex  1.596817e+01  0.000000e+00  1.765267e+01
     vertex  1.603186e+01  0.000000e+00  1.770481e+01
   endloop
 endfacet
 facet normal -6.119310e-01  0.000000e+00  7.909112e-01
   outer loop
     vertex  1.596817e+01  8.000000e+00  1.765267e+01
     vertex  1.590307e+01  0.000000e+00  1.760231e+01
     vertex  1.596817e+01  0.000000e+00  1.765267e+01
   endloop
 endfacet
 facet normal -6.333986e-01  0.000000e+00  7.738257e-01
   outer loop
     vertex  1.596817e+01  8.000000e+00  1.765267e+01
     vertex  1.603186e+01  0.000000e+00  1.770481e+01
     vertex  1.603186e+01  8.000000e+00  1.770481e+01
   endloop
 endfacet
 facet normal -6.119310e-01  0.000000e+00  7.909112e-01
   outer loop
     vertex  1.590307e+01  8.000000e+00  1.760231e+01
     vertex  1.590307e+01  0.000000e+00  1.760231e+01
     vertex  1.596817e+01  8.000000e+00  1.765267e+01
   endloop
 endfacet
 facet normal -5.900028e-01  0.000000e+00  8.074012e-01
   outer loop
     vertex  1.583661e+01  8.000000e+00  1.755374e+01
     vertex  1.583661e+01  0.000000e+00  1.755374e+01
     vertex  1.590307e+01  0.000000e+00  1.760231e+01
   endloop
 endfacet
 facet normal -5.676304e-01  0.000000e+00  8.232835e-01
   outer loop
     vertex  1.583661e+01  8.000000e+00  1.755374e+01
     vertex  1.576885e+01  0.000000e+00  1.750702e+01
     vertex  1.583661e+01  0.000000e+00  1.755374e+01
   endloop
 endfacet
 facet normal -5.900028e-01  0.000000e+00  8.074012e-01
   outer loop
     vertex  1.583661e+01  8.000000e+00  1.755374e+01
     vertex  1.590307e+01  0.000000e+00  1.760231e+01
     vertex  1.590307e+01  8.000000e+00  1.760231e+01
   endloop
 endfacet
 facet normal -5.676304e-01  0.000000e+00  8.232835e-01
   outer loop
     vertex  1.576885e+01  8.000000e+00  1.750702e+01
     vertex  1.576885e+01  0.000000e+00  1.750702e+01
     vertex  1.583661e+01  8.000000e+00  1.755374e+01
   endloop
 endfacet
 facet normal -5.448308e-01  0.000000e+00  8.385460e-01
   outer loop
     vertex  1.569983e+01  8.000000e+00  1.746218e+01
     vertex  1.569983e+01  0.000000e+00  1.746218e+01
     vertex  1.576885e+01  0.000000e+00  1.750702e+01
   endloop
 endfacet
 facet normal -5.448308e-01  0.000000e+00  8.385460e-01
   outer loop
     vertex  1.569983e+01  8.000000e+00  1.746218e+01
     vertex  1.576885e+01  0.000000e+00  1.750702e+01
     vertex  1.576885e+01  8.000000e+00  1.750702e+01
   endloop
 endfacet
 facet normal -5.216210e-01  0.000000e+00  8.531773e-01
   outer loop
     vertex  1.562960e+01  8.000000e+00  1.741924e+01
     vertex  1.562960e+01  0.000000e+00  1.741924e+01
     vertex  1.569983e+01  0.000000e+00  1.746218e+01
   endloop
 endfacet
 facet normal -5.216210e-01  0.000000e+00  8.531773e-01
   outer loop
     vertex  1.562960e+01  8.000000e+00  1.741924e+01
     vertex  1.569983e+01  0.000000e+00  1.746218e+01
     vertex  1.569983e+01  8.000000e+00  1.746218e+01
   endloop
 endfacet
 facet normal -4.980186e-01  0.000000e+00  8.671664e-01
   outer loop
     vertex  1.555823e+01  8.000000e+00  1.737825e+01
     vertex  1.555823e+01  0.000000e+00  1.737825e+01
     vertex  1.562960e+01  0.000000e+00  1.741924e+01
   endloop
 endfacet
 facet normal -4.740412e-01  0.000000e+00  8.805026e-01
   outer loop
     vertex  1.555823e+01  8.000000e+00  1.737825e+01
     vertex  1.548575e+01  0.000000e+00  1.733923e+01
     vertex  1.555823e+01  0.000000e+00  1.737825e+01
   endloop
 endfacet
 facet normal -4.980186e-01  0.000000e+00  8.671664e-01
   outer loop
     vertex  1.555823e+01  8.000000e+00  1.737825e+01
     vertex  1.562960e+01  0.000000e+00  1.741924e+01
     vertex  1.562960e+01  8.000000e+00  1.741924e+01
   endloop
 endfacet
 facet normal -4.497071e-01  0.000000e+00  8.931761e-01
   outer loop
     vertex  1.548575e+01  8.000000e+00  1.733923e+01
     vertex  1.541224e+01  0.000000e+00  1.730222e+01
     vertex  1.548575e+01  0.000000e+00  1.733923e+01
   endloop
 endfacet
 facet normal -4.740412e-01  0.000000e+00  8.805026e-01
   outer loop
     vertex  1.548575e+01  8.000000e+00  1.733923e+01
     vertex  1.548575e+01  0.000000e+00  1.733923e+01
     vertex  1.555823e+01  8.000000e+00  1.737825e+01
   endloop
 endfacet
 facet normal -4.497071e-01  0.000000e+00  8.931761e-01
   outer loop
     vertex  1.541224e+01  8.000000e+00  1.730222e+01
     vertex  1.541224e+01  0.000000e+00  1.730222e+01
     vertex  1.548575e+01  8.000000e+00  1.733923e+01
   endloop
 endfacet
 facet normal -4.250344e-01  0.000000e+00  9.051772e-01
   outer loop
     vertex  1.533773e+01  8.000000e+00  1.726723e+01
     vertex  1.533773e+01  0.000000e+00  1.726723e+01
     vertex  1.541224e+01  0.000000e+00  1.730222e+01
   endloop
 endfacet
 facet normal -4.250344e-01  0.000000e+00  9.051772e-01
   outer loop
     vertex  1.533773e+01  8.000000e+00  1.726723e+01
     vertex  1.541224e+01  0.000000e+00  1.730222e+01
     vertex  1.541224e+01  8.000000e+00  1.730222e+01
   endloop
 endfacet
 facet normal -4.000417e-01  0.000000e+00  9.164969e-01
   outer loop
     vertex  1.526229e+01  8.000000e+00  1.723430e+01
     vertex  1.526229e+01  0.000000e+00  1.723430e+01
     vertex  1.533773e+01  0.000000e+00  1.726723e+01
   endloop
 endfacet
 facet normal -4.000417e-01  0.000000e+00  9.164969e-01
   outer loop
     vertex  1.526229e+01  8.000000e+00  1.723430e+01
     vertex  1.533773e+01  0.000000e+00  1.726723e+01
     vertex  1.533773e+01  8.000000e+00  1.726723e+01
   endloop
 endfacet
 facet normal -3.747479e-01  0.000000e+00  9.271267e-01
   outer loop
     vertex  1.518598e+01  8.000000e+00  1.720346e+01
     vertex  1.518598e+01  0.000000e+00  1.720346e+01
     vertex  1.526229e+01  0.000000e+00  1.723430e+01
   endloop
 endfacet
 facet normal -3.491720e-01  0.000000e+00  9.370586e-01
   outer loop
     vertex  1.518598e+01  8.000000e+00  1.720346e+01
     vertex  1.510885e+01  0.000000e+00  1.717472e+01
     vertex  1.518598e+01  0.000000e+00  1.720346e+01
   endloop
 endfacet
 facet normal -3.747479e-01  0.000000e+00  9.271267e-01
   outer loop
     vertex  1.518598e+01  8.000000e+00  1.720346e+01
     vertex  1.526229e+01  0.000000e+00  1.723430e+01
     vertex  1.526229e+01  8.000000e+00  1.723430e+01
   endloop
 endfacet
 facet normal -3.491720e-01  0.000000e+00  9.370586e-01
   outer loop
     vertex  1.510885e+01  8.000000e+00  1.717472e+01
     vertex  1.510885e+01  0.000000e+00  1.717472e+01
     vertex  1.518598e+01  8.000000e+00  1.720346e+01
   endloop
 endfacet
 facet normal -3.233333e-01  0.000000e+00  9.462851e-01
   outer loop
     vertex  1.503096e+01  8.000000e+00  1.714810e+01
     vertex  1.503096e+01  0.000000e+00  1.714810e+01
     vertex  1.510885e+01  0.000000e+00  1.717472e+01
   endloop
 endfacet
 facet normal -3.233333e-01  0.000000e+00  9.462851e-01
   outer loop
     vertex  1.503096e+01  8.000000e+00  1.714810e+01
     vertex  1.510885e+01  0.000000e+00  1.717472e+01
     vertex  1.510885e+01  8.000000e+00  1.717472e+01
   endloop
 endfacet
 facet normal -2.972512e-01  0.000000e+00  9.547993e-01
   outer loop
     vertex  1.495237e+01  8.000000e+00  1.712364e+01
     vertex  1.495237e+01  0.000000e+00  1.712364e+01
     vertex  1.503096e+01  0.000000e+00  1.714810e+01
   endloop
 endfacet
 facet normal -2.972512e-01  0.000000e+00  9.547993e-01
   outer loop
     vertex  1.495237e+01  8.000000e+00  1.712364e+01
     vertex  1.503096e+01  0.000000e+00  1.714810e+01
     vertex  1.503096e+01  8.000000e+00  1.714810e+01
   endloop
 endfacet
 facet normal -2.709453e-01  0.000000e+00  9.625948e-01
   outer loop
     vertex  1.487314e+01  8.000000e+00  1.710134e+01
     vertex  1.487314e+01  0.000000e+00  1.710134e+01
     vertex  1.495237e+01  0.000000e+00  1.712364e+01
   endloop
 endfacet
 facet normal -2.709453e-01  0.000000e+00  9.625948e-01
   outer loop
     vertex  1.487314e+01  8.000000e+00  1.710134e+01
     vertex  1.495237e+01  0.000000e+00  1.712364e+01
     vertex  1.495237e+01  8.000000e+00  1.712364e+01
   endloop
 endfacet
 facet normal -2.444354e-01  0.000000e+00  9.696656e-01
   outer loop
     vertex  1.479333e+01  8.000000e+00  1.708122e+01
     vertex  1.479333e+01  0.000000e+00  1.708122e+01
     vertex  1.487314e+01  0.000000e+00  1.710134e+01
   endloop
 endfacet
 facet normal -2.177416e-01  0.000000e+00  9.760065e-01
   outer loop
     vertex  1.479333e+01  8.000000e+00  1.708122e+01
     vertex  1.471300e+01  0.000000e+00  1.706330e+01
     vertex  1.479333e+01  0.000000e+00  1.708122e+01
   endloop
 endfacet
 facet normal -2.444354e-01  0.000000e+00  9.696656e-01
   outer loop
     vertex  1.479333e+01  8.000000e+00  1.708122e+01
     vertex  1.487314e+01  0.000000e+00  1.710134e+01
     vertex  1.487314e+01  8.000000e+00  1.710134e+01
   endloop
 endfacet
 facet normal -1.908838e-01  0.000000e+00  9.816126e-01
   outer loop
     vertex  1.471300e+01  8.000000e+00  1.706330e+01
     vertex  1.463220e+01  0.000000e+00  1.704758e+01
     vertex  1.471300e+01  0.000000e+00  1.706330e+01
   endloop
 endfacet
 facet normal -2.177416e-01  0.000000e+00  9.760065e-01
   outer loop
     vertex  1.471300e+01  8.000000e+00  1.706330e+01
     vertex  1.471300e+01  0.000000e+00  1.706330e+01
     vertex  1.479333e+01  8.000000e+00  1.708122e+01
   endloop
 endfacet
 facet normal -1.638824e-01  0.000000e+00  9.864799e-01
   outer loop
     vertex  1.463220e+01  8.000000e+00  1.704758e+01
     vertex  1.455100e+01  0.000000e+00  1.703409e+01
     vertex  1.463220e+01  0.000000e+00  1.704758e+01
   endloop
 endfacet
 facet normal -1.908838e-01  0.000000e+00  9.816126e-01
   outer loop
     vertex  1.463220e+01  8.000000e+00  1.704758e+01
     vertex  1.463220e+01  0.000000e+00  1.704758e+01
     vertex  1.471300e+01  8.000000e+00  1.706330e+01
   endloop
 endfacet
 facet normal -1.367575e-01  0.000000e+00  9.906046e-01
   outer loop
     vertex  1.455100e+01  8.000000e+00  1.703409e+01
     vertex  1.446947e+01  0.000000e+00  1.702284e+01
     vertex  1.455100e+01  0.000000e+00  1.703409e+01
   endloop
 endfacet
 facet normal -1.638824e-01  0.000000e+00  9.864799e-01
   outer loop
     vertex  1.455100e+01  8.000000e+00  1.703409e+01
     vertex  1.455100e+01  0.000000e+00  1.703409e+01
     vertex  1.463220e+01  8.000000e+00  1.704758e+01
   endloop
 endfacet
 facet normal -1.095298e-01  0.000000e+00  9.939835e-01
   outer loop
     vertex  1.446947e+01  8.000000e+00  1.702284e+01
     vertex  1.438765e+01  0.000000e+00  1.701382e+01
     vertex  1.446947e+01  0.000000e+00  1.702284e+01
   endloop
 endfacet
 facet normal -1.367575e-01  0.000000e+00  9.906046e-01
   outer loop
     vertex  1.446947e+01  8.000000e+00  1.702284e+01
     vertex  1.446947e+01  0.000000e+00  1.702284e+01
     vertex  1.455100e+01  8.000000e+00  1.703409e+01
   endloop
 endfacet
 facet normal -1.095298e-01  0.000000e+00  9.939835e-01
   outer loop
     vertex  1.438765e+01  8.000000e+00  1.701382e+01
     vertex  1.438765e+01  0.000000e+00  1.701382e+01
     vertex  1.446947e+01  8.000000e+00  1.702284e+01
   endloop
 endfacet
 facet normal -8.221955e-02  0.000000e+00  9.966142e-01
   outer loop
     vertex  1.430562e+01  8.000000e+00  1.700705e+01
     vertex  1.438765e+01  0.000000e+00  1.701382e+01
     vertex  1.438765e+01  8.000000e+00  1.701382e+01
   endloop
 endfacet
 facet normal -8.221955e-02  0.000000e+00  9.966142e-01
   outer loop
     vertex  1.430562e+01  8.000000e+00  1.700705e+01
     vertex  1.430562e+01  0.000000e+00  1.700705e+01
     vertex  1.438765e+01  0.000000e+00  1.701382e+01
   endloop
 endfacet
 facet normal -5.484744e-02  0.000000e+00  9.984947e-01
   outer loop
     vertex  1.430562e+01  8.000000e+00  1.700705e+01
     vertex  1.422343e+01  0.000000e+00  1.700254e+01
     vertex  1.430562e+01  0.000000e+00  1.700705e+01
   endloop
 endfacet
 facet normal -5.484744e-02  0.000000e+00  9.984947e-01
   outer loop
     vertex  1.422343e+01  8.000000e+00  1.700254e+01
     vertex  1.422343e+01  0.000000e+00  1.700254e+01
     vertex  1.430562e+01  8.000000e+00  1.700705e+01
   endloop
 endfacet
 facet normal -2.743405e-02  0.000000e+00  9.996236e-01
   outer loop
     vertex  1.422343e+01  8.000000e+00  1.700254e+01
     vertex  1.414115e+01  0.000000e+00  1.700028e+01
     vertex  1.422343e+01  0.000000e+00  1.700254e+01
   endloop
 endfacet
 facet normal -2.743405e-02  0.000000e+00  9.996236e-01
   outer loop
     vertex  1.414115e+01  8.000000e+00  1.700028e+01
     vertex  1.414115e+01  0.000000e+00  1.700028e+01
     vertex  1.422343e+01  8.000000e+00  1.700254e+01
   endloop
 endfacet
 facet normal -0.000000e+00  0.000000e+00  1.000000e+00
   outer loop
     vertex  1.405885e+01  8.000000e+00  1.700028e+01
     vertex  1.414115e+01  0.000000e+00  1.700028e+01
     vertex  1.414115e+01  8.000000e+00  1.700028e+01
   endloop
 endfacet
 facet normal  0.000000e+00  0.000000e+00  1.000000e+00
   outer loop
     vertex  1.405885e+01  8.000000e+00  1.700028e+01
     vertex  1.405885e+01  0.000000e+00  1.700028e+01
     vertex  1.414115e+01  0.000000e+00  1.700028e+01
   endloop
 endfacet
 facet normal  2.743405e-02  0.000000e+00  9.996236e-01
   outer loop
     vertex  1.405885e+01  8.000000e+00  1.700028e+01
     vertex  1.397657e+01  0.000000e+00  1.700254e+01
     vertex  1.405885e+01  0.000000e+00  1.700028e+01
   endloop
 endfacet
 facet normal  2.743405e-02  0.000000e+00  9.996236e-01
   outer loop
     vertex  1.397657e+01  8.000000e+00  1.700254e+01
     vertex  1.397657e+01  0.000000e+00  1.700254e+01
     vertex  1.405885e+01  8.000000e+00  1.700028e+01
   endloop
 endfacet
 facet normal  5.484744e-02  0.000000e+00  9.984947e-01
   outer loop
     vertex  1.389438e+01  8.000000e+00  1.700705e+01
     vertex  1.397657e+01  0.000000e+00  1.700254e+01
     vertex  1.397657e+01  8.000000e+00  1.700254e+01
   endloop
 endfacet
 facet normal  5.484744e-02  0.000000e+00  9.984947e-01
   outer loop
     vertex  1.389438e+01  8.000000e+00  1.700705e+01
     vertex  1.389438e+01  0.000000e+00  1.700705e+01
     vertex  1.397657e+01  0.000000e+00  1.700254e+01
   endloop
 endfacet
 facet normal  8.221955e-02  0.000000e+00  9.966142e-01
   outer loop
     vertex  1.389438e+01  8.000000e+00  1.700705e+01
     vertex  1.381235e+01  0.000000e+00  1.701382e+01
     vertex  1.389438e+01  0.000000e+00  1.700705e+01
   endloop
 endfacet
 facet normal  8.221955e-02  0.000000e+00  9.966142e-01
   outer loop
     vertex  1.381235e+01  8.000000e+00  1.701382e+01
     vertex  1.381235e+01  0.000000e+00  1.701382e+01
     vertex  1.389438e+01  8.000000e+00  1.700705e+01
   endloop
 endfacet
 facet normal  1.095298e-01  0.000000e+00  9.939835e-01
   outer loop
     vertex  1.373053e+01  8.000000e+00  1.702284e+01
     vertex  1.381235e+01  0.000000e+00  1.701382e+01
     vertex  1.381235e+01  8.000000e+00  1.701382e+01
   endloop
 endfacet
 facet normal  1.095298e-01  0.000000e+00  9.939835e-01
   outer loop
     vertex  1.373053e+01  8.000000e+00  1.702284e+01
     vertex  1.373053e+01  0.000000e+00  1.702284e+01
     vertex  1.381235e+01  0.000000e+00  1.701382e+01
   endloop
 endfacet
 facet normal  1.367575e-01  0.000000e+00  9.906046e-01
   outer loop
     vertex  1.373053e+01  8.000000e+00  1.702284e+01
     vertex  1.364900e+01  0.000000e+00  1.703409e+01
     vertex  1.373053e+01  0.000000e+00  1.702284e+01
   endloop
 endfacet
 facet normal  1.367575e-01  0.000000e+00  9.906046e-01
   outer loop
     vertex  1.364900e+01  8.000000e+00  1.703409e+01
     vertex  1.364900e+01  0.000000e+00  1.703409e+01
     vertex  1.373053e+01  8.000000e+00  1.702284e+01
   endloop
 endfacet
 facet normal  1.638824e-01  0.000000e+00  9.864799e-01
   outer loop
     vertex  1.356780e+01  8.000000e+00  1.704758e+01
     vertex  1.364900e+01  0.000000e+00  1.703409e+01
     vertex  1.364900e+01  8.000000e+00  1.703409e+01
   endloop
 endfacet
 facet normal  1.638824e-01  0.000000e+00  9.864799e-01
   outer loop
     vertex  1.356780e+01  8.000000e+00  1.704758e+01
     vertex  1.356780e+01  0.000000e+00  1.704758e+01
     vertex  1.364900e+01  0.000000e+00  1.703409e+01
   endloop
 endfacet
 facet normal  1.908838e-01  0.000000e+00  9.816126e-01
   outer loop
     vertex  1.348700e+01  8.000000e+00  1.706330e+01
     vertex  1.356780e+01  0.000000e+00  1.704758e+01
     vertex  1.356780e+01  8.000000e+00  1.704758e+01
   endloop
 endfacet
 facet normal  1.908838e-01  0.000000e+00  9.816126e-01
   outer loop
     vertex  1.348700e+01  8.000000e+00  1.706330e+01
     vertex  1.348700e+01  0.000000e+00  1.706330e+01
     vertex  1.356780e+01  0.000000e+00  1.704758e+01
   endloop
 endfacet
 facet normal  2.177416e-01  0.000000e+00  9.760065e-01
   outer loop
     vertex  1.340667e+01  8.000000e+00  1.708122e+01
     vertex  1.340667e+01  0.000000e+00  1.708122e+01
     vertex  1.348700e+01  0.000000e+00  1.706330e+01
   endloop
 endfacet
 facet normal  2.177416e-01  0.000000e+00  9.760065e-01
   outer loop
     vertex  1.340667e+01  8.000000e+00  1.708122e+01
     vertex  1.348700e+01  0.000000e+00  1.706330e+01
     vertex  1.348700e+01  8.000000e+00  1.706330e+01
   endloop
 endfacet
 facet normal  2.444354e-01  0.000000e+00  9.696656e-01
   outer loop
     vertex  1.340667e+01  8.000000e+00  1.708122e+01
     vertex  1.332686e+01  0.000000e+00  1.710134e+01
     vertex  1.340667e+01  0.000000e+00  1.708122e+01
   endloop
 endfacet
 facet normal  2.444354e-01  0.000000e+00  9.696656e-01
   outer loop
     vertex  1.332686e+01  8.000000e+00  1.710134e+01
     vertex  1.332686e+01  0.000000e+00  1.710134e+01
     vertex  1.340667e+01  8.000000e+00  1.708122e+01
   endloop
 endfacet
 facet normal  2.709453e-01  0.000000e+00  9.625948e-01
   outer loop
     vertex  1.324763e+01  8.000000e+00  1.712364e+01
     vertex  1.324763e+01  0.000000e+00  1.712364e+01
     vertex  1.332686e+01  0.000000e+00  1.710134e+01
   endloop
 endfacet
 facet normal  2.709453e-01  0.000000e+00  9.625948e-01
   outer loop
     vertex  1.324763e+01  8.000000e+00  1.712364e+01
     vertex  1.332686e+01  0.000000e+00  1.710134e+01
     vertex  1.332686e+01  8.000000e+00  1.710134e+01
   endloop
 endfacet
 facet normal  2.972512e-01  0.000000e+00  9.547993e-01
   outer loop
     vertex  1.316904e+01  8.000000e+00  1.714810e+01
     vertex  1.316904e+01  0.000000e+00  1.714810e+01
     vertex  1.324763e+01  0.000000e+00  1.712364e+01
   endloop
 endfacet
 facet normal  2.972512e-01  0.000000e+00  9.547993e-01
   outer loop
     vertex  1.316904e+01  8.000000e+00  1.714810e+01
     vertex  1.324763e+01  0.000000e+00  1.712364e+01
     vertex  1.324763e+01  8.000000e+00  1.712364e+01
   endloop
 endfacet
 facet normal  3.233333e-01  0.000000e+00  9.462851e-01
   outer loop
     vertex  1.309115e+01  8.000000e+00  1.717472e+01
     vertex  1.309115e+01  0.000000e+00  1.717472e+01
     vertex  1.316904e+01  0.000000e+00  1.714810e+01
   endloop
 endfacet
 facet normal  3.233333e-01  0.000000e+00  9.462851e-01
   outer loop
     vertex  1.309115e+01  8.000000e+00  1.717472e+01
     vertex  1.316904e+01  0.000000e+00  1.714810e+01
     vertex  1.316904e+01  8.000000e+00  1.714810e+01
   endloop
 endfacet
 facet normal  3.491720e-01  0.000000e+00  9.370586e-01
   outer loop
     vertex  1.301402e+01  8.000000e+00  1.720346e+01
     vertex  1.301402e+01  0.000000e+00  1.720346e+01
     vertex  1.309115e+01  0.000000e+00  1.717472e+01
   endloop
 endfacet
 facet normal  3.747479e-01  0.000000e+00  9.271267e-01
   outer loop
     vertex  1.301402e+01  8.000000e+00  1.720346e+01
     vertex  1.293771e+01  0.000000e+00  1.723430e+01
     vertex  1.301402e+01  0.000000e+00  1.720346e+01
   endloop
 endfacet
 facet normal  3.491720e-01  0.000000e+00  9.370586e-01
   outer loop
     vertex  1.301402e+01  8.000000e+00  1.720346e+01
     vertex  1.309115e+01  0.000000e+00  1.717472e+01
     vertex  1.309115e+01  8.000000e+00  1.717472e+01
   endloop
 endfacet
 facet normal  4.000417e-01  0.000000e+00  9.164969e-01
   outer loop
     vertex  1.293771e+01  8.000000e+00  1.723430e+01
     vertex  1.286227e+01  0.000000e+00  1.726723e+01
     vertex  1.293771e+01  0.000000e+00  1.723430e+01
   endloop
 endfacet
 facet normal  3.747479e-01  0.000000e+00  9.271267e-01
   outer loop
     vertex  1.293771e+01  8.000000e+00  1.723430e+01
     vertex  1.293771e+01  0.000000e+00  1.723430e+01
     vertex  1.301402e+01  8.000000e+00  1.720346e+01
   endloop
 endfacet
 facet normal  4.000417e-01  0.000000e+00  9.164969e-01
   outer loop
     vertex  1.286227e+01  8.000000e+00  1.726723e+01
     vertex  1.286227e+01  0.000000e+00  1.726723e+01
     vertex  1.293771e+01  8.000000e+00  1.723430e+01
   endloop
 endfacet
 facet normal  4.250344e-01  0.000000e+00  9.051772e-01
   outer loop
     vertex  1.278776e+01  8.000000e+00  1.730222e+01
     vertex  1.278776e+01  0.000000e+00  1.730222e+01
     vertex  1.286227e+01  0.000000e+00  1.726723e+01
   endloop
 endfacet
 facet normal  4.250344e-01  0.000000e+00  9.051772e-01
   outer loop
     vertex  1.278776e+01  8.000000e+00  1.730222e+01
     vertex  1.286227e+01  0.000000e+00  1.726723e+01
     vertex  1.286227e+01  8.000000e+00  1.726723e+01
   endloop
 endfacet
 facet normal  4.497071e-01  0.000000e+00  8.931761e-01
   outer loop
     vertex  1.271425e+01  8.000000e+00  1.733923e+01
     vertex  1.271425e+01  0.000000e+00  1.733923e+01
     vertex  1.278776e+01  0.000000e+00  1.730222e+01
   endloop
 endfacet
 facet normal  4.497071e-01  0.000000e+00  8.931761e-01
   outer loop
     vertex  1.271425e+01  8.000000e+00  1.733923e+01
     vertex  1.278776e+01  0.000000e+00  1.730222e+01
     vertex  1.278776e+01  8.000000e+00  1.730222e+01
   endloop
 endfacet
 facet normal  4.740412e-01  0.000000e+00  8.805026e-01
   outer loop
     vertex  1.264177e+01  8.000000e+00  1.737825e+01
     vertex  1.264177e+01  0.000000e+00  1.737825e+01
     vertex  1.271425e+01  0.000000e+00  1.733923e+01
   endloop
 endfacet
 facet normal  4.740412e-01  0.000000e+00  8.805026e-01
   outer loop
     vertex  1.264177e+01  8.000000e+00  1.737825e+01
     vertex  1.271425e+01  0.000000e+00  1.733923e+01
     vertex  1.271425e+01  8.000000e+00  1.733923e+01
   endloop
 endfacet
 facet normal  4.980186e-01  0.000000e+00  8.671664e-01
   outer loop
     vertex  1.257040e+01  8.000000e+00  1.741924e+01
     vertex  1.257040e+01  0.000000e+00  1.741924e+01
     vertex  1.264177e+01  0.000000e+00  1.737825e+01
   endloop
 endfacet
 facet normal  5.216210e-01  0.000000e+00  8.531773e-01
   outer loop
     vertex  1.257040e+01  8.000000e+00  1.741924e+01
     vertex  1.250017e+01  0.000000e+00  1.746218e+01
     vertex  1.257040e+01  0.000000e+00  1.741924e+01
   endloop
 endfacet
 facet normal  4.980186e-01  0.000000e+00  8.671664e-01
   outer loop
     vertex  1.257040e+01  8.000000e+00  1.741924e+01
     vertex  1.264177e+01  0.000000e+00  1.737825e+01
     vertex  1.264177e+01  8.000000e+00  1.737825e+01
   endloop
 endfacet
 facet normal  5.448308e-01  0.000000e+00  8.385460e-01
   outer loop
     vertex  1.250017e+01  8.000000e+00  1.746218e+01
     vertex  1.243115e+01  0.000000e+00  1.750702e+01
     vertex  1.250017e+01  0.000000e+00  1.746218e+01
   endloop
 endfacet
 facet normal  5.216210e-01  0.000000e+00  8.531773e-01
   outer loop
     vertex  1.250017e+01  8.000000e+00  1.746218e+01
     vertex  1.250017e+01  0.000000e+00  1.746218e+01
     vertex  1.257040e+01  8.000000e+00  1.741924e+01
   endloop
 endfacet
 facet normal  5.448308e-01  0.000000e+00  8.385460e-01
   outer loop
     vertex  1.243115e+01  8.000000e+00  1.750702e+01
     vertex  1.243115e+01  0.000000e+00  1.750702e+01
     vertex  1.250017e+01  8.000000e+00  1.746218e+01
   endloop
 endfacet
 facet normal  5.676304e-01  0.000000e+00  8.232835e-01
   outer loop
     vertex  1.236339e+01  8.000000e+00  1.755374e+01
     vertex  1.243115e+01  0.000000e+00  1.750702e+01
     vertex  1.243115e+01  8.000000e+00  1.750702e+01
   endloop
 endfacet
 facet normal  5.676304e-01  0.000000e+00  8.232835e-01
   outer loop
     vertex  1.236339e+01  8.000000e+00  1.755374e+01
     vertex  1.236339e+01  0.000000e+00  1.755374e+01
     vertex  1.243115e+01  0.000000e+00  1.750702e+01
   endloop
 endfacet
 facet normal  5.900028e-01  0.000000e+00  8.074012e-01
   outer loop
     vertex  1.236339e+01  8.000000e+00  1.755374e+01
     vertex  1.229693e+01  0.000000e+00  1.760231e+01
     vertex  1.236339e+01  0.000000e+00  1.755374e+01
   endloop
 endfacet
 facet normal  5.900028e-01  0.000000e+00  8.074012e-01
   outer loop
     vertex  1.229693e+01  8.000000e+00  1.760231e+01
     vertex  1.229693e+01  0.000000e+00  1.760231e+01
     vertex  1.236339e+01  8.000000e+00  1.755374e+01
   endloop
 endfacet
 facet normal  6.119310e-01  0.000000e+00  7.909112e-01
   outer loop
     vertex  1.223183e+01  8.000000e+00  1.765267e+01
     vertex  1.229693e+01  0.000000e+00  1.760231e+01
     vertex  1.229693e+01  8.000000e+00  1.760231e+01
   endloop
 endfacet
 facet normal  6.119310e-01  0.000000e+00  7.909112e-01
   outer loop
     vertex  1.223183e+01  8.000000e+00  1.765267e+01
     vertex  1.223183e+01  0.000000e+00  1.765267e+01
     vertex  1.229693e+01  0.000000e+00  1.760231e+01
   endloop
 endfacet
 facet normal  6.333986e-01  0.000000e+00  7.738257e-01
   outer loop
     vertex  1.223183e+01  8.000000e+00  1.765267e+01
     vertex  1.216814e+01  0.000000e+00  1.770481e+01
     vertex  1.223183e+01  0.000000e+00  1.765267e+01
   endloop
 endfacet
 facet normal  6.333986e-01  0.000000e+00  7.738257e-01
   outer loop
     vertex  1.216814e+01  8.000000e+00  1.770481e+01
     vertex  1.216814e+01  0.000000e+00  1.770481e+01
     vertex  1.223183e+01  8.000000e+00  1.765267e+01
   endloop
 endfacet
 facet normal  6.543893e-01  0.000000e+00  7.561578e-01
   outer loop
     vertex  1.210590e+01  8.000000e+00  1.775867e+01
     vertex  1.216814e+01  0.000000e+00  1.770481e+01
     vertex  1.216814e+01  8.000000e+00  1.770481e+01
   endloop
 endfacet
 facet normal  6.543893e-01  0.000000e+00  7.561578e-01
   outer loop
     vertex  1.210590e+01  8.000000e+00  1.775867e+01
     vertex  1.210590e+01  0.000000e+00  1.775867e+01
     vertex  1.216814e+01  0.000000e+00  1.770481e+01
   endloop
 endfacet
 facet normal  6.748875e-01  0.000000e+00  7.379206e-01
   outer loop
     vertex  1.204516e+01  8.000000e+00  1.781422e+01
     vertex  1.210590e+01  0.000000e+00  1.775867e+01
     vertex  1.210590e+01  8.000000e+00  1.775867e+01
   endloop
 endfacet
 facet normal  6.748875e-01  0.000000e+00  7.379206e-01
   outer loop
     vertex  1.204516e+01  8.000000e+00  1.781422e+01
     vertex  1.204516e+01  0.000000e+00  1.781422e+01
     vertex  1.210590e+01  0.000000e+00  1.775867e+01
   endloop
 endfacet
 facet normal  6.948776e-01  0.000000e+00  7.191280e-01
   outer loop
     vertex  1.198597e+01  8.000000e+00  1.787142e+01
     vertex  1.204516e+01  0.000000e+00  1.781422e+01
     vertex  1.204516e+01  8.000000e+00  1.781422e+01
   endloop
 endfacet
 facet normal  6.948776e-01  0.000000e+00  7.191280e-01
   outer loop
     vertex  1.198597e+01  8.000000e+00  1.787142e+01
     vertex  1.198597e+01  0.000000e+00  1.787142e+01
     vertex  1.204516e+01  0.000000e+00  1.781422e+01
   endloop
 endfacet
 facet normal  7.143447e-01  0.000000e+00  6.997940e-01
   outer loop
     vertex  1.192837e+01  8.000000e+00  1.793021e+01
     vertex  1.198597e+01  0.000000e+00  1.787142e+01
     vertex  1.198597e+01  8.000000e+00  1.787142e+01
   endloop
 endfacet
 facet normal  7.143447e-01  0.000000e+00  6.997940e-01
   outer loop
     vertex  1.192837e+01  8.000000e+00  1.793021e+01
     vertex  1.192837e+01  0.000000e+00  1.793021e+01
     vertex  1.198597e+01  0.000000e+00  1.787142e+01
   endloop
 endfacet
 facet normal  7.332740e-01  0.000000e+00  6.799333e-01
   outer loop
     vertex  1.187240e+01  8.000000e+00  1.799057e+01
     vertex  1.192837e+01  0.000000e+00  1.793021e+01
     vertex  1.192837e+01  8.000000e+00  1.793021e+01
   endloop
 endfacet
 facet normal  7.332740e-01  0.000000e+00  6.799333e-01
   outer loop
     vertex  1.187240e+01  8.000000e+00  1.799057e+01
     vertex  1.187240e+01  0.000000e+00  1.799057e+01
     vertex  1.192837e+01  0.000000e+00  1.793021e+01
   endloop
 endfacet
 facet normal  7.516513e-01  0.000000e+00  6.595607e-01
   outer loop
     vertex  1.187240e+01  8.000000e+00  1.799057e+01
     vertex  1.181811e+01  0.000000e+00  1.805244e+01
     vertex  1.187240e+01  0.000000e+00  1.799057e+01
   endloop
 endfacet
 facet normal  7.516513e-01  0.000000e+00  6.595607e-01
   outer loop
     vertex  1.181811e+01  8.000000e+00  1.805244e+01
     vertex  1.181811e+01  0.000000e+00  1.805244e+01
     vertex  1.187240e+01  8.000000e+00  1.799057e+01
   endloop
 endfacet
 facet normal  7.694628e-01  0.000000e+00  6.386916e-01
   outer loop
     vertex  1.176554e+01  8.000000e+00  1.811577e+01
     vertex  1.181811e+01  0.000000e+00  1.805244e+01
     vertex  1.181811e+01  8.000000e+00  1.805244e+01
   endloop
 endfacet
 facet normal  7.694628e-01  0.000000e+00  6.386916e-01
   outer loop
     vertex  1.176554e+01  8.000000e+00  1.811577e+01
     vertex  1.176554e+01  0.000000e+00  1.811577e+01
     vertex  1.181811e+01  0.000000e+00  1.805244e+01
   endloop
 endfacet
 facet normal  7.866951e-01  0.000000e+00  6.173417e-01
   outer loop
     vertex  1.171473e+01  8.000000e+00  1.818053e+01
     vertex  1.176554e+01  0.000000e+00  1.811577e+01
     vertex  1.176554e+01  8.000000e+00  1.811577e+01
   endloop
 endfacet
 facet normal  7.866951e-01  0.000000e+00  6.173417e-01
   outer loop
     vertex  1.171473e+01  8.000000e+00  1.818053e+01
     vertex  1.171473e+01  0.000000e+00  1.818053e+01
     vertex  1.176554e+01  0.000000e+00  1.811577e+01
   endloop
 endfacet
 facet normal  8.033352e-01  0.000000e+00  5.955271e-01
   outer loop
     vertex  1.166571e+01  8.000000e+00  1.824665e+01
     vertex  1.171473e+01  0.000000e+00  1.818053e+01
     vertex  1.171473e+01  8.000000e+00  1.818053e+01
   endloop
 endfacet
 facet normal  8.033352e-01  0.000000e+00  5.955271e-01
   outer loop
     vertex  1.166571e+01  8.000000e+00  1.824665e+01
     vertex  1.166571e+01  0.000000e+00  1.824665e+01
     vertex  1.171473e+01  0.000000e+00  1.818053e+01
   endloop
 endfacet
 facet normal  8.193706e-01  0.000000e+00  5.732642e-01
   outer loop
     vertex  1.161853e+01  8.000000e+00  1.831409e+01
     vertex  1.166571e+01  0.000000e+00  1.824665e+01
     vertex  1.166571e+01  8.000000e+00  1.824665e+01
   endloop
 endfacet
 facet normal  8.193706e-01  0.000000e+00  5.732642e-01
   outer loop
     vertex  1.161853e+01  8.000000e+00  1.831409e+01
     vertex  1.161853e+01  0.000000e+00  1.831409e+01
     vertex  1.166571e+01  0.000000e+00  1.824665e+01
   endloop
 endfacet
 facet normal  8.347891e-01  0.000000e+00  5.505698e-01
   outer loop
     vertex  1.157321e+01  8.000000e+00  1.838280e+01
     vertex  1.161853e+01  0.000000e+00  1.831409e+01
     vertex  1.161853e+01  8.000000e+00  1.831409e+01
   endloop
 endfacet
 facet normal  8.347891e-01  0.000000e+00  5.505698e-01
   outer loop
     vertex  1.157321e+01  8.000000e+00  1.838280e+01
     vertex  1.157321e+01  0.000000e+00  1.838280e+01
     vertex  1.161853e+01  0.000000e+00  1.831409e+01
   endloop
 endfacet
 facet normal  8.495793e-01  0.000000e+00  5.274609e-01
   outer loop
     vertex  1.157321e+01  8.000000e+00  1.838280e+01
     vertex  1.152979e+01  0.000000e+00  1.845273e+01
     vertex  1.157321e+01  0.000000e+00  1.838280e+01
   endloop
 endfacet
 facet normal  8.495793e-01  0.000000e+00  5.274609e-01
   outer loop
     vertex  1.152979e+01  8.000000e+00  1.845273e+01
     vertex  1.152979e+01  0.000000e+00  1.845273e+01
     vertex  1.157321e+01  8.000000e+00  1.838280e+01
   endloop
 endfacet
 facet normal  8.637299e-01  0.000000e+00  5.039550e-01
   outer loop
     vertex  1.148831e+01  8.000000e+00  1.852382e+01
     vertex  1.152979e+01  0.000000e+00  1.845273e+01
     vertex  1.152979e+01  8.000000e+00  1.845273e+01
   endloop
 endfacet
 facet normal  8.637299e-01  0.000000e+00  5.039550e-01
   outer loop
     vertex  1.148831e+01  8.000000e+00  1.852382e+01
     vertex  1.148831e+01  0.000000e+00  1.852382e+01
     vertex  1.152979e+01  0.000000e+00  1.845273e+01
   endloop
 endfacet
 facet normal  8.772303e-01  0.000000e+00  4.800697e-01
   outer loop
     vertex  1.148831e+01  8.000000e+00  1.852382e+01
     vertex  1.144880e+01  0.000000e+00  1.859603e+01
     vertex  1.148831e+01  0.000000e+00  1.852382e+01
   endloop
 endfacet
 facet normal  8.772303e-01  0.000000e+00  4.800697e-01
   outer loop
     vertex  1.144880e+01  8.000000e+00  1.859603e+01
     vertex  1.144880e+01  0.000000e+00  1.859603e+01
     vertex  1.148831e+01  8.000000e+00  1.852382e+01
   endloop
 endfacet
 facet normal  8.900704e-01  0.000000e+00  4.558231e-01
   outer loop
     vertex  1.141128e+01  8.000000e+00  1.866929e+01
     vertex  1.144880e+01  0.000000e+00  1.859603e+01
     vertex  1.144880e+01  8.000000e+00  1.859603e+01
   endloop
 endfacet
 facet normal  8.900704e-01  0.000000e+00  4.558231e-01
   outer loop
     vertex  1.141128e+01  8.000000e+00  1.866929e+01
     vertex  1.141128e+01  0.000000e+00  1.866929e+01
     vertex  1.144880e+01  0.000000e+00  1.859603e+01
   endloop
 endfacet
 facet normal  9.022405e-01  0.000000e+00  4.312333e-01
   outer loop
     vertex  1.137579e+01  8.000000e+00  1.874355e+01
     vertex  1.141128e+01  0.000000e+00  1.866929e+01
     vertex  1.141128e+01  8.000000e+00  1.866929e+01
   endloop
 endfacet
 facet normal  9.022405e-01  0.000000e+00  4.312333e-01
   outer loop
     vertex  1.137579e+01  8.000000e+00  1.874355e+01
     vertex  1.137579e+01  0.000000e+00  1.874355e+01
     vertex  1.141128e+01  0.000000e+00  1.866929e+01
   endloop
 endfacet
 facet normal  9.137314e-01  0.000000e+00  4.063188e-01
   outer loop
     vertex  1.137579e+01  8.000000e+00  1.874355e+01
     vertex  1.134234e+01  0.000000e+00  1.881876e+01
     vertex  1.137579e+01  0.000000e+00  1.874355e+01
   endloop
 endfacet
 facet normal  9.137314e-01  0.000000e+00  4.063188e-01
   outer loop
     vertex  1.134234e+01  8.000000e+00  1.881876e+01
     vertex  1.134234e+01  0.000000e+00  1.881876e+01
     vertex  1.137579e+01  8.000000e+00  1.874355e+01
   endloop
 endfacet
 facet normal  9.245344e-01  0.000000e+00  3.810986e-01
   outer loop
     vertex  1.131097e+01  8.000000e+00  1.889486e+01
     vertex  1.131097e+01  0.000000e+00  1.889486e+01
     vertex  1.134234e+01  0.000000e+00  1.881876e+01
   endloop
 endfacet
 facet normal  9.245344e-01  0.000000e+00  3.810986e-01
   outer loop
     vertex  1.131097e+01  8.000000e+00  1.889486e+01
     vertex  1.134234e+01  0.000000e+00  1.881876e+01
     vertex  1.134234e+01  8.000000e+00  1.881876e+01
   endloop
 endfacet
 facet normal  9.346415e-01  0.000000e+00  3.555914e-01
   outer loop
     vertex  1.128170e+01  8.000000e+00  1.897179e+01
     vertex  1.128170e+01  0.000000e+00  1.897179e+01
     vertex  1.131097e+01  0.000000e+00  1.889486e+01
   endloop
 endfacet
 facet normal  9.346415e-01  0.000000e+00  3.555914e-01
   outer loop
     vertex  1.128170e+01  8.000000e+00  1.897179e+01
     vertex  1.131097e+01  0.000000e+00  1.889486e+01
     vertex  1.131097e+01  8.000000e+00  1.889486e+01
   endloop
 endfacet
 facet normal  9.440450e-01  0.000000e+00  3.298166e-01
   outer loop
     vertex  1.125456e+01  8.000000e+00  1.904950e+01
     vertex  1.125456e+01  0.000000e+00  1.904950e+01
     vertex  1.128170e+01  0.000000e+00  1.897179e+01
   endloop
 endfacet
 facet normal  9.440450e-01  0.000000e+00  3.298166e-01
   outer loop
     vertex  1.125456e+01  8.000000e+00  1.904950e+01
     vertex  1.128170e+01  0.000000e+00  1.897179e+01
     vertex  1.128170e+01  8.000000e+00  1.897179e+01
   endloop
 endfacet
 facet normal  9.527379e-01  0.000000e+00  3.037934e-01
   outer loop
     vertex  1.122955e+01  8.000000e+00  1.912792e+01
     vertex  1.122955e+01  0.000000e+00  1.912792e+01
     vertex  1.125456e+01  0.000000e+00  1.904950e+01
   endloop
 endfacet
 facet normal  9.607136e-01  0.000000e+00  2.775416e-01
   outer loop
     vertex  1.122955e+01  8.000000e+00  1.912792e+01
     vertex  1.120671e+01  0.000000e+00  1.920699e+01
     vertex  1.122955e+01  0.000000e+00  1.912792e+01
   endloop
 endfacet
 facet normal  9.527379e-01  0.000000e+00  3.037934e-01
   outer loop
     vertex  1.122955e+01  8.000000e+00  1.912792e+01
     vertex  1.125456e+01  0.000000e+00  1.904950e+01
     vertex  1.125456e+01  8.000000e+00  1.904950e+01
   endloop
 endfacet
 facet normal  9.607136e-01  0.000000e+00  2.775416e-01
   outer loop
     vertex  1.120671e+01  8.000000e+00  1.920699e+01
     vertex  1.120671e+01  0.000000e+00  1.920699e+01
     vertex  1.122955e+01  8.000000e+00  1.912792e+01
   endloop
 endfacet
 facet normal  9.679661e-01  0.000000e+00  2.510809e-01
   outer loop
     vertex  1.118604e+01  8.000000e+00  1.928666e+01
     vertex  1.120671e+01  0.000000e+00  1.920699e+01
     vertex  1.120671e+01  8.000000e+00  1.920699e+01
   endloop
 endfacet
 facet normal  9.679661e-01  0.000000e+00  2.510809e-01
   outer loop
     vertex  1.118604e+01  8.000000e+00  1.928666e+01
     vertex  1.118604e+01  0.000000e+00  1.928666e+01
     vertex  1.120671e+01  0.000000e+00  1.920699e+01
   endloop
 endfacet
 facet normal  9.744899e-01  0.000000e+00  2.244312e-01
   outer loop
     vertex  1.118604e+01  8.000000e+00  1.928666e+01
     vertex  1.116757e+01  0.000000e+00  1.936687e+01
     vertex  1.118604e+01  0.000000e+00  1.928666e+01
   endloop
 endfacet
 facet normal  9.744899e-01  0.000000e+00  2.244312e-01
   outer loop
     vertex  1.116757e+01  8.000000e+00  1.936687e+01
     vertex  1.116757e+01  0.000000e+00  1.936687e+01
     vertex  1.118604e+01  8.000000e+00  1.928666e+01
   endloop
 endfacet
 facet normal  9.802802e-01  0.000000e+00  1.976125e-01
   outer loop
     vertex  1.115130e+01  8.000000e+00  1.944756e+01
     vertex  1.116757e+01  0.000000e+00  1.936687e+01
     vertex  1.116757e+01  8.000000e+00  1.936687e+01
   endloop
 endfacet
 facet normal  9.802802e-01  0.000000e+00  1.976125e-01
   outer loop
     vertex  1.115130e+01  8.000000e+00  1.944756e+01
     vertex  1.115130e+01  0.000000e+00  1.944756e+01
     vertex  1.116757e+01  0.000000e+00  1.936687e+01
   endloop
 endfacet
 facet normal  9.853326e-01  0.000000e+00  1.706451e-01
   outer loop
     vertex  1.115130e+01  8.000000e+00  1.944756e+01
     vertex  1.113726e+01  0.000000e+00  1.952866e+01
     vertex  1.115130e+01  0.000000e+00  1.944756e+01
   endloop
 endfacet
 facet normal  9.853326e-01  0.000000e+00  1.706451e-01
   outer loop
     vertex  1.113726e+01  8.000000e+00  1.952866e+01
     vertex  1.113726e+01  0.000000e+00  1.952866e+01
     vertex  1.115130e+01  8.000000e+00  1.944756e+01
   endloop
 endfacet
 facet normal  9.896432e-01  0.000000e+00  1.435492e-01
   outer loop
     vertex  1.112544e+01  8.000000e+00  1.961012e+01
     vertex  1.113726e+01  0.000000e+00  1.952866e+01
     vertex  1.113726e+01  8.000000e+00  1.952866e+01
   endloop
 endfacet
 facet normal  9.896432e-01  0.000000e+00  1.435492e-01
   outer loop
     vertex  1.112544e+01  8.000000e+00  1.961012e+01
     vertex  1.112544e+01  0.000000e+00  1.961012e+01
     vertex  1.113726e+01  0.000000e+00  1.952866e+01
   endloop
 endfacet
 facet normal  9.932088e-01  0.000000e+00  1.163452e-01
   outer loop
     vertex  1.111587e+01  8.000000e+00  1.969187e+01
     vertex  1.112544e+01  0.000000e+00  1.961012e+01
     vertex  1.112544e+01  8.000000e+00  1.961012e+01
   endloop
 endfacet
 facet normal  9.932088e-01  0.000000e+00  1.163452e-01
   outer loop
     vertex  1.111587e+01  8.000000e+00  1.969187e+01
     vertex  1.111587e+01  0.000000e+00  1.969187e+01
     vertex  1.112544e+01  0.000000e+00  1.961012e+01
   endloop
 endfacet
 facet normal  9.960268e-01  0.000000e+00  8.905371e-02
   outer loop
     vertex  1.110854e+01  8.000000e+00  1.977386e+01
     vertex  1.111587e+01  0.000000e+00  1.969187e+01
     vertex  1.111587e+01  8.000000e+00  1.969187e+01
   endloop
 endfacet
 facet normal  9.960268e-01  0.000000e+00  8.905371e-02
   outer loop
     vertex  1.110854e+01  8.000000e+00  1.977386e+01
     vertex  1.110854e+01  0.000000e+00  1.977386e+01
     vertex  1.111587e+01  0.000000e+00  1.969187e+01
   endloop
 endfacet
 facet normal  9.980950e-01  0.000000e+00  6.169515e-02
   outer loop
     vertex  1.110346e+01  8.000000e+00  1.985601e+01
     vertex  1.110854e+01  0.000000e+00  1.977386e+01
     vertex  1.110854e+01  8.000000e+00  1.977386e+01
   endloop
 endfacet
 facet normal  9.980950e-01  0.000000e+00  6.169515e-02
   outer loop
     vertex  1.110346e+01  8.000000e+00  1.985601e+01
     vertex  1.110346e+01  0.000000e+00  1.985601e+01
     vertex  1.110854e+01  0.000000e+00  1.977386e+01
   endloop
 endfacet
 facet normal  9.994119e-01  0.000000e+00  3.429014e-02
   outer loop
     vertex  1.110064e+01  8.000000e+00  1.993827e+01
     vertex  1.110346e+01  0.000000e+00  1.985601e+01
     vertex  1.110346e+01  8.000000e+00  1.985601e+01
   endloop
 endfacet
 facet normal  9.994119e-01  0.000000e+00  3.429014e-02
   outer loop
     vertex  1.110064e+01  8.000000e+00  1.993827e+01
     vertex  1.110064e+01  0.000000e+00  1.993827e+01
     vertex  1.110346e+01  0.000000e+00  1.985601e+01
   endloop
 endfacet
 facet normal  9.999765e-01  0.000000e+00  6.859319e-03
   outer loop
     vertex  1.110064e+01  8.000000e+00  1.993827e+01
     vertex  1.110007e+01  0.000000e+00  2.002058e+01
     vertex  1.110064e+01  0.000000e+00  1.993827e+01
   endloop
 endfacet
 facet normal  9.999765e-01  0.000000e+00  6.859319e-03
   outer loop
     vertex  1.110007e+01  8.000000e+00  2.002058e+01
     vertex  1.110007e+01  0.000000e+00  2.002058e+01
     vertex  1.110064e+01  8.000000e+00  1.993827e+01
   endloop
 endfacet
 facet normal  9.997883e-01  0.000000e+00 -2.057667e-02
   outer loop
     vertex  1.110176e+01  8.000000e+00  2.010287e+01
     vertex  1.110007e+01  0.000000e+00  2.002058e+01
     vertex  1.110007e+01  8.000000e+00  2.002058e+01
   endloop
 endfacet
 facet normal  9.997883e-01  0.000000e+00 -2.057667e-02
   outer loop
     vertex  1.110176e+01  8.000000e+00  2.010287e+01
     vertex  1.110176e+01  0.000000e+00  2.010287e+01
     vertex  1.110007e+01  0.000000e+00  2.002058e+01
   endloop
 endfacet
 facet normal  9.988475e-01  0.000000e+00 -4.799716e-02
   outer loop
     vertex  1.110571e+01  8.000000e+00  2.018509e+01
     vertex  1.110571e+01  0.000000e+00  2.018509e+01
     vertex  1.110176e+01  0.000000e+00  2.010287e+01
   endloop
 endfacet
 facet normal  9.971548e-01  0.000000e+00 -7.538152e-02
   outer loop
     vertex  1.110571e+01  8.000000e+00  2.018509e+01
     vertex  1.111192e+01  0.000000e+00  2.026716e+01
     vertex  1.110571e+01  0.000000e+00  2.018509e+01
   endloop
 endfacet
 facet normal  9.988475e-01  0.000000e+00 -4.799716e-02
   outer loop
     vertex  1.110571e+01  8.000000e+00  2.018509e+01
     vertex  1.110176e+01  0.000000e+00  2.010287e+01
     vertex  1.110176e+01  8.000000e+00  2.010287e+01
   endloop
 endfacet
 facet normal  9.971548e-01  0.000000e+00 -7.538152e-02
   outer loop
     vertex  1.111192e+01  8.000000e+00  2.026716e+01
     vertex  1.111192e+01  0.000000e+00  2.026716e+01
     vertex  1.110571e+01  8.000000e+00  2.018509e+01
   endloop
 endfacet
 facet normal  9.947114e-01  0.000000e+00 -1.027091e-01
   outer loop
     vertex  1.112037e+01  8.000000e+00  2.034904e+01
     vertex  1.112037e+01  0.000000e+00  2.034904e+01
     vertex  1.111192e+01  0.000000e+00  2.026716e+01
   endloop
 endfacet
 facet normal  9.947114e-01  0.000000e+00 -1.027091e-01
   outer loop
     vertex  1.112037e+01  8.000000e+00  2.034904e+01
     vertex  1.111192e+01  0.000000e+00  2.026716e+01
     vertex  1.111192e+01  8.000000e+00  2.026716e+01
   endloop
 endfacet
 facet normal  9.915193e-01  0.000000e+00 -1.299594e-01
   outer loop
     vertex  1.113107e+01  8.000000e+00  2.043065e+01
     vertex  1.113107e+01  0.000000e+00  2.043065e+01
     vertex  1.112037e+01  0.000000e+00  2.034904e+01
   endloop
 endfacet
 facet normal  9.915193e-01  0.000000e+00 -1.299594e-01
   outer loop
     vertex  1.113107e+01  8.000000e+00  2.043065e+01
     vertex  1.112037e+01  0.000000e+00  2.034904e+01
     vertex  1.112037e+01  8.000000e+00  2.034904e+01
   endloop
 endfacet
 facet normal  9.875808e-01  0.000000e+00 -1.571119e-01
   outer loop
     vertex  1.114400e+01  8.000000e+00  2.051194e+01
     vertex  1.114400e+01  0.000000e+00  2.051194e+01
     vertex  1.113107e+01  0.000000e+00  2.043065e+01
   endloop
 endfacet
 facet normal  9.828989e-01  0.000000e+00 -1.841461e-01
   outer loop
     vertex  1.114400e+01  8.000000e+00  2.051194e+01
     vertex  1.115916e+01  0.000000e+00  2.059284e+01
     vertex  1.114400e+01  0.000000e+00  2.051194e+01
   endloop
 endfacet
 facet normal  9.875808e-01  0.000000e+00 -1.571119e-01
   outer loop
     vertex  1.114400e+01  8.000000e+00  2.051194e+01
     vertex  1.113107e+01  0.000000e+00  2.043065e+01
     vertex  1.113107e+01  8.000000e+00  2.043065e+01
   endloop
 endfacet
 facet normal  9.828989e-01  0.000000e+00 -1.841461e-01
   outer loop
     vertex  1.115916e+01  8.000000e+00  2.059284e+01
     vertex  1.115916e+01  0.000000e+00  2.059284e+01
     vertex  1.114400e+01  8.000000e+00  2.051194e+01
   endloop
 endfacet
 facet normal  9.774771e-01  0.000000e+00 -2.110417e-01
   outer loop
     vertex  1.117653e+01  8.000000e+00  2.067329e+01
     vertex  1.117653e+01  0.000000e+00  2.067329e+01
     vertex  1.115916e+01  0.000000e+00  2.059284e+01
   endloop
 endfacet
 facet normal  9.774771e-01  0.000000e+00 -2.110417e-01
   outer loop
     vertex  1.117653e+01  8.000000e+00  2.067329e+01
     vertex  1.115916e+01  0.000000e+00  2.059284e+01
     vertex  1.115916e+01  8.000000e+00  2.059284e+01
   endloop
 endfacet
 facet normal  9.713194e-01  0.000000e+00 -2.377784e-01
   outer loop
     vertex  1.119610e+01  8.000000e+00  2.075324e+01
     vertex  1.119610e+01  0.000000e+00  2.075324e+01
     vertex  1.117653e+01  0.000000e+00  2.067329e+01
   endloop
 endfacet
 facet normal  9.713194e-01  0.000000e+00 -2.377784e-01
   outer loop
     vertex  1.119610e+01  8.000000e+00  2.075324e+01
     vertex  1.117653e+01  0.000000e+00  2.067329e+01
     vertex  1.117653e+01  8.000000e+00  2.067329e+01
   endloop
 endfacet
 facet normal  9.644306e-01  0.000000e+00 -2.643362e-01
   outer loop
     vertex  1.121786e+01  8.000000e+00  2.083262e+01
     vertex  1.121786e+01  0.000000e+00  2.083262e+01
     vertex  1.119610e+01  0.000000e+00  2.075324e+01
   endloop
 endfacet
 facet normal  9.644306e-01  0.000000e+00 -2.643362e-01
   outer loop
     vertex  1.121786e+01  8.000000e+00  2.083262e+01
     vertex  1.119610e+01  0.000000e+00  2.075324e+01
     vertex  1.119610e+01  8.000000e+00  2.075324e+01
   endloop
 endfacet
 facet normal  9.568158e-01  0.000000e+00 -2.906949e-01
   outer loop
     vertex  1.124179e+01  8.000000e+00  2.091138e+01
     vertex  1.124179e+01  0.000000e+00  2.091138e+01
     vertex  1.121786e+01  0.000000e+00  2.083262e+01
   endloop
 endfacet
 facet normal  9.568158e-01  0.000000e+00 -2.906949e-01
   outer loop
     vertex  1.124179e+01  8.000000e+00  2.091138e+01
     vertex  1.121786e+01  0.000000e+00  2.083262e+01
     vertex  1.121786e+01  8.000000e+00  2.083262e+01
   endloop
 endfacet
 facet normal  9.484807e-01  0.000000e+00 -3.168348e-01
   outer loop
     vertex  1.126786e+01  8.000000e+00  2.098945e+01
     vertex  1.126786e+01  0.000000e+00  2.098945e+01
     vertex  1.124179e+01  0.000000e+00  2.091138e+01
   endloop
 endfacet
 facet normal  9.484807e-01  0.000000e+00 -3.168348e-01
   outer loop
     vertex  1.126786e+01  8.000000e+00  2.098945e+01
     vertex  1.124179e+01  0.000000e+00  2.091138e+01
     vertex  1.124179e+01  8.000000e+00  2.091138e+01
   endloop
 endfacet
 facet normal  9.394317e-01  0.000000e+00 -3.427362e-01
   outer loop
     vertex  1.129608e+01  8.000000e+00  2.106677e+01
     vertex  1.129608e+01  0.000000e+00  2.106677e+01
     vertex  1.126786e+01  0.000000e+00  2.098945e+01
   endloop
 endfacet
 facet normal  9.394317e-01  0.000000e+00 -3.427362e-01
   outer loop
     vertex  1.129608e+01  8.000000e+00  2.106677e+01
     vertex  1.126786e+01  0.000000e+00  2.098945e+01
     vertex  1.126786e+01  8.000000e+00  2.098945e+01
   endloop
 endfacet
 facet normal  9.296754e-01  0.000000e+00 -3.683796e-01
   outer loop
     vertex  1.132640e+01  8.000000e+00  2.114330e+01
     vertex  1.132640e+01  0.000000e+00  2.114330e+01
     vertex  1.129608e+01  0.000000e+00  2.106677e+01
   endloop
 endfacet
 facet normal  9.192194e-01  0.000000e+00 -3.937458e-01
   outer loop
     vertex  1.132640e+01  8.000000e+00  2.114330e+01
     vertex  1.135881e+01  0.000000e+00  2.121896e+01
     vertex  1.132640e+01  0.000000e+00  2.114330e+01
   endloop
 endfacet
 facet normal  9.296754e-01  0.000000e+00 -3.683796e-01
   outer loop
     vertex  1.132640e+01  8.000000e+00  2.114330e+01
     vertex  1.129608e+01  0.000000e+00  2.106677e+01
     vertex  1.129608e+01  8.000000e+00  2.106677e+01
   endloop
 endfacet
 facet normal  9.192194e-01  0.000000e+00 -3.937458e-01
   outer loop
     vertex  1.135881e+01  8.000000e+00  2.121896e+01
     vertex  1.135881e+01  0.000000e+00  2.121896e+01
     vertex  1.132640e+01  8.000000e+00  2.114330e+01
   endloop
 endfacet
 facet normal  9.080714e-01  0.000000e+00 -4.188155e-01
   outer loop
     vertex  1.139328e+01  8.000000e+00  2.129370e+01
     vertex  1.135881e+01  0.000000e+00  2.121896e+01
     vertex  1.135881e+01  8.000000e+00  2.121896e+01
   endloop
 endfacet
 facet normal  9.080714e-01  0.000000e+00 -4.188155e-01
   outer loop
     vertex  1.139328e+01  8.000000e+00  2.129370e+01
     vertex  1.139328e+01  0.000000e+00  2.129370e+01
     vertex  1.135881e+01  0.000000e+00  2.121896e+01
   endloop
 endfacet
 facet normal  8.962398e-01  0.000000e+00 -4.435699e-01
   outer loop
     vertex  1.142979e+01  8.000000e+00  2.136747e+01
     vertex  1.139328e+01  0.000000e+00  2.129370e+01
     vertex  1.139328e+01  8.000000e+00  2.129370e+01
   endloop
 endfacet
 facet normal  8.962398e-01  0.000000e+00 -4.435699e-01
   outer loop
     vertex  1.142979e+01  8.000000e+00  2.136747e+01
     vertex  1.142979e+01  0.000000e+00  2.136747e+01
     vertex  1.139328e+01  0.000000e+00  2.129370e+01
   endloop
 endfacet
 facet normal  8.837335e-01  0.000000e+00 -4.679904e-01
   outer loop
     vertex  1.146831e+01  8.000000e+00  2.144021e+01
     vertex  1.142979e+01  0.000000e+00  2.136747e+01
     vertex  1.142979e+01  8.000000e+00  2.136747e+01
   endloop
 endfacet
 facet normal  8.837335e-01  0.000000e+00 -4.679904e-01
   outer loop
     vertex  1.146831e+01  8.000000e+00  2.144021e+01
     vertex  1.146831e+01  0.000000e+00  2.144021e+01
     vertex  1.142979e+01  0.000000e+00  2.136747e+01
   endloop
 endfacet
 facet normal  8.705620e-01  0.000000e+00 -4.920587e-01
   outer loop
     vertex  1.150881e+01  8.000000e+00  2.151187e+01
     vertex  1.150881e+01  0.000000e+00  2.151187e+01
     vertex  1.146831e+01  0.000000e+00  2.144021e+01
   endloop
 endfacet
 facet normal  8.705620e-01  0.000000e+00 -4.920587e-01
   outer loop
     vertex  1.150881e+01  8.000000e+00  2.151187e+01
     vertex  1.146831e+01  0.000000e+00  2.144021e+01
     vertex  1.146831e+01  8.000000e+00  2.144021e+01
   endloop
 endfacet
 facet normal  8.567352e-01  0.000000e+00 -5.157565e-01
   outer loop
     vertex  1.155126e+01  8.000000e+00  2.158238e+01
     vertex  1.150881e+01  0.000000e+00  2.151187e+01
     vertex  1.150881e+01  8.000000e+00  2.151187e+01
   endloop
 endfacet
 facet normal  8.567352e-01  0.000000e+00 -5.157565e-01
   outer loop
     vertex  1.155126e+01  8.000000e+00  2.158238e+01
     vertex  1.155126e+01  0.000000e+00  2.158238e+01
     vertex  1.150881e+01  0.000000e+00  2.151187e+01
   endloop
 endfacet
 facet normal  8.422635e-01  0.000000e+00 -5.390661e-01
   outer loop
     vertex  1.159563e+01  8.000000e+00  2.165171e+01
     vertex  1.159563e+01  0.000000e+00  2.165171e+01
     vertex  1.155126e+01  0.000000e+00  2.158238e+01
   endloop
 endfacet
 facet normal  8.422635e-01  0.000000e+00 -5.390661e-01
   outer loop
     vertex  1.159563e+01  8.000000e+00  2.165171e+01
     vertex  1.155126e+01  0.000000e+00  2.158238e+01
     vertex  1.155126e+01  8.000000e+00  2.158238e+01
   endloop
 endfacet
 facet normal  8.271577e-01  0.000000e+00 -5.619699e-01
   outer loop
     vertex  1.164189e+01  8.000000e+00  2.171979e+01
     vertex  1.164189e+01  0.000000e+00  2.171979e+01
     vertex  1.159563e+01  0.000000e+00  2.165171e+01
   endloop
 endfacet
 facet normal  8.271577e-01  0.000000e+00 -5.619699e-01
   outer loop
     vertex  1.164189e+01  8.000000e+00  2.171979e+01
     vertex  1.159563e+01  0.000000e+00  2.165171e+01
     vertex  1.159563e+01  8.000000e+00  2.165171e+01
   endloop
 endfacet
 facet normal  8.114292e-01  0.000000e+00 -5.844507e-01
   outer loop
     vertex  1.168999e+01  8.000000e+00  2.178658e+01
     vertex  1.168999e+01  0.000000e+00  2.178658e+01
     vertex  1.164189e+01  0.000000e+00  2.171979e+01
   endloop
 endfacet
 facet normal  8.114292e-01  0.000000e+00 -5.844507e-01
   outer loop
     vertex  1.168999e+01  8.000000e+00  2.178658e+01
     vertex  1.164189e+01  0.000000e+00  2.171979e+01
     vertex  1.164189e+01  8.000000e+00  2.171979e+01
   endloop
 endfacet
 facet normal  7.950900e-01  0.000000e+00 -6.064915e-01
   outer loop
     vertex  1.173991e+01  8.000000e+00  2.185203e+01
     vertex  1.173991e+01  0.000000e+00  2.185203e+01
     vertex  1.168999e+01  0.000000e+00  2.178658e+01
   endloop
 endfacet
 facet normal  7.950900e-01  0.000000e+00 -6.064915e-01
   outer loop
     vertex  1.173991e+01  8.000000e+00  2.185203e+01
     vertex  1.168999e+01  0.000000e+00  2.178658e+01
     vertex  1.168999e+01  8.000000e+00  2.178658e+01
   endloop
 endfacet
 facet normal  7.781522e-01  0.000000e+00 -6.280757e-01
   outer loop
     vertex  1.179161e+01  8.000000e+00  2.191607e+01
     vertex  1.179161e+01  0.000000e+00  2.191607e+01
     vertex  1.173991e+01  0.000000e+00  2.185203e+01
   endloop
 endfacet
 facet normal  7.781522e-01  0.000000e+00 -6.280757e-01
   outer loop
     vertex  1.179161e+01  8.000000e+00  2.191607e+01
     vertex  1.173991e+01  0.000000e+00  2.185203e+01
     vertex  1.173991e+01  8.000000e+00  2.185203e+01
   endloop
 endfacet
 facet normal  7.606287e-01  0.000000e+00 -6.491872e-01
   outer loop
     vertex  1.184505e+01  8.000000e+00  2.197868e+01
     vertex  1.184505e+01  0.000000e+00  2.197868e+01
     vertex  1.179161e+01  0.000000e+00  2.191607e+01
   endloop
 endfacet
 facet normal  7.606287e-01  0.000000e+00 -6.491872e-01
   outer loop
     vertex  1.184505e+01  8.000000e+00  2.197868e+01
     vertex  1.179161e+01  0.000000e+00  2.191607e+01
     vertex  1.179161e+01  8.000000e+00  2.191607e+01
   endloop
 endfacet
 facet normal  7.425325e-01  0.000000e+00 -6.698100e-01
   outer loop
     vertex  1.190018e+01  8.000000e+00  2.203980e+01
     vertex  1.190018e+01  0.000000e+00  2.203980e+01
     vertex  1.184505e+01  0.000000e+00  2.197868e+01
   endloop
 endfacet
 facet normal  7.238775e-01  0.000000e+00 -6.899286e-01
   outer loop
     vertex  1.190018e+01  8.000000e+00  2.203980e+01
     vertex  1.195697e+01  0.000000e+00  2.209938e+01
     vertex  1.190018e+01  0.000000e+00  2.203980e+01
   endloop
 endfacet
 facet normal  7.425325e-01  0.000000e+00 -6.698100e-01
   outer loop
     vertex  1.190018e+01  8.000000e+00  2.203980e+01
     vertex  1.184505e+01  0.000000e+00  2.197868e+01
     vertex  1.184505e+01  8.000000e+00  2.197868e+01
   endloop
 endfacet
 facet normal  7.238775e-01  0.000000e+00 -6.899286e-01
   outer loop
     vertex  1.195697e+01  8.000000e+00  2.209938e+01
     vertex  1.195697e+01  0.000000e+00  2.209938e+01
     vertex  1.190018e+01  8.000000e+00  2.203980e+01
   endloop
 endfacet
 facet normal  7.046775e-01  0.000000e+00 -7.095278e-01
   outer loop
     vertex  1.201537e+01  8.000000e+00  2.215738e+01
     vertex  1.201537e+01  0.000000e+00  2.215738e+01
     vertex  1.195697e+01  0.000000e+00  2.209938e+01
   endloop
 endfacet
 facet normal  7.046775e-01  0.000000e+00 -7.095278e-01
   outer loop
     vertex  1.201537e+01  8.000000e+00  2.215738e+01
     vertex  1.195697e+01  0.000000e+00  2.209938e+01
     vertex  1.195697e+01  8.000000e+00  2.209938e+01
   endloop
 endfacet
 facet normal  6.849470e-01  0.000000e+00 -7.285929e-01
   outer loop
     vertex  1.207534e+01  8.000000e+00  2.221376e+01
     vertex  1.207534e+01  0.000000e+00  2.221376e+01
     vertex  1.201537e+01  0.000000e+00  2.215738e+01
   endloop
 endfacet
 facet normal  6.849470e-01  0.000000e+00 -7.285929e-01
   outer loop
     vertex  1.207534e+01  8.000000e+00  2.221376e+01
     vertex  1.201537e+01  0.000000e+00  2.215738e+01
     vertex  1.201537e+01  8.000000e+00  2.215738e+01
   endloop
 endfacet
 facet normal  6.647010e-01  0.000000e+00 -7.471095e-01
   outer loop
     vertex  1.213683e+01  8.000000e+00  2.226847e+01
     vertex  1.213683e+01  0.000000e+00  2.226847e+01
     vertex  1.207534e+01  0.000000e+00  2.221376e+01
   endloop
 endfacet
 facet normal  6.647010e-01  0.000000e+00 -7.471095e-01
   outer loop
     vertex  1.213683e+01  8.000000e+00  2.226847e+01
     vertex  1.207534e+01  0.000000e+00  2.221376e+01
     vertex  1.207534e+01  8.000000e+00  2.221376e+01
   endloop
 endfacet
 facet normal  6.439545e-01  0.000000e+00 -7.650637e-01
   outer loop
     vertex  1.219980e+01  8.000000e+00  2.232148e+01
     vertex  1.219980e+01  0.000000e+00  2.232148e+01
     vertex  1.213683e+01  0.000000e+00  2.226847e+01
   endloop
 endfacet
 facet normal  6.439545e-01  0.000000e+00 -7.650637e-01
   outer loop
     vertex  1.219980e+01  8.000000e+00  2.232148e+01
     vertex  1.213683e+01  0.000000e+00  2.226847e+01
     vertex  1.213683e+01  8.000000e+00  2.226847e+01
   endloop
 endfacet
 facet normal  6.227234e-01  0.000000e+00 -7.824421e-01
   outer loop
     vertex  1.226421e+01  8.000000e+00  2.237273e+01
     vertex  1.226421e+01  0.000000e+00  2.237273e+01
     vertex  1.219980e+01  0.000000e+00  2.232148e+01
   endloop
 endfacet
 facet normal  6.227234e-01  0.000000e+00 -7.824421e-01
   outer loop
     vertex  1.226421e+01  8.000000e+00  2.237273e+01
     vertex  1.219980e+01  0.000000e+00  2.232148e+01
     vertex  1.219980e+01  8.000000e+00  2.232148e+01
   endloop
 endfacet
 facet normal  6.010234e-01  0.000000e+00 -7.992314e-01
   outer loop
     vertex  1.232999e+01  8.000000e+00  2.242220e+01
     vertex  1.232999e+01  0.000000e+00  2.242220e+01
     vertex  1.226421e+01  0.000000e+00  2.237273e+01
   endloop
 endfacet
 facet normal  6.010234e-01  0.000000e+00 -7.992314e-01
   outer loop
     vertex  1.232999e+01  8.000000e+00  2.242220e+01
     vertex  1.226421e+01  0.000000e+00  2.237273e+01
     vertex  1.226421e+01  8.000000e+00  2.237273e+01
   endloop
 endfacet
 facet normal  5.788711e-01  0.000000e+00 -8.154191e-01
   outer loop
     vertex  1.239711e+01  8.000000e+00  2.246985e+01
     vertex  1.239711e+01  0.000000e+00  2.246985e+01
     vertex  1.232999e+01  0.000000e+00  2.242220e+01
   endloop
 endfacet
 facet normal  5.788711e-01  0.000000e+00 -8.154191e-01
   outer loop
     vertex  1.239711e+01  8.000000e+00  2.246985e+01
     vertex  1.232999e+01  0.000000e+00  2.242220e+01
     vertex  1.232999e+01  8.000000e+00  2.242220e+01
   endloop
 endfacet
 facet normal  5.562829e-01  0.000000e+00 -8.309929e-01
   outer loop
     vertex  1.246551e+01  8.000000e+00  2.251564e+01
     vertex  1.246551e+01  0.000000e+00  2.251564e+01
     vertex  1.239711e+01  0.000000e+00  2.246985e+01
   endloop
 endfacet
 facet normal  5.562829e-01  0.000000e+00 -8.309929e-01
   outer loop
     vertex  1.246551e+01  8.000000e+00  2.251564e+01
     vertex  1.239711e+01  0.000000e+00  2.246985e+01
     vertex  1.239711e+01  8.000000e+00  2.246985e+01
   endloop
 endfacet
 facet normal  5.332761e-01  0.000000e+00 -8.459413e-01
   outer loop
     vertex  1.253514e+01  8.000000e+00  2.255953e+01
     vertex  1.253514e+01  0.000000e+00  2.255953e+01
     vertex  1.246551e+01  0.000000e+00  2.251564e+01
   endloop
 endfacet
 facet normal  5.332761e-01  0.000000e+00 -8.459413e-01
   outer loop
     vertex  1.253514e+01  8.000000e+00  2.255953e+01
     vertex  1.246551e+01  0.000000e+00  2.251564e+01
     vertex  1.246551e+01  8.000000e+00  2.251564e+01
   endloop
 endfacet
 facet normal  5.098678e-01  0.000000e+00 -8.602528e-01
   outer loop
     vertex  1.260594e+01  8.000000e+00  2.260150e+01
     vertex  1.260594e+01  0.000000e+00  2.260150e+01
     vertex  1.253514e+01  0.000000e+00  2.255953e+01
   endloop
 endfacet
 facet normal  5.098678e-01  0.000000e+00 -8.602528e-01
   outer loop
     vertex  1.260594e+01  8.000000e+00  2.260150e+01
     vertex  1.253514e+01  0.000000e+00  2.255953e+01
     vertex  1.253514e+01  8.000000e+00  2.255953e+01
   endloop
 endfacet
 facet normal  4.860756e-01  0.000000e+00 -8.739167e-01
   outer loop
     vertex  1.267788e+01  8.000000e+00  2.264151e+01
     vertex  1.267788e+01  0.000000e+00  2.264151e+01
     vertex  1.260594e+01  0.000000e+00  2.260150e+01
   endloop
 endfacet
 facet normal  4.619176e-01  0.000000e+00 -8.869228e-01
   outer loop
     vertex  1.267788e+01  8.000000e+00  2.264151e+01
     vertex  1.275088e+01  0.000000e+00  2.267953e+01
     vertex  1.267788e+01  0.000000e+00  2.264151e+01
   endloop
 endfacet
 facet normal  4.860756e-01  0.000000e+00 -8.739167e-01
   outer loop
     vertex  1.267788e+01  8.000000e+00  2.264151e+01
     vertex  1.260594e+01  0.000000e+00  2.260150e+01
     vertex  1.260594e+01  8.000000e+00  2.260150e+01
   endloop
 endfacet
 facet normal  4.619176e-01  0.000000e+00 -8.869228e-01
   outer loop
     vertex  1.275088e+01  8.000000e+00  2.267953e+01
     vertex  1.275088e+01  0.000000e+00  2.267953e+01
     vertex  1.267788e+01  8.000000e+00  2.264151e+01
   endloop
 endfacet
 facet normal  4.374119e-01  0.000000e+00 -8.992613e-01
   outer loop
     vertex  1.275088e+01  8.000000e+00  2.267953e+01
     vertex  1.282490e+01  0.000000e+00  2.271553e+01
     vertex  1.275088e+01  0.000000e+00  2.267953e+01
   endloop
 endfacet
 facet normal  4.374119e-01  0.000000e+00 -8.992613e-01
   outer loop
     vertex  1.282490e+01  8.000000e+00  2.271553e+01
     vertex  1.282490e+01  0.000000e+00  2.271553e+01
     vertex  1.275088e+01  8.000000e+00  2.267953e+01
   endloop
 endfacet
 facet normal  4.125769e-01  0.000000e+00 -9.109228e-01
   outer loop
     vertex  1.289987e+01  8.000000e+00  2.274949e+01
     vertex  1.282490e+01  0.000000e+00  2.271553e+01
     vertex  1.282490e+01  8.000000e+00  2.271553e+01
   endloop
 endfacet
 facet normal  4.125769e-01  0.000000e+00 -9.109228e-01
   outer loop
     vertex  1.289987e+01  8.000000e+00  2.274949e+01
     vertex  1.289987e+01  0.000000e+00  2.274949e+01
     vertex  1.282490e+01  0.000000e+00  2.271553e+01
   endloop
 endfacet
 facet normal  3.874313e-01  0.000000e+00 -9.218986e-01
   outer loop
     vertex  1.297576e+01  8.000000e+00  2.278138e+01
     vertex  1.289987e+01  0.000000e+00  2.274949e+01
     vertex  1.289987e+01  8.000000e+00  2.274949e+01
   endloop
 endfacet
 facet normal  3.874313e-01  0.000000e+00 -9.218986e-01
   outer loop
     vertex  1.297576e+01  8.000000e+00  2.278138e+01
     vertex  1.297576e+01  0.000000e+00  2.278138e+01
     vertex  1.289987e+01  0.000000e+00  2.274949e+01
   endloop
 endfacet
 facet normal  3.619940e-01  0.000000e+00 -9.321804e-01
   outer loop
     vertex  1.305248e+01  8.000000e+00  2.281118e+01
     vertex  1.297576e+01  0.000000e+00  2.278138e+01
     vertex  1.297576e+01  8.000000e+00  2.278138e+01
   endloop
 endfacet
 facet normal  3.619940e-01  0.000000e+00 -9.321804e-01
   outer loop
     vertex  1.305248e+01  8.000000e+00  2.281118e+01
     vertex  1.305248e+01  0.000000e+00  2.281118e+01
     vertex  1.297576e+01  0.000000e+00  2.278138e+01
   endloop
 endfacet
 facet normal  3.362843e-01  0.000000e+00 -9.417605e-01
   outer loop
     vertex  1.313000e+01  8.000000e+00  2.283886e+01
     vertex  1.305248e+01  0.000000e+00  2.281118e+01
     vertex  1.305248e+01  8.000000e+00  2.281118e+01
   endloop
 endfacet
 facet normal  3.362843e-01  0.000000e+00 -9.417605e-01
   outer loop
     vertex  1.313000e+01  8.000000e+00  2.283886e+01
     vertex  1.313000e+01  0.000000e+00  2.283886e+01
     vertex  1.305248e+01  0.000000e+00  2.281118e+01
   endloop
 endfacet
 facet normal  3.103214e-01  0.000000e+00 -9.506317e-01
   outer loop
     vertex  1.320825e+01  8.000000e+00  2.286440e+01
     vertex  1.313000e+01  0.000000e+00  2.283886e+01
     vertex  1.313000e+01  8.000000e+00  2.283886e+01
   endloop
 endfacet
 facet normal  3.103214e-01  0.000000e+00 -9.506317e-01
   outer loop
     vertex  1.320825e+01  8.000000e+00  2.286440e+01
     vertex  1.320825e+01  0.000000e+00  2.286440e+01
     vertex  1.313000e+01  0.000000e+00  2.283886e+01
   endloop
 endfacet
 facet normal  2.841250e-01  0.000000e+00 -9.587873e-01
   outer loop
     vertex  1.328716e+01  8.000000e+00  2.288778e+01
     vertex  1.320825e+01  0.000000e+00  2.286440e+01
     vertex  1.320825e+01  8.000000e+00  2.286440e+01
   endloop
 endfacet
 facet normal  2.841250e-01  0.000000e+00 -9.587873e-01
   outer loop
     vertex  1.328716e+01  8.000000e+00  2.288778e+01
     vertex  1.328716e+01  0.000000e+00  2.288778e+01
     vertex  1.320825e+01  0.000000e+00  2.286440e+01
   endloop
 endfacet
 facet normal  2.577146e-01  0.000000e+00 -9.662211e-01
   outer loop
     vertex  1.336669e+01  8.000000e+00  2.290900e+01
     vertex  1.328716e+01  0.000000e+00  2.288778e+01
     vertex  1.328716e+01  8.000000e+00  2.288778e+01
   endloop
 endfacet
 facet normal  2.577146e-01  0.000000e+00 -9.662211e-01
   outer loop
     vertex  1.336669e+01  8.000000e+00  2.290900e+01
     vertex  1.336669e+01  0.000000e+00  2.290900e+01
     vertex  1.328716e+01  0.000000e+00  2.288778e+01
   endloop
 endfacet
 facet normal  2.311102e-01  0.000000e+00 -9.729276e-01
   outer loop
     vertex  1.344678e+01  8.000000e+00  2.292802e+01
     vertex  1.336669e+01  0.000000e+00  2.290900e+01
     vertex  1.336669e+01  8.000000e+00  2.290900e+01
   endloop
 endfacet
 facet normal  2.311102e-01  0.000000e+00 -9.729276e-01
   outer loop
     vertex  1.344678e+01  8.000000e+00  2.292802e+01
     vertex  1.344678e+01  0.000000e+00  2.292802e+01
     vertex  1.336669e+01  0.000000e+00  2.290900e+01
   endloop
 endfacet
 facet normal  2.043319e-01  0.000000e+00 -9.789017e-01
   outer loop
     vertex  1.352735e+01  8.000000e+00  2.294484e+01
     vertex  1.344678e+01  0.000000e+00  2.292802e+01
     vertex  1.344678e+01  8.000000e+00  2.292802e+01
   endloop
 endfacet
 facet normal  2.043319e-01  0.000000e+00 -9.789017e-01
   outer loop
     vertex  1.352735e+01  8.000000e+00  2.294484e+01
     vertex  1.352735e+01  0.000000e+00  2.294484e+01
     vertex  1.344678e+01  0.000000e+00  2.292802e+01
   endloop
 endfacet
 facet normal  1.773998e-01  0.000000e+00 -9.841389e-01
   outer loop
     vertex  1.360835e+01  8.000000e+00  2.295944e+01
     vertex  1.352735e+01  0.000000e+00  2.294484e+01
     vertex  1.352735e+01  8.000000e+00  2.294484e+01
   endloop
 endfacet
 facet normal  1.773998e-01  0.000000e+00 -9.841389e-01
   outer loop
     vertex  1.360835e+01  8.000000e+00  2.295944e+01
     vertex  1.360835e+01  0.000000e+00  2.295944e+01
     vertex  1.352735e+01  0.000000e+00  2.294484e+01
   endloop
 endfacet
 facet normal  1.503341e-01  0.000000e+00 -9.886353e-01
   outer loop
     vertex  1.360835e+01  8.000000e+00  2.295944e+01
     vertex  1.368973e+01  0.000000e+00  2.297181e+01
     vertex  1.360835e+01  0.000000e+00  2.295944e+01
   endloop
 endfacet
 facet normal  1.503341e-01  0.000000e+00 -9.886353e-01
   outer loop
     vertex  1.368973e+01  8.000000e+00  2.297181e+01
     vertex  1.368973e+01  0.000000e+00  2.297181e+01
     vertex  1.360835e+01  8.000000e+00  2.295944e+01
   endloop
 endfacet
 facet normal  1.231552e-01  0.000000e+00 -9.923874e-01
   outer loop
     vertex  1.377141e+01  8.000000e+00  2.298195e+01
     vertex  1.377141e+01  0.000000e+00  2.298195e+01
     vertex  1.368973e+01  0.000000e+00  2.297181e+01
   endloop
 endfacet
 facet normal  1.231552e-01  0.000000e+00 -9.923874e-01
   outer loop
     vertex  1.377141e+01  8.000000e+00  2.298195e+01
     vertex  1.368973e+01  0.000000e+00  2.297181e+01
     vertex  1.368973e+01  8.000000e+00  2.297181e+01
   endloop
 endfacet
 facet normal  9.588368e-02  0.000000e+00 -9.953925e-01
   outer loop
     vertex  1.385334e+01  8.000000e+00  2.298984e+01
     vertex  1.385334e+01  0.000000e+00  2.298984e+01
     vertex  1.377141e+01  0.000000e+00  2.298195e+01
   endloop
 endfacet
 facet normal  9.588368e-02  0.000000e+00 -9.953925e-01
   outer loop
     vertex  1.385334e+01  8.000000e+00  2.298984e+01
     vertex  1.377141e+01  0.000000e+00  2.298195e+01
     vertex  1.377141e+01  8.000000e+00  2.298195e+01
   endloop
 endfacet
 facet normal  6.853995e-02  0.000000e+00 -9.976484e-01
   outer loop
     vertex  1.393546e+01  8.000000e+00  2.299548e+01
     vertex  1.393546e+01  0.000000e+00  2.299548e+01
     vertex  1.385334e+01  0.000000e+00  2.298984e+01
   endloop
 endfacet
 facet normal  6.853995e-02  0.000000e+00 -9.976484e-01
   outer loop
     vertex  1.393546e+01  8.000000e+00  2.299548e+01
     vertex  1.385334e+01  0.000000e+00  2.298984e+01
     vertex  1.385334e+01  8.000000e+00  2.298984e+01
   endloop
 endfacet
 facet normal  4.114462e-02  0.000000e+00 -9.991532e-01
   outer loop
     vertex  1.401770e+01  8.000000e+00  2.299887e+01
     vertex  1.401770e+01  0.000000e+00  2.299887e+01
     vertex  1.393546e+01  0.000000e+00  2.299548e+01
   endloop
 endfacet
 facet normal  4.114462e-02  0.000000e+00 -9.991532e-01
   outer loop
     vertex  1.401770e+01  8.000000e+00  2.299887e+01
     vertex  1.393546e+01  0.000000e+00  2.299548e+01
     vertex  1.393546e+01  8.000000e+00  2.299548e+01
   endloop
 endfacet
 facet normal  1.371831e-02  0.000000e+00 -9.999059e-01
   outer loop
     vertex  1.410000e+01  8.000000e+00  2.300000e+01
     vertex  1.410000e+01  0.000000e+00  2.300000e+01
     vertex  1.401770e+01  0.000000e+00  2.299887e+01
   endloop
 endfacet
 facet normal  1.371831e-02  0.000000e+00 -9.999059e-01
   outer loop
     vertex  1.410000e+01  8.000000e+00  2.300000e+01
     vertex  1.401770e+01  0.000000e+00  2.299887e+01
     vertex  1.401770e+01  8.000000e+00  2.299887e+01
   endloop
 endfacet
 facet normal -1.371831e-02  0.000000e+00 -9.999059e-01
   outer loop
     vertex  1.414389e+01  8.000000e+00  3.659940e+01
     vertex  1.410000e+01  0.000000e+00  3.660000e+01
     vertex  1.410000e+01  8.000000e+00  3.660000e+01
   endloop
 endfacet
 facet normal -1.371831e-02 -0.000000e+00 -9.999059e-01
   outer loop
     vertex  1.414389e+01  8.000000e+00  3.659940e+01
     vertex  1.414389e+01  0.000000e+00  3.659940e+01
     vertex  1.410000e+01  0.000000e+00  3.660000e+01
   endloop
 endfacet
 facet normal -4.114462e-02 -0.000000e+00 -9.991532e-01
   outer loop
     vertex  1.418776e+01  8.000000e+00  3.659759e+01
     vertex  1.418776e+01  0.000000e+00  3.659759e+01
     vertex  1.414389e+01  0.000000e+00  3.659940e+01
   endloop
 endfacet
 facet normal -4.114462e-02  0.000000e+00 -9.991532e-01
   outer loop
     vertex  1.418776e+01  8.000000e+00  3.659759e+01
     vertex  1.414389e+01  0.000000e+00  3.659940e+01
     vertex  1.414389e+01  8.000000e+00  3.659940e+01
   endloop
 endfacet
 facet normal -6.853995e-02 -0.000000e+00 -9.976484e-01
   outer loop
     vertex  1.423155e+01  8.000000e+00  3.659458e+01
     vertex  1.423155e+01  0.000000e+00  3.659458e+01
     vertex  1.418776e+01  0.000000e+00  3.659759e+01
   endloop
 endfacet
 facet normal -6.853995e-02  0.000000e+00 -9.976484e-01
   outer loop
     vertex  1.423155e+01  8.000000e+00  3.659458e+01
     vertex  1.418776e+01  0.000000e+00  3.659759e+01
     vertex  1.418776e+01  8.000000e+00  3.659759e+01
   endloop
 endfacet
 facet normal -9.588368e-02 -0.000000e+00 -9.953925e-01
   outer loop
     vertex  1.427525e+01  8.000000e+00  3.659037e+01
     vertex  1.427525e+01  0.000000e+00  3.659037e+01
     vertex  1.423155e+01  0.000000e+00  3.659458e+01
   endloop
 endfacet
 facet normal -9.588368e-02  0.000000e+00 -9.953925e-01
   outer loop
     vertex  1.427525e+01  8.000000e+00  3.659037e+01
     vertex  1.423155e+01  0.000000e+00  3.659458e+01
     vertex  1.423155e+01  8.000000e+00  3.659458e+01
   endloop
 endfacet
 facet normal -1.231552e-01 -0.000000e+00 -9.923874e-01
   outer loop
     vertex  1.431881e+01  8.000000e+00  3.658497e+01
     vertex  1.431881e+01  0.000000e+00  3.658497e+01
     vertex  1.427525e+01  0.000000e+00  3.659037e+01
   endloop
 endfacet
 facet normal -1.231552e-01  0.000000e+00 -9.923874e-01
   outer loop
     vertex  1.431881e+01  8.000000e+00  3.658497e+01
     vertex  1.427525e+01  0.000000e+00  3.659037e+01
     vertex  1.427525e+01  8.000000e+00  3.659037e+01
   endloop
 endfacet
 facet normal -1.503341e-01 -0.000000e+00 -9.886353e-01
   outer loop
     vertex  1.436221e+01  8.000000e+00  3.657837e+01
     vertex  1.436221e+01  0.000000e+00  3.657837e+01
     vertex  1.431881e+01  0.000000e+00  3.658497e+01
   endloop
 endfacet
 facet normal -1.503341e-01  0.000000e+00 -9.886353e-01
   outer loop
     vertex  1.436221e+01  8.000000e+00  3.657837e+01
     vertex  1.431881e+01  0.000000e+00  3.658497e+01
     vertex  1.431881e+01  8.000000e+00  3.658497e+01
   endloop
 endfacet
 facet normal -1.773998e-01 -0.000000e+00 -9.841389e-01
   outer loop
     vertex  1.440541e+01  8.000000e+00  3.657058e+01
     vertex  1.440541e+01  0.000000e+00  3.657058e+01
     vertex  1.436221e+01  0.000000e+00  3.657837e+01
   endloop
 endfacet
 facet normal -1.773998e-01  0.000000e+00 -9.841389e-01
   outer loop
     vertex  1.440541e+01  8.000000e+00  3.657058e+01
     vertex  1.436221e+01  0.000000e+00  3.657837e+01
     vertex  1.436221e+01  8.000000e+00  3.657837e+01
   endloop
 endfacet
 facet normal -2.043319e-01 -0.000000e+00 -9.789017e-01
   outer loop
     vertex  1.444839e+01  8.000000e+00  3.656161e+01
     vertex  1.444839e+01  0.000000e+00  3.656161e+01
     vertex  1.440541e+01  0.000000e+00  3.657058e+01
   endloop
 endfacet
 facet normal -2.043319e-01  0.000000e+00 -9.789017e-01
   outer loop
     vertex  1.444839e+01  8.000000e+00  3.656161e+01
     vertex  1.440541e+01  0.000000e+00  3.657058e+01
     vertex  1.440541e+01  8.000000e+00  3.657058e+01
   endloop
 endfacet
 facet normal -2.311102e-01 -0.000000e+00 -9.729276e-01
   outer loop
     vertex  1.449110e+01  8.000000e+00  3.655146e+01
     vertex  1.449110e+01  0.000000e+00  3.655146e+01
     vertex  1.444839e+01  0.000000e+00  3.656161e+01
   endloop
 endfacet
 facet normal -2.311102e-01  0.000000e+00 -9.729276e-01
   outer loop
     vertex  1.449110e+01  8.000000e+00  3.655146e+01
     vertex  1.444839e+01  0.000000e+00  3.656161e+01
     vertex  1.444839e+01  8.000000e+00  3.656161e+01
   endloop
 endfacet
 facet normal -2.577146e-01  0.000000e+00 -9.662211e-01
   outer loop
     vertex  1.453351e+01  8.000000e+00  3.654015e+01
     vertex  1.449110e+01  0.000000e+00  3.655146e+01
     vertex  1.449110e+01  8.000000e+00  3.655146e+01
   endloop
 endfacet
 facet normal -2.577146e-01 -0.000000e+00 -9.662211e-01
   outer loop
     vertex  1.453351e+01  8.000000e+00  3.654015e+01
     vertex  1.453351e+01  0.000000e+00  3.654015e+01
     vertex  1.449110e+01  0.000000e+00  3.655146e+01
   endloop
 endfacet
 facet normal -2.841250e-01  0.000000e+00 -9.587873e-01
   outer loop
     vertex  1.457560e+01  8.000000e+00  3.652768e+01
     vertex  1.453351e+01  0.000000e+00  3.654015e+01
     vertex  1.453351e+01  8.000000e+00  3.654015e+01
   endloop
 endfacet
 facet normal -2.841250e-01 -0.000000e+00 -9.587873e-01
   outer loop
     vertex  1.457560e+01  8.000000e+00  3.652768e+01
     vertex  1.457560e+01  0.000000e+00  3.652768e+01
     vertex  1.453351e+01  0.000000e+00  3.654015e+01
   endloop
 endfacet
 facet normal -3.103214e-01  0.000000e+00 -9.506317e-01
   outer loop
     vertex  1.461733e+01  8.000000e+00  3.651406e+01
     vertex  1.457560e+01  0.000000e+00  3.652768e+01
     vertex  1.457560e+01  8.000000e+00  3.652768e+01
   endloop
 endfacet
 facet normal -3.103214e-01 -0.000000e+00 -9.506317e-01
   outer loop
     vertex  1.461733e+01  8.000000e+00  3.651406e+01
     vertex  1.461733e+01  0.000000e+00  3.651406e+01
     vertex  1.457560e+01  0.000000e+00  3.652768e+01
   endloop
 endfacet
 facet normal -3.362843e-01 -0.000000e+00 -9.417605e-01
   outer loop
     vertex  1.461733e+01  8.000000e+00  3.651406e+01
     vertex  1.465868e+01  0.000000e+00  3.649929e+01
     vertex  1.461733e+01  0.000000e+00  3.651406e+01
   endloop
 endfacet
 facet normal -3.362843e-01 -0.000000e+00 -9.417605e-01
   outer loop
     vertex  1.465868e+01  8.000000e+00  3.649929e+01
     vertex  1.465868e+01  0.000000e+00  3.649929e+01
     vertex  1.461733e+01  8.000000e+00  3.651406e+01
   endloop
 endfacet
 facet normal -3.619940e-01  0.000000e+00 -9.321804e-01
   outer loop
     vertex  1.469960e+01  8.000000e+00  3.648340e+01
     vertex  1.465868e+01  0.000000e+00  3.649929e+01
     vertex  1.465868e+01  8.000000e+00  3.649929e+01
   endloop
 endfacet
 facet normal -3.619940e-01 -0.000000e+00 -9.321804e-01
   outer loop
     vertex  1.469960e+01  8.000000e+00  3.648340e+01
     vertex  1.469960e+01  0.000000e+00  3.648340e+01
     vertex  1.465868e+01  0.000000e+00  3.649929e+01
   endloop
 endfacet
 facet normal -3.874313e-01 -0.000000e+00 -9.218986e-01
   outer loop
     vertex  1.469960e+01  8.000000e+00  3.648340e+01
     vertex  1.474007e+01  0.000000e+00  3.646640e+01
     vertex  1.469960e+01  0.000000e+00  3.648340e+01
   endloop
 endfacet
 facet normal -3.874313e-01 -0.000000e+00 -9.218986e-01
   outer loop
     vertex  1.474007e+01  8.000000e+00  3.646640e+01
     vertex  1.474007e+01  0.000000e+00  3.646640e+01
     vertex  1.469960e+01  8.000000e+00  3.648340e+01
   endloop
 endfacet
 facet normal -4.125769e-01  0.000000e+00 -9.109228e-01
   outer loop
     vertex  1.478005e+01  8.000000e+00  3.644828e+01
     vertex  1.474007e+01  0.000000e+00  3.646640e+01
     vertex  1.474007e+01  8.000000e+00  3.646640e+01
   endloop
 endfacet
 facet normal -4.125769e-01 -0.000000e+00 -9.109228e-01
   outer loop
     vertex  1.478005e+01  8.000000e+00  3.644828e+01
     vertex  1.478005e+01  0.000000e+00  3.644828e+01
     vertex  1.474007e+01  0.000000e+00  3.646640e+01
   endloop
 endfacet
 facet normal -4.374119e-01  0.000000e+00 -8.992613e-01
   outer loop
     vertex  1.481953e+01  8.000000e+00  3.642908e+01
     vertex  1.478005e+01  0.000000e+00  3.644828e+01
     vertex  1.478005e+01  8.000000e+00  3.644828e+01
   endloop
 endfacet
 facet normal -4.374119e-01 -0.000000e+00 -8.992613e-01
   outer loop
     vertex  1.481953e+01  8.000000e+00  3.642908e+01
     vertex  1.481953e+01  0.000000e+00  3.642908e+01
     vertex  1.478005e+01  0.000000e+00  3.644828e+01
   endloop
 endfacet
 facet normal -4.619176e-01 -0.000000e+00 -8.869228e-01
   outer loop
     vertex  1.481953e+01  8.000000e+00  3.642908e+01
     vertex  1.485847e+01  0.000000e+00  3.640880e+01
     vertex  1.481953e+01  0.000000e+00  3.642908e+01
   endloop
 endfacet
 facet normal -4.619176e-01 -0.000000e+00 -8.869228e-01
   outer loop
     vertex  1.485847e+01  8.000000e+00  3.640880e+01
     vertex  1.485847e+01  0.000000e+00  3.640880e+01
     vertex  1.481953e+01  8.000000e+00  3.642908e+01
   endloop
 endfacet
 facet normal -4.860756e-01  0.000000e+00 -8.739167e-01
   outer loop
     vertex  1.489683e+01  8.000000e+00  3.638747e+01
     vertex  1.485847e+01  0.000000e+00  3.640880e+01
     vertex  1.485847e+01  8.000000e+00  3.640880e+01
   endloop
 endfacet
 facet normal -4.860756e-01 -0.000000e+00 -8.739167e-01
   outer loop
     vertex  1.489683e+01  8.000000e+00  3.638747e+01
     vertex  1.489683e+01  0.000000e+00  3.638747e+01
     vertex  1.485847e+01  0.000000e+00  3.640880e+01
   endloop
 endfacet
 facet normal -5.098678e-01  0.000000e+00 -8.602528e-01
   outer loop
     vertex  1.493459e+01  8.000000e+00  3.636508e+01
     vertex  1.489683e+01  0.000000e+00  3.638747e+01
     vertex  1.489683e+01  8.000000e+00  3.638747e+01
   endloop
 endfacet
 facet normal -5.098678e-01 -0.000000e+00 -8.602528e-01
   outer loop
     vertex  1.493459e+01  8.000000e+00  3.636508e+01
     vertex  1.493459e+01  0.000000e+00  3.636508e+01
     vertex  1.489683e+01  0.000000e+00  3.638747e+01
   endloop
 endfacet
 facet normal -5.332761e-01  0.000000e+00 -8.459413e-01
   outer loop
     vertex  1.497173e+01  8.000000e+00  3.634167e+01
     vertex  1.493459e+01  0.000000e+00  3.636508e+01
     vertex  1.493459e+01  8.000000e+00  3.636508e+01
   endloop
 endfacet
 facet normal -5.332761e-01 -0.000000e+00 -8.459413e-01
   outer loop
     vertex  1.497173e+01  8.000000e+00  3.634167e+01
     vertex  1.497173e+01  0.000000e+00  3.634167e+01
     vertex  1.493459e+01  0.000000e+00  3.636508e+01
   endloop
 endfacet
 facet normal -5.562829e-01 -0.000000e+00 -8.309929e-01
   outer loop
     vertex  1.500821e+01  8.000000e+00  3.631725e+01
     vertex  1.500821e+01  0.000000e+00  3.631725e+01
     vertex  1.497173e+01  0.000000e+00  3.634167e+01
   endloop
 endfacet
 facet normal -5.562829e-01  0.000000e+00 -8.309929e-01
   outer loop
     vertex  1.500821e+01  8.000000e+00  3.631725e+01
     vertex  1.497173e+01  0.000000e+00  3.634167e+01
     vertex  1.497173e+01  8.000000e+00  3.634167e+01
   endloop
 endfacet
 facet normal -5.788711e-01 -0.000000e+00 -8.154191e-01
   outer loop
     vertex  1.504400e+01  8.000000e+00  3.629184e+01
     vertex  1.504400e+01  0.000000e+00  3.629184e+01
     vertex  1.500821e+01  0.000000e+00  3.631725e+01
   endloop
 endfacet
 facet normal -5.788711e-01  0.000000e+00 -8.154191e-01
   outer loop
     vertex  1.504400e+01  8.000000e+00  3.629184e+01
     vertex  1.500821e+01  0.000000e+00  3.631725e+01
     vertex  1.500821e+01  8.000000e+00  3.631725e+01
   endloop
 endfacet
 facet normal -6.010234e-01 -0.000000e+00 -7.992314e-01
   outer loop
     vertex  1.507909e+01  8.000000e+00  3.626546e+01
     vertex  1.507909e+01  0.000000e+00  3.626546e+01
     vertex  1.504400e+01  0.000000e+00  3.629184e+01
   endloop
 endfacet
 facet normal -6.010234e-01  0.000000e+00 -7.992314e-01
   outer loop
     vertex  1.507909e+01  8.000000e+00  3.626546e+01
     vertex  1.504400e+01  0.000000e+00  3.629184e+01
     vertex  1.504400e+01  8.000000e+00  3.629184e+01
   endloop
 endfacet
 facet normal -6.227234e-01 -0.000000e+00 -7.824421e-01
   outer loop
     vertex  1.511344e+01  8.000000e+00  3.623812e+01
     vertex  1.511344e+01  0.000000e+00  3.623812e+01
     vertex  1.507909e+01  0.000000e+00  3.626546e+01
   endloop
 endfacet
 facet normal -6.227234e-01  0.000000e+00 -7.824421e-01
   outer loop
     vertex  1.511344e+01  8.000000e+00  3.623812e+01
     vertex  1.507909e+01  0.000000e+00  3.626546e+01
     vertex  1.507909e+01  8.000000e+00  3.626546e+01
   endloop
 endfacet
 facet normal -6.439545e-01 -0.000000e+00 -7.650637e-01
   outer loop
     vertex  1.514702e+01  8.000000e+00  3.620985e+01
     vertex  1.514702e+01  0.000000e+00  3.620985e+01
     vertex  1.511344e+01  0.000000e+00  3.623812e+01
   endloop
 endfacet
 facet normal -6.439545e-01  0.000000e+00 -7.650637e-01
   outer loop
     vertex  1.514702e+01  8.000000e+00  3.620985e+01
     vertex  1.511344e+01  0.000000e+00  3.623812e+01
     vertex  1.511344e+01  8.000000e+00  3.623812e+01
   endloop
 endfacet
 facet normal -6.647010e-01 -0.000000e+00 -7.471095e-01
   outer loop
     vertex  1.517982e+01  8.000000e+00  3.618067e+01
     vertex  1.517982e+01  0.000000e+00  3.618067e+01
     vertex  1.514702e+01  0.000000e+00  3.620985e+01
   endloop
 endfacet
 facet normal -6.647010e-01  0.000000e+00 -7.471095e-01
   outer loop
     vertex  1.517982e+01  8.000000e+00  3.618067e+01
     vertex  1.514702e+01  0.000000e+00  3.620985e+01
     vertex  1.514702e+01  8.000000e+00  3.620985e+01
   endloop
 endfacet
 facet normal -6.849470e-01 -0.000000e+00 -7.285929e-01
   outer loop
     vertex  1.521180e+01  8.000000e+00  3.615060e+01
     vertex  1.521180e+01  0.000000e+00  3.615060e+01
     vertex  1.517982e+01  0.000000e+00  3.618067e+01
   endloop
 endfacet
 facet normal -6.849470e-01  0.000000e+00 -7.285929e-01
   outer loop
     vertex  1.521180e+01  8.000000e+00  3.615060e+01
     vertex  1.517982e+01  0.000000e+00  3.618067e+01
     vertex  1.517982e+01  8.000000e+00  3.618067e+01
   endloop
 endfacet
 facet normal -7.046775e-01 -0.000000e+00 -7.095278e-01
   outer loop
     vertex  1.524295e+01  8.000000e+00  3.611967e+01
     vertex  1.524295e+01  0.000000e+00  3.611967e+01
     vertex  1.521180e+01  0.000000e+00  3.615060e+01
   endloop
 endfacet
 facet normal -7.046775e-01  0.000000e+00 -7.095278e-01
   outer loop
     vertex  1.524295e+01  8.000000e+00  3.611967e+01
     vertex  1.521180e+01  0.000000e+00  3.615060e+01
     vertex  1.521180e+01  8.000000e+00  3.615060e+01
   endloop
 endfacet
 facet normal -7.238775e-01 -0.000000e+00 -6.899286e-01
   outer loop
     vertex  1.527324e+01  8.000000e+00  3.608789e+01
     vertex  1.527324e+01  0.000000e+00  3.608789e+01
     vertex  1.524295e+01  0.000000e+00  3.611967e+01
   endloop
 endfacet
 facet normal -7.238775e-01  0.000000e+00 -6.899286e-01
   outer loop
     vertex  1.527324e+01  8.000000e+00  3.608789e+01
     vertex  1.524295e+01  0.000000e+00  3.611967e+01
     vertex  1.524295e+01  8.000000e+00  3.611967e+01
   endloop
 endfacet
 facet normal -7.425325e-01 -0.000000e+00 -6.698100e-01
   outer loop
     vertex  1.530264e+01  8.000000e+00  3.605530e+01
     vertex  1.530264e+01  0.000000e+00  3.605530e+01
     vertex  1.527324e+01  0.000000e+00  3.608789e+01
   endloop
 endfacet
 facet normal -7.425325e-01  0.000000e+00 -6.698100e-01
   outer loop
     vertex  1.530264e+01  8.000000e+00  3.605530e+01
     vertex  1.527324e+01  0.000000e+00  3.608789e+01
     vertex  1.527324e+01  8.000000e+00  3.608789e+01
   endloop
 endfacet
 facet normal -7.606287e-01 -0.000000e+00 -6.491872e-01
   outer loop
     vertex  1.533114e+01  8.000000e+00  3.602191e+01
     vertex  1.533114e+01  0.000000e+00  3.602191e+01
     vertex  1.530264e+01  0.000000e+00  3.605530e+01
   endloop
 endfacet
 facet normal -7.606287e-01  0.000000e+00 -6.491872e-01
   outer loop
     vertex  1.533114e+01  8.000000e+00  3.602191e+01
     vertex  1.530264e+01  0.000000e+00  3.605530e+01
     vertex  1.530264e+01  8.000000e+00  3.605530e+01
   endloop
 endfacet
 facet normal -7.781522e-01 -0.000000e+00 -6.280757e-01
   outer loop
     vertex  1.535871e+01  8.000000e+00  3.598775e+01
     vertex  1.535871e+01  0.000000e+00  3.598775e+01
     vertex  1.533114e+01  0.000000e+00  3.602191e+01
   endloop
 endfacet
 facet normal -7.950900e-01 -0.000000e+00 -6.064915e-01
   outer loop
     vertex  1.535871e+01  8.000000e+00  3.598775e+01
     vertex  1.538534e+01  0.000000e+00  3.595284e+01
     vertex  1.535871e+01  0.000000e+00  3.598775e+01
   endloop
 endfacet
 facet normal -7.781522e-01  0.000000e+00 -6.280757e-01
   outer loop
     vertex  1.535871e+01  8.000000e+00  3.598775e+01
     vertex  1.533114e+01  0.000000e+00  3.602191e+01
     vertex  1.533114e+01  8.000000e+00  3.602191e+01
   endloop
 endfacet
 facet normal -7.950900e-01 -0.000000e+00 -6.064915e-01
   outer loop
     vertex  1.538534e+01  8.000000e+00  3.595284e+01
     vertex  1.538534e+01  0.000000e+00  3.595284e+01
     vertex  1.535871e+01  8.000000e+00  3.598775e+01
   endloop
 endfacet
 facet normal -8.114292e-01  0.000000e+00 -5.844507e-01
   outer loop
     vertex  1.541099e+01  8.000000e+00  3.591722e+01
     vertex  1.538534e+01  0.000000e+00  3.595284e+01
     vertex  1.538534e+01  8.000000e+00  3.595284e+01
   endloop
 endfacet
 facet normal -8.114292e-01 -0.000000e+00 -5.844507e-01
   outer loop
     vertex  1.541099e+01  8.000000e+00  3.591722e+01
     vertex  1.541099e+01  0.000000e+00  3.591722e+01
     vertex  1.538534e+01  0.000000e+00  3.595284e+01
   endloop
 endfacet
 facet normal -8.271577e-01 -0.000000e+00 -5.619699e-01
   outer loop
     vertex  1.541099e+01  8.000000e+00  3.591722e+01
     vertex  1.543566e+01  0.000000e+00  3.588091e+01
     vertex  1.541099e+01  0.000000e+00  3.591722e+01
   endloop
 endfacet
 facet normal -8.271577e-01 -0.000000e+00 -5.619699e-01
   outer loop
     vertex  1.543566e+01  8.000000e+00  3.588091e+01
     vertex  1.543566e+01  0.000000e+00  3.588091e+01
     vertex  1.541099e+01  8.000000e+00  3.591722e+01
   endloop
 endfacet
 facet normal -8.422635e-01  0.000000e+00 -5.390661e-01
   outer loop
     vertex  1.545933e+01  8.000000e+00  3.584394e+01
     vertex  1.543566e+01  0.000000e+00  3.588091e+01
     vertex  1.543566e+01  8.000000e+00  3.588091e+01
   endloop
 endfacet
 facet normal -8.422635e-01 -0.000000e+00 -5.390661e-01
   outer loop
     vertex  1.545933e+01  8.000000e+00  3.584394e+01
     vertex  1.545933e+01  0.000000e+00  3.584394e+01
     vertex  1.543566e+01  0.000000e+00  3.588091e+01
   endloop
 endfacet
 facet normal -8.567352e-01  0.000000e+00 -5.157565e-01
   outer loop
     vertex  1.548197e+01  8.000000e+00  3.580633e+01
     vertex  1.545933e+01  0.000000e+00  3.584394e+01
     vertex  1.545933e+01  8.000000e+00  3.584394e+01
   endloop
 endfacet
 facet normal -8.567352e-01 -0.000000e+00 -5.157565e-01
   outer loop
     vertex  1.548197e+01  8.000000e+00  3.580633e+01
     vertex  1.548197e+01  0.000000e+00  3.580633e+01
     vertex  1.545933e+01  0.000000e+00  3.584394e+01
   endloop
 endfacet
 facet normal -8.705620e-01  0.000000e+00 -4.920587e-01
   outer loop
     vertex  1.550357e+01  8.000000e+00  3.576811e+01
     vertex  1.548197e+01  0.000000e+00  3.580633e+01
     vertex  1.548197e+01  8.000000e+00  3.580633e+01
   endloop
 endfacet
 facet normal -8.705620e-01 -0.000000e+00 -4.920587e-01
   outer loop
     vertex  1.550357e+01  8.000000e+00  3.576811e+01
     vertex  1.550357e+01  0.000000e+00  3.576811e+01
     vertex  1.548197e+01  0.000000e+00  3.580633e+01
   endloop
 endfacet
 facet normal -8.837335e-01 -0.000000e+00 -4.679904e-01
   outer loop
     vertex  1.550357e+01  8.000000e+00  3.576811e+01
     vertex  1.552411e+01  0.000000e+00  3.572932e+01
     vertex  1.550357e+01  0.000000e+00  3.576811e+01
   endloop
 endfacet
 facet normal -8.837335e-01 -0.000000e+00 -4.679904e-01
   outer loop
     vertex  1.552411e+01  8.000000e+00  3.572932e+01
     vertex  1.552411e+01  0.000000e+00  3.572932e+01
     vertex  1.550357e+01  8.000000e+00  3.576811e+01
   endloop
 endfacet
 facet normal -8.962398e-01  0.000000e+00 -4.435699e-01
   outer loop
     vertex  1.554358e+01  8.000000e+00  3.568997e+01
     vertex  1.552411e+01  0.000000e+00  3.572932e+01
     vertex  1.552411e+01  8.000000e+00  3.572932e+01
   endloop
 endfacet
 facet normal -8.962398e-01 -0.000000e+00 -4.435699e-01
   outer loop
     vertex  1.554358e+01  8.000000e+00  3.568997e+01
     vertex  1.554358e+01  0.000000e+00  3.568997e+01
     vertex  1.552411e+01  0.000000e+00  3.572932e+01
   endloop
 endfacet
 facet normal -9.080714e-01  0.000000e+00 -4.188155e-01
   outer loop
     vertex  1.556197e+01  8.000000e+00  3.565011e+01
     vertex  1.554358e+01  0.000000e+00  3.568997e+01
     vertex  1.554358e+01  8.000000e+00  3.568997e+01
   endloop
 endfacet
 facet normal -9.080714e-01 -0.000000e+00 -4.188155e-01
   outer loop
     vertex  1.556197e+01  8.000000e+00  3.565011e+01
     vertex  1.556197e+01  0.000000e+00  3.565011e+01
     vertex  1.554358e+01  0.000000e+00  3.568997e+01
   endloop
 endfacet
 facet normal -9.192194e-01  0.000000e+00 -3.937458e-01
   outer loop
     vertex  1.557926e+01  8.000000e+00  3.560976e+01
     vertex  1.556197e+01  0.000000e+00  3.565011e+01
     vertex  1.556197e+01  8.000000e+00  3.565011e+01
   endloop
 endfacet
 facet normal -9.192194e-01 -0.000000e+00 -3.937458e-01
   outer loop
     vertex  1.557926e+01  8.000000e+00  3.560976e+01
     vertex  1.557926e+01  0.000000e+00  3.560976e+01
     vertex  1.556197e+01  0.000000e+00  3.565011e+01
   endloop
 endfacet
 facet normal -9.296754e-01  0.000000e+00 -3.683796e-01
   outer loop
     vertex  1.559543e+01  8.000000e+00  3.556895e+01
     vertex  1.557926e+01  0.000000e+00  3.560976e+01
     vertex  1.557926e+01  8.000000e+00  3.560976e+01
   endloop
 endfacet
 facet normal -9.296754e-01 -0.000000e+00 -3.683796e-01
   outer loop
     vertex  1.559543e+01  8.000000e+00  3.556895e+01
     vertex  1.559543e+01  0.000000e+00  3.556895e+01
     vertex  1.557926e+01  0.000000e+00  3.560976e+01
   endloop
 endfacet
 facet normal -9.394317e-01  0.000000e+00 -3.427362e-01
   outer loop
     vertex  1.561047e+01  8.000000e+00  3.552771e+01
     vertex  1.559543e+01  0.000000e+00  3.556895e+01
     vertex  1.559543e+01  8.000000e+00  3.556895e+01
   endloop
 endfacet
 facet normal -9.394317e-01 -0.000000e+00 -3.427362e-01
   outer loop
     vertex  1.561047e+01  8.000000e+00  3.552771e+01
     vertex  1.561047e+01  0.000000e+00  3.552771e+01
     vertex  1.559543e+01  0.000000e+00  3.556895e+01
   endloop
 endfacet
 facet normal -9.484807e-01  0.000000e+00 -3.168348e-01
   outer loop
     vertex  1.562438e+01  8.000000e+00  3.548607e+01
     vertex  1.561047e+01  0.000000e+00  3.552771e+01
     vertex  1.561047e+01  8.000000e+00  3.552771e+01
   endloop
 endfacet
 facet normal -9.484807e-01 -0.000000e+00 -3.168348e-01
   outer loop
     vertex  1.562438e+01  8.000000e+00  3.548607e+01
     vertex  1.562438e+01  0.000000e+00  3.548607e+01
     vertex  1.561047e+01  0.000000e+00  3.552771e+01
   endloop
 endfacet
 facet normal -9.568158e-01  0.000000e+00 -2.906949e-01
   outer loop
     vertex  1.563714e+01  8.000000e+00  3.544407e+01
     vertex  1.562438e+01  0.000000e+00  3.548607e+01
     vertex  1.562438e+01  8.000000e+00  3.548607e+01
   endloop
 endfacet
 facet normal -9.568158e-01 -0.000000e+00 -2.906949e-01
   outer loop
     vertex  1.563714e+01  8.000000e+00  3.544407e+01
     vertex  1.563714e+01  0.000000e+00  3.544407e+01
     vertex  1.562438e+01  0.000000e+00  3.548607e+01
   endloop
 endfacet
 facet normal -9.644306e-01 -0.000000e+00 -2.643362e-01
   outer loop
     vertex  1.563714e+01  8.000000e+00  3.544407e+01
     vertex  1.564875e+01  0.000000e+00  3.540173e+01
     vertex  1.563714e+01  0.000000e+00  3.544407e+01
   endloop
 endfacet
 facet normal -9.644306e-01 -0.000000e+00 -2.643362e-01
   outer loop
     vertex  1.564875e+01  8.000000e+00  3.540173e+01
     vertex  1.564875e+01  0.000000e+00  3.540173e+01
     vertex  1.563714e+01  8.000000e+00  3.544407e+01
   endloop
 endfacet
 facet normal -9.713194e-01  0.000000e+00 -2.377784e-01
   outer loop
     vertex  1.565918e+01  8.000000e+00  3.535909e+01
     vertex  1.564875e+01  0.000000e+00  3.540173e+01
     vertex  1.564875e+01  8.000000e+00  3.540173e+01
   endloop
 endfacet
 facet normal -9.713194e-01 -0.000000e+00 -2.377784e-01
   outer loop
     vertex  1.565918e+01  8.000000e+00  3.535909e+01
     vertex  1.565918e+01  0.000000e+00  3.535909e+01
     vertex  1.564875e+01  0.000000e+00  3.540173e+01
   endloop
 endfacet
 facet normal -9.774771e-01  0.000000e+00 -2.110417e-01
   outer loop
     vertex  1.566845e+01  8.000000e+00  3.531618e+01
     vertex  1.565918e+01  0.000000e+00  3.535909e+01
     vertex  1.565918e+01  8.000000e+00  3.535909e+01
   endloop
 endfacet
 facet normal -9.774771e-01 -0.000000e+00 -2.110417e-01
   outer loop
     vertex  1.566845e+01  8.000000e+00  3.531618e+01
     vertex  1.566845e+01  0.000000e+00  3.531618e+01
     vertex  1.565918e+01  0.000000e+00  3.535909e+01
   endloop
 endfacet
 facet normal -9.828989e-01  0.000000e+00 -1.841461e-01
   outer loop
     vertex  1.567653e+01  8.000000e+00  3.527303e+01
     vertex  1.566845e+01  0.000000e+00  3.531618e+01
     vertex  1.566845e+01  8.000000e+00  3.531618e+01
   endloop
 endfacet
 facet normal -9.828989e-01 -0.000000e+00 -1.841461e-01
   outer loop
     vertex  1.567653e+01  8.000000e+00  3.527303e+01
     vertex  1.567653e+01  0.000000e+00  3.527303e+01
     vertex  1.566845e+01  0.000000e+00  3.531618e+01
   endloop
 endfacet
 facet normal -9.875808e-01 -0.000000e+00 -1.571119e-01
   outer loop
     vertex  1.567653e+01  8.000000e+00  3.527303e+01
     vertex  1.568343e+01  0.000000e+00  3.522968e+01
     vertex  1.567653e+01  0.000000e+00  3.527303e+01
   endloop
 endfacet
 facet normal -9.875808e-01 -0.000000e+00 -1.571119e-01
   outer loop
     vertex  1.568343e+01  8.000000e+00  3.522968e+01
     vertex  1.568343e+01  0.000000e+00  3.522968e+01
     vertex  1.567653e+01  8.000000e+00  3.527303e+01
   endloop
 endfacet
 facet normal -9.915193e-01  0.000000e+00 -1.299594e-01
   outer loop
     vertex  1.568913e+01  8.000000e+00  3.518615e+01
     vertex  1.568343e+01  0.000000e+00  3.522968e+01
     vertex  1.568343e+01  8.000000e+00  3.522968e+01
   endloop
 endfacet
 facet normal -9.915193e-01 -0.000000e+00 -1.299594e-01
   outer loop
     vertex  1.568913e+01  8.000000e+00  3.518615e+01
     vertex  1.568913e+01  0.000000e+00  3.518615e+01
     vertex  1.568343e+01  0.000000e+00  3.522968e+01
   endloop
 endfacet
 facet normal -9.947114e-01  0.000000e+00 -1.027091e-01
   outer loop
     vertex  1.569364e+01  8.000000e+00  3.514249e+01
     vertex  1.568913e+01  0.000000e+00  3.518615e+01
     vertex  1.568913e+01  8.000000e+00  3.518615e+01
   endloop
 endfacet
 facet normal -9.947114e-01 -0.000000e+00 -1.027091e-01
   outer loop
     vertex  1.569364e+01  8.000000e+00  3.514249e+01
     vertex  1.569364e+01  0.000000e+00  3.514249e+01
     vertex  1.568913e+01  0.000000e+00  3.518615e+01
   endloop
 endfacet
 facet normal -9.971548e-01  0.000000e+00 -7.538152e-02
   outer loop
     vertex  1.569695e+01  8.000000e+00  3.509871e+01
     vertex  1.569364e+01  0.000000e+00  3.514249e+01
     vertex  1.569364e+01  8.000000e+00  3.514249e+01
   endloop
 endfacet
 facet normal -9.971548e-01 -0.000000e+00 -7.538152e-02
   outer loop
     vertex  1.569695e+01  8.000000e+00  3.509871e+01
     vertex  1.569695e+01  0.000000e+00  3.509871e+01
     vertex  1.569364e+01  0.000000e+00  3.514249e+01
   endloop
 endfacet
 facet normal -9.988475e-01  0.000000e+00 -4.799716e-02
   outer loop
     vertex  1.569906e+01  8.000000e+00  3.505486e+01
     vertex  1.569695e+01  0.000000e+00  3.509871e+01
     vertex  1.569695e+01  8.000000e+00  3.509871e+01
   endloop
 endfacet
 facet normal -9.988475e-01 -0.000000e+00 -4.799716e-02
   outer loop
     vertex  1.569906e+01  8.000000e+00  3.505486e+01
     vertex  1.569906e+01  0.000000e+00  3.505486e+01
     vertex  1.569695e+01  0.000000e+00  3.509871e+01
   endloop
 endfacet
 facet normal -9.997883e-01 -0.000000e+00 -2.057667e-02
   outer loop
     vertex  1.569996e+01  8.000000e+00  3.501097e+01
     vertex  1.569996e+01  0.000000e+00  3.501097e+01
     vertex  1.569906e+01  0.000000e+00  3.505486e+01
   endloop
 endfacet
 facet normal -9.997883e-01  0.000000e+00 -2.057667e-02
   outer loop
     vertex  1.569996e+01  8.000000e+00  3.501097e+01
     vertex  1.569906e+01  0.000000e+00  3.505486e+01
     vertex  1.569906e+01  8.000000e+00  3.505486e+01
   endloop
 endfacet
 facet normal -9.999765e-01  0.000000e+00  6.859319e-03
   outer loop
     vertex  1.569966e+01  8.000000e+00  3.496708e+01
     vertex  1.569966e+01  0.000000e+00  3.496708e+01
     vertex  1.569996e+01  0.000000e+00  3.501097e+01
   endloop
 endfacet
 facet normal -9.999765e-01  0.000000e+00  6.859319e-03
   outer loop
     vertex  1.569966e+01  8.000000e+00  3.496708e+01
     vertex  1.569996e+01  0.000000e+00  3.501097e+01
     vertex  1.569996e+01  8.000000e+00  3.501097e+01
   endloop
 endfacet
 facet normal -9.994119e-01  0.000000e+00  3.429014e-02
   outer loop
     vertex  1.569816e+01  8.000000e+00  3.492320e+01
     vertex  1.569816e+01  0.000000e+00  3.492320e+01
     vertex  1.569966e+01  0.000000e+00  3.496708e+01
   endloop
 endfacet
 facet normal -9.994119e-01  0.000000e+00  3.429014e-02
   outer loop
     vertex  1.569816e+01  8.000000e+00  3.492320e+01
     vertex  1.569966e+01  0.000000e+00  3.496708e+01
     vertex  1.569966e+01  8.000000e+00  3.496708e+01
   endloop
 endfacet
 facet normal -9.980950e-01  0.000000e+00  6.169515e-02
   outer loop
     vertex  1.569545e+01  8.000000e+00  3.487939e+01
     vertex  1.569545e+01  0.000000e+00  3.487939e+01
     vertex  1.569816e+01  0.000000e+00  3.492320e+01
   endloop
 endfacet
 facet normal -9.960268e-01  0.000000e+00  8.905371e-02
   outer loop
     vertex  1.569545e+01  8.000000e+00  3.487939e+01
     vertex  1.569154e+01  0.000000e+00  3.483567e+01
     vertex  1.569545e+01  0.000000e+00  3.487939e+01
   endloop
 endfacet
 facet normal -9.980950e-01  0.000000e+00  6.169515e-02
   outer loop
     vertex  1.569545e+01  8.000000e+00  3.487939e+01
     vertex  1.569816e+01  0.000000e+00  3.492320e+01
     vertex  1.569816e+01  8.000000e+00  3.492320e+01
   endloop
 endfacet
 facet normal -9.960268e-01  0.000000e+00  8.905371e-02
   outer loop
     vertex  1.569154e+01  8.000000e+00  3.483567e+01
     vertex  1.569154e+01  0.000000e+00  3.483567e+01
     vertex  1.569545e+01  8.000000e+00  3.487939e+01
   endloop
 endfacet
 facet normal -9.932088e-01  0.000000e+00  1.163452e-01
   outer loop
     vertex  1.569154e+01  8.000000e+00  3.483567e+01
     vertex  1.568643e+01  0.000000e+00  3.479206e+01
     vertex  1.569154e+01  0.000000e+00  3.483567e+01
   endloop
 endfacet
 facet normal -9.932088e-01  0.000000e+00  1.163452e-01
   outer loop
     vertex  1.568643e+01  8.000000e+00  3.479206e+01
     vertex  1.568643e+01  0.000000e+00  3.479206e+01
     vertex  1.569154e+01  8.000000e+00  3.483567e+01
   endloop
 endfacet
 facet normal -9.896432e-01  0.000000e+00  1.435492e-01
   outer loop
     vertex  1.568013e+01  8.000000e+00  3.474862e+01
     vertex  1.568643e+01  0.000000e+00  3.479206e+01
     vertex  1.568643e+01  8.000000e+00  3.479206e+01
   endloop
 endfacet
 facet normal -9.896432e-01  0.000000e+00  1.435492e-01
   outer loop
     vertex  1.568013e+01  8.000000e+00  3.474862e+01
     vertex  1.568013e+01  0.000000e+00  3.474862e+01
     vertex  1.568643e+01  0.000000e+00  3.479206e+01
   endloop
 endfacet
 facet normal -9.853326e-01  0.000000e+00  1.706451e-01
   outer loop
     vertex  1.567264e+01  8.000000e+00  3.470537e+01
     vertex  1.568013e+01  0.000000e+00  3.474862e+01
     vertex  1.568013e+01  8.000000e+00  3.474862e+01
   endloop
 endfacet
 facet normal -9.853326e-01  0.000000e+00  1.706451e-01
   outer loop
     vertex  1.567264e+01  8.000000e+00  3.470537e+01
     vertex  1.567264e+01  0.000000e+00  3.470537e+01
     vertex  1.568013e+01  0.000000e+00  3.474862e+01
   endloop
 endfacet
 facet normal -9.802802e-01  0.000000e+00  1.976125e-01
   outer loop
     vertex  1.567264e+01  8.000000e+00  3.470537e+01
     vertex  1.566396e+01  0.000000e+00  3.466233e+01
     vertex  1.567264e+01  0.000000e+00  3.470537e+01
   endloop
 endfacet
 facet normal -9.802802e-01  0.000000e+00  1.976125e-01
   outer loop
     vertex  1.566396e+01  8.000000e+00  3.466233e+01
     vertex  1.566396e+01  0.000000e+00  3.466233e+01
     vertex  1.567264e+01  8.000000e+00  3.470537e+01
   endloop
 endfacet
 facet normal -9.744899e-01  0.000000e+00  2.244312e-01
   outer loop
     vertex  1.565411e+01  8.000000e+00  3.461955e+01
     vertex  1.566396e+01  0.000000e+00  3.466233e+01
     vertex  1.566396e+01  8.000000e+00  3.466233e+01
   endloop
 endfacet
 facet normal -9.744899e-01  0.000000e+00  2.244312e-01
   outer loop
     vertex  1.565411e+01  8.000000e+00  3.461955e+01
     vertex  1.565411e+01  0.000000e+00  3.461955e+01
     vertex  1.566396e+01  0.000000e+00  3.466233e+01
   endloop
 endfacet
 facet normal -9.679661e-01  0.000000e+00  2.510809e-01
   outer loop
     vertex  1.564309e+01  8.000000e+00  3.457706e+01
     vertex  1.565411e+01  0.000000e+00  3.461955e+01
     vertex  1.565411e+01  8.000000e+00  3.461955e+01
   endloop
 endfacet
 facet normal -9.679661e-01  0.000000e+00  2.510809e-01
   outer loop
     vertex  1.564309e+01  8.000000e+00  3.457706e+01
     vertex  1.564309e+01  0.000000e+00  3.457706e+01
     vertex  1.565411e+01  0.000000e+00  3.461955e+01
   endloop
 endfacet
 facet normal -9.607136e-01  0.000000e+00  2.775416e-01
   outer loop
     vertex  1.564309e+01  8.000000e+00  3.457706e+01
     vertex  1.563091e+01  0.000000e+00  3.453489e+01
     vertex  1.564309e+01  0.000000e+00  3.457706e+01
   endloop
 endfacet
 facet normal -9.607136e-01  0.000000e+00  2.775416e-01
   outer loop
     vertex  1.563091e+01  8.000000e+00  3.453489e+01
     vertex  1.563091e+01  0.000000e+00  3.453489e+01
     vertex  1.564309e+01  8.000000e+00  3.457706e+01
   endloop
 endfacet
 facet normal -9.527379e-01  0.000000e+00  3.037934e-01
   outer loop
     vertex  1.561757e+01  8.000000e+00  3.449306e+01
     vertex  1.563091e+01  0.000000e+00  3.453489e+01
     vertex  1.563091e+01  8.000000e+00  3.453489e+01
   endloop
 endfacet
 facet normal -9.527379e-01  0.000000e+00  3.037934e-01
   outer loop
     vertex  1.561757e+01  8.000000e+00  3.449306e+01
     vertex  1.561757e+01  0.000000e+00  3.449306e+01
     vertex  1.563091e+01  0.000000e+00  3.453489e+01
   endloop
 endfacet
 facet normal -9.440450e-01  0.000000e+00  3.298166e-01
   outer loop
     vertex  1.560309e+01  8.000000e+00  3.445162e+01
     vertex  1.561757e+01  0.000000e+00  3.449306e+01
     vertex  1.561757e+01  8.000000e+00  3.449306e+01
   endloop
 endfacet
 facet normal -9.440450e-01  0.000000e+00  3.298166e-01
   outer loop
     vertex  1.560309e+01  8.000000e+00  3.445162e+01
     vertex  1.560309e+01  0.000000e+00  3.445162e+01
     vertex  1.561757e+01  0.000000e+00  3.449306e+01
   endloop
 endfacet
 facet normal -9.346415e-01  0.000000e+00  3.555914e-01
   outer loop
     vertex  1.558748e+01  8.000000e+00  3.441059e+01
     vertex  1.560309e+01  0.000000e+00  3.445162e+01
     vertex  1.560309e+01  8.000000e+00  3.445162e+01
   endloop
 endfacet
 facet normal -9.346415e-01  0.000000e+00  3.555914e-01
   outer loop
     vertex  1.558748e+01  8.000000e+00  3.441059e+01
     vertex  1.558748e+01  0.000000e+00  3.441059e+01
     vertex  1.560309e+01  0.000000e+00  3.445162e+01
   endloop
 endfacet
 facet normal -9.245344e-01  0.000000e+00  3.810986e-01
   outer loop
     vertex  1.558748e+01  8.000000e+00  3.441059e+01
     vertex  1.557075e+01  0.000000e+00  3.437001e+01
     vertex  1.558748e+01  0.000000e+00  3.441059e+01
   endloop
 endfacet
 facet normal -9.245344e-01  0.000000e+00  3.810986e-01
   outer loop
     vertex  1.557075e+01  8.000000e+00  3.437001e+01
     vertex  1.557075e+01  0.000000e+00  3.437001e+01
     vertex  1.558748e+01  8.000000e+00  3.441059e+01
   endloop
 endfacet
 facet normal -9.137314e-01  0.000000e+00  4.063188e-01
   outer loop
     vertex  1.555291e+01  8.000000e+00  3.432990e+01
     vertex  1.555291e+01  0.000000e+00  3.432990e+01
     vertex  1.557075e+01  0.000000e+00  3.437001e+01
   endloop
 endfacet
 facet normal -9.137314e-01  0.000000e+00  4.063188e-01
   outer loop
     vertex  1.555291e+01  8.000000e+00  3.432990e+01
     vertex  1.557075e+01  0.000000e+00  3.437001e+01
     vertex  1.557075e+01  8.000000e+00  3.437001e+01
   endloop
 endfacet
 facet normal -9.022405e-01  0.000000e+00  4.312333e-01
   outer loop
     vertex  1.553398e+01  8.000000e+00  3.429029e+01
     vertex  1.553398e+01  0.000000e+00  3.429029e+01
     vertex  1.555291e+01  0.000000e+00  3.432990e+01
   endloop
 endfacet
 facet normal -9.022405e-01  0.000000e+00  4.312333e-01
   outer loop
     vertex  1.553398e+01  8.000000e+00  3.429029e+01
     vertex  1.555291e+01  0.000000e+00  3.432990e+01
     vertex  1.555291e+01  8.000000e+00  3.432990e+01
   endloop
 endfacet
 facet normal -8.900704e-01  0.000000e+00  4.558231e-01
   outer loop
     vertex  1.551397e+01  8.000000e+00  3.425122e+01
     vertex  1.551397e+01  0.000000e+00  3.425122e+01
     vertex  1.553398e+01  0.000000e+00  3.429029e+01
   endloop
 endfacet
 facet normal -8.772303e-01  0.000000e+00  4.800697e-01
   outer loop
     vertex  1.551397e+01  8.000000e+00  3.425122e+01
     vertex  1.549290e+01  0.000000e+00  3.421271e+01
     vertex  1.551397e+01  0.000000e+00  3.425122e+01
   endloop
 endfacet
 facet normal -8.900704e-01  0.000000e+00  4.558231e-01
   outer loop
     vertex  1.551397e+01  8.000000e+00  3.425122e+01
     vertex  1.553398e+01  0.000000e+00  3.429029e+01
     vertex  1.553398e+01  8.000000e+00  3.429029e+01
   endloop
 endfacet
 facet normal -8.637299e-01  0.000000e+00  5.039550e-01
   outer loop
     vertex  1.549290e+01  8.000000e+00  3.421271e+01
     vertex  1.547078e+01  0.000000e+00  3.417479e+01
     vertex  1.549290e+01  0.000000e+00  3.421271e+01
   endloop
 endfacet
 facet normal -8.772303e-01  0.000000e+00  4.800697e-01
   outer loop
     vertex  1.549290e+01  8.000000e+00  3.421271e+01
     vertex  1.549290e+01  0.000000e+00  3.421271e+01
     vertex  1.551397e+01  8.000000e+00  3.425122e+01
   endloop
 endfacet
 facet normal -8.637299e-01  0.000000e+00  5.039550e-01
   outer loop
     vertex  1.547078e+01  8.000000e+00  3.417479e+01
     vertex  1.547078e+01  0.000000e+00  3.417479e+01
     vertex  1.549290e+01  8.000000e+00  3.421271e+01
   endloop
 endfacet
 facet normal -8.495793e-01  0.000000e+00  5.274609e-01
   outer loop
     vertex  1.544762e+01  8.000000e+00  3.413749e+01
     vertex  1.544762e+01  0.000000e+00  3.413749e+01
     vertex  1.547078e+01  0.000000e+00  3.417479e+01
   endloop
 endfacet
 facet normal -8.347891e-01  0.000000e+00  5.505698e-01
   outer loop
     vertex  1.544762e+01  8.000000e+00  3.413749e+01
     vertex  1.542345e+01  0.000000e+00  3.410085e+01
     vertex  1.544762e+01  0.000000e+00  3.413749e+01
   endloop
 endfacet
 facet normal -8.495793e-01  0.000000e+00  5.274609e-01
   outer loop
     vertex  1.544762e+01  8.000000e+00  3.413749e+01
     vertex  1.547078e+01  0.000000e+00  3.417479e+01
     vertex  1.547078e+01  8.000000e+00  3.417479e+01
   endloop
 endfacet
 facet normal -8.347891e-01  0.000000e+00  5.505698e-01
   outer loop
     vertex  1.542345e+01  8.000000e+00  3.410085e+01
     vertex  1.542345e+01  0.000000e+00  3.410085e+01
     vertex  1.544762e+01  8.000000e+00  3.413749e+01
   endloop
 endfacet
 facet normal -8.193706e-01  0.000000e+00  5.732642e-01
   outer loop
     vertex  1.539829e+01  8.000000e+00  3.406488e+01
     vertex  1.539829e+01  0.000000e+00  3.406488e+01
     vertex  1.542345e+01  0.000000e+00  3.410085e+01
   endloop
 endfacet
 facet normal -8.193706e-01  0.000000e+00  5.732642e-01
   outer loop
     vertex  1.539829e+01  8.000000e+00  3.406488e+01
     vertex  1.542345e+01  0.000000e+00  3.410085e+01
     vertex  1.542345e+01  8.000000e+00  3.410085e+01
   endloop
 endfacet
 facet normal -8.033352e-01  0.000000e+00  5.955271e-01
   outer loop
     vertex  1.537214e+01  8.000000e+00  3.402961e+01
     vertex  1.537214e+01  0.000000e+00  3.402961e+01
     vertex  1.539829e+01  0.000000e+00  3.406488e+01
   endloop
 endfacet
 facet normal -8.033352e-01  0.000000e+00  5.955271e-01
   outer loop
     vertex  1.537214e+01  8.000000e+00  3.402961e+01
     vertex  1.539829e+01  0.000000e+00  3.406488e+01
     vertex  1.539829e+01  8.000000e+00  3.406488e+01
   endloop
 endfacet
 facet normal -7.866951e-01  0.000000e+00  6.173417e-01
   outer loop
     vertex  1.534504e+01  8.000000e+00  3.399508e+01
     vertex  1.534504e+01  0.000000e+00  3.399508e+01
     vertex  1.537214e+01  0.000000e+00  3.402961e+01
   endloop
 endfacet
 facet normal -7.694628e-01  0.000000e+00  6.386916e-01
   outer loop
     vertex  1.534504e+01  8.000000e+00  3.399508e+01
     vertex  1.531701e+01  0.000000e+00  3.396130e+01
     vertex  1.534504e+01  0.000000e+00  3.399508e+01
   endloop
 endfacet
 facet normal -7.866951e-01  0.000000e+00  6.173417e-01
   outer loop
     vertex  1.534504e+01  8.000000e+00  3.399508e+01
     vertex  1.537214e+01  0.000000e+00  3.402961e+01
     vertex  1.537214e+01  8.000000e+00  3.402961e+01
   endloop
 endfacet
 facet normal -7.516513e-01  0.000000e+00  6.595607e-01
   outer loop
     vertex  1.531701e+01  8.000000e+00  3.396130e+01
     vertex  1.528805e+01  0.000000e+00  3.392830e+01
     vertex  1.531701e+01  0.000000e+00  3.396130e+01
   endloop
 endfacet
 facet normal -7.694628e-01  0.000000e+00  6.386916e-01
   outer loop
     vertex  1.531701e+01  8.000000e+00  3.396130e+01
     vertex  1.531701e+01  0.000000e+00  3.396130e+01
     vertex  1.534504e+01  8.000000e+00  3.399508e+01
   endloop
 endfacet
 facet normal -7.332740e-01  0.000000e+00  6.799333e-01
   outer loop
     vertex  1.528805e+01  8.000000e+00  3.392830e+01
     vertex  1.525820e+01  0.000000e+00  3.389611e+01
     vertex  1.528805e+01  0.000000e+00  3.392830e+01
   endloop
 endfacet
 facet normal -7.516513e-01  0.000000e+00  6.595607e-01
   outer loop
     vertex  1.528805e+01  8.000000e+00  3.392830e+01
     vertex  1.528805e+01  0.000000e+00  3.392830e+01
     vertex  1.531701e+01  8.000000e+00  3.396130e+01
   endloop
 endfacet
 facet normal -7.332740e-01  0.000000e+00  6.799333e-01
   outer loop
     vertex  1.525820e+01  8.000000e+00  3.389611e+01
     vertex  1.525820e+01  0.000000e+00  3.389611e+01
     vertex  1.528805e+01  8.000000e+00  3.392830e+01
   endloop
 endfacet
 facet normal -7.143447e-01  0.000000e+00  6.997940e-01
   outer loop
     vertex  1.522748e+01  8.000000e+00  3.386476e+01
     vertex  1.522748e+01  0.000000e+00  3.386476e+01
     vertex  1.525820e+01  0.000000e+00  3.389611e+01
   endloop
 endfacet
 facet normal -6.948776e-01  0.000000e+00  7.191280e-01
   outer loop
     vertex  1.522748e+01  8.000000e+00  3.386476e+01
     vertex  1.519592e+01  0.000000e+00  3.383425e+01
     vertex  1.522748e+01  0.000000e+00  3.386476e+01
   endloop
 endfacet
 facet normal -7.143447e-01  0.000000e+00  6.997940e-01
   outer loop
     vertex  1.522748e+01  8.000000e+00  3.386476e+01
     vertex  1.525820e+01  0.000000e+00  3.389611e+01
     vertex  1.525820e+01  8.000000e+00  3.389611e+01
   endloop
 endfacet
 facet normal -6.948776e-01  0.000000e+00  7.191280e-01
   outer loop
     vertex  1.519592e+01  8.000000e+00  3.383425e+01
     vertex  1.519592e+01  0.000000e+00  3.383425e+01
     vertex  1.522748e+01  8.000000e+00  3.386476e+01
   endloop
 endfacet
 facet normal -6.748875e-01  0.000000e+00  7.379206e-01
   outer loop
     vertex  1.516352e+01  8.000000e+00  3.380462e+01
     vertex  1.519592e+01  0.000000e+00  3.383425e+01
     vertex  1.519592e+01  8.000000e+00  3.383425e+01
   endloop
 endfacet
 facet normal -6.748875e-01  0.000000e+00  7.379206e-01
   outer loop
     vertex  1.516352e+01  8.000000e+00  3.380462e+01
     vertex  1.516352e+01  0.000000e+00  3.380462e+01
     vertex  1.519592e+01  0.000000e+00  3.383425e+01
   endloop
 endfacet
 facet normal -6.543893e-01  0.000000e+00  7.561578e-01
   outer loop
     vertex  1.516352e+01  8.000000e+00  3.380462e+01
     vertex  1.513033e+01  0.000000e+00  3.377590e+01
     vertex  1.516352e+01  0.000000e+00  3.380462e+01
   endloop
 endfacet
 facet normal -6.543893e-01  0.000000e+00  7.561578e-01
   outer loop
     vertex  1.513033e+01  8.000000e+00  3.377590e+01
     vertex  1.513033e+01  0.000000e+00  3.377590e+01
     vertex  1.516352e+01  8.000000e+00  3.380462e+01
   endloop
 endfacet
 facet normal -6.333986e-01  0.000000e+00  7.738257e-01
   outer loop
     vertex  1.509636e+01  8.000000e+00  3.374809e+01
     vertex  1.509636e+01  0.000000e+00  3.374809e+01
     vertex  1.513033e+01  0.000000e+00  3.377590e+01
   endloop
 endfacet
 facet normal -6.119310e-01  0.000000e+00  7.909112e-01
   outer loop
     vertex  1.509636e+01  8.000000e+00  3.374809e+01
     vertex  1.506164e+01  0.000000e+00  3.372123e+01
     vertex  1.509636e+01  0.000000e+00  3.374809e+01
   endloop
 endfacet
 facet normal -6.333986e-01  0.000000e+00  7.738257e-01
   outer loop
     vertex  1.509636e+01  8.000000e+00  3.374809e+01
     vertex  1.513033e+01  0.000000e+00  3.377590e+01
     vertex  1.513033e+01  8.000000e+00  3.377590e+01
   endloop
 endfacet
 facet normal -6.119310e-01  0.000000e+00  7.909112e-01
   outer loop
     vertex  1.506164e+01  8.000000e+00  3.372123e+01
     vertex  1.506164e+01  0.000000e+00  3.372123e+01
     vertex  1.509636e+01  8.000000e+00  3.374809e+01
   endloop
 endfacet
 facet normal -5.900028e-01  0.000000e+00  8.074012e-01
   outer loop
     vertex  1.502619e+01  8.000000e+00  3.369533e+01
     vertex  1.502619e+01  0.000000e+00  3.369533e+01
     vertex  1.506164e+01  0.000000e+00  3.372123e+01
   endloop
 endfacet
 facet normal -5.676304e-01  0.000000e+00  8.232835e-01
   outer loop
     vertex  1.502619e+01  8.000000e+00  3.369533e+01
     vertex  1.499005e+01  0.000000e+00  3.367041e+01
     vertex  1.502619e+01  0.000000e+00  3.369533e+01
   endloop
 endfacet
 facet normal -5.900028e-01  0.000000e+00  8.074012e-01
   outer loop
     vertex  1.502619e+01  8.000000e+00  3.369533e+01
     vertex  1.506164e+01  0.000000e+00  3.372123e+01
     vertex  1.506164e+01  8.000000e+00  3.372123e+01
   endloop
 endfacet
 facet normal -5.676304e-01  0.000000e+00  8.232835e-01
   outer loop
     vertex  1.499005e+01  8.000000e+00  3.367041e+01
     vertex  1.499005e+01  0.000000e+00  3.367041e+01
     vertex  1.502619e+01  8.000000e+00  3.369533e+01
   endloop
 endfacet
 facet normal -5.448308e-01  0.000000e+00  8.385460e-01
   outer loop
     vertex  1.495324e+01  8.000000e+00  3.364649e+01
     vertex  1.495324e+01  0.000000e+00  3.364649e+01
     vertex  1.499005e+01  0.000000e+00  3.367041e+01
   endloop
 endfacet
 facet normal -5.448308e-01  0.000000e+00  8.385460e-01
   outer loop
     vertex  1.495324e+01  8.000000e+00  3.364649e+01
     vertex  1.499005e+01  0.000000e+00  3.367041e+01
     vertex  1.499005e+01  8.000000e+00  3.367041e+01
   endloop
 endfacet
 facet normal -5.216210e-01  0.000000e+00  8.531773e-01
   outer loop
     vertex  1.491579e+01  8.000000e+00  3.362360e+01
     vertex  1.491579e+01  0.000000e+00  3.362360e+01
     vertex  1.495324e+01  0.000000e+00  3.364649e+01
   endloop
 endfacet
 facet normal -5.216210e-01  0.000000e+00  8.531773e-01
   outer loop
     vertex  1.491579e+01  8.000000e+00  3.362360e+01
     vertex  1.495324e+01  0.000000e+00  3.364649e+01
     vertex  1.495324e+01  8.000000e+00  3.364649e+01
   endloop
 endfacet
 facet normal -4.980186e-01  0.000000e+00  8.671664e-01
   outer loop
     vertex  1.487772e+01  8.000000e+00  3.360173e+01
     vertex  1.487772e+01  0.000000e+00  3.360173e+01
     vertex  1.491579e+01  0.000000e+00  3.362360e+01
   endloop
 endfacet
 facet normal -4.740412e-01  0.000000e+00  8.805026e-01
   outer loop
     vertex  1.487772e+01  8.000000e+00  3.360173e+01
     vertex  1.483907e+01  0.000000e+00  3.358092e+01
     vertex  1.487772e+01  0.000000e+00  3.360173e+01
   endloop
 endfacet
 facet normal -4.980186e-01  0.000000e+00  8.671664e-01
   outer loop
     vertex  1.487772e+01  8.000000e+00  3.360173e+01
     vertex  1.491579e+01  0.000000e+00  3.362360e+01
     vertex  1.491579e+01  8.000000e+00  3.362360e+01
   endloop
 endfacet
 facet normal -4.497071e-01  0.000000e+00  8.931761e-01
   outer loop
     vertex  1.483907e+01  8.000000e+00  3.358092e+01
     vertex  1.479986e+01  0.000000e+00  3.356118e+01
     vertex  1.483907e+01  0.000000e+00  3.358092e+01
   endloop
 endfacet
 facet normal -4.740412e-01  0.000000e+00  8.805026e-01
   outer loop
     vertex  1.483907e+01  8.000000e+00  3.358092e+01
     vertex  1.483907e+01  0.000000e+00  3.358092e+01
     vertex  1.487772e+01  8.000000e+00  3.360173e+01
   endloop
 endfacet
 facet normal -4.497071e-01  0.000000e+00  8.931761e-01
   outer loop
     vertex  1.479986e+01  8.000000e+00  3.356118e+01
     vertex  1.479986e+01  0.000000e+00  3.356118e+01
     vertex  1.483907e+01  8.000000e+00  3.358092e+01
   endloop
 endfacet
 facet normal -4.250344e-01  0.000000e+00  9.051772e-01
   outer loop
     vertex  1.476012e+01  8.000000e+00  3.354252e+01
     vertex  1.476012e+01  0.000000e+00  3.354252e+01
     vertex  1.479986e+01  0.000000e+00  3.356118e+01
   endloop
 endfacet
 facet normal -4.250344e-01  0.000000e+00  9.051772e-01
   outer loop
     vertex  1.476012e+01  8.000000e+00  3.354252e+01
     vertex  1.479986e+01  0.000000e+00  3.356118e+01
     vertex  1.479986e+01  8.000000e+00  3.356118e+01
   endloop
 endfacet
 facet normal -4.000417e-01  0.000000e+00  9.164969e-01
   outer loop
     vertex  1.471989e+01  8.000000e+00  3.352496e+01
     vertex  1.471989e+01  0.000000e+00  3.352496e+01
     vertex  1.476012e+01  0.000000e+00  3.354252e+01
   endloop
 endfacet
 facet normal -4.000417e-01  0.000000e+00  9.164969e-01
   outer loop
     vertex  1.471989e+01  8.000000e+00  3.352496e+01
     vertex  1.476012e+01  0.000000e+00  3.354252e+01
     vertex  1.476012e+01  8.000000e+00  3.354252e+01
   endloop
 endfacet
 facet normal -3.747479e-01  0.000000e+00  9.271267e-01
   outer loop
     vertex  1.467919e+01  8.000000e+00  3.350851e+01
     vertex  1.467919e+01  0.000000e+00  3.350851e+01
     vertex  1.471989e+01  0.000000e+00  3.352496e+01
   endloop
 endfacet
 facet normal -3.491720e-01  0.000000e+00  9.370586e-01
   outer loop
     vertex  1.467919e+01  8.000000e+00  3.350851e+01
     vertex  1.463805e+01  0.000000e+00  3.349318e+01
     vertex  1.467919e+01  0.000000e+00  3.350851e+01
   endloop
 endfacet
 facet normal -3.747479e-01  0.000000e+00  9.271267e-01
   outer loop
     vertex  1.467919e+01  8.000000e+00  3.350851e+01
     vertex  1.471989e+01  0.000000e+00  3.352496e+01
     vertex  1.471989e+01  8.000000e+00  3.352496e+01
   endloop
 endfacet
 facet normal -3.491720e-01  0.000000e+00  9.370586e-01
   outer loop
     vertex  1.463805e+01  8.000000e+00  3.349318e+01
     vertex  1.463805e+01  0.000000e+00  3.349318e+01
     vertex  1.467919e+01  8.000000e+00  3.350851e+01
   endloop
 endfacet
 facet normal -3.233333e-01  0.000000e+00  9.462851e-01
   outer loop
     vertex  1.459651e+01  8.000000e+00  3.347899e+01
     vertex  1.459651e+01  0.000000e+00  3.347899e+01
     vertex  1.463805e+01  0.000000e+00  3.349318e+01
   endloop
 endfacet
 facet normal -3.233333e-01  0.000000e+00  9.462851e-01
   outer loop
     vertex  1.459651e+01  8.000000e+00  3.347899e+01
     vertex  1.463805e+01  0.000000e+00  3.349318e+01
     vertex  1.463805e+01  8.000000e+00  3.349318e+01
   endloop
 endfacet
 facet normal -2.972512e-01  0.000000e+00  9.547993e-01
   outer loop
     vertex  1.455460e+01  8.000000e+00  3.346594e+01
     vertex  1.455460e+01  0.000000e+00  3.346594e+01
     vertex  1.459651e+01  0.000000e+00  3.347899e+01
   endloop
 endfacet
 facet normal -2.972512e-01  0.000000e+00  9.547993e-01
   outer loop
     vertex  1.455460e+01  8.000000e+00  3.346594e+01
     vertex  1.459651e+01  0.000000e+00  3.347899e+01
     vertex  1.459651e+01  8.000000e+00  3.347899e+01
   endloop
 endfacet
 facet normal -2.709453e-01  0.000000e+00  9.625948e-01
   outer loop
     vertex  1.451234e+01  8.000000e+00  3.345405e+01
     vertex  1.451234e+01  0.000000e+00  3.345405e+01
     vertex  1.455460e+01  0.000000e+00  3.346594e+01
   endloop
 endfacet
 facet normal -2.709453e-01  0.000000e+00  9.625948e-01
   outer loop
     vertex  1.451234e+01  8.000000e+00  3.345405e+01
     vertex  1.455460e+01  0.000000e+00  3.346594e+01
     vertex  1.455460e+01  8.000000e+00  3.346594e+01
   endloop
 endfacet
 facet normal -2.444354e-01  0.000000e+00  9.696656e-01
   outer loop
     vertex  1.446978e+01  8.000000e+00  3.344332e+01
     vertex  1.446978e+01  0.000000e+00  3.344332e+01
     vertex  1.451234e+01  0.000000e+00  3.345405e+01
   endloop
 endfacet
 facet normal -2.177416e-01  0.000000e+00  9.760065e-01
   outer loop
     vertex  1.446978e+01  8.000000e+00  3.344332e+01
     vertex  1.442693e+01  0.000000e+00  3.343376e+01
     vertex  1.446978e+01  0.000000e+00  3.344332e+01
   endloop
 endfacet
 facet normal -2.444354e-01  0.000000e+00  9.696656e-01
   outer loop
     vertex  1.446978e+01  8.000000e+00  3.344332e+01
     vertex  1.451234e+01  0.000000e+00  3.345405e+01
     vertex  1.451234e+01  8.000000e+00  3.345405e+01
   endloop
 endfacet
 facet normal -1.908838e-01  0.000000e+00  9.816126e-01
   outer loop
     vertex  1.442693e+01  8.000000e+00  3.343376e+01
     vertex  1.438384e+01  0.000000e+00  3.342538e+01
     vertex  1.442693e+01  0.000000e+00  3.343376e+01
   endloop
 endfacet
 facet normal -2.177416e-01  0.000000e+00  9.760065e-01
   outer loop
     vertex  1.442693e+01  8.000000e+00  3.343376e+01
     vertex  1.442693e+01  0.000000e+00  3.343376e+01
     vertex  1.446978e+01  8.000000e+00  3.344332e+01
   endloop
 endfacet
 facet normal -1.638824e-01  0.000000e+00  9.864799e-01
   outer loop
     vertex  1.438384e+01  8.000000e+00  3.342538e+01
     vertex  1.434053e+01  0.000000e+00  3.341818e+01
     vertex  1.438384e+01  0.000000e+00  3.342538e+01
   endloop
 endfacet
 facet normal -1.908838e-01  0.000000e+00  9.816126e-01
   outer loop
     vertex  1.438384e+01  8.000000e+00  3.342538e+01
     vertex  1.438384e+01  0.000000e+00  3.342538e+01
     vertex  1.442693e+01  8.000000e+00  3.343376e+01
   endloop
 endfacet
 facet normal -1.367575e-01  0.000000e+00  9.906046e-01
   outer loop
     vertex  1.434053e+01  8.000000e+00  3.341818e+01
     vertex  1.429705e+01  0.000000e+00  3.341218e+01
     vertex  1.434053e+01  0.000000e+00  3.341818e+01
   endloop
 endfacet
 facet normal -1.638824e-01  0.000000e+00  9.864799e-01
   outer loop
     vertex  1.434053e+01  8.000000e+00  3.341818e+01
     vertex  1.434053e+01  0.000000e+00  3.341818e+01
     vertex  1.438384e+01  8.000000e+00  3.342538e+01
   endloop
 endfacet
 facet normal -1.095298e-01  0.000000e+00  9.939835e-01
   outer loop
     vertex  1.429705e+01  8.000000e+00  3.341218e+01
     vertex  1.425341e+01  0.000000e+00  3.340737e+01
     vertex  1.429705e+01  0.000000e+00  3.341218e+01
   endloop
 endfacet
 facet normal -1.367575e-01  0.000000e+00  9.906046e-01
   outer loop
     vertex  1.429705e+01  8.000000e+00  3.341218e+01
     vertex  1.429705e+01  0.000000e+00  3.341218e+01
     vertex  1.434053e+01  8.000000e+00  3.341818e+01
   endloop
 endfacet
 facet normal -1.095298e-01  0.000000e+00  9.939835e-01
   outer loop
     vertex  1.425341e+01  8.000000e+00  3.340737e+01
     vertex  1.425341e+01  0.000000e+00  3.340737e+01
     vertex  1.429705e+01  8.000000e+00  3.341218e+01
   endloop
 endfacet
 facet normal -8.221955e-02  0.000000e+00  9.966142e-01
   outer loop
     vertex  1.420966e+01  8.000000e+00  3.340376e+01
     vertex  1.425341e+01  0.000000e+00  3.340737e+01
     vertex  1.425341e+01  8.000000e+00  3.340737e+01
   endloop
 endfacet
 facet normal -8.221955e-02  0.000000e+00  9.966142e-01
   outer loop
     vertex  1.420966e+01  8.000000e+00  3.340376e+01
     vertex  1.420966e+01  0.000000e+00  3.340376e+01
     vertex  1.425341e+01  0.000000e+00  3.340737e+01
   endloop
 endfacet
 facet normal -5.484744e-02  0.000000e+00  9.984947e-01
   outer loop
     vertex  1.420966e+01  8.000000e+00  3.340376e+01
     vertex  1.416583e+01  0.000000e+00  3.340135e+01
     vertex  1.420966e+01  0.000000e+00  3.340376e+01
   endloop
 endfacet
 facet normal -5.484744e-02  0.000000e+00  9.984947e-01
   outer loop
     vertex  1.416583e+01  8.000000e+00  3.340135e+01
     vertex  1.416583e+01  0.000000e+00  3.340135e+01
     vertex  1.420966e+01  8.000000e+00  3.340376e+01
   endloop
 endfacet
 facet normal -2.743405e-02  0.000000e+00  9.996236e-01
   outer loop
     vertex  1.416583e+01  8.000000e+00  3.340135e+01
     vertex  1.412195e+01  0.000000e+00  3.340015e+01
     vertex  1.416583e+01  0.000000e+00  3.340135e+01
   endloop
 endfacet
 facet normal -2.743405e-02  0.000000e+00  9.996236e-01
   outer loop
     vertex  1.412195e+01  8.000000e+00  3.340015e+01
     vertex  1.412195e+01  0.000000e+00  3.340015e+01
     vertex  1.416583e+01  8.000000e+00  3.340135e+01
   endloop
 endfacet
 facet normal -0.000000e+00  0.000000e+00  1.000000e+00
   outer loop
     vertex  1.407805e+01  8.000000e+00  3.340015e+01
     vertex  1.412195e+01  0.000000e+00  3.340015e+01
     vertex  1.412195e+01  8.000000e+00  3.340015e+01
   endloop
 endfacet
 facet normal  0.000000e+00  0.000000e+00  1.000000e+00
   outer loop
     vertex  1.407805e+01  8.000000e+00  3.340015e+01
     vertex  1.407805e+01  0.000000e+00  3.340015e+01
     vertex  1.412195e+01  0.000000e+00  3.340015e+01
   endloop
 endfacet
 facet normal  2.743405e-02  0.000000e+00  9.996236e-01
   outer loop
     vertex  1.407805e+01  8.000000e+00  3.340015e+01
     vertex  1.403417e+01  0.000000e+00  3.340135e+01
     vertex  1.407805e+01  0.000000e+00  3.340015e+01
   endloop
 endfacet
 facet normal  2.743405e-02  0.000000e+00  9.996236e-01
   outer loop
     vertex  1.403417e+01  8.000000e+00  3.340135e+01
     vertex  1.403417e+01  0.000000e+00  3.340135e+01
     vertex  1.407805e+01  8.000000e+00  3.340015e+01
   endloop
 endfacet
 facet normal  5.484744e-02  0.000000e+00  9.984947e-01
   outer loop
     vertex  1.399034e+01  8.000000e+00  3.340376e+01
     vertex  1.403417e+01  0.000000e+00  3.340135e+01
     vertex  1.403417e+01  8.000000e+00  3.340135e+01
   endloop
 endfacet
 facet normal  5.484744e-02  0.000000e+00  9.984947e-01
   outer loop
     vertex  1.399034e+01  8.000000e+00  3.340376e+01
     vertex  1.399034e+01  0.000000e+00  3.340376e+01
     vertex  1.403417e+01  0.000000e+00  3.340135e+01
   endloop
 endfacet
 facet normal  8.221955e-02  0.000000e+00  9.966142e-01
   outer loop
     vertex  1.399034e+01  8.000000e+00  3.340376e+01
     vertex  1.394659e+01  0.000000e+00  3.340737e+01
     vertex  1.399034e+01  0.000000e+00  3.340376e+01
   endloop
 endfacet
 facet normal  8.221955e-02  0.000000e+00  9.966142e-01
   outer loop
     vertex  1.394659e+01  8.000000e+00  3.340737e+01
     vertex  1.394659e+01  0.000000e+00  3.340737e+01
     vertex  1.399034e+01  8.000000e+00  3.340376e+01
   endloop
 endfacet
 facet normal  1.095298e-01  0.000000e+00  9.939835e-01
   outer loop
     vertex  1.390295e+01  8.000000e+00  3.341218e+01
     vertex  1.394659e+01  0.000000e+00  3.340737e+01
     vertex  1.394659e+01  8.000000e+00  3.340737e+01
   endloop
 endfacet
 facet normal  1.095298e-01  0.000000e+00  9.939835e-01
   outer loop
     vertex  1.390295e+01  8.000000e+00  3.341218e+01
     vertex  1.390295e+01  0.000000e+00  3.341218e+01
     vertex  1.394659e+01  0.000000e+00  3.340737e+01
   endloop
 endfacet
 facet normal  1.367575e-01  0.000000e+00  9.906046e-01
   outer loop
     vertex  1.390295e+01  8.000000e+00  3.341218e+01
     vertex  1.385947e+01  0.000000e+00  3.341818e+01
     vertex  1.390295e+01  0.000000e+00  3.341218e+01
   endloop
 endfacet
 facet normal  1.367575e-01  0.000000e+00  9.906046e-01
   outer loop
     vertex  1.385947e+01  8.000000e+00  3.341818e+01
     vertex  1.385947e+01  0.000000e+00  3.341818e+01
     vertex  1.390295e+01  8.000000e+00  3.341218e+01
   endloop
 endfacet
 facet normal  1.638824e-01  0.000000e+00  9.864799e-01
   outer loop
     vertex  1.381616e+01  8.000000e+00  3.342538e+01
     vertex  1.385947e+01  0.000000e+00  3.341818e+01
     vertex  1.385947e+01  8.000000e+00  3.341818e+01
   endloop
 endfacet
 facet normal  1.638824e-01  0.000000e+00  9.864799e-01
   outer loop
     vertex  1.381616e+01  8.000000e+00  3.342538e+01
     vertex  1.381616e+01  0.000000e+00  3.342538e+01
     vertex  1.385947e+01  0.000000e+00  3.341818e+01
   endloop
 endfacet
 facet normal  1.908838e-01  0.000000e+00  9.816126e-01
   outer loop
     vertex  1.377307e+01  8.000000e+00  3.343376e+01
     vertex  1.381616e+01  0.000000e+00  3.342538e+01
     vertex  1.381616e+01  8.000000e+00  3.342538e+01
   endloop
 endfacet
 facet normal  1.908838e-01  0.000000e+00  9.816126e-01
   outer loop
     vertex  1.377307e+01  8.000000e+00  3.343376e+01
     vertex  1.377307e+01  0.000000e+00  3.343376e+01
     vertex  1.381616e+01  0.000000e+00  3.342538e+01
   endloop
 endfacet
 facet normal  2.177416e-01  0.000000e+00  9.760065e-01
   outer loop
     vertex  1.373022e+01  8.000000e+00  3.344332e+01
     vertex  1.373022e+01  0.000000e+00  3.344332e+01
     vertex  1.377307e+01  0.000000e+00  3.343376e+01
   endloop
 endfacet
 facet normal  2.177416e-01  0.000000e+00  9.760065e-01
   outer loop
     vertex  1.373022e+01  8.000000e+00  3.344332e+01
     vertex  1.377307e+01  0.000000e+00  3.343376e+01
     vertex  1.377307e+01  8.000000e+00  3.343376e+01
   endloop
 endfacet
 facet normal  2.444354e-01  0.000000e+00  9.696656e-01
   outer loop
     vertex  1.373022e+01  8.000000e+00  3.344332e+01
     vertex  1.368766e+01  0.000000e+00  3.345405e+01
     vertex  1.373022e+01  0.000000e+00  3.344332e+01
   endloop
 endfacet
 facet normal  2.444354e-01  0.000000e+00  9.696656e-01
   outer loop
     vertex  1.368766e+01  8.000000e+00  3.345405e+01
     vertex  1.368766e+01  0.000000e+00  3.345405e+01
     vertex  1.373022e+01  8.000000e+00  3.344332e+01
   endloop
 endfacet
 facet normal  2.709453e-01  0.000000e+00  9.625948e-01
   outer loop
     vertex  1.364540e+01  8.000000e+00  3.346594e+01
     vertex  1.364540e+01  0.000000e+00  3.346594e+01
     vertex  1.368766e+01  0.000000e+00  3.345405e+01
   endloop
 endfacet
 facet normal  2.709453e-01  0.000000e+00  9.625948e-01
   outer loop
     vertex  1.364540e+01  8.000000e+00  3.346594e+01
     vertex  1.368766e+01  0.000000e+00  3.345405e+01
     vertex  1.368766e+01  8.000000e+00  3.345405e+01
   endloop
 endfacet
 facet normal  2.972512e-01  0.000000e+00  9.547993e-01
   outer loop
     vertex  1.360349e+01  8.000000e+00  3.347899e+01
     vertex  1.360349e+01  0.000000e+00  3.347899e+01
     vertex  1.364540e+01  0.000000e+00  3.346594e+01
   endloop
 endfacet
 facet normal  2.972512e-01  0.000000e+00  9.547993e-01
   outer loop
     vertex  1.360349e+01  8.000000e+00  3.347899e+01
     vertex  1.364540e+01  0.000000e+00  3.346594e+01
     vertex  1.364540e+01  8.000000e+00  3.346594e+01
   endloop
 endfacet
 facet normal  3.233333e-01  0.000000e+00  9.462851e-01
   outer loop
     vertex  1.356195e+01  8.000000e+00  3.349318e+01
     vertex  1.356195e+01  0.000000e+00  3.349318e+01
     vertex  1.360349e+01  0.000000e+00  3.347899e+01
   endloop
 endfacet
 facet normal  3.233333e-01  0.000000e+00  9.462851e-01
   outer loop
     vertex  1.356195e+01  8.000000e+00  3.349318e+01
     vertex  1.360349e+01  0.000000e+00  3.347899e+01
     vertex  1.360349e+01  8.000000e+00  3.347899e+01
   endloop
 endfacet
 facet normal  3.491720e-01  0.000000e+00  9.370586e-01
   outer loop
     vertex  1.352081e+01  8.000000e+00  3.350851e+01
     vertex  1.352081e+01  0.000000e+00  3.350851e+01
     vertex  1.356195e+01  0.000000e+00  3.349318e+01
   endloop
 endfacet
 facet normal  3.747479e-01  0.000000e+00  9.271267e-01
   outer loop
     vertex  1.352081e+01  8.000000e+00  3.350851e+01
     vertex  1.348011e+01  0.000000e+00  3.352496e+01
     vertex  1.352081e+01  0.000000e+00  3.350851e+01
   endloop
 endfacet
 facet normal  3.491720e-01  0.000000e+00  9.370586e-01
   outer loop
     vertex  1.352081e+01  8.000000e+00  3.350851e+01
     vertex  1.356195e+01  0.000000e+00  3.349318e+01
     vertex  1.356195e+01  8.000000e+00  3.349318e+01
   endloop
 endfacet
 facet normal  4.000417e-01  0.000000e+00  9.164969e-01
   outer loop
     vertex  1.348011e+01  8.000000e+00  3.352496e+01
     vertex  1.343988e+01  0.000000e+00  3.354252e+01
     vertex  1.348011e+01  0.000000e+00  3.352496e+01
   endloop
 endfacet
 facet normal  3.747479e-01  0.000000e+00  9.271267e-01
   outer loop
     vertex  1.348011e+01  8.000000e+00  3.352496e+01
     vertex  1.348011e+01  0.000000e+00  3.352496e+01
     vertex  1.352081e+01  8.000000e+00  3.350851e+01
   endloop
 endfacet
 facet normal  4.000417e-01  0.000000e+00  9.164969e-01
   outer loop
     vertex  1.343988e+01  8.000000e+00  3.354252e+01
     vertex  1.343988e+01  0.000000e+00  3.354252e+01
     vertex  1.348011e+01  8.000000e+00  3.352496e+01
   endloop
 endfacet
 facet normal  4.250344e-01  0.000000e+00  9.051772e-01
   outer loop
     vertex  1.340014e+01  8.000000e+00  3.356118e+01
     vertex  1.340014e+01  0.000000e+00  3.356118e+01
     vertex  1.343988e+01  0.000000e+00  3.354252e+01
   endloop
 endfacet
 facet normal  4.250344e-01  0.000000e+00  9.051772e-01
   outer loop
     vertex  1.340014e+01  8.000000e+00  3.356118e+01
     vertex  1.343988e+01  0.000000e+00  3.354252e+01
     vertex  1.343988e+01  8.000000e+00  3.354252e+01
   endloop
 endfacet
 facet normal  4.497071e-01  0.000000e+00  8.931761e-01
   outer loop
     vertex  1.336093e+01  8.000000e+00  3.358092e+01
     vertex  1.336093e+01  0.000000e+00  3.358092e+01
     vertex  1.340014e+01  0.000000e+00  3.356118e+01
   endloop
 endfacet
 facet normal  4.497071e-01  0.000000e+00  8.931761e-01
   outer loop
     vertex  1.336093e+01  8.000000e+00  3.358092e+01
     vertex  1.340014e+01  0.000000e+00  3.356118e+01
     vertex  1.340014e+01  8.000000e+00  3.356118e+01
   endloop
 endfacet
 facet normal  4.740412e-01  0.000000e+00  8.805026e-01
   outer loop
     vertex  1.332228e+01  8.000000e+00  3.360173e+01
     vertex  1.332228e+01  0.000000e+00  3.360173e+01
     vertex  1.336093e+01  0.000000e+00  3.358092e+01
   endloop
 endfacet
 facet normal  4.740412e-01  0.000000e+00  8.805026e-01
   outer loop
     vertex  1.332228e+01  8.000000e+00  3.360173e+01
     vertex  1.336093e+01  0.000000e+00  3.358092e+01
     vertex  1.336093e+01  8.000000e+00  3.358092e+01
   endloop
 endfacet
 facet normal  4.980186e-01  0.000000e+00  8.671664e-01
   outer loop
     vertex  1.328421e+01  8.000000e+00  3.362360e+01
     vertex  1.328421e+01  0.000000e+00  3.362360e+01
     vertex  1.332228e+01  0.000000e+00  3.360173e+01
   endloop
 endfacet
 facet normal  5.216210e-01  0.000000e+00  8.531773e-01
   outer loop
     vertex  1.328421e+01  8.000000e+00  3.362360e+01
     vertex  1.324676e+01  0.000000e+00  3.364649e+01
     vertex  1.328421e+01  0.000000e+00  3.362360e+01
   endloop
 endfacet
 facet normal  4.980186e-01  0.000000e+00  8.671664e-01
   outer loop
     vertex  1.328421e+01  8.000000e+00  3.362360e+01
     vertex  1.332228e+01  0.000000e+00  3.360173e+01
     vertex  1.332228e+01  8.000000e+00  3.360173e+01
   endloop
 endfacet
 facet normal  5.448308e-01  0.000000e+00  8.385460e-01
   outer loop
     vertex  1.324676e+01  8.000000e+00  3.364649e+01
     vertex  1.320995e+01  0.000000e+00  3.367041e+01
     vertex  1.324676e+01  0.000000e+00  3.364649e+01
   endloop
 endfacet
 facet normal  5.216210e-01  0.000000e+00  8.531773e-01
   outer loop
     vertex  1.324676e+01  8.000000e+00  3.364649e+01
     vertex  1.324676e+01  0.000000e+00  3.364649e+01
     vertex  1.328421e+01  8.000000e+00  3.362360e+01
   endloop
 endfacet
 facet normal  5.448308e-01  0.000000e+00  8.385460e-01
   outer loop
     vertex  1.320995e+01  8.000000e+00  3.367041e+01
     vertex  1.320995e+01  0.000000e+00  3.367041e+01
     vertex  1.324676e+01  8.000000e+00  3.364649e+01
   endloop
 endfacet
 facet normal  5.676304e-01  0.000000e+00  8.232835e-01
   outer loop
     vertex  1.317381e+01  8.000000e+00  3.369533e+01
     vertex  1.320995e+01  0.000000e+00  3.367041e+01
     vertex  1.320995e+01  8.000000e+00  3.367041e+01
   endloop
 endfacet
 facet normal  5.676304e-01  0.000000e+00  8.232835e-01
   outer loop
     vertex  1.317381e+01  8.000000e+00  3.369533e+01
     vertex  1.317381e+01  0.000000e+00  3.369533e+01
     vertex  1.320995e+01  0.000000e+00  3.367041e+01
   endloop
 endfacet
 facet normal  5.900028e-01  0.000000e+00  8.074012e-01
   outer loop
     vertex  1.317381e+01  8.000000e+00  3.369533e+01
     vertex  1.313836e+01  0.000000e+00  3.372123e+01
     vertex  1.317381e+01  0.000000e+00  3.369533e+01
   endloop
 endfacet
 facet normal  5.900028e-01  0.000000e+00  8.074012e-01
   outer loop
     vertex  1.313836e+01  8.000000e+00  3.372123e+01
     vertex  1.313836e+01  0.000000e+00  3.372123e+01
     vertex  1.317381e+01  8.000000e+00  3.369533e+01
   endloop
 endfacet
 facet normal  6.119310e-01  0.000000e+00  7.909112e-01
   outer loop
     vertex  1.310364e+01  8.000000e+00  3.374809e+01
     vertex  1.313836e+01  0.000000e+00  3.372123e+01
     vertex  1.313836e+01  8.000000e+00  3.372123e+01
   endloop
 endfacet
 facet normal  6.119310e-01  0.000000e+00  7.909112e-01
   outer loop
     vertex  1.310364e+01  8.000000e+00  3.374809e+01
     vertex  1.310364e+01  0.000000e+00  3.374809e+01
     vertex  1.313836e+01  0.000000e+00  3.372123e+01
   endloop
 endfacet
 facet normal  6.333986e-01  0.000000e+00  7.738257e-01
   outer loop
     vertex  1.310364e+01  8.000000e+00  3.374809e+01
     vertex  1.306967e+01  0.000000e+00  3.377590e+01
     vertex  1.310364e+01  0.000000e+00  3.374809e+01
   endloop
 endfacet
 facet normal  6.333986e-01  0.000000e+00  7.738257e-01
   outer loop
     vertex  1.306967e+01  8.000000e+00  3.377590e+01
     vertex  1.306967e+01  0.000000e+00  3.377590e+01
     vertex  1.310364e+01  8.000000e+00  3.374809e+01
   endloop
 endfacet
 facet normal  6.543893e-01  0.000000e+00  7.561578e-01
   outer loop
     vertex  1.303648e+01  8.000000e+00  3.380462e+01
     vertex  1.306967e+01  0.000000e+00  3.377590e+01
     vertex  1.306967e+01  8.000000e+00  3.377590e+01
   endloop
 endfacet
 facet normal  6.543893e-01  0.000000e+00  7.561578e-01
   outer loop
     vertex  1.303648e+01  8.000000e+00  3.380462e+01
     vertex  1.303648e+01  0.000000e+00  3.380462e+01
     vertex  1.306967e+01  0.000000e+00  3.377590e+01
   endloop
 endfacet
 facet normal  6.748875e-01  0.000000e+00  7.379206e-01
   outer loop
     vertex  1.300408e+01  8.000000e+00  3.383425e+01
     vertex  1.303648e+01  0.000000e+00  3.380462e+01
     vertex  1.303648e+01  8.000000e+00  3.380462e+01
   endloop
 endfacet
 facet normal  6.748875e-01  0.000000e+00  7.379206e-01
   outer loop
     vertex  1.300408e+01  8.000000e+00  3.383425e+01
     vertex  1.300408e+01  0.000000e+00  3.383425e+01
     vertex  1.303648e+01  0.000000e+00  3.380462e+01
   endloop
 endfacet
 facet normal  6.948776e-01  0.000000e+00  7.191280e-01
   outer loop
     vertex  1.297252e+01  8.000000e+00  3.386476e+01
     vertex  1.300408e+01  0.000000e+00  3.383425e+01
     vertex  1.300408e+01  8.000000e+00  3.383425e+01
   endloop
 endfacet
 facet normal  6.948776e-01  0.000000e+00  7.191280e-01
   outer loop
     vertex  1.297252e+01  8.000000e+00  3.386476e+01
     vertex  1.297252e+01  0.000000e+00  3.386476e+01
     vertex  1.300408e+01  0.000000e+00  3.383425e+01
   endloop
 endfacet
 facet normal  7.143447e-01  0.000000e+00  6.997940e-01
   outer loop
     vertex  1.294180e+01  8.000000e+00  3.389611e+01
     vertex  1.297252e+01  0.000000e+00  3.386476e+01
     vertex  1.297252e+01  8.000000e+00  3.386476e+01
   endloop
 endfacet
 facet normal  7.143447e-01  0.000000e+00  6.997940e-01
   outer loop
     vertex  1.294180e+01  8.000000e+00  3.389611e+01
     vertex  1.294180e+01  0.000000e+00  3.389611e+01
     vertex  1.297252e+01  0.000000e+00  3.386476e+01
   endloop
 endfacet
 facet normal  7.332740e-01  0.000000e+00  6.799333e-01
   outer loop
     vertex  1.291195e+01  8.000000e+00  3.392830e+01
     vertex  1.294180e+01  0.000000e+00  3.389611e+01
     vertex  1.294180e+01  8.000000e+00  3.389611e+01
   endloop
 endfacet
 facet normal  7.332740e-01  0.000000e+00  6.799333e-01
   outer loop
     vertex  1.291195e+01  8.000000e+00  3.392830e+01
     vertex  1.291195e+01  0.000000e+00  3.392830e+01
     vertex  1.294180e+01  0.000000e+00  3.389611e+01
   endloop
 endfacet
 facet normal  7.516513e-01  0.000000e+00  6.595607e-01
   outer loop
     vertex  1.291195e+01  8.000000e+00  3.392830e+01
     vertex  1.288299e+01  0.000000e+00  3.396130e+01
     vertex  1.291195e+01  0.000000e+00  3.392830e+01
   endloop
 endfacet
 facet normal  7.516513e-01  0.000000e+00  6.595607e-01
   outer loop
     vertex  1.288299e+01  8.000000e+00  3.396130e+01
     vertex  1.288299e+01  0.000000e+00  3.396130e+01
     vertex  1.291195e+01  8.000000e+00  3.392830e+01
   endloop
 endfacet
 facet normal  7.694628e-01  0.000000e+00  6.386916e-01
   outer loop
     vertex  1.285496e+01  8.000000e+00  3.399508e+01
     vertex  1.288299e+01  0.000000e+00  3.396130e+01
     vertex  1.288299e+01  8.000000e+00  3.396130e+01
   endloop
 endfacet
 facet normal  7.694628e-01  0.000000e+00  6.386916e-01
   outer loop
     vertex  1.285496e+01  8.000000e+00  3.399508e+01
     vertex  1.285496e+01  0.000000e+00  3.399508e+01
     vertex  1.288299e+01  0.000000e+00  3.396130e+01
   endloop
 endfacet
 facet normal  7.866951e-01  0.000000e+00  6.173417e-01
   outer loop
     vertex  1.282786e+01  8.000000e+00  3.402961e+01
     vertex  1.285496e+01  0.000000e+00  3.399508e+01
     vertex  1.285496e+01  8.000000e+00  3.399508e+01
   endloop
 endfacet
 facet normal  7.866951e-01  0.000000e+00  6.173417e-01
   outer loop
     vertex  1.282786e+01  8.000000e+00  3.402961e+01
     vertex  1.282786e+01  0.000000e+00  3.402961e+01
     vertex  1.285496e+01  0.000000e+00  3.399508e+01
   endloop
 endfacet
 facet normal  8.033352e-01  0.000000e+00  5.955271e-01
   outer loop
     vertex  1.280171e+01  8.000000e+00  3.406488e+01
     vertex  1.282786e+01  0.000000e+00  3.402961e+01
     vertex  1.282786e+01  8.000000e+00  3.402961e+01
   endloop
 endfacet
 facet normal  8.033352e-01  0.000000e+00  5.955271e-01
   outer loop
     vertex  1.280171e+01  8.000000e+00  3.406488e+01
     vertex  1.280171e+01  0.000000e+00  3.406488e+01
     vertex  1.282786e+01  0.000000e+00  3.402961e+01
   endloop
 endfacet
 facet normal  8.193706e-01  0.000000e+00  5.732642e-01
   outer loop
     vertex  1.277655e+01  8.000000e+00  3.410085e+01
     vertex  1.280171e+01  0.000000e+00  3.406488e+01
     vertex  1.280171e+01  8.000000e+00  3.406488e+01
   endloop
 endfacet
 facet normal  8.193706e-01  0.000000e+00  5.732642e-01
   outer loop
     vertex  1.277655e+01  8.000000e+00  3.410085e+01
     vertex  1.277655e+01  0.000000e+00  3.410085e+01
     vertex  1.280171e+01  0.000000e+00  3.406488e+01
   endloop
 endfacet
 facet normal  8.347891e-01  0.000000e+00  5.505698e-01
   outer loop
     vertex  1.275238e+01  8.000000e+00  3.413749e+01
     vertex  1.277655e+01  0.000000e+00  3.410085e+01
     vertex  1.277655e+01  8.000000e+00  3.410085e+01
   endloop
 endfacet
 facet normal  8.347891e-01  0.000000e+00  5.505698e-01
   outer loop
     vertex  1.275238e+01  8.000000e+00  3.413749e+01
     vertex  1.275238e+01  0.000000e+00  3.413749e+01
     vertex  1.277655e+01  0.000000e+00  3.410085e+01
   endloop
 endfacet
 facet normal  8.495793e-01  0.000000e+00  5.274609e-01
   outer loop
     vertex  1.275238e+01  8.000000e+00  3.413749e+01
     vertex  1.272922e+01  0.000000e+00  3.417479e+01
     vertex  1.275238e+01  0.000000e+00  3.413749e+01
   endloop
 endfacet
 facet normal  8.495793e-01  0.000000e+00  5.274609e-01
   outer loop
     vertex  1.272922e+01  8.000000e+00  3.417479e+01
     vertex  1.272922e+01  0.000000e+00  3.417479e+01
     vertex  1.275238e+01  8.000000e+00  3.413749e+01
   endloop
 endfacet
 facet normal  8.637299e-01  0.000000e+00  5.039550e-01
   outer loop
     vertex  1.270710e+01  8.000000e+00  3.421271e+01
     vertex  1.272922e+01  0.000000e+00  3.417479e+01
     vertex  1.272922e+01  8.000000e+00  3.417479e+01
   endloop
 endfacet
 facet normal  8.637299e-01  0.000000e+00  5.039550e-01
   outer loop
     vertex  1.270710e+01  8.000000e+00  3.421271e+01
     vertex  1.270710e+01  0.000000e+00  3.421271e+01
     vertex  1.272922e+01  0.000000e+00  3.417479e+01
   endloop
 endfacet
 facet normal  8.772303e-01  0.000000e+00  4.800697e-01
   outer loop
     vertex  1.270710e+01  8.000000e+00  3.421271e+01
     vertex  1.268603e+01  0.000000e+00  3.425122e+01
     vertex  1.270710e+01  0.000000e+00  3.421271e+01
   endloop
 endfacet
 facet normal  8.772303e-01  0.000000e+00  4.800697e-01
   outer loop
     vertex  1.268603e+01  8.000000e+00  3.425122e+01
     vertex  1.268603e+01  0.000000e+00  3.425122e+01
     vertex  1.270710e+01  8.000000e+00  3.421271e+01
   endloop
 endfacet
 facet normal  8.900704e-01  0.000000e+00  4.558231e-01
   outer loop
     vertex  1.266602e+01  8.000000e+00  3.429029e+01
     vertex  1.268603e+01  0.000000e+00  3.425122e+01
     vertex  1.268603e+01  8.000000e+00  3.425122e+01
   endloop
 endfacet
 facet normal  8.900704e-01  0.000000e+00  4.558231e-01
   outer loop
     vertex  1.266602e+01  8.000000e+00  3.429029e+01
     vertex  1.266602e+01  0.000000e+00  3.429029e+01
     vertex  1.268603e+01  0.000000e+00  3.425122e+01
   endloop
 endfacet
 facet normal  9.022405e-01  0.000000e+00  4.312333e-01
   outer loop
     vertex  1.264709e+01  8.000000e+00  3.432990e+01
     vertex  1.266602e+01  0.000000e+00  3.429029e+01
     vertex  1.266602e+01  8.000000e+00  3.429029e+01
   endloop
 endfacet
 facet normal  9.022405e-01  0.000000e+00  4.312333e-01
   outer loop
     vertex  1.264709e+01  8.000000e+00  3.432990e+01
     vertex  1.264709e+01  0.000000e+00  3.432990e+01
     vertex  1.266602e+01  0.000000e+00  3.429029e+01
   endloop
 endfacet
 facet normal  9.137314e-01  0.000000e+00  4.063188e-01
   outer loop
     vertex  1.264709e+01  8.000000e+00  3.432990e+01
     vertex  1.262925e+01  0.000000e+00  3.437001e+01
     vertex  1.264709e+01  0.000000e+00  3.432990e+01
   endloop
 endfacet
 facet normal  9.137314e-01  0.000000e+00  4.063188e-01
   outer loop
     vertex  1.262925e+01  8.000000e+00  3.437001e+01
     vertex  1.262925e+01  0.000000e+00  3.437001e+01
     vertex  1.264709e+01  8.000000e+00  3.432990e+01
   endloop
 endfacet
 facet normal  9.245344e-01  0.000000e+00  3.810986e-01
   outer loop
     vertex  1.261252e+01  8.000000e+00  3.441059e+01
     vertex  1.261252e+01  0.000000e+00  3.441059e+01
     vertex  1.262925e+01  0.000000e+00  3.437001e+01
   endloop
 endfacet
 facet normal  9.245344e-01  0.000000e+00  3.810986e-01
   outer loop
     vertex  1.261252e+01  8.000000e+00  3.441059e+01
     vertex  1.262925e+01  0.000000e+00  3.437001e+01
     vertex  1.262925e+01  8.000000e+00  3.437001e+01
   endloop
 endfacet
 facet normal  9.346415e-01  0.000000e+00  3.555914e-01
   outer loop
     vertex  1.259691e+01  8.000000e+00  3.445162e+01
     vertex  1.259691e+01  0.000000e+00  3.445162e+01
     vertex  1.261252e+01  0.000000e+00  3.441059e+01
   endloop
 endfacet
 facet normal  9.346415e-01  0.000000e+00  3.555914e-01
   outer loop
     vertex  1.259691e+01  8.000000e+00  3.445162e+01
     vertex  1.261252e+01  0.000000e+00  3.441059e+01
     vertex  1.261252e+01  8.000000e+00  3.441059e+01
   endloop
 endfacet
 facet normal  9.440450e-01  0.000000e+00  3.298166e-01
   outer loop
     vertex  1.258243e+01  8.000000e+00  3.449306e+01
     vertex  1.258243e+01  0.000000e+00  3.449306e+01
     vertex  1.259691e+01  0.000000e+00  3.445162e+01
   endloop
 endfacet
 facet normal  9.440450e-01  0.000000e+00  3.298166e-01
   outer loop
     vertex  1.258243e+01  8.000000e+00  3.449306e+01
     vertex  1.259691e+01  0.000000e+00  3.445162e+01
     vertex  1.259691e+01  8.000000e+00  3.445162e+01
   endloop
 endfacet
 facet normal  9.527379e-01  0.000000e+00  3.037934e-01
   outer loop
     vertex  1.256909e+01  8.000000e+00  3.453489e+01
     vertex  1.256909e+01  0.000000e+00  3.453489e+01
     vertex  1.258243e+01  0.000000e+00  3.449306e+01
   endloop
 endfacet
 facet normal  9.607136e-01  0.000000e+00  2.775416e-01
   outer loop
     vertex  1.256909e+01  8.000000e+00  3.453489e+01
     vertex  1.255691e+01  0.000000e+00  3.457706e+01
     vertex  1.256909e+01  0.000000e+00  3.453489e+01
   endloop
 endfacet
 facet normal  9.527379e-01  0.000000e+00  3.037934e-01
   outer loop
     vertex  1.256909e+01  8.000000e+00  3.453489e+01
     vertex  1.258243e+01  0.000000e+00  3.449306e+01
     vertex  1.258243e+01  8.000000e+00  3.449306e+01
   endloop
 endfacet
 facet normal  9.607136e-01  0.000000e+00  2.775416e-01
   outer loop
     vertex  1.255691e+01  8.000000e+00  3.457706e+01
     vertex  1.255691e+01  0.000000e+00  3.457706e+01
     vertex  1.256909e+01  8.000000e+00  3.453489e+01
   endloop
 endfacet
 facet normal  9.679661e-01  0.000000e+00  2.510809e-01
   outer loop
     vertex  1.254589e+01  8.000000e+00  3.461955e+01
     vertex  1.255691e+01  0.000000e+00  3.457706e+01
     vertex  1.255691e+01  8.000000e+00  3.457706e+01
   endloop
 endfacet
 facet normal  9.679661e-01  0.000000e+00  2.510809e-01
   outer loop
     vertex  1.254589e+01  8.000000e+00  3.461955e+01
     vertex  1.254589e+01  0.000000e+00  3.461955e+01
     vertex  1.255691e+01  0.000000e+00  3.457706e+01
   endloop
 endfacet
 facet normal  9.744899e-01  0.000000e+00  2.244312e-01
   outer loop
     vertex  1.254589e+01  8.000000e+00  3.461955e+01
     vertex  1.253604e+01  0.000000e+00  3.466233e+01
     vertex  1.254589e+01  0.000000e+00  3.461955e+01
   endloop
 endfacet
 facet normal  9.744899e-01  0.000000e+00  2.244312e-01
   outer loop
     vertex  1.253604e+01  8.000000e+00  3.466233e+01
     vertex  1.253604e+01  0.000000e+00  3.466233e+01
     vertex  1.254589e+01  8.000000e+00  3.461955e+01
   endloop
 endfacet
 facet normal  9.802802e-01  0.000000e+00  1.976125e-01
   outer loop
     vertex  1.252736e+01  8.000000e+00  3.470537e+01
     vertex  1.253604e+01  0.000000e+00  3.466233e+01
     vertex  1.253604e+01  8.000000e+00  3.466233e+01
   endloop
 endfacet
 facet normal  9.802802e-01  0.000000e+00  1.976125e-01
   outer loop
     vertex  1.252736e+01  8.000000e+00  3.470537e+01
     vertex  1.252736e+01  0.000000e+00  3.470537e+01
     vertex  1.253604e+01  0.000000e+00  3.466233e+01
   endloop
 endfacet
 facet normal  9.853326e-01  0.000000e+00  1.706451e-01
   outer loop
     vertex  1.252736e+01  8.000000e+00  3.470537e+01
     vertex  1.251987e+01  0.000000e+00  3.474862e+01
     vertex  1.252736e+01  0.000000e+00  3.470537e+01
   endloop
 endfacet
 facet normal  9.853326e-01  0.000000e+00  1.706451e-01
   outer loop
     vertex  1.251987e+01  8.000000e+00  3.474862e+01
     vertex  1.251987e+01  0.000000e+00  3.474862e+01
     vertex  1.252736e+01  8.000000e+00  3.470537e+01
   endloop
 endfacet
 facet normal  9.896432e-01  0.000000e+00  1.435492e-01
   outer loop
     vertex  1.251357e+01  8.000000e+00  3.479206e+01
     vertex  1.251987e+01  0.000000e+00  3.474862e+01
     vertex  1.251987e+01  8.000000e+00  3.474862e+01
   endloop
 endfacet
 facet normal  9.896432e-01  0.000000e+00  1.435492e-01
   outer loop
     vertex  1.251357e+01  8.000000e+00  3.479206e+01
     vertex  1.251357e+01  0.000000e+00  3.479206e+01
     vertex  1.251987e+01  0.000000e+00  3.474862e+01
   endloop
 endfacet
 facet normal  9.932088e-01  0.000000e+00  1.163452e-01
   outer loop
     vertex  1.250846e+01  8.000000e+00  3.483567e+01
     vertex  1.251357e+01  0.000000e+00  3.479206e+01
     vertex  1.251357e+01  8.000000e+00  3.479206e+01
   endloop
 endfacet
 facet normal  9.932088e-01  0.000000e+00  1.163452e-01
   outer loop
     vertex  1.250846e+01  8.000000e+00  3.483567e+01
     vertex  1.250846e+01  0.000000e+00  3.483567e+01
     vertex  1.251357e+01  0.000000e+00  3.479206e+01
   endloop
 endfacet
 facet normal  9.960268e-01  0.000000e+00  8.905371e-02
   outer loop
     vertex  1.250455e+01  8.000000e+00  3.487939e+01
     vertex  1.250846e+01  0.000000e+00  3.483567e+01
     vertex  1.250846e+01  8.000000e+00  3.483567e+01
   endloop
 endfacet
 facet normal  9.960268e-01  0.000000e+00  8.905371e-02
   outer loop
     vertex  1.250455e+01  8.000000e+00  3.487939e+01
     vertex  1.250455e+01  0.000000e+00  3.487939e+01
     vertex  1.250846e+01  0.000000e+00  3.483567e+01
   endloop
 endfacet
 facet normal  9.980950e-01  0.000000e+00  6.169515e-02
   outer loop
     vertex  1.250184e+01  8.000000e+00  3.492320e+01
     vertex  1.250455e+01  0.000000e+00  3.487939e+01
     vertex  1.250455e+01  8.000000e+00  3.487939e+01
   endloop
 endfacet
 facet normal  9.980950e-01  0.000000e+00  6.169515e-02
   outer loop
     vertex  1.250184e+01  8.000000e+00  3.492320e+01
     vertex  1.250184e+01  0.000000e+00  3.492320e+01
     vertex  1.250455e+01  0.000000e+00  3.487939e+01
   endloop
 endfacet
 facet normal  9.994119e-01  0.000000e+00  3.429014e-02
   outer loop
     vertex  1.250034e+01  8.000000e+00  3.496708e+01
     vertex  1.250184e+01  0.000000e+00  3.492320e+01
     vertex  1.250184e+01  8.000000e+00  3.492320e+01
   endloop
 endfacet
 facet normal  9.994119e-01  0.000000e+00  3.429014e-02
   outer loop
     vertex  1.250034e+01  8.000000e+00  3.496708e+01
     vertex  1.250034e+01  0.000000e+00  3.496708e+01
     vertex  1.250184e+01  0.000000e+00  3.492320e+01
   endloop
 endfacet
 facet normal  9.999765e-01  0.000000e+00  6.859319e-03
   outer loop
     vertex  1.250034e+01  8.000000e+00  3.496708e+01
     vertex  1.250004e+01  0.000000e+00  3.501097e+01
     vertex  1.250034e+01  0.000000e+00  3.496708e+01
   endloop
 endfacet
 facet normal  9.999765e-01  0.000000e+00  6.859319e-03
   outer loop
     vertex  1.250004e+01  8.000000e+00  3.501097e+01
     vertex  1.250004e+01  0.000000e+00  3.501097e+01
     vertex  1.250034e+01  8.000000e+00  3.496708e+01
   endloop
 endfacet
 facet normal  9.997883e-01  0.000000e+00 -2.057667e-02
   outer loop
     vertex  1.250094e+01  8.000000e+00  3.505486e+01
     vertex  1.250004e+01  0.000000e+00  3.501097e+01
     vertex  1.250004e+01  8.000000e+00  3.501097e+01
   endloop
 endfacet
 facet normal  9.997883e-01  0.000000e+00 -2.057667e-02
   outer loop
     vertex  1.250094e+01  8.000000e+00  3.505486e+01
     vertex  1.250094e+01  0.000000e+00  3.505486e+01
     vertex  1.250004e+01  0.000000e+00  3.501097e+01
   endloop
 endfacet
 facet normal  9.988475e-01  0.000000e+00 -4.799716e-02
   outer loop
     vertex  1.250305e+01  8.000000e+00  3.509871e+01
     vertex  1.250305e+01  0.000000e+00  3.509871e+01
     vertex  1.250094e+01  0.000000e+00  3.505486e+01
   endloop
 endfacet
 facet normal  9.971548e-01  0.000000e+00 -7.538152e-02
   outer loop
     vertex  1.250305e+01  8.000000e+00  3.509871e+01
     vertex  1.250636e+01  0.000000e+00  3.514249e+01
     vertex  1.250305e+01  0.000000e+00  3.509871e+01
   endloop
 endfacet
 facet normal  9.988475e-01  0.000000e+00 -4.799716e-02
   outer loop
     vertex  1.250305e+01  8.000000e+00  3.509871e+01
     vertex  1.250094e+01  0.000000e+00  3.505486e+01
     vertex  1.250094e+01  8.000000e+00  3.505486e+01
   endloop
 endfacet
 facet normal  9.971548e-01  0.000000e+00 -7.538152e-02
   outer loop
     vertex  1.250636e+01  8.000000e+00  3.514249e+01
     vertex  1.250636e+01  0.000000e+00  3.514249e+01
     vertex  1.250305e+01  8.000000e+00  3.509871e+01
   endloop
 endfacet
 facet normal  9.947114e-01  0.000000e+00 -1.027091e-01
   outer loop
     vertex  1.251087e+01  8.000000e+00  3.518615e+01
     vertex  1.251087e+01  0.000000e+00  3.518615e+01
     vertex  1.250636e+01  0.000000e+00  3.514249e+01
   endloop
 endfacet
 facet normal  9.947114e-01  0.000000e+00 -1.027091e-01
   outer loop
     vertex  1.251087e+01  8.000000e+00  3.518615e+01
     vertex  1.250636e+01  0.000000e+00  3.514249e+01
     vertex  1.250636e+01  8.000000e+00  3.514249e+01
   endloop
 endfacet
 facet normal  9.915193e-01  0.000000e+00 -1.299594e-01
   outer loop
     vertex  1.251657e+01  8.000000e+00  3.522968e+01
     vertex  1.251657e+01  0.000000e+00  3.522968e+01
     vertex  1.251087e+01  0.000000e+00  3.518615e+01
   endloop
 endfacet
 facet normal  9.915193e-01  0.000000e+00 -1.299594e-01
   outer loop
     vertex  1.251657e+01  8.000000e+00  3.522968e+01
     vertex  1.251087e+01  0.000000e+00  3.518615e+01
     vertex  1.251087e+01  8.000000e+00  3.518615e+01
   endloop
 endfacet
 facet normal  9.875808e-01  0.000000e+00 -1.571119e-01
   outer loop
     vertex  1.252347e+01  8.000000e+00  3.527303e+01
     vertex  1.252347e+01  0.000000e+00  3.527303e+01
     vertex  1.251657e+01  0.000000e+00  3.522968e+01
   endloop
 endfacet
 facet normal  9.828989e-01  0.000000e+00 -1.841461e-01
   outer loop
     vertex  1.252347e+01  8.000000e+00  3.527303e+01
     vertex  1.253155e+01  0.000000e+00  3.531618e+01
     vertex  1.252347e+01  0.000000e+00  3.527303e+01
   endloop
 endfacet
 facet normal  9.875808e-01  0.000000e+00 -1.571119e-01
   outer loop
     vertex  1.252347e+01  8.000000e+00  3.527303e+01
     vertex  1.251657e+01  0.000000e+00  3.522968e+01
     vertex  1.251657e+01  8.000000e+00  3.522968e+01
   endloop
 endfacet
 facet normal  9.828989e-01  0.000000e+00 -1.841461e-01
   outer loop
     vertex  1.253155e+01  8.000000e+00  3.531618e+01
     vertex  1.253155e+01  0.000000e+00  3.531618e+01
     vertex  1.252347e+01  8.000000e+00  3.527303e+01
   endloop
 endfacet
 facet normal  9.774771e-01  0.000000e+00 -2.110417e-01
   outer loop
     vertex  1.254082e+01  8.000000e+00  3.535909e+01
     vertex  1.254082e+01  0.000000e+00  3.535909e+01
     vertex  1.253155e+01  0.000000e+00  3.531618e+01
   endloop
 endfacet
 facet normal  9.774771e-01  0.000000e+00 -2.110417e-01
   outer loop
     vertex  1.254082e+01  8.000000e+00  3.535909e+01
     vertex  1.253155e+01  0.000000e+00  3.531618e+01
     vertex  1.253155e+01  8.000000e+00  3.531618e+01
   endloop
 endfacet
 facet normal  9.713194e-01  0.000000e+00 -2.377784e-01
   outer loop
     vertex  1.255125e+01  8.000000e+00  3.540173e+01
     vertex  1.255125e+01  0.000000e+00  3.540173e+01
     vertex  1.254082e+01  0.000000e+00  3.535909e+01
   endloop
 endfacet
 facet normal  9.713194e-01  0.000000e+00 -2.377784e-01
   outer loop
     vertex  1.255125e+01  8.000000e+00  3.540173e+01
     vertex  1.254082e+01  0.000000e+00  3.535909e+01
     vertex  1.254082e+01  8.000000e+00  3.535909e+01
   endloop
 endfacet
 facet normal  9.644306e-01  0.000000e+00 -2.643362e-01
   outer loop
     vertex  1.256286e+01  8.000000e+00  3.544407e+01
     vertex  1.256286e+01  0.000000e+00  3.544407e+01
     vertex  1.255125e+01  0.000000e+00  3.540173e+01
   endloop
 endfacet
 facet normal  9.644306e-01  0.000000e+00 -2.643362e-01
   outer loop
     vertex  1.256286e+01  8.000000e+00  3.544407e+01
     vertex  1.255125e+01  0.000000e+00  3.540173e+01
     vertex  1.255125e+01  8.000000e+00  3.540173e+01
   endloop
 endfacet
 facet normal  9.568158e-01  0.000000e+00 -2.906949e-01
   outer loop
     vertex  1.257562e+01  8.000000e+00  3.548607e+01
     vertex  1.257562e+01  0.000000e+00  3.548607e+01
     vertex  1.256286e+01  0.000000e+00  3.544407e+01
   endloop
 endfacet
 facet normal  9.568158e-01  0.000000e+00 -2.906949e-01
   outer loop
     vertex  1.257562e+01  8.000000e+00  3.548607e+01
     vertex  1.256286e+01  0.000000e+00  3.544407e+01
     vertex  1.256286e+01  8.000000e+00  3.544407e+01
   endloop
 endfacet
 facet normal  9.484807e-01  0.000000e+00 -3.168348e-01
   outer loop
     vertex  1.258953e+01  8.000000e+00  3.552771e+01
     vertex  1.258953e+01  0.000000e+00  3.552771e+01
     vertex  1.257562e+01  0.000000e+00  3.548607e+01
   endloop
 endfacet
 facet normal  9.484807e-01  0.000000e+00 -3.168348e-01
   outer loop
     vertex  1.258953e+01  8.000000e+00  3.552771e+01
     vertex  1.257562e+01  0.000000e+00  3.548607e+01
     vertex  1.257562e+01  8.000000e+00  3.548607e+01
   endloop
 endfacet
 facet normal  9.394317e-01  0.000000e+00 -3.427362e-01
   outer loop
     vertex  1.260457e+01  8.000000e+00  3.556895e+01
     vertex  1.260457e+01  0.000000e+00  3.556895e+01
     vertex  1.258953e+01  0.000000e+00  3.552771e+01
   endloop
 endfacet
 facet normal  9.394317e-01  0.000000e+00 -3.427362e-01
   outer loop
     vertex  1.260457e+01  8.000000e+00  3.556895e+01
     vertex  1.258953e+01  0.000000e+00  3.552771e+01
     vertex  1.258953e+01  8.000000e+00  3.552771e+01
   endloop
 endfacet
 facet normal  9.296754e-01  0.000000e+00 -3.683796e-01
   outer loop
     vertex  1.262074e+01  8.000000e+00  3.560976e+01
     vertex  1.262074e+01  0.000000e+00  3.560976e+01
     vertex  1.260457e+01  0.000000e+00  3.556895e+01
   endloop
 endfacet
 facet normal  9.192194e-01  0.000000e+00 -3.937458e-01
   outer loop
     vertex  1.262074e+01  8.000000e+00  3.560976e+01
     vertex  1.263803e+01  0.000000e+00  3.565011e+01
     vertex  1.262074e+01  0.000000e+00  3.560976e+01
   endloop
 endfacet
 facet normal  9.296754e-01  0.000000e+00 -3.683796e-01
   outer loop
     vertex  1.262074e+01  8.000000e+00  3.560976e+01
     vertex  1.260457e+01  0.000000e+00  3.556895e+01
     vertex  1.260457e+01  8.000000e+00  3.556895e+01
   endloop
 endfacet
 facet normal  9.192194e-01  0.000000e+00 -3.937458e-01
   outer loop
     vertex  1.263803e+01  8.000000e+00  3.565011e+01
     vertex  1.263803e+01  0.000000e+00  3.565011e+01
     vertex  1.262074e+01  8.000000e+00  3.560976e+01
   endloop
 endfacet
 facet normal  9.080714e-01  0.000000e+00 -4.188155e-01
   outer loop
     vertex  1.265642e+01  8.000000e+00  3.568997e+01
     vertex  1.263803e+01  0.000000e+00  3.565011e+01
     vertex  1.263803e+01  8.000000e+00  3.565011e+01
   endloop
 endfacet
 facet normal  9.080714e-01  0.000000e+00 -4.188155e-01
   outer loop
     vertex  1.265642e+01  8.000000e+00  3.568997e+01
     vertex  1.265642e+01  0.000000e+00  3.568997e+01
     vertex  1.263803e+01  0.000000e+00  3.565011e+01
   endloop
 endfacet
 facet normal  8.962398e-01  0.000000e+00 -4.435699e-01
   outer loop
     vertex  1.267589e+01  8.000000e+00  3.572932e+01
     vertex  1.265642e+01  0.000000e+00  3.568997e+01
     vertex  1.265642e+01  8.000000e+00  3.568997e+01
   endloop
 endfacet
 facet normal  8.962398e-01  0.000000e+00 -4.435699e-01
   outer loop
     vertex  1.267589e+01  8.000000e+00  3.572932e+01
     vertex  1.267589e+01  0.000000e+00  3.572932e+01
     vertex  1.265642e+01  0.000000e+00  3.568997e+01
   endloop
 endfacet
 facet normal  8.837335e-01  0.000000e+00 -4.679904e-01
   outer loop
     vertex  1.269643e+01  8.000000e+00  3.576811e+01
     vertex  1.267589e+01  0.000000e+00  3.572932e+01
     vertex  1.267589e+01  8.000000e+00  3.572932e+01
   endloop
 endfacet
 facet normal  8.837335e-01  0.000000e+00 -4.679904e-01
   outer loop
     vertex  1.269643e+01  8.000000e+00  3.576811e+01
     vertex  1.269643e+01  0.000000e+00  3.576811e+01
     vertex  1.267589e+01  0.000000e+00  3.572932e+01
   endloop
 endfacet
 facet normal  8.705620e-01  0.000000e+00 -4.920587e-01
   outer loop
     vertex  1.271803e+01  8.000000e+00  3.580633e+01
     vertex  1.271803e+01  0.000000e+00  3.580633e+01
     vertex  1.269643e+01  0.000000e+00  3.576811e+01
   endloop
 endfacet
 facet normal  8.705620e-01  0.000000e+00 -4.920587e-01
   outer loop
     vertex  1.271803e+01  8.000000e+00  3.580633e+01
     vertex  1.269643e+01  0.000000e+00  3.576811e+01
     vertex  1.269643e+01  8.000000e+00  3.576811e+01
   endloop
 endfacet
 facet normal  8.567352e-01  0.000000e+00 -5.157565e-01
   outer loop
     vertex  1.274067e+01  8.000000e+00  3.584394e+01
     vertex  1.271803e+01  0.000000e+00  3.580633e+01
     vertex  1.271803e+01  8.000000e+00  3.580633e+01
   endloop
 endfacet
 facet normal  8.567352e-01  0.000000e+00 -5.157565e-01
   outer loop
     vertex  1.274067e+01  8.000000e+00  3.584394e+01
     vertex  1.274067e+01  0.000000e+00  3.584394e+01
     vertex  1.271803e+01  0.000000e+00  3.580633e+01
   endloop
 endfacet
 facet normal  8.422635e-01  0.000000e+00 -5.390661e-01
   outer loop
     vertex  1.276434e+01  8.000000e+00  3.588091e+01
     vertex  1.276434e+01  0.000000e+00  3.588091e+01
     vertex  1.274067e+01  0.000000e+00  3.584394e+01
   endloop
 endfacet
 facet normal  8.422635e-01  0.000000e+00 -5.390661e-01
   outer loop
     vertex  1.276434e+01  8.000000e+00  3.588091e+01
     vertex  1.274067e+01  0.000000e+00  3.584394e+01
     vertex  1.274067e+01  8.000000e+00  3.584394e+01
   endloop
 endfacet
 facet normal  8.271577e-01  0.000000e+00 -5.619699e-01
   outer loop
     vertex  1.278901e+01  8.000000e+00  3.591722e+01
     vertex  1.278901e+01  0.000000e+00  3.591722e+01
     vertex  1.276434e+01  0.000000e+00  3.588091e+01
   endloop
 endfacet
 facet normal  8.271577e-01  0.000000e+00 -5.619699e-01
   outer loop
     vertex  1.278901e+01  8.000000e+00  3.591722e+01
     vertex  1.276434e+01  0.000000e+00  3.588091e+01
     vertex  1.276434e+01  8.000000e+00  3.588091e+01
   endloop
 endfacet
 facet normal  8.114292e-01  0.000000e+00 -5.844507e-01
   outer loop
     vertex  1.281466e+01  8.000000e+00  3.595284e+01
     vertex  1.281466e+01  0.000000e+00  3.595284e+01
     vertex  1.278901e+01  0.000000e+00  3.591722e+01
   endloop
 endfacet
 facet normal  8.114292e-01  0.000000e+00 -5.844507e-01
   outer loop
     vertex  1.281466e+01  8.000000e+00  3.595284e+01
     vertex  1.278901e+01  0.000000e+00  3.591722e+01
     vertex  1.278901e+01  8.000000e+00  3.591722e+01
   endloop
 endfacet
 facet normal  7.950900e-01  0.000000e+00 -6.064915e-01
   outer loop
     vertex  1.284129e+01  8.000000e+00  3.598775e+01
     vertex  1.284129e+01  0.000000e+00  3.598775e+01
     vertex  1.281466e+01  0.000000e+00  3.595284e+01
   endloop
 endfacet
 facet normal  7.950900e-01  0.000000e+00 -6.064915e-01
   outer loop
     vertex  1.284129e+01  8.000000e+00  3.598775e+01
     vertex  1.281466e+01  0.000000e+00  3.595284e+01
     vertex  1.281466e+01  8.000000e+00  3.595284e+01
   endloop
 endfacet
 facet normal  7.781522e-01  0.000000e+00 -6.280757e-01
   outer loop
     vertex  1.286886e+01  8.000000e+00  3.602191e+01
     vertex  1.286886e+01  0.000000e+00  3.602191e+01
     vertex  1.284129e+01  0.000000e+00  3.598775e+01
   endloop
 endfacet
 facet normal  7.781522e-01  0.000000e+00 -6.280757e-01
   outer loop
     vertex  1.286886e+01  8.000000e+00  3.602191e+01
     vertex  1.284129e+01  0.000000e+00  3.598775e+01
     vertex  1.284129e+01  8.000000e+00  3.598775e+01
   endloop
 endfacet
 facet normal  7.606287e-01  0.000000e+00 -6.491872e-01
   outer loop
     vertex  1.289736e+01  8.000000e+00  3.605530e+01
     vertex  1.289736e+01  0.000000e+00  3.605530e+01
     vertex  1.286886e+01  0.000000e+00  3.602191e+01
   endloop
 endfacet
 facet normal  7.606287e-01  0.000000e+00 -6.491872e-01
   outer loop
     vertex  1.289736e+01  8.000000e+00  3.605530e+01
     vertex  1.286886e+01  0.000000e+00  3.602191e+01
     vertex  1.286886e+01  8.000000e+00  3.602191e+01
   endloop
 endfacet
 facet normal  7.425325e-01  0.000000e+00 -6.698100e-01
   outer loop
     vertex  1.292676e+01  8.000000e+00  3.608789e+01
     vertex  1.292676e+01  0.000000e+00  3.608789e+01
     vertex  1.289736e+01  0.000000e+00  3.605530e+01
   endloop
 endfacet
 facet normal  7.238775e-01  0.000000e+00 -6.899286e-01
   outer loop
     vertex  1.292676e+01  8.000000e+00  3.608789e+01
     vertex  1.295705e+01  0.000000e+00  3.611967e+01
     vertex  1.292676e+01  0.000000e+00  3.608789e+01
   endloop
 endfacet
 facet normal  7.425325e-01  0.000000e+00 -6.698100e-01
   outer loop
     vertex  1.292676e+01  8.000000e+00  3.608789e+01
     vertex  1.289736e+01  0.000000e+00  3.605530e+01
     vertex  1.289736e+01  8.000000e+00  3.605530e+01
   endloop
 endfacet
 facet normal  7.238775e-01  0.000000e+00 -6.899286e-01
   outer loop
     vertex  1.295705e+01  8.000000e+00  3.611967e+01
     vertex  1.295705e+01  0.000000e+00  3.611967e+01
     vertex  1.292676e+01  8.000000e+00  3.608789e+01
   endloop
 endfacet
 facet normal  7.046775e-01  0.000000e+00 -7.095278e-01
   outer loop
     vertex  1.298820e+01  8.000000e+00  3.615060e+01
     vertex  1.298820e+01  0.000000e+00  3.615060e+01
     vertex  1.295705e+01  0.000000e+00  3.611967e+01
   endloop
 endfacet
 facet normal  7.046775e-01  0.000000e+00 -7.095278e-01
   outer loop
     vertex  1.298820e+01  8.000000e+00  3.615060e+01
     vertex  1.295705e+01  0.000000e+00  3.611967e+01
     vertex  1.295705e+01  8.000000e+00  3.611967e+01
   endloop
 endfacet
 facet normal  6.849470e-01  0.000000e+00 -7.285929e-01
   outer loop
     vertex  1.302018e+01  8.000000e+00  3.618067e+01
     vertex  1.302018e+01  0.000000e+00  3.618067e+01
     vertex  1.298820e+01  0.000000e+00  3.615060e+01
   endloop
 endfacet
 facet normal  6.849470e-01  0.000000e+00 -7.285929e-01
   outer loop
     vertex  1.302018e+01  8.000000e+00  3.618067e+01
     vertex  1.298820e+01  0.000000e+00  3.615060e+01
     vertex  1.298820e+01  8.000000e+00  3.615060e+01
   endloop
 endfacet
 facet normal  6.647010e-01  0.000000e+00 -7.471095e-01
   outer loop
     vertex  1.305298e+01  8.000000e+00  3.620985e+01
     vertex  1.305298e+01  0.000000e+00  3.620985e+01
     vertex  1.302018e+01  0.000000e+00  3.618067e+01
   endloop
 endfacet
 facet normal  6.647010e-01  0.000000e+00 -7.471095e-01
   outer loop
     vertex  1.305298e+01  8.000000e+00  3.620985e+01
     vertex  1.302018e+01  0.000000e+00  3.618067e+01
     vertex  1.302018e+01  8.000000e+00  3.618067e+01
   endloop
 endfacet
 facet normal  6.439545e-01  0.000000e+00 -7.650637e-01
   outer loop
     vertex  1.308656e+01  8.000000e+00  3.623812e+01
     vertex  1.308656e+01  0.000000e+00  3.623812e+01
     vertex  1.305298e+01  0.000000e+00  3.620985e+01
   endloop
 endfacet
 facet normal  6.439545e-01  0.000000e+00 -7.650637e-01
   outer loop
     vertex  1.308656e+01  8.000000e+00  3.623812e+01
     vertex  1.305298e+01  0.000000e+00  3.620985e+01
     vertex  1.305298e+01  8.000000e+00  3.620985e+01
   endloop
 endfacet
 facet normal  6.227234e-01  0.000000e+00 -7.824421e-01
   outer loop
     vertex  1.312091e+01  8.000000e+00  3.626546e+01
     vertex  1.312091e+01  0.000000e+00  3.626546e+01
     vertex  1.308656e+01  0.000000e+00  3.623812e+01
   endloop
 endfacet
 facet normal  6.227234e-01  0.000000e+00 -7.824421e-01
   outer loop
     vertex  1.312091e+01  8.000000e+00  3.626546e+01
     vertex  1.308656e+01  0.000000e+00  3.623812e+01
     vertex  1.308656e+01  8.000000e+00  3.623812e+01
   endloop
 endfacet
 facet normal  6.010234e-01  0.000000e+00 -7.992314e-01
   outer loop
     vertex  1.315600e+01  8.000000e+00  3.629184e+01
     vertex  1.315600e+01  0.000000e+00  3.629184e+01
     vertex  1.312091e+01  0.000000e+00  3.626546e+01
   endloop
 endfacet
 facet normal  6.010234e-01  0.000000e+00 -7.992314e-01
   outer loop
     vertex  1.315600e+01  8.000000e+00  3.629184e+01
     vertex  1.312091e+01  0.000000e+00  3.626546e+01
     vertex  1.312091e+01  8.000000e+00  3.626546e+01
   endloop
 endfacet
 facet normal  5.788711e-01  0.000000e+00 -8.154191e-01
   outer loop
     vertex  1.319179e+01  8.000000e+00  3.631725e+01
     vertex  1.319179e+01  0.000000e+00  3.631725e+01
     vertex  1.315600e+01  0.000000e+00  3.629184e+01
   endloop
 endfacet
 facet normal  5.788711e-01  0.000000e+00 -8.154191e-01
   outer loop
     vertex  1.319179e+01  8.000000e+00  3.631725e+01
     vertex  1.315600e+01  0.000000e+00  3.629184e+01
     vertex  1.315600e+01  8.000000e+00  3.629184e+01
   endloop
 endfacet
 facet normal  5.562829e-01  0.000000e+00 -8.309929e-01
   outer loop
     vertex  1.322827e+01  8.000000e+00  3.634167e+01
     vertex  1.322827e+01  0.000000e+00  3.634167e+01
     vertex  1.319179e+01  0.000000e+00  3.631725e+01
   endloop
 endfacet
 facet normal  5.562829e-01  0.000000e+00 -8.309929e-01
   outer loop
     vertex  1.322827e+01  8.000000e+00  3.634167e+01
     vertex  1.319179e+01  0.000000e+00  3.631725e+01
     vertex  1.319179e+01  8.000000e+00  3.631725e+01
   endloop
 endfacet
 facet normal  5.332761e-01  0.000000e+00 -8.459413e-01
   outer loop
     vertex  1.326541e+01  8.000000e+00  3.636508e+01
     vertex  1.326541e+01  0.000000e+00  3.636508e+01
     vertex  1.322827e+01  0.000000e+00  3.634167e+01
   endloop
 endfacet
 facet normal  5.332761e-01  0.000000e+00 -8.459413e-01
   outer loop
     vertex  1.326541e+01  8.000000e+00  3.636508e+01
     vertex  1.322827e+01  0.000000e+00  3.634167e+01
     vertex  1.322827e+01  8.000000e+00  3.634167e+01
   endloop
 endfacet
 facet normal  5.098678e-01  0.000000e+00 -8.602528e-01
   outer loop
     vertex  1.330317e+01  8.000000e+00  3.638747e+01
     vertex  1.330317e+01  0.000000e+00  3.638747e+01
     vertex  1.326541e+01  0.000000e+00  3.636508e+01
   endloop
 endfacet
 facet normal  5.098678e-01  0.000000e+00 -8.602528e-01
   outer loop
     vertex  1.330317e+01  8.000000e+00  3.638747e+01
     vertex  1.326541e+01  0.000000e+00  3.636508e+01
     vertex  1.326541e+01  8.000000e+00  3.636508e+01
   endloop
 endfacet
 facet normal  4.860756e-01  0.000000e+00 -8.739167e-01
   outer loop
     vertex  1.334153e+01  8.000000e+00  3.640880e+01
     vertex  1.334153e+01  0.000000e+00  3.640880e+01
     vertex  1.330317e+01  0.000000e+00  3.638747e+01
   endloop
 endfacet
 facet normal  4.619176e-01  0.000000e+00 -8.869228e-01
   outer loop
     vertex  1.334153e+01  8.000000e+00  3.640880e+01
     vertex  1.338047e+01  0.000000e+00  3.642908e+01
     vertex  1.334153e+01  0.000000e+00  3.640880e+01
   endloop
 endfacet
 facet normal  4.860756e-01  0.000000e+00 -8.739167e-01
   outer loop
     vertex  1.334153e+01  8.000000e+00  3.640880e+01
     vertex  1.330317e+01  0.000000e+00  3.638747e+01
     vertex  1.330317e+01  8.000000e+00  3.638747e+01
   endloop
 endfacet
 facet normal  4.619176e-01  0.000000e+00 -8.869228e-01
   outer loop
     vertex  1.338047e+01  8.000000e+00  3.642908e+01
     vertex  1.338047e+01  0.000000e+00  3.642908e+01
     vertex  1.334153e+01  8.000000e+00  3.640880e+01
   endloop
 endfacet
 facet normal  4.374119e-01  0.000000e+00 -8.992613e-01
   outer loop
     vertex  1.338047e+01  8.000000e+00  3.642908e+01
     vertex  1.341995e+01  0.000000e+00  3.644828e+01
     vertex  1.338047e+01  0.000000e+00  3.642908e+01
   endloop
 endfacet
 facet normal  4.374119e-01  0.000000e+00 -8.992613e-01
   outer loop
     vertex  1.341995e+01  8.000000e+00  3.644828e+01
     vertex  1.341995e+01  0.000000e+00  3.644828e+01
     vertex  1.338047e+01  8.000000e+00  3.642908e+01
   endloop
 endfacet
 facet normal  4.125769e-01  0.000000e+00 -9.109228e-01
   outer loop
     vertex  1.345993e+01  8.000000e+00  3.646640e+01
     vertex  1.341995e+01  0.000000e+00  3.644828e+01
     vertex  1.341995e+01  8.000000e+00  3.644828e+01
   endloop
 endfacet
 facet normal  4.125769e-01  0.000000e+00 -9.109228e-01
   outer loop
     vertex  1.345993e+01  8.000000e+00  3.646640e+01
     vertex  1.345993e+01  0.000000e+00  3.646640e+01
     vertex  1.341995e+01  0.000000e+00  3.644828e+01
   endloop
 endfacet
 facet normal  3.874313e-01  0.000000e+00 -9.218986e-01
   outer loop
     vertex  1.350040e+01  8.000000e+00  3.648340e+01
     vertex  1.345993e+01  0.000000e+00  3.646640e+01
     vertex  1.345993e+01  8.000000e+00  3.646640e+01
   endloop
 endfacet
 facet normal  3.874313e-01  0.000000e+00 -9.218986e-01
   outer loop
     vertex  1.350040e+01  8.000000e+00  3.648340e+01
     vertex  1.350040e+01  0.000000e+00  3.648340e+01
     vertex  1.345993e+01  0.000000e+00  3.646640e+01
   endloop
 endfacet
 facet normal  3.619940e-01  0.000000e+00 -9.321804e-01
   outer loop
     vertex  1.354132e+01  8.000000e+00  3.649929e+01
     vertex  1.350040e+01  0.000000e+00  3.648340e+01
     vertex  1.350040e+01  8.000000e+00  3.648340e+01
   endloop
 endfacet
 facet normal  3.619940e-01  0.000000e+00 -9.321804e-01
   outer loop
     vertex  1.354132e+01  8.000000e+00  3.649929e+01
     vertex  1.354132e+01  0.000000e+00  3.649929e+01
     vertex  1.350040e+01  0.000000e+00  3.648340e+01
   endloop
 endfacet
 facet normal  3.362843e-01  0.000000e+00 -9.417605e-01
   outer loop
     vertex  1.358267e+01  8.000000e+00  3.651406e+01
     vertex  1.354132e+01  0.000000e+00  3.649929e+01
     vertex  1.354132e+01  8.000000e+00  3.649929e+01
   endloop
 endfacet
 facet normal  3.362843e-01  0.000000e+00 -9.417605e-01
   outer loop
     vertex  1.358267e+01  8.000000e+00  3.651406e+01
     vertex  1.358267e+01  0.000000e+00  3.651406e+01
     vertex  1.354132e+01  0.000000e+00  3.649929e+01
   endloop
 endfacet
 facet normal  3.103214e-01  0.000000e+00 -9.506317e-01
   outer loop
     vertex  1.362440e+01  8.000000e+00  3.652768e+01
     vertex  1.358267e+01  0.000000e+00  3.651406e+01
     vertex  1.358267e+01  8.000000e+00  3.651406e+01
   endloop
 endfacet
 facet normal  3.103214e-01  0.000000e+00 -9.506317e-01
   outer loop
     vertex  1.362440e+01  8.000000e+00  3.652768e+01
     vertex  1.362440e+01  0.000000e+00  3.652768e+01
     vertex  1.358267e+01  0.000000e+00  3.651406e+01
   endloop
 endfacet
 facet normal  2.841250e-01  0.000000e+00 -9.587873e-01
   outer loop
     vertex  1.366649e+01  8.000000e+00  3.654015e+01
     vertex  1.362440e+01  0.000000e+00  3.652768e+01
     vertex  1.362440e+01  8.000000e+00  3.652768e+01
   endloop
 endfacet
 facet normal  2.841250e-01  0.000000e+00 -9.587873e-01
   outer loop
     vertex  1.366649e+01  8.000000e+00  3.654015e+01
     vertex  1.366649e+01  0.000000e+00  3.654015e+01
     vertex  1.362440e+01  0.000000e+00  3.652768e+01
   endloop
 endfacet
 facet normal  2.577146e-01  0.000000e+00 -9.662211e-01
   outer loop
     vertex  1.370890e+01  8.000000e+00  3.655146e+01
     vertex  1.366649e+01  0.000000e+00  3.654015e+01
     vertex  1.366649e+01  8.000000e+00  3.654015e+01
   endloop
 endfacet
 facet normal  2.577146e-01  0.000000e+00 -9.662211e-01
   outer loop
     vertex  1.370890e+01  8.000000e+00  3.655146e+01
     vertex  1.370890e+01  0.000000e+00  3.655146e+01
     vertex  1.366649e+01  0.000000e+00  3.654015e+01
   endloop
 endfacet
 facet normal  2.311102e-01  0.000000e+00 -9.729276e-01
   outer loop
     vertex  1.375161e+01  8.000000e+00  3.656161e+01
     vertex  1.370890e+01  0.000000e+00  3.655146e+01
     vertex  1.370890e+01  8.000000e+00  3.655146e+01
   endloop
 endfacet
 facet normal  2.311102e-01  0.000000e+00 -9.729276e-01
   outer loop
     vertex  1.375161e+01  8.000000e+00  3.656161e+01
     vertex  1.375161e+01  0.000000e+00  3.656161e+01
     vertex  1.370890e+01  0.000000e+00  3.655146e+01
   endloop
 endfacet
 facet normal  2.043319e-01  0.000000e+00 -9.789017e-01
   outer loop
     vertex  1.379459e+01  8.000000e+00  3.657058e+01
     vertex  1.375161e+01  0.000000e+00  3.656161e+01
     vertex  1.375161e+01  8.000000e+00  3.656161e+01
   endloop
 endfacet
 facet normal  2.043319e-01  0.000000e+00 -9.789017e-01
   outer loop
     vertex  1.379459e+01  8.000000e+00  3.657058e+01
     vertex  1.379459e+01  0.000000e+00  3.657058e+01
     vertex  1.375161e+01  0.000000e+00  3.656161e+01
   endloop
 endfacet
 facet normal  1.773998e-01  0.000000e+00 -9.841389e-01
   outer loop
     vertex  1.383779e+01  8.000000e+00  3.657837e+01
     vertex  1.379459e+01  0.000000e+00  3.657058e+01
     vertex  1.379459e+01  8.000000e+00  3.657058e+01
   endloop
 endfacet
 facet normal  1.773998e-01  0.000000e+00 -9.841389e-01
   outer loop
     vertex  1.383779e+01  8.000000e+00  3.657837e+01
     vertex  1.383779e+01  0.000000e+00  3.657837e+01
     vertex  1.379459e+01  0.000000e+00  3.657058e+01
   endloop
 endfacet
 facet normal  1.503341e-01  0.000000e+00 -9.886353e-01
   outer loop
     vertex  1.383779e+01  8.000000e+00  3.657837e+01
     vertex  1.388119e+01  0.000000e+00  3.658497e+01
     vertex  1.383779e+01  0.000000e+00  3.657837e+01
   endloop
 endfacet
 facet normal  1.503341e-01  0.000000e+00 -9.886353e-01
   outer loop
     vertex  1.388119e+01  8.000000e+00  3.658497e+01
     vertex  1.388119e+01  0.000000e+00  3.658497e+01
     vertex  1.383779e+01  8.000000e+00  3.657837e+01
   endloop
 endfacet
 facet normal  1.231552e-01  0.000000e+00 -9.923874e-01
   outer loop
     vertex  1.392475e+01  8.000000e+00  3.659037e+01
     vertex  1.392475e+01  0.000000e+00  3.659037e+01
     vertex  1.388119e+01  0.000000e+00  3.658497e+01
   endloop
 endfacet
 facet normal  1.231552e-01  0.000000e+00 -9.923874e-01
   outer loop
     vertex  1.392475e+01  8.000000e+00  3.659037e+01
     vertex  1.388119e+01  0.000000e+00  3.658497e+01
     vertex  1.388119e+01  8.000000e+00  3.658497e+01
   endloop
 endfacet
 facet normal  9.588368e-02  0.000000e+00 -9.953925e-01
   outer loop
     vertex  1.396845e+01  8.000000e+00  3.659458e+01
     vertex  1.396845e+01  0.000000e+00  3.659458e+01
     vertex  1.392475e+01  0.000000e+00  3.659037e+01
   endloop
 endfacet
 facet normal  9.588368e-02  0.000000e+00 -9.953925e-01
   outer loop
     vertex  1.396845e+01  8.000000e+00  3.659458e+01
     vertex  1.392475e+01  0.000000e+00  3.659037e+01
     vertex  1.392475e+01  8.000000e+00  3.659037e+01
   endloop
 endfacet
 facet normal  6.853995e-02  0.000000e+00 -9.976484e-01
   outer loop
     vertex  1.401224e+01  8.000000e+00  3.659759e+01
     vertex  1.401224e+01  0.000000e+00  3.659759e+01
     vertex  1.396845e+01  0.000000e+00  3.659458e+01
   endloop
 endfacet
 facet normal  6.853995e-02  0.000000e+00 -9.976484e-01
   outer loop
     vertex  1.401224e+01  8.000000e+00  3.659759e+01
     vertex  1.396845e+01  0.000000e+00  3.659458e+01
     vertex  1.396845e+01  8.000000e+00  3.659458e+01
   endloop
 endfacet
 facet normal  4.114462e-02  0.000000e+00 -9.991532e-01
   outer loop
     vertex  1.405611e+01  8.000000e+00  3.659940e+01
     vertex  1.405611e+01  0.000000e+00  3.659940e+01
     vertex  1.401224e+01  0.000000e+00  3.659759e+01
   endloop
 endfacet
 facet normal  4.114462e-02  0.000000e+00 -9.991532e-01
   outer loop
     vertex  1.405611e+01  8.000000e+00  3.659940e+01
     vertex  1.401224e+01  0.000000e+00  3.659759e+01
     vertex  1.401224e+01  8.000000e+00  3.659759e+01
   endloop
 endfacet
 facet normal  1.371831e-02  0.000000e+00 -9.999059e-01
   outer loop
     vertex  1.410000e+01  8.000000e+00  3.660000e+01
     vertex  1.410000e+01  0.000000e+00  3.660000e+01
     vertex  1.405611e+01  0.000000e+00  3.659940e+01
   endloop
 endfacet
 facet normal  1.371831e-02  0.000000e+00 -9.999059e-01
   outer loop
     vertex  1.410000e+01  8.000000e+00  3.660000e+01
     vertex  1.405611e+01  0.000000e+00  3.659940e+01
     vertex  1.405611e+01  8.000000e+00  3.659940e+01
   endloop
 endfacet
 facet normal  1.000000e+00  0.000000e+00  0.000000e+00
   outer loop
     vertex  1.160000e+01  2.000000e+00  1.475000e+02
     vertex  1.160000e+01  0.000000e+00  4.000000e+01
     vertex  1.160000e+01  2.000000e+00  4.000000e+01
   endloop
 endfacet
 facet normal  1.000000e+00 -0.000000e+00  0.000000e+00
   outer loop
     vertex  1.160000e+01  0.000000e+00  1.475000e+02
     vertex  1.160000e+01  0.000000e+00  4.000000e+01
     vertex  1.160000e+01  2.000000e+00  1.475000e+02
   endloop
 endfacet
 facet normal -0.000000e+00  0.000000e+00 -1.000000e+00
   outer loop
     vertex  1.660000e+01  2.000000e+00  1.475000e+02
     vertex  1.160000e+01  0.000000e+00  1.475000e+02
     vertex  1.160000e+01  2.000000e+00  1.475000e+02
   endloop
 endfacet
 facet normal  0.000000e+00 -0.000000e+00 -1.000000e+00
   outer loop
     vertex  1.660000e+01  2.000000e+00  1.475000e+02
     vertex  1.660000e+01  0.000000e+00  1.475000e+02
     vertex  1.160000e+01  0.000000e+00  1.475000e+02
   endloop
 endfacet
 facet normal -1.000000e+00  0.000000e+00 -0.000000e+00
   outer loop
     vertex  1.660000e+01  2.000000e+00  1.475000e+02
     vertex  1.660000e+01  2.000000e+00  4.000000e+01
     vertex  1.660000e+01  0.000000e+00  4.000000e+01
   endloop
 endfacet
 facet normal -1.000000e+00  0.000000e+00  0.000000e+00
   outer loop
     vertex  1.660000e+01  0.000000e+00  1.475000e+02
     vertex  1.660000e+01  2.000000e+00  1.475000e+02
     vertex  1.660000e+01  0.000000e+00  4.000000e+01
   endloop
 endfacet
 facet normal  0.000000e+00  0.000000e+00  1.000000e+00
   outer loop
     vertex  1.660000e+01  2.000000e+00  4.000000e+01
     vertex  1.160000e+01  2.000000e+00  4.000000e+01
     vertex  1.160000e+01  0.000000e+00  4.000000e+01
   endloop
 endfacet
 facet normal  0.000000e+00  0.000000e+00  1.000000e+00
   outer loop
     vertex  1.660000e+01  2.000000e+00  4.000000e+01
     vertex  1.160000e+01  0.000000e+00  4.000000e+01
     vertex  1.660000e+01  0.000000e+00  4.000000e+01
   endloop
 endfacet
 facet normal  0.000000e+00 -1.000000e+00 -0.000000e+00
   outer loop
     vertex  1.660000e+01  2.000000e+00  1.475000e+02
     vertex  1.160000e+01  2.000000e+00  4.000000e+01
     vertex  1.660000e+01  2.000000e+00  4.000000e+01
   endloop
 endfacet
 facet normal -0.000000e+00 -1.000000e+00  0.000000e+00
   outer loop
     vertex  1.660000e+01  2.000000e+00  1.475000e+02
     vertex  1.160000e+01  2.000000e+00  1.475000e+02
     vertex  1.160000e+01  2.000000e+00  4.000000e+01
   endloop
 endfacet
endsolid
